video,video_path,frame_id,expected_ball,confidence,x1,y1,x2,y2
normal,C:\Users\Light\Videos\正常往返.mp4,0,True,0.10030350089073181,400.65087890625,35.31824493408203,428.315185546875,58.002830505371094
normal,C:\Users\Light\Videos\正常往返.mp4,1,True,0.14428871870040894,399.93341064453125,35.6730842590332,427.8858337402344,58.263404846191406
normal,C:\Users\Light\Videos\正常往返.mp4,2,True,0.11738443374633789,399.807373046875,36.79725646972656,425.8471984863281,57.561954498291016
normal,C:\Users\Light\Videos\正常往返.mp4,3,True,0.19307997822761536,399.3310852050781,35.91698455810547,427.68646240234375,58.55316162109375
normal,C:\Users\Light\Videos\正常往返.mp4,4,True,0.14732880890369415,397.5889892578125,38.92559814453125,424.1260070800781,59.489845275878906
normal,C:\Users\Light\Videos\正常往返.mp4,5,True,0.09246955066919327,398.9202880859375,36.30889129638672,425.2705383300781,56.89595413208008
normal,C:\Users\Light\Videos\正常往返.mp4,6,True,0.10217348486185074,399.5664367675781,35.45295715332031,425.71697998046875,56.080047607421875
normal,C:\Users\Light\Videos\正常往返.mp4,7,True,0.17591258883476257,397.75628662109375,40.215614318847656,423.9495849609375,61.188602447509766
normal,C:\Users\Light\Videos\正常往返.mp4,8,True,0.11088200658559799,399.6715393066406,36.2537841796875,425.7572937011719,56.95241165161133
normal,C:\Users\Light\Videos\正常往返.mp4,9,True,0.08642932027578354,398.7853088378906,35.4875373840332,425.24371337890625,56.04035949707031
normal,C:\Users\Light\Videos\正常往返.mp4,10,True,0.11727694422006607,399.96051025390625,36.379913330078125,425.9761657714844,57.14815139770508
normal,C:\Users\Light\Videos\正常往返.mp4,11,True,0.11635403335094452,399.9983825683594,35.823707580566406,427.7288513183594,58.50080871582031
normal,C:\Users\Light\Videos\正常往返.mp4,12,True,0.10686172544956207,399.6856384277344,35.90494918823242,425.7750244140625,56.52737808227539
normal,C:\Users\Light\Videos\正常往返.mp4,13,True,0.12366287410259247,400.2472839355469,35.39590072631836,427.83673095703125,58.06282424926758
normal,C:\Users\Light\Videos\正常往返.mp4,14,True,0.12413501739501953,400.244873046875,35.30744171142578,427.98663330078125,57.8363151550293
normal,C:\Users\Light\Videos\正常往返.mp4,15,True,0.17413096129894257,293.4963684082031,4.785842418670654,321.53570556640625,23.9101505279541
normal,C:\Users\Light\Videos\正常往返.mp4,16,True,0.17376327514648438,293.49298095703125,4.784844875335693,321.5378723144531,23.913198471069336
normal,C:\Users\Light\Videos\正常往返.mp4,17,True,0.10006435215473175,399.4964599609375,35.7121467590332,425.6689758300781,56.309383392333984
normal,C:\Users\Light\Videos\正常往返.mp4,18,True,0.17088942229747772,399.8035888671875,35.84392547607422,427.8067626953125,58.30027389526367
normal,C:\Users\Light\Videos\正常往返.mp4,19,True,0.12014541029930115,397.2330017089844,39.56980895996094,423.8578796386719,59.801429748535156
normal,C:\Users\Light\Videos\正常往返.mp4,20,True,0.15434375405311584,397.8896789550781,38.91472625732422,424.33209228515625,59.51738739013672
normal,C:\Users\Light\Videos\正常往返.mp4,21,True,0.09976422041654587,399.45513916015625,35.503204345703125,425.6683654785156,56.13092041015625
normal,C:\Users\Light\Videos\正常往返.mp4,22,True,0.10661464184522629,399.36724853515625,36.58269119262695,425.5052490234375,57.26061248779297
normal,C:\Users\Light\Videos\正常往返.mp4,23,True,0.11861083656549454,399.880859375,36.791656494140625,425.8974914550781,57.570247650146484
normal,C:\Users\Light\Videos\正常往返.mp4,24,True,0.13216756284236908,399.87750244140625,35.81019592285156,427.6444396972656,58.487518310546875
normal,C:\Users\Light\Videos\正常往返.mp4,25,True,0.12225276976823807,293.2912902832031,5.066488265991211,321.1742858886719,23.88211441040039
normal,C:\Users\Light\Videos\正常往返.mp4,26,True,0.10718119889497757,399.6769714355469,35.99439239501953,425.7890625,56.64707946777344
normal,C:\Users\Light\Videos\正常往返.mp4,27,True,0.17743919789791107,399.5594787597656,36.025814056396484,427.546875,58.57566452026367
normal,C:\Users\Light\Videos\正常往返.mp4,28,True,0.15033258497714996,397.5481262207031,40.10544204711914,423.8649597167969,60.61079406738281
normal,C:\Users\Light\Videos\正常往返.mp4,29,True,0.13838016986846924,397.6186218261719,39.2351188659668,424.149169921875,59.69295883178711
normal,C:\Users\Light\Videos\正常往返.mp4,30,True,0.11837472766637802,399.9916687011719,36.74669647216797,426.0186767578125,57.52842712402344
normal,C:\Users\Light\Videos\正常往返.mp4,31,True,0.12634126842021942,397.43194580078125,40.07747268676758,423.8887939453125,60.30420684814453
normal,C:\Users\Light\Videos\正常往返.mp4,32,True,0.13155432045459747,397.42755126953125,39.90705490112305,423.872314453125,60.174041748046875
normal,C:\Users\Light\Videos\正常往返.mp4,33,True,0.11291463673114777,399.76458740234375,36.35481262207031,425.85400390625,57.110679626464844
normal,C:\Users\Light\Videos\正常往返.mp4,34,True,0.11004319041967392,399.8365783691406,35.72803497314453,425.9244689941406,56.437644958496094
normal,C:\Users\Light\Videos\正常往返.mp4,35,True,0.08725415915250778,398.6390075683594,35.93500518798828,425.1084289550781,56.516868591308594
normal,C:\Users\Light\Videos\正常往返.mp4,36,True,0.1020960584282875,399.3179016113281,36.35683059692383,425.49139404296875,56.98553466796875
normal,C:\Users\Light\Videos\正常往返.mp4,37,True,0.10512574017047882,399.3997802734375,36.442665100097656,425.5592041015625,57.10830307006836
normal,C:\Users\Light\Videos\正常往返.mp4,38,True,0.10533003509044647,399.4113464355469,36.42798614501953,425.56549072265625,57.090084075927734
normal,C:\Users\Light\Videos\正常往返.mp4,39,True,0.11492536962032318,399.91436767578125,36.15214920043945,425.94781494140625,56.88820266723633
normal,C:\Users\Light\Videos\正常往返.mp4,40,True,0.10262206196784973,399.46917724609375,36.258399963378906,425.62060546875,56.88777542114258
normal,C:\Users\Light\Videos\正常往返.mp4,41,True,0.14442415535449982,293.2084045410156,4.951338768005371,321.3518981933594,23.956789016723633
normal,C:\Users\Light\Videos\正常往返.mp4,42,True,0.15145331621170044,397.609130859375,40.07668685913086,423.9054260253906,60.55501174926758
normal,C:\Users\Light\Videos\正常往返.mp4,43,True,0.12251825630664825,397.4277648925781,39.36396408081055,424.0586242675781,59.66720962524414
normal,C:\Users\Light\Videos\正常往返.mp4,44,True,0.114845409989357,399.82012939453125,36.7257194519043,425.86285400390625,57.44075393676758
normal,C:\Users\Light\Videos\正常往返.mp4,45,True,0.12931838631629944,397.5978698730469,39.236351013183594,424.1507568359375,59.55667495727539
normal,C:\Users\Light\Videos\正常往返.mp4,46,True,0.1063050627708435,399.3216247558594,36.37478256225586,425.47601318359375,57.05139923095703
normal,C:\Users\Light\Videos\正常往返.mp4,47,True,0.11973168700933456,397.3785095214844,40.816688537597656,423.7869567871094,60.95731735229492
normal,C:\Users\Light\Videos\正常往返.mp4,48,True,0.10746658593416214,399.5950927734375,36.43701934814453,425.7193603515625,57.114131927490234
normal,C:\Users\Light\Videos\正常往返.mp4,49,True,0.1508943736553192,397.47412109375,40.1507568359375,423.7958068847656,60.667808532714844
normal,C:\Users\Light\Videos\正常往返.mp4,50,True,0.10413919389247894,398.9103698730469,37.027042388916016,425.126708984375,57.736515045166016
normal,C:\Users\Light\Videos\正常往返.mp4,51,True,0.11374477297067642,399.796875,36.42319107055664,425.85455322265625,57.1458854675293
normal,C:\Users\Light\Videos\正常往返.mp4,52,True,0.11436515301465988,399.8358154296875,36.63163757324219,425.89483642578125,57.34685134887695
normal,C:\Users\Light\Videos\正常往返.mp4,53,True,0.13552206754684448,397.46783447265625,39.28599166870117,423.98486328125,59.62339401245117
normal,C:\Users\Light\Videos\正常往返.mp4,54,True,0.1147565171122551,399.80377197265625,36.57487106323242,425.8756103515625,57.326297760009766
normal,C:\Users\Light\Videos\正常往返.mp4,55,True,0.10348787158727646,399.3834228515625,36.29909896850586,425.5525207519531,56.949363708496094
normal,C:\Users\Light\Videos\正常往返.mp4,56,True,0.1102820485830307,399.3452453613281,36.929664611816406,425.4523010253906,57.63649368286133
normal,C:\Users\Light\Videos\正常往返.mp4,57,True,0.11774202436208725,399.9511413574219,36.717071533203125,425.970458984375,57.474369049072266
normal,C:\Users\Light\Videos\正常往返.mp4,58,True,0.08982978016138077,398.8742980957031,35.857505798339844,425.28302001953125,56.44340515136719
normal,C:\Users\Light\Videos\正常往返.mp4,59,True,0.09753672778606415,398.9976806640625,36.32184600830078,425.29229736328125,57.01087951660156
normal,C:\Users\Light\Videos\正常往返.mp4,60,True,0.09710629284381866,398.9732971191406,36.3156623840332,425.2767028808594,57.00290298461914
normal,C:\Users\Light\Videos\正常往返.mp4,61,True,0.12519824504852295,397.2951965332031,39.138614654541016,423.9845886230469,59.52052688598633
normal,C:\Users\Light\Videos\正常往返.mp4,62,True,0.10350069403648376,399.2395935058594,36.77177810668945,425.4252014160156,57.44687271118164
normal,C:\Users\Light\Videos\正常往返.mp4,63,True,0.1325126588344574,399.5638732910156,35.91823959350586,427.5809326171875,58.73411178588867
normal,C:\Users\Light\Videos\正常往返.mp4,64,True,0.11538473516702652,399.8080749511719,36.394256591796875,425.86395263671875,57.178226470947266
normal,C:\Users\Light\Videos\正常往返.mp4,65,True,0.11144765466451645,399.3707580566406,36.98501968383789,425.4927978515625,57.74666976928711
normal,C:\Users\Light\Videos\正常往返.mp4,66,True,0.10948287695646286,399.7333984375,36.31588363647461,425.8448791503906,57.02809143066406
normal,C:\Users\Light\Videos\正常往返.mp4,67,True,0.1128254234790802,399.70068359375,36.86812210083008,425.8236999511719,57.663612365722656
normal,C:\Users\Light\Videos\正常往返.mp4,68,True,0.1509416401386261,397.4632263183594,39.46483612060547,423.8726806640625,59.9476432800293
normal,C:\Users\Light\Videos\正常往返.mp4,69,True,0.14765934646129608,397.3575439453125,40.40407180786133,423.6580505371094,60.83067321777344
normal,C:\Users\Light\Videos\正常往返.mp4,70,True,0.14871151745319366,397.2559509277344,39.706092834472656,423.7723388671875,60.23161697387695
normal,C:\Users\Light\Videos\正常往返.mp4,71,True,0.15805843472480774,397.3160705566406,40.388004302978516,423.71710205078125,61.03871536254883
normal,C:\Users\Light\Videos\正常往返.mp4,72,True,0.2924289107322693,373.6261901855469,87.33702087402344,401.0577392578125,106.62928771972656
normal,C:\Users\Light\Videos\正常往返.mp4,73,True,0.3180451989173889,372.3011779785156,85.90235900878906,400.3673400878906,105.68852996826172
normal,C:\Users\Light\Videos\正常往返.mp4,74,True,0.6104578971862793,371.3096008300781,84.7260971069336,400.03594970703125,104.73037719726562
normal,C:\Users\Light\Videos\正常往返.mp4,75,True,0.227253720164299,371.0663146972656,85.1285629272461,399.694580078125,103.06565856933594
normal,C:\Users\Light\Videos\正常往返.mp4,76,True,0.10959213972091675,399.5112609863281,36.80088806152344,425.66943359375,57.584590911865234
normal,C:\Users\Light\Videos\正常往返.mp4,77,True,0.11258372664451599,399.66986083984375,36.9240608215332,425.7944030761719,57.71565246582031
normal,C:\Users\Light\Videos\正常往返.mp4,78,True,0.11985544115304947,399.9459228515625,36.53468704223633,425.9803771972656,57.40354919433594
normal,C:\Users\Light\Videos\正常往返.mp4,79,True,0.0963066890835762,399.2569274902344,35.938209533691406,425.54571533203125,56.57045364379883
normal,C:\Users\Light\Videos\正常往返.mp4,80,True,0.11920017749071121,397.0125732421875,39.901004791259766,423.64935302734375,60.026485443115234
normal,C:\Users\Light\Videos\正常往返.mp4,81,True,0.1832500845193863,397.87457275390625,40.009273529052734,424.0744934082031,60.96231460571289
normal,C:\Users\Light\Videos\正常往返.mp4,82,True,0.11270736902952194,399.5218811035156,36.698089599609375,425.6249084472656,57.449920654296875
normal,C:\Users\Light\Videos\正常往返.mp4,83,True,0.1615951955318451,399.80914306640625,35.597129821777344,427.94140625,58.441734313964844
normal,C:\Users\Light\Videos\正常往返.mp4,84,True,0.1251235157251358,399.9372253417969,35.56884765625,427.7367858886719,58.216365814208984
normal,C:\Users\Light\Videos\正常往返.mp4,85,True,0.11748036742210388,399.58489990234375,36.779239654541016,425.6405334472656,57.51542663574219
normal,C:\Users\Light\Videos\正常往返.mp4,86,True,0.13215689361095428,396.30792236328125,40.35319900512695,422.84698486328125,60.444122314453125
normal,C:\Users\Light\Videos\正常往返.mp4,87,True,0.16704493761062622,397.1979064941406,39.872474670410156,423.4677734375,60.368682861328125
normal,C:\Users\Light\Videos\正常往返.mp4,88,True,0.10320346802473068,399.4171447753906,36.02001190185547,425.5856018066406,56.65229797363281
normal,C:\Users\Light\Videos\正常往返.mp4,89,True,0.18190328776836395,397.3830871582031,39.545562744140625,423.69561767578125,60.379150390625
normal,C:\Users\Light\Videos\正常往返.mp4,90,True,0.11530827730894089,399.4495849609375,36.79026412963867,425.5370178222656,57.56141662597656
normal,C:\Users\Light\Videos\正常往返.mp4,91,True,0.09245471656322479,399.2357482910156,35.40842819213867,425.5613708496094,55.97007751464844
normal,C:\Users\Light\Videos\正常往返.mp4,92,True,0.10373277962207794,399.5177307128906,35.9440803527832,425.68548583984375,56.59062194824219
normal,C:\Users\Light\Videos\正常往返.mp4,93,True,0.09548074752092361,399.35528564453125,35.104888916015625,425.6161804199219,55.67294692993164
normal,C:\Users\Light\Videos\正常往返.mp4,94,True,0.0999872237443924,399.3898010253906,35.77671432495117,425.62298583984375,56.42146301269531
normal,C:\Users\Light\Videos\正常往返.mp4,95,True,0.08978772163391113,398.6092529296875,36.14591598510742,425.0834045410156,56.709808349609375
normal,C:\Users\Light\Videos\正常往返.mp4,96,True,0.1602715402841568,400.0343017578125,35.3427619934082,428.1224365234375,58.14698028564453
normal,C:\Users\Light\Videos\正常往返.mp4,97,True,0.10440933704376221,399.2806396484375,36.74506378173828,425.47735595703125,57.450233459472656
normal,C:\Users\Light\Videos\正常往返.mp4,98,True,0.11146418750286102,399.76849365234375,36.24557876586914,425.8520812988281,56.96590042114258
normal,C:\Users\Light\Videos\正常往返.mp4,99,True,0.11416520923376083,399.8115234375,36.62303161621094,425.850830078125,57.314308166503906
normal,C:\Users\Light\Videos\正常往返.mp4,100,True,0.09951180964708328,399.3015441894531,36.02951431274414,425.5216369628906,56.611106872558594
normal,C:\Users\Light\Videos\正常往返.mp4,101,True,0.2193411886692047,399.7014465332031,35.67978286743164,427.8046569824219,58.29749298095703
normal,C:\Users\Light\Videos\正常往返.mp4,102,True,0.1692960262298584,398.1080017089844,39.625457763671875,424.351318359375,60.28782272338867
normal,C:\Users\Light\Videos\正常往返.mp4,103,True,0.16692565381526947,397.4412536621094,39.16972351074219,423.8079528808594,59.727787017822266
normal,C:\Users\Light\Videos\正常往返.mp4,104,True,0.16854016482830048,397.2301940917969,38.9413948059082,423.6551513671875,59.5449104309082
normal,C:\Users\Light\Videos\正常往返.mp4,105,True,0.1684880405664444,397.2269287109375,38.937339782714844,423.6532287597656,59.54107666015625
normal,C:\Users\Light\Videos\正常往返.mp4,106,True,0.1690920889377594,399.4093933105469,36.27583694458008,427.64337158203125,59.1640510559082
normal,C:\Users\Light\Videos\正常往返.mp4,107,True,0.10051582008600235,400.25616455078125,35.362327575683594,428.02471923828125,58.47877883911133
normal,C:\Users\Light\Videos\正常往返.mp4,108,True,0.08094428479671478,398.4036865234375,35.769901275634766,425.0795593261719,56.25387191772461
normal,C:\Users\Light\Videos\正常往返.mp4,109,True,0.08146452903747559,398.4886474609375,35.25172805786133,425.1354675292969,55.759273529052734
normal,C:\Users\Light\Videos\正常往返.mp4,110,True,0.1372399479150772,399.77423095703125,35.735252380371094,427.80975341796875,58.755828857421875
normal,C:\Users\Light\Videos\正常往返.mp4,111,True,0.17560768127441406,397.8524169921875,39.457664489746094,424.135986328125,60.28067398071289
normal,C:\Users\Light\Videos\正常往返.mp4,112,True,0.10878154635429382,399.66845703125,35.820438385009766,425.7568664550781,56.482669830322266
normal,C:\Users\Light\Videos\正常往返.mp4,113,True,0.12231898307800293,396.523193359375,39.70488357543945,423.1982727050781,59.8194694519043
normal,C:\Users\Light\Videos\正常往返.mp4,114,True,0.1617118865251541,399.5599365234375,35.84278106689453,427.7156677246094,58.59580993652344
normal,C:\Users\Light\Videos\正常往返.mp4,115,True,0.10853659361600876,396.5565185546875,41.36419677734375,423.1145935058594,61.18443298339844
normal,C:\Users\Light\Videos\正常往返.mp4,116,True,0.19715112447738647,397.6225280761719,39.54582977294922,423.7668762207031,60.493404388427734
normal,C:\Users\Light\Videos\正常往返.mp4,117,True,0.16027317941188812,397.5475769042969,40.933048248291016,423.6618347167969,61.406036376953125
normal,C:\Users\Light\Videos\正常往返.mp4,118,True,0.13087840378284454,396.7553405761719,39.681396484375,423.2829284667969,59.81866455078125
normal,C:\Users\Light\Videos\正常往返.mp4,119,True,0.16362780332565308,397.3541259765625,40.01945114135742,423.605712890625,60.54022216796875
normal,C:\Users\Light\Videos\正常往返.mp4,120,True,0.16553783416748047,397.6070251464844,40.51861572265625,423.775390625,61.11957550048828
normal,C:\Users\Light\Videos\正常往返.mp4,121,True,0.17077642679214478,397.3902893066406,39.109371185302734,423.7711486816406,59.771331787109375
normal,C:\Users\Light\Videos\正常往返.mp4,122,True,0.11831328272819519,396.3169860839844,41.11964416503906,422.79840087890625,61.05610656738281
normal,C:\Users\Light\Videos\正常往返.mp4,123,True,0.12364623695611954,396.67999267578125,40.837890625,423.1235046386719,60.85023498535156
normal,C:\Users\Light\Videos\正常往返.mp4,124,True,0.09902770817279816,399.0404052734375,36.3192024230957,425.3030090332031,56.95359802246094
normal,C:\Users\Light\Videos\正常往返.mp4,125,True,0.11395666748285294,399.5431213378906,36.58466339111328,425.63165283203125,57.35074996948242
normal,C:\Users\Light\Videos\正常往返.mp4,126,True,0.12484657764434814,396.95574951171875,39.09312057495117,423.6549987792969,59.316402435302734
normal,C:\Users\Light\Videos\正常往返.mp4,127,True,0.12754105031490326,396.9432373046875,39.09327697753906,423.6206359863281,59.34703826904297
normal,C:\Users\Light\Videos\正常往返.mp4,128,True,0.14833751320838928,397.1171875,39.163177490234375,423.65374755859375,59.63132858276367
normal,C:\Users\Light\Videos\正常往返.mp4,129,True,0.09667101502418518,399.2564392089844,35.73213577270508,425.50982666015625,56.320186614990234
normal,C:\Users\Light\Videos\正常往返.mp4,130,True,0.10850905627012253,399.5238952636719,36.369873046875,425.6506042480469,57.063255310058594
normal,C:\Users\Light\Videos\正常往返.mp4,131,True,0.10417667776346207,399.2801513671875,36.43663787841797,425.46405029296875,57.12535858154297
normal,C:\Users\Light\Videos\正常往返.mp4,132,True,0.17569579184055328,397.43328857421875,40.081260681152344,423.6522216796875,60.89629364013672
normal,C:\Users\Light\Videos\正常往返.mp4,133,True,0.10792338848114014,399.4022216796875,36.5842170715332,425.5299987792969,57.26957702636719
normal,C:\Users\Light\Videos\正常往返.mp4,134,True,0.08238373696804047,398.5984802246094,35.32761001586914,425.19342041015625,55.834129333496094
normal,C:\Users\Light\Videos\正常往返.mp4,135,True,0.18567244708538055,397.774658203125,39.55470657348633,424.0019226074219,60.46417999267578
normal,C:\Users\Light\Videos\正常往返.mp4,136,True,0.13686136901378632,397.0067138671875,39.505401611328125,423.5359191894531,59.78004837036133
normal,C:\Users\Light\Videos\正常往返.mp4,137,True,0.20783080160617828,399.3443908691406,35.973976135253906,427.6017761230469,58.58935546875
normal,C:\Users\Light\Videos\正常往返.mp4,138,True,0.12718088924884796,399.7026062011719,35.69675064086914,427.7781066894531,58.4663200378418
normal,C:\Users\Light\Videos\正常往返.mp4,139,True,0.2013416886329651,399.2535705566406,35.726016998291016,427.58428955078125,58.36309051513672
normal,C:\Users\Light\Videos\正常往返.mp4,140,True,0.11150696873664856,399.33148193359375,36.87982177734375,425.45269775390625,57.62560272216797
normal,C:\Users\Light\Videos\正常往返.mp4,141,True,0.16553427278995514,397.4744873046875,39.163536071777344,423.9075012207031,59.8858757019043
normal,C:\Users\Light\Videos\正常往返.mp4,142,True,0.11375685036182404,399.7387390136719,36.53927993774414,425.80914306640625,57.27130126953125
normal,C:\Users\Light\Videos\正常往返.mp4,143,True,0.19114992022514343,399.440673828125,35.87718200683594,427.6983337402344,58.5444221496582
normal,C:\Users\Light\Videos\正常往返.mp4,144,True,0.11032508313655853,400.34490966796875,35.44439697265625,428.2105712890625,58.237186431884766
normal,C:\Users\Light\Videos\正常往返.mp4,145,True,0.20555390417575836,399.3612976074219,35.73184585571289,427.4863586425781,58.40692901611328
normal,C:\Users\Light\Videos\正常往返.mp4,146,True,0.14703191816806793,399.5115661621094,35.83930587768555,427.70916748046875,58.59700012207031
normal,C:\Users\Light\Videos\正常往返.mp4,147,True,0.15512816607952118,397.03912353515625,39.60114288330078,423.474365234375,60.12921905517578
normal,C:\Users\Light\Videos\正常往返.mp4,148,True,0.15749351680278778,397.0591125488281,39.66362380981445,423.4652404785156,60.220970153808594
normal,C:\Users\Light\Videos\正常往返.mp4,149,True,0.12456705421209335,400.03497314453125,35.63529586791992,428.0239562988281,58.47474670410156
normal,C:\Users\Light\Videos\正常往返.mp4,150,True,0.10117492079734802,399.3350524902344,35.75412368774414,425.5106201171875,56.36274337768555
normal,C:\Users\Light\Videos\正常往返.mp4,151,True,0.16526809334754944,397.36798095703125,39.61579895019531,423.6732482910156,60.187442779541016
normal,C:\Users\Light\Videos\正常往返.mp4,152,True,0.1970362663269043,397.82171630859375,39.61855697631836,423.9306640625,60.59306716918945
normal,C:\Users\Light\Videos\正常往返.mp4,153,True,0.1413329690694809,399.7729797363281,35.90822219848633,428.0162048339844,58.64928436279297
normal,C:\Users\Light\Videos\正常往返.mp4,154,True,0.18800534307956696,399.9036865234375,35.2763557434082,427.9664611816406,57.817867279052734
normal,C:\Users\Light\Videos\正常往返.mp4,155,True,0.1635364145040512,399.59423828125,35.9716911315918,427.8716125488281,58.67461013793945
normal,C:\Users\Light\Videos\正常往返.mp4,156,True,0.16675429046154022,399.8484191894531,35.6297607421875,427.9451599121094,58.33837127685547
normal,C:\Users\Light\Videos\正常往返.mp4,157,True,0.13620255887508392,399.6456298828125,35.70607376098633,427.7481384277344,58.66447830200195
normal,C:\Users\Light\Videos\正常往返.mp4,158,True,0.11437972635030746,399.7008056640625,36.46283721923828,425.7701416015625,57.22995376586914
normal,C:\Users\Light\Videos\正常往返.mp4,159,True,0.10189826786518097,399.5190124511719,35.58538818359375,425.7088317871094,56.245243072509766
normal,C:\Users\Light\Videos\正常往返.mp4,160,True,0.10317351669073105,399.5554504394531,35.62216567993164,425.7317199707031,56.2943000793457
normal,C:\Users\Light\Videos\正常往返.mp4,161,True,0.11283694952726364,399.7965087890625,35.936058044433594,425.88232421875,56.733741760253906
normal,C:\Users\Light\Videos\正常往返.mp4,162,True,0.12187553942203522,293.35028076171875,4.868730545043945,321.15911865234375,23.614971160888672
normal,C:\Users\Light\Videos\正常往返.mp4,163,True,0.11979944258928299,293.3488464355469,4.8711957931518555,321.1591796875,23.611474990844727
normal,C:\Users\Light\Videos\正常往返.mp4,164,True,0.1118268072605133,399.82763671875,35.968238830566406,425.8684387207031,56.67336654663086
normal,C:\Users\Light\Videos\正常往返.mp4,165,True,0.4465554654598236,378.7306213378906,83.82296752929688,407.4502258300781,104.53221893310547
normal,C:\Users\Light\Videos\正常往返.mp4,166,True,0.4557152986526489,378.7425842285156,83.80941009521484,407.41448974609375,104.50830078125
normal,C:\Users\Light\Videos\正常往返.mp4,167,True,0.3655069172382355,380.02642822265625,84.17455291748047,407.80682373046875,104.99976348876953
normal,C:\Users\Light\Videos\正常往返.mp4,168,True,0.5242036581039429,382.5270080566406,85.31087493896484,410.9936218261719,105.28467559814453
normal,C:\Users\Light\Videos\正常往返.mp4,169,True,0.5245188474655151,382.5272216796875,85.3066635131836,410.9990539550781,105.29193878173828
normal,C:\Users\Light\Videos\正常往返.mp4,170,True,0.46638190746307373,384.224609375,85.90950775146484,412.0398864746094,104.8396987915039
normal,C:\Users\Light\Videos\正常往返.mp4,171,True,0.46502748131752014,384.225341796875,85.91683197021484,412.0447998046875,104.83761596679688
normal,C:\Users\Light\Videos\正常往返.mp4,172,True,0.2577459514141083,293.76019287109375,4.593496799468994,321.1857604980469,23.300113677978516
normal,C:\Users\Light\Videos\正常往返.mp4,173,True,0.5552348494529724,388.1955871582031,84.26751708984375,413.7395935058594,104.99290466308594
normal,C:\Users\Light\Videos\正常往返.mp4,174,True,0.5552967190742493,388.19384765625,84.26500701904297,413.7400817871094,104.99312591552734
normal,C:\Users\Light\Videos\正常往返.mp4,175,True,0.5456215143203735,388.7004699707031,85.11224365234375,417.6448974609375,104.27381134033203
normal,C:\Users\Light\Videos\正常往返.mp4,176,True,0.5222350358963013,388.4918212890625,84.84906768798828,417.68743896484375,104.2736587524414
normal,C:\Users\Light\Videos\正常往返.mp4,177,True,0.5236756205558777,388.49517822265625,84.84571075439453,417.6900939941406,104.27643585205078
normal,C:\Users\Light\Videos\正常往返.mp4,178,True,0.2290080189704895,387.0262145996094,82.48249816894531,413.2854919433594,102.66647338867188
normal,C:\Users\Light\Videos\正常往返.mp4,179,True,0.24286805093288422,384.5908508300781,83.38365936279297,413.40496826171875,103.55619812011719
normal,C:\Users\Light\Videos\正常往返.mp4,180,True,0.1636900156736374,293.8193359375,4.736021995544434,321.27191162109375,23.460914611816406
normal,C:\Users\Light\Videos\正常往返.mp4,181,True,0.16448025405406952,293.82196044921875,4.733242988586426,321.2777404785156,23.465621948242188
normal,C:\Users\Light\Videos\正常往返.mp4,182,True,0.2632463872432709,293.8972473144531,4.548517227172852,321.2179870605469,23.063785552978516
normal,C:\Users\Light\Videos\正常往返.mp4,183,True,0.25632068514823914,294.05804443359375,4.508983612060547,321.44561767578125,23.132858276367188
normal,C:\Users\Light\Videos\正常往返.mp4,184,True,0.2543034255504608,294.0631103515625,4.509577751159668,321.4470520019531,23.139312744140625
normal,C:\Users\Light\Videos\正常往返.mp4,185,True,0.3096886873245239,293.91424560546875,4.723505020141602,321.4429016113281,23.58583641052246
normal,C:\Users\Light\Videos\正常往返.mp4,186,True,0.17503422498703003,293.9184875488281,4.517230987548828,321.1434326171875,23.089649200439453
normal,C:\Users\Light\Videos\正常往返.mp4,187,True,0.17440739274024963,293.9216003417969,4.516480445861816,321.1443786621094,23.08610725402832
normal,C:\Users\Light\Videos\正常往返.mp4,188,True,0.13602320849895477,293.58209228515625,4.841948986053467,321.0473937988281,23.559188842773438
normal,C:\Users\Light\Videos\正常往返.mp4,189,True,0.17822562158107758,293.7500915527344,4.724861145019531,320.990478515625,23.40627670288086
normal,C:\Users\Light\Videos\正常往返.mp4,190,True,0.17839868366718292,293.7507629394531,4.723818778991699,320.9945983886719,23.408876419067383
normal,C:\Users\Light\Videos\正常往返.mp4,191,True,0.11672861129045486,293.212890625,4.936323165893555,321.0561828613281,23.62805938720703
normal,C:\Users\Light\Videos\正常往返.mp4,192,True,0.2202020138502121,293.80657958984375,4.4817986488342285,321.2063293457031,23.231266021728516
normal,C:\Users\Light\Videos\正常往返.mp4,193,True,0.2198159247636795,293.8018798828125,4.4814066886901855,321.2016906738281,23.226022720336914
normal,C:\Users\Light\Videos\正常往返.mp4,194,True,0.10077495872974396,399.27191162109375,36.55546188354492,425.42657470703125,57.06480407714844
normal,C:\Users\Light\Videos\正常往返.mp4,195,True,0.09695502370595932,399.1331787109375,36.41796875,425.3409118652344,56.88064956665039
normal,C:\Users\Light\Videos\正常往返.mp4,196,True,0.1929062306880951,293.50396728515625,4.66422700881958,320.85943603515625,23.400157928466797
normal,C:\Users\Light\Videos\正常往返.mp4,197,True,0.08365284651517868,398.70343017578125,35.614139556884766,425.2440185546875,56.05400466918945
normal,C:\Users\Light\Videos\正常往返.mp4,198,True,0.08257938921451569,398.65924072265625,35.581241607666016,425.2311096191406,56.01402282714844
normal,C:\Users\Light\Videos\正常往返.mp4,199,True,0.17792485654354095,293.805419921875,4.7914228439331055,321.15911865234375,23.51580047607422
normal,C:\Users\Light\Videos\正常往返.mp4,200,True,0.18398411571979523,293.9099426269531,4.8650665283203125,321.37030029296875,23.79831886291504
normal,C:\Users\Light\Videos\正常往返.mp4,201,True,0.1814030259847641,293.905517578125,4.872764587402344,321.37890625,23.809097290039062
normal,C:\Users\Light\Videos\正常往返.mp4,202,True,0.18860919773578644,293.8037109375,4.715851783752441,321.08258056640625,23.430883407592773
normal,C:\Users\Light\Videos\正常往返.mp4,203,True,0.24784228205680847,293.5306701660156,4.596768856048584,321.0086364746094,23.245878219604492
normal,C:\Users\Light\Videos\正常往返.mp4,204,True,0.18794141709804535,293.86322021484375,4.84168004989624,321.2271728515625,23.498992919921875
normal,C:\Users\Light\Videos\正常往返.mp4,205,True,0.18623001873493195,293.87445068359375,4.838071823120117,321.2418212890625,23.50381088256836
normal,C:\Users\Light\Videos\正常往返.mp4,206,True,0.09410806000232697,398.82073974609375,36.65602111816406,425.1242980957031,57.18826675415039
normal,C:\Users\Light\Videos\正常往返.mp4,207,True,0.29805612564086914,293.8931884765625,4.5078630447387695,321.2151794433594,23.096641540527344
normal,C:\Users\Light\Videos\正常往返.mp4,208,True,0.2982233464717865,293.89385986328125,4.508300304412842,321.2110900878906,23.09433364868164
normal,C:\Users\Light\Videos\正常往返.mp4,209,True,0.22459255158901215,293.76287841796875,4.674413204193115,321.1578674316406,23.200584411621094
normal,C:\Users\Light\Videos\正常往返.mp4,210,True,0.16276030242443085,293.47320556640625,4.839237213134766,321.0054931640625,23.34751319885254
normal,C:\Users\Light\Videos\正常往返.mp4,211,True,0.16239672899246216,293.47381591796875,4.840033054351807,321.0047302246094,23.34825325012207
normal,C:\Users\Light\Videos\正常往返.mp4,212,True,0.0956636592745781,399.17486572265625,36.208377838134766,425.41632080078125,56.70028305053711
normal,C:\Users\Light\Videos\正常往返.mp4,213,True,0.1037704274058342,399.2360534667969,37.08613967895508,425.3758544921875,57.634029388427734
normal,C:\Users\Light\Videos\正常往返.mp4,214,True,0.10721190273761749,399.3847351074219,37.15705108642578,425.4678649902344,57.752628326416016
normal,C:\Users\Light\Videos\正常往返.mp4,215,True,0.13461457192897797,397.3739318847656,39.1867790222168,423.83251953125,59.35963439941406
normal,C:\Users\Light\Videos\正常往返.mp4,216,True,0.1338215470314026,399.73291015625,36.240135192871094,427.63916015625,59.04224395751953
normal,C:\Users\Light\Videos\正常往返.mp4,217,True,0.07839468866586685,398.4176025390625,35.97650909423828,425.1270751953125,56.3505744934082
normal,C:\Users\Light\Videos\正常往返.mp4,218,True,0.0917167067527771,293.412841796875,4.891097068786621,321.1077575683594,23.765888214111328
normal,C:\Users\Light\Videos\正常往返.mp4,219,True,0.08934527635574341,293.3559265136719,4.944368839263916,321.1494445800781,23.793298721313477
normal,C:\Users\Light\Videos\正常往返.mp4,220,True,0.1242087259888649,397.4563293457031,39.272972106933594,423.9609680175781,59.35770797729492
normal,C:\Users\Light\Videos\正常往返.mp4,221,True,0.1630583107471466,293.5480041503906,4.858174800872803,321.0586853027344,23.55354118347168
normal,C:\Users\Light\Videos\正常往返.mp4,222,True,0.164372518658638,293.5586242675781,4.861413478851318,321.0559387207031,23.546459197998047
normal,C:\Users\Light\Videos\正常往返.mp4,223,True,0.18620334565639496,293.97991943359375,4.643115520477295,321.275146484375,23.255067825317383
normal,C:\Users\Light\Videos\正常往返.mp4,224,True,0.11206522583961487,293.3996887207031,4.852392673492432,321.2176818847656,23.692447662353516
normal,C:\Users\Light\Videos\正常往返.mp4,225,True,0.11333838850259781,293.4087219238281,4.845400333404541,321.22509765625,23.696346282958984
normal,C:\Users\Light\Videos\正常往返.mp4,226,True,0.1457781344652176,293.5365295410156,4.866623878479004,320.9629821777344,23.32183074951172
normal,C:\Users\Light\Videos\正常往返.mp4,227,True,0.1799684464931488,293.9429626464844,4.782772064208984,321.4076843261719,23.762481689453125
normal,C:\Users\Light\Videos\正常往返.mp4,228,True,0.1182192787528038,293.53759765625,4.896083831787109,321.26837158203125,23.501188278198242
normal,C:\Users\Light\Videos\正常往返.mp4,229,True,0.1185331791639328,293.53948974609375,4.899097919464111,321.26568603515625,23.499082565307617
normal,C:\Users\Light\Videos\正常往返.mp4,230,True,0.23894274234771729,293.6070556640625,4.7151570320129395,321.08251953125,23.348724365234375
normal,C:\Users\Light\Videos\正常往返.mp4,231,True,0.21414366364479065,293.8419189453125,4.621981620788574,321.3348693847656,23.485118865966797
normal,C:\Users\Light\Videos\正常往返.mp4,232,True,0.22359824180603027,293.86126708984375,4.589574813842773,321.3515930175781,23.466339111328125
normal,C:\Users\Light\Videos\正常往返.mp4,233,True,0.16008424758911133,293.7279968261719,4.730015754699707,321.1783142089844,23.58000946044922
normal,C:\Users\Light\Videos\正常往返.mp4,234,True,0.23885202407836914,293.4788818359375,4.696152210235596,320.9147644042969,23.271270751953125
normal,C:\Users\Light\Videos\正常往返.mp4,235,True,0.2408713698387146,293.4794921875,4.695838451385498,320.91937255859375,23.269813537597656
normal,C:\Users\Light\Videos\正常往返.mp4,236,True,0.1426844298839569,397.2176818847656,40.11241149902344,423.5455627441406,60.332916259765625
normal,C:\Users\Light\Videos\正常往返.mp4,237,True,0.13639715313911438,293.5204162597656,4.7531328201293945,321.28594970703125,23.647735595703125
normal,C:\Users\Light\Videos\正常往返.mp4,238,True,0.13694654405117035,293.51959228515625,4.753480434417725,321.28411865234375,23.646480560302734
normal,C:\Users\Light\Videos\正常往返.mp4,239,True,0.26472699642181396,293.69732666015625,4.702763557434082,321.1568298339844,23.592514038085938
normal,C:\Users\Light\Videos\正常往返.mp4,240,True,0.26587173342704773,293.69775390625,4.702517032623291,321.158447265625,23.582429885864258
normal,C:\Users\Light\Videos\正常往返.mp4,241,True,0.1682954579591751,293.7275085449219,4.856505393981934,321.2545471191406,23.51896095275879
normal,C:\Users\Light\Videos\正常往返.mp4,242,True,0.14613603055477142,293.89056396484375,4.669000625610352,321.3684997558594,23.63644027709961
normal,C:\Users\Light\Videos\正常往返.mp4,243,True,0.14653682708740234,293.8924255371094,4.6673197746276855,321.3630676269531,23.630905151367188
normal,C:\Users\Light\Videos\正常往返.mp4,244,True,0.12789294123649597,293.5744323730469,4.967239856719971,321.37445068359375,23.742603302001953
normal,C:\Users\Light\Videos\正常往返.mp4,245,True,0.09740374982357025,293.62530517578125,4.94610595703125,321.5290222167969,23.702777862548828
normal,C:\Users\Light\Videos\正常往返.mp4,246,True,0.0949740931391716,293.619140625,4.951462268829346,321.5308532714844,23.703876495361328
normal,C:\Users\Light\Videos\正常往返.mp4,247,True,0.25647008419036865,293.2833557128906,4.65964412689209,320.91143798828125,23.31757164001465
normal,C:\Users\Light\Videos\正常往返.mp4,248,True,0.14736732840538025,293.60528564453125,4.705721855163574,321.11590576171875,23.61871337890625
normal,C:\Users\Light\Videos\正常往返.mp4,249,True,0.14229711890220642,293.6424865722656,4.71067476272583,321.13067626953125,23.64594268798828
normal,C:\Users\Light\Videos\正常往返.mp4,250,True,0.1321885585784912,293.39825439453125,4.647093772888184,321.2272033691406,23.657798767089844
normal,C:\Users\Light\Videos\正常往返.mp4,251,True,0.22491303086280823,293.7805480957031,4.663061618804932,321.1852722167969,23.3638973236084
normal,C:\Users\Light\Videos\正常往返.mp4,252,True,0.23410534858703613,293.760009765625,4.554321765899658,321.1530456542969,23.354080200195312
normal,C:\Users\Light\Videos\正常往返.mp4,253,True,0.23232342302799225,293.7611389160156,4.557974815368652,321.15032958984375,23.359167098999023
normal,C:\Users\Light\Videos\正常往返.mp4,254,True,0.12138918042182922,293.60076904296875,4.855395793914795,321.40423583984375,23.779224395751953
normal,C:\Users\Light\Videos\正常往返.mp4,255,True,0.24755725264549255,293.8934631347656,4.608108997344971,321.34808349609375,23.22951889038086
normal,C:\Users\Light\Videos\正常往返.mp4,256,True,0.24760398268699646,293.89794921875,4.609554767608643,321.3509521484375,23.232072830200195
normal,C:\Users\Light\Videos\正常往返.mp4,257,True,0.22370657324790955,293.749267578125,4.589698314666748,321.13531494140625,23.51609230041504
normal,C:\Users\Light\Videos\正常往返.mp4,258,True,0.32398614287376404,293.8760986328125,4.3398003578186035,321.1508483886719,23.121585845947266
normal,C:\Users\Light\Videos\正常往返.mp4,259,True,0.32425472140312195,293.87762451171875,4.3384108543396,321.1524963378906,23.122257232666016
normal,C:\Users\Light\Videos\正常往返.mp4,260,True,0.21067845821380615,293.6894836425781,4.519427299499512,321.103515625,23.344959259033203
normal,C:\Users\Light\Videos\正常往返.mp4,261,True,0.21048107743263245,293.68914794921875,4.5202789306640625,321.103271484375,23.346752166748047
normal,C:\Users\Light\Videos\正常往返.mp4,262,True,0.1761094182729721,293.5735778808594,4.828334331512451,321.0922546386719,23.516427993774414
normal,C:\Users\Light\Videos\正常往返.mp4,263,True,0.15362387895584106,293.1934814453125,4.781953811645508,320.7709045410156,23.43527603149414
normal,C:\Users\Light\Videos\正常往返.mp4,264,True,0.15449757874011993,293.1890869140625,4.786413669586182,320.775390625,23.44547462463379
normal,C:\Users\Light\Videos\正常往返.mp4,265,True,0.16583679616451263,293.52850341796875,4.9035468101501465,321.2358093261719,23.72707176208496
normal,C:\Users\Light\Videos\正常往返.mp4,266,True,0.2643865942955017,293.9436950683594,4.5480241775512695,321.48736572265625,23.248903274536133
normal,C:\Users\Light\Videos\正常往返.mp4,267,True,0.26513174176216125,293.9404602050781,4.551554203033447,321.4847106933594,23.241239547729492
normal,C:\Users\Light\Videos\正常往返.mp4,268,True,0.1890639066696167,293.8616027832031,4.415550708770752,321.16058349609375,23.271472930908203
normal,C:\Users\Light\Videos\正常往返.mp4,269,True,0.0999169573187828,293.75067138671875,4.729388236999512,321.46527099609375,23.557844161987305
normal,C:\Users\Light\Videos\正常往返.mp4,270,True,0.10063941031694412,293.7501220703125,4.726967811584473,321.4644470214844,23.558740615844727
normal,C:\Users\Light\Videos\正常往返.mp4,271,True,0.15042802691459656,293.905029296875,4.80745792388916,321.2483215332031,23.397132873535156
normal,C:\Users\Light\Videos\正常往返.mp4,272,True,0.15016481280326843,293.91058349609375,4.8057661056518555,321.2492980957031,23.39415168762207
normal,C:\Users\Light\Videos\正常往返.mp4,273,True,0.12656967341899872,293.27532958984375,4.915256500244141,321.1196594238281,23.590900421142578
normal,C:\Users\Light\Videos\正常往返.mp4,274,True,0.16844779253005981,293.48919677734375,4.75637149810791,321.112060546875,23.580793380737305
normal,C:\Users\Light\Videos\正常往返.mp4,275,True,0.1692100316286087,293.7626037597656,4.541088104248047,321.10723876953125,23.392292022705078
normal,C:\Users\Light\Videos\正常往返.mp4,276,True,0.19632847607135773,293.7703857421875,4.981325149536133,321.35650634765625,23.84033966064453
normal,C:\Users\Light\Videos\正常往返.mp4,277,True,0.1967785656452179,293.77044677734375,4.976820468902588,321.35595703125,23.840137481689453
normal,C:\Users\Light\Videos\正常往返.mp4,278,True,0.16464510560035706,293.6922912597656,4.881908416748047,321.35198974609375,23.571582794189453
normal,C:\Users\Light\Videos\正常往返.mp4,279,True,0.18233221769332886,293.8322448730469,4.644606113433838,321.17840576171875,23.355022430419922
normal,C:\Users\Light\Videos\正常往返.mp4,280,True,0.18299204111099243,293.83831787109375,4.643306255340576,321.1852111816406,23.357173919677734
normal,C:\Users\Light\Videos\正常往返.mp4,281,True,0.1302216351032257,293.80517578125,4.842924118041992,321.50286865234375,23.70448112487793
normal,C:\Users\Light\Videos\正常往返.mp4,282,True,0.10489432513713837,293.60589599609375,4.93594217300415,321.35528564453125,23.652645111083984
normal,C:\Users\Light\Videos\正常往返.mp4,283,True,0.10666465014219284,293.59423828125,4.938441276550293,321.348876953125,23.650896072387695
normal,C:\Users\Light\Videos\正常往返.mp4,284,True,0.24538293480873108,293.9896545410156,4.5894293785095215,321.3724060058594,23.409975051879883
normal,C:\Users\Light\Videos\正常往返.mp4,285,True,0.24543963372707367,293.9902648925781,4.5861124992370605,321.3705139160156,23.38760757446289
normal,C:\Users\Light\Videos\正常往返.mp4,286,True,0.1692805141210556,400.2955627441406,35.33567810058594,428.0876159667969,57.7365837097168
normal,C:\Users\Light\Videos\正常往返.mp4,287,True,0.13551224768161774,293.57965087890625,4.7471489906311035,321.206787109375,23.670215606689453
normal,C:\Users\Light\Videos\正常往返.mp4,288,True,0.1267867088317871,293.5173034667969,4.785797595977783,321.1834411621094,23.673240661621094
normal,C:\Users\Light\Videos\正常往返.mp4,289,True,0.15615972876548767,400.66387939453125,35.88919448852539,428.69500732421875,58.234474182128906
normal,C:\Users\Light\Videos\正常往返.mp4,290,True,0.20537598431110382,293.7430419921875,4.498965740203857,321.2576599121094,23.47909164428711
normal,C:\Users\Light\Videos\正常往返.mp4,291,True,0.20757733285427094,293.74078369140625,4.496097087860107,321.2578430175781,23.4798526763916
normal,C:\Users\Light\Videos\正常往返.mp4,292,True,0.13709107041358948,398.7025146484375,40.02716064453125,424.817138671875,60.07106018066406
normal,C:\Users\Light\Videos\正常往返.mp4,293,True,0.12403242290019989,293.1429443359375,5.023290634155273,321.43603515625,24.268911361694336
normal,C:\Users\Light\Videos\正常往返.mp4,294,True,0.12679435312747955,293.2087707519531,4.975173473358154,321.4446105957031,24.19228744506836
normal,C:\Users\Light\Videos\正常往返.mp4,295,True,0.07376056909561157,293.1037902832031,4.821039199829102,321.1582336425781,23.89748764038086
normal,C:\Users\Light\Videos\正常往返.mp4,296,True,0.07397715002298355,293.11444091796875,4.8093180656433105,321.16802978515625,23.891324996948242
normal,C:\Users\Light\Videos\正常往返.mp4,297,True,0.06942296028137207,399.29718017578125,37.672691345214844,426.5884704589844,57.862579345703125
normal,C:\Users\Light\Videos\正常往返.mp4,298,True,0.10894756019115448,401.1500244140625,36.53569412231445,427.2537841796875,57.10133361816406
normal,C:\Users\Light\Videos\正常往返.mp4,299,True,0.11465154588222504,400.1008605957031,40.15656280517578,426.5951843261719,60.08840560913086
normal,C:\Users\Light\Videos\正常往返.mp4,300,True,0.09851754456758499,292.85455322265625,4.794683456420898,321.0928039550781,23.938276290893555
normal,C:\Users\Light\Videos\正常往返.mp4,301,True,0.09870050102472305,292.8507995605469,4.794907569885254,321.0931396484375,23.94222068786621
normal,C:\Users\Light\Videos\正常往返.mp4,302,True,0.07414991408586502,404.6619873046875,34.064239501953125,432.9398193359375,54.83982849121094
normal,C:\Users\Light\Videos\正常往返.mp4,303,True,0.09442825615406036,404.5628662109375,34.20493698120117,432.1173400878906,55.017547607421875
normal,C:\Users\Light\Videos\正常往返.mp4,304,True,0.09465224295854568,404.5619812011719,34.18568801879883,432.1072082519531,54.998565673828125
normal,C:\Users\Light\Videos\正常往返.mp4,305,True,0.1622556746006012,405.32830810546875,33.60530090332031,431.0152893066406,54.86685562133789
normal,C:\Users\Light\Videos\正常往返.mp4,306,True,0.1627850979566574,405.3130798339844,33.58808898925781,430.98992919921875,54.861881256103516
normal,C:\Users\Light\Videos\正常往返.mp4,307,True,0.15391232073307037,406.3708801269531,34.00005340576172,432.1190185546875,54.875999450683594
normal,C:\Users\Light\Videos\正常往返.mp4,308,True,0.1981315314769745,293.3648376464844,4.561123847961426,321.01007080078125,23.53693389892578
normal,C:\Users\Light\Videos\正常往返.mp4,309,True,0.19529613852500916,293.3635559082031,4.563723564147949,321.01177978515625,23.538009643554688
normal,C:\Users\Light\Videos\正常往返.mp4,310,True,0.14660318195819855,293.24847412109375,4.576531410217285,321.0776672363281,23.558359146118164
normal,C:\Users\Light\Videos\正常往返.mp4,311,True,0.15189027786254883,408.953125,33.31915283203125,434.4239807128906,53.958255767822266
normal,C:\Users\Light\Videos\正常往返.mp4,312,True,0.1489950567483902,408.9222412109375,33.400638580322266,434.4937744140625,53.99509811401367
normal,C:\Users\Light\Videos\正常往返.mp4,313,True,0.24553824961185455,409.8190612792969,33.37923812866211,438.3587341308594,56.02608108520508
normal,C:\Users\Light\Videos\正常往返.mp4,314,True,0.2697576880455017,411.28753662109375,30.314529418945312,438.74359130859375,52.773521423339844
normal,C:\Users\Light\Videos\正常往返.mp4,315,True,0.28412091732025146,411.19677734375,30.31766700744629,438.66607666015625,52.77836227416992
normal,C:\Users\Light\Videos\正常往返.mp4,316,True,0.2207222431898117,411.4879455566406,30.853858947753906,439.3756408691406,53.395416259765625
normal,C:\Users\Light\Videos\正常往返.mp4,317,True,0.22166335582733154,411.4957275390625,30.85778045654297,439.383056640625,53.397274017333984
normal,C:\Users\Light\Videos\正常往返.mp4,318,True,0.14471201598644257,411.94915771484375,33.136878967285156,437.455078125,53.55366134643555
normal,C:\Users\Light\Videos\正常往返.mp4,319,True,0.15378521382808685,293.41802978515625,4.899725437164307,321.3838806152344,23.969316482543945
normal,C:\Users\Light\Videos\正常往返.mp4,320,True,0.15250521898269653,293.41650390625,4.903019905090332,321.3887939453125,23.974090576171875
normal,C:\Users\Light\Videos\正常往返.mp4,321,True,0.10633009672164917,293.2659606933594,4.736996650695801,321.2401428222656,23.693769454956055
normal,C:\Users\Light\Videos\正常往返.mp4,322,True,0.2170497179031372,412.6170959472656,31.061925888061523,440.8062744140625,53.70966720581055
normal,C:\Users\Light\Videos\正常往返.mp4,323,True,0.2502194344997406,293.6984558105469,4.409511089324951,321.10833740234375,23.12588882446289
normal,C:\Users\Light\Videos\正常往返.mp4,324,True,0.32593247294425964,293.60260009765625,4.561975479125977,321.15325927734375,23.441640853881836
normal,C:\Users\Light\Videos\正常往返.mp4,325,True,0.32500237226486206,293.6026306152344,4.565606117248535,321.15142822265625,23.450315475463867
normal,C:\Users\Light\Videos\正常往返.mp4,326,True,0.1788242608308792,292.9908142089844,4.541738033294678,320.843017578125,23.676849365234375
normal,C:\Users\Light\Videos\正常往返.mp4,327,True,0.18505790829658508,293.1247253417969,4.7859206199646,321.1142272949219,23.989980697631836
normal,C:\Users\Light\Videos\正常往返.mp4,328,True,0.18627363443374634,293.12127685546875,4.788823127746582,321.11480712890625,24.001253128051758
normal,C:\Users\Light\Videos\正常往返.mp4,329,True,0.1938508003950119,293.4811096191406,4.530599594116211,320.9353332519531,23.602195739746094
normal,C:\Users\Light\Videos\正常往返.mp4,330,True,0.19000831246376038,293.5091552734375,4.528111934661865,320.93023681640625,23.57758903503418
normal,C:\Users\Light\Videos\正常往返.mp4,331,True,0.21100133657455444,293.4770202636719,4.272129535675049,320.94256591796875,23.52082061767578
normal,C:\Users\Light\Videos\正常往返.mp4,332,True,0.2329457402229309,293.3908996582031,4.612210273742676,321.1038818359375,23.629045486450195
normal,C:\Users\Light\Videos\正常往返.mp4,333,True,0.23208697140216827,293.3929748535156,4.615829944610596,321.1082458496094,23.634782791137695
normal,C:\Users\Light\Videos\正常往返.mp4,334,True,0.1593226045370102,293.35491943359375,4.522576332092285,321.32122802734375,23.83054542541504
normal,C:\Users\Light\Videos\正常往返.mp4,335,True,0.10380815714597702,293.238525390625,4.761951923370361,321.3833923339844,23.866987228393555
normal,C:\Users\Light\Videos\正常往返.mp4,336,True,0.10416723787784576,293.23760986328125,4.761414051055908,321.3851013183594,23.871356964111328
normal,C:\Users\Light\Videos\正常往返.mp4,337,True,0.125276580452919,292.8688049316406,4.737041473388672,321.3895568847656,24.296724319458008
normal,C:\Users\Light\Videos\正常往返.mp4,338,True,0.25265657901763916,293.2040100097656,4.6651458740234375,321.3558044433594,24.037872314453125
normal,C:\Users\Light\Videos\正常往返.mp4,339,True,0.24706706404685974,293.1854553222656,4.679018497467041,321.3690490722656,24.064430236816406
normal,C:\Users\Light\Videos\正常往返.mp4,340,True,0.12045130878686905,422.9029846191406,31.883480072021484,448.3615417480469,52.693538665771484
normal,C:\Users\Light\Videos\正常往返.mp4,341,True,0.12424831837415695,421.5794372558594,29.626590728759766,447.9643249511719,50.418495178222656
normal,C:\Users\Light\Videos\正常往返.mp4,342,True,0.18289025127887726,422.0834045410156,29.4534854888916,448.0047912597656,50.23606491088867
normal,C:\Users\Light\Videos\正常往返.mp4,343,True,0.29635512828826904,422.300048828125,28.854026794433594,450.6267395019531,51.374114990234375
normal,C:\Users\Light\Videos\正常往返.mp4,344,True,0.2982642352581024,422.29638671875,28.856626510620117,450.61822509765625,51.37550354003906
normal,C:\Users\Light\Videos\正常往返.mp4,345,True,0.20861276984214783,423.82574462890625,29.543758392333984,449.5816650390625,50.27560043334961
normal,C:\Users\Light\Videos\正常往返.mp4,346,True,0.16115503013134003,423.71368408203125,29.51238250732422,449.7634582519531,50.19707107543945
normal,C:\Users\Light\Videos\正常往返.mp4,347,True,0.12762737274169922,424.1966552734375,33.47780227661133,449.5931701660156,54.19422149658203
normal,C:\Users\Light\Videos\正常往返.mp4,348,True,0.11908148229122162,424.60870361328125,31.968891143798828,449.7855224609375,51.83677291870117
normal,C:\Users\Light\Videos\正常往返.mp4,349,True,0.11981335282325745,424.6278991699219,31.882450103759766,449.7963562011719,51.76445388793945
normal,C:\Users\Light\Videos\正常往返.mp4,350,True,0.08677635341882706,293.09173583984375,4.857827663421631,321.3583068847656,23.981889724731445
normal,C:\Users\Light\Videos\正常往返.mp4,351,True,0.08701261878013611,293.0952453613281,4.857065677642822,321.3603820800781,23.978281021118164
normal,C:\Users\Light\Videos\正常往返.mp4,352,True,0.04714173078536987,292.76666259765625,5.086961269378662,321.6020812988281,24.807344436645508
normal,C:\Users\Light\Videos\正常往返.mp4,353,True,0.09045547246932983,413.73779296875,41.53270721435547,442.16131591796875,60.969085693359375
normal,C:\Users\Light\Videos\正常往返.mp4,354,True,0.0892401710152626,413.76361083984375,41.54893493652344,442.1795959472656,60.99225616455078
normal,C:\Users\Light\Videos\正常往返.mp4,355,True,0.3494102656841278,412.9896240234375,41.05350875854492,440.6421813964844,60.58136749267578
normal,C:\Users\Light\Videos\正常往返.mp4,356,True,0.0770595595240593,293.37445068359375,4.624077320098877,321.40576171875,23.67167091369629
normal,C:\Users\Light\Videos\正常往返.mp4,357,True,0.07737895846366882,293.3717956542969,4.624648571014404,321.4019775390625,23.669004440307617
normal,C:\Users\Light\Videos\正常往返.mp4,358,True,0.07045834511518478,411.2278747558594,41.807159423828125,437.9773254394531,58.366676330566406
normal,C:\Users\Light\Videos\正常往返.mp4,359,True,0.4873279929161072,408.0750427246094,40.24403381347656,436.0524597167969,61.22513198852539
normal,C:\Users\Light\Videos\正常往返.mp4,360,True,0.5083752274513245,408.16595458984375,40.14143371582031,436.1029357910156,61.15077209472656
normal,C:\Users\Light\Videos\正常往返.mp4,361,True,0.0606754831969738,406.7806091308594,42.033424377441406,433.7096252441406,58.75690460205078
normal,C:\Users\Light\Videos\正常往返.mp4,362,True,0.06049639731645584,406.8299560546875,42.03463363647461,433.740966796875,58.74888229370117
normal,C:\Users\Light\Videos\正常往返.mp4,363,True,0.6372806429862976,403.56390380859375,40.57699966430664,430.30584716796875,61.64541244506836
normal,C:\Users\Light\Videos\正常往返.mp4,364,True,0.6695634126663208,401.572265625,40.70915985107422,428.2870178222656,60.98246383666992
normal,C:\Users\Light\Videos\正常往返.mp4,365,True,0.672568678855896,401.5872802734375,40.69999313354492,428.30303955078125,60.987056732177734
normal,C:\Users\Light\Videos\正常往返.mp4,366,True,0.4072114825248718,397.2115783691406,41.09519577026367,424.9134521484375,61.73335647583008
normal,C:\Users\Light\Videos\正常往返.mp4,367,True,0.37338605523109436,393.32489013671875,40.49896240234375,423.24859619140625,61.995208740234375
normal,C:\Users\Light\Videos\正常往返.mp4,368,True,0.3584424555301666,393.3486328125,40.506874084472656,423.2966613769531,62.006797790527344
normal,C:\Users\Light\Videos\正常往返.mp4,369,True,0.6262806057929993,390.83892822265625,40.150333404541016,418.5940246582031,61.36567687988281
normal,C:\Users\Light\Videos\正常往返.mp4,370,True,0.6693651676177979,386.9274597167969,40.58871841430664,413.7780456542969,60.94651412963867
normal,C:\Users\Light\Videos\正常往返.mp4,371,True,0.18456415832042694,382.1346740722656,39.154640197753906,407.506103515625,60.0604362487793
normal,C:\Users\Light\Videos\正常往返.mp4,372,True,0.5984721183776855,377.6764221191406,40.823368072509766,404.48193359375,59.91716384887695
normal,C:\Users\Light\Videos\正常往返.mp4,373,True,0.6000590324401855,377.6615905761719,40.80664825439453,404.4781188964844,59.92496109008789
normal,C:\Users\Light\Videos\正常往返.mp4,374,True,0.5588761568069458,371.55584716796875,40.850284576416016,399.989013671875,61.40090560913086
normal,C:\Users\Light\Videos\正常往返.mp4,375,True,0.5625174045562744,371.47412109375,40.85247802734375,399.95587158203125,61.42856216430664
normal,C:\Users\Light\Videos\正常往返.mp4,376,True,0.7259232997894287,366.7657165527344,39.977317810058594,393.43414306640625,61.19427490234375
normal,C:\Users\Light\Videos\正常往返.mp4,377,True,0.7381830811500549,360.9962463378906,40.3446159362793,387.6019287109375,61.54893112182617
normal,C:\Users\Light\Videos\正常往返.mp4,378,True,0.7379873991012573,361.0444641113281,40.34846878051758,387.632568359375,61.56193161010742
normal,C:\Users\Light\Videos\正常往返.mp4,379,True,0.6512075662612915,354.1075439453125,41.61439895629883,382.1507568359375,61.68824005126953
normal,C:\Users\Light\Videos\正常往返.mp4,380,True,0.7596927285194397,347.56591796875,40.60126876831055,374.76507568359375,61.814552307128906
normal,C:\Users\Light\Videos\正常往返.mp4,381,True,0.7617201209068298,347.5487060546875,40.674644470214844,374.810302734375,61.92418670654297
normal,C:\Users\Light\Videos\正常往返.mp4,382,True,0.7639238834381104,341.7781982421875,40.34672164916992,368.1362609863281,61.02468490600586
normal,C:\Users\Light\Videos\正常往返.mp4,383,True,0.7651194930076599,334.05767822265625,40.54624938964844,360.5644226074219,61.37791061401367
normal,C:\Users\Light\Videos\正常往返.mp4,384,True,0.7639296650886536,333.91729736328125,40.550350189208984,360.4873352050781,61.40482711791992
normal,C:\Users\Light\Videos\正常往返.mp4,385,True,0.7702007293701172,327.1347961425781,40.85023880004883,353.03179931640625,61.6573371887207
normal,C:\Users\Light\Videos\正常往返.mp4,386,True,0.770848274230957,327.1308898925781,40.841339111328125,353.02801513671875,61.65731430053711
normal,C:\Users\Light\Videos\正常往返.mp4,387,True,0.7831176519393921,320.91064453125,40.90945053100586,346.7285461425781,61.87364959716797
normal,C:\Users\Light\Videos\正常往返.mp4,388,True,0.7944263815879822,314.0158996582031,41.08421325683594,339.6059265136719,61.664913177490234
normal,C:\Users\Light\Videos\正常往返.mp4,389,True,0.7944181561470032,314.01397705078125,41.083919525146484,339.6054382324219,61.66466522216797
normal,C:\Users\Light\Videos\正常往返.mp4,390,True,0.669136106967926,305.59149169921875,40.92728805541992,332.3265686035156,60.91668701171875
normal,C:\Users\Light\Videos\正常往返.mp4,391,True,0.6822497844696045,297.6720275878906,40.3272705078125,324.1263427734375,61.399314880371094
normal,C:\Users\Light\Videos\正常往返.mp4,392,True,0.6821273565292358,297.6704406738281,40.32670974731445,324.127685546875,61.401893615722656
normal,C:\Users\Light\Videos\正常往返.mp4,393,True,0.7894467115402222,290.2354431152344,41.52094268798828,316.29132080078125,61.44785690307617
normal,C:\Users\Light\Videos\正常往返.mp4,394,True,0.6755189299583435,281.99774169921875,41.02164077758789,308.7279052734375,60.70884323120117
normal,C:\Users\Light\Videos\正常往返.mp4,395,True,0.7903746962547302,274.28826904296875,41.28806686401367,300.03277587890625,61.39669418334961
normal,C:\Users\Light\Videos\正常往返.mp4,396,True,0.7943821549415588,274.2450256347656,41.23773193359375,300.0097351074219,61.39628982543945
normal,C:\Users\Light\Videos\正常往返.mp4,397,True,0.7879034280776978,266.8253479003906,41.7318115234375,293.09332275390625,61.60969161987305
normal,C:\Users\Light\Videos\正常往返.mp4,398,True,0.7753312587738037,259.384765625,41.61701965332031,286.0523986816406,61.634613037109375
normal,C:\Users\Light\Videos\正常往返.mp4,399,True,0.7768548130989075,259.3758544921875,41.60368347167969,286.05560302734375,61.648616790771484
normal,C:\Users\Light\Videos\正常往返.mp4,400,True,0.558156430721283,252.81956481933594,41.53696823120117,277.5172119140625,60.90956115722656
normal,C:\Users\Light\Videos\正常往返.mp4,401,True,0.7669612765312195,244.9759063720703,42.5832405090332,270.12158203125,62.03575134277344
normal,C:\Users\Light\Videos\正常往返.mp4,402,True,0.7687674164772034,245.0116424560547,42.5728874206543,270.10260009765625,62.03651428222656
normal,C:\Users\Light\Videos\正常往返.mp4,403,True,0.8235071897506714,238.05348205566406,41.959598541259766,263.6023864746094,62.44316864013672
normal,C:\Users\Light\Videos\正常往返.mp4,404,True,0.7167956233024597,230.76980590820312,43.118064880371094,256.88861083984375,62.15865707397461
normal,C:\Users\Light\Videos\正常往返.mp4,405,True,0.7210152745246887,230.78738403320312,43.089603424072266,256.86944580078125,62.13351058959961
normal,C:\Users\Light\Videos\正常往返.mp4,406,True,0.7353572249412537,223.9368438720703,42.72510528564453,250.05108642578125,62.98411178588867
normal,C:\Users\Light\Videos\正常往返.mp4,407,True,0.7368390560150146,223.9322052001953,42.73834991455078,250.0514678955078,63.00788879394531
normal,C:\Users\Light\Videos\正常往返.mp4,408,True,0.7244025468826294,217.15533447265625,40.365211486816406,243.7307586669922,61.83429718017578
normal,C:\Users\Light\Videos\正常往返.mp4,409,True,0.6751527190208435,212.14173889160156,42.126251220703125,237.37149047851562,63.32196044921875
normal,C:\Users\Light\Videos\正常往返.mp4,410,True,0.67568039894104,212.1503448486328,42.14592742919922,237.3888702392578,63.34612274169922
normal,C:\Users\Light\Videos\正常往返.mp4,411,True,0.719344973564148,205.1022186279297,42.802940368652344,229.33753967285156,62.31636428833008
normal,C:\Users\Light\Videos\正常往返.mp4,412,True,0.6874735355377197,199.1881103515625,42.914390563964844,223.6493377685547,62.28017044067383
normal,C:\Users\Light\Videos\正常往返.mp4,413,True,0.6870499849319458,199.18963623046875,42.92142868041992,223.64968872070312,62.28622055053711
normal,C:\Users\Light\Videos\正常往返.mp4,414,True,0.7210028171539307,193.36331176757812,42.85027313232422,217.37330627441406,62.94002914428711
normal,C:\Users\Light\Videos\正常往返.mp4,415,True,0.6830153465270996,188.0891876220703,43.32512283325195,213.16986083984375,64.60030364990234
normal,C:\Users\Light\Videos\正常往返.mp4,416,True,0.6832766532897949,188.08389282226562,43.317996978759766,213.1617431640625,64.59380340576172
normal,C:\Users\Light\Videos\正常往返.mp4,417,True,0.7704530954360962,182.39373779296875,42.376495361328125,208.2675018310547,63.24625778198242
normal,C:\Users\Light\Videos\正常往返.mp4,418,True,0.7694438099861145,177.04977416992188,42.81071472167969,203.123046875,63.74923324584961
normal,C:\Users\Light\Videos\正常往返.mp4,419,True,0.8182568550109863,172.62152099609375,42.95150375366211,197.6228485107422,64.27908325195312
normal,C:\Users\Light\Videos\正常往返.mp4,420,True,0.8179969787597656,172.6526641845703,42.968467712402344,197.641845703125,64.29519653320312
normal,C:\Users\Light\Videos\正常往返.mp4,421,True,0.7781120538711548,168.79917907714844,42.86167907714844,192.7873992919922,63.50311279296875
normal,C:\Users\Light\Videos\正常往返.mp4,422,True,0.7341309189796448,164.08949279785156,42.47427749633789,188.09091186523438,63.18397521972656
normal,C:\Users\Light\Videos\正常往返.mp4,423,True,0.7338984608650208,164.08375549316406,42.47517395019531,188.09689331054688,63.18572235107422
normal,C:\Users\Light\Videos\正常往返.mp4,424,True,0.7606798410415649,159.5867919921875,42.428558349609375,183.99191284179688,64.17012023925781
normal,C:\Users\Light\Videos\正常往返.mp4,425,True,0.7915265560150146,156.11050415039062,42.99123764038086,180.4478759765625,64.3600082397461
normal,C:\Users\Light\Videos\正常往返.mp4,426,True,0.7921604514122009,156.10797119140625,42.987674713134766,180.43836975097656,64.35380554199219
normal,C:\Users\Light\Videos\正常往返.mp4,427,True,0.702996551990509,152.2985076904297,42.48021697998047,176.51614379882812,63.22187423706055
normal,C:\Users\Light\Videos\正常往返.mp4,428,True,0.78477543592453,149.22213745117188,42.82810592651367,173.8592987060547,64.15434265136719
normal,C:\Users\Light\Videos\正常往返.mp4,429,True,0.7844735980033875,149.23040771484375,42.83483123779297,173.85501098632812,64.17294311523438
normal,C:\Users\Light\Videos\正常往返.mp4,430,True,0.7365335822105408,146.3651885986328,42.76535415649414,170.2799072265625,63.65779495239258
normal,C:\Users\Light\Videos\正常往返.mp4,431,True,0.7353687286376953,146.3704071044922,42.775753021240234,170.27731323242188,63.66599655151367
normal,C:\Users\Light\Videos\正常往返.mp4,432,True,0.7693545818328857,143.3838348388672,42.943546295166016,167.90234375,64.37506866455078
normal,C:\Users\Light\Videos\正常往返.mp4,433,True,0.7255575656890869,140.07901000976562,42.836509704589844,165.0238494873047,63.82550048828125
normal,C:\Users\Light\Videos\正常往返.mp4,434,True,0.7255200743675232,140.0847625732422,42.85000228881836,165.01475524902344,63.82048034667969
normal,C:\Users\Light\Videos\正常往返.mp4,435,True,0.7771722674369812,139.05177307128906,43.235992431640625,163.1162109375,64.50157928466797
normal,C:\Users\Light\Videos\正常往返.mp4,436,True,0.772026538848877,136.5329132080078,42.99798583984375,161.58843994140625,64.97908020019531
normal,C:\Users\Light\Videos\正常往返.mp4,437,True,0.7719415426254272,136.53163146972656,42.99390411376953,161.5912322998047,64.97638702392578
normal,C:\Users\Light\Videos\正常往返.mp4,438,True,0.7611064910888672,135.50787353515625,42.740028381347656,160.90122985839844,64.64447784423828
normal,C:\Users\Light\Videos\正常往返.mp4,439,True,0.7373299598693848,134.79672241210938,42.03855514526367,159.43809509277344,63.885047912597656
normal,C:\Users\Light\Videos\正常往返.mp4,440,True,0.7373470664024353,134.79786682128906,42.04021453857422,159.43618774414062,63.884464263916016
normal,C:\Users\Light\Videos\正常往返.mp4,441,True,0.7654566764831543,133.445556640625,42.19350814819336,158.66494750976562,63.583030700683594
normal,C:\Users\Light\Videos\正常往返.mp4,442,True,0.7664141058921814,133.44024658203125,42.174076080322266,158.66018676757812,63.57565689086914
normal,C:\Users\Light\Videos\正常往返.mp4,443,True,0.7925682067871094,132.70809936523438,42.00823211669922,157.81646728515625,63.057373046875
normal,C:\Users\Light\Videos\正常往返.mp4,444,True,0.7932513952255249,132.69723510742188,41.992881774902344,157.81399536132812,63.05501937866211
normal,C:\Users\Light\Videos\正常往返.mp4,445,True,0.7677164673805237,133.16302490234375,42.17817687988281,157.87445068359375,63.39630126953125
normal,C:\Users\Light\Videos\正常往返.mp4,446,True,0.7536150217056274,133.15335083007812,42.49247360229492,158.65237426757812,64.5040054321289
normal,C:\Users\Light\Videos\正常往返.mp4,447,True,0.7537067532539368,133.14891052246094,42.4868049621582,158.64926147460938,64.50151824951172
normal,C:\Users\Light\Videos\正常往返.mp4,448,True,0.7341164946556091,133.6369171142578,42.38835144042969,159.13784790039062,64.16106414794922
normal,C:\Users\Light\Videos\正常往返.mp4,449,True,0.7517625689506531,135.3491668701172,42.220848083496094,159.82388305664062,64.0146713256836
normal,C:\Users\Light\Videos\正常往返.mp4,450,True,0.7505243420600891,135.3409423828125,42.1712532043457,159.8505859375,63.96516799926758
normal,C:\Users\Light\Videos\正常往返.mp4,451,True,0.7869364619255066,136.09909057617188,42.98395538330078,161.31195068359375,64.4837417602539
normal,C:\Users\Light\Videos\正常往返.mp4,452,True,0.7893642783164978,136.09213256835938,42.95322799682617,161.33956909179688,64.44880676269531
normal,C:\Users\Light\Videos\正常往返.mp4,453,True,0.7768516540527344,136.7328338623047,42.80323028564453,161.79934692382812,64.8633041381836
normal,C:\Users\Light\Videos\正常往返.mp4,454,True,0.7503359317779541,139.34010314941406,43.25369644165039,163.12147521972656,64.64371490478516
normal,C:\Users\Light\Videos\正常往返.mp4,455,True,0.7502310872077942,139.33926391601562,43.25278091430664,163.11331176757812,64.64961242675781
normal,C:\Users\Light\Videos\正常往返.mp4,456,True,0.6671392321586609,139.82937622070312,42.92588806152344,165.5380401611328,64.5137939453125
normal,C:\Users\Light\Videos\正常往返.mp4,457,True,0.7426564693450928,142.61048889160156,43.087833404541016,167.416748046875,64.66758728027344
normal,C:\Users\Light\Videos\正常往返.mp4,458,True,0.7429876327514648,142.60360717773438,43.09675216674805,167.4111785888672,64.66570281982422
normal,C:\Users\Light\Videos\正常往返.mp4,459,True,0.758188784122467,144.8549041748047,43.34670639038086,169.033447265625,64.90422821044922
normal,C:\Users\Light\Videos\正常往返.mp4,460,True,0.7602934241294861,148.04006958007812,42.778038024902344,172.3356475830078,64.41287994384766
normal,C:\Users\Light\Videos\正常往返.mp4,461,True,0.7601536512374878,148.032958984375,42.77848815917969,172.32884216308594,64.4122543334961
normal,C:\Users\Light\Videos\正常往返.mp4,462,True,0.7556928396224976,150.7150421142578,43.26084899902344,174.53292846679688,64.87000274658203
normal,C:\Users\Light\Videos\正常往返.mp4,463,True,0.7182794809341431,153.19293212890625,43.23030090332031,178.08738708496094,64.60225677490234
normal,C:\Users\Light\Videos\正常往返.mp4,464,True,0.7180002927780151,153.1881561279297,43.233551025390625,178.091796875,64.60658264160156
normal,C:\Users\Light\Videos\正常往返.mp4,465,True,0.7775309681892395,155.95111083984375,43.615753173828125,180.84158325195312,65.46713256835938
normal,C:\Users\Light\Videos\正常往返.mp4,466,True,0.7774242162704468,155.95249938964844,43.61411666870117,180.8404541015625,65.46244812011719
normal,C:\Users\Light\Videos\正常往返.mp4,467,True,0.7668904066085815,159.34039306640625,43.165733337402344,184.13389587402344,64.75494384765625
normal,C:\Users\Light\Videos\正常往返.mp4,468,True,0.7452816963195801,162.7733154296875,43.213401794433594,187.4359588623047,64.730224609375
normal,C:\Users\Light\Videos\正常往返.mp4,469,True,0.7712172269821167,166.9163055419922,43.176265716552734,191.03591918945312,64.71886444091797
normal,C:\Users\Light\Videos\正常往返.mp4,470,True,0.7587454915046692,170.8081817626953,42.94321060180664,195.44964599609375,65.001220703125
normal,C:\Users\Light\Videos\正常往返.mp4,471,True,0.7585797309875488,170.81361389160156,42.926292419433594,195.4571533203125,64.98313903808594
normal,C:\Users\Light\Videos\正常往返.mp4,472,True,0.7485625743865967,173.99163818359375,43.482337951660156,198.82899475097656,65.21794128417969
normal,C:\Users\Light\Videos\正常往返.mp4,473,True,0.7465096712112427,177.7927703857422,43.352420806884766,203.44912719726562,65.40402221679688
normal,C:\Users\Light\Videos\正常往返.mp4,474,True,0.7485326528549194,177.7862091064453,43.353763580322266,203.45697021484375,65.39855194091797
normal,C:\Users\Light\Videos\正常往返.mp4,475,True,0.7579187750816345,182.33111572265625,43.061519622802734,207.58230590820312,64.7881088256836
normal,C:\Users\Light\Videos\正常往返.mp4,476,True,0.7584484219551086,182.32537841796875,43.063358306884766,207.5771026611328,64.79524230957031
normal,C:\Users\Light\Videos\正常往返.mp4,477,True,0.7267218232154846,186.76206970214844,43.061004638671875,210.7895965576172,64.38997650146484
normal,C:\Users\Light\Videos\正常往返.mp4,478,True,0.7806531190872192,190.23147583007812,43.49650192260742,215.57315063476562,65.4017105102539
normal,C:\Users\Light\Videos\正常往返.mp4,479,True,0.7804518938064575,190.23336791992188,43.49650192260742,215.57391357421875,65.40184783935547
normal,C:\Users\Light\Videos\正常往返.mp4,480,True,0.7862060070037842,194.4983367919922,43.13431167602539,220.47940063476562,64.310302734375
normal,C:\Users\Light\Videos\正常往返.mp4,481,True,0.7018682360649109,199.5526580810547,42.60569763183594,224.36277770996094,63.92323684692383
normal,C:\Users\Light\Videos\正常往返.mp4,482,True,0.7012109160423279,199.55917358398438,42.61284637451172,224.37033081054688,63.92393112182617
normal,C:\Users\Light\Videos\正常往返.mp4,483,True,0.8049658536911011,204.11904907226562,42.71208190917969,228.3887481689453,63.09977722167969
normal,C:\Users\Light\Videos\正常往返.mp4,484,True,0.8358363509178162,208.6043243408203,43.25786590576172,233.6291961669922,63.76832962036133
normal,C:\Users\Light\Videos\正常往返.mp4,485,True,0.8361136317253113,208.58644104003906,43.25293731689453,233.6366424560547,63.77173614501953
normal,C:\Users\Light\Videos\正常往返.mp4,486,True,0.77277672290802,212.9775390625,40.66648864746094,238.3747100830078,62.144447326660156
normal,C:\Users\Light\Videos\正常往返.mp4,487,True,0.7728608846664429,212.96461486816406,40.67558670043945,238.3656768798828,62.17501449584961
normal,C:\Users\Light\Videos\正常往返.mp4,488,True,0.743311882019043,218.24952697753906,40.869354248046875,242.70899963378906,62.918399810791016
normal,C:\Users\Light\Videos\正常往返.mp4,489,True,0.7100645899772644,221.9013214111328,41.838802337646484,246.3988494873047,62.82308578491211
normal,C:\Users\Light\Videos\正常往返.mp4,490,True,0.7102621793746948,221.89817810058594,41.83790588378906,246.3979034423828,62.821651458740234
normal,C:\Users\Light\Videos\正常往返.mp4,491,True,0.7998459935188293,230.31027221679688,41.049835205078125,255.7644500732422,61.58965301513672
normal,C:\Users\Light\Videos\正常往返.mp4,492,True,0.7928410172462463,230.33229064941406,40.843849182128906,255.7149658203125,61.402408599853516
normal,C:\Users\Light\Videos\正常往返.mp4,493,True,0.7190992832183838,235.3145294189453,41.57741928100586,260.1435546875,62.970664978027344
normal,C:\Users\Light\Videos\正常往返.mp4,494,True,0.7980726361274719,238.69854736328125,41.20637512207031,263.92620849609375,62.26394271850586
normal,C:\Users\Light\Videos\正常往返.mp4,495,True,0.8003612756729126,238.68289184570312,41.19609069824219,263.9267272949219,62.23025894165039
normal,C:\Users\Light\Videos\正常往返.mp4,496,True,0.8026122450828552,242.62667846679688,41.40785598754883,267.8203430175781,62.2667236328125
normal,C:\Users\Light\Videos\正常往返.mp4,497,True,0.802640438079834,242.62620544433594,41.40781021118164,267.8210754394531,62.26842498779297
normal,C:\Users\Light\Videos\正常往返.mp4,498,True,0.7190013527870178,246.20245361328125,41.69893264770508,270.7703857421875,62.324363708496094
normal,C:\Users\Light\Videos\正常往返.mp4,499,True,0.8319095969200134,250.1892547607422,41.83656311035156,275.6943664550781,62.457557678222656
normal,C:\Users\Light\Videos\正常往返.mp4,500,True,0.8316029906272888,250.2082061767578,41.82423400878906,275.7016906738281,62.44913101196289
normal,C:\Users\Light\Videos\正常往返.mp4,501,True,0.7540248036384583,254.2910919189453,41.015052795410156,278.96746826171875,62.02851486206055
normal,C:\Users\Light\Videos\正常往返.mp4,502,True,0.7849385142326355,256.8061218261719,41.266639709472656,281.8975524902344,62.245948791503906
normal,C:\Users\Light\Videos\正常往返.mp4,503,True,0.7850722670555115,256.8079833984375,41.267513275146484,281.9000549316406,62.25121307373047
normal,C:\Users\Light\Videos\正常往返.mp4,504,True,0.7738605737686157,259.7718200683594,40.900821685791016,284.700927734375,62.0154914855957
normal,C:\Users\Light\Videos\正常往返.mp4,505,True,0.8123232126235962,262.5217590332031,41.493465423583984,287.6821594238281,62.59733581542969
normal,C:\Users\Light\Videos\正常往返.mp4,506,True,0.8122763633728027,262.5250244140625,41.492122650146484,287.6875915527344,62.59809875488281
normal,C:\Users\Light\Videos\正常往返.mp4,507,True,0.7572908997535706,265.67657470703125,41.1937141418457,290.307861328125,62.15607833862305
normal,C:\Users\Light\Videos\正常往返.mp4,508,True,0.8220260143280029,268.1288757324219,41.37708282470703,293.7101745605469,62.450923919677734
normal,C:\Users\Light\Videos\正常往返.mp4,509,True,0.8219717741012573,268.1323547363281,41.38019943237305,293.7117614746094,62.45004653930664
normal,C:\Users\Light\Videos\正常往返.mp4,510,True,0.7793577909469604,270.4150695800781,41.06027603149414,295.6304931640625,61.914485931396484
normal,C:\Users\Light\Videos\正常往返.mp4,511,True,0.7797815203666687,270.4668273925781,41.00126647949219,295.6456604003906,61.8365592956543
normal,C:\Users\Light\Videos\正常往返.mp4,512,True,0.8442308306694031,272.6313781738281,41.7685661315918,298.49420166015625,62.4572868347168
normal,C:\Users\Light\Videos\正常往返.mp4,513,True,0.7811529636383057,274.7911071777344,41.34001541137695,299.93505859375,61.9961051940918
normal,C:\Users\Light\Videos\正常往返.mp4,514,True,0.7554513216018677,277.3869323730469,40.83320617675781,301.90570068359375,61.93156051635742
normal,C:\Users\Light\Videos\正常往返.mp4,515,True,0.8606919050216675,278.3072814941406,41.772377014160156,304.5240173339844,62.849666595458984
normal,C:\Users\Light\Videos\正常往返.mp4,516,True,0.858677327632904,278.34051513671875,41.76352310180664,304.4923400878906,62.830055236816406
normal,C:\Users\Light\Videos\正常往返.mp4,517,True,0.7647960782051086,280.757080078125,41.190799713134766,305.8663024902344,61.901039123535156
normal,C:\Users\Light\Videos\正常往返.mp4,518,True,0.7896851897239685,281.80828857421875,40.81870651245117,307.5411376953125,61.95121765136719
normal,C:\Users\Light\Videos\正常往返.mp4,519,True,0.7900992631912231,281.80816650390625,40.84324645996094,307.5240783691406,61.98288345336914
normal,C:\Users\Light\Videos\正常往返.mp4,520,True,0.8023996353149414,283.9269104003906,40.860076904296875,309.4476013183594,61.93714141845703
normal,C:\Users\Light\Videos\正常往返.mp4,521,True,0.8043527007102966,283.9273681640625,40.90536880493164,309.4608459472656,61.9659423828125
normal,C:\Users\Light\Videos\正常往返.mp4,522,True,0.8397448658943176,285.20184326171875,41.376163482666016,311.25628662109375,62.16062927246094
normal,C:\Users\Light\Videos\正常往返.mp4,523,True,0.7781474590301514,286.43121337890625,40.84434509277344,311.79132080078125,61.70500564575195
normal,C:\Users\Light\Videos\正常往返.mp4,524,True,0.7781109809875488,286.43035888671875,40.844120025634766,311.7928161621094,61.70549774169922
normal,C:\Users\Light\Videos\正常往返.mp4,525,True,0.7191553711891174,286.9562683105469,40.83542251586914,312.1793212890625,61.46193313598633
normal,C:\Users\Light\Videos\正常往返.mp4,526,True,0.7585431933403015,288.60943603515625,40.52769470214844,313.19085693359375,61.70740509033203
normal,C:\Users\Light\Videos\正常往返.mp4,527,True,0.7572619915008545,288.6142883300781,40.53170394897461,313.1756591796875,61.73611068725586
normal,C:\Users\Light\Videos\正常往返.mp4,528,True,0.7578901052474976,289.5436706542969,40.67025375366211,313.9519958496094,61.79142379760742
normal,C:\Users\Light\Videos\正常往返.mp4,529,True,0.811485230922699,289.4100341796875,41.525691986083984,314.7936706542969,62.37537384033203
normal,C:\Users\Light\Videos\正常往返.mp4,530,True,0.8112937211990356,289.42572021484375,41.520652770996094,314.7982177734375,62.374454498291016
normal,C:\Users\Light\Videos\正常往返.mp4,531,True,0.8337274789810181,289.832763671875,41.59868621826172,315.4898376464844,62.57382583618164
normal,C:\Users\Light\Videos\正常往返.mp4,532,True,0.8332698345184326,289.8246765136719,41.578025817871094,315.4929504394531,62.57490158081055
normal,C:\Users\Light\Videos\正常往返.mp4,533,True,0.8299170136451721,290.42681884765625,41.38824462890625,316.0242919921875,62.15563201904297
normal,C:\Users\Light\Videos\正常往返.mp4,534,True,0.8479788303375244,290.5433044433594,41.409400939941406,316.44940185546875,62.43451690673828
normal,C:\Users\Light\Videos\正常往返.mp4,535,True,0.8478282690048218,290.54730224609375,41.40935516357422,316.44305419921875,62.4306640625
normal,C:\Users\Light\Videos\正常往返.mp4,536,True,0.8261430263519287,290.83856201171875,41.46274185180664,316.16326904296875,62.1187858581543
normal,C:\Users\Light\Videos\正常往返.mp4,537,True,0.8410347700119019,290.1092834472656,41.6606559753418,315.7425842285156,62.5236930847168
normal,C:\Users\Light\Videos\正常往返.mp4,538,True,0.8411744832992554,290.1065673828125,41.66123580932617,315.7443542480469,62.52077865600586
normal,C:\Users\Light\Videos\正常往返.mp4,539,True,0.8000921010971069,289.6905517578125,41.38656234741211,314.5580139160156,62.089988708496094
normal,C:\Users\Light\Videos\正常往返.mp4,540,True,0.8003484606742859,289.6899108886719,41.394073486328125,314.55743408203125,62.10439682006836
normal,C:\Users\Light\Videos\正常往返.mp4,541,True,0.7806519269943237,289.1235656738281,40.5946159362793,314.0146789550781,61.55509567260742
normal,C:\Users\Light\Videos\正常往返.mp4,542,True,0.7806144952774048,289.1187438964844,40.58921432495117,314.01318359375,61.55251693725586
normal,C:\Users\Light\Videos\正常往返.mp4,543,True,0.7759473323822021,288.52532958984375,40.80319595336914,313.31158447265625,62.15928268432617
normal,C:\Users\Light\Videos\正常往返.mp4,544,True,0.7476535439491272,287.90966796875,40.50418472290039,312.70458984375,61.48815155029297
normal,C:\Users\Light\Videos\正常往返.mp4,545,True,0.7472271919250488,287.9222412109375,40.501224517822266,312.6973876953125,61.49003601074219
normal,C:\Users\Light\Videos\正常往返.mp4,546,True,0.7690184712409973,286.5785217285156,40.858463287353516,311.782470703125,61.856685638427734
normal,C:\Users\Light\Videos\正常往返.mp4,547,True,0.7921776175498962,285.98681640625,40.8758544921875,311.5379333496094,62.014549255371094
normal,C:\Users\Light\Videos\正常往返.mp4,548,True,0.7921282649040222,285.98724365234375,40.875877380371094,311.5386047363281,62.01448440551758
normal,C:\Users\Light\Videos\正常往返.mp4,549,True,0.836050271987915,284.9236145019531,41.06254196166992,310.9629211425781,62.195499420166016
normal,C:\Users\Light\Videos\正常往返.mp4,550,True,0.7940643429756165,284.0605163574219,40.747013092041016,309.1236572265625,61.68830871582031
normal,C:\Users\Light\Videos\正常往返.mp4,551,True,0.7942003011703491,284.060791015625,40.7451286315918,309.12945556640625,61.69252395629883
normal,C:\Users\Light\Videos\正常往返.mp4,552,True,0.7743027806282043,282.77520751953125,40.75996398925781,307.6903991699219,61.57244110107422
normal,C:\Users\Light\Videos\正常往返.mp4,553,True,0.7643574476242065,280.8879089355469,41.17287063598633,305.95172119140625,61.94007873535156
normal,C:\Users\Light\Videos\正常往返.mp4,554,True,0.7613679766654968,280.8834228515625,41.155906677246094,305.960205078125,61.94099807739258
normal,C:\Users\Light\Videos\正常往返.mp4,555,True,0.8291216492652893,279.3251037597656,41.23542022705078,305.2401428222656,62.371337890625
normal,C:\Users\Light\Videos\正常往返.mp4,556,True,0.8295865654945374,279.31402587890625,41.243221282958984,305.20263671875,62.38021469116211
normal,C:\Users\Light\Videos\正常往返.mp4,557,True,0.8007176518440247,278.0033264160156,41.08208465576172,302.9195861816406,62.2908821105957
normal,C:\Users\Light\Videos\正常往返.mp4,558,True,0.7486733198165894,275.7528076171875,40.62876892089844,301.1362609863281,61.57132339477539
normal,C:\Users\Light\Videos\正常往返.mp4,559,True,0.7493545413017273,275.7955322265625,40.624420166015625,301.1504821777344,61.56661605834961
normal,C:\Users\Light\Videos\正常往返.mp4,560,True,0.7782868146896362,274.2132568359375,40.85615539550781,299.4667663574219,61.894447326660156
normal,C:\Users\Light\Videos\正常往返.mp4,561,True,0.7584503293037415,272.46771240234375,40.34013366699219,296.8895568847656,61.057899475097656
normal,C:\Users\Light\Videos\正常往返.mp4,562,True,0.7574480175971985,272.46124267578125,40.33119201660156,296.88568115234375,61.043758392333984
normal,C:\Users\Light\Videos\正常往返.mp4,563,True,0.7449319958686829,270.2076416015625,41.225379943847656,294.82843017578125,62.74143981933594
normal,C:\Users\Light\Videos\正常往返.mp4,564,True,0.8270321488380432,267.1066589355469,41.37825012207031,292.98284912109375,62.524566650390625
normal,C:\Users\Light\Videos\正常往返.mp4,565,True,0.7545782327651978,265.6393737792969,40.75053024291992,289.6910095214844,61.832435607910156
normal,C:\Users\Light\Videos\正常往返.mp4,566,True,0.7564289569854736,265.6087951660156,40.723209381103516,289.7206726074219,61.80251693725586
normal,C:\Users\Light\Videos\正常往返.mp4,567,True,0.7941945791244507,262.6389465332031,40.91657638549805,287.4391174316406,62.12156677246094
normal,C:\Users\Light\Videos\正常往返.mp4,568,True,0.7527146935462952,259.947998046875,41.24001693725586,284.3308410644531,62.836082458496094
normal,C:\Users\Light\Videos\正常往返.mp4,569,True,0.7530046701431274,259.9482421875,41.24362564086914,284.32470703125,62.8416633605957
normal,C:\Users\Light\Videos\正常往返.mp4,570,True,0.7660605311393738,256.9933166503906,40.63047409057617,282.0478515625,61.81865310668945
normal,C:\Users\Light\Videos\正常往返.mp4,571,True,0.7539781332015991,254.7257537841797,40.57917404174805,278.7774353027344,61.60966873168945
normal,C:\Users\Light\Videos\正常往返.mp4,572,True,0.7540764212608337,254.72622680664062,40.579689025878906,278.7766418457031,61.60673141479492
normal,C:\Users\Light\Videos\正常往返.mp4,573,True,0.77570641040802,250.98068237304688,40.65371322631836,276.10882568359375,61.418766021728516
normal,C:\Users\Light\Videos\正常往返.mp4,574,True,0.7509921193122864,248.4779510498047,40.283905029296875,272.39739990234375,61.069217681884766
normal,C:\Users\Light\Videos\正常往返.mp4,575,True,0.7505235075950623,248.47882080078125,40.282470703125,272.4036560058594,61.06962203979492
normal,C:\Users\Light\Videos\正常往返.mp4,576,True,0.8100924491882324,244.3504638671875,41.3095817565918,269.448974609375,62.75168228149414
normal,C:\Users\Light\Videos\正常往返.mp4,577,True,0.8107653856277466,244.339599609375,41.324462890625,269.46075439453125,62.741641998291016
normal,C:\Users\Light\Videos\正常往返.mp4,578,True,0.7524269223213196,240.05245971679688,41.40890884399414,264.9062805175781,62.40677261352539
normal,C:\Users\Light\Videos\正常往返.mp4,579,True,0.8316604495048523,236.8437957763672,41.66280746459961,262.8130798339844,63.08814239501953
normal,C:\Users\Light\Videos\正常往返.mp4,580,True,0.8306103348731995,236.78713989257812,41.646156311035156,262.80096435546875,63.075706481933594
normal,C:\Users\Light\Videos\正常往返.mp4,581,True,0.7387857437133789,234.0424346923828,40.977264404296875,258.7596130371094,61.335105895996094
normal,C:\Users\Light\Videos\正常往返.mp4,582,True,0.7616457343101501,230.7090606689453,40.84586715698242,254.81466674804688,61.193355560302734
normal,C:\Users\Light\Videos\正常往返.mp4,583,True,0.7624121308326721,230.69989013671875,40.83246612548828,254.82203674316406,61.18819808959961
normal,C:\Users\Light\Videos\正常往返.mp4,584,True,0.8169395327568054,227.1429443359375,42.662574768066406,251.7246551513672,62.9391975402832
normal,C:\Users\Light\Videos\正常往返.mp4,585,True,0.701408326625824,222.97225952148438,41.93270492553711,247.63510131835938,63.198387145996094
normal,C:\Users\Light\Videos\正常往返.mp4,586,True,0.7023113965988159,222.9790496826172,41.97914123535156,247.6378631591797,63.247196197509766
normal,C:\Users\Light\Videos\正常往返.mp4,587,True,0.7833738923072815,219.36534118652344,41.035579681396484,244.27142333984375,62.50564956665039
normal,C:\Users\Light\Videos\正常往返.mp4,588,True,0.7316582202911377,216.5557861328125,41.06836700439453,241.1878662109375,62.00096893310547
normal,C:\Users\Light\Videos\正常往返.mp4,589,True,0.7746878266334534,213.0799560546875,40.68470764160156,238.03253173828125,61.93281555175781
normal,C:\Users\Light\Videos\正常往返.mp4,590,True,0.7744525671005249,213.07940673828125,40.6876220703125,238.00799560546875,61.955406188964844
normal,C:\Users\Light\Videos\正常往返.mp4,591,True,0.7877907752990723,209.8174285888672,41.808074951171875,234.60406494140625,62.233421325683594
normal,C:\Users\Light\Videos\正常往返.mp4,592,True,0.7216948866844177,206.3630828857422,41.8651123046875,231.3834686279297,62.36589431762695
normal,C:\Users\Light\Videos\正常往返.mp4,593,True,0.7199739217758179,206.3589630126953,41.88192367553711,231.3959197998047,62.382118225097656
normal,C:\Users\Light\Videos\正常往返.mp4,594,True,0.8305945992469788,203.67636108398438,42.68373107910156,227.94802856445312,63.18218231201172
normal,C:\Users\Light\Videos\正常往返.mp4,595,True,0.7492169141769409,200.478759765625,41.30897521972656,225.02464294433594,62.54807662963867
normal,C:\Users\Light\Videos\正常往返.mp4,596,True,0.7488771080970764,200.43759155273438,41.276546478271484,225.07464599609375,62.534156799316406
normal,C:\Users\Light\Videos\正常往返.mp4,597,True,0.8221012353897095,197.82977294921875,42.1736946105957,222.6565704345703,63.13798522949219
normal,C:\Users\Light\Videos\正常往返.mp4,598,True,0.7902883887290955,194.29702758789062,42.98789978027344,220.0223846435547,64.22852325439453
normal,C:\Users\Light\Videos\正常往返.mp4,599,True,0.7901788949966431,194.3009490966797,42.991172790527344,220.0188751220703,64.2343521118164
normal,C:\Users\Light\Videos\正常往返.mp4,600,True,0.8246519565582275,191.95188903808594,42.720577239990234,216.73829650878906,63.84148025512695
normal,C:\Users\Light\Videos\正常往返.mp4,601,True,0.8242636919021606,191.94786071777344,42.726470947265625,216.74609375,63.87682342529297
normal,C:\Users\Light\Videos\正常往返.mp4,602,True,0.7922782897949219,189.4835205078125,41.81000518798828,214.4370880126953,63.137001037597656
normal,C:\Users\Light\Videos\正常往返.mp4,603,True,0.7706872820854187,187.21588134765625,42.279319763183594,211.26226806640625,63.299190521240234
normal,C:\Users\Light\Videos\正常往返.mp4,604,True,0.7688127756118774,187.21937561035156,42.28487777709961,211.2753143310547,63.28538513183594
normal,C:\Users\Light\Videos\正常往返.mp4,605,True,0.8237140774726868,184.82962036132812,41.787010192871094,209.4829864501953,63.05457305908203
normal,C:\Users\Light\Videos\正常往返.mp4,606,True,0.756321907043457,181.81422424316406,41.59306335449219,207.19973754882812,62.8452033996582
normal,C:\Users\Light\Videos\正常往返.mp4,607,True,0.7579827308654785,181.76296997070312,41.58346939086914,207.2168426513672,62.87967300415039
normal,C:\Users\Light\Videos\正常往返.mp4,608,True,0.8250678777694702,180.04638671875,41.96307373046875,205.1483154296875,63.01633834838867
normal,C:\Users\Light\Videos\正常往返.mp4,609,True,0.7801229953765869,178.0068817138672,42.191558837890625,203.0294189453125,63.58708953857422
normal,C:\Users\Light\Videos\正常往返.mp4,610,True,0.780646562576294,177.99276733398438,42.17775344848633,203.03819274902344,63.57798767089844
normal,C:\Users\Light\Videos\正常往返.mp4,611,True,0.7350941300392151,175.80282592773438,42.563697814941406,199.9257049560547,63.57572555541992
normal,C:\Users\Light\Videos\正常往返.mp4,612,True,0.8089730143547058,174.10044860839844,42.73518753051758,198.8175811767578,64.2452392578125
normal,C:\Users\Light\Videos\正常往返.mp4,613,True,0.7840290069580078,172.57144165039062,42.75674819946289,196.4932403564453,64.59212493896484
normal,C:\Users\Light\Videos\正常往返.mp4,614,True,0.7841878533363342,172.57235717773438,42.75923538208008,196.48931884765625,64.59241485595703
normal,C:\Users\Light\Videos\正常往返.mp4,615,True,0.7749279737472534,171.22940063476562,42.444313049316406,195.55807495117188,64.37865447998047
normal,C:\Users\Light\Videos\正常往返.mp4,616,True,0.7519287467002869,169.87403869628906,42.491512298583984,193.525634765625,63.65351486206055
normal,C:\Users\Light\Videos\正常往返.mp4,617,True,0.7510212659835815,169.8873748779297,42.49751663208008,193.5143585205078,63.664093017578125
normal,C:\Users\Light\Videos\正常往返.mp4,618,True,0.8029929399490356,168.34988403320312,42.56748580932617,192.81056213378906,63.93760299682617
normal,C:\Users\Light\Videos\正常往返.mp4,619,True,0.7782557606697083,167.09861755371094,42.44119644165039,191.52609252929688,64.34429931640625
normal,C:\Users\Light\Videos\正常往返.mp4,620,True,0.7780709266662598,167.0999298095703,42.44312286376953,191.52346801757812,64.34950256347656
normal,C:\Users\Light\Videos\正常往返.mp4,621,True,0.7486246228218079,165.71762084960938,42.99610137939453,190.5656280517578,64.6715087890625
normal,C:\Users\Light\Videos\正常往返.mp4,622,True,0.7486994862556458,165.72103881835938,42.992897033691406,190.57073974609375,64.6697769165039
normal,C:\Users\Light\Videos\正常往返.mp4,623,True,0.7287976741790771,164.74717712402344,42.779632568359375,189.67959594726562,64.33365631103516
normal,C:\Users\Light\Videos\正常往返.mp4,624,True,0.7773177027702332,164.03704833984375,42.257469177246094,188.1659393310547,63.06766128540039
normal,C:\Users\Light\Videos\正常往返.mp4,625,True,0.7771047949790955,164.04151916503906,42.256282806396484,188.16632080078125,63.06562042236328
normal,C:\Users\Light\Videos\正常往返.mp4,626,True,0.7705473899841309,163.7153778076172,42.46815872192383,187.64834594726562,63.593990325927734
normal,C:\Users\Light\Videos\正常往返.mp4,627,True,0.760954737663269,163.46484375,42.86941146850586,187.0404510498047,64.34329223632812
normal,C:\Users\Light\Videos\正常往返.mp4,628,True,0.7613726854324341,163.46376037597656,42.884761810302734,187.04025268554688,64.34161376953125
normal,C:\Users\Light\Videos\正常往返.mp4,629,True,0.8000168800354004,162.91671752929688,42.54388427734375,187.09432983398438,63.83506774902344
normal,C:\Users\Light\Videos\正常往返.mp4,630,True,0.8107107877731323,162.58969116210938,42.73458480834961,187.04103088378906,63.90869140625
normal,C:\Users\Light\Videos\正常往返.mp4,631,True,0.8104290962219238,162.59596252441406,42.742740631103516,187.0327606201172,63.917789459228516
normal,C:\Users\Light\Videos\正常往返.mp4,632,True,0.8186339735984802,162.57240295410156,42.588348388671875,187.23880004882812,63.8917236328125
normal,C:\Users\Light\Videos\正常往返.mp4,633,True,0.7631159424781799,163.22076416015625,42.77286148071289,187.33641052246094,64.28605651855469
normal,C:\Users\Light\Videos\正常往返.mp4,634,True,0.7631648182868958,163.22088623046875,42.77014923095703,187.33233642578125,64.28656768798828
normal,C:\Users\Light\Videos\正常往返.mp4,635,True,0.7747237086296082,163.54005432128906,42.3723258972168,187.6410369873047,63.70062255859375
normal,C:\Users\Light\Videos\正常往返.mp4,636,True,0.753063976764679,164.077392578125,42.50457763671875,187.94366455078125,63.444976806640625
normal,C:\Users\Light\Videos\正常往返.mp4,637,True,0.7209084630012512,164.82089233398438,42.530662536621094,189.4359893798828,63.89548873901367
normal,C:\Users\Light\Videos\正常往返.mp4,638,True,0.7215208411216736,164.81822204589844,42.533287048339844,189.42494201660156,63.900577545166016
normal,C:\Users\Light\Videos\正常往返.mp4,639,True,0.7338350415229797,165.08351135253906,42.73774337768555,190.10743713378906,64.365234375
normal,C:\Users\Light\Videos\正常往返.mp4,640,True,0.7743228673934937,166.13316345214844,42.69175720214844,190.98085021972656,64.5040512084961
normal,C:\Users\Light\Videos\正常往返.mp4,641,True,0.7741202712059021,166.12185668945312,42.69639587402344,190.97787475585938,64.50541687011719
normal,C:\Users\Light\Videos\正常往返.mp4,642,True,0.774152934551239,166.68809509277344,42.739402770996094,191.4658966064453,64.49786376953125
normal,C:\Users\Light\Videos\正常往返.mp4,643,True,0.7989501357078552,167.9892578125,42.577144622802734,192.4886016845703,63.99526596069336
normal,C:\Users\Light\Videos\正常往返.mp4,644,True,0.7989932894706726,167.98899841308594,42.576473236083984,192.49014282226562,63.996028900146484
normal,C:\Users\Light\Videos\正常往返.mp4,645,True,0.7620609402656555,168.50003051757812,43.03825759887695,192.82913208007812,64.7706298828125
normal,C:\Users\Light\Videos\正常往返.mp4,646,True,0.761857271194458,168.504638671875,43.03740692138672,192.83529663085938,64.7690200805664
normal,C:\Users\Light\Videos\正常往返.mp4,647,True,0.7552028894424438,169.79232788085938,42.95719528198242,194.2422637939453,64.89691925048828
normal,C:\Users\Light\Videos\正常往返.mp4,648,True,0.7681394815444946,171.04702758789062,42.55060958862305,195.51528930664062,64.60162353515625
normal,C:\Users\Light\Videos\正常往返.mp4,649,True,0.7682570219039917,171.053955078125,42.52225875854492,195.5153350830078,64.56498718261719
normal,C:\Users\Light\Videos\正常往返.mp4,650,True,0.7889156341552734,172.44810485839844,43.130435943603516,196.3212890625,65.09136199951172
normal,C:\Users\Light\Videos\正常往返.mp4,651,True,0.7845615744590759,173.8770751953125,42.9113883972168,197.89154052734375,64.82103729248047
normal,C:\Users\Light\Videos\正常往返.mp4,652,True,0.78468918800354,173.86866760253906,42.91237258911133,197.89035034179688,64.81915283203125
normal,C:\Users\Light\Videos\正常往返.mp4,653,True,0.7626848816871643,175.32882690429688,42.644805908203125,199.0877685546875,63.89784240722656
normal,C:\Users\Light\Videos\正常往返.mp4,654,True,0.7010183334350586,176.31521606445312,43.134334564208984,201.41844177246094,64.58760070800781
normal,C:\Users\Light\Videos\正常往返.mp4,655,True,0.7007572650909424,176.3085174560547,43.12857437133789,201.4139404296875,64.57878875732422
normal,C:\Users\Light\Videos\正常往返.mp4,656,True,0.8049501180648804,177.7324676513672,43.035099029541016,203.43760681152344,64.5424575805664
normal,C:\Users\Light\Videos\正常往返.mp4,657,True,0.8051798343658447,177.6912078857422,43.0332145690918,203.44317626953125,64.52153015136719
normal,C:\Users\Light\Videos\正常往返.mp4,658,True,0.7652115821838379,181.48651123046875,42.49213790893555,206.05490112304688,63.09372329711914
normal,C:\Users\Light\Videos\正常往返.mp4,659,True,0.7656686305999756,181.4830322265625,42.4892463684082,206.04241943359375,63.089263916015625
normal,C:\Users\Light\Videos\正常往返.mp4,660,True,0.8077906370162964,183.53109741210938,42.635501861572266,208.7481689453125,64.33470916748047
normal,C:\Users\Light\Videos\正常往返.mp4,661,True,0.8358792662620544,185.53907775878906,42.62871170043945,210.59268188476562,64.01375579833984
normal,C:\Users\Light\Videos\正常往返.mp4,662,True,0.8353316783905029,185.55398559570312,42.62671661376953,210.59759521484375,64.01265716552734
normal,C:\Users\Light\Videos\正常往返.mp4,663,True,0.7434037327766418,187.4921875,42.60309600830078,211.6162567138672,63.484195709228516
normal,C:\Users\Light\Videos\正常往返.mp4,664,True,0.7771294713020325,189.3419952392578,43.247467041015625,214.50509643554688,64.96598815917969
normal,C:\Users\Light\Videos\正常往返.mp4,665,True,0.7770832777023315,189.34228515625,43.24776077270508,214.50436401367188,64.96578979492188
normal,C:\Users\Light\Videos\正常往返.mp4,666,True,0.8359256982803345,191.62826538085938,42.66611862182617,216.6256103515625,63.6309928894043
normal,C:\Users\Light\Videos\正常往返.mp4,667,True,0.8351342678070068,191.6345672607422,42.66730499267578,216.6336669921875,63.64647674560547
normal,C:\Users\Light\Videos\正常往返.mp4,668,True,0.767246425151825,193.41293334960938,42.41746520996094,217.86123657226562,63.02236557006836
normal,C:\Users\Light\Videos\正常往返.mp4,669,True,0.8230424523353577,195.576904296875,42.86654281616211,220.95753479003906,64.17740631103516
normal,C:\Users\Light\Videos\正常往返.mp4,670,True,0.8230437636375427,195.579833984375,42.86642837524414,220.96090698242188,64.17356872558594
normal,C:\Users\Light\Videos\正常往返.mp4,671,True,0.8220595121383667,198.14276123046875,42.094425201416016,222.84812927246094,63.139400482177734
normal,C:\Users\Light\Videos\正常往返.mp4,672,True,0.7612374424934387,200.02825927734375,40.815521240234375,225.04632568359375,61.943729400634766
normal,C:\Users\Light\Videos\正常往返.mp4,673,True,0.7627794742584229,200.04489135742188,40.81592559814453,225.05865478515625,61.94673538208008
normal,C:\Users\Light\Videos\正常往返.mp4,674,True,0.8008814454078674,202.23501586914062,41.742881774902344,226.76638793945312,62.68893051147461
normal,C:\Users\Light\Videos\正常往返.mp4,675,True,0.8034988045692444,204.42616271972656,42.013004302978516,228.5294647216797,62.57052993774414
normal,C:\Users\Light\Videos\正常往返.mp4,676,True,0.8048948645591736,204.41485595703125,42.030643463134766,228.52647399902344,62.57355880737305
normal,C:\Users\Light\Videos\正常往返.mp4,677,True,0.7594802975654602,205.97213745117188,40.96903991699219,231.09117126464844,62.04018783569336
normal,C:\Users\Light\Videos\正常往返.mp4,678,True,0.8291676640510559,207.55535888671875,43.034156799316406,232.74984741210938,64.02072143554688
normal,C:\Users\Light\Videos\正常往返.mp4,679,True,0.8289943337440491,207.55593872070312,43.03178024291992,232.7533416748047,64.00942993164062
normal,C:\Users\Light\Videos\正常往返.mp4,680,True,0.8198212385177612,209.7698974609375,42.54563522338867,234.4619140625,63.34336471557617
normal,C:\Users\Light\Videos\正常往返.mp4,681,True,0.8198471665382385,209.77008056640625,42.54505157470703,234.4637908935547,63.34309387207031
normal,C:\Users\Light\Videos\正常往返.mp4,682,True,0.7264801263809204,211.98367309570312,41.940773010253906,236.71759033203125,63.2545051574707
normal,C:\Users\Light\Videos\正常往返.mp4,683,True,0.7917373776435852,212.7989501953125,40.7221794128418,238.1004180908203,62.007896423339844
normal,C:\Users\Light\Videos\正常往返.mp4,684,True,0.7739062309265137,214.849609375,40.96153259277344,240.21705627441406,62.31367492675781
normal,C:\Users\Light\Videos\正常往返.mp4,685,True,0.7326367497444153,216.36135864257812,40.77312088012695,240.9130859375,61.9246826171875
normal,C:\Users\Light\Videos\正常往返.mp4,686,True,0.7333371639251709,216.34556579589844,40.778656005859375,240.90817260742188,61.93729782104492
normal,C:\Users\Light\Videos\正常往返.mp4,687,True,0.7370676398277283,217.37155151367188,40.71137619018555,242.00820922851562,62.58713912963867
normal,C:\Users\Light\Videos\正常往返.mp4,688,True,0.7619091272354126,218.91622924804688,40.663841247558594,243.40834045410156,62.143550872802734
normal,C:\Users\Light\Videos\正常往返.mp4,689,True,0.7619967460632324,218.92286682128906,40.663753509521484,243.41708374023438,62.16102981567383
normal,C:\Users\Light\Videos\正常往返.mp4,690,True,0.7629123330116272,219.56808471679688,41.31166458129883,243.60861206054688,62.97218704223633
normal,C:\Users\Light\Videos\正常往返.mp4,691,True,0.7635945081710815,219.56884765625,41.31829833984375,243.61170959472656,62.983036041259766
normal,C:\Users\Light\Videos\正常往返.mp4,692,True,0.8043646812438965,220.3885498046875,41.68873596191406,245.76388549804688,63.1995964050293
normal,C:\Users\Light\Videos\正常往返.mp4,693,True,0.7852213382720947,221.31829833984375,41.62540054321289,246.31829833984375,62.7955207824707
normal,C:\Users\Light\Videos\正常往返.mp4,694,True,0.7846501469612122,221.3267059326172,41.61787033081055,246.32333374023438,62.78861618041992
normal,C:\Users\Light\Videos\正常往返.mp4,695,True,0.7452501654624939,222.1367645263672,41.31412887573242,246.7479248046875,62.34135437011719
normal,C:\Users\Light\Videos\正常往返.mp4,696,True,0.7225939035415649,222.10968017578125,41.673606872558594,247.15914916992188,63.32548141479492
normal,C:\Users\Light\Videos\正常往返.mp4,697,True,0.7223818302154541,222.11036682128906,41.67613983154297,247.1539306640625,63.32124328613281
normal,C:\Users\Light\Videos\正常往返.mp4,698,True,0.7344244122505188,222.3225860595703,41.68445587158203,247.29640197753906,63.44412612915039
normal,C:\Users\Light\Videos\正常往返.mp4,699,True,0.7412904500961304,222.59861755371094,41.31856918334961,247.41650390625,62.9897575378418
normal,C:\Users\Light\Videos\正常往返.mp4,700,True,0.7416229844093323,222.61090087890625,41.315452575683594,247.42210388183594,62.98471450805664
normal,C:\Users\Light\Videos\正常往返.mp4,701,True,0.7505683302879333,222.5020294189453,41.43757247924805,247.3005828857422,63.24654769897461
normal,C:\Users\Light\Videos\正常往返.mp4,702,True,0.7505314350128174,222.50375366210938,41.440128326416016,247.30751037597656,63.25192642211914
normal,C:\Users\Light\Videos\正常往返.mp4,703,True,0.7259160876274109,222.2950439453125,41.4620246887207,246.85716247558594,62.451324462890625
normal,C:\Users\Light\Videos\正常往返.mp4,704,True,0.7449091672897339,222.16729736328125,41.20023727416992,246.7858428955078,62.16788864135742
normal,C:\Users\Light\Videos\正常往返.mp4,705,True,0.745022177696228,222.1755828857422,41.201961517333984,246.79176330566406,62.16903305053711
normal,C:\Users\Light\Videos\正常往返.mp4,706,True,0.7707443237304688,221.62298583984375,41.375179290771484,246.32337951660156,62.50836181640625
normal,C:\Users\Light\Videos\正常往返.mp4,707,True,0.8181533217430115,220.54052734375,41.89689254760742,245.92176818847656,63.35409927368164
normal,C:\Users\Light\Videos\正常往返.mp4,708,True,0.7790878415107727,219.63259887695312,41.46516036987305,244.64002990722656,62.98955535888672
normal,C:\Users\Light\Videos\正常往返.mp4,709,True,0.7688141465187073,219.12542724609375,41.384613037109375,243.08145141601562,63.009010314941406
normal,C:\Users\Light\Videos\正常往返.mp4,710,True,0.7681188583374023,219.11961364746094,41.3958854675293,243.09039306640625,63.020328521728516
normal,C:\Users\Light\Videos\正常往返.mp4,711,True,0.7584794163703918,218.65000915527344,40.78620910644531,242.78890991210938,62.825618743896484
normal,C:\Users\Light\Videos\正常往返.mp4,712,True,0.7587372064590454,218.65151977539062,40.789390563964844,242.78929138183594,62.83390808105469
normal,C:\Users\Light\Videos\正常往返.mp4,713,True,0.7226998805999756,217.20143127441406,40.920005798339844,241.90792846679688,62.55488967895508
normal,C:\Users\Light\Videos\正常往返.mp4,714,True,0.7273706793785095,216.4091033935547,40.81487274169922,240.97372436523438,62.50399398803711
normal,C:\Users\Light\Videos\正常往返.mp4,715,True,0.7274472713470459,216.40957641601562,40.81236267089844,240.97267150878906,62.502960205078125
normal,C:\Users\Light\Videos\正常往返.mp4,716,True,0.7667458057403564,215.19171142578125,40.70389175415039,240.20973205566406,62.03927230834961
normal,C:\Users\Light\Videos\正常往返.mp4,717,True,0.7681027054786682,213.57928466796875,39.96864318847656,238.58016967773438,61.19981002807617
normal,C:\Users\Light\Videos\正常往返.mp4,718,True,0.7675751447677612,213.5791778564453,39.96723175048828,238.58612060546875,61.200233459472656
normal,C:\Users\Light\Videos\正常往返.mp4,719,True,0.7524946928024292,212.97451782226562,39.6757926940918,237.6644744873047,61.18091583251953
normal,C:\Users\Light\Videos\正常往返.mp4,720,True,0.7551348209381104,211.78543090820312,41.26572036743164,236.2890167236328,62.786216735839844
normal,C:\Users\Light\Videos\正常往返.mp4,721,True,0.7536625862121582,211.76480102539062,41.274105072021484,236.28456115722656,62.78810119628906
normal,C:\Users\Light\Videos\正常往返.mp4,722,True,0.7847887873649597,209.7823944091797,41.410926818847656,234.65939331054688,62.414794921875
normal,C:\Users\Light\Videos\正常往返.mp4,723,True,0.7973163723945618,208.16177368164062,41.55489730834961,232.65365600585938,62.232276916503906
normal,C:\Users\Light\Videos\正常往返.mp4,724,True,0.7973948121070862,208.1644287109375,41.5596923828125,232.64901733398438,62.229408264160156
normal,C:\Users\Light\Videos\正常往返.mp4,725,True,0.7706077098846436,206.37083435058594,40.67863464355469,231.2236328125,61.62629699707031
normal,C:\Users\Light\Videos\正常往返.mp4,726,True,0.7704433798789978,206.3668212890625,40.68114471435547,231.21839904785156,61.62907409667969
normal,C:\Users\Light\Videos\正常往返.mp4,727,True,0.775751531124115,204.94903564453125,41.644920349121094,229.26625061035156,61.96905517578125
normal,C:\Users\Light\Videos\正常往返.mp4,728,True,0.8304432034492493,203.0316162109375,41.48931884765625,228.34007263183594,62.26060485839844
normal,C:\Users\Light\Videos\正常往返.mp4,729,True,0.8307064771652222,203.0294647216797,41.516326904296875,228.3313751220703,62.26708221435547
normal,C:\Users\Light\Videos\正常往返.mp4,730,True,0.749800980091095,200.1265106201172,41.4554328918457,224.44032287597656,62.8587646484375
normal,C:\Users\Light\Videos\正常往返.mp4,731,True,0.7502071261405945,200.13916015625,41.456912994384766,224.44471740722656,62.86037826538086
normal,C:\Users\Light\Videos\正常往返.mp4,732,True,0.7982378602027893,198.3213653564453,41.23120880126953,223.2058563232422,62.428489685058594
normal,C:\Users\Light\Videos\正常往返.mp4,733,True,0.8201796412467957,196.38772583007812,41.750144958496094,221.52635192871094,63.038143157958984
normal,C:\Users\Light\Videos\正常往返.mp4,734,True,0.8202367424964905,196.388916015625,41.750701904296875,221.5259246826172,63.036956787109375
normal,C:\Users\Light\Videos\正常往返.mp4,735,True,0.7912221550941467,194.71311950683594,42.151756286621094,219.55596923828125,63.320438385009766
normal,C:\Users\Light\Videos\正常往返.mp4,736,True,0.7936473488807678,194.67776489257812,42.141578674316406,219.64077758789062,63.3236198425293
normal,C:\Users\Light\Videos\正常往返.mp4,737,True,0.7884225845336914,193.14419555664062,42.07067108154297,217.32464599609375,62.99166488647461
normal,C:\Users\Light\Videos\正常往返.mp4,738,True,0.835850179195404,191.50897216796875,42.04648971557617,216.782958984375,63.140811920166016
normal,C:\Users\Light\Videos\正常往返.mp4,739,True,0.8359922170639038,191.5074462890625,42.04500961303711,216.77911376953125,63.13399887084961
normal,C:\Users\Light\Videos\正常往返.mp4,740,True,0.8014817237854004,190.03602600097656,41.769798278808594,214.8708038330078,63.15058135986328
normal,C:\Users\Light\Videos\正常往返.mp4,741,True,0.765970766544342,187.8717498779297,41.16883850097656,213.20921325683594,62.51327133178711
normal,C:\Users\Light\Videos\正常往返.mp4,742,True,0.7659932971000671,187.873779296875,41.171146392822266,213.20765686035156,62.51069259643555
normal,C:\Users\Light\Videos\正常往返.mp4,743,True,0.7735931277275085,187.1863250732422,41.50532150268555,211.79946899414062,62.43828201293945
normal,C:\Users\Light\Videos\正常往返.mp4,744,True,0.8420135974884033,185.45040893554688,41.94816970825195,210.50192260742188,63.32312774658203
normal,C:\Users\Light\Videos\正常往返.mp4,745,True,0.8420203924179077,185.4506072998047,41.948638916015625,210.50192260742188,63.322792053222656
normal,C:\Users\Light\Videos\正常往返.mp4,746,True,0.8135698437690735,184.1303253173828,41.6857795715332,208.9825897216797,63.134334564208984
normal,C:\Users\Light\Videos\正常往返.mp4,747,True,0.8135369420051575,184.1402587890625,41.66578674316406,208.9915313720703,63.127071380615234
normal,C:\Users\Light\Videos\正常往返.mp4,748,True,0.7678790092468262,182.18350219726562,41.85068130493164,207.5089874267578,63.428279876708984
normal,C:\Users\Light\Videos\正常往返.mp4,749,True,0.7823690176010132,180.76734924316406,41.93940734863281,205.83180236816406,63.167388916015625
normal,C:\Users\Light\Videos\正常往返.mp4,750,True,0.7832695245742798,180.75843811035156,41.91815948486328,205.92886352539062,63.154659271240234
normal,C:\Users\Light\Videos\正常往返.mp4,751,True,0.8183035254478455,180.1293487548828,41.75699996948242,205.16058349609375,62.95858383178711
normal,C:\Users\Light\Videos\正常往返.mp4,752,True,0.8374600410461426,178.38360595703125,42.04960250854492,204.12600708007812,63.379425048828125
normal,C:\Users\Light\Videos\正常往返.mp4,753,True,0.8374856114387512,178.3816680908203,42.05971145629883,204.11264038085938,63.37792205810547
normal,C:\Users\Light\Videos\正常往返.mp4,754,True,0.7683311700820923,178.0470428466797,42.02096176147461,202.93443298339844,63.68811798095703
normal,C:\Users\Light\Videos\正常往返.mp4,755,True,0.7212319374084473,176.0094451904297,42.55083465576172,202.18800354003906,64.32466888427734
normal,C:\Users\Light\Videos\正常往返.mp4,756,True,0.7482110261917114,175.6436309814453,42.58711624145508,200.1744842529297,63.55629348754883
normal,C:\Users\Light\Videos\正常往返.mp4,757,True,0.7483424544334412,175.64031982421875,42.5751953125,200.18983459472656,63.54755401611328
normal,C:\Users\Light\Videos\正常往返.mp4,758,True,0.7693480253219604,175.27804565429688,42.59072494506836,199.0155792236328,64.13529205322266
normal,C:\Users\Light\Videos\正常往返.mp4,759,True,0.7860258221626282,174.2626190185547,42.76044845581055,198.30767822265625,64.63854217529297
normal,C:\Users\Light\Videos\正常往返.mp4,760,True,0.7859663963317871,174.2620849609375,42.7588996887207,198.3086395263672,64.63941192626953
normal,C:\Users\Light\Videos\正常往返.mp4,761,True,0.8165935277938843,173.14877319335938,42.70441818237305,197.8996124267578,64.533203125
normal,C:\Users\Light\Videos\正常往返.mp4,762,True,0.7810468077659607,172.4429168701172,42.792808532714844,196.43429565429688,64.61065673828125
normal,C:\Users\Light\Videos\正常往返.mp4,763,True,0.781008780002594,172.44375610351562,42.79254150390625,196.43653869628906,64.61204528808594
normal,C:\Users\Light\Videos\正常往返.mp4,764,True,0.7820842266082764,171.67140197753906,42.21390151977539,195.95188903808594,64.17388153076172
normal,C:\Users\Light\Videos\正常往返.mp4,765,True,0.7699950337409973,170.862060546875,42.17755126953125,195.3192138671875,64.15039825439453
normal,C:\Users\Light\Videos\正常往返.mp4,766,True,0.7699681520462036,170.8660430908203,42.17716979980469,195.32135009765625,64.14701080322266
normal,C:\Users\Light\Videos\正常往返.mp4,767,True,0.7591959834098816,170.2572479248047,42.509552001953125,194.63870239257812,64.42278289794922
normal,C:\Users\Light\Videos\正常往返.mp4,768,True,0.7523567080497742,169.39459228515625,42.585323333740234,193.96292114257812,64.52119445800781
normal,C:\Users\Light\Videos\正常往返.mp4,769,True,0.7518965005874634,169.37100219726562,42.600765228271484,193.94349670410156,64.5362319946289
normal,C:\Users\Light\Videos\正常往返.mp4,770,True,0.7655647397041321,169.14903259277344,43.022705078125,193.4878692626953,64.9050521850586
normal,C:\Users\Light\Videos\正常往返.mp4,771,True,0.7658421993255615,169.14324951171875,43.0250129699707,193.47938537597656,64.90767669677734
normal,C:\Users\Light\Videos\正常往返.mp4,772,True,0.7690879106521606,168.91473388671875,42.78028106689453,193.06243896484375,64.20194244384766
normal,C:\Users\Light\Videos\正常往返.mp4,773,True,0.78570157289505,168.4777069091797,42.703857421875,192.8576202392578,64.15640258789062
normal,C:\Users\Light\Videos\正常往返.mp4,774,True,0.7857264280319214,168.4784393310547,42.704776763916016,192.85679626464844,64.15503692626953
normal,C:\Users\Light\Videos\正常往返.mp4,775,True,0.7750823497772217,168.1291046142578,42.68781280517578,192.21499633789062,64.43399047851562
normal,C:\Users\Light\Videos\正常往返.mp4,776,True,0.8049439191818237,167.1747283935547,42.44926452636719,192.04888916015625,64.11678314208984
normal,C:\Users\Light\Videos\正常往返.mp4,777,True,0.8047199845314026,167.17308044433594,42.447853088378906,192.04965209960938,64.12083435058594
normal,C:\Users\Light\Videos\正常往返.mp4,778,True,0.8013530969619751,166.51983642578125,42.37721252441406,191.84805297851562,64.08968353271484
normal,C:\Users\Light\Videos\正常往返.mp4,779,True,0.7596826553344727,166.77528381347656,42.54563522338867,190.86395263671875,64.12081146240234
normal,C:\Users\Light\Videos\正常往返.mp4,780,True,0.7591307759284973,166.65447998046875,42.159732818603516,190.82284545898438,64.06099700927734
normal,C:\Users\Light\Videos\正常往返.mp4,781,True,0.7580486536026001,166.62136840820312,42.4021110534668,190.6156768798828,63.97505187988281
normal,C:\Users\Light\Videos\正常往返.mp4,782,True,0.755479097366333,166.09686279296875,42.62546157836914,190.97230529785156,64.40193939208984
normal,C:\Users\Light\Videos\正常往返.mp4,783,True,0.7545799612998962,166.13720703125,42.6327018737793,190.91644287109375,64.36363983154297
normal,C:\Users\Light\Videos\正常往返.mp4,784,True,0.7545410990715027,166.56809997558594,42.31856155395508,190.61962890625,63.95026397705078
normal,C:\Users\Light\Videos\正常往返.mp4,785,True,0.7501416802406311,166.4894561767578,42.094940185546875,190.897216796875,63.81014633178711
normal,C:\Users\Light\Videos\正常往返.mp4,786,True,0.7662060260772705,166.57403564453125,42.04222869873047,191.14779663085938,63.84259796142578
normal,C:\Users\Light\Videos\正常往返.mp4,787,True,0.7660605311393738,166.5620574951172,42.0499382019043,191.14527893066406,63.84614181518555
normal,C:\Users\Light\Videos\正常往返.mp4,788,True,0.762704074382782,166.75082397460938,42.50258255004883,190.85205078125,64.10967254638672
normal,C:\Users\Light\Videos\正常往返.mp4,789,True,0.8152322173118591,166.59121704101562,42.23606491088867,191.73736572265625,63.66386795043945
normal,C:\Users\Light\Videos\正常往返.mp4,790,True,0.8147435188293457,166.5869903564453,42.24753952026367,191.7317352294922,63.681217193603516
normal,C:\Users\Light\Videos\正常往返.mp4,791,True,0.8274760842323303,166.98956298828125,42.17544174194336,192.192138671875,63.68930435180664
normal,C:\Users\Light\Videos\正常往返.mp4,792,True,0.8276646733283997,166.9932403564453,42.15632629394531,192.19252014160156,63.673282623291016
normal,C:\Users\Light\Videos\正常往返.mp4,793,True,0.788816511631012,167.69354248046875,42.23200988769531,192.33499145507812,63.84797668457031
normal,C:\Users\Light\Videos\正常往返.mp4,794,True,0.7905789613723755,168.13270568847656,42.217037200927734,192.40151977539062,63.79289245605469
normal,C:\Users\Light\Videos\正常往返.mp4,795,True,0.7908279895782471,168.08087158203125,42.22389602661133,192.40744018554688,63.818172454833984
normal,C:\Users\Light\Videos\正常往返.mp4,796,True,0.8043623566627502,168.03392028808594,42.2163200378418,192.54872131347656,63.72247314453125
normal,C:\Users\Light\Videos\正常往返.mp4,797,True,0.803600549697876,168.19183349609375,42.1942253112793,192.58116149902344,63.7560920715332
normal,C:\Users\Light\Videos\正常往返.mp4,798,True,0.8031269907951355,168.20118713378906,42.18756866455078,192.5946502685547,63.72124099731445
normal,C:\Users\Light\Videos\正常往返.mp4,799,True,0.8089351654052734,168.239990234375,42.464237213134766,192.791259765625,63.8343505859375
normal,C:\Users\Light\Videos\正常往返.mp4,800,True,0.8183674812316895,168.3804473876953,42.2575798034668,193.21920776367188,63.456607818603516
normal,C:\Users\Light\Videos\正常往返.mp4,801,True,0.8183090686798096,168.37937927246094,42.25529479980469,193.224609375,63.45257568359375
normal,C:\Users\Light\Videos\正常往返.mp4,802,True,0.8133015632629395,168.45712280273438,42.25395202636719,193.2387237548828,63.337337493896484
normal,C:\Users\Light\Videos\正常往返.mp4,803,True,0.8128317594528198,168.46339416503906,42.25933074951172,193.2429656982422,63.342445373535156
normal,C:\Users\Light\Videos\正常往返.mp4,804,True,0.7595313787460327,168.70492553710938,42.751258850097656,193.18130493164062,64.55055236816406
normal,C:\Users\Light\Videos\正常往返.mp4,805,True,0.7597628235816956,168.7119598388672,42.77187728881836,193.1832275390625,64.57242584228516
normal,C:\Users\Light\Videos\正常往返.mp4,806,True,0.75613933801651,168.75059509277344,42.86513137817383,193.23629760742188,64.67070007324219
normal,C:\Users\Light\Videos\正常往返.mp4,807,True,0.7563047409057617,168.87693786621094,42.93751907348633,193.24583435058594,64.6697998046875
normal,C:\Users\Light\Videos\正常往返.mp4,808,True,0.756455659866333,168.8740234375,42.93267822265625,193.24034118652344,64.66316986083984
normal,C:\Users\Light\Videos\正常往返.mp4,809,True,0.7542150616645813,169.1746368408203,42.73960494995117,193.679931640625,64.62710571289062
normal,C:\Users\Light\Videos\正常往返.mp4,810,True,0.7542560696601868,169.31988525390625,42.76813507080078,193.84423828125,64.69597625732422
normal,C:\Users\Light\Videos\正常往返.mp4,811,True,0.7542759776115417,169.32115173339844,42.769412994384766,193.84217834472656,64.69434356689453
normal,C:\Users\Light\Videos\正常往返.mp4,812,True,0.7512023448944092,169.8750762939453,42.35350036621094,193.69412231445312,63.36526107788086
normal,C:\Users\Light\Videos\正常往返.mp4,813,True,0.7725210785865784,169.93325805664062,42.099693298339844,193.96636962890625,62.830413818359375
normal,C:\Users\Light\Videos\正常往返.mp4,814,True,0.7726600766181946,169.94007873535156,42.089046478271484,193.96713256835938,62.82052993774414
normal,C:\Users\Light\Videos\正常往返.mp4,815,True,0.7631967067718506,170.44659423828125,42.01887893676758,194.89877319335938,63.944793701171875
normal,C:\Users\Light\Videos\正常往返.mp4,816,True,0.7632383704185486,170.4509735107422,42.017913818359375,194.90162658691406,63.943607330322266
normal,C:\Users\Light\Videos\正常往返.mp4,817,True,0.7625317573547363,170.70941162109375,41.95612716674805,195.20364379882812,63.852012634277344
normal,C:\Users\Light\Videos\正常往返.mp4,818,True,0.7649759650230408,171.05796813964844,42.15235900878906,195.59588623046875,64.07805633544922
normal,C:\Users\Light\Videos\正常往返.mp4,819,True,0.7648217082023621,171.05389404296875,42.16593933105469,195.58985900878906,64.08966064453125
normal,C:\Users\Light\Videos\正常往返.mp4,820,True,0.7819002866744995,171.57568359375,42.04512023925781,195.83895874023438,63.92393112182617
normal,C:\Users\Light\Videos\正常往返.mp4,821,True,0.788020670413971,172.04273986816406,42.59130859375,196.05491638183594,64.49454498291016
normal,C:\Users\Light\Videos\正常往返.mp4,822,True,0.7879462242126465,172.02667236328125,42.54576873779297,196.05210876464844,64.44479370117188
normal,C:\Users\Light\Videos\正常往返.mp4,823,True,0.7906659841537476,172.16358947753906,42.5534782409668,196.06912231445312,64.35868835449219
normal,C:\Users\Light\Videos\正常往返.mp4,824,True,0.7863174080848694,172.54873657226562,42.707645416259766,196.5071563720703,64.5873031616211
normal,C:\Users\Light\Videos\正常往返.mp4,825,True,0.7864744067192078,172.5545196533203,42.720149993896484,196.50502014160156,64.59905242919922
normal,C:\Users\Light\Videos\正常往返.mp4,826,True,0.7805653214454651,173.3844757080078,42.831939697265625,197.38560485839844,64.92549133300781
normal,C:\Users\Light\Videos\正常往返.mp4,827,True,0.7903933525085449,174.01979064941406,42.899105072021484,198.24720764160156,64.91265106201172
normal,C:\Users\Light\Videos\正常往返.mp4,828,True,0.8101535439491272,174.2031707763672,42.50623321533203,198.72076416015625,64.19696807861328
normal,C:\Users\Light\Videos\正常往返.mp4,829,True,0.8108757734298706,174.19577026367188,42.508140563964844,198.72625732421875,64.19017791748047
normal,C:\Users\Light\Videos\正常往返.mp4,830,True,0.7612597346305847,175.2521209716797,42.711971282958984,198.92945861816406,64.26496124267578
normal,C:\Users\Light\Videos\正常往返.mp4,831,True,0.7520827054977417,175.5986328125,42.581199645996094,199.60015869140625,63.81689453125
normal,C:\Users\Light\Videos\正常往返.mp4,832,True,0.7529512047767639,175.58575439453125,42.56620788574219,199.61660766601562,63.797821044921875
normal,C:\Users\Light\Videos\正常往返.mp4,833,True,0.7062958478927612,176.26513671875,42.524723052978516,200.22308349609375,63.248809814453125
normal,C:\Users\Light\Videos\正常往返.mp4,834,True,0.7321478128433228,176.8194122314453,42.59312438964844,201.89022827148438,64.38587188720703
normal,C:\Users\Light\Videos\正常往返.mp4,835,True,0.7324231266975403,176.8225555419922,42.59404373168945,201.89305114746094,64.3824462890625
normal,C:\Users\Light\Videos\正常往返.mp4,836,True,0.8024564981460571,177.95143127441406,42.66459274291992,203.2064666748047,64.27518463134766
normal,C:\Users\Light\Videos\正常往返.mp4,837,True,0.8041093945503235,177.90509033203125,42.66707992553711,203.2083740234375,64.255126953125
normal,C:\Users\Light\Videos\正常往返.mp4,838,True,0.8425432443618774,178.03492736816406,42.574745178222656,204.17010498046875,63.41904830932617
normal,C:\Users\Light\Videos\正常往返.mp4,839,True,0.8362042903900146,179.76617431640625,42.31336212158203,204.92527770996094,63.59271240234375
normal,C:\Users\Light\Videos\正常往返.mp4,840,True,0.835651159286499,179.77430725097656,42.2962646484375,204.92776489257812,63.558624267578125
normal,C:\Users\Light\Videos\正常往返.mp4,841,True,0.8074594140052795,180.98724365234375,42.213653564453125,205.59324645996094,63.013671875
normal,C:\Users\Light\Videos\正常往返.mp4,842,True,0.765708863735199,181.85267639160156,42.03205490112305,206.32398986816406,62.680660247802734
normal,C:\Users\Light\Videos\正常往返.mp4,843,True,0.7657180428504944,181.85369873046875,42.030643463134766,206.3284912109375,62.68229675292969
normal,C:\Users\Light\Videos\正常往返.mp4,844,True,0.7873680591583252,182.82559204101562,42.03353500366211,208.10836791992188,63.622833251953125
normal,C:\Users\Light\Videos\正常往返.mp4,845,True,0.8172449469566345,184.43161010742188,42.11101150512695,209.0130615234375,63.65118408203125
normal,C:\Users\Light\Videos\正常往返.mp4,846,True,0.8175002932548523,184.42239379882812,42.10341262817383,209.00526428222656,63.630409240722656
normal,C:\Users\Light\Videos\正常往返.mp4,847,True,0.8398399949073792,185.3525390625,42.36396789550781,210.65020751953125,63.78365707397461
normal,C:\Users\Light\Videos\正常往返.mp4,848,True,0.8401418924331665,185.3486328125,42.3516845703125,210.6527862548828,63.78042984008789
normal,C:\Users\Light\Videos\正常往返.mp4,849,True,0.7898196578025818,186.73336791992188,42.587364196777344,211.17581176757812,63.6414794921875
normal,C:\Users\Light\Videos\正常往返.mp4,850,True,0.7165969014167786,187.6935577392578,42.41737365722656,212.11192321777344,63.333168029785156
normal,C:\Users\Light\Videos\正常往返.mp4,851,True,0.7873368859291077,188.68312072753906,42.491512298583984,214.38311767578125,64.07632446289062
normal,C:\Users\Light\Videos\正常往返.mp4,852,True,0.8254573941230774,189.7792205810547,43.04038619995117,215.2382354736328,64.29656219482422
normal,C:\Users\Light\Videos\正常往返.mp4,853,True,0.8243024349212646,189.7816619873047,43.05006790161133,215.20921325683594,64.3261947631836
normal,C:\Users\Light\Videos\正常往返.mp4,854,True,0.8407801389694214,191.69915771484375,42.3745231628418,216.63311767578125,63.4566535949707
normal,C:\Users\Light\Videos\正常往返.mp4,855,True,0.8007687926292419,192.8989715576172,42.619388580322266,217.54400634765625,63.44867706298828
normal,C:\Users\Light\Videos\正常往返.mp4,856,True,0.8018341064453125,192.87759399414062,42.627994537353516,217.5419464111328,63.45118713378906
normal,C:\Users\Light\Videos\正常往返.mp4,857,True,0.7801547050476074,193.7275848388672,42.51531219482422,219.6266326904297,63.85929489135742
normal,C:\Users\Light\Videos\正常往返.mp4,858,True,0.8315779566764832,195.42660522460938,42.54646301269531,220.92059326171875,63.49053955078125
normal,C:\Users\Light\Videos\正常往返.mp4,859,True,0.8321556448936462,195.45274353027344,42.50553894042969,220.87155151367188,63.454994201660156
normal,C:\Users\Light\Videos\正常往返.mp4,860,True,0.8736371994018555,196.33595275878906,42.42640686035156,222.4815216064453,63.502262115478516
normal,C:\Users\Light\Videos\正常往返.mp4,861,True,0.8737042546272278,196.33982849121094,42.42992401123047,222.4817657470703,63.5012092590332
normal,C:\Users\Light\Videos\正常往返.mp4,862,True,0.8136990666389465,198.2146453857422,41.85765075683594,222.9692840576172,62.9344482421875
normal,C:\Users\Light\Videos\正常往返.mp4,863,True,0.7644845247268677,198.943359375,41.64167404174805,223.6465301513672,62.277862548828125
normal,C:\Users\Light\Videos\正常往返.mp4,864,True,0.7643208503723145,198.94500732421875,41.63338088989258,223.6649932861328,62.27642822265625
normal,C:\Users\Light\Videos\正常往返.mp4,865,True,0.7564767599105835,199.6837158203125,40.898983001708984,224.7314453125,62.02427673339844
normal,C:\Users\Light\Videos\正常往返.mp4,866,True,0.7719705104827881,200.9603271484375,40.694881439208984,225.35772705078125,61.95823287963867
normal,C:\Users\Light\Videos\正常往返.mp4,867,True,0.7715254426002502,201.0132293701172,40.6888313293457,225.36749267578125,61.961639404296875
normal,C:\Users\Light\Videos\正常往返.mp4,868,True,0.7722638845443726,201.6212158203125,40.89748001098633,225.84681701660156,62.04473876953125
normal,C:\Users\Light\Videos\正常往返.mp4,869,True,0.7977728843688965,201.9010772705078,41.2073860168457,226.50115966796875,62.423851013183594
normal,C:\Users\Light\Videos\正常往返.mp4,870,True,0.7958834767341614,201.906005859375,41.204627990722656,226.51007080078125,62.4296989440918
normal,C:\Users\Light\Videos\正常往返.mp4,871,True,0.7701162099838257,202.35305786132812,40.8852653503418,226.5328369140625,62.01105499267578
normal,C:\Users\Light\Videos\正常往返.mp4,872,True,0.770041286945343,202.3520050048828,40.88248825073242,226.53541564941406,62.01347351074219
normal,C:\Users\Light\Videos\正常往返.mp4,873,True,0.7940599322319031,202.01797485351562,41.325157165527344,227.01499938964844,62.60620880126953
normal,C:\Users\Light\Videos\正常往返.mp4,874,True,0.7696150541305542,201.5994415283203,40.593448638916016,225.88522338867188,61.46137237548828
normal,C:\Users\Light\Videos\正常往返.mp4,875,True,0.7803991436958313,201.35116577148438,40.685760498046875,225.85406494140625,61.65363693237305
normal,C:\Users\Light\Videos\正常往返.mp4,876,True,0.7686497569084167,201.09580993652344,40.56084060668945,225.57908630371094,61.8124885559082
normal,C:\Users\Light\Videos\正常往返.mp4,877,True,0.7686348557472229,201.09719848632812,40.56404495239258,225.58119201660156,61.82188034057617
normal,C:\Users\Light\Videos\正常往返.mp4,878,True,0.7631584405899048,200.83978271484375,40.147865295410156,224.71157836914062,61.2513313293457
normal,C:\Users\Light\Videos\正常往返.mp4,879,True,0.7605758905410767,199.67042541503906,41.21926498413086,224.2184295654297,63.018287658691406
normal,C:\Users\Light\Videos\正常往返.mp4,880,True,0.7607863545417786,199.67501831054688,41.20805740356445,224.21826171875,63.00596237182617
normal,C:\Users\Light\Videos\正常往返.mp4,881,True,0.7886213660240173,198.31265258789062,40.79833221435547,223.2890625,62.07118606567383
normal,C:\Users\Light\Videos\正常往返.mp4,882,True,0.787969172000885,198.34698486328125,40.80207443237305,223.3142547607422,62.08164978027344
normal,C:\Users\Light\Videos\正常往返.mp4,883,True,0.8029542565345764,197.38328552246094,40.85254669189453,222.8976593017578,62.28483200073242
normal,C:\Users\Light\Videos\正常往返.mp4,884,True,0.8043869733810425,196.24009704589844,41.07224655151367,221.37423706054688,62.69386291503906
normal,C:\Users\Light\Videos\正常往返.mp4,885,True,0.8044874668121338,196.2363739013672,41.07858657836914,221.37307739257812,62.698143005371094
normal,C:\Users\Light\Videos\正常往返.mp4,886,True,0.7725215554237366,194.60984802246094,40.58988571166992,219.65672302246094,62.08474349975586
normal,C:\Users\Light\Videos\正常往返.mp4,887,True,0.7714112997055054,192.63511657714844,40.70956039428711,218.08334350585938,62.152381896972656
normal,C:\Users\Light\Videos\正常往返.mp4,888,True,0.7711917757987976,192.63525390625,40.710323333740234,218.08639526367188,62.147003173828125
normal,C:\Users\Light\Videos\正常往返.mp4,889,True,0.8274132609367371,190.94703674316406,41.455657958984375,216.93272399902344,62.910804748535156
normal,C:\Users\Light\Videos\正常往返.mp4,890,True,0.7726742029190063,189.2398681640625,41.091407775878906,214.43380737304688,62.8785514831543
normal,C:\Users\Light\Videos\正常往返.mp4,891,True,0.7732994556427002,189.21449279785156,41.09564208984375,214.44139099121094,62.89076614379883
normal,C:\Users\Light\Videos\正常往返.mp4,892,True,0.7907025218009949,186.6577606201172,41.54389190673828,211.8578643798828,62.882049560546875
normal,C:\Users\Light\Videos\正常往返.mp4,893,True,0.790406346321106,186.68505859375,41.52732849121094,211.84378051757812,62.847782135009766
normal,C:\Users\Light\Videos\正常往返.mp4,894,True,0.8217112421989441,184.53488159179688,41.4417839050293,209.60260009765625,63.055110931396484
normal,C:\Users\Light\Videos\正常往返.mp4,895,True,0.775744616985321,182.26190185546875,40.89188003540039,207.23907470703125,62.406593322753906
normal,C:\Users\Light\Videos\正常往返.mp4,896,True,0.7757464051246643,182.27061462402344,40.88013458251953,207.2266845703125,62.382164001464844
normal,C:\Users\Light\Videos\正常往返.mp4,897,True,0.8006342649459839,179.38790893554688,41.19438552856445,205.09336853027344,62.504127502441406
normal,C:\Users\Light\Videos\正常往返.mp4,898,True,0.7410089373588562,176.7122344970703,41.37587356567383,201.56336975097656,63.125728607177734
normal,C:\Users\Light\Videos\正常往返.mp4,899,True,0.8239800333976746,173.34097290039062,41.46659469604492,198.93125915527344,62.932945251464844
normal,C:\Users\Light\Videos\正常往返.mp4,900,True,0.7337939739227295,169.6815185546875,41.872039794921875,194.82923889160156,64.19212341308594
normal,C:\Users\Light\Videos\正常往返.mp4,901,True,0.7342299818992615,169.69338989257812,41.886314392089844,194.83665466308594,64.20645141601562
normal,C:\Users\Light\Videos\正常往返.mp4,902,True,0.7728676795959473,166.330322265625,42.80242156982422,191.37266540527344,64.93017578125
normal,C:\Users\Light\Videos\正常往返.mp4,903,True,0.7807464003562927,163.14898681640625,42.10451126098633,187.76991271972656,63.410980224609375
normal,C:\Users\Light\Videos\正常往返.mp4,904,True,0.7809715270996094,163.14474487304688,42.11681365966797,187.77566528320312,63.418216705322266
normal,C:\Users\Light\Videos\正常往返.mp4,905,True,0.7382916212081909,158.06784057617188,41.269622802734375,184.10658264160156,62.212398529052734
normal,C:\Users\Light\Videos\正常往返.mp4,906,True,0.7410216331481934,158.0477294921875,41.262046813964844,184.08062744140625,62.22589111328125
normal,C:\Users\Light\Videos\正常往返.mp4,907,True,0.8146740794181824,154.90869140625,42.32967758178711,180.2919158935547,63.60051345825195
normal,C:\Users\Light\Videos\正常往返.mp4,908,True,0.7537139058113098,151.7633514404297,41.456398010253906,176.1642303466797,62.717281341552734
normal,C:\Users\Light\Videos\正常往返.mp4,909,True,0.7534746527671814,151.76539611816406,41.45583724975586,176.17079162597656,62.71878433227539
normal,C:\Users\Light\Videos\正常往返.mp4,910,True,0.7840434312820435,147.30169677734375,41.81484603881836,173.37718200683594,63.4992561340332
normal,C:\Users\Light\Videos\正常往返.mp4,911,True,0.8138144612312317,143.36158752441406,43.171539306640625,169.10494995117188,64.31575012207031
normal,C:\Users\Light\Videos\正常往返.mp4,912,True,0.8139423727989197,143.36276245117188,43.173622131347656,169.10877990722656,64.3171157836914
normal,C:\Users\Light\Videos\正常往返.mp4,913,True,0.731275200843811,139.8048095703125,42.65618896484375,164.0897216796875,63.854949951171875
normal,C:\Users\Light\Videos\正常往返.mp4,914,True,0.766913115978241,135.54454040527344,42.2655143737793,160.97731018066406,64.35086822509766
normal,C:\Users\Light\Videos\正常往返.mp4,915,True,0.7665255069732666,135.546630859375,42.269325256347656,160.9796905517578,64.34988403320312
normal,C:\Users\Light\Videos\正常往返.mp4,916,True,0.8043304085731506,131.22723388671875,41.28096008300781,157.41806030273438,63.32054901123047
normal,C:\Users\Light\Videos\正常往返.mp4,917,True,0.8040332198143005,131.23036193847656,41.275672912597656,157.4261474609375,63.313018798828125
normal,C:\Users\Light\Videos\正常往返.mp4,918,True,0.6995570063591003,128.03192138671875,41.52522277832031,153.82211303710938,63.62818908691406
normal,C:\Users\Light\Videos\正常往返.mp4,919,True,0.7958095073699951,124.32471466064453,41.51029586791992,150.2984619140625,63.22344207763672
normal,C:\Users\Light\Videos\正常往返.mp4,920,True,0.7963704466819763,124.31877136230469,41.52473068237305,150.3199920654297,63.22761154174805
normal,C:\Users\Light\Videos\正常往返.mp4,921,True,0.8051084280014038,120.91402435302734,42.87786102294922,146.3033447265625,63.844749450683594
normal,C:\Users\Light\Videos\正常往返.mp4,922,True,0.6707884669303894,116.8076400756836,42.38162612915039,142.74525451660156,64.51722717285156
normal,C:\Users\Light\Videos\正常往返.mp4,923,True,0.8121886253356934,113.25374603271484,42.86472702026367,139.2487335205078,64.40745544433594
normal,C:\Users\Light\Videos\正常往返.mp4,924,True,0.7442489862442017,109.82704162597656,42.2884635925293,135.21426391601562,63.789283752441406
normal,C:\Users\Light\Videos\正常往返.mp4,925,True,0.745379626750946,109.81568145751953,42.287567138671875,135.19679260253906,63.766334533691406
normal,C:\Users\Light\Videos\正常往返.mp4,926,True,0.7730686664581299,105.85578155517578,42.42748260498047,132.73019409179688,64.31243133544922
normal,C:\Users\Light\Videos\正常往返.mp4,927,True,0.7721273303031921,105.86705017089844,42.42528533935547,132.71182250976562,64.30776977539062
normal,C:\Users\Light\Videos\正常往返.mp4,928,True,0.745904803276062,103.28376770019531,42.656837463378906,128.7880096435547,64.36859130859375
normal,C:\Users\Light\Videos\正常往返.mp4,929,True,0.7611814141273499,99.27819061279297,42.58494186401367,126.3461685180664,64.77607727050781
normal,C:\Users\Light\Videos\正常往返.mp4,930,True,0.762345016002655,99.28539276123047,42.593257904052734,126.31726837158203,64.79622650146484
normal,C:\Users\Light\Videos\正常往返.mp4,931,True,0.7762080430984497,97.01851654052734,42.550296783447266,122.74632263183594,64.3504409790039
normal,C:\Users\Light\Videos\正常往返.mp4,932,True,0.7459307909011841,93.49525451660156,42.001216888427734,120.22598266601562,64.04084777832031
normal,C:\Users\Light\Videos\正常往返.mp4,933,True,0.7463359236717224,93.49600219726562,42.00374984741211,120.23231506347656,64.03858947753906
normal,C:\Users\Light\Videos\正常往返.mp4,934,True,0.7979839444160461,90.50275421142578,42.8724365234375,116.36692810058594,64.50059509277344
normal,C:\Users\Light\Videos\正常往返.mp4,935,True,0.7335899472236633,87.07440185546875,42.638126373291016,113.66529846191406,64.55471801757812
normal,C:\Users\Light\Videos\正常往返.mp4,936,True,0.7339655756950378,87.07731628417969,42.63189697265625,113.67837524414062,64.55332946777344
normal,C:\Users\Light\Videos\正常往返.mp4,937,True,0.8040239810943604,84.00011444091797,42.65108108520508,110.57807159423828,64.04947662353516
normal,C:\Users\Light\Videos\正常往返.mp4,938,True,0.8036318421363831,84.00385284423828,42.64789581298828,110.58068084716797,64.04844665527344
normal,C:\Users\Light\Videos\正常往返.mp4,939,True,0.7293068170547485,81.37678527832031,42.39595031738281,107.99517059326172,64.51873016357422
normal,C:\Users\Light\Videos\正常往返.mp4,940,True,0.7975086569786072,78.90513610839844,42.92061996459961,105.02642059326172,64.23973083496094
normal,C:\Users\Light\Videos\正常往返.mp4,941,True,0.7983400225639343,78.87014770507812,42.94673156738281,105.05267333984375,64.22720336914062
normal,C:\Users\Light\Videos\正常往返.mp4,942,True,0.7820072770118713,75.9344482421875,42.350006103515625,102.4068832397461,64.10142517089844
normal,C:\Users\Light\Videos\正常往返.mp4,943,True,0.7735514044761658,73.04100036621094,42.97705078125,99.1807632446289,64.30225372314453
normal,C:\Users\Light\Videos\正常往返.mp4,944,True,0.7741585373878479,73.0405044555664,42.954864501953125,99.19184875488281,64.26890563964844
normal,C:\Users\Light\Videos\正常往返.mp4,945,True,0.7445292472839355,70.45171356201172,42.89385986328125,97.48973083496094,64.60063934326172
normal,C:\Users\Light\Videos\正常往返.mp4,946,True,0.7390449643135071,68.5390625,42.88971710205078,93.6591567993164,64.4668197631836
normal,C:\Users\Light\Videos\正常往返.mp4,947,True,0.7897565960884094,65.99085998535156,43.00157165527344,92.24626922607422,64.96863555908203
normal,C:\Users\Light\Videos\正常往返.mp4,948,True,0.7388940453529358,64.75617980957031,42.257179260253906,89.7865982055664,64.3736801147461
normal,C:\Users\Light\Videos\正常往返.mp4,949,True,0.738854706287384,64.75609588623047,42.25735855102539,89.78694915771484,64.374267578125
normal,C:\Users\Light\Videos\正常往返.mp4,950,True,0.7602899074554443,62.03325271606445,42.785972595214844,87.7508773803711,64.4250259399414
normal,C:\Users\Light\Videos\正常往返.mp4,951,True,0.7603498101234436,62.029335021972656,42.785682678222656,87.7500991821289,64.4239730834961
normal,C:\Users\Light\Videos\正常往返.mp4,952,True,0.7730984091758728,59.55358123779297,42.830997467041016,86.02556610107422,64.54808807373047
normal,C:\Users\Light\Videos\正常往返.mp4,953,True,0.7413511872291565,57.67413330078125,42.424278259277344,82.71659851074219,63.23939895629883
normal,C:\Users\Light\Videos\正常往返.mp4,954,True,0.7412251234054565,57.67251968383789,42.42212677001953,82.7195053100586,63.24280548095703
normal,C:\Users\Light\Videos\正常往返.mp4,955,True,0.8051460385322571,55.8507194519043,42.6888427734375,81.92212677001953,63.86550521850586
normal,C:\Users\Light\Videos\正常往返.mp4,956,True,0.7943894863128662,54.48521041870117,43.37091064453125,80.82099151611328,65.11457824707031
normal,C:\Users\Light\Videos\正常往返.mp4,957,True,0.7945113182067871,54.4827766418457,43.367862701416016,80.82039642333984,65.11417388916016
normal,C:\Users\Light\Videos\正常往返.mp4,958,True,0.753143310546875,53.133663177490234,43.38364028930664,79.07669067382812,64.9859848022461
normal,C:\Users\Light\Videos\正常往返.mp4,959,True,0.7516891956329346,52.19507598876953,42.5316276550293,78.9300308227539,64.65109252929688
normal,C:\Users\Light\Videos\正常往返.mp4,960,True,0.7521442770957947,52.205726623535156,42.5318717956543,78.90335845947266,64.65631103515625
normal,C:\Users\Light\Videos\正常往返.mp4,961,True,0.7621785998344421,50.821815490722656,43.25490951538086,76.58702850341797,65.1878662109375
normal,C:\Users\Light\Videos\正常往返.mp4,962,True,0.7620817422866821,50.823936462402344,43.25455093383789,76.5925064086914,65.18692016601562
normal,C:\Users\Light\Videos\正常往返.mp4,963,True,0.7613082528114319,50.00632858276367,43.67958068847656,76.08169555664062,65.80504608154297
normal,C:\Users\Light\Videos\正常往返.mp4,964,True,0.7882400751113892,49.052879333496094,42.76961135864258,75.59746551513672,64.7454605102539
normal,C:\Users\Light\Videos\正常往返.mp4,965,True,0.7880738973617554,49.05209732055664,42.766990661621094,75.6004638671875,64.75117492675781
normal,C:\Users\Light\Videos\正常往返.mp4,966,True,0.7759013175964355,49.112125396728516,42.79695510864258,74.95866394042969,65.1550521850586
normal,C:\Users\Light\Videos\正常往返.mp4,967,True,0.8039575815200806,48.4708137512207,42.787879943847656,74.63455200195312,64.8323974609375
normal,C:\Users\Light\Videos\正常往返.mp4,968,True,0.8040421009063721,48.471927642822266,42.788326263427734,74.6343994140625,64.83100891113281
normal,C:\Users\Light\Videos\正常往返.mp4,969,True,0.786311686038971,48.6132698059082,42.866607666015625,74.30779266357422,64.9930648803711
normal,C:\Users\Light\Videos\正常往返.mp4,970,True,0.7643580436706543,48.203670501708984,42.88883972167969,73.96100616455078,64.94210052490234
normal,C:\Users\Light\Videos\正常往返.mp4,971,True,0.7719671726226807,48.086822509765625,42.80551528930664,73.9449691772461,64.99005889892578
normal,C:\Users\Light\Videos\正常往返.mp4,972,True,0.7718696594238281,48.085670471191406,42.80242156982422,73.94564056396484,64.99176025390625
normal,C:\Users\Light\Videos\正常往返.mp4,973,True,0.7706184983253479,48.38578414916992,42.84500503540039,74.2310791015625,64.99346923828125
normal,C:\Users\Light\Videos\正常往返.mp4,974,True,0.7850604057312012,48.53746032714844,42.97532653808594,74.59320831298828,65.01836395263672
normal,C:\Users\Light\Videos\正常往返.mp4,975,True,0.7851399183273315,48.538299560546875,42.97454071044922,74.59317016601562,65.01551818847656
normal,C:\Users\Light\Videos\正常往返.mp4,976,True,0.7880014777183533,48.820106506347656,42.842899322509766,74.85145568847656,65.0288314819336
normal,C:\Users\Light\Videos\正常往返.mp4,977,True,0.7748643755912781,48.784942626953125,42.90883255004883,75.34247589111328,64.97764587402344
normal,C:\Users\Light\Videos\正常往返.mp4,978,True,0.7761030197143555,48.77323913574219,42.9277458190918,75.36502838134766,64.98916625976562
normal,C:\Users\Light\Videos\正常往返.mp4,979,True,0.7866033911705017,50.20623016357422,42.59794235229492,76.0805435180664,64.48302459716797
normal,C:\Users\Light\Videos\正常往返.mp4,980,True,0.7635913491249084,50.48933792114258,43.419742584228516,76.30641174316406,65.43364715576172
normal,C:\Users\Light\Videos\正常往返.mp4,981,True,0.7637325525283813,50.49011993408203,43.42169189453125,76.31224822998047,65.43990325927734
normal,C:\Users\Light\Videos\正常往返.mp4,982,True,0.753348708152771,51.75189208984375,43.20002365112305,77.68639373779297,65.0802230834961
normal,C:\Users\Light\Videos\正常往返.mp4,983,True,0.7532668113708496,51.75481414794922,43.19993209838867,77.6866683959961,65.07891845703125
normal,C:\Users\Light\Videos\正常往返.mp4,984,True,0.7887929677963257,52.54920196533203,42.610939025878906,79.27278137207031,64.42242431640625
normal,C:\Users\Light\Videos\正常往返.mp4,985,True,0.8108861446380615,53.967979431152344,43.24253845214844,80.26065826416016,64.59315490722656
normal,C:\Users\Light\Videos\正常往返.mp4,986,True,0.8100852966308594,53.96568298339844,43.255088806152344,80.26051330566406,64.59028625488281
normal,C:\Users\Light\Videos\正常往返.mp4,987,True,0.7888051867485046,55.23883819580078,43.363670349121094,81.68677520751953,64.31034851074219
normal,C:\Users\Light\Videos\正常往返.mp4,988,True,0.7519797086715698,57.130836486816406,42.67142868041992,82.70708465576172,63.719852447509766
normal,C:\Users\Light\Videos\正常往返.mp4,989,True,0.7522295713424683,57.126731872558594,42.67201232910156,82.70866394042969,63.68462371826172
normal,C:\Users\Light\Videos\正常往返.mp4,990,True,0.7735847234725952,58.81510543823242,42.50112533569336,86.0091552734375,63.76725387573242
normal,C:\Users\Light\Videos\正常往返.mp4,991,True,0.7970758080482483,61.19580841064453,42.82945251464844,87.39540100097656,64.31324005126953
normal,C:\Users\Light\Videos\正常往返.mp4,992,True,0.7974744439125061,61.18794631958008,42.81896209716797,87.39505004882812,64.30996704101562
normal,C:\Users\Light\Videos\正常往返.mp4,993,True,0.739540159702301,63.38789749145508,43.09007263183594,89.08281707763672,64.81500244140625
normal,C:\Users\Light\Videos\正常往返.mp4,994,True,0.794670581817627,65.36231231689453,42.827030181884766,91.57469177246094,64.75384521484375
normal,C:\Users\Light\Videos\正常往返.mp4,995,True,0.79469233751297,65.373779296875,42.8092155456543,91.59929656982422,64.75709533691406
normal,C:\Users\Light\Videos\正常往返.mp4,996,True,0.7590616941452026,67.71946716308594,43.121089935302734,93.15098571777344,64.62782287597656
normal,C:\Users\Light\Videos\正常往返.mp4,997,True,0.7378771901130676,69.69184112548828,42.75101089477539,96.38037109375,64.80445098876953
normal,C:\Users\Light\Videos\正常往返.mp4,998,True,0.7820344567298889,71.92279052734375,43.05080795288086,98.98260498046875,64.21590423583984
normal,C:\Users\Light\Videos\正常往返.mp4,999,True,0.7821699976921082,71.92398834228516,43.051815032958984,98.98072052001953,64.21449279785156
normal,C:\Users\Light\Videos\正常往返.mp4,1000,True,0.7692269682884216,74.38533782958984,42.57488250732422,100.21954345703125,63.57063674926758
normal,C:\Users\Light\Videos\正常往返.mp4,1001,True,0.7921981811523438,77.65419006347656,43.13917541503906,103.99559783935547,64.55908966064453
normal,C:\Users\Light\Videos\正常往返.mp4,1002,True,0.7917182445526123,77.65544128417969,43.14610290527344,103.98888397216797,64.56023406982422
normal,C:\Users\Light\Videos\正常往返.mp4,1003,True,0.7321328520774841,80.74533081054688,42.49346160888672,105.88912963867188,63.77115249633789
normal,C:\Users\Light\Videos\正常往返.mp4,1004,True,0.8173882365226746,82.48854064941406,42.194828033447266,109.43099212646484,63.86785888671875
normal,C:\Users\Light\Videos\正常往返.mp4,1005,True,0.8178585767745972,82.50564575195312,42.1933708190918,109.4298324584961,63.87379455566406
normal,C:\Users\Light\Videos\正常往返.mp4,1006,True,0.8149245381355286,85.12229919433594,42.28440856933594,111.3388671875,63.20979309082031
normal,C:\Users\Light\Videos\正常往返.mp4,1007,True,0.8160406351089478,85.14187622070312,42.26154708862305,111.3293228149414,63.177608489990234
normal,C:\Users\Light\Videos\正常往返.mp4,1008,True,0.7734525203704834,87.62207794189453,42.38555145263672,114.21342468261719,64.44176483154297
normal,C:\Users\Light\Videos\正常往返.mp4,1009,True,0.8019716739654541,89.16079711914062,42.8493766784668,116.75196838378906,64.0409164428711
normal,C:\Users\Light\Videos\正常往返.mp4,1010,True,0.8017973899841309,89.15838623046875,42.850250244140625,116.75990295410156,64.03551483154297
normal,C:\Users\Light\Videos\正常往返.mp4,1011,True,0.7271738648414612,92.60189056396484,41.95108413696289,118.14049530029297,63.292694091796875
normal,C:\Users\Light\Videos\正常往返.mp4,1012,True,0.7915676236152649,94.24303436279297,42.425262451171875,121.17996978759766,64.43571472167969
normal,C:\Users\Light\Videos\正常往返.mp4,1013,True,0.7915120124816895,94.23890686035156,42.420692443847656,121.18451690673828,64.43836212158203
normal,C:\Users\Light\Videos\正常往返.mp4,1014,True,0.8150585293769836,96.48474884033203,42.57916259765625,122.9671401977539,63.98921585083008
normal,C:\Users\Light\Videos\正常往返.mp4,1015,True,0.7484660148620605,98.1373062133789,41.62862777709961,124.01506042480469,62.925235748291016
normal,C:\Users\Light\Videos\正常往返.mp4,1016,True,0.748406708240509,98.13687133789062,41.628135681152344,124.01556396484375,62.92635726928711
normal,C:\Users\Light\Videos\正常往返.mp4,1017,True,0.8020038604736328,99.42239379882812,42.02876281738281,126.06726837158203,64.0179214477539
normal,C:\Users\Light\Videos\正常往返.mp4,1018,True,0.8020528554916382,99.42352294921875,42.02941131591797,126.06604766845703,64.0163345336914
normal,C:\Users\Light\Videos\正常往返.mp4,1019,True,0.826765775680542,101.04866027832031,42.64805221557617,128.25735473632812,63.70714569091797
normal,C:\Users\Light\Videos\正常往返.mp4,1020,True,0.826144278049469,101.04119873046875,42.647674560546875,128.25625610351562,63.7058219909668
normal,C:\Users\Light\Videos\正常往返.mp4,1021,True,0.8370791673660278,101.7772216796875,42.343597412109375,128.78350830078125,63.438724517822266
normal,C:\Users\Light\Videos\正常往返.mp4,1022,True,0.8303786516189575,102.63114166259766,42.30636978149414,129.0447540283203,63.41194152832031
normal,C:\Users\Light\Videos\正常往返.mp4,1023,True,0.8307557106018066,102.63583374023438,42.29942321777344,129.04258728027344,63.417903900146484
normal,C:\Users\Light\Videos\正常往返.mp4,1024,True,0.8426271080970764,102.48243713378906,42.2422981262207,129.12249755859375,63.46028518676758
normal,C:\Users\Light\Videos\正常往返.mp4,1025,True,0.8503206372261047,102.0350341796875,42.058746337890625,128.84361267089844,63.38054656982422
normal,C:\Users\Light\Videos\正常往返.mp4,1026,True,0.8502073287963867,102.0296859741211,42.060203552246094,128.84568786621094,63.385047912597656
normal,C:\Users\Light\Videos\正常往返.mp4,1027,True,0.8501611948013306,101.5112075805664,42.47331237792969,128.23770141601562,63.90774917602539
normal,C:\Users\Light\Videos\正常往返.mp4,1028,True,0.8501582145690918,101.5166244506836,42.469703674316406,128.279541015625,63.888587951660156
normal,C:\Users\Light\Videos\正常往返.mp4,1029,True,0.8296228647232056,100.44725799560547,42.58411407470703,128.01344299316406,63.78444290161133
normal,C:\Users\Light\Videos\正常往返.mp4,1030,True,0.8238797783851624,99.93009185791016,41.61314392089844,126.77794647216797,63.200828552246094
normal,C:\Users\Light\Videos\正常往返.mp4,1031,True,0.8237409591674805,99.92347717285156,41.61679458618164,126.79289245605469,63.22169494628906
normal,C:\Users\Light\Videos\正常往返.mp4,1032,True,0.7606061100959778,98.72972869873047,41.66878890991211,124.83525085449219,63.49909973144531
normal,C:\Users\Light\Videos\正常往返.mp4,1033,True,0.8340849280357361,96.84808349609375,41.99633026123047,123.12334442138672,62.86111831665039
normal,C:\Users\Light\Videos\正常往返.mp4,1034,True,0.8333765864372253,96.86903381347656,42.00928497314453,123.12554168701172,62.8979606628418
normal,C:\Users\Light\Videos\正常往返.mp4,1035,True,0.8353337049484253,94.90101623535156,41.73503875732422,121.75530242919922,63.3268928527832
normal,C:\Users\Light\Videos\正常往返.mp4,1036,True,0.7706414461135864,92.96171569824219,41.862022399902344,119.43545532226562,63.78883361816406
normal,C:\Users\Light\Videos\正常往返.mp4,1037,True,0.7699042558670044,92.9666748046875,41.864173889160156,119.42752838134766,63.79170227050781
normal,C:\Users\Light\Videos\正常往返.mp4,1038,True,0.7979711294174194,89.50064086914062,42.43160629272461,117.22471618652344,63.437400817871094
normal,C:\Users\Light\Videos\正常往返.mp4,1039,True,0.7904544472694397,87.40178680419922,41.95036697387695,114.43749237060547,63.52173614501953
normal,C:\Users\Light\Videos\正常往返.mp4,1040,True,0.7903281450271606,87.40091705322266,41.95836639404297,114.43440246582031,63.53157424926758
normal,C:\Users\Light\Videos\正常往返.mp4,1041,True,0.7307232022285461,83.43865203857422,43.143009185791016,111.0531997680664,63.765663146972656
normal,C:\Users\Light\Videos\正常往返.mp4,1042,True,0.7320643663406372,83.43940734863281,43.14605712890625,111.04853057861328,63.77063751220703
normal,C:\Users\Light\Videos\正常往返.mp4,1043,True,0.7907727956771851,76.90941619873047,42.74924087524414,104.19599914550781,64.0876235961914
normal,C:\Users\Light\Videos\正常往返.mp4,1044,True,0.7886231541633606,76.91435241699219,42.74861526489258,104.19647979736328,64.06561279296875
normal,C:\Users\Light\Videos\正常往返.mp4,1045,True,0.8077151775360107,73.24969482421875,42.93276596069336,99.39241790771484,63.60060119628906
normal,C:\Users\Light\Videos\正常往返.mp4,1046,True,0.7664288282394409,69.480224609375,42.123382568359375,96.78707885742188,64.0660171508789
normal,C:\Users\Light\Videos\正常往返.mp4,1047,True,0.764508068561554,69.45800018310547,42.12080383300781,96.75354766845703,64.04927825927734
normal,C:\Users\Light\Videos\正常往返.mp4,1048,True,0.787520706653595,65.57013702392578,43.10923385620117,92.35440826416016,64.5455093383789
normal,C:\Users\Light\Videos\正常往返.mp4,1049,True,0.7598044276237488,62.007816314697266,43.10511016845703,87.88520050048828,64.39342498779297
normal,C:\Users\Light\Videos\正常往返.mp4,1050,True,0.7585885524749756,62.03831100463867,43.087249755859375,87.89415740966797,64.40774536132812
normal,C:\Users\Light\Videos\正常往返.mp4,1051,True,0.74703049659729,57.506378173828125,42.54099655151367,83.97509002685547,64.46359252929688
normal,C:\Users\Light\Videos\正常往返.mp4,1052,True,0.7481815814971924,57.506160736083984,42.53068542480469,83.97982025146484,64.4491195678711
normal,C:\Users\Light\Videos\正常往返.mp4,1053,True,0.7822844982147217,53.391544342041016,43.11261749267578,79.79654693603516,64.36781311035156
normal,C:\Users\Light\Videos\正常往返.mp4,1054,True,0.771268904209137,49.2160758972168,43.34150695800781,75.42588806152344,65.04917907714844
normal,C:\Users\Light\Videos\正常往返.mp4,1055,True,0.7712517380714417,49.21539306640625,43.341102600097656,75.42565155029297,65.04994201660156
normal,C:\Users\Light\Videos\正常往返.mp4,1056,True,0.6638038158416748,45.63240432739258,42.907779693603516,70.84280395507812,64.56040954589844
normal,C:\Users\Light\Videos\正常往返.mp4,1057,True,0.7762056589126587,41.505741119384766,43.31584548950195,67.67949676513672,64.77717590332031
normal,C:\Users\Light\Videos\正常往返.mp4,1058,True,0.7762801647186279,41.50704574584961,43.321067810058594,67.67504119873047,64.77804565429688
normal,C:\Users\Light\Videos\正常往返.mp4,1059,True,0.7535728812217712,36.60860061645508,43.64143753051758,62.996334075927734,64.81563568115234
normal,C:\Users\Light\Videos\正常往返.mp4,1060,True,0.7591954469680786,32.30748748779297,43.76803970336914,58.1223030090332,64.20158386230469
normal,C:\Users\Light\Videos\正常往返.mp4,1061,True,0.7593356966972351,32.309322357177734,43.76902389526367,58.11968231201172,64.20086669921875
normal,C:\Users\Light\Videos\正常往返.mp4,1062,True,0.7645379304885864,28.90235710144043,42.86945724487305,55.66943359375,65.02509307861328
normal,C:\Users\Light\Videos\正常往返.mp4,1063,True,0.7636381983757019,28.92270278930664,42.88559341430664,55.65790939331055,65.02979278564453
normal,C:\Users\Light\Videos\正常往返.mp4,1064,True,0.7675725817680359,24.567106246948242,43.644508361816406,51.120460510253906,64.58688354492188
normal,C:\Users\Light\Videos\正常往返.mp4,1065,True,0.7598152160644531,20.641820907592773,43.55777359008789,46.567020416259766,64.70687103271484
normal,C:\Users\Light\Videos\正常往返.mp4,1066,True,0.7594170570373535,20.64629554748535,43.55438995361328,46.57310485839844,64.69300079345703
normal,C:\Users\Light\Videos\正常往返.mp4,1067,True,0.6912052631378174,12.012639045715332,43.16658401489258,39.56068801879883,65.42831420898438
normal,C:\Users\Light\Videos\正常往返.mp4,1068,True,0.691389262676239,12.013712882995605,43.167301177978516,39.55988311767578,65.42656707763672
normal,C:\Users\Light\Videos\正常往返.mp4,1069,True,0.4419894814491272,7.530211448669434,41.27663803100586,36.505653381347656,63.90806198120117
normal,C:\Users\Light\Videos\正常往返.mp4,1070,True,0.6030551791191101,10.24474048614502,42.47602462768555,38.51203536987305,64.80870819091797
normal,C:\Users\Light\Videos\正常往返.mp4,1071,True,0.6024878621101379,10.242868423461914,42.47385025024414,38.51454162597656,64.81150817871094
normal,C:\Users\Light\Videos\正常往返.mp4,1072,True,0.6205757260322571,11.682861328125,43.33413314819336,40.19860076904297,64.84449768066406
normal,C:\Users\Light\Videos\正常往返.mp4,1073,True,0.6150593161582947,11.690876007080078,43.36198806762695,40.20115280151367,64.81919860839844
normal,C:\Users\Light\Videos\正常往返.mp4,1074,True,0.6026145219802856,14.660477638244629,43.968868255615234,42.677188873291016,65.28573608398438
normal,C:\Users\Light\Videos\正常往返.mp4,1075,True,0.7556585073471069,15.38994026184082,42.752445220947266,42.46886444091797,64.6234130859375
normal,C:\Users\Light\Videos\正常往返.mp4,1076,True,0.7556033134460449,15.389266014099121,42.75497817993164,42.46928024291992,64.62329864501953
normal,C:\Users\Light\Videos\正常往返.mp4,1077,True,0.7608782649040222,17.77975082397461,43.2864875793457,44.582366943359375,65.7290267944336
normal,C:\Users\Light\Videos\正常往返.mp4,1078,True,0.691047728061676,18.43702507019043,43.76261520385742,45.72381591796875,64.98458862304688
normal,C:\Users\Light\Videos\正常往返.mp4,1079,True,0.6888035535812378,18.436199188232422,43.7744026184082,45.729976654052734,64.98037719726562
normal,C:\Users\Light\Videos\正常往返.mp4,1080,True,0.7627735733985901,20.635082244873047,43.56275177001953,47.059112548828125,64.01072692871094
normal,C:\Users\Light\Videos\正常往返.mp4,1081,True,0.7597766518592834,22.238143920898438,42.718963623046875,49.62933349609375,64.5316162109375
normal,C:\Users\Light\Videos\正常往返.mp4,1082,True,0.7578973174095154,22.21524429321289,42.701820373535156,49.639373779296875,64.52473449707031
normal,C:\Users\Light\Videos\正常往返.mp4,1083,True,0.811140239238739,24.280607223510742,43.24937438964844,50.74482727050781,64.40886688232422
normal,C:\Users\Light\Videos\正常往返.mp4,1084,True,0.7867403626441956,25.253707885742188,43.590606689453125,52.13847351074219,64.36395263671875
normal,C:\Users\Light\Videos\正常往返.mp4,1085,True,0.7846708297729492,25.255504608154297,43.601993560791016,52.163734436035156,64.36131286621094
normal,C:\Users\Light\Videos\正常往返.mp4,1086,True,0.825808584690094,26.8419189453125,42.852691650390625,53.09646987915039,63.6828727722168
normal,C:\Users\Light\Videos\正常往返.mp4,1087,True,0.8259446620941162,26.841224670410156,42.858070373535156,53.0926399230957,63.68184280395508
normal,C:\Users\Light\Videos\正常往返.mp4,1088,True,0.796563982963562,27.850208282470703,42.36125564575195,53.81871032714844,63.406227111816406
normal,C:\Users\Light\Videos\正常往返.mp4,1089,True,0.8197523355484009,29.503877639770508,43.07619857788086,56.41509246826172,64.51256561279297
normal,C:\Users\Light\Videos\正常往返.mp4,1090,True,0.8189539909362793,29.52289390563965,43.08769607543945,56.443416595458984,64.53015899658203
normal,C:\Users\Light\Videos\正常往返.mp4,1091,True,0.8135577440261841,30.756446838378906,43.228416442871094,56.93366241455078,64.6329116821289
normal,C:\Users\Light\Videos\正常往返.mp4,1092,True,0.7299521565437317,31.585205078125,43.75920867919922,58.728328704833984,64.35913848876953
normal,C:\Users\Light\Videos\正常往返.mp4,1093,True,0.759506106376648,32.77725601196289,43.545066833496094,58.63761901855469,63.89667892456055
normal,C:\Users\Light\Videos\正常往返.mp4,1094,True,0.7573309540748596,33.901756286621094,42.863136291503906,59.23120880126953,63.48802947998047
normal,C:\Users\Light\Videos\正常往返.mp4,1095,True,0.7581351399421692,33.901947021484375,42.86640930175781,59.23084259033203,63.48511505126953
normal,C:\Users\Light\Videos\正常往返.mp4,1096,True,0.7827795743942261,34.736915588378906,43.069969177246094,61.810157775878906,64.45545959472656
normal,C:\Users\Light\Videos\正常往返.mp4,1097,True,0.7825076580047607,34.73310089111328,43.06161117553711,61.82242202758789,64.44396209716797
normal,C:\Users\Light\Videos\正常往返.mp4,1098,True,0.7732661962509155,35.949405670166016,43.45403289794922,62.32991027832031,64.4718017578125
normal,C:\Users\Light\Videos\正常往返.mp4,1099,True,0.7541836500167847,36.51393508911133,43.744056701660156,63.40353775024414,64.53972625732422
normal,C:\Users\Light\Videos\正常往返.mp4,1100,True,0.7538407444953918,36.51401138305664,43.74262237548828,63.406227111816406,64.54241943359375
normal,C:\Users\Light\Videos\正常往返.mp4,1101,True,0.7488619685173035,37.189029693603516,43.75766372680664,64.34886169433594,64.26982879638672
normal,C:\Users\Light\Videos\正常往返.mp4,1102,True,0.7810723185539246,38.45744323730469,43.48121643066406,64.39559936523438,64.28087615966797
normal,C:\Users\Light\Videos\正常往返.mp4,1103,True,0.7795178890228271,38.51585388183594,43.4736442565918,64.40583801269531,64.2821273803711
normal,C:\Users\Light\Videos\正常往返.mp4,1104,True,0.7303594946861267,39.486610412597656,43.31869125366211,65.2834243774414,64.3734359741211
normal,C:\Users\Light\Videos\正常往返.mp4,1105,True,0.7339211702346802,41.195343017578125,42.609439849853516,66.1799087524414,64.56332397460938
normal,C:\Users\Light\Videos\正常往返.mp4,1106,True,0.7334989905357361,41.19823455810547,42.6086311340332,66.1858901977539,64.55889129638672
normal,C:\Users\Light\Videos\正常往返.mp4,1107,True,0.7859145402908325,41.28309631347656,42.89892578125,67.68956756591797,64.9392318725586
normal,C:\Users\Light\Videos\正常往返.mp4,1108,True,0.7863610982894897,41.2830810546875,42.90403747558594,67.69583892822266,64.93470764160156
normal,C:\Users\Light\Videos\正常往返.mp4,1109,True,0.7723941206932068,42.81534194946289,43.11082458496094,68.54312133789062,65.20075225830078
normal,C:\Users\Light\Videos\正常往返.mp4,1110,True,0.7647895812988281,43.42988967895508,43.2924919128418,69.34774780273438,65.2968521118164
normal,C:\Users\Light\Videos\正常往返.mp4,1111,True,0.7648482322692871,43.427894592285156,43.292381286621094,69.34783935546875,65.29673767089844
normal,C:\Users\Light\Videos\正常往返.mp4,1112,True,0.7691798210144043,43.72332763671875,42.940521240234375,69.5692138671875,64.81906127929688
normal,C:\Users\Light\Videos\正常往返.mp4,1113,True,0.7640332579612732,44.58943557739258,42.66562271118164,70.3104476928711,64.64290618896484
normal,C:\Users\Light\Videos\正常往返.mp4,1114,True,0.7640230059623718,44.59180450439453,42.665287017822266,70.31082916259766,64.64257049560547
normal,C:\Users\Light\Videos\正常往返.mp4,1115,True,0.7368640899658203,45.302947998046875,43.16181182861328,70.71397399902344,64.83098602294922
normal,C:\Users\Light\Videos\正常往返.mp4,1116,True,0.7097768187522888,45.777835845947266,42.6783332824707,70.8279037475586,64.21501159667969
normal,C:\Users\Light\Videos\正常往返.mp4,1117,True,0.7286169528961182,45.98756790161133,42.69502639770508,72.45005798339844,65.03765869140625
normal,C:\Users\Light\Videos\正常往返.mp4,1118,True,0.7285858988761902,45.981101989746094,42.69500732421875,72.44920349121094,65.03585052490234
normal,C:\Users\Light\Videos\正常往返.mp4,1119,True,0.773626983165741,46.316741943359375,42.55381393432617,73.03107452392578,64.76978302001953
normal,C:\Users\Light\Videos\正常往返.mp4,1120,True,0.8303343653678894,46.54841232299805,42.663516998291016,73.71033477783203,64.25788116455078
normal,C:\Users\Light\Videos\正常往返.mp4,1121,True,0.8246150612831116,46.62109375,42.651302337646484,73.64429473876953,64.3313217163086
normal,C:\Users\Light\Videos\正常往返.mp4,1122,True,0.8072659969329834,47.11631774902344,42.55605697631836,73.9923324584961,64.3528823852539
normal,C:\Users\Light\Videos\正常往返.mp4,1123,True,0.8033596277236938,47.51936721801758,42.589942932128906,74.1114273071289,64.58004760742188
normal,C:\Users\Light\Videos\正常往返.mp4,1124,True,0.8031526207923889,47.51749038696289,42.588844299316406,74.11422729492188,64.58333587646484
normal,C:\Users\Light\Videos\正常往返.mp4,1125,True,0.7886290550231934,48.254432678222656,42.756187438964844,74.50611877441406,65.03669738769531
normal,C:\Users\Light\Videos\正常往返.mp4,1126,True,0.8141472935676575,48.20632553100586,42.94686508178711,74.996826171875,64.7498779296875
normal,C:\Users\Light\Videos\正常往返.mp4,1127,True,0.8143278360366821,48.20576095581055,42.941932678222656,75.0017318725586,64.7479476928711
normal,C:\Users\Light\Videos\正常往返.mp4,1128,True,0.7893720269203186,48.64268112182617,43.12335205078125,75.09716033935547,64.97477722167969
normal,C:\Users\Light\Videos\正常往返.mp4,1129,True,0.7739251852035522,48.58985137939453,42.773109436035156,75.32394409179688,64.72403717041016
normal,C:\Users\Light\Videos\正常往返.mp4,1130,True,0.7738441824913025,48.588462829589844,42.77313232421875,75.32416534423828,64.72181701660156
normal,C:\Users\Light\Videos\正常往返.mp4,1131,True,0.7714600563049316,48.996246337890625,42.74455642700195,75.5287857055664,64.7646484375
normal,C:\Users\Light\Videos\正常往返.mp4,1132,True,0.7713001370429993,48.9935417175293,42.74245071411133,75.53068542480469,64.76809692382812
normal,C:\Users\Light\Videos\正常往返.mp4,1133,True,0.7818041443824768,49.35652160644531,42.88729476928711,75.69447326660156,64.57695007324219
normal,C:\Users\Light\Videos\正常往返.mp4,1134,True,0.8131750226020813,49.191261291503906,42.72826385498047,76.07933807373047,64.19300079345703
normal,C:\Users\Light\Videos\正常往返.mp4,1135,True,0.8144034147262573,49.19374084472656,42.720306396484375,76.08111572265625,64.16151428222656
normal,C:\Users\Light\Videos\正常往返.mp4,1136,True,0.8026201128959656,49.77057647705078,42.73583984375,75.9473876953125,64.53661346435547
normal,C:\Users\Light\Videos\正常往返.mp4,1137,True,0.7987298369407654,49.782413482666016,42.58155822753906,76.31591796875,64.30550384521484
normal,C:\Users\Light\Videos\正常往返.mp4,1138,True,0.7996135950088501,49.7755241394043,42.58505630493164,76.32170867919922,64.2882080078125
normal,C:\Users\Light\Videos\正常往返.mp4,1139,True,0.7822223901748657,49.994606018066406,42.669925689697266,76.53800964355469,64.17948913574219
normal,C:\Users\Light\Videos\正常往返.mp4,1140,True,0.7822326421737671,49.98943328857422,42.6669921875,76.55144500732422,64.17121887207031
normal,C:\Users\Light\Videos\正常往返.mp4,1141,True,0.7737123966217041,50.66951370239258,42.41719436645508,76.34614562988281,64.01182556152344
normal,C:\Users\Light\Videos\正常往返.mp4,1142,True,0.7737946510314941,50.664703369140625,42.416656494140625,76.34788513183594,64.01321411132812
normal,C:\Users\Light\Videos\正常往返.mp4,1143,True,0.7574935555458069,50.82391357421875,42.37300109863281,76.48040008544922,64.2220458984375
normal,C:\Users\Light\Videos\正常往返.mp4,1144,True,0.7523704767227173,50.61886215209961,43.00181579589844,76.29163360595703,64.80120086669922
normal,C:\Users\Light\Videos\正常往返.mp4,1145,True,0.7524420619010925,50.62495803833008,42.995540618896484,76.29042053222656,64.7930908203125
normal,C:\Users\Light\Videos\正常往返.mp4,1146,True,0.758279025554657,50.81053161621094,43.135746002197266,76.46086883544922,64.994384765625
normal,C:\Users\Light\Videos\正常往返.mp4,1147,True,0.7733561992645264,51.24151611328125,42.23126983642578,76.63178253173828,63.8511848449707
normal,C:\Users\Light\Videos\正常往返.mp4,1148,True,0.773240327835083,51.24702835083008,42.23124694824219,76.63060760498047,63.855464935302734
normal,C:\Users\Light\Videos\正常往返.mp4,1149,True,0.7449212670326233,51.68918228149414,42.28745651245117,76.96835327148438,63.590919494628906
normal,C:\Users\Light\Videos\正常往返.mp4,1150,True,0.7370160222053528,52.468017578125,42.423828125,77.4961166381836,64.48291778564453
normal,C:\Users\Light\Videos\正常往返.mp4,1151,True,0.7365623712539673,52.475223541259766,42.4237174987793,77.5091323852539,64.48450469970703
normal,C:\Users\Light\Videos\正常往返.mp4,1152,True,0.7497204542160034,52.875423431396484,42.132728576660156,77.91080474853516,64.239013671875
normal,C:\Users\Light\Videos\正常往返.mp4,1153,True,0.7498400211334229,52.884483337402344,42.14384460449219,77.91339874267578,64.24465942382812
normal,C:\Users\Light\Videos\正常往返.mp4,1154,True,0.8107633590698242,52.548831939697266,42.487857818603516,78.91593933105469,64.2900619506836
normal,C:\Users\Light\Videos\正常往返.mp4,1155,True,0.7988554835319519,53.207427978515625,42.6969108581543,79.7124252319336,64.36258697509766
normal,C:\Users\Light\Videos\正常往返.mp4,1156,True,0.7989777326583862,53.209041595458984,42.6959228515625,79.71312713623047,64.35846710205078
normal,C:\Users\Light\Videos\正常往返.mp4,1157,True,0.8045794367790222,54.01509475708008,42.975616455078125,80.23475646972656,64.43614196777344
normal,C:\Users\Light\Videos\正常往返.mp4,1158,True,0.7948611974716187,54.42243194580078,42.903743743896484,81.16890716552734,64.22505187988281
normal,C:\Users\Light\Videos\正常往返.mp4,1159,True,0.7950644493103027,54.42001724243164,42.903385162353516,81.16375732421875,64.22115325927734
normal,C:\Users\Light\Videos\正常往返.mp4,1160,True,0.8142345547676086,55.50675582885742,42.8175048828125,81.50374603271484,64.3193130493164
normal,C:\Users\Light\Videos\正常往返.mp4,1161,True,0.7534093856811523,56.83293533325195,42.590301513671875,82.3974838256836,63.942665100097656
normal,C:\Users\Light\Videos\正常往返.mp4,1162,True,0.7534804940223694,56.835567474365234,42.59318923950195,82.39871215820312,63.93825149536133
normal,C:\Users\Light\Videos\正常往返.mp4,1163,True,0.7676277756690979,57.847267150878906,42.29642105102539,83.92945098876953,64.04940795898438
normal,C:\Users\Light\Videos\正常往返.mp4,1164,True,0.7775868773460388,58.467613220214844,42.418853759765625,84.58119201660156,64.20433807373047
normal,C:\Users\Light\Videos\正常往返.mp4,1165,True,0.7940706014633179,59.19304656982422,42.32526397705078,86.01274871826172,63.92245101928711
normal,C:\Users\Light\Videos\正常往返.mp4,1166,True,0.7947391867637634,59.19295120239258,42.329811096191406,86.0123291015625,63.92964553833008
normal,C:\Users\Light\Videos\正常往返.mp4,1167,True,0.8262037038803101,60.60263442993164,42.82194519042969,87.3394546508789,64.29824829101562
normal,C:\Users\Light\Videos\正常往返.mp4,1168,True,0.7992743253707886,62.05592346191406,42.59971237182617,87.93933868408203,64.10210418701172
normal,C:\Users\Light\Videos\正常往返.mp4,1169,True,0.7992426753044128,62.05791091918945,42.600608825683594,87.93782043457031,64.09896087646484
normal,C:\Users\Light\Videos\正常往返.mp4,1170,True,0.7409882545471191,63.3087158203125,43.03964614868164,89.107177734375,64.77471160888672
normal,C:\Users\Light\Videos\正常往返.mp4,1171,True,0.7663439512252808,64.41178894042969,42.47707748413086,90.51874542236328,64.56686401367188
normal,C:\Users\Light\Videos\正常往返.mp4,1172,True,0.7663917541503906,64.41278076171875,42.477725982666016,90.51939392089844,64.56657409667969
normal,C:\Users\Light\Videos\正常往返.mp4,1173,True,0.8177766799926758,65.03905487060547,42.812374114990234,91.89225769042969,64.6739273071289
normal,C:\Users\Light\Videos\正常往返.mp4,1174,True,0.8151922821998596,66.28257751464844,43.036712646484375,93.24900817871094,64.28714752197266
normal,C:\Users\Light\Videos\正常往返.mp4,1175,True,0.8148762583732605,66.2725601196289,43.03969192504883,93.24333953857422,64.28219604492188
normal,C:\Users\Light\Videos\正常往返.mp4,1176,True,0.7831538915634155,68.1976089477539,42.69749450683594,94.21573638916016,64.31413269042969
normal,C:\Users\Light\Videos\正常往返.mp4,1177,True,0.782924473285675,68.20271301269531,42.69164276123047,94.2237548828125,64.31218719482422
normal,C:\Users\Light\Videos\正常往返.mp4,1178,True,0.7456576824188232,69.33342742919922,42.0474967956543,94.68089294433594,63.53025436401367
normal,C:\Users\Light\Videos\正常往返.mp4,1179,True,0.750516414642334,70.34711456298828,42.294986724853516,96.43571472167969,64.47267150878906
normal,C:\Users\Light\Videos\正常往返.mp4,1180,True,0.7510315775871277,70.35321044921875,42.29478454589844,96.44667053222656,64.47058868408203
normal,C:\Users\Light\Videos\正常往返.mp4,1181,True,0.7593603730201721,71.25907135009766,42.708675384521484,97.80033111572266,64.70895385742188
normal,C:\Users\Light\Videos\正常往返.mp4,1182,True,0.7647910714149475,72.28502655029297,42.38850784301758,99.59345245361328,63.20116424560547
normal,C:\Users\Light\Videos\正常往返.mp4,1183,True,0.764336884021759,72.29914093017578,42.3799934387207,99.6023941040039,63.19735336303711
normal,C:\Users\Light\Videos\正常往返.mp4,1184,True,0.7973440885543823,73.44364166259766,42.32456970214844,99.63661193847656,63.669673919677734
normal,C:\Users\Light\Videos\正常往返.mp4,1185,True,0.7423135042190552,74.91417694091797,42.2528076171875,100.2647933959961,63.737937927246094
normal,C:\Users\Light\Videos\正常往返.mp4,1186,True,0.7372262477874756,74.93339538574219,42.22943115234375,100.27903747558594,63.737693786621094
normal,C:\Users\Light\Videos\正常往返.mp4,1187,True,0.7614623308181763,75.45550537109375,42.469818115234375,101.72018432617188,64.45942687988281
normal,C:\Users\Light\Videos\正常往返.mp4,1188,True,0.8117557764053345,76.78697204589844,42.1666145324707,102.69678497314453,63.724403381347656
normal,C:\Users\Light\Videos\正常往返.mp4,1189,True,0.8223405480384827,76.65303802490234,41.99837112426758,103.0106430053711,63.477989196777344
normal,C:\Users\Light\Videos\正常往返.mp4,1190,True,0.8223417401313782,76.6511459350586,41.99713897705078,103.01521301269531,63.48276138305664
normal,C:\Users\Light\Videos\正常往返.mp4,1191,True,0.843218982219696,76.7458724975586,42.31477355957031,103.5351791381836,63.85803985595703
normal,C:\Users\Light\Videos\正常往返.mp4,1192,True,0.8025076389312744,76.8510971069336,42.652828216552734,104.00271606445312,64.05149841308594
normal,C:\Users\Light\Videos\正常往返.mp4,1193,True,0.8051162958145142,76.88712310791016,42.65733337402344,103.9298095703125,64.1075439453125
normal,C:\Users\Light\Videos\正常往返.mp4,1194,True,0.8057194948196411,77.2900619506836,42.6978759765625,104.49378204345703,63.98112487792969
normal,C:\Users\Light\Videos\正常往返.mp4,1195,True,0.8102376461029053,77.20752716064453,42.73756408691406,104.18303680419922,64.28535461425781
normal,C:\Users\Light\Videos\正常往返.mp4,1196,True,0.8106479644775391,77.22106170654297,42.73032760620117,104.21968078613281,64.268798828125
normal,C:\Users\Light\Videos\正常往返.mp4,1197,True,0.797286331653595,77.03401947021484,42.721920013427734,104.31975555419922,64.06070709228516
normal,C:\Users\Light\Videos\正常往返.mp4,1198,True,0.7961063981056213,77.03621673583984,42.720890045166016,104.32847595214844,64.04228210449219
normal,C:\Users\Light\Videos\正常往返.mp4,1199,True,0.8311699628829956,77.09425354003906,42.312599182128906,103.75468444824219,63.90597915649414
normal,C:\Users\Light\Videos\正常往返.mp4,1200,True,0.8216420412063599,76.62218475341797,42.352359771728516,103.6814956665039,63.964115142822266
normal,C:\Users\Light\Videos\正常往返.mp4,1201,True,0.8232184648513794,76.6287841796875,42.35702133178711,103.67569732666016,63.967655181884766
normal,C:\Users\Light\Videos\正常往返.mp4,1202,True,0.8355951905250549,76.78319549560547,42.18537139892578,103.1324234008789,63.76906967163086
normal,C:\Users\Light\Videos\正常往返.mp4,1203,True,0.8299968242645264,76.55094909667969,41.98434066772461,103.03758239746094,63.32612991333008
normal,C:\Users\Light\Videos\正常往返.mp4,1204,True,0.8299686908721924,76.55290985107422,41.984588623046875,103.03768920898438,63.32498550415039
normal,C:\Users\Light\Videos\正常往返.mp4,1205,True,0.8013460040092468,76.23081970214844,42.198551177978516,102.59632110595703,63.83469009399414
normal,C:\Users\Light\Videos\正常往返.mp4,1206,True,0.7707627415657043,75.1951904296875,42.26912307739258,101.66720581054688,63.972225189208984
normal,C:\Users\Light\Videos\正常往返.mp4,1207,True,0.7707667350769043,75.195068359375,42.26838302612305,101.66799926757812,63.97368240356445
normal,C:\Users\Light\Videos\正常往返.mp4,1208,True,0.8017829656600952,74.15143585205078,42.1920051574707,100.26509857177734,63.071537017822266
normal,C:\Users\Light\Videos\正常往返.mp4,1209,True,0.802039623260498,74.13288116455078,42.20148468017578,100.2555923461914,63.07532501220703
normal,C:\Users\Light\Videos\正常往返.mp4,1210,True,0.8141969442367554,73.00921630859375,42.54534149169922,99.587890625,63.21420669555664
normal,C:\Users\Light\Videos\正常往返.mp4,1211,True,0.7802953720092773,72.08317565917969,42.768470764160156,98.81494903564453,64.06902313232422
normal,C:\Users\Light\Videos\正常往返.mp4,1212,True,0.7758948802947998,71.51910400390625,42.979496002197266,97.7998275756836,64.65001678466797
normal,C:\Users\Light\Videos\正常往返.mp4,1213,True,0.8115584254264832,70.37444305419922,42.48014831542969,96.97282409667969,64.35030364990234
normal,C:\Users\Light\Videos\正常往返.mp4,1214,True,0.81156986951828,70.37393951416016,42.480594635009766,96.97200775146484,64.35030364990234
normal,C:\Users\Light\Videos\正常往返.mp4,1215,True,0.7797278165817261,70.22400665283203,42.10493850708008,96.14447784423828,63.9342155456543
normal,C:\Users\Light\Videos\正常往返.mp4,1216,True,0.7212558388710022,69.2551040649414,42.6911735534668,94.34213256835938,64.20216369628906
normal,C:\Users\Light\Videos\正常往返.mp4,1217,True,0.7210655808448792,69.25160217285156,42.68642044067383,94.34296417236328,64.19490814208984
normal,C:\Users\Light\Videos\正常往返.mp4,1218,True,0.7928357720375061,68.43860626220703,42.313228607177734,94.16580963134766,63.73677444458008
normal,C:\Users\Light\Videos\正常往返.mp4,1219,True,0.7972559332847595,67.00350952148438,42.538307189941406,93.49296569824219,63.95606994628906
normal,C:\Users\Light\Videos\正常往返.mp4,1220,True,0.7970625758171082,67.02779388427734,42.52875900268555,93.4953842163086,63.95140838623047
normal,C:\Users\Light\Videos\正常往返.mp4,1221,True,0.8033515214920044,66.08625030517578,42.864952087402344,92.71107482910156,64.75729370117188
normal,C:\Users\Light\Videos\正常往返.mp4,1222,True,0.8032662272453308,66.08512115478516,42.868202209472656,92.70087432861328,64.76448822021484
normal,C:\Users\Light\Videos\正常往返.mp4,1223,True,0.8098186254501343,65.554443359375,42.769500732421875,92.49323272705078,64.1132583618164
normal,C:\Users\Light\Videos\正常往返.mp4,1224,True,0.8130408525466919,64.79151916503906,42.635032653808594,91.67788696289062,64.24320220947266
normal,C:\Users\Light\Videos\正常往返.mp4,1225,True,0.8172627091407776,64.80049133300781,42.60116958618164,91.59476470947266,64.27217864990234
normal,C:\Users\Light\Videos\正常往返.mp4,1226,True,0.806774914264679,64.66018676757812,42.43366622924805,90.87213897705078,64.3140869140625
normal,C:\Users\Light\Videos\正常往返.mp4,1227,True,0.8118153810501099,64.62886047363281,42.25545120239258,90.71282196044922,63.98630142211914
normal,C:\Users\Light\Videos\正常往返.mp4,1228,True,0.8114920258522034,64.60322570800781,42.24435806274414,90.71074676513672,63.97718048095703
normal,C:\Users\Light\Videos\正常往返.mp4,1229,True,0.7663063406944275,64.14665985107422,42.29453659057617,90.20809936523438,64.179443359375
normal,C:\Users\Light\Videos\正常往返.mp4,1230,True,0.7462815642356873,63.53679656982422,42.155296325683594,88.86133575439453,63.53657150268555
normal,C:\Users\Light\Videos\正常往返.mp4,1231,True,0.7467272877693176,63.52579116821289,42.15079116821289,88.86369323730469,63.53977584838867
normal,C:\Users\Light\Videos\正常往返.mp4,1232,True,0.7433618307113647,63.957332611083984,42.113250732421875,88.98503875732422,64.30470275878906
normal,C:\Users\Light\Videos\正常往返.mp4,1233,True,0.7433611154556274,63.950435638427734,42.10993576049805,88.98786926269531,64.31128692626953
normal,C:\Users\Light\Videos\正常往返.mp4,1234,True,0.7401960492134094,63.07563781738281,42.958518981933594,88.78101348876953,64.68506622314453
normal,C:\Users\Light\Videos\正常往返.mp4,1235,True,0.7393881678581238,62.866966247558594,42.920509338378906,88.52130126953125,64.61837005615234
normal,C:\Users\Light\Videos\正常往返.mp4,1236,True,0.7264755368232727,62.87092208862305,43.016563415527344,88.7374038696289,64.6040267944336
normal,C:\Users\Light\Videos\正常往返.mp4,1237,True,0.7391797304153442,63.02665710449219,43.078330993652344,88.84530639648438,64.82298278808594
normal,C:\Users\Light\Videos\正常往返.mp4,1238,True,0.7392167448997498,63.022674560546875,43.06889343261719,88.82914733886719,64.81458282470703
normal,C:\Users\Light\Videos\正常往返.mp4,1239,True,0.7660349607467651,63.01945877075195,42.24727249145508,88.61024475097656,63.7640495300293
normal,C:\Users\Light\Videos\正常往返.mp4,1240,True,0.7370797991752625,63.092872619628906,42.878440856933594,88.84442138671875,64.592529296875
normal,C:\Users\Light\Videos\正常往返.mp4,1241,True,0.7367569208145142,63.100807189941406,42.875797271728516,88.85478210449219,64.58715057373047
normal,C:\Users\Light\Videos\正常往返.mp4,1242,True,0.7427775859832764,63.97501754760742,42.11970520019531,88.94992065429688,64.26010131835938
normal,C:\Users\Light\Videos\正常往返.mp4,1243,True,0.7426329255104065,63.9661979675293,42.125152587890625,88.9403305053711,64.26240539550781
normal,C:\Users\Light\Videos\正常往返.mp4,1244,True,0.7480085492134094,63.51300048828125,42.095279693603516,88.7824478149414,63.552978515625
normal,C:\Users\Light\Videos\正常往返.mp4,1245,True,0.7525621056556702,63.68706512451172,42.3745002746582,89.81625366210938,64.48069763183594
normal,C:\Users\Light\Videos\正常往返.mp4,1246,True,0.7521570920944214,63.68245315551758,42.37385177612305,89.80856323242188,64.47677612304688
normal,C:\Users\Light\Videos\正常往返.mp4,1247,True,0.7961805462837219,64.19312286376953,42.42580032348633,90.65079498291016,64.16436004638672
normal,C:\Users\Light\Videos\正常往返.mp4,1248,True,0.767471194267273,64.10306549072266,42.541934967041016,90.47647094726562,64.54396057128906
normal,C:\Users\Light\Videos\正常往返.mp4,1249,True,0.7681239247322083,64.12198638916016,42.56105422973633,90.49217224121094,64.5627212524414
normal,C:\Users\Light\Videos\正常往返.mp4,1250,True,0.7880919575691223,64.32832336425781,42.39368438720703,90.57449340820312,64.19378662109375
normal,C:\Users\Light\Videos\正常往返.mp4,1251,True,0.7739647030830383,64.35447692871094,42.29597091674805,90.35481262207031,64.12265014648438
normal,C:\Users\Light\Videos\正常往返.mp4,1252,True,0.7737190127372742,64.35102081298828,42.299400329589844,90.35395050048828,64.12823486328125
normal,C:\Users\Light\Videos\正常往返.mp4,1253,True,0.7729610204696655,64.15089416503906,42.38160705566406,90.39107513427734,64.2739486694336
normal,C:\Users\Light\Videos\正常往返.mp4,1254,True,0.7719326019287109,64.14179229736328,42.39442443847656,90.39855194091797,64.28824615478516
normal,C:\Users\Light\Videos\正常往返.mp4,1255,True,0.7950232028961182,64.57247924804688,42.33129119873047,90.4700698852539,64.3698501586914
normal,C:\Users\Light\Videos\正常往返.mp4,1256,True,0.8018285632133484,64.58447265625,42.51907730102539,90.76224517822266,64.59447479248047
normal,C:\Users\Light\Videos\正常往返.mp4,1257,True,0.8004294633865356,64.5907974243164,42.51259994506836,90.74104309082031,64.61019134521484
normal,C:\Users\Light\Videos\正常往返.mp4,1258,True,0.8363790512084961,64.92648315429688,42.53976058959961,91.42374420166016,64.33695220947266
normal,C:\Users\Light\Videos\正常往返.mp4,1259,True,0.8173529505729675,65.21823120117188,42.4960823059082,91.50464630126953,64.1737289428711
normal,C:\Users\Light\Videos\正常往返.mp4,1260,True,0.7897220849990845,65.95259094238281,42.79951095581055,91.77620697021484,64.93524169921875
normal,C:\Users\Light\Videos\正常往返.mp4,1261,True,0.782514750957489,66.38079071044922,42.87252426147461,92.02252960205078,65.23613739013672
normal,C:\Users\Light\Videos\正常往返.mp4,1262,True,0.7825312614440918,66.36957550048828,42.88426971435547,92.04559326171875,65.2550048828125
normal,C:\Users\Light\Videos\正常往返.mp4,1263,True,0.8053649663925171,66.24323272705078,42.943660736083984,92.52644348144531,64.94743347167969
normal,C:\Users\Light\Videos\正常往返.mp4,1264,True,0.7866329550743103,66.86365509033203,42.93373107910156,92.89208221435547,64.77462005615234
normal,C:\Users\Light\Videos\正常往返.mp4,1265,True,0.786941647529602,66.86820220947266,42.93532180786133,92.888671875,64.7679214477539
normal,C:\Users\Light\Videos\正常往返.mp4,1266,True,0.7928926944732666,67.16264343261719,42.755313873291016,93.3978271484375,64.18253326416016
normal,C:\Users\Light\Videos\正常往返.mp4,1267,True,0.7928531169891357,67.16204833984375,42.75459671020508,93.39869689941406,64.18360900878906
normal,C:\Users\Light\Videos\正常往返.mp4,1268,True,0.7465155124664307,68.22420501708984,42.78382110595703,92.92680358886719,64.8072738647461
normal,C:\Users\Light\Videos\正常往返.mp4,1269,True,0.7589901685714722,68.59876251220703,42.382232666015625,93.89989471435547,64.07404327392578
normal,C:\Users\Light\Videos\正常往返.mp4,1270,True,0.7582789063453674,68.60392761230469,42.38850784301758,93.88945770263672,64.0824203491211
normal,C:\Users\Light\Videos\正常往返.mp4,1271,True,0.7305124402046204,68.98876953125,42.8255729675293,94.04815673828125,64.33342742919922
normal,C:\Users\Light\Videos\正常往返.mp4,1272,True,0.7218859195709229,69.61653137207031,42.489784240722656,95.2984390258789,64.46353149414062
normal,C:\Users\Light\Videos\正常往返.mp4,1273,True,0.7230686545372009,69.62486267089844,42.48752212524414,95.31970977783203,64.4711685180664
normal,C:\Users\Light\Videos\正常往返.mp4,1274,True,0.7427038550376892,69.92200469970703,42.35713195800781,95.94969177246094,64.25907135009766
normal,C:\Users\Light\Videos\正常往返.mp4,1275,True,0.7863554358482361,70.7312240600586,42.75697326660156,96.93550872802734,64.4845962524414
normal,C:\Users\Light\Videos\正常往返.mp4,1276,True,0.7859955430030823,70.73275756835938,42.75242233276367,96.92594909667969,64.48533630371094
normal,C:\Users\Light\Videos\正常往返.mp4,1277,True,0.7806001305580139,71.91927337646484,43.09018325805664,97.84989166259766,64.68423461914062
normal,C:\Users\Light\Videos\正常往返.mp4,1278,True,0.7806217074394226,71.92046356201172,43.09587860107422,97.84759521484375,64.6971435546875
normal,C:\Users\Light\Videos\正常往返.mp4,1279,True,0.7881799936294556,72.6724624633789,43.14341354370117,98.8824462890625,64.26995849609375
normal,C:\Users\Light\Videos\正常往返.mp4,1280,True,0.8030178546905518,74.12030029296875,42.33976364135742,99.97998809814453,63.5574836730957
normal,C:\Users\Light\Videos\正常往返.mp4,1281,True,0.8033642172813416,74.11608123779297,42.3411979675293,99.97221374511719,63.5574836730957
normal,C:\Users\Light\Videos\正常往返.mp4,1282,True,0.8110479712486267,76.53881072998047,42.35681915283203,103.24652099609375,63.88090133666992
normal,C:\Users\Light\Videos\正常往返.mp4,1283,True,0.8111467361450195,76.54007720947266,42.35874557495117,103.24486541748047,63.878570556640625
normal,C:\Users\Light\Videos\正常往返.mp4,1284,True,0.8270244002342224,77.80087280273438,42.681243896484375,104.44239044189453,63.80286407470703
normal,C:\Users\Light\Videos\正常往返.mp4,1285,True,0.7604045867919922,80.35828399658203,42.42654037475586,105.5934829711914,63.999298095703125
normal,C:\Users\Light\Videos\正常往返.mp4,1286,True,0.7600046992301941,80.37028503417969,42.424434661865234,105.59620666503906,63.99943542480469
normal,C:\Users\Light\Videos\正常往返.mp4,1287,True,0.7621413469314575,81.80925750732422,42.26401138305664,107.66357421875,63.9984016418457
normal,C:\Users\Light\Videos\正常往返.mp4,1288,True,0.7637585401535034,81.81098175048828,42.243194580078125,107.68609619140625,63.95561981201172
normal,C:\Users\Light\Videos\正常往返.mp4,1289,True,0.8227930068969727,83.1536636352539,42.51472854614258,109.97831726074219,64.22370147705078
normal,C:\Users\Light\Videos\正常往返.mp4,1290,True,0.796229898929596,85.56034088134766,42.6750602722168,110.80156707763672,63.92863845825195
normal,C:\Users\Light\Videos\正常往返.mp4,1291,True,0.7977294325828552,85.54412078857422,42.66596221923828,110.81818389892578,63.920074462890625
normal,C:\Users\Light\Videos\正常往返.mp4,1292,True,0.730164647102356,87.00780487060547,42.27882766723633,112.85468292236328,63.99667739868164
normal,C:\Users\Light\Videos\正常往返.mp4,1293,True,0.8364959955215454,88.89352416992188,42.45479965209961,115.37039947509766,63.91415786743164
normal,C:\Users\Light\Videos\正常往返.mp4,1294,True,0.8366026878356934,88.89598846435547,42.4549560546875,115.3691635131836,63.907142639160156
normal,C:\Users\Light\Videos\正常往返.mp4,1295,True,0.81987065076828,91.28881072998047,42.57217025756836,116.61699676513672,63.568599700927734
normal,C:\Users\Light\Videos\正常往返.mp4,1296,True,0.7989900708198547,93.22590637207031,42.031272888183594,119.55775451660156,63.61106872558594
normal,C:\Users\Light\Videos\正常往返.mp4,1297,True,0.7985146641731262,93.23824310302734,42.02979278564453,119.56231689453125,63.61581802368164
normal,C:\Users\Light\Videos\正常往返.mp4,1298,True,0.8188584446907043,95.29370880126953,42.4846305847168,121.7971420288086,63.89835739135742
normal,C:\Users\Light\Videos\正常往返.mp4,1299,True,0.8188637495040894,95.29330444335938,42.48386764526367,121.79747772216797,63.898895263671875
normal,C:\Users\Light\Videos\正常往返.mp4,1300,True,0.7660439610481262,98.03938293457031,41.86894607543945,123.73517608642578,63.05569076538086
normal,C:\Users\Light\Videos\正常往返.mp4,1301,True,0.8080090880393982,100.30809020996094,42.38530349731445,126.72756958007812,63.90602493286133
normal,C:\Users\Light\Videos\正常往返.mp4,1302,True,0.8076234459877014,100.29966735839844,42.38433837890625,126.72918701171875,63.90192413330078
normal,C:\Users\Light\Videos\正常往返.mp4,1303,True,0.782630980014801,103.22367095947266,42.669456481933594,128.69676208496094,64.07955169677734
normal,C:\Users\Light\Videos\正常往返.mp4,1304,True,0.7874988913536072,105.35535430908203,41.79460906982422,131.61607360839844,63.41447448730469
normal,C:\Users\Light\Videos\正常往返.mp4,1305,True,0.7869386672973633,105.34517669677734,41.79756546020508,131.61427307128906,63.420616149902344
normal,C:\Users\Light\Videos\正常往返.mp4,1306,True,0.8172194361686707,107.33399200439453,42.65383529663086,134.1727294921875,64.06343841552734
normal,C:\Users\Light\Videos\正常往返.mp4,1307,True,0.7534559965133667,110.11697387695312,41.72069549560547,135.71360778808594,62.58373260498047
normal,C:\Users\Light\Videos\正常往返.mp4,1308,True,0.8007930517196655,112.55976104736328,42.51228713989258,138.27845764160156,64.31099700927734
normal,C:\Users\Light\Videos\正常往返.mp4,1309,True,0.8166050910949707,114.76284790039062,42.911949157714844,139.79457092285156,64.31657409667969
normal,C:\Users\Light\Videos\正常往返.mp4,1310,True,0.8166059255599976,114.75677490234375,42.90681457519531,139.79307556152344,64.3182144165039
normal,C:\Users\Light\Videos\正常往返.mp4,1311,True,0.7669001221656799,116.08432006835938,41.7535514831543,141.3319091796875,62.731781005859375
normal,C:\Users\Light\Videos\正常往返.mp4,1312,True,0.7675589323043823,116.0733413696289,41.756797790527344,141.33657836914062,62.726200103759766
normal,C:\Users\Light\Videos\正常往返.mp4,1313,True,0.7823740839958191,117.9082260131836,41.21278762817383,143.37265014648438,62.69612503051758
normal,C:\Users\Light\Videos\正常往返.mp4,1314,True,0.7952037453651428,118.62386322021484,43.07714080810547,145.1795654296875,64.25761413574219
normal,C:\Users\Light\Videos\正常往返.mp4,1315,True,0.8002722263336182,118.6423568725586,43.04273986816406,145.1549835205078,64.21487426757812
normal,C:\Users\Light\Videos\正常往返.mp4,1316,True,0.8197228312492371,120.78225708007812,42.995094299316406,146.54945373535156,63.628414154052734
normal,C:\Users\Light\Videos\正常往返.mp4,1317,True,0.772942066192627,121.73756408691406,41.466819763183594,147.43881225585938,62.42765808105469
normal,C:\Users\Light\Videos\正常往返.mp4,1318,True,0.7745930552482605,121.73258972167969,41.46715545654297,147.4283447265625,62.43171691894531
normal,C:\Users\Light\Videos\正常往返.mp4,1319,True,0.7503146529197693,123.21294403076172,41.69828414916992,148.50245666503906,63.69260025024414
normal,C:\Users\Light\Videos\正常往返.mp4,1320,True,0.7764396071434021,123.63788604736328,41.10276794433594,149.4484100341797,63.25051498413086
normal,C:\Users\Light\Videos\正常往返.mp4,1321,True,0.7764654159545898,123.61834716796875,41.113975524902344,149.4523162841797,63.27754211425781
normal,C:\Users\Light\Videos\正常往返.mp4,1322,True,0.8009119629859924,123.96273803710938,40.60628890991211,150.3479766845703,62.75699234008789
normal,C:\Users\Light\Videos\正常往返.mp4,1323,True,0.8011175990104675,123.96021270751953,40.60552978515625,150.3493194580078,62.75632095336914
normal,C:\Users\Light\Videos\正常往返.mp4,1324,True,0.8040686249732971,124.81329345703125,41.26839065551758,150.35089111328125,62.97086715698242
normal,C:\Users\Light\Videos\正常往返.mp4,1325,True,0.8128239512443542,124.67312622070312,41.403663635253906,150.3177947998047,63.08659744262695
normal,C:\Users\Light\Videos\正常往返.mp4,1326,True,0.8130643963813782,124.67680358886719,41.41130447387695,150.32093811035156,63.093074798583984
normal,C:\Users\Light\Videos\正常往返.mp4,1327,True,0.8064903616905212,124.35442352294922,40.48643493652344,150.14979553222656,61.96067428588867
normal,C:\Users\Light\Videos\正常往返.mp4,1328,True,0.802058756351471,123.87882232666016,41.1981086730957,149.95225524902344,63.14688491821289
normal,C:\Users\Light\Videos\正常往返.mp4,1329,True,0.8017579913139343,123.8714828491211,41.20111083984375,149.94354248046875,63.15114212036133
normal,C:\Users\Light\Videos\正常往返.mp4,1330,True,0.7768761515617371,123.54362487792969,40.710594177246094,148.86378479003906,62.31938934326172
normal,C:\Users\Light\Videos\正常往返.mp4,1331,True,0.7488583326339722,122.63292694091797,41.260902404785156,147.8652801513672,62.52483367919922
normal,C:\Users\Light\Videos\正常往返.mp4,1332,True,0.8019779920578003,121.28850555419922,42.106170654296875,147.07904052734375,62.82528305053711
normal,C:\Users\Light\Videos\正常往返.mp4,1333,True,0.8020201325416565,121.28697204589844,42.104331970214844,147.0809326171875,62.826805114746094
normal,C:\Users\Light\Videos\正常往返.mp4,1334,True,0.8302276134490967,119.42024230957031,42.624298095703125,145.74281311035156,63.261695861816406
normal,C:\Users\Light\Videos\正常往返.mp4,1335,True,0.8240342736244202,119.08307647705078,41.802024841308594,144.56883239746094,63.08684539794922
normal,C:\Users\Light\Videos\正常往返.mp4,1336,True,0.8241025805473328,119.07710266113281,41.8043098449707,144.5747833251953,63.08751678466797
normal,C:\Users\Light\Videos\正常往返.mp4,1337,True,0.7468425035476685,117.58452606201172,40.9803352355957,142.6124725341797,62.148929595947266
normal,C:\Users\Light\Videos\正常往返.mp4,1338,True,0.7591020464897156,116.10926818847656,41.89673614501953,140.2909393310547,62.37089157104492
normal,C:\Users\Light\Videos\正常往返.mp4,1339,True,0.7583593130111694,116.11428833007812,41.89241027832031,140.30088806152344,62.36311340332031
normal,C:\Users\Light\Videos\正常往返.mp4,1340,True,0.8366196155548096,113.68810272216797,42.30834197998047,139.35169982910156,63.35403060913086
normal,C:\Users\Light\Videos\正常往返.mp4,1341,True,0.8050053715705872,112.40313720703125,42.43702697753906,137.7962188720703,64.15380096435547
normal,C:\Users\Light\Videos\正常往返.mp4,1342,True,0.804436206817627,112.39498901367188,42.433040618896484,137.7858123779297,64.14815521240234
normal,C:\Users\Light\Videos\正常往返.mp4,1343,True,0.7727823853492737,109.83220672607422,41.89776611328125,135.6208038330078,63.10885238647461
normal,C:\Users\Light\Videos\正常往返.mp4,1344,True,0.8435829281806946,108.40302276611328,41.55294418334961,134.71141052246094,62.24592590332031
normal,C:\Users\Light\Videos\正常往返.mp4,1345,True,0.8446091413497925,108.39521789550781,41.542747497558594,134.6871337890625,62.2470703125
normal,C:\Users\Light\Videos\正常往返.mp4,1346,True,0.7998291850090027,106.16056060791016,41.9040641784668,132.4609375,63.48444366455078
normal,C:\Users\Light\Videos\正常往返.mp4,1347,True,0.7998179793357849,106.1592025756836,41.90401840209961,132.46250915527344,63.48583221435547
normal,C:\Users\Light\Videos\正常往返.mp4,1348,True,0.7289425134658813,104.49393463134766,42.54139709472656,129.28265380859375,63.78825378417969
normal,C:\Users\Light\Videos\正常往返.mp4,1349,True,0.8411543369293213,102.2568130493164,42.661006927490234,128.7519989013672,63.58961868286133
normal,C:\Users\Light\Videos\正常往返.mp4,1350,True,0.841347873210907,102.25867462158203,42.662353515625,128.74856567382812,63.586212158203125
normal,C:\Users\Light\Videos\正常往返.mp4,1351,True,0.8330143690109253,100.88427734375,41.6882438659668,126.9983139038086,63.14159393310547
normal,C:\Users\Light\Videos\正常往返.mp4,1352,True,0.7425917983055115,100.2474365234375,41.912357330322266,125.001708984375,63.72321319580078
normal,C:\Users\Light\Videos\正常往返.mp4,1353,True,0.7416731119155884,100.23934173583984,41.91253662109375,125.0047607421875,63.72590255737305
normal,C:\Users\Light\Videos\正常往返.mp4,1354,True,0.8431582450866699,95.42508697509766,42.04303741455078,121.9129409790039,63.245338439941406
normal,C:\Users\Light\Videos\正常往返.mp4,1355,True,0.8422219157218933,95.43573760986328,42.02934265136719,121.90007019042969,63.202510833740234
normal,C:\Users\Light\Videos\正常往返.mp4,1356,True,0.7794896364212036,93.9490737915039,41.77040481567383,120.19502258300781,63.57686996459961
normal,C:\Users\Light\Videos\正常往返.mp4,1357,True,0.7780917882919312,93.94977569580078,41.80662155151367,120.17820739746094,63.65441131591797
normal,C:\Users\Light\Videos\正常往返.mp4,1358,True,0.7368230819702148,92.71305084228516,42.38438415527344,117.71116638183594,63.507572174072266
normal,C:\Users\Light\Videos\正常往返.mp4,1359,True,0.8125897645950317,91.36941528320312,42.816585540771484,116.84773254394531,63.934486389160156
normal,C:\Users\Light\Videos\正常往返.mp4,1360,True,0.8121078014373779,91.37423706054688,42.81698989868164,116.85676574707031,63.9304084777832
normal,C:\Users\Light\Videos\正常往返.mp4,1361,True,0.8170436024665833,89.7008056640625,42.655067443847656,115.7523193359375,64.22119140625
normal,C:\Users\Light\Videos\正常往返.mp4,1362,True,0.7702470421791077,89.34204864501953,43.07147216796875,114.60035705566406,64.88658905029297
normal,C:\Users\Light\Videos\正常往返.mp4,1363,True,0.7700701355934143,89.34164428710938,43.07906723022461,114.60182189941406,64.88154602050781
normal,C:\Users\Light\Videos\正常往返.mp4,1364,True,0.7818140983581543,88.04026794433594,42.5145263671875,114.18323516845703,64.19387817382812
normal,C:\Users\Light\Videos\正常往返.mp4,1365,True,0.7724564671516418,87.52627563476562,41.88333511352539,112.99364471435547,63.39455032348633
normal,C:\Users\Light\Videos\正常往返.mp4,1366,True,0.7720458507537842,87.52104187011719,41.88369369506836,112.99297332763672,63.39594268798828
normal,C:\Users\Light\Videos\正常往返.mp4,1367,True,0.7375258207321167,87.12693786621094,43.01846694946289,112.54227447509766,64.49602508544922
normal,C:\Users\Light\Videos\正常往返.mp4,1368,True,0.7373806238174438,87.13829040527344,42.996864318847656,112.5611343383789,64.47867584228516
normal,C:\Users\Light\Videos\正常往返.mp4,1369,True,0.752159059047699,86.7052001953125,42.3204460144043,111.68376922607422,63.775184631347656
normal,C:\Users\Light\Videos\正常往返.mp4,1370,True,0.7870028018951416,86.34009552001953,42.116275787353516,111.650146484375,63.120819091796875
normal,C:\Users\Light\Videos\正常往返.mp4,1371,True,0.7883651256561279,86.33424377441406,42.111793518066406,111.64463806152344,63.106746673583984
normal,C:\Users\Light\Videos\正常往返.mp4,1372,True,0.7787874341011047,86.40898895263672,42.2586784362793,111.5477294921875,63.669986724853516
normal,C:\Users\Light\Videos\正常往返.mp4,1373,True,0.7419503927230835,86.08302307128906,42.92665100097656,111.49897003173828,64.521240234375
normal,C:\Users\Light\Videos\正常往返.mp4,1374,True,0.7426014542579651,86.08806610107422,42.93052673339844,111.50393676757812,64.53282165527344
normal,C:\Users\Light\Videos\正常往返.mp4,1375,True,0.7781392335891724,86.53289794921875,42.16410446166992,111.59059143066406,63.48060989379883
normal,C:\Users\Light\Videos\正常往返.mp4,1376,True,0.7881391048431396,86.44230651855469,42.188350677490234,111.59825897216797,63.1214485168457
normal,C:\Users\Light\Videos\正常往返.mp4,1377,True,0.7881377339363098,86.44388580322266,42.189205169677734,111.59735107421875,63.12041473388672
normal,C:\Users\Light\Videos\正常往返.mp4,1378,True,0.7399370670318604,86.64244842529297,42.180755615234375,111.90655517578125,63.632450103759766
normal,C:\Users\Light\Videos\正常往返.mp4,1379,True,0.7519697546958923,86.75110626220703,42.242027282714844,113.0259017944336,63.95521545410156
normal,C:\Users\Light\Videos\正常往返.mp4,1380,True,0.7367040514945984,87.97206115722656,42.26490783691406,112.60386657714844,64.01409149169922
normal,C:\Users\Light\Videos\正常往返.mp4,1381,True,0.7369715571403503,87.97511291503906,42.26663589477539,112.60057067871094,64.0117416381836
normal,C:\Users\Light\Videos\正常往返.mp4,1382,True,0.7851806282997131,87.82703399658203,42.177215576171875,113.98997497558594,63.85700988769531
normal,C:\Users\Light\Videos\正常往返.mp4,1383,True,0.8021963238716125,88.0750961303711,42.29877471923828,114.1246109008789,63.81505584716797
normal,C:\Users\Light\Videos\正常往返.mp4,1384,True,0.8023749589920044,88.06062316894531,42.2941780090332,114.1124496459961,63.80342483520508
normal,C:\Users\Light\Videos\正常往返.mp4,1385,True,0.838963508605957,89.01299285888672,42.49570083618164,115.1855697631836,63.979713439941406
normal,C:\Users\Light\Videos\正常往返.mp4,1386,True,0.8167755603790283,89.35836029052734,42.917640686035156,115.49116516113281,64.301513671875
normal,C:\Users\Light\Videos\正常往返.mp4,1387,True,0.8171005845069885,89.3647232055664,42.906768798828125,115.5019760131836,64.27877044677734
normal,C:\Users\Light\Videos\正常往返.mp4,1388,True,0.8361481428146362,90.31201934814453,42.62333297729492,116.5965805053711,63.470638275146484
normal,C:\Users\Light\Videos\正常往返.mp4,1389,True,0.7845852375030518,92.10295104980469,42.319637298583984,117.07810974121094,63.30643081665039
normal,C:\Users\Light\Videos\正常往返.mp4,1390,True,0.7846358418464661,92.10355377197266,42.318763732910156,117.07952117919922,63.30672073364258
normal,C:\Users\Light\Videos\正常往返.mp4,1391,True,0.7058407068252563,93.40826416015625,42.22956848144531,117.82569885253906,63.26324462890625
normal,C:\Users\Light\Videos\正常往返.mp4,1392,True,0.7058010101318359,93.40947723388672,42.22992706298828,117.8244400024414,63.26207733154297
normal,C:\Users\Light\Videos\正常往返.mp4,1393,True,0.8160158395767212,94.43012237548828,41.91571807861328,120.3749771118164,63.42290115356445
normal,C:\Users\Light\Videos\正常往返.mp4,1394,True,0.8073939085006714,94.97511291503906,42.55697250366211,122.13224029541016,63.520145416259766
normal,C:\Users\Light\Videos\正常往返.mp4,1395,True,0.8062898516654968,94.97217559814453,42.55820846557617,122.14035034179688,63.513668060302734
normal,C:\Users\Light\Videos\正常往返.mp4,1396,True,0.839451253414154,96.71603393554688,41.90231704711914,122.90169525146484,62.68440246582031
normal,C:\Users\Light\Videos\正常往返.mp4,1397,True,0.7713974714279175,98.21324920654297,41.72701644897461,123.8827133178711,62.74702072143555
normal,C:\Users\Light\Videos\正常往返.mp4,1398,True,0.772224485874176,98.20271301269531,41.72430419921875,123.8873519897461,62.741127014160156
normal,C:\Users\Light\Videos\正常往返.mp4,1399,True,0.8060336112976074,99.89723205566406,41.916324615478516,125.94470977783203,63.54035949707031
normal,C:\Users\Light\Videos\正常往返.mp4,1400,True,0.8460110425949097,100.76152038574219,42.42705535888672,127.62006378173828,63.74074172973633
normal,C:\Users\Light\Videos\正常往返.mp4,1401,True,0.8460050225257874,100.75890350341797,42.426002502441406,127.6203384399414,63.743900299072266
normal,C:\Users\Light\Videos\正常往返.mp4,1402,True,0.8171599507331848,103.15074920654297,42.32026672363281,128.81626892089844,63.52619552612305
normal,C:\Users\Light\Videos\正常往返.mp4,1403,True,0.8153390884399414,103.15637969970703,42.30632400512695,128.81356811523438,63.526241302490234
normal,C:\Users\Light\Videos\正常往返.mp4,1404,True,0.7705904841423035,106.00850677490234,42.317935943603516,132.16969299316406,64.19969940185547
normal,C:\Users\Light\Videos\正常往返.mp4,1405,True,0.7710895538330078,106.02971649169922,42.33005905151367,132.18653869628906,64.20366668701172
normal,C:\Users\Light\Videos\正常往返.mp4,1406,True,0.8146646022796631,107.5168685913086,42.4709587097168,134.06211853027344,63.41602325439453
normal,C:\Users\Light\Videos\正常往返.mp4,1407,True,0.7559547424316406,109.8957290649414,41.97331619262695,135.4490203857422,63.41828536987305
normal,C:\Users\Light\Videos\正常往返.mp4,1408,True,0.7554230093955994,109.90387725830078,41.96441650390625,135.46502685546875,63.427001953125
normal,C:\Users\Light\Videos\正常往返.mp4,1409,True,0.7730921506881714,111.6050033569336,41.57674789428711,137.2770233154297,63.24211120605469
normal,C:\Users\Light\Videos\正常往返.mp4,1410,True,0.8037203550338745,112.85466766357422,42.58745193481445,138.4120330810547,64.23551177978516
normal,C:\Users\Light\Videos\正常往返.mp4,1411,True,0.8035253286361694,112.85648345947266,42.589515686035156,138.4079132080078,64.2337646484375
normal,C:\Users\Light\Videos\正常往返.mp4,1412,True,0.8114566206932068,114.37947845458984,42.714256286621094,139.57052612304688,63.93090057373047
normal,C:\Users\Light\Videos\正常往返.mp4,1413,True,0.8113632202148438,114.3770523071289,42.7139892578125,139.5695037841797,63.93354415893555
normal,C:\Users\Light\Videos\正常往返.mp4,1414,True,0.774693489074707,115.68951416015625,41.90899658203125,140.72610473632812,62.89323425292969
normal,C:\Users\Light\Videos\正常往返.mp4,1415,True,0.7476435899734497,116.53182983398438,42.15531921386719,142.20306396484375,63.6539421081543
normal,C:\Users\Light\Videos\正常往返.mp4,1416,True,0.7487291693687439,116.53873443603516,42.141334533691406,142.2081756591797,63.6312141418457
normal,C:\Users\Light\Videos\正常往返.mp4,1417,True,0.7691604495048523,118.31600189208984,42.8656005859375,143.5062255859375,64.50469970703125
normal,C:\Users\Light\Videos\正常往返.mp4,1418,True,0.803783655166626,119.1312255859375,42.640724182128906,144.6240234375,64.28071594238281
normal,C:\Users\Light\Videos\正常往返.mp4,1419,True,0.803882360458374,119.13068389892578,42.63765335083008,144.6285858154297,64.28253173828125
normal,C:\Users\Light\Videos\正常往返.mp4,1420,True,0.829140305519104,119.8978500366211,42.99235916137695,146.0790557861328,64.09259796142578
normal,C:\Users\Light\Videos\正常往返.mp4,1421,True,0.7919938564300537,121.51705932617188,42.195457458496094,147.06483459472656,63.096370697021484
normal,C:\Users\Light\Videos\正常往返.mp4,1422,True,0.792219340801239,121.5131607055664,42.20034408569336,147.06027221679688,63.09565353393555
normal,C:\Users\Light\Videos\正常往返.mp4,1423,True,0.749920129776001,123.35108184814453,41.811954498291016,148.3390350341797,63.523441314697266
normal,C:\Users\Light\Videos\正常往返.mp4,1424,True,0.7497991323471069,123.35350036621094,41.812042236328125,148.33724975585938,63.518375396728516
normal,C:\Users\Light\Videos\正常往返.mp4,1425,True,0.7728725075721741,124.12997436523438,41.28232955932617,149.697998046875,63.27942657470703
normal,C:\Users\Light\Videos\正常往返.mp4,1426,True,0.8181198835372925,124.68840026855469,41.6640625,150.4104461669922,63.43072509765625
normal,C:\Users\Light\Videos\正常往返.mp4,1427,True,0.8200092911720276,124.69290161132812,41.67306900024414,150.44692993164062,63.39894485473633
normal,C:\Users\Light\Videos\正常往返.mp4,1428,True,0.8367792367935181,125.66996765136719,42.16394805908203,151.3108367919922,63.37355422973633
normal,C:\Users\Light\Videos\正常往返.mp4,1429,True,0.8353481292724609,125.6752700805664,42.13916015625,151.31105041503906,63.32442855834961
normal,C:\Users\Light\Videos\正常往返.mp4,1430,True,0.8436232209205627,126.14036560058594,41.99290466308594,152.18389892578125,62.8955192565918
normal,C:\Users\Light\Videos\正常往返.mp4,1431,True,0.796405553817749,126.87476348876953,42.321563720703125,152.88465881347656,63.118621826171875
normal,C:\Users\Light\Videos\正常往返.mp4,1432,True,0.797673761844635,126.87849426269531,42.30636978149414,152.8787841796875,63.12821578979492
normal,C:\Users\Light\Videos\正常往返.mp4,1433,True,0.7839430570602417,127.11088562011719,42.089542388916016,152.76573181152344,63.439754486083984
normal,C:\Users\Light\Videos\正常往返.mp4,1434,True,0.730899453163147,127.17891693115234,41.02455520629883,153.1608123779297,62.20215606689453
normal,C:\Users\Light\Videos\正常往返.mp4,1435,True,0.730901837348938,127.1750717163086,41.030670166015625,153.1639862060547,62.20110321044922
normal,C:\Users\Light\Videos\正常往返.mp4,1436,True,0.7289210557937622,127.4113540649414,41.24584197998047,152.95367431640625,63.328773498535156
normal,C:\Users\Light\Videos\正常往返.mp4,1437,True,0.728505551815033,127.42500305175781,41.24171829223633,152.9779052734375,63.32231903076172
normal,C:\Users\Light\Videos\正常往返.mp4,1438,True,0.7373337149620056,127.44649505615234,41.396156311035156,152.989990234375,63.565101623535156
normal,C:\Users\Light\Videos\正常往返.mp4,1439,True,0.7563077211380005,127.00408172607422,41.05106735229492,153.13833618164062,62.26255416870117
normal,C:\Users\Light\Videos\正常往返.mp4,1440,True,0.7565004229545593,127.02240753173828,41.03461456298828,153.14076232910156,62.246463775634766
normal,C:\Users\Light\Videos\正常往返.mp4,1441,True,0.7808360457420349,127.13251495361328,41.78544235229492,152.69577026367188,63.04184341430664
normal,C:\Users\Light\Videos\正常往返.mp4,1442,True,0.8102954030036926,126.43592071533203,41.920223236083984,152.62445068359375,62.94520568847656
normal,C:\Users\Light\Videos\正常往返.mp4,1443,True,0.8126647472381592,126.43675231933594,41.96291732788086,152.60073852539062,62.93021011352539
normal,C:\Users\Light\Videos\正常往返.mp4,1444,True,0.8283871412277222,125.61347961425781,42.24061584472656,152.2600860595703,63.11682891845703
normal,C:\Users\Light\Videos\正常往返.mp4,1445,True,0.8197511434555054,125.60283660888672,41.444114685058594,151.36717224121094,62.975772857666016
normal,C:\Users\Light\Videos\正常往返.mp4,1446,True,0.8197106122970581,125.60197448730469,41.44259262084961,151.36805725097656,62.97653579711914
normal,C:\Users\Light\Videos\正常往返.mp4,1447,True,0.8182600736618042,125.30060577392578,41.65153503417969,150.91514587402344,63.15495300292969
normal,C:\Users\Light\Videos\正常往返.mp4,1448,True,0.8182159662246704,125.29957580566406,41.64920425415039,150.9154052734375,63.156341552734375
normal,C:\Users\Light\Videos\正常往返.mp4,1449,True,0.8142231106758118,125.04072570800781,41.47842788696289,150.5203857421875,63.19004821777344
normal,C:\Users\Light\Videos\正常往返.mp4,1450,True,0.8089398145675659,124.58445739746094,41.13903045654297,150.1135711669922,62.74424362182617
normal,C:\Users\Light\Videos\正常往返.mp4,1451,True,0.7959380149841309,123.7529296875,41.41130447387695,149.50634765625,63.22220993041992
normal,C:\Users\Light\Videos\正常往返.mp4,1452,True,0.7680221796035767,123.15834045410156,41.74964904785156,148.47621154785156,63.13029861450195
normal,C:\Users\Light\Videos\正常往返.mp4,1453,True,0.7679272294044495,123.15092468261719,41.78407287597656,148.48036193847656,63.162391662597656
normal,C:\Users\Light\Videos\正常往返.mp4,1454,True,0.7582979202270508,122.24835968017578,42.0166130065918,147.40606689453125,63.056522369384766
normal,C:\Users\Light\Videos\正常往返.mp4,1455,True,0.7993656992912292,121.45008087158203,42.57857894897461,146.66091918945312,63.63542938232422
normal,C:\Users\Light\Videos\正常往返.mp4,1456,True,0.7992679476737976,121.44757080078125,42.575531005859375,146.66412353515625,63.63502502441406
normal,C:\Users\Light\Videos\正常往返.mp4,1457,True,0.8339417576789856,119.84510803222656,43.02232360839844,146.22462463378906,63.3684196472168
normal,C:\Users\Light\Videos\正常往返.mp4,1458,True,0.8315778970718384,119.8172607421875,43.052711486816406,146.2294158935547,63.423194885253906
normal,C:\Users\Light\Videos\正常往返.mp4,1459,True,0.827904462814331,119.55186462402344,42.6866455078125,145.5038604736328,63.076847076416016
normal,C:\Users\Light\Videos\正常往返.mp4,1460,True,0.7888721227645874,119.11325073242188,42.77797317504883,144.39256286621094,64.27690887451172
normal,C:\Users\Light\Videos\正常往返.mp4,1461,True,0.7885110378265381,119.12580108642578,42.77629089355469,144.3917236328125,64.27930450439453
normal,C:\Users\Light\Videos\正常往返.mp4,1462,True,0.8298086524009705,118.89102172851562,42.081180572509766,144.4702606201172,63.354434967041016
normal,C:\Users\Light\Videos\正常往返.mp4,1463,True,0.8059950470924377,118.42171478271484,41.986671447753906,143.86209106445312,63.31797409057617
normal,C:\Users\Light\Videos\正常往返.mp4,1464,True,0.8061087727546692,118.42495727539062,41.987525939941406,143.8614501953125,63.315059661865234
normal,C:\Users\Light\Videos\正常往返.mp4,1465,True,0.7514594793319702,117.79956817626953,42.16094207763672,142.8025360107422,63.55396270751953
normal,C:\Users\Light\Videos\正常往返.mp4,1466,True,0.7680414319038391,117.089599609375,41.83606719970703,142.65748596191406,62.91188049316406
normal,C:\Users\Light\Videos\正常往返.mp4,1467,True,0.7681474089622498,117.09284210205078,41.82957077026367,142.67176818847656,62.90950393676758
normal,C:\Users\Light\Videos\正常往返.mp4,1468,True,0.7590331435203552,116.86637115478516,41.979835510253906,142.133544921875,63.20831298828125
normal,C:\Users\Light\Videos\正常往返.mp4,1469,True,0.7597845196723938,116.89020538330078,42.00531768798828,142.1613311767578,63.187808990478516
normal,C:\Users\Light\Videos\正常往返.mp4,1470,True,0.6776044368743896,116.94837188720703,42.20323181152344,142.28224182128906,63.83659362792969
normal,C:\Users\Light\Videos\正常往返.mp4,1471,True,0.7469606995582581,117.29779815673828,41.95137405395508,142.6074676513672,63.39854049682617
normal,C:\Users\Light\Videos\正常往返.mp4,1472,True,0.7477467656135559,117.31793212890625,41.972530364990234,142.5904998779297,63.42538833618164
normal,C:\Users\Light\Videos\正常往返.mp4,1473,True,0.7626476883888245,117.95287322998047,42.41349792480469,143.0452117919922,64.1231460571289
normal,C:\Users\Light\Videos\正常往返.mp4,1474,True,0.7967818975448608,118.58747100830078,42.1966438293457,143.85218811035156,63.45564651489258
normal,C:\Users\Light\Videos\正常往返.mp4,1475,True,0.7973946332931519,119.09181213378906,42.75937271118164,144.40211486816406,64.16149139404297
normal,C:\Users\Light\Videos\正常往返.mp4,1476,True,0.8471970558166504,120.00018310546875,42.616634368896484,145.45526123046875,63.0424690246582
normal,C:\Users\Light\Videos\正常往返.mp4,1477,True,0.84705650806427,119.9953842163086,42.62510299682617,145.44488525390625,63.041751861572266
normal,C:\Users\Light\Videos\正常往返.mp4,1478,True,0.796490490436554,121.47158813476562,42.79184341430664,146.26673889160156,63.5839729309082
normal,C:\Users\Light\Videos\正常往返.mp4,1479,True,0.7241113185882568,123.30451965332031,42.13799285888672,147.85108947753906,63.64508819580078
normal,C:\Users\Light\Videos\正常往返.mp4,1480,True,0.7243574857711792,123.33416748046875,42.12519836425781,147.87815856933594,63.62153244018555
normal,C:\Users\Light\Videos\正常往返.mp4,1481,True,0.8173364996910095,124.22769927978516,42.078826904296875,149.98342895507812,63.466426849365234
normal,C:\Users\Light\Videos\正常往返.mp4,1482,True,0.8160243630409241,124.24112701416016,42.04005813598633,149.96714782714844,63.43980026245117
normal,C:\Users\Light\Videos\正常往返.mp4,1483,True,0.813011109828949,125.5465087890625,42.88438034057617,150.8179931640625,64.03935241699219
normal,C:\Users\Light\Videos\正常往返.mp4,1484,True,0.7521231770515442,127.78080749511719,42.17212677001953,152.60874938964844,63.01588821411133
normal,C:\Users\Light\Videos\正常往返.mp4,1485,True,0.744455873966217,127.82506561279297,42.14872741699219,152.6042022705078,63.02350997924805
normal,C:\Users\Light\Videos\正常往返.mp4,1486,True,0.7695972919464111,128.81671142578125,40.863773345947266,155.01071166992188,62.76212692260742
normal,C:\Users\Light\Videos\正常往返.mp4,1487,True,0.7700857520103455,130.81687927246094,41.093223571777344,156.75942993164062,63.039981842041016
normal,C:\Users\Light\Videos\正常往返.mp4,1488,True,0.7698634266853333,130.8162384033203,41.100975036621094,156.7525634765625,63.05324935913086
normal,C:\Users\Light\Videos\正常往返.mp4,1489,True,0.7236750721931458,134.3896484375,41.77389907836914,159.14979553222656,63.617252349853516
normal,C:\Users\Light\Videos\正常往返.mp4,1490,True,0.7773248553276062,136.4512481689453,42.632545471191406,161.4686279296875,64.74815368652344
normal,C:\Users\Light\Videos\正常往返.mp4,1491,True,0.7773053646087646,136.45269775390625,42.6337776184082,161.46624755859375,64.74755096435547
normal,C:\Users\Light\Videos\正常往返.mp4,1492,True,0.7632965445518494,139.22354125976562,42.768760681152344,163.79237365722656,64.12637329101562
normal,C:\Users\Light\Videos\正常往返.mp4,1493,True,0.7633625864982605,139.22312927246094,42.769813537597656,163.7903594970703,64.1280517578125
normal,C:\Users\Light\Videos\正常往返.mp4,1494,True,0.7355421781539917,141.40760803222656,42.98592758178711,167.0125732421875,64.79409790039062
normal,C:\Users\Light\Videos\正常往返.mp4,1495,True,0.7634140253067017,144.42022705078125,43.278419494628906,169.0270538330078,65.00899505615234
normal,C:\Users\Light\Videos\正常往返.mp4,1496,True,0.7637632489204407,144.4131317138672,43.274967193603516,169.02462768554688,65.0118637084961
normal,C:\Users\Light\Videos\正常往返.mp4,1497,True,0.7661038637161255,146.17340087890625,41.99469757080078,170.46505737304688,63.256160736083984
normal,C:\Users\Light\Videos\正常往返.mp4,1498,True,0.7830767631530762,148.2751922607422,41.05812454223633,172.9017791748047,62.4709587097168
normal,C:\Users\Light\Videos\正常往返.mp4,1499,True,0.848487138748169,149.87872314453125,41.79884338378906,175.1378631591797,63.17926788330078
normal,C:\Users\Light\Videos\正常往返.mp4,1500,True,0.787571907043457,151.44239807128906,41.30088424682617,176.2355499267578,62.57481384277344
normal,C:\Users\Light\Videos\正常往返.mp4,1501,True,0.7879664897918701,151.43817138671875,41.303977966308594,176.23434448242188,62.58431625366211
normal,C:\Users\Light\Videos\正常往返.mp4,1502,True,0.7763258218765259,153.68670654296875,40.62731170654297,177.6023712158203,61.815223693847656
normal,C:\Users\Light\Videos\正常往返.mp4,1503,True,0.776218056678772,153.6841278076172,40.623592376708984,177.60313415527344,61.808231353759766
normal,C:\Users\Light\Videos\正常往返.mp4,1504,True,0.7475413084030151,154.9093475341797,41.05527877807617,179.24598693847656,62.63776397705078
normal,C:\Users\Light\Videos\正常往返.mp4,1505,True,0.7837845683097839,155.7739715576172,40.910884857177734,180.34043884277344,62.195343017578125
normal,C:\Users\Light\Videos\正常往返.mp4,1506,True,0.7852579951286316,155.76744079589844,40.91543197631836,180.36737060546875,62.19222640991211
normal,C:\Users\Light\Videos\正常往返.mp4,1507,True,0.7726445198059082,156.09829711914062,40.872314453125,180.68426513671875,62.145748138427734
normal,C:\Users\Light\Videos\正常往返.mp4,1508,True,0.7766408324241638,156.177734375,41.068660736083984,180.86587524414062,62.44442367553711
normal,C:\Users\Light\Videos\正常往返.mp4,1509,True,0.7761693596839905,156.17904663085938,41.0640869140625,180.86814880371094,62.43855285644531
normal,C:\Users\Light\Videos\正常往返.mp4,1510,True,0.806083619594574,155.85348510742188,41.136051177978516,180.8514404296875,62.27017593383789
normal,C:\Users\Light\Videos\正常往返.mp4,1511,True,0.7737714648246765,155.1126251220703,41.20032501220703,179.81951904296875,62.68330383300781
normal,C:\Users\Light\Videos\正常往返.mp4,1512,True,0.774609386920929,155.11912536621094,41.201087951660156,179.84820556640625,62.69101333618164
normal,C:\Users\Light\Videos\正常往返.mp4,1513,True,0.7706654071807861,153.9783935546875,40.51579284667969,178.41038513183594,61.81074142456055
normal,C:\Users\Light\Videos\正常往返.mp4,1514,True,0.7706843018531799,153.97879028320312,40.51612854003906,178.40869140625,61.81107711791992
normal,C:\Users\Light\Videos\正常往返.mp4,1515,True,0.7850068211555481,152.31536865234375,41.385128021240234,176.83563232421875,62.62535095214844
normal,C:\Users\Light\Videos\正常往返.mp4,1516,True,0.7631583213806152,150.61390686035156,41.11796569824219,175.34262084960938,62.38319396972656
normal,C:\Users\Light\Videos\正常往返.mp4,1517,True,0.7627769112586975,150.61557006835938,41.11800765991211,175.3411102294922,62.38835144042969
normal,C:\Users\Light\Videos\正常往返.mp4,1518,True,0.7703750133514404,148.99053955078125,40.67594528198242,172.97315979003906,61.90755844116211
normal,C:\Users\Light\Videos\正常往返.mp4,1519,True,0.774997353553772,145.69921875,40.9169807434082,170.6482696533203,61.80744934082031
normal,C:\Users\Light\Videos\正常往返.mp4,1520,True,0.7750595808029175,145.69956970214844,40.917091369628906,170.64846801757812,61.80854415893555
normal,C:\Users\Light\Videos\正常往返.mp4,1521,True,0.7418976426124573,143.5894775390625,41.02220153808594,168.02203369140625,62.603519439697266
normal,C:\Users\Light\Videos\正常往返.mp4,1522,True,0.7783123254776001,139.6712188720703,41.291316986083984,164.63282775878906,62.31167984008789
normal,C:\Users\Light\Videos\正常往返.mp4,1523,True,0.7860105037689209,136.36407470703125,41.074440002441406,161.72625732421875,62.359798431396484
normal,C:\Users\Light\Videos\正常往返.mp4,1524,True,0.770821750164032,133.12554931640625,41.19310760498047,158.0541229248047,62.12813186645508
normal,C:\Users\Light\Videos\正常往返.mp4,1525,True,0.770599901676178,133.1219940185547,41.18932342529297,158.0489044189453,62.119728088378906
normal,C:\Users\Light\Videos\正常往返.mp4,1526,True,0.7364587187767029,129.03269958496094,40.19134521484375,154.37347412109375,62.348052978515625
normal,C:\Users\Light\Videos\正常往返.mp4,1527,True,0.7379966974258423,129.03411865234375,40.18690872192383,154.3668975830078,62.35325241088867
normal,C:\Users\Light\Videos\正常往返.mp4,1528,True,0.752856433391571,124.27183532714844,39.38142013549805,150.6756591796875,60.92002487182617
normal,C:\Users\Light\Videos\正常往返.mp4,1529,True,0.7424780130386353,120.43555450439453,42.47156524658203,146.7427978515625,62.12940979003906
normal,C:\Users\Light\Videos\正常往返.mp4,1530,True,0.7402645945549011,120.43539428710938,42.49428939819336,146.74571228027344,62.134742736816406
normal,C:\Users\Light\Videos\正常往返.mp4,1531,True,0.7162882685661316,116.50782012939453,41.037662506103516,142.60833740234375,61.74485397338867
normal,C:\Users\Light\Videos\正常往返.mp4,1532,True,0.7812634110450745,112.09439849853516,42.691261291503906,138.36302185058594,64.4862060546875
normal,C:\Users\Light\Videos\正常往返.mp4,1533,True,0.7821137309074402,112.09750366210938,42.704620361328125,138.38412475585938,64.4892578125
normal,C:\Users\Light\Videos\正常往返.mp4,1534,True,0.8061628937721252,107.34835815429688,43.006187438964844,134.02247619628906,64.2218017578125
normal,C:\Users\Light\Videos\正常往返.mp4,1535,True,0.7822306156158447,103.41876220703125,41.86811828613281,129.18997192382812,62.59041213989258
normal,C:\Users\Light\Videos\正常往返.mp4,1536,True,0.7820848226547241,103.4227294921875,41.88582229614258,129.17141723632812,62.57566452026367
normal,C:\Users\Light\Videos\正常往返.mp4,1537,True,0.7753511667251587,99.2477798461914,41.64261245727539,126.25405883789062,63.62500762939453
normal,C:\Users\Light\Videos\正常往返.mp4,1538,True,0.7790852785110474,99.27119445800781,41.65404510498047,126.24433135986328,63.65830993652344
normal,C:\Users\Light\Videos\正常往返.mp4,1539,True,0.7797033190727234,95.0084228515625,43.24811935424805,121.57830810546875,64.4455795288086
normal,C:\Users\Light\Videos\正常往返.mp4,1540,True,0.809363842010498,90.66800689697266,43.19710922241211,116.45343017578125,64.12164306640625
normal,C:\Users\Light\Videos\正常往返.mp4,1541,True,0.8095270991325378,90.65821075439453,43.22631072998047,116.44385528564453,64.13282775878906
normal,C:\Users\Light\Videos\正常往返.mp4,1542,True,0.7398337721824646,86.69441986083984,42.23588562011719,112.02050018310547,63.16768264770508
normal,C:\Users\Light\Videos\正常往返.mp4,1543,True,0.7800318002700806,82.53010559082031,42.567752838134766,109.65373229980469,64.16265869140625
normal,C:\Users\Light\Videos\正常往返.mp4,1544,True,0.7768454551696777,82.53380584716797,42.59888458251953,109.6761245727539,64.16007995605469
normal,C:\Users\Light\Videos\正常往返.mp4,1545,True,0.7862051725387573,79.33106994628906,42.88944625854492,104.883056640625,64.12948608398438
normal,C:\Users\Light\Videos\正常往返.mp4,1546,True,0.7315900921821594,74.92125701904297,42.23176193237305,100.58213806152344,63.56306457519531
normal,C:\Users\Light\Videos\正常往返.mp4,1547,True,0.6932514905929565,71.86274719238281,43.151031494140625,97.79483032226562,64.65090942382812
normal,C:\Users\Light\Videos\正常往返.mp4,1548,True,0.6931220889091492,71.86009979248047,43.15203857421875,97.79696655273438,64.65447235107422
normal,C:\Users\Light\Videos\正常往返.mp4,1549,True,0.7069351673126221,68.2550277709961,43.4737548828125,93.9771957397461,64.96516418457031
normal,C:\Users\Light\Videos\正常往返.mp4,1550,True,0.7949355840682983,65.44203186035156,43.11176681518555,91.51524353027344,64.95848083496094
normal,C:\Users\Light\Videos\正常往返.mp4,1551,True,0.7935857772827148,65.43449401855469,43.125797271728516,91.52127075195312,64.9769058227539
normal,C:\Users\Light\Videos\正常往返.mp4,1552,True,0.7899456024169922,62.438297271728516,42.50804901123047,88.10331726074219,63.954769134521484
normal,C:\Users\Light\Videos\正常往返.mp4,1553,True,0.8061115145683289,59.139808654785156,42.62745666503906,86.09060668945312,64.10958862304688
normal,C:\Users\Light\Videos\正常往返.mp4,1554,True,0.80624920129776,59.13915252685547,42.62617874145508,86.08977508544922,64.1097412109375
normal,C:\Users\Light\Videos\正常往返.mp4,1555,True,0.7482823729515076,56.951271057128906,42.81544494628906,82.19320678710938,64.6007080078125
normal,C:\Users\Light\Videos\正常往返.mp4,1556,True,0.7960740923881531,53.995094299316406,42.962730407714844,80.29792022705078,64.94911193847656
normal,C:\Users\Light\Videos\正常往返.mp4,1557,True,0.7960204482078552,53.97772979736328,42.95661163330078,80.30091857910156,64.95613098144531
normal,C:\Users\Light\Videos\正常往返.mp4,1558,True,0.7497318983078003,51.949501037597656,42.83722686767578,77.85529327392578,64.72016143798828
normal,C:\Users\Light\Videos\正常往返.mp4,1559,True,0.750199556350708,51.935665130615234,42.841487884521484,77.86005401611328,64.73589324951172
normal,C:\Users\Light\Videos\正常往返.mp4,1560,True,0.7883085608482361,49.91032409667969,42.74032211303711,75.80662536621094,64.71989440917969
normal,C:\Users\Light\Videos\正常往返.mp4,1561,True,0.7770775556564331,48.213138580322266,42.544803619384766,73.91072845458984,64.8163070678711
normal,C:\Users\Light\Videos\正常往返.mp4,1562,True,0.7806932330131531,48.23845672607422,42.54982376098633,73.93426513671875,64.7684326171875
normal,C:\Users\Light\Videos\正常往返.mp4,1563,True,0.7361825704574585,45.96744918823242,42.55338668823242,72.49276733398438,64.98230743408203
normal,C:\Users\Light\Videos\正常往返.mp4,1564,True,0.7369629144668579,44.77214813232422,43.28724670410156,70.48289489746094,64.9681167602539
normal,C:\Users\Light\Videos\正常往返.mp4,1565,True,0.737169623374939,44.777366638183594,43.288055419921875,70.48625183105469,64.97318267822266
normal,C:\Users\Light\Videos\正常往返.mp4,1566,True,0.769025981426239,43.34020233154297,43.264591217041016,69.46135711669922,65.16249084472656
normal,C:\Users\Light\Videos\正常往返.mp4,1567,True,0.7679547667503357,42.44629669189453,43.224430084228516,67.9879150390625,65.07186126708984
normal,C:\Users\Light\Videos\正常往返.mp4,1568,True,0.7688006162643433,42.44972610473633,43.22666931152344,67.97359466552734,65.06124114990234
normal,C:\Users\Light\Videos\正常往返.mp4,1569,True,0.7954865097999573,40.8498420715332,43.008113861083984,67.44678497314453,64.71498107910156
normal,C:\Users\Light\Videos\正常往返.mp4,1570,True,0.732223391532898,40.121253967285156,43.44004821777344,66.2151107788086,65.12356567382812
normal,C:\Users\Light\Videos\正常往返.mp4,1571,True,0.7938554883003235,39.111331939697266,42.94424057006836,64.73615264892578,63.997684478759766
normal,C:\Users\Light\Videos\正常往返.mp4,1572,True,0.7940739989280701,39.10637283325195,42.94596862792969,64.73261260986328,63.99058151245117
normal,C:\Users\Light\Videos\正常往返.mp4,1573,True,0.762729823589325,38.93709182739258,42.95695114135742,64.11238861083984,64.62361145019531
normal,C:\Users\Light\Videos\正常往返.mp4,1574,True,0.7900863885879517,38.53681945800781,43.031063079833984,64.24053192138672,64.31238555908203
normal,C:\Users\Light\Videos\正常往返.mp4,1575,True,0.7903109192848206,38.55210876464844,43.00836181640625,64.23181915283203,64.30972290039062
normal,C:\Users\Light\Videos\正常往返.mp4,1576,True,0.7723677754402161,38.93781661987305,43.07331085205078,64.20817565917969,64.47749328613281
normal,C:\Users\Light\Videos\正常往返.mp4,1577,True,0.7862895131111145,39.03565216064453,43.10495376586914,64.00446319580078,64.1964111328125
normal,C:\Users\Light\Videos\正常往返.mp4,1578,True,0.7887696027755737,39.002628326416016,43.110801696777344,64.00841522216797,64.18177032470703
normal,C:\Users\Light\Videos\正常往返.mp4,1579,True,0.7838963270187378,39.32081985473633,42.87019348144531,64.56768798828125,64.11825561523438
normal,C:\Users\Light\Videos\正常往返.mp4,1580,True,0.7844552993774414,39.506919860839844,42.6727294921875,65.04340362548828,63.61191940307617
normal,C:\Users\Light\Videos\正常往返.mp4,1581,True,0.7830761671066284,39.52111053466797,42.667396545410156,65.03341674804688,63.6287727355957
normal,C:\Users\Light\Videos\正常往返.mp4,1582,True,0.7447909712791443,40.33726501464844,42.99755859375,66.53189086914062,64.81747436523438
normal,C:\Users\Light\Videos\正常往返.mp4,1583,True,0.7437974214553833,40.32694625854492,42.98958206176758,66.51172637939453,64.81581115722656
normal,C:\Users\Light\Videos\正常往返.mp4,1584,True,0.802340030670166,41.17557144165039,42.97418212890625,67.56289672851562,64.65074920654297
normal,C:\Users\Light\Videos\正常往返.mp4,1585,True,0.7921794056892395,42.61204528808594,43.20452880859375,68.56914520263672,64.84999084472656
normal,C:\Users\Light\Videos\正常往返.mp4,1586,True,0.7917969226837158,42.60708236694336,43.204593658447266,68.56935119628906,64.8575439453125
normal,C:\Users\Light\Videos\正常往返.mp4,1587,True,0.7510659098625183,43.68465042114258,43.27317428588867,69.13766479492188,65.54893493652344
normal,C:\Users\Light\Videos\正常往返.mp4,1588,True,0.7437908053398132,45.1665153503418,43.268062591552734,70.45057678222656,64.90133666992188
normal,C:\Users\Light\Videos\正常往返.mp4,1589,True,0.7436752915382385,45.200096130371094,43.26772689819336,70.46531677246094,64.90000915527344
normal,C:\Users\Light\Videos\正常往返.mp4,1590,True,0.732346773147583,46.548885345458984,43.25369644165039,72.16613006591797,65.10099792480469
normal,C:\Users\Light\Videos\正常往返.mp4,1591,True,0.7853105664253235,47.258506774902344,42.71921157836914,73.66790008544922,64.88134002685547
normal,C:\Users\Light\Videos\正常往返.mp4,1592,True,0.7862130403518677,47.251373291015625,42.746620178222656,73.67720794677734,64.88594055175781
normal,C:\Users\Light\Videos\正常往返.mp4,1593,True,0.7978917956352234,49.029380798339844,43.003318786621094,75.23722076416016,64.99270629882812
normal,C:\Users\Light\Videos\正常往返.mp4,1594,True,0.7658815383911133,50.585594177246094,43.162864685058594,76.20409393310547,65.16664123535156
normal,C:\Users\Light\Videos\正常往返.mp4,1595,True,0.7623058557510376,52.23417282104492,42.59285354614258,78.56487274169922,64.62908172607422
normal,C:\Users\Light\Videos\正常往返.mp4,1596,True,0.7622259855270386,52.22953414916992,42.58563995361328,78.55021667480469,64.61782836914062
normal,C:\Users\Light\Videos\正常往返.mp4,1597,True,0.8217719197273254,53.78685760498047,42.93126678466797,80.6839828491211,64.26776885986328
normal,C:\Users\Light\Videos\正常往返.mp4,1598,True,0.8017560839653015,56.25749588012695,42.646732330322266,82.06562042236328,63.92361831665039
normal,C:\Users\Light\Videos\正常往返.mp4,1599,True,0.8021223545074463,56.25528335571289,42.64518356323242,82.06370544433594,63.92121887207031
normal,C:\Users\Light\Videos\正常往返.mp4,1600,True,0.7808436751365662,58.429901123046875,42.72237014770508,85.06012725830078,64.53919219970703
normal,C:\Users\Light\Videos\正常往返.mp4,1601,True,0.7803066968917847,60.750282287597656,42.97613525390625,87.11637878417969,64.63208770751953
normal,C:\Users\Light\Videos\正常往返.mp4,1602,True,0.7791730761528015,60.771507263183594,42.988101959228516,87.13359069824219,64.66036987304688
normal,C:\Users\Light\Videos\正常往返.mp4,1603,True,0.7560542225837708,63.206783294677734,42.11101150512695,88.82193756103516,63.410308837890625
normal,C:\Users\Light\Videos\正常往返.mp4,1604,True,0.756365180015564,63.196407318115234,42.12459182739258,88.81857299804688,63.43092727661133
normal,C:\Users\Light\Videos\正常往返.mp4,1605,True,0.7907934188842773,66.02135467529297,42.98579406738281,91.92508697509766,64.92255401611328
normal,C:\Users\Light\Videos\正常往返.mp4,1606,True,0.7256470918655396,68.66730499267578,43.2626838684082,94.00309753417969,64.86189270019531
normal,C:\Users\Light\Videos\正常往返.mp4,1607,True,0.7244061231613159,68.67826080322266,43.26344680786133,94.0236587524414,64.85113525390625
normal,C:\Users\Light\Videos\正常往返.mp4,1608,True,0.7602813243865967,70.58820343017578,42.77277374267578,98.00909423828125,64.21595001220703
normal,C:\Users\Light\Videos\正常往返.mp4,1609,True,0.7499871253967285,74.07730102539062,42.95576095581055,99.4206771850586,64.510009765625
normal,C:\Users\Light\Videos\正常往返.mp4,1610,True,0.7495315074920654,74.08451843261719,42.94034194946289,99.43360900878906,64.51417541503906
normal,C:\Users\Light\Videos\正常往返.mp4,1611,True,0.753415584564209,76.65015411376953,42.520263671875,103.75508880615234,63.71436309814453
normal,C:\Users\Light\Videos\正常往返.mp4,1612,True,0.7852276563644409,79.88609313964844,42.317710876464844,105.24186706542969,63.576351165771484
normal,C:\Users\Light\Videos\正常往返.mp4,1613,True,0.7830471992492676,79.92060852050781,42.24341583251953,105.2988052368164,63.56342315673828
normal,C:\Users\Light\Videos\正常往返.mp4,1614,True,0.7736428380012512,82.54891967773438,42.777076721191406,109.26595306396484,64.38448333740234
normal,C:\Users\Light\Videos\正常往返.mp4,1615,True,0.739123523235321,86.19341278076172,42.64668655395508,111.41507720947266,64.0592041015625
normal,C:\Users\Light\Videos\正常往返.mp4,1616,True,0.7383109927177429,86.18287658691406,42.62541961669922,111.43392181396484,64.05111694335938
normal,C:\Users\Light\Videos\正常往返.mp4,1617,True,0.7975531816482544,88.38365173339844,42.54393005371094,115.08778381347656,63.88872146606445
normal,C:\Users\Light\Videos\正常往返.mp4,1618,True,0.7383802533149719,92.25239562988281,42.58241271972656,117.41796875,64.02276611328125
normal,C:\Users\Light\Videos\正常往返.mp4,1619,True,0.7853497862815857,94.94918823242188,42.50569534301758,121.93330383300781,63.933006286621094
normal,C:\Users\Light\Videos\正常往返.mp4,1620,True,0.7863995432853699,94.93648529052734,42.50764846801758,121.91658782958984,63.95203399658203
normal,C:\Users\Light\Videos\正常往返.mp4,1621,True,0.7164770364761353,99.72200012207031,41.81343460083008,124.8810043334961,63.68986511230469
normal,C:\Users\Light\Videos\正常往返.mp4,1622,True,0.8049874305725098,101.06587219238281,42.85580825805664,127.31505584716797,64.30642700195312
normal,C:\Users\Light\Videos\正常往返.mp4,1623,True,0.8050827980041504,101.06584930419922,42.8553581237793,127.31507873535156,64.30611419677734
normal,C:\Users\Light\Videos\正常往返.mp4,1624,True,0.6808381080627441,104.74115753173828,42.37831115722656,130.88221740722656,64.47554016113281
normal,C:\Users\Light\Videos\正常往返.mp4,1625,True,0.7868330478668213,107.44043731689453,42.869476318359375,134.68858337402344,63.63386154174805
normal,C:\Users\Light\Videos\正常往返.mp4,1626,True,0.7860934138298035,107.43092346191406,42.87046432495117,134.69229125976562,63.63359069824219
normal,C:\Users\Light\Videos\正常往返.mp4,1627,True,0.8045558333396912,111.6337661743164,41.664642333984375,137.781982421875,63.34098815917969
normal,C:\Users\Light\Videos\正常往返.mp4,1628,True,0.8052235245704651,111.63883972167969,41.67679214477539,137.7909393310547,63.325660705566406
normal,C:\Users\Light\Videos\正常往返.mp4,1629,True,0.7914369702339172,115.4917984008789,42.717708587646484,140.0377655029297,63.4842414855957
normal,C:\Users\Light\Videos\正常往返.mp4,1630,True,0.7575591206550598,118.02688598632812,43.02275085449219,143.92996215820312,64.59183502197266
normal,C:\Users\Light\Videos\正常往返.mp4,1631,True,0.7536414265632629,118.02686309814453,43.039310455322266,143.8647003173828,64.60346221923828
normal,C:\Users\Light\Videos\正常往返.mp4,1632,True,0.7956104874610901,121.25918579101562,42.091468811035156,146.83509826660156,62.53617477416992
normal,C:\Users\Light\Videos\正常往返.mp4,1633,True,0.8336116075515747,124.1321029663086,41.219398498535156,150.4761505126953,62.96391677856445
normal,C:\Users\Light\Videos\正常往返.mp4,1634,True,0.8336654305458069,124.11589050292969,41.193870544433594,150.4833526611328,62.93036651611328
normal,C:\Users\Light\Videos\正常往返.mp4,1635,True,0.7615419030189514,127.51366424560547,42.71553421020508,152.29229736328125,63.6263542175293
normal,C:\Users\Light\Videos\正常往返.mp4,1636,True,0.77297443151474,129.5596466064453,41.18757247924805,156.07476806640625,63.518062591552734
normal,C:\Users\Light\Videos\正常往返.mp4,1637,True,0.7717986702919006,129.57052612304688,41.192169189453125,156.0675048828125,63.528839111328125
normal,C:\Users\Light\Videos\正常往返.mp4,1638,True,0.8004465103149414,132.49087524414062,41.024375915527344,158.1585235595703,62.36764144897461
normal,C:\Users\Light\Videos\正常往返.mp4,1639,True,0.8007581830024719,132.48463439941406,41.014400482177734,158.1532745361328,62.35596466064453
normal,C:\Users\Light\Videos\正常往返.mp4,1640,True,0.7867993712425232,135.24391174316406,42.24848175048828,161.11558532714844,64.43441772460938
normal,C:\Users\Light\Videos\正常往返.mp4,1641,True,0.7625290155410767,137.73353576660156,43.336307525634766,163.13937377929688,65.34707641601562
normal,C:\Users\Light\Videos\正常往返.mp4,1642,True,0.7622276544570923,137.73516845703125,43.3315544128418,163.14605712890625,65.3399887084961
normal,C:\Users\Light\Videos\正常往返.mp4,1643,True,0.7452893853187561,140.25367736816406,41.99561309814453,165.4949493408203,63.75716781616211
normal,C:\Users\Light\Videos\正常往返.mp4,1644,True,0.8036499619483948,143.2685089111328,41.72224044799805,168.61289978027344,63.02301788330078
normal,C:\Users\Light\Videos\正常往返.mp4,1645,True,0.7568440437316895,145.3558349609375,43.02983093261719,170.8444061279297,65.01531982421875
normal,C:\Users\Light\Videos\正常往返.mp4,1646,True,0.7723422050476074,147.67733764648438,42.30105972290039,172.45394897460938,64.56494140625
normal,C:\Users\Light\Videos\正常往返.mp4,1647,True,0.7722988724708557,147.6702880859375,42.283443450927734,172.44825744628906,64.54239654541016
normal,C:\Users\Light\Videos\正常往返.mp4,1648,True,0.7782655954360962,149.2103271484375,41.166751861572266,173.7790069580078,62.664119720458984
normal,C:\Users\Light\Videos\正常往返.mp4,1649,True,0.7793760299682617,149.208251953125,41.16108322143555,173.78836059570312,62.6454963684082
normal,C:\Users\Light\Videos\正常往返.mp4,1650,True,0.81479412317276,150.7769012451172,41.81672668457031,175.58624267578125,63.36555099487305
normal,C:\Users\Light\Videos\正常往返.mp4,1651,True,0.7448326945304871,152.380615234375,42.1150016784668,176.21078491210938,63.609901428222656
normal,C:\Users\Light\Videos\正常往返.mp4,1652,True,0.7448482513427734,152.37606811523438,42.1141471862793,176.20887756347656,63.603179931640625
normal,C:\Users\Light\Videos\正常往返.mp4,1653,True,0.7658789753913879,153.011962890625,41.02970886230469,177.80511474609375,62.12093734741211
normal,C:\Users\Light\Videos\正常往返.mp4,1654,True,0.7586095929145813,154.5832061767578,40.898353576660156,178.55264282226562,62.342742919921875
normal,C:\Users\Light\Videos\正常往返.mp4,1655,True,0.761680543422699,154.5564422607422,40.890960693359375,178.5475311279297,62.34489440917969
normal,C:\Users\Light\Videos\正常往返.mp4,1656,True,0.7888126373291016,154.45724487304688,41.99205017089844,179.65872192382812,63.83692932128906
normal,C:\Users\Light\Videos\正常往返.mp4,1657,True,0.8172554969787598,155.42459106445312,41.65142059326172,180.3710479736328,63.111541748046875
normal,C:\Users\Light\Videos\正常往返.mp4,1658,True,0.8158988952636719,155.43299865722656,41.62779998779297,180.40313720703125,63.10383224487305
normal,C:\Users\Light\Videos\正常往返.mp4,1659,True,0.797766387462616,156.0017852783203,41.420135498046875,180.85427856445312,62.41311264038086
normal,C:\Users\Light\Videos\正常往返.mp4,1660,True,0.825130045413971,155.982421875,42.28754425048828,180.94244384765625,63.57070541381836
normal,C:\Users\Light\Videos\正常往返.mp4,1661,True,0.8251127004623413,155.97747802734375,42.29104232788086,180.94602966308594,63.5771598815918
normal,C:\Users\Light\Videos\正常往返.mp4,1662,True,0.8376423120498657,155.58517456054688,42.20397186279297,180.89739990234375,63.57601547241211
normal,C:\Users\Light\Videos\正常往返.mp4,1663,True,0.8376423120498657,155.5764617919922,42.20462417602539,180.89352416992188,63.5771598815918
normal,C:\Users\Light\Videos\正常往返.mp4,1664,True,0.7970103025436401,155.86090087890625,41.367515563964844,180.58370971679688,62.6845588684082
normal,C:\Users\Light\Videos\正常往返.mp4,1665,True,0.7961597442626953,155.12857055664062,41.685420989990234,179.55287170410156,63.17628860473633
normal,C:\Users\Light\Videos\正常往返.mp4,1666,True,0.7960717678070068,155.12730407714844,41.68143081665039,179.5515594482422,63.17203140258789
normal,C:\Users\Light\Videos\正常往返.mp4,1667,True,0.7589386105537415,154.3450927734375,41.16103744506836,178.31478881835938,62.883148193359375
normal,C:\Users\Light\Videos\正常往返.mp4,1668,True,0.7576379776000977,154.3519287109375,41.16213607788086,178.3140411376953,62.887115478515625
normal,C:\Users\Light\Videos\正常往返.mp4,1669,True,0.7610980868339539,152.55087280273438,41.38714599609375,177.79188537597656,63.07514572143555
normal,C:\Users\Light\Videos\正常往返.mp4,1670,True,0.7609705328941345,151.62782287597656,41.746849060058594,176.86795043945312,63.59074020385742
normal,C:\Users\Light\Videos\正常往返.mp4,1671,True,0.7618412375450134,151.636962890625,41.75339126586914,176.85665893554688,63.58115005493164
normal,C:\Users\Light\Videos\正常往返.mp4,1672,True,0.7866901755332947,151.3066864013672,41.59913635253906,175.66781616210938,63.09479904174805
normal,C:\Users\Light\Videos\正常往返.mp4,1673,True,0.787838339805603,151.2904815673828,41.608524322509766,175.65609741210938,63.11149597167969
normal,C:\Users\Light\Videos\正常往返.mp4,1674,True,0.7970854043960571,150.19195556640625,41.24716567993164,175.09815979003906,62.5591926574707
normal,C:\Users\Light\Videos\正常往返.mp4,1675,True,0.8015955090522766,148.84332275390625,41.349430084228516,173.5658721923828,62.82111358642578
normal,C:\Users\Light\Videos\正常往返.mp4,1676,True,0.801400363445282,148.8565673828125,41.34611129760742,173.58755493164062,62.789825439453125
normal,C:\Users\Light\Videos\正常往返.mp4,1677,True,0.7711979746818542,147.34735107421875,40.99766159057617,172.22482299804688,62.251102447509766
normal,C:\Users\Light\Videos\正常往返.mp4,1678,True,0.7656587958335876,146.24114990234375,41.599403381347656,170.36160278320312,62.82783508300781
normal,C:\Users\Light\Videos\正常往返.mp4,1679,True,0.7653238773345947,146.2500457763672,41.59550476074219,170.3659210205078,62.83066177368164
normal,C:\Users\Light\Videos\正常往返.mp4,1680,True,0.8111491203308105,144.76535034179688,42.39727020263672,169.5138397216797,63.42897415161133
normal,C:\Users\Light\Videos\正常往返.mp4,1681,True,0.7900654077529907,143.2270050048828,42.358970642089844,168.2488250732422,63.79717254638672
normal,C:\Users\Light\Videos\正常往返.mp4,1682,True,0.7903664112091064,143.22113037109375,42.35359191894531,168.24969482421875,63.788116455078125
normal,C:\Users\Light\Videos\正常往返.mp4,1683,True,0.7729910612106323,141.67556762695312,42.71898651123047,167.43572998046875,64.21559143066406
normal,C:\Users\Light\Videos\正常往返.mp4,1684,True,0.7730539441108704,141.6764373779297,42.72626876831055,167.4257354736328,64.21463012695312
normal,C:\Users\Light\Videos\正常往返.mp4,1685,True,0.7280155420303345,140.27383422851562,42.1723747253418,165.04776000976562,63.45804214477539
normal,C:\Users\Light\Videos\正常往返.mp4,1686,True,0.7268519997596741,139.09027099609375,42.50849914550781,164.67428588867188,64.3829116821289
normal,C:\Users\Light\Videos\正常往返.mp4,1687,True,0.7263883352279663,139.09222412109375,42.50269317626953,164.68116760253906,64.37796020507812
normal,C:\Users\Light\Videos\正常往返.mp4,1688,True,0.7440739870071411,138.48892211914062,43.01288986206055,163.976318359375,64.92759704589844
normal,C:\Users\Light\Videos\正常往返.mp4,1689,True,0.7530044317245483,139.03150939941406,42.72618103027344,162.96974182128906,64.49700927734375
normal,C:\Users\Light\Videos\正常往返.mp4,1690,True,0.752682626247406,139.0432586669922,42.724632263183594,162.98207092285156,64.48426055908203
normal,C:\Users\Light\Videos\正常往返.mp4,1691,True,0.7754666209220886,138.01617431640625,42.9870491027832,162.222412109375,64.81014251708984
normal,C:\Users\Light\Videos\正常往返.mp4,1692,True,0.778779149055481,137.0145721435547,42.70437240600586,162.1354217529297,64.85893249511719
normal,C:\Users\Light\Videos\正常往返.mp4,1693,True,0.7681087851524353,137.6873779296875,42.481807708740234,162.08168029785156,64.23870086669922
normal,C:\Users\Light\Videos\正常往返.mp4,1694,True,0.7677642703056335,137.68568420410156,42.48209762573242,162.080078125,64.2416763305664
normal,C:\Users\Light\Videos\正常往返.mp4,1695,True,0.7717534303665161,137.82408142089844,42.6739616394043,161.8585968017578,64.51803588867188
normal,C:\Users\Light\Videos\正常往返.mp4,1696,True,0.7712826132774353,137.17379760742188,42.814212799072266,162.3555908203125,64.8189697265625
normal,C:\Users\Light\Videos\正常往返.mp4,1697,True,0.7712277173995972,137.1687774658203,42.80768966674805,162.3621826171875,64.8211441040039
normal,C:\Users\Light\Videos\正常往返.mp4,1698,True,0.7574555277824402,137.541748046875,42.78709411621094,162.92800903320312,64.77105712890625
normal,C:\Users\Light\Videos\正常往返.mp4,1699,True,0.7468752861022949,138.3105010986328,42.80719757080078,163.7255096435547,64.70868682861328
normal,C:\Users\Light\Videos\正常往返.mp4,1700,True,0.7468852400779724,138.3128662109375,42.80567169189453,163.7298126220703,64.70774841308594
normal,C:\Users\Light\Videos\正常往返.mp4,1701,True,0.7261492609977722,139.18862915039062,42.579139709472656,164.67449951171875,64.37188720703125
normal,C:\Users\Light\Videos\正常往返.mp4,1702,True,0.7285138368606567,140.53330993652344,42.283958435058594,164.76026916503906,63.6588249206543
normal,C:\Users\Light\Videos\正常往返.mp4,1703,True,0.7286397218704224,140.5370330810547,42.284339904785156,164.7584686279297,63.650062561035156
normal,C:\Users\Light\Videos\正常往返.mp4,1704,True,0.7077659368515015,141.56224060058594,43.370216369628906,167.05763244628906,64.93024444580078
normal,C:\Users\Light\Videos\正常往返.mp4,1705,True,0.7409904599189758,143.26016235351562,43.21750259399414,167.42234802246094,64.65360260009766
normal,C:\Users\Light\Videos\正常往返.mp4,1706,True,0.7410954236984253,143.25820922851562,43.21477127075195,167.41879272460938,64.65104675292969
normal,C:\Users\Light\Videos\正常往返.mp4,1707,True,0.8317075967788696,143.36349487304688,42.32857894897461,168.9741668701172,63.37615203857422
normal,C:\Users\Light\Videos\正常往返.mp4,1708,True,0.8318007588386536,143.3716583251953,42.33308410644531,168.9757843017578,63.37236404418945
normal,C:\Users\Light\Videos\正常往返.mp4,1709,True,0.7828646898269653,145.4040069580078,42.62418746948242,170.09454345703125,63.82742691040039
normal,C:\Users\Light\Videos\正常往返.mp4,1710,True,0.7632743120193481,147.3101806640625,42.22822189331055,171.67721557617188,64.01667022705078
normal,C:\Users\Light\Videos\正常往返.mp4,1711,True,0.7633023858070374,147.3102264404297,42.227394104003906,171.6755828857422,64.01431274414062
normal,C:\Users\Light\Videos\正常往返.mp4,1712,True,0.8100368976593018,148.84381103515625,42.06831741333008,173.5602569580078,63.46546173095703
normal,C:\Users\Light\Videos\正常往返.mp4,1713,True,0.8136481046676636,150.54774475097656,42.665199279785156,175.10813903808594,63.876373291015625
normal,C:\Users\Light\Videos\正常往返.mp4,1714,True,0.8136827945709229,150.54722595214844,42.663944244384766,175.10995483398438,63.87726974487305
normal,C:\Users\Light\Videos\正常往返.mp4,1715,True,0.7535437941551208,154.35943603515625,42.56365203857422,178.8534698486328,64.20315551757812
normal,C:\Users\Light\Videos\正常往返.mp4,1716,True,0.7535045742988586,154.36077880859375,42.56466293334961,178.8546142578125,64.20339965820312
normal,C:\Users\Light\Videos\正常往返.mp4,1717,True,0.8064413666725159,156.5908203125,42.791038513183594,180.86209106445312,63.98724365234375
normal,C:\Users\Light\Videos\正常往返.mp4,1718,True,0.8064258098602295,156.59286499023438,42.79527282714844,180.86439514160156,63.982784271240234
normal,C:\Users\Light\Videos\正常往返.mp4,1719,True,0.7459348440170288,158.61805725097656,42.2401237487793,183.1081085205078,64.01220703125
normal,C:\Users\Light\Videos\正常往返.mp4,1720,True,0.8093072175979614,161.25796508789062,42.81974792480469,185.99679565429688,64.43351745605469
normal,C:\Users\Light\Videos\正常往返.mp4,1721,True,0.8101561069488525,161.23590087890625,42.83501052856445,186.01048278808594,64.40843963623047
normal,C:\Users\Light\Videos\正常往返.mp4,1722,True,0.7726612091064453,164.00634765625,42.358028411865234,188.04913330078125,63.10165786743164
normal,C:\Users\Light\Videos\正常往返.mp4,1723,True,0.8001605272293091,166.5998992919922,42.3402099609375,191.52342224121094,63.88773727416992
normal,C:\Users\Light\Videos\正常往返.mp4,1724,True,0.8002259731292725,166.5968780517578,42.34160232543945,191.5252227783203,63.88526916503906
normal,C:\Users\Light\Videos\正常往返.mp4,1725,True,0.752863347530365,169.7080535888672,42.41163635253906,193.68482971191406,63.40963363647461
normal,C:\Users\Light\Videos\正常往返.mp4,1726,True,0.7969038486480713,172.36434936523438,42.064483642578125,196.09242248535156,63.68825149536133
normal,C:\Users\Light\Videos\正常往返.mp4,1727,True,0.7971115708351135,172.36561584472656,42.071990966796875,196.0882110595703,63.695579528808594
normal,C:\Users\Light\Videos\正常往返.mp4,1728,True,0.7730880379676819,175.0709228515625,42.60470962524414,199.0413818359375,63.87478256225586
normal,C:\Users\Light\Videos\正常往返.mp4,1729,True,0.773028552532196,175.0729522705078,42.604530334472656,199.0421600341797,63.87321472167969
normal,C:\Users\Light\Videos\正常往返.mp4,1730,True,0.7832722663879395,177.4445343017578,42.146575927734375,202.8800048828125,63.495269775390625
normal,C:\Users\Light\Videos\正常往返.mp4,1731,True,0.8177568912506104,179.8235321044922,42.06867599487305,205.08668518066406,63.55039978027344
normal,C:\Users\Light\Videos\正常往返.mp4,1732,True,0.817912220954895,179.82427978515625,42.060001373291016,205.0947723388672,63.54204177856445
normal,C:\Users\Light\Videos\正常往返.mp4,1733,True,0.76734459400177,182.5078887939453,42.073604583740234,207.22537231445312,64.23645782470703
normal,C:\Users\Light\Videos\正常往返.mp4,1734,True,0.8299100995063782,184.51390075683594,41.61439895629883,209.83096313476562,63.32494354248047
normal,C:\Users\Light\Videos\正常往返.mp4,1735,True,0.8292446136474609,184.5018310546875,41.612247467041016,209.82669067382812,63.326419830322266
normal,C:\Users\Light\Videos\正常往返.mp4,1736,True,0.7802392244338989,186.47715759277344,40.845577239990234,211.5564422607422,62.29332733154297
normal,C:\Users\Light\Videos\正常往返.mp4,1737,True,0.7720358967781067,189.37257385253906,40.41960525512695,214.01531982421875,61.67573547363281
normal,C:\Users\Light\Videos\正常往返.mp4,1738,True,0.7720184922218323,189.3754425048828,40.42144012451172,214.00985717773438,61.67582702636719
normal,C:\Users\Light\Videos\正常往返.mp4,1739,True,0.8050835132598877,190.92117309570312,41.2773551940918,216.1420440673828,62.5570182800293
normal,C:\Users\Light\Videos\正常往返.mp4,1740,True,0.7615547180175781,192.9108428955078,40.4110221862793,217.22764587402344,61.53550720214844
normal,C:\Users\Light\Videos\正常往返.mp4,1741,True,0.7800612449645996,194.37939453125,40.4306526184082,218.81739807128906,61.59274673461914
normal,C:\Users\Light\Videos\正常往返.mp4,1742,True,0.7798252701759338,194.361083984375,40.43313980102539,218.81329345703125,61.59626388549805
normal,C:\Users\Light\Videos\正常往返.mp4,1743,True,0.768700897693634,195.71421813964844,40.27973556518555,219.93832397460938,61.325111389160156
normal,C:\Users\Light\Videos\正常往返.mp4,1744,True,0.7606682777404785,196.11183166503906,40.19374084472656,220.38583374023438,61.33360290527344
normal,C:\Users\Light\Videos\正常往返.mp4,1745,True,0.7604125142097473,196.1082000732422,40.19170379638672,220.380859375,61.34093475341797
normal,C:\Users\Light\Videos\正常往返.mp4,1746,True,0.7408164143562317,196.30670166015625,40.38663864135742,220.3341827392578,61.562538146972656
normal,C:\Users\Light\Videos\正常往返.mp4,1747,True,0.7622475624084473,196.13693237304688,40.50667190551758,220.4510498046875,61.85688781738281
normal,C:\Users\Light\Videos\正常往返.mp4,1748,True,0.7620368599891663,196.14068603515625,40.50736618041992,220.45506286621094,61.86004638671875
normal,C:\Users\Light\Videos\正常往返.mp4,1749,True,0.7557693123817444,195.82969665527344,40.5200080871582,220.13677978515625,61.7756462097168
normal,C:\Users\Light\Videos\正常往返.mp4,1750,True,0.7754296064376831,195.30848693847656,40.34528732299805,219.40924072265625,61.50845718383789
normal,C:\Users\Light\Videos\正常往返.mp4,1751,True,0.775444507598877,195.30906677246094,40.34535598754883,219.4094696044922,61.50821304321289
normal,C:\Users\Light\Videos\正常往返.mp4,1752,True,0.77774578332901,193.94039916992188,40.604339599609375,218.3684539794922,61.86343002319336
normal,C:\Users\Light\Videos\正常往返.mp4,1753,True,0.7777133584022522,193.95095825195312,40.603668212890625,218.3755645751953,61.86455154418945
normal,C:\Users\Light\Videos\正常往返.mp4,1754,True,0.7704193592071533,192.52398681640625,40.58860778808594,217.15728759765625,61.85858917236328
normal,C:\Users\Light\Videos\正常往返.mp4,1755,True,0.7988753914833069,191.1096954345703,41.15462875366211,216.20582580566406,62.555763244628906
normal,C:\Users\Light\Videos\正常往返.mp4,1756,True,0.7978726625442505,191.10806274414062,41.14055633544922,216.20504760742188,62.53519058227539
normal,C:\Users\Light\Videos\正常往返.mp4,1757,True,0.7499528527259827,190.02809143066406,40.66070556640625,213.93531799316406,61.86995315551758
normal,C:\Users\Light\Videos\正常往返.mp4,1758,True,0.7976017594337463,187.05633544921875,41.11955642700195,211.9108123779297,62.26923370361328
normal,C:\Users\Light\Videos\正常往返.mp4,1759,True,0.7975776791572571,187.05673217773438,41.12020492553711,211.9097137451172,62.26876449584961
normal,C:\Users\Light\Videos\正常往返.mp4,1760,True,0.8050212860107422,185.1528778076172,41.157901763916016,210.3228759765625,62.83263397216797
normal,C:\Users\Light\Videos\正常往返.mp4,1761,True,0.7687840461730957,183.7930908203125,40.62522888183594,207.5825653076172,61.99861526489258
normal,C:\Users\Light\Videos\正常往返.mp4,1762,True,0.7688381671905518,183.789794921875,40.62789535522461,207.58297729492188,62.00244903564453
normal,C:\Users\Light\Videos\正常往返.mp4,1763,True,0.773140013217926,180.47708129882812,41.0388069152832,205.02001953125,62.39265441894531
normal,C:\Users\Light\Videos\正常往返.mp4,1764,True,0.7544728517532349,177.98321533203125,40.875003814697266,202.5714569091797,62.69092559814453
normal,C:\Users\Light\Videos\正常往返.mp4,1765,True,0.7787504196166992,174.29530334472656,41.2099609375,199.18951416015625,62.638885498046875
normal,C:\Users\Light\Videos\正常往返.mp4,1766,True,0.7792483568191528,174.28729248046875,41.206241607666016,199.21192932128906,62.64148712158203
normal,C:\Users\Light\Videos\正常往返.mp4,1767,True,0.7519787549972534,171.4364013671875,41.051761627197266,195.9303741455078,63.03160095214844
normal,C:\Users\Light\Videos\正常往返.mp4,1768,True,0.780521035194397,168.87222290039062,41.44510269165039,193.1383514404297,62.51279830932617
normal,C:\Users\Light\Videos\正常往返.mp4,1769,True,0.780362069606781,168.87655639648438,41.44718551635742,193.13644409179688,62.51362991333008
normal,C:\Users\Light\Videos\正常往返.mp4,1770,True,0.796274721622467,165.5133056640625,42.105159759521484,191.20449829101562,63.57688903808594
normal,C:\Users\Light\Videos\正常往返.mp4,1771,True,0.8096669912338257,162.5975799560547,42.818626403808594,187.0244903564453,64.04978942871094
normal,C:\Users\Light\Videos\正常往返.mp4,1772,True,0.810585618019104,162.5846710205078,42.824588775634766,187.02760314941406,64.03410339355469
normal,C:\Users\Light\Videos\正常往返.mp4,1773,True,0.7597461938858032,158.90301513671875,42.76374053955078,184.55271911621094,64.34846496582031
normal,C:\Users\Light\Videos\正常往返.mp4,1774,True,0.7591487765312195,158.91033935546875,42.762351989746094,184.54458618164062,64.35304260253906
normal,C:\Users\Light\Videos\正常往返.mp4,1775,True,0.7653105854988098,157.03091430664062,43.04737854003906,181.01016235351562,64.32148742675781
normal,C:\Users\Light\Videos\正常往返.mp4,1776,True,0.7461548447608948,154.00787353515625,42.67001724243164,178.91241455078125,64.45272827148438
normal,C:\Users\Light\Videos\正常往返.mp4,1777,True,0.7455775141716003,154.03775024414062,42.697357177734375,178.9054718017578,64.46832275390625
normal,C:\Users\Light\Videos\正常往返.mp4,1778,True,0.7458819150924683,151.8309783935547,42.81291198730469,175.87669372558594,63.91597366333008
normal,C:\Users\Light\Videos\正常往返.mp4,1779,True,0.7645735740661621,149.43927001953125,42.85293960571289,174.00381469726562,64.68862915039062
normal,C:\Users\Light\Videos\正常往返.mp4,1780,True,0.7634857892990112,149.44505310058594,42.85002517700195,173.9761505126953,64.66594696044922
normal,C:\Users\Light\Videos\正常往返.mp4,1781,True,0.7498156428337097,147.266357421875,42.345211029052734,171.8059844970703,64.10443115234375
normal,C:\Users\Light\Videos\正常往返.mp4,1782,True,0.7867534160614014,145.1514892578125,42.825889587402344,169.69007873535156,63.91451644897461
normal,C:\Users\Light\Videos\正常往返.mp4,1783,True,0.7867621183395386,145.1514434814453,42.824363708496094,169.6912384033203,63.915279388427734
normal,C:\Users\Light\Videos\正常往返.mp4,1784,True,0.7879632711410522,143.54449462890625,43.0560302734375,168.32208251953125,64.48249053955078
normal,C:\Users\Light\Videos\正常往返.mp4,1785,True,0.7876779437065125,143.55494689941406,43.058292388916016,168.316162109375,64.489501953125
normal,C:\Users\Light\Videos\正常往返.mp4,1786,True,0.7597231268882751,142.521484375,43.223690032958984,167.52650451660156,64.71029663085938
normal,C:\Users\Light\Videos\正常往返.mp4,1787,True,0.6952539682388306,141.4159698486328,43.52231979370117,166.98406982421875,64.99395751953125
normal,C:\Users\Light\Videos\正常往返.mp4,1788,True,0.6792106032371521,140.9884490966797,43.62189483642578,166.36582946777344,64.94355773925781
normal,C:\Users\Light\Videos\正常往返.mp4,1789,True,0.6675586104393005,139.92514038085938,42.864593505859375,165.6002960205078,64.45169830322266
normal,C:\Users\Light\Videos\正常往返.mp4,1790,True,0.6679983139038086,139.9334716796875,42.8632926940918,165.60459899902344,64.45313262939453
normal,C:\Users\Light\Videos\正常往返.mp4,1791,True,0.688159167766571,139.8035125732422,42.602291107177734,165.51318359375,64.33775329589844
normal,C:\Users\Light\Videos\正常往返.mp4,1792,True,0.6595081686973572,141.2040252685547,42.83325958251953,164.4528350830078,63.58213424682617
normal,C:\Users\Light\Videos\正常往返.mp4,1793,True,0.6595265865325928,141.1943359375,42.840431213378906,164.43540954589844,63.578548431396484
normal,C:\Users\Light\Videos\正常往返.mp4,1794,True,0.6846297979354858,140.8468017578125,43.139625549316406,165.94349670410156,64.34748077392578
normal,C:\Users\Light\Videos\正常往返.mp4,1795,True,0.6909434795379639,141.31727600097656,43.34556198120117,166.7194061279297,64.70124816894531
normal,C:\Users\Light\Videos\正常往返.mp4,1796,True,0.6899449229240417,141.3018798828125,43.34117126464844,166.7148895263672,64.69075775146484
normal,C:\Users\Light\Videos\正常往返.mp4,1797,True,0.7622953653335571,142.22039794921875,43.08816909790039,167.25221252441406,64.55425262451172
normal,C:\Users\Light\Videos\正常往返.mp4,1798,True,0.7627066373825073,142.224853515625,43.08103942871094,167.25469970703125,64.5528564453125
normal,C:\Users\Light\Videos\正常往返.mp4,1799,True,0.7494486570358276,142.7345733642578,42.764549255371094,167.6360626220703,64.49297332763672
normal,C:\Users\Light\Videos\正常往返.mp4,1800,True,0.7801452279090881,144.1189727783203,43.23148727416992,168.56912231445312,64.83907318115234
normal,C:\Users\Light\Videos\正常往返.mp4,1801,True,0.7800633907318115,144.1269989013672,43.23234176635742,168.55079650878906,64.85256958007812
normal,C:\Users\Light\Videos\正常往返.mp4,1802,True,0.7575674057006836,145.65586853027344,42.98086166381836,169.61805725097656,64.08454895019531
normal,C:\Users\Light\Videos\正常往返.mp4,1803,True,0.7423181533813477,146.81619262695312,42.08494567871094,171.388427734375,63.81745529174805
normal,C:\Users\Light\Videos\正常往返.mp4,1804,True,0.7422122359275818,146.80892944335938,42.091064453125,171.37188720703125,63.816131591796875
normal,C:\Users\Light\Videos\正常往返.mp4,1805,True,0.8200016617774963,148.37608337402344,42.96891784667969,173.45352172851562,64.35350799560547
normal,C:\Users\Light\Videos\正常往返.mp4,1806,True,0.7484973073005676,150.09197998046875,43.45037841796875,174.71937561035156,64.92144012451172
normal,C:\Users\Light\Videos\正常往返.mp4,1807,True,0.7481784224510193,150.08958435058594,43.44829559326172,174.7194366455078,64.9159927368164
normal,C:\Users\Light\Videos\正常往返.mp4,1808,True,0.7137588262557983,151.9044647216797,42.81322479248047,176.73324584960938,64.25801849365234
normal,C:\Users\Light\Videos\正常往返.mp4,1809,True,0.7137159705162048,151.90147399902344,42.802825927734375,176.74388122558594,64.25595092773438
normal,C:\Users\Light\Videos\正常往返.mp4,1810,True,0.7769052982330322,155.86972045898438,43.472835540771484,180.79339599609375,65.36764526367188
normal,C:\Users\Light\Videos\正常往返.mp4,1811,True,0.7771856784820557,155.86981201171875,43.47418212890625,180.797119140625,65.37445831298828
normal,C:\Users\Light\Videos\正常往返.mp4,1812,True,0.7463623285293579,158.31134033203125,42.8657112121582,183.47216796875,64.3928451538086
normal,C:\Users\Light\Videos\正常往返.mp4,1813,True,0.7803889513015747,161.27581787109375,43.47323989868164,186.07247924804688,65.18750762939453
normal,C:\Users\Light\Videos\正常往返.mp4,1814,True,0.7809659242630005,161.26869201660156,43.469024658203125,186.06484985351562,65.18467712402344
normal,C:\Users\Light\Videos\正常往返.mp4,1815,True,0.6990965008735657,164.0044708251953,43.05564880371094,189.05038452148438,64.47023010253906
normal,C:\Users\Light\Videos\正常往返.mp4,1816,True,0.8025327324867249,166.91552734375,42.9468879699707,192.04205322265625,64.45433807373047
normal,C:\Users\Light\Videos\正常往返.mp4,1817,True,0.802335798740387,166.91354370117188,42.94596862792969,192.04440307617188,64.45677947998047
normal,C:\Users\Light\Videos\正常往返.mp4,1818,True,0.7531169056892395,170.2467803955078,43.2006721496582,194.6307830810547,65.13726043701172
normal,C:\Users\Light\Videos\正常往返.mp4,1819,True,0.753412663936615,170.24526977539062,43.186397552490234,194.62600708007812,65.12065124511719
normal,C:\Users\Light\Videos\正常往返.mp4,1820,True,0.8009065389633179,172.5232391357422,43.143524169921875,197.38294982910156,64.914306640625
normal,C:\Users\Light\Videos\正常往返.mp4,1821,True,0.7117061614990234,175.31056213378906,42.64377212524414,200.80795288085938,64.25059509277344
normal,C:\Users\Light\Videos\正常往返.mp4,1822,True,0.7118204832077026,175.31790161132812,42.644737243652344,200.8162078857422,64.24671936035156
normal,C:\Users\Light\Videos\正常往返.mp4,1823,True,0.8012313842773438,178.89178466796875,43.219566345214844,204.28285217285156,64.58112335205078
normal,C:\Users\Light\Videos\正常往返.mp4,1824,True,0.7583260536193848,182.36607360839844,42.12615966796875,207.18592834472656,64.27188873291016
normal,C:\Users\Light\Videos\正常往返.mp4,1825,True,0.7584792971611023,182.36831665039062,42.1321907043457,207.18447875976562,64.2769775390625
normal,C:\Users\Light\Videos\正常往返.mp4,1826,True,0.8188247084617615,185.12803649902344,42.47465896606445,210.25949096679688,64.15924835205078
normal,C:\Users\Light\Videos\正常往返.mp4,1827,True,0.7421026229858398,187.4529571533203,41.545101165771484,213.56138610839844,63.26407241821289
normal,C:\Users\Light\Videos\正常往返.mp4,1828,True,0.741979718208313,187.45359802246094,41.545753479003906,213.5607452392578,63.261810302734375
normal,C:\Users\Light\Videos\正常往返.mp4,1829,True,0.8428271412849426,190.7823944091797,42.38393783569336,216.7563934326172,63.523170471191406
normal,C:\Users\Light\Videos\正常往返.mp4,1830,True,0.8427749276161194,190.80677795410156,42.4456787109375,216.72384643554688,63.53977584838867
normal,C:\Users\Light\Videos\正常往返.mp4,1831,True,0.771229088306427,193.9810791015625,40.67247009277344,219.4070587158203,61.877685546875
normal,C:\Users\Light\Videos\正常往返.mp4,1832,True,0.772054135799408,197.3777618408203,40.67897033691406,222.60244750976562,61.976295471191406
normal,C:\Users\Light\Videos\正常往返.mp4,1833,True,0.7719693183898926,197.3564453125,40.68329620361328,222.59445190429688,61.98124694824219
normal,C:\Users\Light\Videos\正常往返.mp4,1834,True,0.7598749399185181,200.28636169433594,40.19401168823242,224.5505828857422,61.303123474121094
normal,C:\Users\Light\Videos\正常往返.mp4,1835,True,0.7780564427375793,202.13421630859375,40.884437561035156,226.59449768066406,61.87239456176758
normal,C:\Users\Light\Videos\正常往返.mp4,1836,True,0.7696832418441772,204.2803955078125,40.87305450439453,228.9803924560547,61.734745025634766
normal,C:\Users\Light\Videos\正常往返.mp4,1837,True,0.7627914547920227,205.48904418945312,40.763797760009766,231.07467651367188,61.92992401123047
normal,C:\Users\Light\Videos\正常往返.mp4,1838,True,0.7629995942115784,205.4879608154297,40.763572692871094,231.07485961914062,61.935752868652344
normal,C:\Users\Light\Videos\正常往返.mp4,1839,True,0.8006488680839539,207.36782836914062,41.5621337890625,232.38426208496094,62.658203125
normal,C:\Users\Light\Videos\正常往返.mp4,1840,True,0.8171069025993347,208.46371459960938,41.28284454345703,234.55850219726562,62.787742614746094
normal,C:\Users\Light\Videos\正常往返.mp4,1841,True,0.8175258636474609,208.4582061767578,41.30057144165039,234.5670166015625,62.79865646362305
normal,C:\Users\Light\Videos\正常往返.mp4,1842,True,0.7724534869194031,209.62841796875,40.777469635009766,234.948974609375,62.319480895996094
normal,C:\Users\Light\Videos\正常往返.mp4,1843,True,0.7744469046592712,209.6116943359375,40.803218841552734,234.9529266357422,62.35163879394531
normal,C:\Users\Light\Videos\正常往返.mp4,1844,True,0.7743550539016724,210.8895263671875,40.65720748901367,235.53285217285156,62.66551208496094
normal,C:\Users\Light\Videos\正常往返.mp4,1845,True,0.7833700180053711,211.31040954589844,40.59587097167969,235.78619384765625,62.5695686340332
normal,C:\Users\Light\Videos\正常往返.mp4,1846,True,0.7831951379776001,211.30404663085938,40.585201263427734,235.7823486328125,62.55549240112305
normal,C:\Users\Light\Videos\正常往返.mp4,1847,True,0.7790578603744507,211.2897186279297,40.599815368652344,235.82252502441406,62.54644012451172
normal,C:\Users\Light\Videos\正常往返.mp4,1848,True,0.7829613089561462,211.33387756347656,40.61473846435547,235.8761749267578,62.63536834716797
normal,C:\Users\Light\Videos\正常往返.mp4,1849,True,0.7830448150634766,211.32733154296875,40.61391067504883,235.87156677246094,62.637542724609375
normal,C:\Users\Light\Videos\正常往返.mp4,1850,True,0.7785325050354004,211.1132354736328,40.53004837036133,235.67288208007812,62.468292236328125
normal,C:\Users\Light\Videos\正常往返.mp4,1851,True,0.7762049436569214,210.372802734375,40.621463775634766,234.9915313720703,62.674766540527344
normal,C:\Users\Light\Videos\正常往返.mp4,1852,True,0.7760301232337952,210.36041259765625,40.62262725830078,234.98052978515625,62.67687225341797
normal,C:\Users\Light\Videos\正常往返.mp4,1853,True,0.7693861722946167,209.75733947753906,40.72188949584961,234.48333740234375,62.77581787109375
normal,C:\Users\Light\Videos\正常往返.mp4,1854,True,0.7693726420402527,209.75718688964844,40.72307586669922,234.4811553955078,62.775482177734375
normal,C:\Users\Light\Videos\正常往返.mp4,1855,True,0.7598375678062439,208.40003967285156,40.740535736083984,233.5802764892578,62.25049591064453
normal,C:\Users\Light\Videos\正常往返.mp4,1856,True,0.7355327606201172,207.88467407226562,40.20714569091797,231.6905975341797,61.00106430053711
normal,C:\Users\Light\Videos\正常往返.mp4,1857,True,0.7362341284751892,207.88043212890625,40.20458984375,231.68617248535156,60.99559783935547
normal,C:\Users\Light\Videos\正常往返.mp4,1858,True,0.746865451335907,206.9602508544922,40.19053649902344,230.64585876464844,61.4174919128418
normal,C:\Users\Light\Videos\正常往返.mp4,1859,True,0.7664815187454224,204.50909423828125,40.88152313232422,228.90052795410156,61.605342864990234
normal,C:\Users\Light\Videos\正常往返.mp4,1860,True,0.7982118725776672,202.8917236328125,41.09902572631836,227.71734619140625,61.712669372558594
normal,C:\Users\Light\Videos\正常往返.mp4,1861,True,0.7492636442184448,200.8155975341797,41.025001525878906,225.49366760253906,62.480594635009766
normal,C:\Users\Light\Videos\正常往返.mp4,1862,True,0.7491459846496582,200.81744384765625,41.01841354370117,225.5012969970703,62.475128173828125
normal,C:\Users\Light\Videos\正常往返.mp4,1863,True,0.773094654083252,199.1603240966797,40.56324005126953,223.66268920898438,62.4733772277832
normal,C:\Users\Light\Videos\正常往返.mp4,1864,True,0.7718912363052368,199.12423706054688,40.577022552490234,223.64498901367188,62.48666763305664
normal,C:\Users\Light\Videos\正常往返.mp4,1865,True,0.7937246561050415,196.6090545654297,40.96247482299805,221.7264862060547,62.40134811401367
normal,C:\Users\Light\Videos\正常往返.mp4,1866,True,0.7858728766441345,194.04193115234375,40.59636306762695,219.00027465820312,61.47822570800781
normal,C:\Users\Light\Videos\正常往返.mp4,1867,True,0.7858523726463318,194.041259765625,40.59551239013672,219.00009155273438,61.47526550292969
normal,C:\Users\Light\Videos\正常往返.mp4,1868,True,0.8081726431846619,191.04837036132812,41.25178146362305,216.6267547607422,62.60163879394531
normal,C:\Users\Light\Videos\正常往返.mp4,1869,True,0.7584393620491028,189.07870483398438,40.67695236206055,213.51235961914062,61.84846115112305
normal,C:\Users\Light\Videos\正常往返.mp4,1870,True,0.7575671672821045,189.08836364746094,40.679710388183594,213.5103302001953,61.85811996459961
normal,C:\Users\Light\Videos\正常往返.mp4,1871,True,0.7784722447395325,186.1569061279297,40.97567367553711,210.875732421875,62.320377349853516
normal,C:\Users\Light\Videos\正常往返.mp4,1872,True,0.7725380063056946,183.78903198242188,41.191226959228516,207.68930053710938,62.864479064941406
normal,C:\Users\Light\Videos\正常往返.mp4,1873,True,0.7725382447242737,183.78871154785156,41.19420623779297,207.68368530273438,62.86418914794922
normal,C:\Users\Light\Videos\正常往返.mp4,1874,True,0.7727269530296326,181.11383056640625,41.33562469482422,205.7157440185547,62.241825103759766
normal,C:\Users\Light\Videos\正常往返.mp4,1875,True,0.7726643085479736,181.1029510498047,41.32661437988281,205.71890258789062,62.22627258300781
normal,C:\Users\Light\Videos\正常往返.mp4,1876,True,0.8006077408790588,178.41067504882812,42.119346618652344,203.46551513671875,63.31685256958008
normal,C:\Users\Light\Videos\正常往返.mp4,1877,True,0.7096450924873352,176.49078369140625,43.27888870239258,201.261474609375,64.58477020263672
normal,C:\Users\Light\Videos\正常往返.mp4,1878,True,0.7102433443069458,176.48854064941406,43.2787971496582,201.26490783691406,64.59131622314453
normal,C:\Users\Light\Videos\正常往返.mp4,1879,True,0.7427874803543091,174.67620849609375,43.978660583496094,198.74671936035156,65.26284790039062
normal,C:\Users\Light\Videos\正常往返.mp4,1880,True,0.7689977288246155,172.97561645507812,43.488075256347656,196.63760375976562,65.00852966308594
normal,C:\Users\Light\Videos\正常往返.mp4,1881,True,0.7687754034996033,172.97372436523438,43.49482345581055,196.63778686523438,65.01800537109375
normal,C:\Users\Light\Videos\正常往返.mp4,1882,True,0.7594591379165649,170.9167022705078,43.14267349243164,195.04913330078125,64.77316284179688
normal,C:\Users\Light\Videos\正常往返.mp4,1883,True,0.7593870162963867,170.91839599609375,43.1353645324707,195.0564422607422,64.76935577392578
normal,C:\Users\Light\Videos\正常往返.mp4,1884,True,0.7500351071357727,170.35601806640625,43.20795822143555,194.1968994140625,64.56745147705078
normal,C:\Users\Light\Videos\正常往返.mp4,1885,True,0.7446780800819397,170.1851806640625,43.31178665161133,194.06919860839844,64.71359252929688
normal,C:\Users\Light\Videos\正常往返.mp4,1886,True,0.7448957562446594,170.18173217773438,43.30549240112305,194.07489013671875,64.71487426757812
normal,C:\Users\Light\Videos\正常往返.mp4,1887,True,0.74756920337677,170.13316345214844,43.29146194458008,193.96998596191406,64.6786117553711
normal,C:\Users\Light\Videos\正常往返.mp4,1888,True,0.7475250959396362,170.13429260253906,43.290767669677734,193.9729461669922,64.67979431152344
normal,C:\Users\Light\Videos\正常往返.mp4,1889,True,0.7393953800201416,170.4735107421875,43.31338119506836,194.3873748779297,64.7007064819336
normal,C:\Users\Light\Videos\正常往返.mp4,1890,True,0.7565948367118835,171.64300537109375,43.38959884643555,195.54481506347656,64.82892608642578
normal,C:\Users\Light\Videos\正常往返.mp4,1891,True,0.7572560906410217,171.63400268554688,43.381710052490234,195.53408813476562,64.82892608642578
normal,C:\Users\Light\Videos\正常往返.mp4,1892,True,0.7683841586112976,172.70046997070312,43.38496017456055,196.30023193359375,64.79219055175781
normal,C:\Users\Light\Videos\正常往返.mp4,1893,True,0.754177451133728,174.48110961914062,43.74421691894531,197.6348419189453,64.9115982055664
normal,C:\Users\Light\Videos\正常往返.mp4,1894,True,0.7521525025367737,174.50576782226562,43.74459457397461,197.61842346191406,64.91807556152344
normal,C:\Users\Light\Videos\正常往返.mp4,1895,True,0.6623262763023376,176.6299591064453,43.83320999145508,198.7792205810547,64.15949249267578
normal,C:\Users\Light\Videos\正常往返.mp4,1896,True,0.7445119023323059,178.28652954101562,43.67487335205078,202.54689025878906,65.29869079589844
normal,C:\Users\Light\Videos\正常往返.mp4,1897,True,0.7446415424346924,178.2870330810547,43.67621994018555,202.54515075683594,65.29483032226562
normal,C:\Users\Light\Videos\正常往返.mp4,1898,True,0.7597688436508179,180.9753875732422,43.672340393066406,204.5438995361328,64.18943786621094
normal,C:\Users\Light\Videos\正常往返.mp4,1899,True,0.7596155405044556,180.9761962890625,43.671356201171875,204.54356384277344,64.18907928466797
normal,C:\Users\Light\Videos\正常往返.mp4,1900,True,0.7869294881820679,183.4041290283203,43.505332946777344,208.3168487548828,64.52198028564453
normal,C:\Users\Light\Videos\正常往返.mp4,1901,True,0.7598139643669128,187.12728881835938,43.483795166015625,210.5450439453125,63.36656188964844
normal,C:\Users\Light\Videos\正常往返.mp4,1902,True,0.7597516179084778,187.12826538085938,43.48527526855469,210.54310607910156,63.36933898925781
normal,C:\Users\Light\Videos\正常往返.mp4,1903,True,0.8122104406356812,190.11634826660156,43.61223602294922,215.2684783935547,64.44434356689453
normal,C:\Users\Light\Videos\正常往返.mp4,1904,True,0.6536040306091309,194.58740234375,43.919921875,219.34767150878906,64.47897338867188
normal,C:\Users\Light\Videos\正常往返.mp4,1905,True,0.6533217430114746,194.58656311035156,43.91897964477539,219.34536743164062,64.47467041015625
normal,C:\Users\Light\Videos\正常往返.mp4,1906,True,0.6851280927658081,199.47976684570312,43.9683723449707,222.6744842529297,63.4601936340332
normal,C:\Users\Light\Videos\正常往返.mp4,1907,True,0.684913694858551,199.47808837890625,43.963016510009766,222.6785430908203,63.45914077758789
normal,C:\Users\Light\Videos\正常往返.mp4,1908,True,0.7814022898674011,204.03541564941406,43.85035705566406,227.8705596923828,63.82809829711914
normal,C:\Users\Light\Videos\正常往返.mp4,1909,True,0.4498063325881958,209.18045043945312,43.48126220703125,234.2698211669922,64.49320220947266
normal,C:\Users\Light\Videos\正常往返.mp4,1910,True,0.4358745813369751,209.16400146484375,43.49957275390625,234.26901245117188,64.48179626464844
normal,C:\Users\Light\Videos\正常往返.mp4,1911,True,0.3500343859195709,293.28070068359375,4.313332557678223,320.609619140625,23.26660919189453
normal,C:\Users\Light\Videos\正常往返.mp4,1912,True,0.3453484773635864,293.2705078125,4.307236671447754,320.61181640625,23.26409912109375
normal,C:\Users\Light\Videos\正常往返.mp4,1913,True,0.5005561709403992,225.25865173339844,45.097232818603516,250.0908203125,64.92321014404297
normal,C:\Users\Light\Videos\正常往返.mp4,1914,True,0.5110659003257751,225.2531280517578,45.051761627197266,250.06764221191406,64.91215515136719
normal,C:\Users\Light\Videos\正常往返.mp4,1915,True,0.4599021375179291,293.52215576171875,4.277519226074219,320.4505920410156,23.071136474609375
normal,C:\Users\Light\Videos\正常往返.mp4,1916,True,0.46003252267837524,293.563720703125,4.256374359130859,320.4503479003906,23.0357723236084
normal,C:\Users\Light\Videos\正常往返.mp4,1917,True,0.5040029883384705,241.8043212890625,43.14509201049805,267.2220458984375,63.060218811035156
normal,C:\Users\Light\Videos\正常往返.mp4,1918,True,0.5080735683441162,241.79824829101562,43.1319580078125,267.2176818847656,63.080970764160156
normal,C:\Users\Light\Videos\正常往返.mp4,1919,True,0.5767296552658081,249.259521484375,43.59114456176758,275.8475646972656,61.459712982177734
normal,C:\Users\Light\Videos\正常往返.mp4,1920,True,0.5806965231895447,249.25914001464844,43.579490661621094,275.8331298828125,61.459712982177734
normal,C:\Users\Light\Videos\正常往返.mp4,1921,True,0.5807088613510132,249.25906372070312,43.579402923583984,275.8331604003906,61.45980453491211
normal,C:\Users\Light\Videos\正常往返.mp4,1922,True,0.6273877024650574,257.99786376953125,41.7088623046875,282.1120300292969,62.077728271484375
normal,C:\Users\Light\Videos\正常往返.mp4,1923,True,0.6257399916648865,257.9983215332031,41.713478088378906,282.1070556640625,62.075531005859375
normal,C:\Users\Light\Videos\正常往返.mp4,1924,True,0.5789058804512024,265.18524169921875,42.684696197509766,291.2968444824219,64.03679656982422
normal,C:\Users\Light\Videos\正常往返.mp4,1925,True,0.5416272282600403,265.2826232910156,43.25537872314453,290.8829650878906,63.56696319580078
normal,C:\Users\Light\Videos\正常往返.mp4,1926,True,0.6394209265708923,272.6773986816406,43.46306610107422,300.2196044921875,62.660221099853516
normal,C:\Users\Light\Videos\正常往返.mp4,1927,True,0.6518007516860962,272.65521240234375,43.4279899597168,300.1925354003906,62.673152923583984
normal,C:\Users\Light\Videos\正常往返.mp4,1928,True,0.3512248694896698,293.15289306640625,4.1870222091674805,320.48504638671875,23.2537899017334
normal,C:\Users\Light\Videos\正常往返.mp4,1929,True,0.3518458604812622,293.158447265625,4.183985710144043,320.48492431640625,23.254417419433594
normal,C:\Users\Light\Videos\正常往返.mp4,1930,True,0.3514191806316376,293.24444580078125,4.391918182373047,320.3369140625,23.02254867553711
normal,C:\Users\Light\Videos\正常往返.mp4,1931,True,0.3473564684391022,293.1496276855469,4.189117908477783,320.5140686035156,23.232879638671875
normal,C:\Users\Light\Videos\正常往返.mp4,1932,True,0.34564903378486633,293.1617126464844,4.160218238830566,320.4998474121094,23.21349334716797
normal,C:\Users\Light\Videos\正常往返.mp4,1933,True,0.39936861395835876,293.5505065917969,4.010297775268555,320.4646911621094,23.01690101623535
normal,C:\Users\Light\Videos\正常往返.mp4,1934,True,0.39947694540023804,293.5488586425781,4.010297775268555,320.46307373046875,23.01725959777832
normal,C:\Users\Light\Videos\正常往返.mp4,1935,True,0.6519495844841003,314.2483825683594,42.21428298950195,340.6692810058594,61.21363830566406
normal,C:\Users\Light\Videos\正常往返.mp4,1936,True,0.6564501523971558,314.2961120605469,42.1265869140625,340.6446838378906,61.17927932739258
normal,C:\Users\Light\Videos\正常往返.mp4,1937,True,0.8047977685928345,320.9029541015625,41.40384292602539,346.6813659667969,62.171363830566406
normal,C:\Users\Light\Videos\正常往返.mp4,1938,True,0.8047327995300293,320.9049072265625,41.40196228027344,346.6860046386719,62.169212341308594
normal,C:\Users\Light\Videos\正常往返.mp4,1939,True,0.7874428629875183,327.3696594238281,41.13595962524414,352.6449279785156,62.23969650268555
normal,C:\Users\Light\Videos\正常往返.mp4,1940,True,0.7892774939537048,327.3538818359375,41.1202278137207,352.62738037109375,62.235660552978516
normal,C:\Users\Light\Videos\正常往返.mp4,1941,True,0.7940553426742554,333.3012390136719,41.06915283203125,358.4006042480469,61.95737838745117
normal,C:\Users\Light\Videos\正常往返.mp4,1942,True,0.7940542101860046,333.3013000488281,41.06919860839844,358.40057373046875,61.95733642578125
normal,C:\Users\Light\Videos\正常往返.mp4,1943,True,0.7963952422142029,333.3004455566406,41.08165740966797,358.4039001464844,61.952762603759766
normal,C:\Users\Light\Videos\正常往返.mp4,1944,True,0.774940550327301,338.9313659667969,40.56839370727539,364.45458984375,61.61031723022461
normal,C:\Users\Light\Videos\正常往返.mp4,1945,True,0.7734981179237366,338.9666748046875,40.56808090209961,364.4709777832031,61.59171676635742
normal,C:\Users\Light\Videos\正常往返.mp4,1946,True,0.8087687492370605,344.3754577636719,41.45693588256836,370.00909423828125,62.592044830322266
normal,C:\Users\Light\Videos\正常往返.mp4,1947,True,0.8090426325798035,344.3711242675781,41.45583724975586,370.0131530761719,62.590858459472656
normal,C:\Users\Light\Videos\正常往返.mp4,1948,True,0.7952001690864563,348.6893310546875,40.503265380859375,374.74005126953125,61.814754486083984
normal,C:\Users\Light\Videos\正常往返.mp4,1949,True,0.7949671745300293,348.6894836425781,40.499412536621094,374.7388916015625,61.81367874145508
normal,C:\Users\Light\Videos\正常往返.mp4,1950,True,0.7006534934043884,351.7688293457031,40.859336853027344,377.91796875,60.80377960205078
normal,C:\Users\Light\Videos\正常往返.mp4,1951,True,0.698286771774292,351.79254150390625,40.8839225769043,377.93792724609375,60.80474090576172
normal,C:\Users\Light\Videos\正常往返.mp4,1952,True,0.7428983449935913,356.06121826171875,41.0825309753418,382.2537536621094,61.5370979309082
normal,C:\Users\Light\Videos\正常往返.mp4,1953,True,0.7428224086761475,356.0412902832031,41.10821533203125,382.2556457519531,61.567848205566406
normal,C:\Users\Light\Videos\正常往返.mp4,1954,True,0.6063934564590454,359.1632995605469,40.73396682739258,385.5100402832031,60.63300323486328
normal,C:\Users\Light\Videos\正常往返.mp4,1955,True,0.7002038359642029,362.4770202636719,41.31522750854492,388.0457458496094,61.8089714050293
normal,C:\Users\Light\Videos\正常往返.mp4,1956,True,0.7002739906311035,362.4768981933594,41.31574249267578,388.045166015625,61.80912780761719
normal,C:\Users\Light\Videos\正常往返.mp4,1957,True,0.615381121635437,363.4856872558594,41.27479934692383,390.5492858886719,60.7407112121582
normal,C:\Users\Light\Videos\正常往返.mp4,1958,True,0.6182725429534912,363.4878234863281,41.25973892211914,390.5439147949219,60.743446350097656
normal,C:\Users\Light\Videos\正常往返.mp4,1959,True,0.765777051448822,365.7986755371094,39.53083801269531,391.8010559082031,60.8150749206543
normal,C:\Users\Light\Videos\正常往返.mp4,1960,True,0.7658253908157349,365.8053894042969,39.528507232666016,391.8022155761719,60.817359924316406
normal,C:\Users\Light\Videos\正常往返.mp4,1961,True,0.7356804609298706,366.9366149902344,40.4549674987793,393.7507019042969,61.42145538330078
normal,C:\Users\Light\Videos\正常往返.mp4,1962,True,0.7221965789794922,366.9895935058594,40.43278121948242,393.77105712890625,61.40187072753906
normal,C:\Users\Light\Videos\正常往返.mp4,1963,True,0.7516496181488037,367.2586364746094,40.47648239135742,393.89068603515625,61.77228546142578
normal,C:\Users\Light\Videos\正常往返.mp4,1964,True,0.7512552738189697,367.2706298828125,40.470924377441406,393.8895568847656,61.76493453979492
normal,C:\Users\Light\Videos\正常往返.mp4,1965,True,0.7381307482719421,367.5367736816406,40.83024597167969,393.9199523925781,61.89973831176758
normal,C:\Users\Light\Videos\正常往返.mp4,1966,True,0.7381307482719421,367.5367736816406,40.83024597167969,393.9199523925781,61.89973831176758
normal,C:\Users\Light\Videos\正常往返.mp4,1967,True,0.7382614016532898,367.5446472167969,40.831459045410156,393.9224548339844,61.89646530151367
normal,C:\Users\Light\Videos\正常往返.mp4,1968,True,0.767998218536377,367.3435363769531,40.71352767944336,393.8217468261719,61.8741455078125
normal,C:\Users\Light\Videos\正常往返.mp4,1969,True,0.7682855725288391,367.3480529785156,40.71442413330078,393.8196716308594,61.872711181640625
normal,C:\Users\Light\Videos\正常往返.mp4,1970,True,0.7782097458839417,365.3936462402344,39.85862731933594,392.69696044921875,60.97244644165039
normal,C:\Users\Light\Videos\正常往返.mp4,1971,True,0.7769066095352173,365.3857421875,39.855777740478516,392.688232421875,60.97215270996094
normal,C:\Users\Light\Videos\正常往返.mp4,1972,True,0.639177143573761,364.9518127441406,40.89691925048828,391.5986633300781,60.678340911865234
normal,C:\Users\Light\Videos\正常往返.mp4,1973,True,0.6403389573097229,364.95123291015625,40.89212417602539,391.5963439941406,60.68035888671875
normal,C:\Users\Light\Videos\正常往返.mp4,1974,True,0.5040443539619446,363.04339599609375,40.967830657958984,389.810791015625,60.38712692260742
normal,C:\Users\Light\Videos\正常往返.mp4,1975,True,0.5021906495094299,363.0022277832031,40.986366271972656,389.7923889160156,60.384193420410156
normal,C:\Users\Light\Videos\正常往返.mp4,1976,True,0.7481712102890015,362.1213684082031,41.167606353759766,387.6503601074219,61.777931213378906
normal,C:\Users\Light\Videos\正常往返.mp4,1977,True,0.749065637588501,362.10638427734375,41.17190933227539,387.65753173828125,61.77457046508789
normal,C:\Users\Light\Videos\正常往返.mp4,1978,True,0.5867029428482056,359.1239013671875,41.39539337158203,385.5925598144531,60.93696975708008
normal,C:\Users\Light\Videos\正常往返.mp4,1979,True,0.7452520132064819,356.171875,41.50252151489258,382.27532958984375,61.8846549987793
normal,C:\Users\Light\Videos\正常往返.mp4,1980,True,0.7473292350769043,356.1759338378906,41.4887580871582,382.27838134765625,61.88505935668945
normal,C:\Users\Light\Videos\正常往返.mp4,1981,True,0.755896806716919,352.5206298828125,41.374908447265625,378.64227294921875,61.69169235229492
normal,C:\Users\Light\Videos\正常往返.mp4,1982,True,0.7564390301704407,352.5211181640625,41.368499755859375,378.6409606933594,61.69465255737305
normal,C:\Users\Light\Videos\正常往返.mp4,1983,True,0.8178079724311829,349.80523681640625,41.33526611328125,375.51361083984375,62.39502716064453
normal,C:\Users\Light\Videos\正常往返.mp4,1984,True,0.8181511163711548,349.8000793457031,41.33732604980469,375.5141296386719,62.4053840637207
normal,C:\Users\Light\Videos\正常往返.mp4,1985,True,0.8055075407028198,345.1016540527344,41.94220733642578,370.6562194824219,62.71255111694336
normal,C:\Users\Light\Videos\正常往返.mp4,1986,True,0.8055140972137451,345.10174560546875,41.94321823120117,370.656494140625,62.71329116821289
normal,C:\Users\Light\Videos\正常往返.mp4,1987,True,0.7279824614524841,341.8511047363281,40.73345184326172,367.274169921875,61.041988372802734
normal,C:\Users\Light\Videos\正常往返.mp4,1988,True,0.7284430861473083,341.8476257324219,40.72478103637695,367.2765197753906,61.040802001953125
normal,C:\Users\Light\Videos\正常往返.mp4,1989,True,0.7279873490333557,341.8511047363281,40.733428955078125,367.2741394042969,61.04196548461914
normal,C:\Users\Light\Videos\正常往返.mp4,1990,True,0.7874490022659302,336.5858459472656,41.428897857666016,362.6163024902344,61.85572052001953
normal,C:\Users\Light\Videos\正常往返.mp4,1991,True,0.787939727306366,336.59552001953125,41.4541130065918,362.60028076171875,61.859283447265625
normal,C:\Users\Light\Videos\正常往返.mp4,1992,True,0.8479593396186829,332.1427001953125,41.89704895019531,358.0406799316406,62.63140106201172
normal,C:\Users\Light\Videos\正常往返.mp4,1993,True,0.8504598736763,332.1546630859375,41.89453887939453,358.0151062011719,62.67496871948242
normal,C:\Users\Light\Videos\正常往返.mp4,1994,True,0.8255107402801514,326.6937255859375,41.55677795410156,352.33795166015625,62.315242767333984
normal,C:\Users\Light\Videos\正常往返.mp4,1995,True,0.8251749873161316,326.70196533203125,41.551578521728516,352.3399353027344,62.31143569946289
normal,C:\Users\Light\Videos\正常往返.mp4,1996,True,0.801281213760376,321.1547546386719,41.26948547363281,346.7087707519531,62.26430130004883
normal,C:\Users\Light\Videos\正常往返.mp4,1997,True,0.8015860319137573,321.1569519042969,41.27047348022461,346.7147216796875,62.26008987426758
normal,C:\Users\Light\Videos\正常往返.mp4,1998,True,0.7620145678520203,315.8945617675781,41.51654815673828,340.8265686035156,61.661258697509766
normal,C:\Users\Light\Videos\正常往返.mp4,1999,True,0.7618732452392578,315.8923645019531,41.5161247253418,340.8282165527344,61.66190719604492
normal,C:\Users\Light\Videos\正常往返.mp4,2000,True,0.7800107002258301,309.2380065917969,41.752655029296875,334.74407958984375,61.57965850830078
normal,C:\Users\Light\Videos\正常往返.mp4,2001,True,0.7766059637069702,309.2501525878906,41.753482818603516,334.76239013671875,61.55713653564453
normal,C:\Users\Light\Videos\正常往返.mp4,2002,True,0.6589163541793823,300.9401550292969,40.51841735839844,329.0122375488281,61.17576217651367
normal,C:\Users\Light\Videos\正常往返.mp4,2003,True,0.6618196964263916,300.9446716308594,40.50559616088867,329.01458740234375,61.18194580078125
normal,C:\Users\Light\Videos\正常往返.mp4,2004,True,0.7521067261695862,295.1829528808594,40.861915588378906,321.7474670410156,61.72257614135742
normal,C:\Users\Light\Videos\正常往返.mp4,2005,True,0.42286795377731323,287.91363525390625,42.28981018066406,313.98236083984375,60.552772521972656
normal,C:\Users\Light\Videos\正常往返.mp4,2006,True,0.42698433995246887,287.9055480957031,42.2690315246582,313.98760986328125,60.56090545654297
normal,C:\Users\Light\Videos\正常往返.mp4,2007,True,0.6379982233047485,279.55841064453125,42.95896530151367,306.67083740234375,62.41663360595703
normal,C:\Users\Light\Videos\正常往返.mp4,2008,True,0.651060938835144,279.5666198730469,42.94576644897461,306.6535949707031,62.42095947265625
normal,C:\Users\Light\Videos\正常往返.mp4,2009,True,0.816038966178894,273.15496826171875,41.91686248779297,299.580810546875,62.16219711303711
normal,C:\Users\Light\Videos\正常往返.mp4,2010,True,0.8155841827392578,273.15899658203125,41.929500579833984,299.572509765625,62.14682388305664
normal,C:\Users\Light\Videos\正常往返.mp4,2011,True,0.672732412815094,265.880615234375,42.89883804321289,292.7396545410156,61.613834381103516
normal,C:\Users\Light\Videos\正常往返.mp4,2012,True,0.6725819706916809,265.8795166015625,42.897762298583984,292.7420959472656,61.61777877807617
normal,C:\Users\Light\Videos\正常往返.mp4,2013,True,0.6727418899536133,265.88067626953125,42.89883804321289,292.7396240234375,61.613792419433594
normal,C:\Users\Light\Videos\正常往返.mp4,2014,True,0.6380460262298584,259.61859130859375,42.361053466796875,284.855712890625,63.02104568481445
normal,C:\Users\Light\Videos\正常往返.mp4,2015,True,0.6354005932807922,259.6398010253906,42.37497329711914,284.878173828125,63.01362609863281
normal,C:\Users\Light\Videos\正常往返.mp4,2016,True,0.7233079671859741,250.83705139160156,42.3056755065918,276.5520935058594,61.3626708984375
normal,C:\Users\Light\Videos\正常往返.mp4,2017,True,0.7125573754310608,250.84231567382812,42.33241271972656,276.5913391113281,61.30442428588867
normal,C:\Users\Light\Videos\正常往返.mp4,2018,True,0.7894657850265503,243.19903564453125,42.74628448486328,269.85791015625,62.058902740478516
normal,C:\Users\Light\Videos\正常往返.mp4,2019,True,0.7901801466941833,243.21026611328125,42.74330139160156,269.8567199707031,62.04745101928711
normal,C:\Users\Light\Videos\正常往返.mp4,2020,True,0.5864856243133545,293.9850158691406,4.0570478439331055,320.4321594238281,23.17633628845215
normal,C:\Users\Light\Videos\正常往返.mp4,2021,True,0.5703322887420654,293.9244689941406,4.070584297180176,320.4023132324219,23.16607093811035
normal,C:\Users\Light\Videos\正常往返.mp4,2022,True,0.5189045667648315,293.6537780761719,4.199942588806152,320.3317565917969,23.248613357543945
normal,C:\Users\Light\Videos\正常往返.mp4,2023,True,0.5161420702934265,293.6534729003906,4.194362163543701,320.3359375,23.24717903137207
normal,C:\Users\Light\Videos\正常往返.mp4,2024,True,0.49252423644065857,223.49295043945312,43.3566780090332,247.97146606445312,63.3752555847168
normal,C:\Users\Light\Videos\正常往返.mp4,2025,True,0.4936208426952362,223.4994659423828,43.3487434387207,247.97744750976562,63.37256622314453
normal,C:\Users\Light\Videos\正常往返.mp4,2026,True,0.6552902460098267,218.20880126953125,41.68143081665039,243.23460388183594,62.88753890991211
normal,C:\Users\Light\Videos\正常往返.mp4,2027,True,0.6550125479698181,218.2110595703125,41.67974853515625,243.2318115234375,62.88191604614258
normal,C:\Users\Light\Videos\正常往返.mp4,2028,True,0.5846032500267029,211.32147216796875,42.837677001953125,236.25706481933594,63.04074478149414
normal,C:\Users\Light\Videos\正常往返.mp4,2029,True,0.605661928653717,206.16189575195312,43.76465606689453,231.05018615722656,63.97762680053711
normal,C:\Users\Light\Videos\正常往返.mp4,2030,True,0.6048040986061096,206.16294860839844,43.765663146972656,231.05052185058594,63.97173309326172
normal,C:\Users\Light\Videos\正常往返.mp4,2031,True,0.7686243057250977,200.95909118652344,43.808380126953125,227.12322998046875,63.786705017089844
normal,C:\Users\Light\Videos\正常往返.mp4,2032,True,0.7693490386009216,200.90939331054688,43.780948638916016,227.05882263183594,63.771419525146484
normal,C:\Users\Light\Videos\正常往返.mp4,2033,True,0.8504354953765869,196.89735412597656,43.581172943115234,222.27932739257812,63.50472640991211
normal,C:\Users\Light\Videos\正常往返.mp4,2034,True,0.8491271138191223,196.8751220703125,43.59062957763672,222.29299926757812,63.49419403076172
normal,C:\Users\Light\Videos\正常往返.mp4,2035,True,0.8491271138191223,196.8751220703125,43.59062957763672,222.29299926757812,63.49419403076172
normal,C:\Users\Light\Videos\正常往返.mp4,2036,True,0.7067886590957642,193.7300262451172,43.41497039794922,218.20509338378906,64.42031860351562
normal,C:\Users\Light\Videos\正常往返.mp4,2037,True,0.7070813775062561,193.72705078125,43.412235260009766,218.2205810546875,64.44147491455078
normal,C:\Users\Light\Videos\正常往返.mp4,2038,True,0.8430302143096924,190.1400604248047,43.48881530761719,215.96609497070312,63.849300384521484
normal,C:\Users\Light\Videos\正常往返.mp4,2039,True,0.8434972763061523,190.1477508544922,43.47751998901367,215.95428466796875,63.846431732177734
normal,C:\Users\Light\Videos\正常往返.mp4,2040,True,0.7347906827926636,188.1132354736328,43.46243667602539,214.34817504882812,64.05093383789062
normal,C:\Users\Light\Videos\正常往返.mp4,2041,True,0.7294399738311768,188.08982849121094,43.48428726196289,214.33168029785156,64.05436706542969
normal,C:\Users\Light\Videos\正常往返.mp4,2042,True,0.7926970720291138,187.05258178710938,43.30826950073242,210.90029907226562,63.32819366455078
normal,C:\Users\Light\Videos\正常往返.mp4,2043,True,0.7924283742904663,187.04397583007812,43.31315612792969,210.87738037109375,63.33128356933594
normal,C:\Users\Light\Videos\正常往返.mp4,2044,True,0.8566461205482483,185.15728759765625,43.2856330871582,210.06097412109375,63.5747184753418
normal,C:\Users\Light\Videos\正常往返.mp4,2045,True,0.8567187786102295,185.15655517578125,43.28594970703125,210.0611572265625,63.57408905029297
normal,C:\Users\Light\Videos\正常往返.mp4,2046,True,0.8519012928009033,184.132080078125,43.29009246826172,209.3104248046875,63.45134353637695
normal,C:\Users\Light\Videos\正常往返.mp4,2047,True,0.8511922955513,184.12657165527344,43.2947998046875,209.31263732910156,63.45017623901367
normal,C:\Users\Light\Videos\正常往返.mp4,2048,True,0.8484761714935303,184.19761657714844,42.892494201660156,209.1592559814453,63.400848388671875
normal,C:\Users\Light\Videos\正常往返.mp4,2049,True,0.848339319229126,184.2017364501953,42.88554763793945,209.15846252441406,63.39910125732422
normal,C:\Users\Light\Videos\正常往返.mp4,2050,True,0.8589208126068115,184.0808563232422,43.03162384033203,209.37188720703125,63.30215072631836
normal,C:\Users\Light\Videos\正常往返.mp4,2051,True,0.8600733280181885,184.1094207763672,43.014434814453125,209.35606384277344,63.31584167480469
normal,C:\Users\Light\Videos\正常往返.mp4,2052,True,0.8549917936325073,185.13821411132812,43.356788635253906,210.02301025390625,63.52762985229492
normal,C:\Users\Light\Videos\正常往返.mp4,2053,True,0.8187323808670044,186.69503784179688,43.4164924621582,210.61126708984375,63.235877990722656
normal,C:\Users\Light\Videos\正常往返.mp4,2054,True,0.8187016248703003,186.69577026367188,43.41727828979492,210.61181640625,63.2353630065918
normal,C:\Users\Light\Videos\正常往返.mp4,2055,True,0.6594523191452026,187.6478271484375,43.628639221191406,211.71694946289062,63.240718841552734
normal,C:\Users\Light\Videos\正常往返.mp4,2056,True,0.659416913986206,187.6497344970703,43.63460159301758,211.72015380859375,63.24152755737305
normal,C:\Users\Light\Videos\正常往返.mp4,2057,True,0.8058356642723083,189.35781860351562,43.134132385253906,215.24929809570312,63.572208404541016
normal,C:\Users\Light\Videos\正常往返.mp4,2058,True,0.8057626485824585,189.35809326171875,43.13529968261719,215.2481689453125,63.57167053222656
normal,C:\Users\Light\Videos\正常往返.mp4,2059,True,0.8057626485824585,189.35809326171875,43.13529968261719,215.2481689453125,63.57167053222656
normal,C:\Users\Light\Videos\正常往返.mp4,2060,True,0.8431826829910278,191.96847534179688,43.64842987060547,216.1276397705078,63.781620025634766
normal,C:\Users\Light\Videos\正常往返.mp4,2061,True,0.843387246131897,191.95892333984375,43.64484405517578,216.13037109375,63.782066345214844
normal,C:\Users\Light\Videos\正常往返.mp4,2062,True,0.7123959064483643,194.1233673095703,43.208831787109375,219.1923828125,64.4561767578125
normal,C:\Users\Light\Videos\正常往返.mp4,2063,True,0.7124232053756714,194.13125610351562,43.21122741699219,219.19656372070312,64.45548248291016
normal,C:\Users\Light\Videos\正常往返.mp4,2064,True,0.8416134715080261,197.8198699951172,43.463645935058594,222.25192260742188,63.79033660888672
normal,C:\Users\Light\Videos\正常往返.mp4,2065,True,0.8405263423919678,197.83230590820312,43.46295166015625,222.24610900878906,63.79829406738281
normal,C:\Users\Light\Videos\正常往返.mp4,2066,True,0.7424178123474121,200.641357421875,43.16676330566406,226.51528930664062,63.195159912109375
normal,C:\Users\Light\Videos\正常往返.mp4,2067,True,0.7410827279090881,200.6432342529297,43.1605339050293,226.51681518554688,63.199462890625
normal,C:\Users\Light\Videos\正常往返.mp4,2068,True,0.7562565207481384,205.1654815673828,43.424137115478516,228.81716918945312,63.050559997558594
normal,C:\Users\Light\Videos\正常往返.mp4,2069,True,0.7560491561889648,205.1600799560547,43.431331634521484,228.81570434570312,63.05353927612305
normal,C:\Users\Light\Videos\正常往返.mp4,2070,True,0.8045620322227478,208.7772979736328,43.60194778442383,234.94863891601562,62.9332160949707
normal,C:\Users\Light\Videos\正常往返.mp4,2071,True,0.8051636219024658,208.7726287841797,43.597599029541016,234.94850158691406,62.92797088623047
normal,C:\Users\Light\Videos\正常往返.mp4,2072,True,0.8574956059455872,213.5686798095703,42.19803237915039,239.8415069580078,62.962955474853516
normal,C:\Users\Light\Videos\正常往返.mp4,2073,True,0.8569599986076355,213.55105590820312,42.189205169677734,239.8399200439453,62.950225830078125
normal,C:\Users\Light\Videos\正常往返.mp4,2074,True,0.8361151814460754,218.5224609375,42.24778747558594,244.45777893066406,63.324851989746094
normal,C:\Users\Light\Videos\正常往返.mp4,2075,True,0.6878668665885925,224.00289916992188,43.837154388427734,250.6182098388672,63.56779098510742
normal,C:\Users\Light\Videos\正常往返.mp4,2076,True,0.68807053565979,224.00311279296875,43.83668518066406,250.61892700195312,63.57090759277344
normal,C:\Users\Light\Videos\正常往返.mp4,2077,True,0.44372236728668213,229.7852020263672,43.281219482421875,255.4834442138672,63.8466796875
normal,C:\Users\Light\Videos\正常往返.mp4,2078,True,0.45373886823654175,229.7845458984375,43.269161224365234,255.48109436035156,63.87626266479492
normal,C:\Users\Light\Videos\正常往返.mp4,2079,True,0.5039420127868652,236.33538818359375,43.904388427734375,262.0086669921875,63.93049621582031
normal,C:\Users\Light\Videos\正常往返.mp4,2080,True,0.5039420127868652,236.33538818359375,43.904388427734375,262.0086669921875,63.93049621582031
normal,C:\Users\Light\Videos\正常往返.mp4,2081,True,0.5038365721702576,236.32908630371094,43.905418395996094,262.011962890625,63.9374885559082
normal,C:\Users\Light\Videos\正常往返.mp4,2082,True,0.5041326284408569,241.7332763671875,43.75282287597656,267.0303955078125,63.49663543701172
normal,C:\Users\Light\Videos\正常往返.mp4,2083,True,0.5048416256904602,241.72906494140625,43.73805236816406,267.0489501953125,63.5061149597168
normal,C:\Users\Light\Videos\正常往返.mp4,2084,True,0.6218463778495789,247.43984985351562,43.01468276977539,272.7700500488281,61.3786735534668
normal,C:\Users\Light\Videos\正常往返.mp4,2085,True,0.6221879720687866,247.43624877929688,43.01394271850586,272.7673034667969,61.38407516479492
normal,C:\Users\Light\Videos\正常往返.mp4,2086,True,0.696359395980835,253.39173889160156,41.95050048828125,278.9700012207031,61.13250732421875
normal,C:\Users\Light\Videos\正常往返.mp4,2087,True,0.6919212937355042,253.39950561523438,41.97761917114258,278.9756774902344,61.1204948425293
normal,C:\Users\Light\Videos\正常往返.mp4,2088,True,0.7164032459259033,257.9242248535156,42.552425384521484,282.7554626464844,62.62447738647461
normal,C:\Users\Light\Videos\正常往返.mp4,2089,True,0.716102123260498,257.91241455078125,42.61159133911133,282.73614501953125,62.68606185913086
normal,C:\Users\Light\Videos\正常往返.mp4,2090,True,0.8152032494544983,262.77874755859375,42.035709381103516,287.9873046875,62.6212043762207
normal,C:\Users\Light\Videos\正常往返.mp4,2091,True,0.8147737383842468,262.7822570800781,42.0323486328125,287.9879455566406,62.61528778076172
normal,C:\Users\Light\Videos\正常往返.mp4,2092,True,0.8343856930732727,267.6805114746094,41.95603561401367,293.8322448730469,62.522796630859375
normal,C:\Users\Light\Videos\正常往返.mp4,2093,True,0.8349756598472595,267.6730651855469,41.96430587768555,293.8373107910156,62.53196334838867
normal,C:\Users\Light\Videos\正常往返.mp4,2094,True,0.7572329640388489,271.81219482421875,41.831809997558594,297.9649658203125,62.01927947998047
normal,C:\Users\Light\Videos\正常往返.mp4,2095,True,0.750573456287384,271.7959289550781,41.88420867919922,297.99615478515625,61.983333587646484
normal,C:\Users\Light\Videos\正常往返.mp4,2096,True,0.8262566328048706,274.46160888671875,41.84716033935547,300.267578125,62.81230545043945
normal,C:\Users\Light\Videos\正常往返.mp4,2097,True,0.8263235688209534,274.461181640625,41.8444938659668,300.263916015625,62.8084716796875
normal,C:\Users\Light\Videos\正常往返.mp4,2098,True,0.8276788592338562,278.3189392089844,41.1099853515625,304.6454772949219,62.726627349853516
normal,C:\Users\Light\Videos\正常往返.mp4,2099,True,0.8113569617271423,280.3857116699219,41.548980712890625,306.2416076660156,62.70968246459961
normal,C:\Users\Light\Videos\正常往返.mp4,2100,True,0.8113332390785217,280.3858337402344,41.54893493652344,306.241455078125,62.71004104614258
normal,C:\Users\Light\Videos\正常往返.mp4,2101,True,0.7544741630554199,282.404541015625,41.338985443115234,308.8982849121094,61.571903228759766
normal,C:\Users\Light\Videos\正常往返.mp4,2102,True,0.7615722417831421,282.4129638671875,41.33649826049805,308.8775329589844,61.58434295654297
normal,C:\Users\Light\Videos\正常往返.mp4,2103,True,0.7545483112335205,282.4043884277344,41.338111877441406,308.8984375,61.572776794433594
normal,C:\Users\Light\Videos\正常往返.mp4,2104,True,0.7991727590560913,283.2607421875,40.59340286254883,310.3630065917969,61.961952209472656
normal,C:\Users\Light\Videos\正常往返.mp4,2105,True,0.7999181151390076,283.243408203125,40.59257507324219,310.34759521484375,61.96968460083008
normal,C:\Users\Light\Videos\正常往返.mp4,2106,True,0.8553669452667236,284.8677978515625,41.67020034790039,311.1773986816406,62.43978500366211
normal,C:\Users\Light\Videos\正常往返.mp4,2107,True,0.8539085984230042,284.8891906738281,41.667938232421875,311.1903076171875,62.44016647338867
normal,C:\Users\Light\Videos\正常往返.mp4,2108,True,0.8126388192176819,285.7300720214844,41.182037353515625,311.2748107910156,62.15713119506836
normal,C:\Users\Light\Videos\正常往返.mp4,2109,True,0.8126160502433777,285.7251281738281,41.18087387084961,311.2757873535156,62.16537857055664
normal,C:\Users\Light\Videos\正常往返.mp4,2110,True,0.8242901563644409,285.325439453125,41.18936538696289,311.09112548828125,61.97463607788086
normal,C:\Users\Light\Videos\正常往返.mp4,2111,True,0.8242813348770142,285.3263854980469,41.187889099121094,311.088623046875,61.96894454956055
normal,C:\Users\Light\Videos\正常往返.mp4,2112,True,0.8499492406845093,283.48138427734375,41.56852340698242,310.4966125488281,62.44191360473633
normal,C:\Users\Light\Videos\正常往返.mp4,2113,True,0.8528014421463013,283.4693298339844,41.58111572265625,310.40850830078125,62.47127151489258
normal,C:\Users\Light\Videos\正常往返.mp4,2114,True,0.7929062843322754,283.5018310546875,40.91859436035156,309.6806335449219,61.8135871887207
normal,C:\Users\Light\Videos\正常往返.mp4,2115,True,0.7920628786087036,283.4911193847656,40.896785736083984,309.6773986816406,61.81195068359375
normal,C:\Users\Light\Videos\正常往返.mp4,2116,True,0.7866613268852234,282.1014099121094,40.82139587402344,307.64752197265625,61.87739181518555
normal,C:\Users\Light\Videos\正常往返.mp4,2117,True,0.7863277792930603,282.12982177734375,40.817562103271484,307.6695251464844,61.85047912597656
normal,C:\Users\Light\Videos\正常往返.mp4,2118,True,0.8322758078575134,280.0833435058594,41.581947326660156,305.96917724609375,62.430416107177734
normal,C:\Users\Light\Videos\正常往返.mp4,2119,True,0.8311205506324768,280.0765380859375,41.60664367675781,305.9898681640625,62.46555709838867
normal,C:\Users\Light\Videos\正常往返.mp4,2120,True,0.8186367154121399,277.7275085449219,41.272422790527344,304.12445068359375,62.65370178222656
normal,C:\Users\Light\Videos\正常往返.mp4,2121,True,0.8174351453781128,277.71978759765625,41.26908493041992,304.1233215332031,62.645877838134766
normal,C:\Users\Light\Videos\正常往返.mp4,2122,True,0.7938655018806458,274.80511474609375,41.62076187133789,300.4224548339844,62.58832550048828
normal,C:\Users\Light\Videos\正常往返.mp4,2123,True,0.7938872575759888,274.803466796875,41.619998931884766,300.4234313964844,62.59025192260742
normal,C:\Users\Light\Videos\正常往返.mp4,2124,True,0.7709961533546448,272.2430419921875,41.71421813964844,298.29925537109375,62.04615020751953
normal,C:\Users\Light\Videos\正常往返.mp4,2125,True,0.8223207592964172,268.4252624511719,41.852294921875,293.98681640625,62.34402084350586
normal,C:\Users\Light\Videos\正常往返.mp4,2126,True,0.8225692510604858,268.4236755371094,41.83768081665039,293.9884948730469,62.34881591796875
normal,C:\Users\Light\Videos\正常往返.mp4,2127,True,0.8223233819007874,268.4252014160156,41.85222625732422,293.9869079589844,62.34413146972656
normal,C:\Users\Light\Videos\正常往返.mp4,2128,True,0.7157750129699707,264.6219482421875,41.38631820678711,289.5497131347656,61.88306427001953
normal,C:\Users\Light\Videos\正常往返.mp4,2129,True,0.7154398560523987,264.6167907714844,41.39012908935547,289.5523986816406,61.88180923461914
normal,C:\Users\Light\Videos\正常往返.mp4,2130,True,0.8039321303367615,259.966064453125,41.88180923461914,285.61962890625,62.533912658691406
normal,C:\Users\Light\Videos\正常往返.mp4,2131,True,0.8052067160606384,259.9726867675781,41.887725830078125,285.6263732910156,62.54341506958008
normal,C:\Users\Light\Videos\正常往返.mp4,2132,True,0.8437875509262085,255.31082153320312,41.8502082824707,281.24896240234375,62.372100830078125
normal,C:\Users\Light\Videos\正常往返.mp4,2133,True,0.8438535332679749,255.3114776611328,41.8511962890625,281.2484130859375,62.373130798339844
normal,C:\Users\Light\Videos\正常往返.mp4,2134,True,0.7487654089927673,250.2962646484375,42.16305160522461,275.8380432128906,61.444923400878906
normal,C:\Users\Light\Videos\正常往返.mp4,2135,True,0.7490897178649902,250.2859649658203,42.17548751831055,275.8354187011719,61.44512176513672
normal,C:\Users\Light\Videos\正常往返.mp4,2136,True,0.8456199765205383,244.26976013183594,42.041290283203125,269.8069152832031,62.80992889404297
normal,C:\Users\Light\Videos\正常往返.mp4,2137,True,0.8456699252128601,244.26344299316406,42.02701187133789,269.826904296875,62.81120681762695
normal,C:\Users\Light\Videos\正常往返.mp4,2138,True,0.8528246879577637,238.16090393066406,42.198482513427734,263.9803466796875,62.659637451171875
normal,C:\Users\Light\Videos\正常往返.mp4,2139,True,0.8528342247009277,238.16110229492188,42.1977653503418,263.98138427734375,62.65977478027344
normal,C:\Users\Light\Videos\正常往返.mp4,2140,True,0.6924386620521545,233.18019104003906,43.15237808227539,258.3238830566406,61.2970085144043
normal,C:\Users\Light\Videos\正常往返.mp4,2141,True,0.6940696239471436,233.17691040039062,43.14715576171875,258.3211975097656,61.31536102294922
normal,C:\Users\Light\Videos\正常往返.mp4,2142,True,0.7903746366500854,226.9224853515625,43.7685546875,252.50401306152344,62.61309051513672
normal,C:\Users\Light\Videos\正常往返.mp4,2143,True,0.7895827293395996,226.88783264160156,43.77348327636719,252.51849365234375,62.617305755615234
normal,C:\Users\Light\Videos\正常往返.mp4,2144,True,0.7656755447387695,221.53424072265625,42.65410614013672,246.3791961669922,62.48420333862305
normal,C:\Users\Light\Videos\正常往返.mp4,2145,True,0.765606164932251,221.53973388671875,42.653656005859375,246.38015747070312,62.4837532043457
normal,C:\Users\Light\Videos\正常往返.mp4,2146,True,0.6363404393196106,215.38002014160156,40.855751037597656,242.55296325683594,61.58257293701172
normal,C:\Users\Light\Videos\正常往返.mp4,2147,True,0.596328854560852,210.7845916748047,41.767154693603516,236.06884765625,61.8262939453125
normal,C:\Users\Light\Videos\正常往返.mp4,2148,True,0.5947224497795105,210.7770233154297,41.7650032043457,236.07363891601562,61.82432174682617
normal,C:\Users\Light\Videos\正常往返.mp4,2149,True,0.5947319865226746,210.7770538330078,41.76506805419922,236.07359313964844,61.824302673339844
normal,C:\Users\Light\Videos\正常往返.mp4,2150,True,0.6438359618186951,205.9004669189453,43.05354309082031,230.14761352539062,62.908695220947266
normal,C:\Users\Light\Videos\正常往返.mp4,2151,True,0.6437331438064575,205.9008026123047,43.05811309814453,230.14248657226562,62.914031982421875
normal,C:\Users\Light\Videos\正常往返.mp4,2152,True,0.6790950298309326,200.59356689453125,43.013404846191406,227.17880249023438,63.04610061645508
normal,C:\Users\Light\Videos\正常往返.mp4,2153,True,0.6831343770027161,200.60385131835938,43.014949798583984,227.15171813964844,63.04527282714844
normal,C:\Users\Light\Videos\正常往返.mp4,2154,True,0.8198873400688171,195.9206085205078,43.357486724853516,222.21673583984375,63.41595458984375
normal,C:\Users\Light\Videos\正常往返.mp4,2155,True,0.8217597007751465,195.93655395507812,43.35062789916992,222.2067413330078,63.40004348754883
normal,C:\Users\Light\Videos\正常往返.mp4,2156,True,0.8448135852813721,191.70858764648438,42.83982849121094,216.64439392089844,62.94034194946289
normal,C:\Users\Light\Videos\正常往返.mp4,2157,True,0.8446716666221619,191.70700073242188,42.838417053222656,216.65078735351562,62.94336700439453
normal,C:\Users\Light\Videos\正常往返.mp4,2158,True,0.7190243005752563,187.1757354736328,43.420753479003906,213.02462768554688,63.9650993347168
normal,C:\Users\Light\Videos\正常往返.mp4,2159,True,0.7194642424583435,187.17904663085938,43.4175910949707,213.0292205810547,63.96091079711914
normal,C:\Users\Light\Videos\正常往返.mp4,2160,True,0.8567164540290833,184.17713928222656,42.74798583984375,209.7215118408203,63.5416374206543
normal,C:\Users\Light\Videos\正常往返.mp4,2161,True,0.8566681742668152,184.17788696289062,42.74673080444336,209.7227020263672,63.545894622802734
normal,C:\Users\Light\Videos\正常往返.mp4,2162,True,0.8331576585769653,180.09620666503906,42.74348068237305,205.3415985107422,62.91024398803711
normal,C:\Users\Light\Videos\正常往返.mp4,2163,True,0.832679033279419,180.0990447998047,42.7427864074707,205.34645080566406,62.9105339050293
normal,C:\Users\Light\Videos\正常往返.mp4,2164,True,0.6922305822372437,176.5937957763672,43.5770263671875,203.11830139160156,63.598876953125
normal,C:\Users\Light\Videos\正常往返.mp4,2165,True,0.6945056915283203,176.59466552734375,43.57084274291992,203.09616088867188,63.61555099487305
normal,C:\Users\Light\Videos\正常往返.mp4,2166,True,0.845635175704956,173.6267852783203,43.27128982543945,198.25962829589844,63.870277404785156
normal,C:\Users\Light\Videos\正常往返.mp4,2167,True,0.8457677364349365,173.6190643310547,43.27471923828125,198.2571258544922,63.869224548339844
normal,C:\Users\Light\Videos\正常往返.mp4,2168,True,0.7252973318099976,171.06825256347656,43.69170379638672,195.9427490234375,64.76692962646484
normal,C:\Users\Light\Videos\正常往返.mp4,2169,True,0.7253742814064026,171.0684356689453,43.68968963623047,195.94361877441406,64.7671127319336
normal,C:\Users\Light\Videos\正常往返.mp4,2170,True,0.8298271894454956,168.02464294433594,43.32951736450195,192.69935607910156,63.92652893066406
normal,C:\Users\Light\Videos\正常往返.mp4,2171,True,0.7300791144371033,165.88815307617188,43.707862854003906,190.63714599609375,64.8780746459961
normal,C:\Users\Light\Videos\正常往返.mp4,2172,True,0.7302204966545105,165.8892364501953,43.70817947387695,190.63800048828125,64.87731170654297
normal,C:\Users\Light\Videos\正常往返.mp4,2173,True,0.7302204966545105,165.8892364501953,43.70817947387695,190.63800048828125,64.87731170654297
normal,C:\Users\Light\Videos\正常往返.mp4,2174,True,0.7602242827415466,163.68707275390625,43.32599639892578,187.29971313476562,64.02977752685547
normal,C:\Users\Light\Videos\正常往返.mp4,2175,True,0.7610406875610352,163.6807098388672,43.32893371582031,187.29710388183594,64.02214050292969
normal,C:\Users\Light\Videos\正常往返.mp4,2176,True,0.8280845880508423,160.70291137695312,43.34242630004883,185.77169799804688,64.09345245361328
normal,C:\Users\Light\Videos\正常往返.mp4,2177,True,0.827140212059021,160.68572998046875,43.358402252197266,185.76812744140625,64.11772155761719
normal,C:\Users\Light\Videos\正常往返.mp4,2178,True,0.7240040898323059,158.92498779296875,43.50484085083008,184.01669311523438,64.57159423828125
normal,C:\Users\Light\Videos\正常往返.mp4,2179,True,0.7239350080490112,158.9290313720703,43.50082778930664,184.0110626220703,64.56014251708984
normal,C:\Users\Light\Videos\正常往返.mp4,2180,True,0.8172903060913086,157.13015747070312,43.166629791259766,181.49803161621094,63.50129699707031
normal,C:\Users\Light\Videos\正常往返.mp4,2181,True,0.8173680901527405,157.13064575195312,43.167572021484375,181.49717712402344,63.50017547607422
normal,C:\Users\Light\Videos\正常往返.mp4,2182,True,0.8332316279411316,155.75877380371094,43.36328887939453,180.35195922851562,64.13251495361328
normal,C:\Users\Light\Videos\正常往返.mp4,2183,True,0.833263635635376,155.75070190429688,43.35770797729492,180.3563232421875,64.11433410644531
normal,C:\Users\Light\Videos\正常往返.mp4,2184,True,0.7695119976997375,154.0974578857422,43.08881759643555,179.70411682128906,63.87310028076172
normal,C:\Users\Light\Videos\正常往返.mp4,2185,True,0.769209623336792,154.11521911621094,43.09572219848633,179.7285919189453,63.883140563964844
normal,C:\Users\Light\Videos\正常往返.mp4,2186,True,0.7215608954429626,153.1070098876953,42.694400787353516,178.0621337890625,64.30162811279297
normal,C:\Users\Light\Videos\正常往返.mp4,2187,True,0.7214651107788086,153.1067352294922,42.69451141357422,178.06320190429688,64.30335235595703
normal,C:\Users\Light\Videos\正常往返.mp4,2188,True,0.7303577661514282,152.2421112060547,42.55372619628906,177.49041748046875,64.06974029541016
normal,C:\Users\Light\Videos\正常往返.mp4,2189,True,0.728802502155304,152.20909118652344,42.58781051635742,177.44790649414062,64.07316589355469
normal,C:\Users\Light\Videos\正常往返.mp4,2190,True,0.7549768090248108,152.32290649414062,42.45390319824219,176.1149139404297,63.16355895996094
normal,C:\Users\Light\Videos\正常往返.mp4,2191,True,0.7551891207695007,152.328125,42.46002197265625,176.10687255859375,63.1561393737793
normal,C:\Users\Light\Videos\正常往返.mp4,2192,True,0.7726391553878784,152.39892578125,42.71367263793945,175.93548583984375,63.32108688354492
normal,C:\Users\Light\Videos\正常往返.mp4,2193,True,0.7709976434707642,152.41854858398438,42.72956466674805,175.9241943359375,63.33186721801758
normal,C:\Users\Light\Videos\正常往返.mp4,2194,True,0.7577463388442993,152.4099578857422,42.691619873046875,175.98178100585938,63.48406219482422
normal,C:\Users\Light\Videos\正常往返.mp4,2195,True,0.757172167301178,152.42250061035156,42.693973541259766,175.98898315429688,63.477630615234375
normal,C:\Users\Light\Videos\正常往返.mp4,2196,True,0.764461100101471,152.3874053955078,42.629093170166016,175.9768829345703,63.36671829223633
normal,C:\Users\Light\Videos\正常往返.mp4,2197,True,0.7644357085227966,152.38926696777344,42.63142395019531,175.9745635986328,63.365013122558594
normal,C:\Users\Light\Videos\正常往返.mp4,2198,True,0.7664394974708557,152.455322265625,42.515220642089844,176.0200653076172,63.29179763793945
normal,C:\Users\Light\Videos\正常往返.mp4,2199,True,0.7664933800697327,152.448486328125,42.4959716796875,176.0218048095703,63.253047943115234
normal,C:\Users\Light\Videos\正常往返.mp4,2200,True,0.761969268321991,152.43653869628906,42.546173095703125,175.9423370361328,63.36183166503906
normal,C:\Users\Light\Videos\正常往返.mp4,2201,True,0.7617180943489075,152.43887329101562,42.53687286376953,175.94430541992188,63.34199905395508
normal,C:\Users\Light\Videos\正常往返.mp4,2202,True,0.7639942169189453,152.49363708496094,42.33140563964844,176.14292907714844,63.116851806640625
normal,C:\Users\Light\Videos\正常往返.mp4,2203,True,0.7635083794593811,152.4973602294922,42.332366943359375,176.14527893066406,63.11310958862305
normal,C:\Users\Light\Videos\正常往返.mp4,2204,True,0.7494786977767944,152.50399780273438,42.432884216308594,176.13595581054688,62.88673400878906
normal,C:\Users\Light\Videos\正常往返.mp4,2205,True,0.7492148280143738,152.49935913085938,42.43682861328125,176.13333129882812,62.89296340942383
normal,C:\Users\Light\Videos\正常往返.mp4,2206,True,0.7486768960952759,152.3416290283203,42.72122573852539,177.62782287597656,63.86722946166992
normal,C:\Users\Light\Videos\正常往返.mp4,2207,True,0.7491540312767029,152.3494415283203,42.71024703979492,177.64517211914062,63.86588668823242
normal,C:\Users\Light\Videos\正常往返.mp4,2208,True,0.7204239964485168,152.92481994628906,42.52127456665039,178.0160675048828,64.20012664794922
normal,C:\Users\Light\Videos\正常往返.mp4,2209,True,0.719222903251648,152.9199676513672,42.503299713134766,178.0038604736328,64.20416259765625
normal,C:\Users\Light\Videos\正常往返.mp4,2210,True,0.7938818335533142,154.26443481445312,43.05574035644531,179.3702850341797,64.0313720703125
normal,C:\Users\Light\Videos\正常往返.mp4,2211,True,0.7945314049720764,154.2667236328125,43.05654525756836,179.3780975341797,64.02352905273438
normal,C:\Users\Light\Videos\正常往返.mp4,2212,True,0.8182662725448608,155.0553436279297,43.21580123901367,179.94451904296875,64.24382781982422
normal,C:\Users\Light\Videos\正常往返.mp4,2213,True,0.8188086152076721,155.05430603027344,43.21815490722656,179.95582580566406,64.2373046875
normal,C:\Users\Light\Videos\正常往返.mp4,2214,True,0.8261111378669739,156.70767211914062,43.31539535522461,180.86851501464844,63.80537414550781
normal,C:\Users\Light\Videos\正常往返.mp4,2215,True,0.8251828551292419,156.71432495117188,43.313289642333984,180.87698364257812,63.824066162109375
normal,C:\Users\Light\Videos\正常往返.mp4,2216,True,0.7480794191360474,158.4486541748047,43.24802780151367,181.58778381347656,63.711917877197266
normal,C:\Users\Light\Videos\正常往返.mp4,2217,True,0.7487073540687561,158.4469757080078,43.249732971191406,181.58299255371094,63.70819854736328
normal,C:\Users\Light\Videos\正常往返.mp4,2218,True,0.7755621671676636,158.82289123535156,43.12519073486328,184.2530517578125,63.82453536987305
normal,C:\Users\Light\Videos\正常往返.mp4,2219,True,0.774547815322876,158.82089233398438,43.14056396484375,184.251220703125,63.82632827758789
normal,C:\Users\Light\Videos\正常往返.mp4,2220,True,0.8299372792243958,160.6678466796875,43.225257873535156,185.5586700439453,63.886592864990234
normal,C:\Users\Light\Videos\正常往返.mp4,2221,True,0.8298101425170898,160.6720733642578,43.22689437866211,185.55738830566406,63.88943862915039
normal,C:\Users\Light\Videos\正常往返.mp4,2222,True,0.8288890719413757,162.24942016601562,43.451210021972656,186.64291381835938,64.03971099853516
normal,C:\Users\Light\Videos\正常往返.mp4,2223,True,0.8287778496742249,162.25457763671875,43.446434020996094,186.63844299316406,64.04959106445312
normal,C:\Users\Light\Videos\正常往返.mp4,2224,True,0.7611833810806274,164.06590270996094,43.04085922241211,187.8182830810547,63.55840301513672
normal,C:\Users\Light\Videos\正常往返.mp4,2225,True,0.7613154053688049,164.0650634765625,43.037899017333984,187.8210906982422,63.55817794799805
normal,C:\Users\Light\Videos\正常往返.mp4,2226,True,0.7725762128829956,165.5879669189453,43.03810119628906,190.6913604736328,64.1007308959961
normal,C:\Users\Light\Videos\正常往返.mp4,2227,True,0.7717310190200806,165.59234619140625,43.049686431884766,190.6852264404297,64.12195587158203
normal,C:\Users\Light\Videos\正常往返.mp4,2228,True,0.8089303970336914,167.32150268554688,43.20499801635742,192.08351135253906,64.30595397949219
normal,C:\Users\Light\Videos\正常往返.mp4,2229,True,0.8092847466468811,167.3190460205078,43.20351791381836,192.08963012695312,64.30550384521484
normal,C:\Users\Light\Videos\正常往返.mp4,2230,True,0.7426978349685669,169.6337127685547,43.67601776123047,192.8214874267578,64.23883056640625
normal,C:\Users\Light\Videos\正常往返.mp4,2231,True,0.7429109215736389,169.63278198242188,43.675682067871094,192.8218231201172,64.23970794677734
normal,C:\Users\Light\Videos\正常往返.mp4,2232,True,0.7373338341712952,171.58819580078125,43.18388748168945,195.84378051757812,64.72128295898438
normal,C:\Users\Light\Videos\正常往返.mp4,2233,True,0.7372174263000488,171.58566284179688,43.18142318725586,195.8464813232422,64.7236099243164
normal,C:\Users\Light\Videos\正常往返.mp4,2234,True,0.8588662147521973,172.27609252929688,43.089019775390625,197.82623291015625,63.715572357177734
normal,C:\Users\Light\Videos\正常往返.mp4,2235,True,0.8590400815010071,172.2678680419922,43.08794403076172,197.82974243164062,63.71332931518555
normal,C:\Users\Light\Videos\正常往返.mp4,2236,True,0.8230831027030945,174.70021057128906,43.22431564331055,199.11585998535156,63.343746185302734
normal,C:\Users\Light\Videos\正常往返.mp4,2237,True,0.8228594660758972,174.7064971923828,43.227970123291016,199.1107940673828,63.34717559814453
normal,C:\Users\Light\Videos\正常往返.mp4,2238,True,0.6978021860122681,176.75732421875,43.14298629760742,202.8399200439453,63.174964904785156
normal,C:\Users\Light\Videos\正常往返.mp4,2239,True,0.699069082736969,176.7609100341797,43.13426971435547,202.85816955566406,63.17624282836914
normal,C:\Users\Light\Videos\正常往返.mp4,2240,True,0.8451077938079834,179.01136779785156,43.06243896484375,204.94200134277344,63.210330963134766
normal,C:\Users\Light\Videos\正常往返.mp4,2241,True,0.8447548151016235,179.0065155029297,43.07229995727539,204.94175720214844,63.20521926879883
normal,C:\Users\Light\Videos\正常往返.mp4,2242,True,0.8447548151016235,179.0065155029297,43.07229995727539,204.94175720214844,63.20521926879883
normal,C:\Users\Light\Videos\正常往返.mp4,2243,True,0.7819105982780457,181.35202026367188,43.01351547241211,205.5469512939453,62.96638488769531
normal,C:\Users\Light\Videos\正常往返.mp4,2244,True,0.8567821979522705,184.25840759277344,42.63456344604492,209.3344268798828,63.44883346557617
normal,C:\Users\Light\Videos\正常往返.mp4,2245,True,0.8569136261940002,184.26766967773438,42.634742736816406,209.3458709716797,63.452598571777344
normal,C:\Users\Light\Videos\正常往返.mp4,2246,True,0.7836148738861084,186.79989624023438,43.01528549194336,210.84625244140625,63.498897552490234
normal,C:\Users\Light\Videos\正常往返.mp4,2247,True,0.7838382720947266,186.79672241210938,43.0135383605957,210.84898376464844,63.49782180786133
normal,C:\Users\Light\Videos\正常往返.mp4,2248,True,0.7378017902374268,188.73023986816406,43.42975997924805,215.5872802734375,63.751922607421875
normal,C:\Users\Light\Videos\正常往返.mp4,2249,True,0.734464168548584,188.7233123779297,43.42368698120117,215.63064575195312,63.729042053222656
normal,C:\Users\Light\Videos\正常往返.mp4,2250,True,0.8528842329978943,191.6464385986328,43.37924575805664,216.3478240966797,63.375770568847656
normal,C:\Users\Light\Videos\正常往返.mp4,2251,True,0.8529751300811768,191.64637756347656,43.378013610839844,216.34866333007812,63.37601852416992
normal,C:\Users\Light\Videos\正常往返.mp4,2252,True,0.6884480118751526,194.90489196777344,43.000179290771484,219.5643768310547,64.05913543701172
normal,C:\Users\Light\Videos\正常往返.mp4,2253,True,0.6935672760009766,194.92535400390625,42.93388748168945,219.56520080566406,64.05308532714844
normal,C:\Users\Light\Videos\正常往返.mp4,2254,True,0.846021294593811,197.84840393066406,42.897335052490234,222.65248107910156,63.31770324707031
normal,C:\Users\Light\Videos\正常往返.mp4,2255,True,0.8460216522216797,197.84591674804688,42.89507293701172,222.65545654296875,63.319786071777344
normal,C:\Users\Light\Videos\正常往返.mp4,2256,True,0.773052990436554,200.16502380371094,42.68133544921875,225.52220153808594,63.356204986572266
normal,C:\Users\Light\Videos\正常往返.mp4,2257,True,0.7752580046653748,200.185546875,42.672752380371094,225.49679565429688,63.36806106567383
normal,C:\Users\Light\Videos\正常往返.mp4,2258,True,0.8319398164749146,203.81800842285156,43.442222595214844,227.89366149902344,63.60449981689453
normal,C:\Users\Light\Videos\正常往返.mp4,2259,True,0.8318922519683838,203.8224639892578,43.445247650146484,227.887451171875,63.60752868652344
normal,C:\Users\Light\Videos\正常往返.mp4,2260,True,0.6471179723739624,206.7126007080078,43.33523178100586,231.45114135742188,63.817588806152344
normal,C:\Users\Light\Videos\正常往返.mp4,2261,True,0.648493766784668,206.73255920410156,43.331085205078125,231.4725341796875,63.825321197509766
normal,C:\Users\Light\Videos\正常往返.mp4,2262,True,0.8020385503768921,210.30917358398438,43.017234802246094,235.14230346679688,63.18027877807617
normal,C:\Users\Light\Videos\正常往返.mp4,2263,True,0.8029974102973938,210.31346130371094,43.006858825683594,235.13124084472656,63.168243408203125
normal,C:\Users\Light\Videos\正常往返.mp4,2264,True,0.8251769542694092,212.7801055908203,42.71333694458008,239.0596923828125,63.14567565917969
normal,C:\Users\Light\Videos\正常往返.mp4,2265,True,0.8243935704231262,212.7718505859375,42.73285675048828,239.0684356689453,63.14901351928711
normal,C:\Users\Light\Videos\正常往返.mp4,2266,True,0.8251523375511169,212.78013610839844,42.71371841430664,239.05960083007812,63.1457405090332
normal,C:\Users\Light\Videos\正常往返.mp4,2267,True,0.6798681020736694,217.2976837158203,41.4587516784668,242.13412475585938,62.8829231262207
normal,C:\Users\Light\Videos\正常往返.mp4,2268,True,0.8315249085426331,219.3278045654297,43.26324462890625,245.26866149902344,63.793338775634766
normal,C:\Users\Light\Videos\正常往返.mp4,2269,True,0.8313684463500977,219.31256103515625,43.27413558959961,245.27291870117188,63.78513717651367
normal,C:\Users\Light\Videos\正常往返.mp4,2270,True,0.584666907787323,223.89111328125,43.43379592895508,247.27713012695312,63.079402923583984
normal,C:\Users\Light\Videos\正常往返.mp4,2271,True,0.5873304605484009,223.85398864746094,43.43850326538086,247.23023986816406,63.075504302978516
normal,C:\Users\Light\Videos\正常往返.mp4,2272,True,0.829448401927948,226.74533081054688,43.57200622558594,252.01693725585938,63.295291900634766
normal,C:\Users\Light\Videos\正常往返.mp4,2273,True,0.8292496204376221,226.83755493164062,43.5230827331543,251.98411560058594,63.3201904296875
normal,C:\Users\Light\Videos\正常往返.mp4,2274,True,0.6404379606246948,229.77256774902344,42.83160400390625,254.89437866210938,63.926551818847656
normal,C:\Users\Light\Videos\正常往返.mp4,2275,True,0.6327922940254211,229.75645446777344,42.808406829833984,254.909912109375,63.92729187011719
normal,C:\Users\Light\Videos\正常往返.mp4,2276,True,0.7992869019508362,233.1328125,43.45356369018555,258.11279296875,62.68939971923828
normal,C:\Users\Light\Videos\正常往返.mp4,2277,True,0.7978999018669128,233.15272521972656,43.448543548583984,258.1294250488281,62.66165542602539
normal,C:\Users\Light\Videos\正常往返.mp4,2278,True,0.8127484321594238,235.70066833496094,42.77748107910156,261.13189697265625,63.142269134521484
normal,C:\Users\Light\Videos\正常往返.mp4,2279,True,0.814206063747406,235.7076416015625,42.74345779418945,261.1497802734375,63.14607620239258
normal,C:\Users\Light\Videos\正常往返.mp4,2280,True,0.8463062644004822,238.25868225097656,43.069522857666016,264.24603271484375,62.930904388427734
normal,C:\Users\Light\Videos\正常往返.mp4,2281,True,0.8461644649505615,238.25758361816406,43.06889343261719,264.2483825683594,62.93202590942383
normal,C:\Users\Light\Videos\正常往返.mp4,2282,True,0.7716560363769531,241.26918029785156,42.02739334106445,266.2183837890625,62.65789031982422
normal,C:\Users\Light\Videos\正常往返.mp4,2283,True,0.7713754773139954,241.27305603027344,42.021095275878906,266.2177429199219,62.65504455566406
normal,C:\Users\Light\Videos\正常往返.mp4,2284,True,0.8418833017349243,242.85511779785156,42.60798263549805,268.09259033203125,63.31163024902344
normal,C:\Users\Light\Videos\正常往返.mp4,2285,True,0.8417894840240479,242.86407470703125,42.60997772216797,268.09393310546875,63.33791732788086
normal,C:\Users\Light\Videos\正常往返.mp4,2286,True,0.8611040711402893,243.7986297607422,42.46757507324219,269.8702087402344,62.97606658935547
normal,C:\Users\Light\Videos\正常往返.mp4,2287,True,0.8611148595809937,243.799560546875,42.467506408691406,269.87030029296875,62.97622299194336
normal,C:\Users\Light\Videos\正常往返.mp4,2288,True,0.8611148595809937,243.799560546875,42.467506408691406,269.87030029296875,62.97622299194336
normal,C:\Users\Light\Videos\正常往返.mp4,2289,True,0.8388196229934692,244.91978454589844,41.968833923339844,270.4537048339844,62.68695831298828
normal,C:\Users\Light\Videos\正常往返.mp4,2290,True,0.8385766744613647,244.924072265625,41.96999740600586,270.4551696777344,62.68834686279297
normal,C:\Users\Light\Videos\正常往返.mp4,2291,True,0.8308484554290771,245.3190155029297,42.02064895629883,270.2948913574219,62.63590621948242
normal,C:\Users\Light\Videos\正常往返.mp4,2292,True,0.8253608345985413,245.17724609375,42.03140640258789,270.1878967285156,62.63751983642578
normal,C:\Users\Light\Videos\正常往返.mp4,2293,True,0.8253341317176819,245.17723083496094,42.03313064575195,270.1888122558594,62.638797760009766
normal,C:\Users\Light\Videos\正常往返.mp4,2294,True,0.8428030014038086,244.62501525878906,41.99368667602539,270.0809020996094,62.65605163574219
normal,C:\Users\Light\Videos\正常往返.mp4,2295,True,0.8437413573265076,244.6210174560547,41.99969482421875,270.0778503417969,62.66649627685547
normal,C:\Users\Light\Videos\正常往返.mp4,2296,True,0.8462274074554443,243.94935607910156,42.054176330566406,269.7479553222656,62.951412200927734
normal,C:\Users\Light\Videos\正常往返.mp4,2297,True,0.847004234790802,243.93670654296875,42.06148147583008,269.7474060058594,62.96454620361328
normal,C:\Users\Light\Videos\正常往返.mp4,2298,True,0.8335008025169373,242.60047912597656,42.36497497558594,267.7331848144531,63.20658874511719
normal,C:\Users\Light\Videos\正常往返.mp4,2299,True,0.8333647847175598,242.59100341796875,42.365692138671875,267.7298583984375,63.209861755371094
normal,C:\Users\Light\Videos\正常往返.mp4,2300,True,0.7605258226394653,240.94244384765625,41.9417610168457,266.0179138183594,62.81582260131836
normal,C:\Users\Light\Videos\正常往返.mp4,2301,True,0.760784924030304,240.92335510253906,41.9485969543457,266.01654052734375,62.8485221862793
normal,C:\Users\Light\Videos\正常往返.mp4,2302,True,0.8510664701461792,238.38490295410156,42.282257080078125,264.0520935058594,62.814186096191406
normal,C:\Users\Light\Videos\正常往返.mp4,2303,True,0.8518424034118652,238.3714141845703,42.29789733886719,264.0475158691406,62.824764251708984
normal,C:\Users\Light\Videos\正常往返.mp4,2304,True,0.8373880982398987,236.22872924804688,42.41770935058594,261.6305236816406,63.10194778442383
normal,C:\Users\Light\Videos\正常往返.mp4,2305,True,0.8356921672821045,236.24078369140625,42.41419219970703,261.619140625,63.112369537353516
normal,C:\Users\Light\Videos\正常往返.mp4,2306,True,0.7933219075202942,233.44979858398438,41.8491325378418,258.54925537109375,62.351078033447266
normal,C:\Users\Light\Videos\正常往返.mp4,2307,True,0.7952066659927368,233.4254608154297,41.85825729370117,258.5442810058594,62.353477478027344
normal,C:\Users\Light\Videos\正常往返.mp4,2308,True,0.739215612411499,229.2605743408203,42.78767776489258,255.5498046875,62.89208984375
normal,C:\Users\Light\Videos\正常往返.mp4,2309,True,0.739215612411499,229.2605743408203,42.78767776489258,255.5498046875,62.89208984375
normal,C:\Users\Light\Videos\正常往返.mp4,2310,True,0.7393196225166321,229.2627410888672,42.78888702392578,255.54891967773438,62.89016342163086
normal,C:\Users\Light\Videos\正常往返.mp4,2311,True,0.8480628132820129,226.52938842773438,42.531044006347656,252.16600036621094,63.02133560180664
normal,C:\Users\Light\Videos\正常往返.mp4,2312,True,0.8483468890190125,226.52650451660156,42.52674102783203,252.15338134765625,63.02971649169922
normal,C:\Users\Light\Videos\正常往返.mp4,2313,True,0.6779996156692505,222.8492889404297,43.17620086669922,247.30755615234375,62.809391021728516
normal,C:\Users\Light\Videos\正常往返.mp4,2314,True,0.6791011691093445,222.84564208984375,43.17931365966797,247.3009490966797,62.81044387817383
normal,C:\Users\Light\Videos\正常往返.mp4,2315,True,0.7931220531463623,217.7782745361328,41.245262145996094,243.57427978515625,62.07871627807617
normal,C:\Users\Light\Videos\正常往返.mp4,2316,True,0.816393256187439,212.7476043701172,40.47841262817383,239.60092163085938,61.99007797241211
normal,C:\Users\Light\Videos\正常往返.mp4,2317,True,0.8162871599197388,212.7474822998047,40.47345733642578,239.60166931152344,61.98516845703125
normal,C:\Users\Light\Videos\正常往返.mp4,2318,True,0.6616203188896179,208.45916748046875,43.00804901123047,235.75103759765625,62.57696533203125
normal,C:\Users\Light\Videos\正常往返.mp4,2319,True,0.6635215282440186,208.46481323242188,43.005916595458984,235.74391174316406,62.58232116699219
normal,C:\Users\Light\Videos\正常往返.mp4,2320,True,0.8208121657371521,203.8634796142578,42.086917877197266,228.65396118164062,61.908992767333984
normal,C:\Users\Light\Videos\正常往返.mp4,2321,True,0.8209853172302246,203.8623504638672,42.08400344848633,228.65423583984375,61.91396713256836
normal,C:\Users\Light\Videos\正常往返.mp4,2322,True,0.6624804735183716,198.96224975585938,42.046287536621094,224.3223876953125,61.95316696166992
normal,C:\Users\Light\Videos\正常往返.mp4,2323,True,0.6630113124847412,198.97802734375,42.02288818359375,224.3319854736328,61.94707107543945
normal,C:\Users\Light\Videos\正常往返.mp4,2324,True,0.7221412062644958,193.3373565673828,42.83637619018555,217.98544311523438,62.62479019165039
normal,C:\Users\Light\Videos\正常往返.mp4,2325,True,0.7218739986419678,193.33143615722656,42.83404541015625,217.9685516357422,62.615779876708984
normal,C:\Users\Light\Videos\正常往返.mp4,2326,True,0.6401836276054382,188.694580078125,42.992740631103516,214.09048461914062,63.961021423339844
normal,C:\Users\Light\Videos\正常往返.mp4,2327,True,0.638917088508606,188.71853637695312,43.00856399536133,214.10597229003906,63.96281433105469
normal,C:\Users\Light\Videos\正常往返.mp4,2328,True,0.778874933719635,182.3523406982422,42.74895095825195,209.220703125,63.40212631225586
normal,C:\Users\Light\Videos\正常往返.mp4,2329,True,0.7777056097984314,182.36082458496094,42.7624626159668,209.24880981445312,63.407440185546875
normal,C:\Users\Light\Videos\正常往返.mp4,2330,True,0.6205117702484131,177.61953735351562,42.62189865112305,203.01124572753906,63.384220123291016
normal,C:\Users\Light\Videos\正常往返.mp4,2331,True,0.6198896169662476,177.62171936035156,42.624813079833984,203.01905822753906,63.384891510009766
normal,C:\Users\Light\Videos\正常往返.mp4,2332,True,0.6568448543548584,171.29844665527344,43.298274993896484,196.20843505859375,64.21245574951172
normal,C:\Users\Light\Videos\正常往返.mp4,2333,True,0.6568448543548584,171.29844665527344,43.298274993896484,196.20843505859375,64.21245574951172
normal,C:\Users\Light\Videos\正常往返.mp4,2334,True,0.6553806662559509,171.28335571289062,43.31013107299805,196.203857421875,64.21556854248047
normal,C:\Users\Light\Videos\正常往返.mp4,2335,True,0.7054322957992554,164.58639526367188,43.105133056640625,190.96536254882812,63.57364273071289
normal,C:\Users\Light\Videos\正常往返.mp4,2336,True,0.7038432955741882,164.59329223632812,43.10811233520508,190.9934844970703,63.559635162353516
normal,C:\Users\Light\Videos\正常往返.mp4,2337,True,0.6314505338668823,158.3113250732422,43.24119186401367,182.93716430664062,63.32234191894531
normal,C:\Users\Light\Videos\正常往返.mp4,2338,True,0.6331309676170349,158.29376220703125,43.24567413330078,182.9304656982422,63.32938003540039
normal,C:\Users\Light\Videos\正常往返.mp4,2339,True,0.7002177834510803,151.2149658203125,42.47974395751953,176.6900634765625,63.685001373291016
normal,C:\Users\Light\Videos\正常往返.mp4,2340,True,0.7589367628097534,145.5347900390625,42.59300994873047,170.9255828857422,62.67348861694336
normal,C:\Users\Light\Videos\正常往返.mp4,2341,True,0.7588404417037964,145.53355407714844,42.59901809692383,170.92433166503906,62.675506591796875
normal,C:\Users\Light\Videos\正常往返.mp4,2342,True,0.7007978558540344,138.95957946777344,43.8077507019043,164.4481658935547,63.41041946411133
normal,C:\Users\Light\Videos\正常往返.mp4,2343,True,0.7024103403091431,138.97569274902344,43.80158996582031,164.44583129882812,63.425052642822266
normal,C:\Users\Light\Videos\正常往返.mp4,2344,True,0.6674060225486755,131.39093017578125,42.7966194152832,159.1766815185547,62.79511642456055
normal,C:\Users\Light\Videos\正常往返.mp4,2345,True,0.6711609363555908,131.3997039794922,42.799354553222656,159.16448974609375,62.792694091796875
normal,C:\Users\Light\Videos\正常往返.mp4,2346,True,0.4417572319507599,293.8796691894531,3.910477638244629,320.5035705566406,22.946104049682617
normal,C:\Users\Light\Videos\正常往返.mp4,2347,True,0.4433974325656891,293.89007568359375,3.9057936668395996,320.5085754394531,22.94502830505371
normal,C:\Users\Light\Videos\正常往返.mp4,2348,True,0.45486265420913696,293.66534423828125,4.025806427001953,320.46075439453125,23.010536193847656
normal,C:\Users\Light\Videos\正常往返.mp4,2349,True,0.45709797739982605,293.6733703613281,4.020102500915527,320.458740234375,23.011119842529297
normal,C:\Users\Light\Videos\正常往返.mp4,2350,True,0.466533362865448,114.67227172851562,44.17090606689453,141.89114379882812,62.12983322143555
normal,C:\Users\Light\Videos\正常往返.mp4,2351,True,0.4454174041748047,114.7104721069336,44.1895751953125,141.91722106933594,62.089202880859375
normal,C:\Users\Light\Videos\正常往返.mp4,2352,True,0.4182649850845337,110.52702331542969,43.925498962402344,136.30075073242188,63.32431411743164
normal,C:\Users\Light\Videos\正常往返.mp4,2353,True,0.42561498284339905,110.53741455078125,43.88338851928711,136.27655029296875,63.32496643066406
normal,C:\Users\Light\Videos\正常往返.mp4,2354,True,0.38435354828834534,293.5574645996094,4.316739082336426,320.527587890625,22.9819393157959
normal,C:\Users\Light\Videos\正常往返.mp4,2355,True,0.39190003275871277,293.5808410644531,4.300704002380371,320.5172424316406,22.976224899291992
normal,C:\Users\Light\Videos\正常往返.mp4,2356,True,0.384298175573349,293.557373046875,4.316952228546143,320.52752685546875,22.981849670410156
normal,C:\Users\Light\Videos\正常往返.mp4,2357,True,0.6020506620407104,102.51110076904297,44.66256332397461,129.43394470214844,63.1837043762207
normal,C:\Users\Light\Videos\正常往返.mp4,2358,True,0.602668285369873,102.51840209960938,44.673770904541016,129.43565368652344,63.1547966003418
normal,C:\Users\Light\Videos\正常往返.mp4,2359,True,0.5896271467208862,100.15482330322266,44.57480239868164,127.82987213134766,63.182090759277344
normal,C:\Users\Light\Videos\正常往返.mp4,2360,True,0.5535277128219604,100.11591339111328,44.59842300415039,127.83341979980469,63.11006164550781
normal,C:\Users\Light\Videos\正常往返.mp4,2361,True,0.6293285489082336,99.41439056396484,44.10257339477539,124.5691146850586,64.83687591552734
normal,C:\Users\Light\Videos\正常往返.mp4,2362,True,0.629963219165802,99.41871643066406,44.09743881225586,124.57579040527344,64.83748626708984
normal,C:\Users\Light\Videos\正常往返.mp4,2363,True,0.6213763952255249,100.29252624511719,43.83020782470703,126.25358581542969,65.6689453125
normal,C:\Users\Light\Videos\正常往返.mp4,2364,True,0.7178736329078674,99.94418334960938,44.38582992553711,126.86200714111328,64.35635375976562
normal,C:\Users\Light\Videos\正常往返.mp4,2365,True,0.7198029160499573,99.93769836425781,44.37112808227539,126.81271362304688,64.36088562011719
normal,C:\Users\Light\Videos\正常往返.mp4,2366,True,0.5679834485054016,103.12195587158203,44.836700439453125,128.15135192871094,64.17428588867188
normal,C:\Users\Light\Videos\正常往返.mp4,2367,True,0.5707359910011292,103.1130599975586,44.83766555786133,128.14361572265625,64.16400146484375
normal,C:\Users\Light\Videos\正常往返.mp4,2368,True,0.4821178913116455,107.21961975097656,44.66415786743164,133.27120971679688,64.42675018310547
normal,C:\Users\Light\Videos\正常往返.mp4,2369,True,0.48842790722846985,107.25935363769531,44.66978073120117,133.28109741210938,64.43241882324219
normal,C:\Users\Light\Videos\正常往返.mp4,2370,True,0.268314927816391,292.9755859375,4.535978317260742,320.41876220703125,23.328441619873047
normal,C:\Users\Light\Videos\正常往返.mp4,2371,True,0.26832062005996704,292.9751892089844,4.535799026489258,320.41900634765625,23.328889846801758
normal,C:\Users\Light\Videos\正常往返.mp4,2372,True,0.25260135531425476,121.22367095947266,45.303462982177734,146.89816284179688,64.20384979248047
normal,C:\Users\Light\Videos\正常往返.mp4,2373,True,0.24788987636566162,121.19662475585938,45.30733871459961,146.8930206298828,64.20521545410156
normal,C:\Users\Light\Videos\正常往返.mp4,2374,True,0.2522929906845093,130.7547607421875,44.727848052978516,157.15736389160156,63.927425384521484
normal,C:\Users\Light\Videos\正常往返.mp4,2375,True,0.25273585319519043,130.71945190429688,44.754520416259766,157.11842346191406,63.924556732177734
normal,C:\Users\Light\Videos\正常往返.mp4,2376,True,0.3273669183254242,143.4496307373047,45.07614517211914,168.95425415039062,64.71162414550781
normal,C:\Users\Light\Videos\正常往返.mp4,2377,True,0.325564980506897,143.4488067626953,45.0789909362793,168.95346069335938,64.71442413330078
normal,C:\Users\Light\Videos\正常往返.mp4,2378,True,0.25426164269447327,292.96514892578125,4.640482425689697,320.6130065917969,23.428890228271484
normal,C:\Users\Light\Videos\正常往返.mp4,2379,True,0.25561025738716125,292.96929931640625,4.641154766082764,320.60992431640625,23.428821563720703
normal,C:\Users\Light\Videos\正常往返.mp4,2380,True,0.2542658746242523,292.9652404785156,4.640460014343262,320.61297607421875,23.428821563720703
normal,C:\Users\Light\Videos\正常往返.mp4,2381,True,0.39931318163871765,293.6153869628906,4.252676486968994,320.35894775390625,23.136219024658203
normal,C:\Users\Light\Videos\正常往返.mp4,2382,True,0.398318350315094,293.61724853515625,4.25421142578125,320.3589172363281,23.131872177124023
normal,C:\Users\Light\Videos\正常往返.mp4,2383,True,0.27157604694366455,292.95977783203125,4.674625873565674,320.4535217285156,23.38810157775879
normal,C:\Users\Light\Videos\正常往返.mp4,2384,True,0.26476550102233887,292.94219970703125,4.699995517730713,320.4631652832031,23.4017276763916
normal,C:\Users\Light\Videos\正常往返.mp4,2385,True,0.3953556716442108,293.4570617675781,4.212246417999268,320.5747375488281,23.24262809753418
normal,C:\Users\Light\Videos\正常往返.mp4,2386,True,0.3720322251319885,293.3650817871094,4.221860885620117,320.5650329589844,23.25600814819336
normal,C:\Users\Light\Videos\正常往返.mp4,2387,True,0.2516959011554718,292.8146667480469,4.584621906280518,320.3658447265625,23.37900161743164
normal,C:\Users\Light\Videos\正常往返.mp4,2388,True,0.37303563952445984,293.3273620605469,4.359432697296143,320.50994873046875,23.48343849182129
normal,C:\Users\Light\Videos\正常往返.mp4,2389,True,0.3731214106082916,293.3274230957031,4.359522342681885,320.5090637207031,23.483304977416992
normal,C:\Users\Light\Videos\正常往返.mp4,2390,True,0.22692687809467316,292.85546875,4.4799275398254395,320.20806884765625,23.3352108001709
normal,C:\Users\Light\Videos\正常往返.mp4,2391,True,0.22679640352725983,292.8534240722656,4.478650093078613,320.2030944824219,23.335277557373047
normal,C:\Users\Light\Videos\正常往返.mp4,2392,True,0.26321595907211304,292.96307373046875,4.460160732269287,320.3564758300781,23.357868194580078
normal,C:\Users\Light\Videos\正常往返.mp4,2393,True,0.2681102454662323,292.9805908203125,4.453011512756348,320.3636779785156,23.360557556152344
normal,C:\Users\Light\Videos\正常往返.mp4,2394,True,0.3413178324699402,293.3129577636719,4.270280361175537,320.3540344238281,23.34883689880371
normal,C:\Users\Light\Videos\正常往返.mp4,2395,True,0.34165260195732117,293.3134765625,4.268610954284668,320.3548278808594,23.349933624267578
normal,C:\Users\Light\Videos\正常往返.mp4,2396,True,0.25919461250305176,292.96533203125,4.402596950531006,320.41131591796875,23.362194061279297
normal,C:\Users\Light\Videos\正常往返.mp4,2397,True,0.2594124972820282,292.96478271484375,4.404927730560303,320.4142150878906,23.363492965698242
normal,C:\Users\Light\Videos\正常往返.mp4,2398,True,0.3200499415397644,293.3129577636719,4.229177951812744,320.4846496582031,23.34870147705078
normal,C:\Users\Light\Videos\正常往返.mp4,2399,True,0.3190758228302002,293.3143005371094,4.231643199920654,320.4839172363281,23.34426498413086
normal,C:\Users\Light\Videos\正常往返.mp4,2400,True,0.2763640582561493,292.7455139160156,4.509185314178467,320.3367004394531,23.557844161987305
normal,C:\Users\Light\Videos\正常往返.mp4,2401,True,0.2768040597438812,292.749267578125,4.50645112991333,320.335693359375,23.55457305908203
normal,C:\Users\Light\Videos\正常往返.mp4,2402,True,0.2768040597438812,292.749267578125,4.50645112991333,320.335693359375,23.55457305908203
normal,C:\Users\Light\Videos\正常往返.mp4,2403,True,0.37637537717819214,293.3150634765625,4.281475067138672,320.34844970703125,23.403989791870117
normal,C:\Users\Light\Videos\正常往返.mp4,2404,True,0.3777327835559845,293.3160400390625,4.281642913818359,320.3480224609375,23.405513763427734
normal,C:\Users\Light\Videos\正常往返.mp4,2405,True,0.20260189473628998,293.0830383300781,4.580442428588867,320.4488830566406,23.107622146606445
normal,C:\Users\Light\Videos\正常往返.mp4,2406,True,0.2032385617494583,293.0845642089844,4.577573776245117,320.449462890625,23.105449676513672
normal,C:\Users\Light\Videos\正常往返.mp4,2407,True,0.28047898411750793,293.1150207519531,4.477047443389893,320.5025634765625,23.194108963012695
normal,C:\Users\Light\Videos\正常往返.mp4,2408,True,0.28160443902015686,293.11767578125,4.473730564117432,320.50390625,23.197290420532227
normal,C:\Users\Light\Videos\正常往返.mp4,2409,True,0.30324748158454895,292.9913330078125,4.286214828491211,320.2530822753906,23.275169372558594
normal,C:\Users\Light\Videos\正常往返.mp4,2410,True,0.30347007513046265,292.9737548828125,4.307741165161133,320.2633361816406,23.2927188873291
normal,C:\Users\Light\Videos\正常往返.mp4,2411,True,0.43197041749954224,359.8912658691406,47.68791961669922,385.13330078125,65.088623046875
normal,C:\Users\Light\Videos\正常往返.mp4,2412,True,0.6092348694801331,357.27484130859375,46.688236236572266,381.8233337402344,65.75450897216797
normal,C:\Users\Light\Videos\正常往返.mp4,2413,True,0.6091554760932922,357.27459716796875,46.6878547668457,381.8226013183594,65.75466918945312
normal,C:\Users\Light\Videos\正常往返.mp4,2414,True,0.24694205820560455,293.1683349609375,4.379457473754883,320.3537902832031,22.863855361938477
normal,C:\Users\Light\Videos\正常往返.mp4,2415,True,0.24638402462005615,293.1654968261719,4.387021064758301,320.3612976074219,22.867820739746094
normal,C:\Users\Light\Videos\正常往返.mp4,2416,True,0.5173069834709167,355.21795654296875,47.106231689453125,380.53704833984375,65.82145690917969
normal,C:\Users\Light\Videos\正常往返.mp4,2417,True,0.4935181140899658,355.1883850097656,47.14262771606445,380.61859130859375,65.84027862548828
normal,C:\Users\Light\Videos\正常往返.mp4,2418,True,0.40073662996292114,356.27935791015625,46.34599304199219,381.22265625,65.35857391357422
normal,C:\Users\Light\Videos\正常往返.mp4,2419,True,0.40075477957725525,356.2793273925781,46.34711456298828,381.22186279296875,65.35879516601562
normal,C:\Users\Light\Videos\正常往返.mp4,2420,True,0.3684086501598358,357.4858093261719,45.90153121948242,383.049560546875,64.64347076416016
normal,C:\Users\Light\Videos\正常往返.mp4,2421,True,0.36791980266571045,357.48193359375,45.903682708740234,383.0580749511719,64.64230346679688
normal,C:\Users\Light\Videos\正常往返.mp4,2422,True,0.48973843455314636,362.3634338378906,47.29744338989258,386.7203063964844,65.74736022949219
normal,C:\Users\Light\Videos\正常往返.mp4,2423,True,0.4871905446052551,362.3722839355469,47.30992889404297,386.7264404296875,65.74769592285156
normal,C:\Users\Light\Videos\正常往返.mp4,2424,True,0.28170186281204224,293.0807189941406,4.528705596923828,320.4476623535156,23.31905174255371
normal,C:\Users\Light\Videos\正常往返.mp4,2425,True,0.2841871380805969,293.0867919921875,4.512031555175781,320.4544372558594,23.342628479003906
normal,C:\Users\Light\Videos\正常往返.mp4,2426,True,0.2841871380805969,293.0867919921875,4.512031555175781,320.4544372558594,23.342628479003906
normal,C:\Users\Light\Videos\正常往返.mp4,2427,True,0.3302731513977051,370.4214782714844,47.069297790527344,395.8067932128906,64.9712142944336
normal,C:\Users\Light\Videos\正常往返.mp4,2428,True,0.33121880888938904,370.4189453125,47.07081985473633,395.80572509765625,64.97166442871094
normal,C:\Users\Light\Videos\正常往返.mp4,2429,True,0.2997964322566986,292.8760681152344,4.566311836242676,320.3276062011719,23.484088897705078
normal,C:\Users\Light\Videos\正常往返.mp4,2430,True,0.2987794280052185,292.8729553222656,4.56382417678833,320.3245849609375,23.480749130249023
normal,C:\Users\Light\Videos\正常往返.mp4,2431,True,0.31680282950401306,293.1090087890625,4.55828857421875,320.5815734863281,23.364501953125
normal,C:\Users\Light\Videos\正常往返.mp4,2432,True,0.31670913100242615,293.1103210449219,4.558658599853516,320.5804443359375,23.362125396728516
normal,C:\Users\Light\Videos\正常往返.mp4,2433,True,0.2685975730419159,292.7911682128906,4.332572937011719,320.2919006347656,23.416719436645508
normal,C:\Users\Light\Videos\正常往返.mp4,2434,True,0.2701592743396759,292.7979736328125,4.320448398590088,320.287109375,23.4099063873291
normal,C:\Users\Light\Videos\正常往返.mp4,2435,True,0.2365684062242508,292.96160888671875,4.590874671936035,320.44073486328125,23.334335327148438
normal,C:\Users\Light\Videos\正常往返.mp4,2436,True,0.3303365707397461,293.2328796386719,4.3278326988220215,320.3103942871094,23.289714813232422
normal,C:\Users\Light\Videos\正常往返.mp4,2437,True,0.3301064670085907,293.23211669921875,4.3288750648498535,320.3099670410156,23.289960861206055
normal,C:\Users\Light\Videos\正常往返.mp4,2438,True,0.24618954956531525,293.00518798828125,4.570614814758301,320.53662109375,23.23366355895996
normal,C:\Users\Light\Videos\正常往返.mp4,2439,True,0.2445298582315445,293.001220703125,4.573774814605713,320.5352783203125,23.227949142456055
normal,C:\Users\Light\Videos\正常往返.mp4,2440,True,0.2845909595489502,293.0010070800781,4.314509391784668,320.2430114746094,23.33375358581543
normal,C:\Users\Light\Videos\正常往返.mp4,2441,True,0.2677834630012512,292.91998291015625,4.370279788970947,320.2474365234375,23.365062713623047
normal,C:\Users\Light\Videos\正常往返.mp4,2442,True,0.21864847838878632,292.8970947265625,4.628705024719238,320.5202941894531,23.38045883178711
normal,C:\Users\Light\Videos\正常往返.mp4,2443,True,0.21862070262432098,292.8972473144531,4.628705024719238,320.51873779296875,23.379695892333984
normal,C:\Users\Light\Videos\正常往返.mp4,2444,True,0.257948637008667,292.8575744628906,4.496231555938721,320.3240966796875,23.361251831054688
normal,C:\Users\Light\Videos\正常往返.mp4,2445,True,0.25258001685142517,292.8522644042969,4.505868434906006,320.32391357421875,23.350135803222656
normal,C:\Users\Light\Videos\正常往返.mp4,2446,True,0.26816415786743164,293.239013671875,4.370526313781738,320.4303894042969,23.10964012145996
normal,C:\Users\Light\Videos\正常往返.mp4,2447,True,0.26816415786743164,293.239013671875,4.370526313781738,320.4303894042969,23.10964012145996
normal,C:\Users\Light\Videos\正常往返.mp4,2448,True,0.25961220264434814,293.2395324707031,4.377776622772217,320.4619445800781,23.09713363647461
normal,C:\Users\Light\Videos\正常往返.mp4,2449,True,0.2519749402999878,293.0439758300781,4.314318656921387,320.3246154785156,23.26374053955078
normal,C:\Users\Light\Videos\正常往返.mp4,2450,True,0.25246793031692505,293.0406799316406,4.31651496887207,320.3219909667969,23.263830184936523
normal,C:\Users\Light\Videos\正常往返.mp4,2451,True,0.24060450494289398,292.7145690917969,4.531921863555908,320.2339782714844,23.388280868530273
normal,C:\Users\Light\Videos\正常往返.mp4,2452,True,0.2380737066268921,292.70166015625,4.551722049713135,320.24444580078125,23.38841438293457
normal,C:\Users\Light\Videos\正常往返.mp4,2453,True,0.23304884135723114,293.060302734375,4.574760913848877,320.5324401855469,23.13633155822754
normal,C:\Users\Light\Videos\正常往返.mp4,2454,True,0.23065368831157684,293.0563659667969,4.578907012939453,320.529541015625,23.12846565246582
normal,C:\Users\Light\Videos\正常往返.mp4,2455,True,0.3901529908180237,293.48541259765625,4.016595363616943,320.3990173339844,23.332611083984375
normal,C:\Users\Light\Videos\正常往返.mp4,2456,True,0.3902736008167267,293.4871826171875,4.015239238739014,320.3992614746094,23.332027435302734
normal,C:\Users\Light\Videos\正常往返.mp4,2457,True,0.2527589201927185,292.96112060546875,4.31752347946167,320.2393493652344,23.20540428161621
normal,C:\Users\Light\Videos\正常往返.mp4,2458,True,0.25103968381881714,292.953857421875,4.319462299346924,320.2415771484375,23.20408058166504
normal,C:\Users\Light\Videos\正常往返.mp4,2459,True,0.39820072054862976,293.4781188964844,4.17061710357666,320.5027160644531,23.34840965270996
normal,C:\Users\Light\Videos\正常往返.mp4,2460,True,0.2508574426174164,293.02362060546875,4.517623424530029,320.5068054199219,23.196908950805664
normal,C:\Users\Light\Videos\正常往返.mp4,2461,True,0.24818235635757446,293.0251770019531,4.51853084564209,320.50372314453125,23.185928344726562
normal,C:\Users\Light\Videos\正常往返.mp4,2462,True,0.2834869921207428,292.9411315917969,4.536325454711914,320.43511962890625,23.469789505004883
normal,C:\Users\Light\Videos\正常往返.mp4,2463,True,0.2812621593475342,292.9368591308594,4.539407253265381,320.4325256347656,23.460466384887695
normal,C:\Users\Light\Videos\正常往返.mp4,2464,True,0.22212500870227814,292.7961120605469,4.642263889312744,320.5110778808594,23.43915367126465
normal,C:\Users\Light\Videos\正常往返.mp4,2465,True,0.21920950710773468,292.79205322265625,4.646847248077393,320.5124206542969,23.432722091674805
normal,C:\Users\Light\Videos\正常往返.mp4,2466,True,0.23701544106006622,292.75,4.390170097351074,320.2355041503906,23.43762969970703
normal,C:\Users\Light\Videos\正常往返.mp4,2467,True,0.23986898362636566,292.74560546875,4.392119884490967,320.23492431640625,23.45504379272461
normal,C:\Users\Light\Videos\正常往返.mp4,2468,True,0.3296734690666199,293.12652587890625,4.408379077911377,320.298583984375,23.366899490356445
normal,C:\Users\Light\Videos\正常往返.mp4,2469,True,0.3286703824996948,293.1274108886719,4.408883571624756,320.2948913574219,23.35802459716797
normal,C:\Users\Light\Videos\正常往返.mp4,2470,True,0.2962474822998047,292.81353759765625,4.340663433074951,320.243896484375,23.48027801513672
normal,C:\Users\Light\Videos\正常往返.mp4,2471,True,0.2962474822998047,292.81353759765625,4.340663433074951,320.243896484375,23.48027801513672
normal,C:\Users\Light\Videos\正常往返.mp4,2472,True,0.2968095541000366,292.8134460449219,4.339744567871094,320.24462890625,23.481891632080078
normal,C:\Users\Light\Videos\正常往返.mp4,2473,True,0.2857095003128052,292.5643005371094,4.585574626922607,320.177490234375,23.74287223815918
normal,C:\Users\Light\Videos\正常往返.mp4,2474,True,0.28920426964759827,292.5464172363281,4.584599494934082,320.15289306640625,23.7885684967041
normal,C:\Users\Light\Videos\正常往返.mp4,2475,True,0.22826214134693146,293.0682373046875,4.343834400177002,320.43798828125,23.20437240600586
normal,C:\Users\Light\Videos\正常往返.mp4,2476,True,0.2298840880393982,293.072509765625,4.337514400482178,320.4385070800781,23.207735061645508
normal,C:\Users\Light\Videos\正常往返.mp4,2477,True,0.2709414064884186,292.8360290527344,4.607503890991211,320.52099609375,23.53200340270996
normal,C:\Users\Light\Videos\正常往返.mp4,2478,True,0.26847901940345764,292.8310546875,4.613330841064453,320.5235900878906,23.529359817504883
normal,C:\Users\Light\Videos\正常往返.mp4,2479,True,0.2316616177558899,292.8595886230469,4.596645832061768,320.3832702636719,23.19847869873047
normal,C:\Users\Light\Videos\正常往返.mp4,2480,True,0.23281274735927582,292.8614501953125,4.59633207321167,320.3759460449219,23.203542709350586
normal,C:\Users\Light\Videos\正常往返.mp4,2481,True,0.16923964023590088,292.40777587890625,4.721465587615967,320.3893737792969,23.5147705078125
normal,C:\Users\Light\Videos\正常往返.mp4,2482,True,0.17147879302501678,292.3921813964844,4.715571403503418,320.3758239746094,23.522994995117188
normal,C:\Users\Light\Videos\正常往返.mp4,2483,True,0.3059881925582886,293.08367919921875,4.64354133605957,320.38720703125,23.40009117126465
normal,C:\Users\Light\Videos\正常往返.mp4,2484,True,0.2726796865463257,292.96337890625,4.3154168128967285,320.2382507324219,23.321897506713867
normal,C:\Users\Light\Videos\正常往返.mp4,2485,True,0.27252739667892456,292.9588317871094,4.313433647155762,320.23504638671875,23.328554153442383
normal,C:\Users\Light\Videos\正常往返.mp4,2486,True,0.2400924414396286,292.98406982421875,4.110106468200684,320.2163391113281,23.3123722076416
normal,C:\Users\Light\Videos\正常往返.mp4,2487,True,0.23654705286026,292.9715881347656,4.13946533203125,320.217529296875,23.31102752685547
normal,C:\Users\Light\Videos\正常往返.mp4,2488,True,0.4190818667411804,293.36029052734375,4.31253719329834,320.47772216796875,23.473106384277344
normal,C:\Users\Light\Videos\正常往返.mp4,2489,True,0.4184412956237793,293.3598937988281,4.313579082489014,320.47882080078125,23.472681045532227
normal,C:\Users\Light\Videos\正常往返.mp4,2490,True,0.326288640499115,293.2472229003906,4.35974645614624,320.35272216796875,23.377208709716797
fast,C:\Users\Light\Videos\高速运动.mp4,0,True,0.20453093945980072,293.1192626953125,4.368319034576416,320.2966613769531,22.918134689331055
fast,C:\Users\Light\Videos\高速运动.mp4,1,True,0.254323810338974,293.4253845214844,4.1634345054626465,320.3952941894531,22.88272476196289
fast,C:\Users\Light\Videos\高速运动.mp4,2,True,0.2488686740398407,293.3910827636719,4.179962635040283,320.38812255859375,22.89007568359375
fast,C:\Users\Light\Videos\高速运动.mp4,3,True,0.17511045932769775,292.8918151855469,4.534151554107666,320.1737365722656,22.90043067932129
fast,C:\Users\Light\Videos\高速运动.mp4,4,True,0.06309005618095398,399.66558837890625,35.74587631225586,426.5864562988281,55.965572357177734
fast,C:\Users\Light\Videos\高速运动.mp4,5,True,0.06764177232980728,292.8057861328125,4.659420013427734,320.3197021484375,23.422300338745117
fast,C:\Users\Light\Videos\高速运动.mp4,6,True,0.22312910854816437,292.75262451171875,4.242748260498047,320.1612243652344,23.2393798828125
fast,C:\Users\Light\Videos\高速运动.mp4,7,True,0.22517535090446472,293.15997314453125,4.227474689483643,320.24298095703125,22.975643157958984
fast,C:\Users\Light\Videos\高速运动.mp4,8,True,0.22912855446338654,293.162841796875,4.222118377685547,320.24127197265625,22.985794067382812
fast,C:\Users\Light\Videos\高速运动.mp4,9,True,0.20627336204051971,293.01678466796875,4.264543056488037,320.1275939941406,23.02826499938965
fast,C:\Users\Light\Videos\高速运动.mp4,10,True,0.1139300987124443,292.48785400390625,4.772686958312988,320.0284423828125,23.09469223022461
fast,C:\Users\Light\Videos\高速运动.mp4,11,True,0.2599593698978424,293.25933837890625,4.161170959472656,320.3369140625,22.994558334350586
fast,C:\Users\Light\Videos\高速运动.mp4,12,True,0.2626315653324127,293.26959228515625,4.152239799499512,320.3326721191406,22.994535446166992
fast,C:\Users\Light\Videos\高速运动.mp4,13,True,0.1666245460510254,292.920654296875,4.3551859855651855,320.19744873046875,22.899667739868164
fast,C:\Users\Light\Videos\高速运动.mp4,14,True,0.14954251050949097,292.807861328125,4.685831546783447,320.4894714355469,23.19209098815918
fast,C:\Users\Light\Videos\高速运动.mp4,15,True,0.14469344913959503,292.8218994140625,4.696857929229736,320.49072265625,23.205673217773438
fast,C:\Users\Light\Videos\高速运动.mp4,16,True,0.18086518347263336,292.8869323730469,4.184175968170166,320.3388671875,23.107107162475586
fast,C:\Users\Light\Videos\高速运动.mp4,17,True,0.18482956290245056,292.81951904296875,4.321613788604736,320.3650207519531,23.111297607421875
fast,C:\Users\Light\Videos\高速运动.mp4,18,True,0.18295425176620483,292.81561279296875,4.3367414474487305,320.36883544921875,23.109594345092773
fast,C:\Users\Light\Videos\高速运动.mp4,19,True,0.250937283039093,292.88916015625,4.327126979827881,320.29010009765625,23.214189529418945
fast,C:\Users\Light\Videos\高速运动.mp4,20,True,0.2679691016674042,292.9504089355469,4.294003009796143,320.3028259277344,23.244264602661133
fast,C:\Users\Light\Videos\高速运动.mp4,21,True,0.2975653409957886,293.3172607421875,3.9879648685455322,320.16925048828125,23.1292724609375
fast,C:\Users\Light\Videos\高速运动.mp4,22,True,0.116207055747509,292.88543701171875,4.617398738861084,320.1346740722656,22.858766555786133
fast,C:\Users\Light\Videos\高速运动.mp4,23,True,0.11619757860898972,292.8835144042969,4.618194103240967,320.13275146484375,22.855070114135742
fast,C:\Users\Light\Videos\高速运动.mp4,24,True,0.24469539523124695,293.19970703125,4.323686599731445,320.4177551269531,23.091083526611328
fast,C:\Users\Light\Videos\高速运动.mp4,25,True,0.102959044277668,292.71087646484375,4.836917877197266,320.29632568359375,23.297401428222656
fast,C:\Users\Light\Videos\高速运动.mp4,26,True,0.09971322119235992,292.70208740234375,4.851328372955322,320.3062438964844,23.310176849365234
fast,C:\Users\Light\Videos\高速运动.mp4,27,True,0.18575718998908997,292.8700866699219,4.369024753570557,320.2724609375,23.03557014465332
fast,C:\Users\Light\Videos\高速运动.mp4,28,True,0.1703355312347412,292.9288635253906,4.254995822906494,320.2030944824219,22.994064331054688
fast,C:\Users\Light\Videos\高速运动.mp4,29,True,0.17427806556224823,292.94140625,4.22532320022583,320.20050048828125,22.999174118041992
fast,C:\Users\Light\Videos\高速运动.mp4,30,True,0.14411722123622894,292.64697265625,4.6900787353515625,320.2757568359375,23.348678588867188
fast,C:\Users\Light\Videos\高速运动.mp4,31,True,0.14361242949962616,292.6480712890625,4.686246395111084,320.272216796875,23.340925216674805
fast,C:\Users\Light\Videos\高速运动.mp4,32,True,0.1755971610546112,293.0213623046875,4.220785140991211,320.1770324707031,22.89722442626953
fast,C:\Users\Light\Videos\高速运动.mp4,33,True,0.17473003268241882,293.0157165527344,4.228147029876709,320.17633056640625,22.897920608520508
fast,C:\Users\Light\Videos\高速运动.mp4,34,True,0.16684094071388245,292.8589782714844,4.362727165222168,320.1031494140625,22.937923431396484
fast,C:\Users\Light\Videos\高速运动.mp4,35,True,0.15326380729675293,292.77099609375,4.640235900878906,320.2041015625,23.015825271606445
fast,C:\Users\Light\Videos\高速运动.mp4,36,True,0.16211523115634918,292.80377197265625,4.597654342651367,320.18560791015625,23.003589630126953
fast,C:\Users\Light\Videos\高速运动.mp4,37,True,0.1732797473669052,292.851318359375,4.570345878601074,320.11920166015625,23.0833740234375
fast,C:\Users\Light\Videos\高速运动.mp4,38,True,0.2038455754518509,293.08251953125,4.255903720855713,320.2725524902344,22.9245662689209
fast,C:\Users\Light\Videos\高速运动.mp4,39,True,0.20336918532848358,293.0833740234375,4.259366035461426,320.2721252441406,22.923446655273438
fast,C:\Users\Light\Videos\高速运动.mp4,40,True,0.15817245841026306,292.5943603515625,4.42300271987915,320.1611633300781,23.198881149291992
fast,C:\Users\Light\Videos\高速运动.mp4,41,True,0.1575644612312317,292.58990478515625,4.426229953765869,320.16192626953125,23.20018196105957
fast,C:\Users\Light\Videos\高速运动.mp4,42,True,0.17672055959701538,292.8429260253906,4.571208953857422,320.1126708984375,22.891307830810547
fast,C:\Users\Light\Videos\高速运动.mp4,43,True,0.26296675205230713,292.937255859375,4.345851421356201,320.3725280761719,23.364076614379883
fast,C:\Users\Light\Videos\高速运动.mp4,44,True,0.25929784774780273,292.9506530761719,4.336965560913086,320.3637390136719,23.3306827545166
fast,C:\Users\Light\Videos\高速运动.mp4,45,True,0.14113666117191315,292.3349914550781,4.825207710266113,320.04833984375,23.433931350708008
fast,C:\Users\Light\Videos\高速运动.mp4,46,True,0.12103182077407837,292.5718688964844,4.83000373840332,320.1712951660156,23.35957145690918
fast,C:\Users\Light\Videos\高速运动.mp4,47,True,0.12143886089324951,292.5713195800781,4.830295085906982,320.16986083984375,23.35941505432129
fast,C:\Users\Light\Videos\高速运动.mp4,48,True,0.2646232843399048,292.87969970703125,4.31746768951416,320.19525146484375,23.24704360961914
fast,C:\Users\Light\Videos\高速运动.mp4,49,True,0.23987041413784027,293.212158203125,4.233032703399658,320.2427673339844,23.063718795776367
fast,C:\Users\Light\Videos\高速运动.mp4,50,True,0.2354094684123993,293.1831970214844,4.260464191436768,320.24041748046875,23.06093978881836
fast,C:\Users\Light\Videos\高速运动.mp4,51,True,0.10153479129076004,292.3751525878906,4.928602695465088,320.0832214355469,23.272502899169922
fast,C:\Users\Light\Videos\高速运动.mp4,52,True,0.17239537835121155,292.9256591796875,4.500613212585449,320.2247009277344,22.94583511352539
fast,C:\Users\Light\Videos\高速运动.mp4,53,True,0.1518711894750595,292.90264892578125,4.57378625869751,320.26348876953125,22.928062438964844
fast,C:\Users\Light\Videos\高速运动.mp4,54,True,0.16479229927062988,292.5899353027344,4.5463547706604,320.2476501464844,23.278106689453125
fast,C:\Users\Light\Videos\高速运动.mp4,55,True,0.16512954235076904,292.58843994140625,4.545334815979004,320.2458801269531,23.278352737426758
fast,C:\Users\Light\Videos\高速运动.mp4,56,True,0.16215384006500244,292.6747131347656,4.460014820098877,320.0116271972656,22.95708656311035
fast,C:\Users\Light\Videos\高速运动.mp4,57,True,0.21916534006595612,293.1807556152344,4.363254070281982,320.29315185546875,22.934337615966797
fast,C:\Users\Light\Videos\高速运动.mp4,58,True,0.12315381318330765,410.11505126953125,84.74581909179688,437.3049621582031,104.32630157470703
fast,C:\Users\Light\Videos\高速运动.mp4,59,True,0.5511201620101929,378.322021484375,85.5656509399414,405.7376403808594,104.31305694580078
fast,C:\Users\Light\Videos\高速运动.mp4,60,True,0.5508087277412415,378.31744384765625,85.56571960449219,405.7293701171875,104.31195831298828
fast,C:\Users\Light\Videos\高速运动.mp4,61,True,0.21126729249954224,293.05303955078125,4.219092845916748,320.2108459472656,22.94964599609375
fast,C:\Users\Light\Videos\高速运动.mp4,62,True,0.2390151172876358,293.0516357421875,4.39437198638916,320.32940673828125,23.137922286987305
fast,C:\Users\Light\Videos\高速运动.mp4,63,True,0.23649238049983978,293.03900146484375,4.418060779571533,320.3321228027344,23.143503189086914
fast,C:\Users\Light\Videos\高速运动.mp4,64,True,0.20521996915340424,292.92626953125,4.129414081573486,320.1457214355469,23.011837005615234
fast,C:\Users\Light\Videos\高速运动.mp4,65,True,0.20479533076286316,292.9264221191406,4.129693984985352,320.14141845703125,23.007444381713867
fast,C:\Users\Light\Videos\高速运动.mp4,66,True,0.20650982856750488,292.87506103515625,4.49170446395874,320.41015625,23.168603897094727
fast,C:\Users\Light\Videos\高速运动.mp4,67,True,0.19172853231430054,400.6235046386719,41.23215103149414,425.9737854003906,61.85408401489258
fast,C:\Users\Light\Videos\高速运动.mp4,68,True,0.19250445067882538,400.633544921875,41.212921142578125,425.98480224609375,61.8526496887207
fast,C:\Users\Light\Videos\高速运动.mp4,69,True,0.1927991658449173,293.0398254394531,4.452731132507324,320.24871826171875,22.898479461669922
fast,C:\Users\Light\Videos\高速运动.mp4,70,True,0.25922659039497375,293.107177734375,4.439441204071045,320.2988586425781,23.138349533081055
fast,C:\Users\Light\Videos\高速运动.mp4,71,True,0.26195380091667175,293.1053161621094,4.441189289093018,320.297607421875,23.15076446533203
fast,C:\Users\Light\Videos\高速运动.mp4,72,True,0.18795692920684814,292.6207275390625,4.691837787628174,320.4104309082031,23.38648796081543
fast,C:\Users\Light\Videos\高速运动.mp4,73,True,0.11957559734582901,292.6059875488281,4.8489861488342285,320.2443542480469,23.28115463256836
fast,C:\Users\Light\Videos\高速运动.mp4,74,True,0.1200328841805458,292.604248046875,4.847070217132568,320.2448425292969,23.284515380859375
fast,C:\Users\Light\Videos\高速运动.mp4,75,True,0.13122475147247314,292.6797180175781,4.6017889976501465,320.16937255859375,23.055606842041016
fast,C:\Users\Light\Videos\高速运动.mp4,76,True,0.13093410432338715,292.6770324707031,4.600265026092529,320.1678161621094,23.059864044189453
fast,C:\Users\Light\Videos\高速运动.mp4,77,True,0.1846260130405426,400.501708984375,39.69831848144531,426.06829833984375,60.061893463134766
fast,C:\Users\Light\Videos\高速运动.mp4,78,True,0.1899711787700653,400.01385498046875,41.110748291015625,425.4205322265625,61.57867431640625
fast,C:\Users\Light\Videos\高速运动.mp4,79,True,0.19159387052059174,400.0643615722656,41.15530014038086,425.45849609375,61.666568756103516
fast,C:\Users\Light\Videos\高速运动.mp4,80,True,0.19340646266937256,292.5553283691406,4.5760722160339355,320.1120910644531,23.335838317871094
fast,C:\Users\Light\Videos\高速运动.mp4,81,True,0.13154739141464233,292.77825927734375,4.474414348602295,320.1885986328125,23.05475425720215
fast,C:\Users\Light\Videos\高速运动.mp4,82,True,0.17298579216003418,398.88897705078125,41.27784729003906,424.51861572265625,61.500770568847656
fast,C:\Users\Light\Videos\高速运动.mp4,83,True,0.15225909650325775,292.70672607421875,4.963452339172363,320.35711669921875,23.23859405517578
fast,C:\Users\Light\Videos\高速运动.mp4,84,True,0.15197178721427917,292.7046203613281,4.965088367462158,320.3566589355469,23.24065589904785
fast,C:\Users\Light\Videos\高速运动.mp4,85,True,0.16759638488292694,292.6606140136719,4.43574333190918,320.13671875,23.089828491210938
fast,C:\Users\Light\Videos\高速运动.mp4,86,True,0.16883200407028198,292.663818359375,4.436561584472656,320.14251708984375,23.095319747924805
fast,C:\Users\Light\Videos\高速运动.mp4,87,True,0.1788751482963562,292.73260498046875,4.734576225280762,320.4517517089844,23.443254470825195
fast,C:\Users\Light\Videos\高速运动.mp4,88,True,0.12754419445991516,397.65093994140625,43.84688186645508,423.2593078613281,63.21405029296875
fast,C:\Users\Light\Videos\高速运动.mp4,89,True,0.12600934505462646,397.5530090332031,43.914363861083984,423.17474365234375,63.249664306640625
fast,C:\Users\Light\Videos\高速运动.mp4,90,True,0.17651714384555817,292.7509765625,4.548293113708496,320.15484619140625,23.0622615814209
fast,C:\Users\Light\Videos\高速运动.mp4,91,True,0.14156274497509003,292.5384521484375,4.9931135177612305,320.2801513671875,23.5040340423584
fast,C:\Users\Light\Videos\高速运动.mp4,92,True,0.1415836066007614,292.5420227050781,4.9963297843933105,320.2831726074219,23.512842178344727
fast,C:\Users\Light\Videos\高速运动.mp4,93,True,0.23156782984733582,292.8771667480469,4.5316081047058105,320.4358215332031,23.320486068725586
fast,C:\Users\Light\Videos\高速运动.mp4,94,True,0.09752300381660461,292.4959411621094,5.071911811828613,320.4560546875,23.524293899536133
fast,C:\Users\Light\Videos\高速运动.mp4,95,True,0.09358292073011398,292.4842529296875,5.08979606628418,320.47113037109375,23.54926109313965
fast,C:\Users\Light\Videos\高速运动.mp4,96,True,0.0911804586648941,291.9474792480469,5.018124580383301,320.06060791015625,23.884668350219727
fast,C:\Users\Light\Videos\高速运动.mp4,97,True,0.18404936790466309,292.683837890625,4.536280632019043,320.1372375488281,23.185523986816406
fast,C:\Users\Light\Videos\高速运动.mp4,98,True,0.18264919519424438,292.68328857421875,4.543172359466553,320.1374816894531,23.18716049194336
fast,C:\Users\Light\Videos\高速运动.mp4,99,True,0.19156770408153534,292.86322021484375,4.264039039611816,320.1397399902344,23.075170516967773
fast,C:\Users\Light\Videos\高速运动.mp4,100,True,0.19187012314796448,292.8650207519531,4.26316499710083,320.1397705078125,23.074565887451172
fast,C:\Users\Light\Videos\高速运动.mp4,101,True,0.07751200348138809,292.0697937011719,4.971553802490234,320.1748352050781,23.78032112121582
fast,C:\Users\Light\Videos\高速运动.mp4,102,True,0.1865038126707077,292.6827697753906,4.429580211639404,320.0775146484375,23.22378158569336
fast,C:\Users\Light\Videos\高速运动.mp4,103,True,0.1865892857313156,292.6826477050781,4.427417755126953,320.0731201171875,23.223533630371094
fast,C:\Users\Light\Videos\高速运动.mp4,104,True,0.08779828250408173,397.93548583984375,38.63225555419922,424.5769348144531,58.75580596923828
fast,C:\Users\Light\Videos\高速运动.mp4,105,True,0.16663099825382233,398.3673400878906,43.08189392089844,423.96099853515625,63.71257019042969
fast,C:\Users\Light\Videos\高速运动.mp4,106,True,0.16744761168956757,292.44232177734375,4.791433811187744,320.40277099609375,23.570215225219727
fast,C:\Users\Light\Videos\高速运动.mp4,107,True,0.21362102031707764,292.47454833984375,4.584599494934082,320.2301025390625,23.411386489868164
fast,C:\Users\Light\Videos\高速运动.mp4,108,True,0.21605902910232544,292.4839782714844,4.578739166259766,320.2283935546875,23.410444259643555
fast,C:\Users\Light\Videos\高速运动.mp4,109,True,0.23740190267562866,292.9032287597656,4.621701717376709,320.3730163574219,23.188282012939453
fast,C:\Users\Light\Videos\高速运动.mp4,110,True,0.23671290278434753,292.9047546386719,4.623012542724609,320.3722839355469,23.18126678466797
fast,C:\Users\Light\Videos\高速运动.mp4,111,True,0.15575800836086273,397.146728515625,42.16426086425781,422.98468017578125,62.15531539916992
fast,C:\Users\Light\Videos\高速运动.mp4,112,True,0.1820918321609497,292.6358337402344,4.553313255310059,320.33929443359375,23.30125617980957
fast,C:\Users\Light\Videos\高速运动.mp4,113,True,0.18224020302295685,292.6319580078125,4.558445453643799,320.33837890625,23.30522346496582
fast,C:\Users\Light\Videos\高速运动.mp4,114,True,0.23159578442573547,292.7072448730469,4.331754684448242,320.2528991699219,23.265666961669922
fast,C:\Users\Light\Videos\高速运动.mp4,115,True,0.2133740931749344,292.93218994140625,4.54716157913208,320.44677734375,23.214906692504883
fast,C:\Users\Light\Videos\高速运动.mp4,116,True,0.21829713881015778,292.9397277832031,4.525209426879883,320.4409484863281,23.221113204956055
fast,C:\Users\Light\Videos\高速运动.mp4,117,True,0.1740773320198059,292.7425842285156,4.672788143157959,320.3888244628906,23.19267463684082
fast,C:\Users\Light\Videos\高速运动.mp4,118,True,0.0844699963927269,397.94390869140625,37.53932189941406,424.6072998046875,57.73100280761719
fast,C:\Users\Light\Videos\高速运动.mp4,119,True,0.0833161249756813,397.9189758300781,37.5803337097168,424.6257019042969,57.75816345214844
fast,C:\Users\Light\Videos\高速运动.mp4,120,True,0.18576572835445404,398.1553649902344,42.196083068847656,423.7335510253906,63.28135299682617
fast,C:\Users\Light\Videos\高速运动.mp4,121,True,0.18619360029697418,398.1749267578125,42.21782302856445,423.74420166015625,63.32151412963867
fast,C:\Users\Light\Videos\高速运动.mp4,122,True,0.22204703092575073,292.9049072265625,4.557672500610352,320.3922119140625,23.20166015625
fast,C:\Users\Light\Videos\高速运动.mp4,123,True,0.16068202257156372,397.2132568359375,41.977684020996094,423.0779113769531,62.073673248291016
fast,C:\Users\Light\Videos\高速运动.mp4,124,True,0.15885183215141296,397.165771484375,42.0025634765625,423.0372619628906,62.055519104003906
fast,C:\Users\Light\Videos\高速运动.mp4,125,True,0.09288541972637177,292.1741027832031,5.0866923332214355,320.38995361328125,23.631376266479492
fast,C:\Users\Light\Videos\高速运动.mp4,126,True,0.16092774271965027,397.3944091796875,41.4495849609375,423.2825622558594,61.477352142333984
fast,C:\Users\Light\Videos\高速运动.mp4,127,True,0.16390001773834229,397.46771240234375,41.49048614501953,423.33648681640625,61.568363189697266
fast,C:\Users\Light\Videos\高速运动.mp4,128,True,0.1654009371995926,397.6593322753906,42.13028335571289,423.39166259765625,62.2978515625
fast,C:\Users\Light\Videos\高速运动.mp4,129,True,0.148229718208313,396.770263671875,41.085670471191406,422.79962158203125,60.9161262512207
fast,C:\Users\Light\Videos\高速运动.mp4,130,True,0.1846998929977417,292.758544921875,4.623393535614014,320.3287048339844,23.2526912689209
fast,C:\Users\Light\Videos\高速运动.mp4,131,True,0.1860150694847107,292.76300048828125,4.618283748626709,320.3274841308594,23.251750946044922
fast,C:\Users\Light\Videos\高速运动.mp4,132,True,0.15482860803604126,397.30755615234375,40.598670959472656,423.376708984375,60.620880126953125
fast,C:\Users\Light\Videos\高速运动.mp4,133,True,0.19628755748271942,398.4512939453125,41.49521255493164,424.06378173828125,62.65278244018555
fast,C:\Users\Light\Videos\高速运动.mp4,134,True,0.196030855178833,398.42987060546875,41.495819091796875,424.0451354980469,62.644691467285156
fast,C:\Users\Light\Videos\高速运动.mp4,135,True,0.16592051088809967,397.52252197265625,40.73737335205078,423.4900207519531,60.870296478271484
fast,C:\Users\Light\Videos\高速运动.mp4,136,True,0.13300415873527527,292.6772155761719,4.775712490081787,320.473876953125,23.382431030273438
fast,C:\Users\Light\Videos\高速运动.mp4,137,True,0.13281278312206268,292.6746520996094,4.78012752532959,320.4762268066406,23.385950088500977
fast,C:\Users\Light\Videos\高速运动.mp4,138,True,0.18640215694904327,398.83270263671875,41.65121841430664,424.48016357421875,62.470375061035156
fast,C:\Users\Light\Videos\高速运动.mp4,139,True,0.17693834006786346,292.7701110839844,4.678480625152588,320.2503662109375,23.08976173400879
fast,C:\Users\Light\Videos\高速运动.mp4,140,True,0.1786120980978012,292.78546142578125,4.663229942321777,320.2408142089844,23.072616577148438
fast,C:\Users\Light\Videos\高速运动.mp4,141,True,0.18551155924797058,403.9877624511719,33.955589294433594,429.421142578125,55.56263732910156
fast,C:\Users\Light\Videos\高速运动.mp4,142,True,0.2211877554655075,292.9271240234375,4.4815521240234375,320.24267578125,23.140701293945312
fast,C:\Users\Light\Videos\高速运动.mp4,143,True,0.21696940064430237,292.91204833984375,4.504221439361572,320.2466735839844,23.141128540039062
fast,C:\Users\Light\Videos\高速运动.mp4,144,True,0.1599137783050537,409.5068664550781,35.94923400878906,434.94561767578125,56.53127670288086
fast,C:\Users\Light\Videos\高速运动.mp4,145,True,0.16537855565547943,409.5456237792969,35.88789367675781,434.832275390625,56.54887008666992
fast,C:\Users\Light\Videos\高速运动.mp4,146,True,0.3003348708152771,410.99664306640625,34.093284606933594,439.9192810058594,56.24138641357422
fast,C:\Users\Light\Videos\高速运动.mp4,147,True,0.32368001341819763,412.0415954589844,35.76470184326172,441.7820739746094,57.454803466796875
fast,C:\Users\Light\Videos\高速运动.mp4,148,True,0.31090325117111206,412.0149230957031,35.975547790527344,441.7362976074219,57.574031829833984
fast,C:\Users\Light\Videos\高速运动.mp4,149,True,0.31728503108024597,292.8795471191406,4.353381633758545,320.211669921875,23.398679733276367
fast,C:\Users\Light\Videos\高速运动.mp4,150,True,0.25331300497055054,420.8624267578125,38.329856872558594,446.45465087890625,58.848968505859375
fast,C:\Users\Light\Videos\高速运动.mp4,151,True,0.2550531029701233,420.8890075683594,38.258792877197266,446.4745178222656,58.80448532104492
fast,C:\Users\Light\Videos\高速运动.mp4,152,True,0.2823377251625061,423.0480651855469,37.438716888427734,451.9662170410156,58.52187728881836
fast,C:\Users\Light\Videos\高速运动.mp4,153,True,0.4309341311454773,426.2182922363281,40.90646743774414,452.7389831542969,59.51142883300781
fast,C:\Users\Light\Videos\高速运动.mp4,154,True,0.5354361534118652,426.7521667480469,40.619197845458984,454.3457336425781,60.99900436401367
fast,C:\Users\Light\Videos\高速运动.mp4,155,True,0.5373174548149109,426.7469177246094,40.61137771606445,454.3445129394531,61.00023651123047
fast,C:\Users\Light\Videos\高速运动.mp4,156,True,0.26899003982543945,294.5378723144531,2.8319313526153564,320.652587890625,20.664920806884766
fast,C:\Users\Light\Videos\高速运动.mp4,157,True,0.15020349621772766,295.2847595214844,2.493441581726074,321.13934326171875,23.33074951171875
fast,C:\Users\Light\Videos\高速运动.mp4,158,True,0.14945293962955475,295.2897033691406,2.492903709411621,321.1438903808594,23.33325958251953
fast,C:\Users\Light\Videos\高速运动.mp4,159,True,0.3837628662586212,423.4703369140625,40.4351806640625,451.6387939453125,59.06940841674805
fast,C:\Users\Light\Videos\高速运动.mp4,160,True,0.6029749512672424,420.2060852050781,39.477027893066406,447.48016357421875,61.15045928955078
fast,C:\Users\Light\Videos\高速运动.mp4,161,True,0.603135883808136,420.2061767578125,39.47677993774414,447.4797058105469,61.15097427368164
fast,C:\Users\Light\Videos\高速运动.mp4,162,True,0.7184765338897705,415.8748779296875,39.976261138916016,443.182373046875,60.85660171508789
fast,C:\Users\Light\Videos\高速运动.mp4,163,True,0.7172848582267761,412.5334777832031,39.518489837646484,439.77471923828125,60.926883697509766
fast,C:\Users\Light\Videos\高速运动.mp4,164,True,0.7172821760177612,412.5306396484375,39.51768112182617,439.7730712890625,60.925537109375
fast,C:\Users\Light\Videos\高速运动.mp4,165,True,0.7086676359176636,407.7115173339844,39.383033752441406,434.1623840332031,60.58591842651367
fast,C:\Users\Light\Videos\高速运动.mp4,166,True,0.7068663239479065,407.7078857421875,39.381980895996094,434.1559753417969,60.5789909362793
fast,C:\Users\Light\Videos\高速运动.mp4,167,True,0.7301104068756104,401.604248046875,39.42341995239258,428.4082336425781,60.860904693603516
fast,C:\Users\Light\Videos\高速运动.mp4,168,True,0.6907211542129517,394.93267822265625,39.36750411987305,422.3790283203125,60.91318893432617
fast,C:\Users\Light\Videos\高速运动.mp4,169,True,0.6948423981666565,394.9661560058594,39.35044860839844,422.3797912597656,60.911869049072266
fast,C:\Users\Light\Videos\高速运动.mp4,170,True,0.6251454949378967,389.31585693359375,39.43769454956055,415.0875549316406,60.696922302246094
fast,C:\Users\Light\Videos\高速运动.mp4,171,True,0.4155111312866211,380.6195373535156,38.153480529785156,407.3844909667969,59.33511734008789
fast,C:\Users\Light\Videos\高速运动.mp4,172,True,0.40246424078941345,380.5752868652344,38.15388488769531,407.3582763671875,59.31436538696289
fast,C:\Users\Light\Videos\高速运动.mp4,173,True,0.38469070196151733,371.384521484375,39.849884033203125,399.0848693847656,59.503292083740234
fast,C:\Users\Light\Videos\高速运动.mp4,174,True,0.3068332374095917,361.231201171875,40.116580963134766,389.01275634765625,60.28441619873047
fast,C:\Users\Light\Videos\高速运动.mp4,175,True,0.3177345395088196,361.25115966796875,40.07648468017578,389.0001220703125,60.249298095703125
fast,C:\Users\Light\Videos\高速运动.mp4,176,True,0.15873488783836365,349.71319580078125,42.14534378051758,375.38323974609375,62.14729309082031
fast,C:\Users\Light\Videos\高速运动.mp4,177,True,0.23066864907741547,293.16192626953125,2.4363934993743896,320.4598083496094,21.127042770385742
fast,C:\Users\Light\Videos\高速运动.mp4,178,True,0.2863151431083679,293.28253173828125,2.5174217224121094,320.5213317871094,21.242280960083008
fast,C:\Users\Light\Videos\高速运动.mp4,179,True,0.2855367064476013,293.2918701171875,2.521791934967041,320.5284729003906,21.251941680908203
fast,C:\Users\Light\Videos\高速运动.mp4,180,True,0.2938731908798218,293.2510986328125,2.767106533050537,320.5841369628906,21.54960823059082
fast,C:\Users\Light\Videos\高速运动.mp4,181,True,0.264922171831131,291.5496520996094,2.1493937969207764,319.1455993652344,22.525667190551758
fast,C:\Users\Light\Videos\高速运动.mp4,182,True,0.26404690742492676,291.55755615234375,2.14821720123291,319.14874267578125,22.528379440307617
fast,C:\Users\Light\Videos\高速运动.mp4,183,True,0.38706350326538086,289.26568603515625,40.84642791748047,316.9188537597656,59.576351165771484
fast,C:\Users\Light\Videos\高速运动.mp4,184,True,0.04960770159959793,271.51898193359375,39.93587875366211,299.7481689453125,59.119140625
fast,C:\Users\Light\Videos\高速运动.mp4,185,True,0.049615032970905304,271.52618408203125,39.93303298950195,299.7539367675781,59.11589050292969
fast,C:\Users\Light\Videos\高速运动.mp4,186,True,0.05700630322098732,286.8417663574219,2.5953011512756348,313.7380065917969,21.035985946655273
fast,C:\Users\Light\Videos\高速运动.mp4,187,True,0.0208162609487772,286.65582275390625,1.8014576435089111,312.61798095703125,21.570877075195312
fast,C:\Users\Light\Videos\高速运动.mp4,188,True,0.021061381325125694,286.6795654296875,1.7888176441192627,312.5970764160156,21.5532169342041
fast,C:\Users\Light\Videos\高速运动.mp4,189,True,0.007857687771320343,396.17633056640625,14.51130199432373,421.3443603515625,31.869205474853516
fast,C:\Users\Light\Videos\高速运动.mp4,190,True,0.007625798229128122,396.1806640625,14.519437789916992,421.3126525878906,31.853269577026367
fast,C:\Users\Light\Videos\高速运动.mp4,191,True,0.008985063061118126,396.93365478515625,14.706235885620117,421.8634948730469,31.951231002807617
fast,C:\Users\Light\Videos\高速运动.mp4,192,True,0.009901387616991997,396.8476257324219,14.810650825500488,422.30224609375,32.361244201660156
fast,C:\Users\Light\Videos\高速运动.mp4,193,True,0.009847803972661495,396.853271484375,14.815895080566406,422.2908630371094,32.34394454956055
fast,C:\Users\Light\Videos\高速运动.mp4,194,True,0.013936611823737621,450.8959655761719,12.488633155822754,469.0,35.37214279174805
fast,C:\Users\Light\Videos\高速运动.mp4,195,True,0.052744049578905106,396.05322265625,12.283950805664062,423.1987609863281,31.583526611328125
fast,C:\Users\Light\Videos\高速运动.mp4,196,True,0.05148253217339516,395.97344970703125,12.266850471496582,423.2042236328125,31.55495262145996
fast,C:\Users\Light\Videos\高速运动.mp4,197,True,0.023592444136738777,396.0599670410156,11.528643608093262,423.69708251953125,31.286846160888672
fast,C:\Users\Light\Videos\高速运动.mp4,198,True,0.012301633134484291,286.5655212402344,1.392237663269043,311.84210205078125,22.168004989624023
fast,C:\Users\Light\Videos\高速运动.mp4,199,True,0.012402125634253025,286.5663757324219,1.3908817768096924,311.84417724609375,22.163814544677734
fast,C:\Users\Light\Videos\高速运动.mp4,200,True,0.011128597892820835,286.3583068847656,1.0871407985687256,311.6081848144531,22.05610466003418
fast,C:\Users\Light\Videos\高速运动.mp4,201,True,0.014030911959707737,395.3024597167969,10.176253318786621,422.57330322265625,30.415403366088867
fast,C:\Users\Light\Videos\高速运动.mp4,202,True,0.016438160091638565,394.810302734375,10.2525634765625,422.389892578125,30.141782760620117
fast,C:\Users\Light\Videos\高速运动.mp4,203,True,0.016358021646738052,394.8122863769531,10.254939079284668,422.3884582519531,30.12560272216797
fast,C:\Users\Light\Videos\高速运动.mp4,204,True,0.01347208023071289,285.98699951171875,1.5033979415893555,312.06005859375,21.84940528869629
fast,C:\Users\Light\Videos\高速运动.mp4,205,True,0.06782760471105576,286.08050537109375,1.397582769393921,311.63702392578125,21.001493453979492
fast,C:\Users\Light\Videos\高速运动.mp4,206,True,0.0699925497174263,286.0868835449219,1.3874640464782715,311.6226806640625,20.988876342773438
fast,C:\Users\Light\Videos\高速运动.mp4,207,True,0.0992441475391388,286.1036682128906,1.8944984674453735,311.7706604003906,20.760459899902344
fast,C:\Users\Light\Videos\高速运动.mp4,208,True,0.6476410031318665,43.6618766784668,42.98796844482422,70.23531341552734,63.70156478881836
fast,C:\Users\Light\Videos\高速运动.mp4,209,True,0.6464522480964661,43.6451416015625,42.98402404785156,70.24813079833984,63.67915344238281
fast,C:\Users\Light\Videos\高速运动.mp4,210,True,0.696586549282074,53.41437530517578,43.800018310546875,80.42101287841797,64.79595947265625
fast,C:\Users\Light\Videos\高速运动.mp4,211,True,0.6958214640617371,53.418949127197266,43.801700592041016,80.43827819824219,64.80400085449219
fast,C:\Users\Light\Videos\高速运动.mp4,212,True,0.6987544894218445,62.852874755859375,43.60145568847656,89.00122833251953,65.06000518798828
fast,C:\Users\Light\Videos\高速运动.mp4,213,True,0.5872978568077087,71.40494537353516,44.04549026489258,97.3962173461914,64.97979736328125
fast,C:\Users\Light\Videos\高速运动.mp4,214,True,0.58043372631073,71.37480926513672,44.04374313354492,97.39480590820312,64.95697784423828
fast,C:\Users\Light\Videos\高速运动.mp4,215,True,0.6862541437149048,79.51155090332031,43.633792877197266,105.10103607177734,64.32354736328125
fast,C:\Users\Light\Videos\高速运动.mp4,216,True,0.5913223028182983,89.10035705566406,43.27956008911133,114.30415344238281,63.7104606628418
fast,C:\Users\Light\Videos\高速运动.mp4,217,True,0.612201452255249,89.11624908447266,43.19628143310547,114.26155090332031,63.74372100830078
fast,C:\Users\Light\Videos\高速运动.mp4,218,True,0.4890172481536865,96.96759033203125,43.66095733642578,123.416748046875,63.458335876464844
fast,C:\Users\Light\Videos\高速运动.mp4,219,True,0.40326011180877686,108.75921630859375,44.86247253417969,133.8412322998047,64.4286117553711
fast,C:\Users\Light\Videos\高速运动.mp4,220,True,0.4147804379463196,108.74417114257812,44.8391227722168,133.7904815673828,64.41960144042969
fast,C:\Users\Light\Videos\高速运动.mp4,221,True,0.30617913603782654,117.52951049804688,43.66624450683594,143.1013946533203,64.95854949951172
fast,C:\Users\Light\Videos\高速运动.mp4,222,True,0.4564507007598877,128.44601440429688,45.48452377319336,153.96348571777344,64.87992858886719
fast,C:\Users\Light\Videos\高速运动.mp4,223,True,0.453404039144516,128.3874969482422,45.51300811767578,153.91732788085938,64.89739227294922
fast,C:\Users\Light\Videos\高速运动.mp4,224,True,0.5481747984886169,139.7091827392578,43.00977325439453,165.14356994628906,62.396888732910156
fast,C:\Users\Light\Videos\高速运动.mp4,225,True,0.32866692543029785,151.5265655517578,43.854278564453125,175.361083984375,62.81978988647461
fast,C:\Users\Light\Videos\高速运动.mp4,226,True,0.1151326447725296,285.94549560546875,2.9727978706359863,311.175048828125,22.428178787231445
fast,C:\Users\Light\Videos\高速运动.mp4,227,True,0.11561662703752518,285.9544372558594,2.9660072326660156,311.1717529296875,22.430082321166992
fast,C:\Users\Light\Videos\高速运动.mp4,228,True,0.24879294633865356,177.61834716796875,44.117408752441406,202.67095947265625,63.93836212158203
fast,C:\Users\Light\Videos\高速运动.mp4,229,True,0.11128048598766327,285.919189453125,3.03196382522583,311.2264404296875,22.433332443237305
fast,C:\Users\Light\Videos\高速运动.mp4,230,True,0.11197561025619507,285.93560791015625,3.0138330459594727,311.2331848144531,22.425241470336914
fast,C:\Users\Light\Videos\高速运动.mp4,231,True,0.15605193376541138,286.0794372558594,2.113748550415039,312.3487548828125,21.017765045166016
fast,C:\Users\Light\Videos\高速运动.mp4,232,True,0.13050666451454163,286.439697265625,2.3721513748168945,311.419921875,22.089296340942383
fast,C:\Users\Light\Videos\高速运动.mp4,233,True,0.13042256236076355,286.4439697265625,2.3732383251190186,311.42388916015625,22.084409713745117
fast,C:\Users\Light\Videos\高速运动.mp4,234,True,0.18261127173900604,286.076904296875,2.5676231384277344,312.294189453125,21.07643699645996
fast,C:\Users\Light\Videos\高速运动.mp4,235,True,0.18266668915748596,286.080322265625,2.5671300888061523,312.2919616699219,21.068817138671875
fast,C:\Users\Light\Videos\高速运动.mp4,236,True,0.12477759271860123,286.29150390625,2.9158058166503906,311.3553771972656,22.554420471191406
fast,C:\Users\Light\Videos\高速运动.mp4,237,True,0.21321305632591248,286.10107421875,2.548304557800293,312.1883544921875,20.914358139038086
fast,C:\Users\Light\Videos\高速运动.mp4,238,True,0.20936799049377441,286.0965270996094,2.5548934936523438,312.1887512207031,20.917451858520508
fast,C:\Users\Light\Videos\高速运动.mp4,239,True,0.2090885490179062,286.0523986816406,2.4516892433166504,312.1299133300781,20.887039184570312
fast,C:\Users\Light\Videos\高速运动.mp4,240,True,0.23950469493865967,286.1367492675781,2.4252774715423584,312.2184753417969,20.718618392944336
fast,C:\Users\Light\Videos\高速运动.mp4,241,True,0.25248944759368896,286.137939453125,2.4259049892425537,312.23382568359375,20.718841552734375
fast,C:\Users\Light\Videos\高速运动.mp4,242,True,0.1463712453842163,285.8865051269531,2.5214333534240723,312.1432800292969,20.48946189880371
fast,C:\Users\Light\Videos\高速运动.mp4,243,True,0.1512865424156189,285.92047119140625,2.484701156616211,312.0460205078125,20.42767333984375
fast,C:\Users\Light\Videos\高速运动.mp4,244,True,0.15280000865459442,285.927978515625,2.4877827167510986,312.0453186035156,20.424962997436523
fast,C:\Users\Light\Videos\高速运动.mp4,245,True,0.22304698824882507,286.028076171875,2.3143413066864014,312.12493896484375,20.375993728637695
fast,C:\Users\Light\Videos\高速运动.mp4,246,True,0.22300389409065247,286.0276184082031,2.3143413066864014,312.125244140625,20.378414154052734
fast,C:\Users\Light\Videos\高速运动.mp4,247,True,0.2149370014667511,285.923095703125,1.4573426246643066,311.7291259765625,20.838092803955078
fast,C:\Users\Light\Videos\高速运动.mp4,248,True,0.23350580036640167,286.2833557128906,1.7887392044067383,312.03765869140625,20.400287628173828
fast,C:\Users\Light\Videos\高速运动.mp4,249,True,0.2844853699207306,286.1156005859375,1.696169137954712,311.55548095703125,20.640872955322266
fast,C:\Users\Light\Videos\高速运动.mp4,250,True,0.18820978701114655,286.10906982421875,1.4485797882080078,311.712158203125,21.0920352935791
fast,C:\Users\Light\Videos\高速运动.mp4,251,True,0.1929473578929901,286.11785888671875,1.4449043273925781,311.7050476074219,21.097190856933594
fast,C:\Users\Light\Videos\高速运动.mp4,252,True,0.12345754355192184,286.3287353515625,2.9429235458374023,311.3843078613281,22.65419578552246
fast,C:\Users\Light\Videos\高速运动.mp4,253,True,0.10729748755693436,368.2530517578125,36.715972900390625,394.4399719238281,56.6888313293457
fast,C:\Users\Light\Videos\高速运动.mp4,254,True,0.10332135856151581,368.2046813964844,36.68071746826172,394.503173828125,56.626953125
fast,C:\Users\Light\Videos\高速运动.mp4,255,True,0.105215884745121,285.8133544921875,2.7111005783081055,311.3670654296875,22.41233253479004
fast,C:\Users\Light\Videos\高速运动.mp4,256,True,0.10447314381599426,285.7984619140625,2.7300381660461426,311.36724853515625,22.41939353942871
fast,C:\Users\Light\Videos\高速运动.mp4,257,True,0.12258705496788025,345.8199157714844,40.61973571777344,372.5268859863281,60.2782096862793
fast,C:\Users\Light\Videos\高速运动.mp4,258,True,0.29584258794784546,334.2549743652344,34.85302734375,362.54400634765625,55.4028434753418
fast,C:\Users\Light\Videos\高速运动.mp4,259,True,0.29791122674942017,334.25494384765625,34.84211349487305,362.5375061035156,55.3992805480957
fast,C:\Users\Light\Videos\高速运动.mp4,260,True,0.0373661108314991,320.21527099609375,35.915103912353516,349.295166015625,56.227718353271484
fast,C:\Users\Light\Videos\高速运动.mp4,261,True,0.03259693458676338,286.131103515625,2.0260865688323975,312.87994384765625,21.254226684570312
fast,C:\Users\Light\Videos\高速运动.mp4,262,True,0.033389609307050705,286.13433837890625,2.0434889793395996,312.90155029296875,21.247234344482422
fast,C:\Users\Light\Videos\高速运动.mp4,263,True,0.049282997846603394,285.8952941894531,1.9893320798873901,312.5881042480469,21.696245193481445
fast,C:\Users\Light\Videos\高速运动.mp4,264,True,0.05745403841137886,286.6587829589844,1.5802912712097168,312.10809326171875,20.34741973876953
fast,C:\Users\Light\Videos\高速运动.mp4,265,True,0.05773795396089554,286.66668701171875,1.5939621925354004,312.114501953125,20.34880828857422
fast,C:\Users\Light\Videos\高速运动.mp4,266,True,0.05736837536096573,286.039794921875,1.9628866910934448,312.67181396484375,21.226661682128906
fast,C:\Users\Light\Videos\高速运动.mp4,267,True,0.033088598400354385,286.0614318847656,1.5410938262939453,312.3280334472656,21.268144607543945
fast,C:\Users\Light\Videos\高速运动.mp4,268,True,0.03327089548110962,286.0652160644531,1.5331377983093262,312.3222351074219,21.265342712402344
fast,C:\Users\Light\Videos\高速运动.mp4,269,True,0.04769384115934372,286.2260437011719,1.7937593460083008,312.6045227050781,21.260793685913086
fast,C:\Users\Light\Videos\高速运动.mp4,270,True,0.04626641422510147,286.2549743652344,1.7959892749786377,312.6158447265625,21.247817993164062
fast,C:\Users\Light\Videos\高速运动.mp4,271,True,0.05803276225924492,286.45751953125,2.494640588760376,311.8370056152344,19.58258628845215
fast,C:\Users\Light\Videos\高速运动.mp4,272,True,0.047571562230587006,286.2906799316406,1.7909691333770752,312.3647155761719,21.447837829589844
fast,C:\Users\Light\Videos\高速运动.mp4,273,True,0.053794898092746735,286.0998840332031,2.244227409362793,311.85821533203125,20.880966186523438
fast,C:\Users\Light\Videos\高速运动.mp4,274,True,0.06686457246541977,286.0418701171875,1.7428183555603027,312.40533447265625,21.194522857666016
fast,C:\Users\Light\Videos\高速运动.mp4,275,True,0.06450773775577545,286.06146240234375,1.7289345264434814,312.4169006347656,21.138002395629883
fast,C:\Users\Light\Videos\高速运动.mp4,276,True,0.08019034564495087,285.8747863769531,2.017009973526001,312.5311584472656,21.59380340576172
fast,C:\Users\Light\Videos\高速运动.mp4,277,True,0.09834801405668259,286.1719665527344,2.120326280593872,312.26580810546875,20.857881546020508
fast,C:\Users\Light\Videos\高速运动.mp4,278,True,0.09407766908407211,286.15570068359375,2.1418075561523438,312.27276611328125,20.87070083618164
fast,C:\Users\Light\Videos\高速运动.mp4,279,True,0.08436444401741028,285.8911437988281,1.4099314212799072,311.755615234375,21.316619873046875
fast,C:\Users\Light\Videos\高速运动.mp4,280,True,0.08700176328420639,285.8983459472656,1.409057378768921,311.7579650878906,21.28679084777832
fast,C:\Users\Light\Videos\高速运动.mp4,281,True,0.16283570230007172,286.0824279785156,1.3116352558135986,311.7023620605469,20.762096405029297
fast,C:\Users\Light\Videos\高速运动.mp4,282,True,0.10069771111011505,286.2518310546875,1.6233770847320557,312.1141662597656,20.775453567504883
fast,C:\Users\Light\Videos\高速运动.mp4,283,True,0.09997420012950897,286.2581787109375,1.6242623329162598,312.10931396484375,20.764583587646484
fast,C:\Users\Light\Videos\高速运动.mp4,284,True,0.21716703474521637,286.13153076171875,1.397918939590454,311.73052978515625,20.732378005981445
fast,C:\Users\Light\Videos\高速运动.mp4,285,True,0.1515939086675644,285.8397521972656,1.7796401977539062,311.7811584472656,21.256175994873047
fast,C:\Users\Light\Videos\高速运动.mp4,286,True,0.15147267282009125,285.84161376953125,1.7842233180999756,311.7789001464844,21.25310707092285
fast,C:\Users\Light\Videos\高速运动.mp4,287,True,0.4149952828884125,24.092477798461914,42.210182189941406,52.38019943237305,63.09925842285156
fast,C:\Users\Light\Videos\高速运动.mp4,288,True,0.5442067384719849,39.5744743347168,44.11478805541992,64.6705322265625,64.0168228149414
fast,C:\Users\Light\Videos\高速运动.mp4,289,True,0.544216513633728,39.574954986572266,44.117431640625,64.6695785522461,64.01722717285156
fast,C:\Users\Light\Videos\高速运动.mp4,290,True,0.7884182333946228,47.73418045043945,42.877098083496094,74.69158172607422,64.18750762939453
fast,C:\Users\Light\Videos\高速运动.mp4,291,True,0.7899966239929199,47.7365837097168,42.85222244262695,74.66587829589844,64.21458435058594
fast,C:\Users\Light\Videos\高速运动.mp4,292,True,0.587480902671814,57.21919631958008,42.7234001159668,84.4483642578125,64.24300384521484
fast,C:\Users\Light\Videos\高速运动.mp4,293,True,0.6947692036628723,66.62230682373047,43.96855163574219,93.08643341064453,64.18121337890625
fast,C:\Users\Light\Videos\高速运动.mp4,294,True,0.6938982009887695,66.634765625,43.95147705078125,93.12931823730469,64.19985961914062
fast,C:\Users\Light\Videos\高速运动.mp4,295,True,0.6343764662742615,76.87310791015625,43.84638977050781,101.82827758789062,64.44644927978516
fast,C:\Users\Light\Videos\高速运动.mp4,296,True,0.6900887489318848,85.51445007324219,43.6846923828125,110.95236206054688,63.73876953125
fast,C:\Users\Light\Videos\高速运动.mp4,297,True,0.4604211747646332,96.96261596679688,44.347572326660156,122.05985260009766,64.11814880371094
fast,C:\Users\Light\Videos\高速运动.mp4,298,True,0.3352952003479004,105.70467376708984,43.268714904785156,131.36795043945312,64.08329772949219
fast,C:\Users\Light\Videos\高速运动.mp4,299,True,0.33526572585105896,105.7049331665039,43.2672119140625,131.36802673339844,64.08515930175781
fast,C:\Users\Light\Videos\高速运动.mp4,300,True,0.23318718373775482,116.88294982910156,43.05925750732422,142.19110107421875,63.30894088745117
fast,C:\Users\Light\Videos\高速运动.mp4,301,True,0.23327748477458954,116.88279724121094,43.05988311767578,142.18817138671875,63.3063850402832
fast,C:\Users\Light\Videos\高速运动.mp4,302,True,0.24891747534275055,286.29705810546875,2.3326401710510254,312.7788391113281,21.414379119873047
fast,C:\Users\Light\Videos\高速运动.mp4,303,True,0.3238183557987213,143.47715759277344,44.579933166503906,168.52772521972656,64.0155029296875
fast,C:\Users\Light\Videos\高速运动.mp4,304,True,0.32400864362716675,143.47555541992188,44.58082962036133,168.52880859375,64.01644134521484
fast,C:\Users\Light\Videos\高速运动.mp4,305,True,0.37335488200187683,154.96405029296875,44.030609130859375,179.46824645996094,63.3245849609375
fast,C:\Users\Light\Videos\高速运动.mp4,306,True,0.2048671841621399,286.2607727050781,2.3549394607543945,312.1216125488281,20.516063690185547
fast,C:\Users\Light\Videos\高速运动.mp4,307,True,0.2053772211074829,286.2572021484375,2.355006694793701,312.1214599609375,20.519987106323242
fast,C:\Users\Light\Videos\高速运动.mp4,308,True,0.13439589738845825,286.4314880371094,2.2221522331237793,311.381103515625,22.012134552001953
fast,C:\Users\Light\Videos\高速运动.mp4,309,True,0.24192403256893158,286.0049743652344,2.3099822998046875,311.991455078125,20.468059539794922
fast,C:\Users\Light\Videos\高速运动.mp4,310,True,0.24061839282512665,286.0072021484375,2.313668966293335,311.9927978515625,20.464719772338867
fast,C:\Users\Light\Videos\高速运动.mp4,311,True,0.1375626176595688,285.76568603515625,2.1460769176483154,312.3203430175781,21.28701400756836
fast,C:\Users\Light\Videos\高速运动.mp4,312,True,0.19550317525863647,286.0404052734375,2.3966805934906006,312.0537414550781,20.343137741088867
fast,C:\Users\Light\Videos\高速运动.mp4,313,True,0.20078198611736298,286.0350036621094,2.3884780406951904,312.0411071777344,20.345401763916016
fast,C:\Users\Light\Videos\高速运动.mp4,314,True,0.13421329855918884,286.17864990234375,1.3624866008758545,312.01611328125,21.38829231262207
fast,C:\Users\Light\Videos\高速运动.mp4,315,True,0.1336728185415268,286.1811218261719,1.367405891418457,312.017578125,21.398399353027344
fast,C:\Users\Light\Videos\高速运动.mp4,316,True,0.1588944047689438,285.7291259765625,2.1529011726379395,312.30841064453125,21.361757278442383
fast,C:\Users\Light\Videos\高速运动.mp4,317,True,0.21495191752910614,286.030029296875,2.509488105773926,312.70562744140625,21.297548294067383
fast,C:\Users\Light\Videos\高速运动.mp4,318,True,0.21548807621002197,286.02801513671875,2.5103397369384766,312.7060546875,21.30149269104004
fast,C:\Users\Light\Videos\高速运动.mp4,319,True,0.2820621728897095,286.3677062988281,2.173340320587158,312.23846435546875,20.591524124145508
fast,C:\Users\Light\Videos\高速运动.mp4,320,True,0.18115749955177307,286.0564270019531,2.398641586303711,312.0970458984375,20.43914794921875
fast,C:\Users\Light\Videos\高速运动.mp4,321,True,0.26684802770614624,286.1814880371094,2.2247743606567383,312.4256591796875,20.829240798950195
fast,C:\Users\Light\Videos\高速运动.mp4,322,True,0.11656482517719269,285.87823486328125,2.661078453063965,311.09234619140625,22.168766021728516
fast,C:\Users\Light\Videos\高速运动.mp4,323,True,0.1166057139635086,285.8789367675781,2.660327672958374,311.09149169921875,22.16769027709961
fast,C:\Users\Light\Videos\高速运动.mp4,324,True,0.23895041644573212,286.0563049316406,2.3797264099121094,312.6019592285156,21.16254234313965
fast,C:\Users\Light\Videos\高速运动.mp4,325,True,0.2383246123790741,286.0632629394531,2.380084991455078,312.6083984375,21.161779403686523
fast,C:\Users\Light\Videos\高速运动.mp4,326,True,0.1453104168176651,286.1504211425781,1.1762819290161133,312.02642822265625,21.29575538635254
fast,C:\Users\Light\Videos\高速运动.mp4,327,True,0.17872504889965057,285.6945495605469,1.573904037475586,311.5423889160156,20.887374877929688
fast,C:\Users\Light\Videos\高速运动.mp4,328,True,0.17723672091960907,285.7019958496094,1.5829358100891113,311.544677734375,20.885066986083984
fast,C:\Users\Light\Videos\高速运动.mp4,329,True,0.20162633061408997,394.0310974121094,42.38617706298828,420.67462158203125,65.6910171508789
fast,C:\Users\Light\Videos\高速运动.mp4,330,True,0.1086663007736206,285.9020080566406,3.42834210395813,311.2672119140625,22.950429916381836
fast,C:\Users\Light\Videos\高速运动.mp4,331,True,0.10822582989931107,285.8988342285156,3.430359125137329,311.2725830078125,22.949174880981445
fast,C:\Users\Light\Videos\高速运动.mp4,332,True,0.15870881080627441,370.6994323730469,39.2004280090332,398.61883544921875,59.22926712036133
fast,C:\Users\Light\Videos\高速运动.mp4,333,True,0.09613540023565292,285.611572265625,3.9698004722595215,311.2561950683594,23.451345443725586
fast,C:\Users\Light\Videos\高速运动.mp4,334,True,0.0958198606967926,285.6026916503906,3.9887044429779053,311.2500305175781,23.46519660949707
fast,C:\Users\Light\Videos\高速运动.mp4,335,True,0.047253359109163284,284.3419189453125,5.336724281311035,311.2938537597656,24.51873016357422
fast,C:\Users\Light\Videos\高速运动.mp4,336,True,0.047855179756879807,284.3670654296875,5.313539981842041,311.3135986328125,24.506607055664062
fast,C:\Users\Light\Videos\高速运动.mp4,337,True,0.3260782063007355,336.89337158203125,40.559852600097656,364.4593811035156,59.287269592285156
fast,C:\Users\Light\Videos\高速运动.mp4,338,True,0.6109477281570435,325.58282470703125,38.90013885498047,351.8027038574219,60.14761734008789
fast,C:\Users\Light\Videos\高速运动.mp4,339,True,0.6061641573905945,325.5597229003906,38.90654754638672,351.8075866699219,60.13766860961914
fast,C:\Users\Light\Videos\高速运动.mp4,340,True,0.20804347097873688,313.6175231933594,39.45185852050781,338.7229309082031,60.231658935546875
fast,C:\Users\Light\Videos\高速运动.mp4,341,True,0.12217944860458374,408.77520751953125,89.51553344726562,434.2726135253906,107.19947814941406
fast,C:\Users\Light\Videos\高速运动.mp4,342,True,0.12240078300237656,408.7474670410156,89.50836181640625,434.26629638671875,107.18109893798828
fast,C:\Users\Light\Videos\高速运动.mp4,343,True,0.13015727698802948,407.8904113769531,89.8263168334961,433.46856689453125,106.86785888671875
fast,C:\Users\Light\Videos\高速运动.mp4,344,True,0.17028789222240448,272.0028991699219,38.00778579711914,297.2104797363281,57.99153518676758
fast,C:\Users\Light\Videos\高速运动.mp4,345,True,0.05055534467101097,283.8494873046875,5.262990951538086,310.96258544921875,24.496723175048828
fast,C:\Users\Light\Videos\高速运动.mp4,346,True,0.05057724937796593,283.8262023925781,5.269221305847168,310.93756103515625,24.498605728149414
fast,C:\Users\Light\Videos\高速运动.mp4,347,True,0.07495716959238052,285.2041320800781,4.233211994171143,311.478515625,23.637359619140625
fast,C:\Users\Light\Videos\高速运动.mp4,348,True,0.06379736214876175,284.9574890136719,4.180018901824951,311.5894775390625,23.628149032592773
fast,C:\Users\Light\Videos\高速运动.mp4,349,True,0.0632462128996849,284.94390869140625,4.204514503479004,311.5895080566406,23.651321411132812
fast,C:\Users\Light\Videos\高速运动.mp4,350,True,0.1162918359041214,285.9167175292969,2.2400588989257812,312.6382751464844,21.182756423950195
fast,C:\Users\Light\Videos\高速运动.mp4,351,True,0.054292477667331696,284.73712158203125,4.625993251800537,311.6442565917969,24.0885009765625
fast,C:\Users\Light\Videos\高速运动.mp4,352,True,0.05252976343035698,284.6759338378906,4.696040153503418,311.6240539550781,24.14800262451172
fast,C:\Users\Light\Videos\高速运动.mp4,353,True,0.11402038484811783,286.158935546875,2.0241591930389404,312.5390930175781,20.969894409179688
fast,C:\Users\Light\Videos\高速运动.mp4,354,True,0.07599984109401703,285.28216552734375,3.8640973567962646,311.56878662109375,23.40289306640625
fast,C:\Users\Light\Videos\高速运动.mp4,355,True,0.07615465670824051,285.2783203125,3.862539768218994,311.5567321777344,23.401369094848633
fast,C:\Users\Light\Videos\高速运动.mp4,356,True,0.06564579159021378,285.07659912109375,4.161092281341553,311.7046813964844,23.683124542236328
fast,C:\Users\Light\Videos\高速运动.mp4,357,True,0.09315992891788483,285.6539001464844,2.983051061630249,311.58367919921875,22.77304458618164
fast,C:\Users\Light\Videos\高速运动.mp4,358,True,0.09349773824214935,285.6653747558594,2.9711618423461914,311.589599609375,22.763519287109375
fast,C:\Users\Light\Videos\高速运动.mp4,359,True,0.1588507890701294,285.92608642578125,2.2072486877441406,312.5753173828125,21.423768997192383
fast,C:\Users\Light\Videos\高速运动.mp4,360,True,0.15948307514190674,285.925048828125,2.2056238651275635,312.5740966796875,21.42574119567871
fast,C:\Users\Light\Videos\高速运动.mp4,361,True,0.09743299335241318,285.68603515625,2.965738296508789,311.5107421875,22.790502548217773
fast,C:\Users\Light\Videos\高速运动.mp4,362,True,0.12082667648792267,286.0472412109375,2.5496268272399902,312.2820739746094,20.753602981567383
fast,C:\Users\Light\Videos\高速运动.mp4,363,True,0.11971314996480942,286.0444641113281,2.5548150539398193,312.2830810546875,20.756694793701172
fast,C:\Users\Light\Videos\高速运动.mp4,364,True,0.1034369096159935,285.6205139160156,3.001753330230713,311.3382873535156,22.895723342895508
fast,C:\Users\Light\Videos\高速运动.mp4,365,True,0.11123106628656387,285.7037048339844,2.899759292602539,311.1972351074219,22.811792373657227
fast,C:\Users\Light\Videos\高速运动.mp4,366,True,0.11083604395389557,285.7051086425781,2.8865814208984375,311.2073974609375,22.79475975036621
fast,C:\Users\Light\Videos\高速运动.mp4,367,True,0.13267911970615387,10.503222465515137,42.08445358276367,37.00695037841797,61.492679595947266
fast,C:\Users\Light\Videos\高速运动.mp4,368,True,0.5034819841384888,26.335092544555664,43.63977813720703,52.70622634887695,63.912052154541016
fast,C:\Users\Light\Videos\高速运动.mp4,369,True,0.48341161012649536,38.29248046875,45.0571174621582,63.15587615966797,64.50895690917969
fast,C:\Users\Light\Videos\高速运动.mp4,370,True,0.4811812937259674,38.28641128540039,45.07246780395508,63.14933776855469,64.5088882446289
fast,C:\Users\Light\Videos\高速运动.mp4,371,True,0.6657675504684448,48.6658821105957,43.91958236694336,73.97467041015625,65.0296401977539
fast,C:\Users\Light\Videos\高速运动.mp4,372,True,0.5018495917320251,57.24213409423828,44.382266998291016,82.44776153564453,63.76454162597656
fast,C:\Users\Light\Videos\高速运动.mp4,373,True,0.5017585158348083,57.24480056762695,44.38457489013672,82.44661712646484,63.76259231567383
fast,C:\Users\Light\Videos\高速运动.mp4,374,True,0.7138592004776001,66.67062377929688,44.161109924316406,92.62034606933594,64.84046173095703
fast,C:\Users\Light\Videos\高速运动.mp4,375,True,0.4177303910255432,77.1371078491211,44.753936767578125,102.65514373779297,64.1794662475586
fast,C:\Users\Light\Videos\高速运动.mp4,376,True,0.4175250828266144,77.13734436035156,44.756134033203125,102.65799713134766,64.1808090209961
fast,C:\Users\Light\Videos\高速运动.mp4,377,True,0.5473581552505493,86.16250610351562,44.00468063354492,112.72230529785156,63.95974349975586
fast,C:\Users\Light\Videos\高速运动.mp4,378,True,0.4935133755207062,96.91217041015625,43.22407150268555,122.2225570678711,64.44546508789062
fast,C:\Users\Light\Videos\高速运动.mp4,379,True,0.49127525091171265,96.93270874023438,43.220550537109375,122.21815490722656,64.41101837158203
fast,C:\Users\Light\Videos\高速运动.mp4,380,True,0.31727638840675354,108.5967025756836,44.156314849853516,134.9556121826172,64.53437042236328
fast,C:\Users\Light\Videos\高速运动.mp4,381,True,0.30655819177627563,108.58824157714844,44.13865661621094,134.91897583007812,64.48399353027344
fast,C:\Users\Light\Videos\高速运动.mp4,382,True,0.219048872590065,119.82262420654297,43.0423583984375,145.1202392578125,62.549373626708984
fast,C:\Users\Light\Videos\高速运动.mp4,383,True,0.1537182629108429,285.82147216796875,2.507112503051758,312.2522888183594,20.793113708496094
fast,C:\Users\Light\Videos\高速运动.mp4,384,True,0.15497390925884247,285.82928466796875,2.510754346847534,312.2463073730469,20.783992767333984
fast,C:\Users\Light\Videos\高速运动.mp4,385,True,0.15722057223320007,286.2167053222656,1.4387412071228027,311.9910583496094,21.42020606994629
fast,C:\Users\Light\Videos\高速运动.mp4,386,True,0.22150403261184692,286.04888916015625,2.373227119445801,311.9327087402344,20.310686111450195
fast,C:\Users\Light\Videos\高速运动.mp4,387,True,0.22226019203662872,286.05108642578125,2.3742692470550537,311.9296569824219,20.30961036682129
fast,C:\Users\Light\Videos\高速运动.mp4,388,True,0.15042468905448914,286.2517395019531,1.7105684280395508,311.94586181640625,21.421079635620117
fast,C:\Users\Light\Videos\高速运动.mp4,389,True,0.2544199526309967,189.8455810546875,45.76072311401367,216.5404510498047,64.29701232910156
fast,C:\Users\Light\Videos\高速运动.mp4,390,True,0.23708871006965637,286.2078857421875,2.30619478225708,312.5205383300781,20.87377166748047
fast,C:\Users\Light\Videos\高速运动.mp4,391,True,0.1817655861377716,285.8204345703125,2.393744707107544,311.98236083984375,20.433748245239258
fast,C:\Users\Light\Videos\高速运动.mp4,392,True,0.18756558001041412,285.8169860839844,2.3874807357788086,311.97564697265625,20.43112564086914
fast,C:\Users\Light\Videos\高速运动.mp4,393,True,0.1454373300075531,285.7947692871094,2.654086112976074,312.0702819824219,20.61574935913086
fast,C:\Users\Light\Videos\高速运动.mp4,394,True,0.14512835443019867,285.7920837402344,2.653458595275879,312.07098388671875,20.616243362426758
fast,C:\Users\Light\Videos\高速运动.mp4,395,True,0.11260630190372467,285.5184631347656,2.7832539081573486,310.8287658691406,22.240617752075195
fast,C:\Users\Light\Videos\高速运动.mp4,396,True,0.09593597054481506,285.27874755859375,3.4284989833831787,310.8437194824219,22.604129791259766
fast,C:\Users\Light\Videos\高速运动.mp4,397,True,0.09574280679225922,285.27569580078125,3.4326674938201904,310.8443908691406,22.605026245117188
fast,C:\Users\Light\Videos\高速运动.mp4,398,True,0.10894834995269775,285.80572509765625,3.0015628337860107,311.159912109375,22.400209426879883
fast,C:\Users\Light\Videos\高速运动.mp4,399,True,0.047430962324142456,284.2711181640625,5.130372047424316,311.0368957519531,24.0615177154541
fast,C:\Users\Light\Videos\高速运动.mp4,400,True,0.047094978392124176,284.2661437988281,5.1440205574035645,311.04046630859375,24.07180404663086
fast,C:\Users\Light\Videos\高速运动.mp4,401,True,0.103095144033432,285.35833740234375,3.0229880809783936,310.80877685546875,22.31493377685547
fast,C:\Users\Light\Videos\高速运动.mp4,402,True,0.07487598061561584,285.1533203125,4.401610851287842,311.2591552734375,23.409122467041016
fast,C:\Users\Light\Videos\高速运动.mp4,403,True,0.0742715373635292,285.1410827636719,4.422027587890625,311.2578430175781,23.42792510986328
fast,C:\Users\Light\Videos\高速运动.mp4,404,True,0.09653593599796295,285.5107727050781,3.4659371376037598,311.0870056152344,22.727773666381836
fast,C:\Users\Light\Videos\高速运动.mp4,405,True,0.09642721712589264,285.513671875,3.4729294776916504,311.0916748046875,22.73516845703125
fast,C:\Users\Light\Videos\高速运动.mp4,406,True,0.06473575532436371,284.65264892578125,4.729287147521973,310.9812316894531,23.723934173583984
fast,C:\Users\Light\Videos\高速运动.mp4,407,True,0.057830825448036194,284.4249267578125,4.57091760635376,311.1246032714844,23.73874855041504
fast,C:\Users\Light\Videos\高速运动.mp4,408,True,0.05802170932292938,284.4391784667969,4.5684075355529785,311.12884521484375,23.73072624206543
fast,C:\Users\Light\Videos\高速运动.mp4,409,True,0.07267602533102036,284.6422424316406,3.9179182052612305,310.9613952636719,23.300495147705078
fast,C:\Users\Light\Videos\高速运动.mp4,410,True,0.08689218014478683,285.5069274902344,1.8456528186798096,311.5444030761719,21.291160583496094
fast,C:\Users\Light\Videos\高速运动.mp4,411,True,0.08771361410617828,285.5108337402344,1.8374390602111816,311.5372619628906,21.291385650634766
fast,C:\Users\Light\Videos\高速运动.mp4,412,True,0.15260188281536102,285.6332092285156,1.7550325393676758,311.5225524902344,21.20772361755371
fast,C:\Users\Light\Videos\高速运动.mp4,413,True,0.34192562103271484,377.0081787109375,40.34197235107422,403.087890625,60.75664520263672
fast,C:\Users\Light\Videos\高速运动.mp4,414,True,0.35261955857276917,376.97711181640625,40.355979919433594,403.03656005859375,60.758460998535156
fast,C:\Users\Light\Videos\高速运动.mp4,415,True,0.6480778455734253,368.0380554199219,39.82025909423828,394.9069519042969,61.27226638793945
fast,C:\Users\Light\Videos\高速运动.mp4,416,True,0.6459408402442932,368.0380554199219,39.82063674926758,394.92523193359375,61.27354049682617
fast,C:\Users\Light\Videos\高速运动.mp4,417,True,0.2625272274017334,353.6995849609375,38.57111740112305,380.05499267578125,59.91541290283203
fast,C:\Users\Light\Videos\高速运动.mp4,418,True,0.2695519030094147,353.70941162109375,38.58946990966797,380.03265380859375,59.89620590209961
fast,C:\Users\Light\Videos\高速运动.mp4,419,True,0.17545099556446075,340.7543029785156,38.92398452758789,366.4546813964844,59.95541763305664
fast,C:\Users\Light\Videos\高速运动.mp4,420,True,0.2731793224811554,331.0496520996094,39.164546966552734,357.4635925292969,59.99239730834961
fast,C:\Users\Light\Videos\高速运动.mp4,421,True,0.2729150950908661,331.0519714355469,39.165443420410156,357.4622497558594,59.991905212402344
fast,C:\Users\Light\Videos\高速运动.mp4,422,True,0.017286449670791626,285.8818359375,2.72818922996521,313.4142761230469,21.528541564941406
fast,C:\Users\Light\Videos\高速运动.mp4,423,True,0.05628335848450661,300.89361572265625,36.92367935180664,328.5799865722656,56.254451751708984
fast,C:\Users\Light\Videos\高速运动.mp4,424,True,0.05752049386501312,300.9198303222656,36.91209411621094,328.5657043457031,56.25564193725586
fast,C:\Users\Light\Videos\高速运动.mp4,425,True,0.014170672744512558,394.8642578125,14.309802055358887,420.3597717285156,31.981103897094727
fast,C:\Users\Light\Videos\高速运动.mp4,426,True,0.013687463477253914,394.87261962890625,14.31401538848877,420.35638427734375,31.979400634765625
fast,C:\Users\Light\Videos\高速运动.mp4,427,True,0.010494769550859928,286.1739807128906,2.861671209335327,313.56243896484375,21.466753005981445
fast,C:\Users\Light\Videos\高速运动.mp4,428,True,0.013644876889884472,394.7628479003906,14.659709930419922,420.6125183105469,32.64024353027344
fast,C:\Users\Light\Videos\高速运动.mp4,429,True,0.013393435627222061,394.76031494140625,14.665671348571777,420.58428955078125,32.63621139526367
fast,C:\Users\Light\Videos\高速运动.mp4,430,True,0.013715237379074097,394.73974609375,14.496891975402832,420.4209899902344,32.525115966796875
fast,C:\Users\Light\Videos\高速运动.mp4,431,True,0.01575334183871746,285.8623352050781,2.2091312408447266,313.0426330566406,21.29606819152832
fast,C:\Users\Light\Videos\高速运动.mp4,432,True,0.016263822093605995,285.89422607421875,2.142491102218628,313.0265197753906,21.244747161865234
fast,C:\Users\Light\Videos\高速运动.mp4,433,True,0.018052630126476288,286.0111999511719,2.470906972885132,313.2403869628906,21.56697654724121
fast,C:\Users\Light\Videos\高速运动.mp4,434,True,0.011574171483516693,285.93524169921875,2.403034210205078,313.0972900390625,21.809154510498047
fast,C:\Users\Light\Videos\高速运动.mp4,435,True,0.011604450643062592,285.938720703125,2.4250645637512207,313.1159973144531,21.833515167236328
fast,C:\Users\Light\Videos\高速运动.mp4,436,True,0.011059878394007683,285.6397705078125,2.5127713680267334,313.1506042480469,21.710432052612305
fast,C:\Users\Light\Videos\高速运动.mp4,437,True,0.011037944816052914,285.64166259765625,2.5042102336883545,313.1443786621094,21.71437644958496
fast,C:\Users\Light\Videos\高速运动.mp4,438,True,0.01333609875291586,285.9839782714844,2.5638692378997803,313.31695556640625,21.58387565612793
fast,C:\Users\Light\Videos\高速运动.mp4,439,True,0.02680399641394615,286.03790283203125,2.4724645614624023,313.14263916015625,21.109651565551758
fast,C:\Users\Light\Videos\高速运动.mp4,440,True,0.027413567528128624,286.03125,2.4551069736480713,313.12335205078125,21.12085723876953
fast,C:\Users\Light\Videos\高速运动.mp4,441,True,0.014368767850100994,285.6329345703125,2.560361862182617,312.96612548828125,21.900503158569336
fast,C:\Users\Light\Videos\高速运动.mp4,442,True,0.01452367939054966,285.6392822265625,2.5551624298095703,312.9669189453125,21.88862419128418
fast,C:\Users\Light\Videos\高速运动.mp4,443,True,0.0460192896425724,285.98455810546875,2.3223533630371094,312.5148620605469,20.918212890625
fast,C:\Users\Light\Videos\高速运动.mp4,444,True,0.04073541611433029,285.6266784667969,2.3208181858062744,312.06744384765625,21.364198684692383
fast,C:\Users\Light\Videos\高速运动.mp4,445,True,0.04073556512594223,285.626708984375,2.3194398880004883,312.06744384765625,21.366260528564453
fast,C:\Users\Light\Videos\高速运动.mp4,446,True,0.09947341680526733,285.95428466796875,2.1861484050750732,312.26580810546875,21.01030158996582
fast,C:\Users\Light\Videos\高速运动.mp4,447,True,0.08084934204816818,285.0415954589844,3.761542797088623,311.13824462890625,23.221494674682617
fast,C:\Users\Light\Videos\高速运动.mp4,448,True,0.08070560544729233,285.0373840332031,3.769510269165039,311.13702392578125,23.225887298583984
fast,C:\Users\Light\Videos\高速运动.mp4,449,True,0.2136993408203125,286.6607971191406,1.866853952407837,312.2305603027344,20.432178497314453
fast,C:\Users\Light\Videos\高速运动.mp4,450,True,0.21326221525669098,286.6253662109375,1.8748435974121094,312.21331787109375,20.446992874145508
fast,C:\Users\Light\Videos\高速运动.mp4,451,True,0.4062030017375946,45.24134826660156,43.616939544677734,71.21481323242188,63.93251419067383
fast,C:\Users\Light\Videos\高速运动.mp4,452,True,0.5820574164390564,54.315250396728516,44.14297866821289,81.4858627319336,64.56513977050781
fast,C:\Users\Light\Videos\高速运动.mp4,453,True,0.5889084339141846,54.27526092529297,44.10862350463867,81.47630310058594,64.57439422607422
fast,C:\Users\Light\Videos\高速运动.mp4,454,True,0.5463176965713501,65.30647277832031,43.657325744628906,90.9777603149414,64.16522979736328
fast,C:\Users\Light\Videos\高速运动.mp4,455,True,0.6262606978416443,72.9313735961914,43.13917541503906,98.64250183105469,65.11646270751953
fast,C:\Users\Light\Videos\高速运动.mp4,456,True,0.6292791366577148,72.9002914428711,43.17967224121094,98.60235595703125,65.12908172607422
fast,C:\Users\Light\Videos\高速运动.mp4,457,True,0.6575456261634827,82.47927856445312,43.625545501708984,109.4535903930664,64.5490951538086
fast,C:\Users\Light\Videos\高速运动.mp4,458,True,0.6562194228172302,91.50225067138672,43.21073532104492,116.2830810546875,64.37049865722656
fast,C:\Users\Light\Videos\高速运动.mp4,459,True,0.6236090064048767,91.45189666748047,43.232181549072266,116.30110931396484,64.42529296875
fast,C:\Users\Light\Videos\高速运动.mp4,460,True,0.5688432455062866,100.60147857666016,43.485877990722656,127.9234848022461,63.496883392333984
fast,C:\Users\Light\Videos\高速运动.mp4,461,True,0.5775371193885803,100.56758117675781,43.46868896484375,127.88092041015625,63.53549575805664
fast,C:\Users\Light\Videos\高速运动.mp4,462,True,0.3079611361026764,286.5015869140625,1.9089089632034302,312.3839416503906,21.070117950439453
fast,C:\Users\Light\Videos\高速运动.mp4,463,True,0.26619753241539,286.2009582519531,2.2172441482543945,312.4560241699219,21.46083641052246
fast,C:\Users\Light\Videos\高速运动.mp4,464,True,0.2692359685897827,286.19427490234375,2.2099268436431885,312.4476318359375,21.463167190551758
fast,C:\Users\Light\Videos\高速运动.mp4,465,True,0.20096652209758759,286.1835021972656,2.558927536010742,312.6000671386719,21.195755004882812
fast,C:\Users\Light\Videos\高速运动.mp4,466,True,0.19922563433647156,286.18121337890625,2.558893918991089,312.6019287109375,21.20073127746582
fast,C:\Users\Light\Videos\高速运动.mp4,467,True,0.4104067385196686,157.4282684326172,43.61138153076172,181.75311279296875,63.620548248291016
fast,C:\Users\Light\Videos\高速运动.mp4,468,True,0.4029236137866974,286.3547058105469,1.957631230354309,312.3371276855469,21.37858772277832
fast,C:\Users\Light\Videos\高速运动.mp4,469,True,0.40223240852355957,286.3514709472656,1.9615532159805298,312.3359375,21.378341674804688
fast,C:\Users\Light\Videos\高速运动.mp4,470,True,0.2586619555950165,286.29986572265625,2.374056339263916,312.54254150390625,21.439613342285156
fast,C:\Users\Light\Videos\高速运动.mp4,471,True,0.2576988637447357,286.3033142089844,2.380925416946411,312.53436279296875,21.42831802368164
fast,C:\Users\Light\Videos\高速运动.mp4,472,True,0.32715263962745667,286.3858947753906,1.9653631448745728,312.3581848144531,21.12128257751465
fast,C:\Users\Light\Videos\高速运动.mp4,473,True,0.15032359957695007,286.271484375,2.448237895965576,312.2088317871094,20.638362884521484
fast,C:\Users\Light\Videos\高速运动.mp4,474,True,0.15071190893650055,286.27459716796875,2.4488654136657715,312.20806884765625,20.63854217529297
fast,C:\Users\Light\Videos\高速运动.mp4,475,True,0.2927733361721039,286.491455078125,2.113356351852417,312.39520263671875,21.057769775390625
fast,C:\Users\Light\Videos\高速运动.mp4,476,True,0.353495329618454,286.14630126953125,2.127453088760376,312.3704833984375,21.61220359802246
fast,C:\Users\Light\Videos\高速运动.mp4,477,True,0.35349372029304504,286.146484375,2.1285736560821533,312.3701477050781,21.612897872924805
fast,C:\Users\Light\Videos\高速运动.mp4,478,True,0.3299487233161926,286.5674743652344,2.0940825939178467,312.4793395996094,21.012319564819336
fast,C:\Users\Light\Videos\高速运动.mp4,479,True,0.35934188961982727,286.2702941894531,2.0174357891082764,312.19232177734375,21.117563247680664
fast,C:\Users\Light\Videos\高速运动.mp4,480,True,0.35457488894462585,286.25933837890625,2.0340874195098877,312.1904602050781,21.11231803894043
fast,C:\Users\Light\Videos\高速运动.mp4,481,True,0.20763486623764038,285.9385070800781,2.607167959213257,312.62884521484375,21.658504486083984
fast,C:\Users\Light\Videos\高速运动.mp4,482,True,0.2076047658920288,285.938232421875,2.606215476989746,312.63031005859375,21.658414840698242
fast,C:\Users\Light\Videos\高速运动.mp4,483,True,0.3167736232280731,286.47845458984375,2.131655216217041,312.2957763671875,20.807390213012695
fast,C:\Users\Light\Videos\高速运动.mp4,484,True,0.2240840345621109,286.4110107421875,2.2746171951293945,312.73712158203125,21.32843017578125
fast,C:\Users\Light\Videos\高速运动.mp4,485,True,0.23300017416477203,286.428466796875,2.2462892532348633,312.71954345703125,21.29297637939453
fast,C:\Users\Light\Videos\高速运动.mp4,486,True,0.16226588189601898,285.84765625,2.2473537921905518,312.2767639160156,20.92578887939453
fast,C:\Users\Light\Videos\高速运动.mp4,487,True,0.155164435505867,285.9982604980469,2.7707931995391846,312.63226318359375,21.352052688598633
fast,C:\Users\Light\Videos\高速运动.mp4,488,True,0.15681518614292145,285.9992370605469,2.7668824195861816,312.6285095214844,21.35306167602539
fast,C:\Users\Light\Videos\高速运动.mp4,489,True,0.322438508272171,286.27252197265625,2.1716034412384033,312.4683837890625,21.40189552307129
fast,C:\Users\Light\Videos\高速运动.mp4,490,True,0.3226865231990814,286.2714538574219,2.171278476715088,312.4678955078125,21.403621673583984
fast,C:\Users\Light\Videos\高速运动.mp4,491,True,0.32937172055244446,286.25390625,2.14298415184021,312.50579833984375,21.428543090820312
fast,C:\Users\Light\Videos\高速运动.mp4,492,True,0.48736855387687683,379.2934875488281,47.812347412109375,404.7336120605469,65.38069152832031
fast,C:\Users\Light\Videos\高速运动.mp4,493,True,0.486517071723938,379.29412841796875,47.81893539428711,404.7345886230469,65.37687683105469
fast,C:\Users\Light\Videos\高速运动.mp4,494,True,0.4710755944252014,375.466064453125,44.286346435546875,400.107666015625,64.92257690429688
fast,C:\Users\Light\Videos\高速运动.mp4,495,True,0.48719218373298645,375.54571533203125,44.29607391357422,400.1336669921875,64.92230987548828
fast,C:\Users\Light\Videos\高速运动.mp4,496,True,0.5697845220565796,374.3714294433594,44.74216842651367,398.62615966796875,64.98907470703125
fast,C:\Users\Light\Videos\高速运动.mp4,497,True,0.6441613435745239,372.0951843261719,45.334590911865234,398.0807800292969,65.60569763183594
fast,C:\Users\Light\Videos\高速运动.mp4,498,True,0.6480339765548706,372.17327880859375,45.29931640625,398.0711975097656,65.59529876708984
fast,C:\Users\Light\Videos\高速运动.mp4,499,True,0.36221572756767273,286.3712463378906,1.7336184978485107,312.4004211425781,21.05391502380371
fast,C:\Users\Light\Videos\高速运动.mp4,500,True,0.692451536655426,368.5135803222656,40.10100555419922,394.1077880859375,61.389766693115234
fast,C:\Users\Light\Videos\高速运动.mp4,501,True,0.691223680973053,368.51513671875,40.102909088134766,394.11083984375,61.38010787963867
fast,C:\Users\Light\Videos\高速运动.mp4,502,True,0.725314199924469,363.64483642578125,39.68816375732422,390.6847229003906,60.867828369140625
fast,C:\Users\Light\Videos\高速运动.mp4,503,True,0.635242760181427,357.4488525390625,38.880191802978516,385.92108154296875,60.27469253540039
fast,C:\Users\Light\Videos\高速运动.mp4,504,True,0.6352654695510864,357.4486083984375,38.87880325317383,385.92083740234375,60.2747802734375
fast,C:\Users\Light\Videos\高速运动.mp4,505,True,0.6785904169082642,351.9833984375,39.03151321411133,377.7086181640625,60.80767822265625
fast,C:\Users\Light\Videos\高速运动.mp4,506,True,0.6789573431015015,351.9879150390625,39.02676010131836,377.7103576660156,60.804046630859375
fast,C:\Users\Light\Videos\高速运动.mp4,507,True,0.49199193716049194,341.36041259765625,38.2666130065918,370.0455017089844,59.87397384643555
fast,C:\Users\Light\Videos\高速运动.mp4,508,True,0.5651616454124451,332.3281555175781,40.018306732177734,359.0943298339844,61.5772590637207
fast,C:\Users\Light\Videos\高速运动.mp4,509,True,0.5653369426727295,332.32977294921875,40.02056884765625,359.09832763671875,61.576881408691406
fast,C:\Users\Light\Videos\高速运动.mp4,510,True,0.40098658204078674,319.8792419433594,41.08354187011719,347.9896545410156,60.9300422668457
fast,C:\Users\Light\Videos\高速运动.mp4,511,True,0.25612056255340576,308.3539733886719,40.9698486328125,335.9173278808594,59.72361755371094
fast,C:\Users\Light\Videos\高速运动.mp4,512,True,0.2603439688682556,308.356201171875,40.956512451171875,335.91766357421875,59.68773651123047
fast,C:\Users\Light\Videos\高速运动.mp4,513,True,0.07377372682094574,286.2880554199219,1.6366894245147705,311.997314453125,20.47760581970215
fast,C:\Users\Light\Videos\高速运动.mp4,514,True,0.07242846488952637,286.3078918457031,1.6466960906982422,312.0124206542969,20.46187400817871
fast,C:\Users\Light\Videos\高速运动.mp4,515,True,0.041099533438682556,285.6012878417969,0.9889679551124573,311.46514892578125,20.05062484741211
fast,C:\Users\Light\Videos\高速运动.mp4,516,True,0.041785623878240585,285.6084289550781,0.9861889481544495,311.4633483886719,20.052955627441406
fast,C:\Users\Light\Videos\高速运动.mp4,517,True,0.08229611068964005,286.2743225097656,2.2520601749420166,312.0404357910156,20.633522033691406
fast,C:\Users\Light\Videos\高速运动.mp4,518,True,0.0885104313492775,286.0390319824219,0.7669723033905029,311.52288818359375,20.092220306396484
fast,C:\Users\Light\Videos\高速运动.mp4,519,True,0.08801037818193436,286.0329895019531,0.7727656364440918,311.5287170410156,20.09202003479004
fast,C:\Users\Light\Videos\高速运动.mp4,520,True,0.05067109316587448,286.17852783203125,2.1115074157714844,312.3586730957031,20.7982234954834
fast,C:\Users\Light\Videos\高速运动.mp4,521,True,0.027436278760433197,286.2596130371094,1.8523762226104736,311.8609924316406,20.888898849487305
fast,C:\Users\Light\Videos\高速运动.mp4,522,True,0.027441220358014107,286.26263427734375,1.8529253005981445,311.85894775390625,20.884014129638672
fast,C:\Users\Light\Videos\高速运动.mp4,523,True,0.04486541077494621,286.35284423828125,1.7780265808105469,312.2215881347656,20.408803939819336
fast,C:\Users\Light\Videos\高速运动.mp4,524,True,0.05551685020327568,286.4525146484375,1.058880090713501,311.9255676269531,20.451698303222656
fast,C:\Users\Light\Videos\高速运动.mp4,525,True,0.05546475574374199,286.45263671875,1.0590705871582031,311.92681884765625,20.451744079589844
fast,C:\Users\Light\Videos\高速运动.mp4,526,True,0.0655142292380333,286.19793701171875,2.3909096717834473,312.1417236328125,20.86081886291504
fast,C:\Users\Light\Videos\高速运动.mp4,527,True,0.0669645443558693,286.2078552246094,2.384533643722534,312.1392517089844,20.856157302856445
fast,C:\Users\Light\Videos\高速运动.mp4,528,True,0.06291501969099045,286.2139587402344,1.9560400247573853,312.26678466796875,20.824691772460938
fast,C:\Users\Light\Videos\高速运动.mp4,529,True,0.06000826507806778,286.3702087402344,1.5894911289215088,312.0619812011719,20.408288955688477
fast,C:\Users\Light\Videos\高速运动.mp4,530,True,0.0550176165997982,286.4561767578125,1.6258759498596191,312.15130615234375,20.37646484375
fast,C:\Users\Light\Videos\高速运动.mp4,531,True,0.053484804928302765,286.28973388671875,2.044497489929199,312.26123046875,20.459049224853516
fast,C:\Users\Light\Videos\高速运动.mp4,532,True,0.10446910560131073,286.2530517578125,1.9988008737564087,311.7089538574219,20.281261444091797
fast,C:\Users\Light\Videos\高速运动.mp4,533,True,0.10496295243501663,286.25921630859375,1.9984983205795288,311.7105407714844,20.27370834350586
fast,C:\Users\Light\Videos\高速运动.mp4,534,True,0.1569913774728775,285.9019470214844,1.8997987508773804,311.2294616699219,20.557100296020508
fast,C:\Users\Light\Videos\高速运动.mp4,535,True,0.12026286125183105,286.18408203125,2.2606661319732666,311.64385986328125,19.901723861694336
fast,C:\Users\Light\Videos\高速运动.mp4,536,True,0.11742280423641205,10.840741157531738,46.22501754760742,39.16983413696289,65.07242584228516
fast,C:\Users\Light\Videos\高速运动.mp4,537,True,0.2586779296398163,26.689085006713867,42.418853759765625,52.65985870361328,62.86517333984375
fast,C:\Users\Light\Videos\高速运动.mp4,538,True,0.25513967871665955,26.69922637939453,42.42817687988281,52.668487548828125,62.869834899902344
fast,C:\Users\Light\Videos\高速运动.mp4,539,True,0.5042946338653564,38.297306060791016,44.20512771606445,63.330711364746094,63.89152526855469
fast,C:\Users\Light\Videos\高速运动.mp4,540,True,0.5029915571212769,38.30032730102539,44.2011604309082,63.33805847167969,63.88531494140625
fast,C:\Users\Light\Videos\高速运动.mp4,541,True,0.6956474781036377,47.40427017211914,42.86555480957031,75.1205825805664,64.1980209350586
fast,C:\Users\Light\Videos\高速运动.mp4,542,True,0.316407710313797,59.45649337768555,44.386165618896484,85.08597564697266,63.63711166381836
fast,C:\Users\Light\Videos\高速运动.mp4,543,True,0.31629523634910583,59.47103500366211,44.3941650390625,85.11506652832031,63.6470832824707
fast,C:\Users\Light\Videos\高速运动.mp4,544,True,0.4855233132839203,68.9795913696289,43.656497955322266,93.35819244384766,64.65315246582031
fast,C:\Users\Light\Videos\高速运动.mp4,545,True,0.5349438190460205,78.15054321289062,43.75331497192383,103.6381607055664,65.12397003173828
fast,C:\Users\Light\Videos\高速运动.mp4,546,True,0.5242860913276672,78.11045837402344,43.74479675292969,103.64356231689453,65.13230895996094
fast,C:\Users\Light\Videos\高速运动.mp4,547,True,0.4477287828922272,89.0590591430664,43.69609832763672,114.42317199707031,63.98921585083008
fast,C:\Users\Light\Videos\高速运动.mp4,548,True,0.31979089975357056,286.37603759765625,1.8016033172607422,311.88970947265625,20.579980850219727
fast,C:\Users\Light\Videos\高速运动.mp4,549,True,0.3227844536304474,286.38385009765625,1.7940282821655273,311.8879699707031,20.578277587890625
fast,C:\Users\Light\Videos\高速运动.mp4,550,True,0.15464551746845245,286.0574035644531,2.4339282512664795,311.8994445800781,20.264787673950195
fast,C:\Users\Light\Videos\高速运动.mp4,551,True,0.1477210521697998,286.0528869628906,2.4537062644958496,311.904296875,20.2423095703125
fast,C:\Users\Light\Videos\高速运动.mp4,552,True,0.27604690194129944,286.3879089355469,2.24031662940979,312.25982666015625,21.055191040039062
fast,C:\Users\Light\Videos\高速运动.mp4,553,True,0.18479469418525696,285.9716491699219,2.571937322616577,312.4874267578125,21.239009857177734
fast,C:\Users\Light\Videos\高速运动.mp4,554,True,0.183578759431839,285.97406005859375,2.5680489540100098,312.50067138671875,21.25575065612793
fast,C:\Users\Light\Videos\高速运动.mp4,555,True,0.3281150460243225,286.3752136230469,1.9538100957870483,312.31878662109375,20.950531005859375
fast,C:\Users\Light\Videos\高速运动.mp4,556,True,0.2708531320095062,286.2128601074219,2.197141170501709,312.1705322265625,20.77269744873047
fast,C:\Users\Light\Videos\高速运动.mp4,557,True,0.27543768286705017,286.20758056640625,2.1951241493225098,312.1593933105469,20.778657913208008
fast,C:\Users\Light\Videos\高速运动.mp4,558,True,0.3592185080051422,286.2122802734375,2.069732666015625,312.1431884765625,21.054832458496094
fast,C:\Users\Light\Videos\高速运动.mp4,559,True,0.11716148257255554,286.2064514160156,2.438399314880371,312.1755065917969,20.171018600463867
fast,C:\Users\Light\Videos\高速运动.mp4,560,True,0.23075060546398163,286.1550598144531,2.2526204586029053,312.2481689453125,21.029329299926758
fast,C:\Users\Light\Videos\高速运动.mp4,561,True,0.23473261296749115,286.1781005859375,2.2286627292633057,312.2132263183594,20.976999282836914
fast,C:\Users\Light\Videos\高速运动.mp4,562,True,0.3890639543533325,286.3887023925781,1.809279203414917,312.2644348144531,21.15402603149414
fast,C:\Users\Light\Videos\高速运动.mp4,563,True,0.3210499882698059,286.2374267578125,2.035151958465576,312.35040283203125,21.1872615814209
fast,C:\Users\Light\Videos\高速运动.mp4,564,True,0.31832680106163025,286.22198486328125,2.0502123832702637,312.34783935546875,21.2043399810791
fast,C:\Users\Light\Videos\高速运动.mp4,565,True,0.32037392258644104,286.3970947265625,1.980580449104309,312.4673156738281,21.296695709228516
fast,C:\Users\Light\Videos\高速运动.mp4,566,True,0.2843036353588104,286.2789306640625,2.0740244388580322,312.2392578125,21.048513412475586
fast,C:\Users\Light\Videos\高速运动.mp4,567,True,0.2850731611251831,286.2821960449219,2.0713350772857666,312.2367858886719,21.04618263244629
fast,C:\Users\Light\Videos\高速运动.mp4,568,True,0.20537422597408295,286.0764465332031,2.4609339237213135,312.34124755859375,21.061555862426758
fast,C:\Users\Light\Videos\高速运动.mp4,569,True,0.18505285680294037,286.0254821777344,2.392119884490967,312.62322998046875,21.299407958984375
fast,C:\Users\Light\Videos\高速运动.mp4,570,True,0.18623560667037964,286.0332336425781,2.3814520835876465,312.61614990234375,21.28053855895996
fast,C:\Users\Light\Videos\高速运动.mp4,571,True,0.4147403836250305,286.50054931640625,1.6450600624084473,312.0411071777344,20.620254516601562
fast,C:\Users\Light\Videos\高速运动.mp4,572,True,0.41463354229927063,286.5002746582031,1.6456987857818604,312.0410461425781,20.621286392211914
fast,C:\Users\Light\Videos\高速运动.mp4,573,True,0.27905014157295227,285.9635009765625,2.390820026397705,312.3636779785156,21.405683517456055
fast,C:\Users\Light\Videos\高速运动.mp4,574,True,0.304751455783844,286.2034606933594,2.260442018508911,312.5334167480469,21.593109130859375
fast,C:\Users\Light\Videos\高速运动.mp4,575,True,0.3091457784175873,286.21136474609375,2.2485079765319824,312.5284729003906,21.60205078125
fast,C:\Users\Light\Videos\高速运动.mp4,576,True,0.3584928810596466,286.2536926269531,1.8372485637664795,312.3178405761719,21.099498748779297
fast,C:\Users\Light\Videos\高速运动.mp4,577,True,0.3100227415561676,285.7772216796875,2.185666561126709,312.4389343261719,21.790979385375977
fast,C:\Users\Light\Videos\高速运动.mp4,578,True,0.3017737865447998,285.76806640625,2.214207410812378,312.445556640625,21.78035545349121
fast,C:\Users\Light\Videos\高速运动.mp4,579,True,0.3432559669017792,286.06549072265625,1.889724850654602,312.32501220703125,21.252410888671875
fast,C:\Users\Light\Videos\高速运动.mp4,580,True,0.42747706174850464,286.58856201171875,1.8503479957580566,312.0914611816406,20.58045196533203
fast,C:\Users\Light\Videos\高速运动.mp4,581,True,0.4280562400817871,286.5888366699219,1.8520848751068115,312.08941650390625,20.58013916015625
fast,C:\Users\Light\Videos\高速运动.mp4,582,True,0.281755656003952,286.2026062011719,2.3701119422912598,312.31707763671875,21.235939025878906
fast,C:\Users\Light\Videos\高速运动.mp4,583,True,0.4113185703754425,352.7360534667969,41.665740966796875,379.05804443359375,62.1439323425293
fast,C:\Users\Light\Videos\高速运动.mp4,584,True,0.41135838627815247,352.7327880859375,41.66612243652344,379.0583190917969,62.14570236206055
fast,C:\Users\Light\Videos\高速运动.mp4,585,True,0.5842522978782654,342.7196350097656,38.91230773925781,370.47564697265625,60.19936752319336
fast,C:\Users\Light\Videos\高速运动.mp4,586,True,0.15807287395000458,330.9183654785156,40.579105377197266,356.51483154296875,60.57957458496094
fast,C:\Users\Light\Videos\高速运动.mp4,587,True,0.16767267882823944,321.92840576171875,40.52254104614258,347.5127868652344,61.31843185424805
fast,C:\Users\Light\Videos\高速运动.mp4,588,True,0.1675659418106079,321.9283447265625,40.52088165283203,347.51611328125,61.31807327270508
fast,C:\Users\Light\Videos\高速运动.mp4,589,True,0.19586282968521118,407.2196960449219,87.80205535888672,433.8829040527344,105.71661376953125
fast,C:\Users\Light\Videos\高速运动.mp4,590,True,0.39246436953544617,298.1549377441406,38.62990188598633,325.12066650390625,59.835784912109375
fast,C:\Users\Light\Videos\高速运动.mp4,591,True,0.390544056892395,298.1602783203125,38.63100051879883,325.1261901855469,59.834510803222656
fast,C:\Users\Light\Videos\高速运动.mp4,592,True,0.32266804575920105,285.29736328125,39.69271469116211,311.7911071777344,60.277042388916016
fast,C:\Users\Light\Videos\高速运动.mp4,593,True,0.4501141905784607,406.48992919921875,88.00481414794922,432.7039489746094,105.61860656738281
fast,C:\Users\Light\Videos\高速运动.mp4,594,True,0.4511484205722809,406.4813232421875,87.99378204345703,432.69732666015625,105.60103607177734
fast,C:\Users\Light\Videos\高速运动.mp4,595,True,0.21527202427387238,406.4123840332031,88.44136047363281,432.8152770996094,106.26268768310547
fast,C:\Users\Light\Videos\高速运动.mp4,596,True,0.2139480859041214,406.4023132324219,88.4378890991211,432.82366943359375,106.26311492919922
fast,C:\Users\Light\Videos\高速运动.mp4,597,True,0.13239268958568573,406.241943359375,88.60436248779297,432.7802734375,106.53559112548828
fast,C:\Users\Light\Videos\高速运动.mp4,598,True,0.12125842273235321,406.3158874511719,88.7061538696289,432.941650390625,106.63406372070312
fast,C:\Users\Light\Videos\高速运动.mp4,599,True,0.11293898522853851,406.3228759765625,88.72593688964844,432.93194580078125,106.596435546875
fast,C:\Users\Light\Videos\高速运动.mp4,600,True,0.06967335939407349,285.65582275390625,2.440091371536255,311.8501892089844,21.388628005981445
fast,C:\Users\Light\Videos\高速运动.mp4,601,True,0.06937932223081589,284.5674133300781,3.8264575004577637,311.017822265625,23.319028854370117
fast,C:\Users\Light\Videos\高速运动.mp4,602,True,0.06880834698677063,284.5600280761719,3.8472888469696045,311.02197265625,23.336240768432617
fast,C:\Users\Light\Videos\高速运动.mp4,603,True,0.0808083638548851,285.7942810058594,2.267524003982544,311.6408996582031,20.86700439453125
fast,C:\Users\Light\Videos\高速运动.mp4,604,True,0.11641135066747665,285.6707763671875,2.117849826812744,311.6908874511719,21.028947830200195
fast,C:\Users\Light\Videos\高速运动.mp4,605,True,0.11655393987894058,285.67010498046875,2.119990110397339,311.6884460449219,21.03264617919922
fast,C:\Users\Light\Videos\高速运动.mp4,606,True,0.1438026875257492,285.9507141113281,1.8646240234375,311.3699035644531,20.884103775024414
fast,C:\Users\Light\Videos\高速运动.mp4,607,True,0.14157183468341827,285.9469299316406,1.8704285621643066,311.380615234375,20.880943298339844
fast,C:\Users\Light\Videos\高速运动.mp4,608,True,0.2703402042388916,286.3282470703125,2.4176576137542725,311.6369323730469,20.600330352783203
fast,C:\Users\Light\Videos\高速运动.mp4,609,True,0.3058358132839203,286.41265869140625,2.305063009262085,311.66754150390625,20.64008903503418
fast,C:\Users\Light\Videos\高速运动.mp4,610,True,0.4361919164657593,286.49749755859375,2.002565860748291,312.0437316894531,21.091161727905273
fast,C:\Users\Light\Videos\高速运动.mp4,611,True,0.30576786398887634,286.165771484375,2.2778220176696777,312.0022277832031,21.090490341186523
fast,C:\Users\Light\Videos\高速运动.mp4,612,True,0.30948641896247864,286.1754455566406,2.2645208835601807,311.9999084472656,21.083295822143555
fast,C:\Users\Light\Videos\高速运动.mp4,613,True,0.1782897412776947,286.17730712890625,1.3292169570922852,311.65380859375,21.358327865600586
fast,C:\Users\Light\Videos\高速运动.mp4,614,True,0.2554871141910553,286.3955383300781,1.2519986629486084,311.50274658203125,21.1649169921875
fast,C:\Users\Light\Videos\高速运动.mp4,615,True,0.2552322447299957,286.3944396972656,1.2535226345062256,311.5024108886719,21.16092872619629
fast,C:\Users\Light\Videos\高速运动.mp4,616,True,0.22956249117851257,286.21295166015625,2.5294454097747803,312.21783447265625,21.013484954833984
fast,C:\Users\Light\Videos\高速运动.mp4,617,True,0.23426936566829681,286.2262268066406,2.5124688148498535,312.21771240234375,21.01568031311035
fast,C:\Users\Light\Videos\高速运动.mp4,618,True,0.2802705466747284,286.2796936035156,2.331418752670288,312.2344970703125,20.7040958404541
fast,C:\Users\Light\Videos\高速运动.mp4,619,True,0.3363640010356903,286.3808898925781,2.083224296569824,311.90081787109375,20.383792877197266
fast,C:\Users\Light\Videos\高速运动.mp4,620,True,0.33765795826911926,40.78242874145508,44.91912841796875,66.45372009277344,63.525211334228516
fast,C:\Users\Light\Videos\高速运动.mp4,621,True,0.547059178352356,53.458763122558594,44.07558822631836,78.8001937866211,64.33016204833984
fast,C:\Users\Light\Videos\高速运动.mp4,622,True,0.36765003204345703,63.591495513916016,44.266353607177734,89.83993530273438,63.45001983642578
fast,C:\Users\Light\Videos\高速运动.mp4,623,True,0.371951699256897,63.62356185913086,44.28042984008789,89.84577178955078,63.47709274291992
fast,C:\Users\Light\Videos\高速运动.mp4,624,True,0.5429255366325378,74.867431640625,44.39582443237305,99.97847747802734,64.43838500976562
fast,C:\Users\Light\Videos\高速运动.mp4,625,True,0.5247650742530823,86.14864349365234,44.00763702392578,111.4249038696289,63.9638671875
fast,C:\Users\Light\Videos\高速运动.mp4,626,True,0.5237859487533569,86.14872741699219,44.00474548339844,111.43094635009766,63.957523345947266
fast,C:\Users\Light\Videos\高速运动.mp4,627,True,0.296536922454834,97.81159973144531,44.11588668823242,123.68126678466797,63.04814147949219
fast,C:\Users\Light\Videos\高速运动.mp4,628,True,0.18232594430446625,286.1304016113281,2.389643430709839,312.0437316894531,20.552370071411133
fast,C:\Users\Light\Videos\高速运动.mp4,629,True,0.18359029293060303,286.13037109375,2.391604423522949,312.0370788574219,20.5469913482666
fast,C:\Users\Light\Videos\高速运动.mp4,630,True,0.2548956871032715,286.3236389160156,2.096054792404175,312.11297607421875,20.660797119140625
fast,C:\Users\Light\Videos\高速运动.mp4,631,True,0.2549200654029846,286.3221130371094,2.095640182495117,312.11578369140625,20.662410736083984
fast,C:\Users\Light\Videos\高速运动.mp4,632,True,0.24758487939834595,286.142333984375,2.4204254150390625,312.30712890625,21.194366455078125
fast,C:\Users\Light\Videos\高速运动.mp4,633,True,0.3496948778629303,286.1051940917969,2.117917060852051,312.1478576660156,21.01668930053711
fast,C:\Users\Light\Videos\高速运动.mp4,634,True,0.3207028806209564,286.4374694824219,2.0385921001434326,312.1854553222656,20.77874755859375
fast,C:\Users\Light\Videos\高速运动.mp4,635,True,0.35883766412734985,286.17608642578125,1.9544600248336792,311.56390380859375,20.076488494873047
fast,C:\Users\Light\Videos\高速运动.mp4,636,True,0.3561196029186249,286.17095947265625,1.9592896699905396,311.56475830078125,20.074560165405273
fast,C:\Users\Light\Videos\高速运动.mp4,637,True,0.34104910492897034,286.4315490722656,1.9994059801101685,312.16015625,20.909517288208008
fast,C:\Users\Light\Videos\高速运动.mp4,638,True,0.28171083331108093,286.30694580078125,2.2521610260009766,312.2261047363281,20.83515739440918
fast,C:\Users\Light\Videos\高速运动.mp4,639,True,0.28256136178970337,286.3068542480469,2.2508275508880615,312.2264404296875,20.8406925201416
fast,C:\Users\Light\Videos\高速运动.mp4,640,True,0.3038436472415924,286.3320617675781,2.185520887374878,312.2997741699219,21.049543380737305
fast,C:\Users\Light\Videos\高速运动.mp4,641,True,0.2976062297821045,286.33453369140625,2.1860811710357666,312.3052062988281,21.047348022460938
fast,C:\Users\Light\Videos\高速运动.mp4,642,True,0.2773653566837311,286.1919250488281,2.1157655715942383,312.1372375488281,20.69365119934082
fast,C:\Users\Light\Videos\高速运动.mp4,643,True,0.23607274889945984,286.3747253417969,2.1961886882781982,312.1929016113281,20.701988220214844
fast,C:\Users\Light\Videos\高速运动.mp4,644,True,0.23600465059280396,286.3757019042969,2.1956284046173096,312.1917724609375,20.69858169555664
fast,C:\Users\Light\Videos\高速运动.mp4,645,True,0.24775436520576477,286.3042907714844,2.2389047145843506,312.2169189453125,20.781728744506836
fast,C:\Users\Light\Videos\高速运动.mp4,646,True,0.32990923523902893,286.46807861328125,1.959368109703064,311.9819641113281,20.491928100585938
fast,C:\Users\Light\Videos\高速运动.mp4,647,True,0.334196537733078,286.4607849121094,1.9540566205978394,311.9744567871094,20.488140106201172
fast,C:\Users\Light\Videos\高速运动.mp4,648,True,0.3654118478298187,286.3382263183594,1.922176480293274,312.16986083984375,20.8338565826416
fast,C:\Users\Light\Videos\高速运动.mp4,649,True,0.3098214268684387,286.1618957519531,2.19175124168396,312.31329345703125,21.21375274658203
fast,C:\Users\Light\Videos\高速运动.mp4,650,True,0.3091467320919037,286.1572265625,2.188490390777588,312.3194274902344,21.218996047973633
fast,C:\Users\Light\Videos\高速运动.mp4,651,True,0.38456645607948303,286.46435546875,1.7214267253875732,311.9681396484375,20.59773063659668
fast,C:\Users\Light\Videos\高速运动.mp4,652,True,0.3821300268173218,286.451904296875,1.7385826110839844,311.97637939453125,20.620635986328125
fast,C:\Users\Light\Videos\高速运动.mp4,653,True,0.33642134070396423,286.270751953125,1.9265466928482056,312.1399841308594,20.794076919555664
fast,C:\Users\Light\Videos\高速运动.mp4,654,True,0.29767975211143494,286.28460693359375,2.0598268508911133,312.2345275878906,21.056133270263672
fast,C:\Users\Light\Videos\高速运动.mp4,655,True,0.30951499938964844,286.2461853027344,2.045685291290283,312.2227783203125,21.046653747558594
fast,C:\Users\Light\Videos\高速运动.mp4,656,True,0.30955058336257935,286.01800537109375,2.188736915588379,312.4101867675781,21.532329559326172
fast,C:\Users\Light\Videos\高速运动.mp4,657,True,0.1685996800661087,386.3843078613281,47.14036560058594,412.1166687011719,66.11112213134766
fast,C:\Users\Light\Videos\高速运动.mp4,658,True,0.3263590335845947,380.29852294921875,43.39063262939453,406.4429626464844,63.42404556274414
fast,C:\Users\Light\Videos\高速运动.mp4,659,True,0.3270174562931061,373.37847900390625,40.57350158691406,401.6791687011719,61.601844787597656
fast,C:\Users\Light\Videos\高速运动.mp4,660,True,0.3146762549877167,373.32135009765625,40.54104995727539,401.7255859375,61.548282623291016
fast,C:\Users\Light\Videos\高速运动.mp4,661,True,0.4646391272544861,370.62835693359375,43.8935661315918,396.4775390625,64.03778076171875
fast,C:\Users\Light\Videos\高速运动.mp4,662,True,0.4659064710140228,370.62762451171875,43.89249038696289,396.4721984863281,64.04002380371094
fast,C:\Users\Light\Videos\高速运动.mp4,663,True,0.5903109312057495,362.88067626953125,41.15610885620117,389.6412658691406,61.58319854736328
fast,C:\Users\Light\Videos\高速运动.mp4,664,True,0.5142455697059631,356.1856994628906,38.6004524230957,382.13916015625,60.12767028808594
fast,C:\Users\Light\Videos\高速运动.mp4,665,True,0.5177757143974304,355.8305969238281,38.66683578491211,382.30682373046875,60.10768127441406
fast,C:\Users\Light\Videos\高速运动.mp4,666,True,0.2150038629770279,344.7218017578125,40.63908004760742,370.22784423828125,61.11426544189453
fast,C:\Users\Light\Videos\高速运动.mp4,667,True,0.12085889279842377,332.31640625,43.68359375,358.236328125,63.210689544677734
fast,C:\Users\Light\Videos\高速运动.mp4,668,True,0.12191951274871826,332.3309326171875,43.65974807739258,358.2344055175781,63.19647979736328
fast,C:\Users\Light\Videos\高速运动.mp4,669,True,0.1324397772550583,322.4767761230469,40.568885803222656,348.48236083984375,60.720497131347656
fast,C:\Users\Light\Videos\高速运动.mp4,670,True,0.3270694315433502,309.3953857421875,39.107418060302734,335.89862060546875,59.868350982666016
fast,C:\Users\Light\Videos\高速运动.mp4,671,True,0.3264611065387726,309.3978576660156,39.109840393066406,335.90057373046875,59.86951446533203
fast,C:\Users\Light\Videos\高速运动.mp4,672,True,0.22319571673870087,406.1105651855469,88.41361236572266,432.942138671875,106.27098083496094
fast,C:\Users\Light\Videos\高速运动.mp4,673,True,0.15904521942138672,406.1523742675781,88.6951904296875,432.9350891113281,106.55703735351562
fast,C:\Users\Light\Videos\高速运动.mp4,674,True,0.15906482934951782,406.1467590332031,88.68517303466797,432.94024658203125,106.55450439453125
fast,C:\Users\Light\Videos\高速运动.mp4,675,True,0.15836864709854126,405.9925231933594,88.72132110595703,432.872802734375,106.48110961914062
fast,C:\Users\Light\Videos\高速运动.mp4,676,True,0.16666747629642487,406.02923583984375,88.74837493896484,432.865234375,106.47588348388672
fast,C:\Users\Light\Videos\高速运动.mp4,677,True,0.14500482380390167,405.879638671875,88.87141418457031,432.92779541015625,106.82218170166016
fast,C:\Users\Light\Videos\高速运动.mp4,678,True,0.1532098948955536,405.900146484375,88.83806610107422,432.9857177734375,106.80438995361328
fast,C:\Users\Light\Videos\高速运动.mp4,679,True,0.15617115795612335,405.9049072265625,88.82836151123047,432.9752197265625,106.78697967529297
fast,C:\Users\Light\Videos\高速运动.mp4,680,True,0.16018907725811005,405.9268798828125,88.78308868408203,432.8291015625,106.55636596679688
fast,C:\Users\Light\Videos\高速运动.mp4,681,True,0.13952618837356567,405.72515869140625,88.72296142578125,432.8438720703125,106.57449340820312
fast,C:\Users\Light\Videos\高速运动.mp4,682,True,0.05011041834950447,405.43865966796875,89.27143096923828,432.82952880859375,106.51001739501953
fast,C:\Users\Light\Videos\高速运动.mp4,683,True,0.015654509887099266,403.63983154296875,88.88980865478516,430.7293395996094,108.4599380493164
fast,C:\Users\Light\Videos\高速运动.mp4,684,True,0.014704776927828789,285.83770751953125,2.354569673538208,311.69854736328125,21.401268005371094
fast,C:\Users\Light\Videos\高速运动.mp4,685,True,0.025200918316841125,282.467529296875,5.933605670928955,310.08013916015625,25.110143661499023
fast,C:\Users\Light\Videos\高速运动.mp4,686,True,0.024981070309877396,282.45196533203125,5.937763214111328,310.07843017578125,25.109920501708984
fast,C:\Users\Light\Videos\高速运动.mp4,687,True,0.012716236524283886,285.8610534667969,2.3153722286224365,310.6455993652344,22.267309188842773
fast,C:\Users\Light\Videos\高速运动.mp4,688,True,0.04399292543530464,283.189208984375,5.106716632843018,310.21759033203125,24.361291885375977
fast,C:\Users\Light\Videos\高速运动.mp4,689,True,0.043898724019527435,283.1860656738281,5.114191055297852,310.2173767089844,24.368104934692383
fast,C:\Users\Light\Videos\高速运动.mp4,690,True,0.06177520379424095,283.8698425292969,4.519516944885254,310.4370422363281,23.82967185974121
fast,C:\Users\Light\Videos\高速运动.mp4,691,True,0.08003425598144531,285.4189147949219,1.60080885887146,311.42694091796875,20.723190307617188
fast,C:\Users\Light\Videos\高速运动.mp4,692,True,0.080079585313797,285.4185485839844,1.6006295680999756,311.42681884765625,20.723302841186523
fast,C:\Users\Light\Videos\高速运动.mp4,693,True,0.1343255192041397,285.8431091308594,2.4458847045898438,311.45355224609375,19.94986343383789
fast,C:\Users\Light\Videos\高速运动.mp4,694,True,0.26308897137641907,11.586336135864258,45.26041030883789,40.036102294921875,65.04281616210938
fast,C:\Users\Light\Videos\高速运动.mp4,695,True,0.2620810568332672,11.587456703186035,45.26253890991211,40.0361442565918,65.04310607910156
fast,C:\Users\Light\Videos\高速运动.mp4,696,True,0.1292484998703003,285.95831298828125,2.537860870361328,311.5593566894531,20.780473709106445
fast,C:\Users\Light\Videos\高速运动.mp4,697,True,0.12892267107963562,285.9608459472656,2.539597749710083,311.5572814941406,20.779420852661133
fast,C:\Users\Light\Videos\高速运动.mp4,698,True,0.1967388093471527,286.2347106933594,2.2824387550354004,311.4152526855469,20.509050369262695
fast,C:\Users\Light\Videos\高速运动.mp4,699,True,0.5547063946723938,49.90081024169922,43.460533142089844,75.72401428222656,63.86687088012695
fast,C:\Users\Light\Videos\高速运动.mp4,700,True,0.5567961931228638,49.87688446044922,43.509098052978516,75.72157287597656,63.93717575073242
fast,C:\Users\Light\Videos\高速运动.mp4,701,True,0.5012767314910889,62.2552490234375,44.486480712890625,87.68299865722656,64.5479507446289
fast,C:\Users\Light\Videos\高速运动.mp4,702,True,0.570965051651001,72.53595733642578,45.17388153076172,98.48355865478516,64.76919555664062
fast,C:\Users\Light\Videos\高速运动.mp4,703,True,0.5606805086135864,72.51525115966797,45.182037353515625,98.49713897705078,64.73912048339844
fast,C:\Users\Light\Videos\高速运动.mp4,704,True,0.3056490421295166,83.50384521484375,45.12302780151367,110.77175903320312,64.67607879638672
fast,C:\Users\Light\Videos\高速运动.mp4,705,True,0.15404021739959717,285.8582763671875,2.4336256980895996,311.5877685546875,20.209365844726562
fast,C:\Users\Light\Videos\高速运动.mp4,706,True,0.11338652670383453,285.77447509765625,2.628133773803711,311.5311279296875,20.45142936706543
fast,C:\Users\Light\Videos\高速运动.mp4,707,True,0.11383056640625,285.77301025390625,2.624133348464966,311.5340270996094,20.461761474609375
fast,C:\Users\Light\Videos\高速运动.mp4,708,True,0.24777525663375854,285.9005126953125,2.193779468536377,311.9251708984375,20.891925811767578
fast,C:\Users\Light\Videos\高速运动.mp4,709,True,0.26521050930023193,285.6488342285156,2.295907974243164,311.5943603515625,20.981502532958984
fast,C:\Users\Light\Videos\高速运动.mp4,710,True,0.26820072531700134,285.6512756347656,2.296154499053955,311.59149169921875,20.988786697387695
fast,C:\Users\Light\Videos\高速运动.mp4,711,True,0.18459483981132507,285.7291564941406,2.344787120819092,311.59808349609375,20.59147834777832
fast,C:\Users\Light\Videos\高速运动.mp4,712,True,0.10749983787536621,285.74981689453125,3.095432758331299,311.51849365234375,19.967815399169922
fast,C:\Users\Light\Videos\高速运动.mp4,713,True,0.10727239400148392,285.7474670410156,3.0922391414642334,311.5188903808594,19.970706939697266
fast,C:\Users\Light\Videos\高速运动.mp4,714,True,0.12371492385864258,285.7699279785156,2.782144546508789,311.7274169921875,20.648784637451172
fast,C:\Users\Light\Videos\高速运动.mp4,715,True,0.30605384707450867,285.8723449707031,1.9272862672805786,311.758056640625,21.04030990600586
fast,C:\Users\Light\Videos\高速运动.mp4,716,True,0.2964599132537842,285.8586120605469,1.9548298120498657,311.7795715332031,21.05839729309082
fast,C:\Users\Light\Videos\高速运动.mp4,717,True,0.10221387445926666,285.7059631347656,2.728771924972534,311.59832763671875,20.46268081665039
fast,C:\Users\Light\Videos\高速运动.mp4,718,True,0.19936107099056244,285.3675231933594,2.3285388946533203,311.2010192871094,20.42354965209961
fast,C:\Users\Light\Videos\高速运动.mp4,719,True,0.20208778977394104,285.38458251953125,2.3183865547180176,311.2182312011719,20.447912216186523
fast,C:\Users\Light\Videos\高速运动.mp4,720,True,0.1628696173429489,285.831787109375,2.6943705081939697,311.5703125,19.924293518066406
fast,C:\Users\Light\Videos\高速运动.mp4,721,True,0.16144953668117523,285.83343505859375,2.703559160232544,311.5589904785156,19.889846801757812
fast,C:\Users\Light\Videos\高速运动.mp4,722,True,0.1358393281698227,285.7241516113281,2.621612071990967,311.9413146972656,21.374935150146484
fast,C:\Users\Light\Videos\高速运动.mp4,723,True,0.28219369053840637,285.79461669921875,2.0371241569519043,311.2912902832031,20.43280601501465
fast,C:\Users\Light\Videos\高速运动.mp4,724,True,0.28198376297950745,285.7949523925781,2.0368103981018066,311.2903137207031,20.43038558959961
fast,C:\Users\Light\Videos\高速运动.mp4,725,True,0.18266664445400238,285.7037048339844,2.4199211597442627,311.6648254394531,20.81720542907715
fast,C:\Users\Light\Videos\高速运动.mp4,726,True,0.09324711561203003,285.5966796875,2.967127799987793,311.4844970703125,20.0466365814209
fast,C:\Users\Light\Videos\高速运动.mp4,727,True,0.0937197133898735,285.5867614746094,2.9647634029388428,311.4718322753906,20.037200927734375
fast,C:\Users\Light\Videos\高速运动.mp4,728,True,0.09397363662719727,285.6195068359375,2.6395747661590576,311.4161682128906,19.58487319946289
fast,C:\Users\Light\Videos\高速运动.mp4,729,True,0.18036368489265442,285.69097900390625,2.315047264099121,311.71856689453125,20.69988250732422
fast,C:\Users\Light\Videos\高速运动.mp4,730,True,0.1552349030971527,285.6116638183594,2.642219305038452,312.10076904296875,21.579662322998047
fast,C:\Users\Light\Videos\高速运动.mp4,731,True,0.15872305631637573,285.6209411621094,2.6175107955932617,312.08013916015625,21.552812576293945
fast,C:\Users\Light\Videos\高速运动.mp4,732,True,0.13370846211910248,285.67828369140625,2.6053974628448486,311.7077941894531,20.614763259887695
fast,C:\Users\Light\Videos\高速运动.mp4,733,True,0.13394203782081604,285.5345153808594,2.392310380935669,311.53070068359375,20.37155532836914
fast,C:\Users\Light\Videos\高速运动.mp4,734,True,0.13480889797210693,285.53948974609375,2.3871781826019287,311.54107666015625,20.361156463623047
fast,C:\Users\Light\Videos\高速运动.mp4,735,True,0.1604539453983307,285.6043701171875,2.1845011711120605,311.3722839355469,20.15683364868164
fast,C:\Users\Light\Videos\高速运动.mp4,736,True,0.11604729294776917,285.5003967285156,2.5378944873809814,311.3624267578125,20.26445198059082
fast,C:\Users\Light\Videos\高速运动.mp4,737,True,0.11624546349048615,285.4975891113281,2.5383987426757812,311.346435546875,20.237581253051758
fast,C:\Users\Light\Videos\高速运动.mp4,738,True,0.386904239654541,366.97479248046875,38.425533294677734,393.90435791015625,58.98404312133789
fast,C:\Users\Light\Videos\高速运动.mp4,739,True,0.187063530087471,286.15484619140625,2.5080649852752686,311.7052307128906,20.387109756469727
fast,C:\Users\Light\Videos\高速运动.mp4,740,True,0.18504658341407776,286.1560363769531,2.514765977859497,311.6961975097656,20.350915908813477
fast,C:\Users\Light\Videos\高速运动.mp4,741,True,0.49788352847099304,347.9703369140625,41.25884246826172,375.63922119140625,61.634029388427734
fast,C:\Users\Light\Videos\高速运动.mp4,742,True,0.49061331152915955,347.99774169921875,41.28297805786133,375.6695251464844,61.64704895019531
fast,C:\Users\Light\Videos\高速运动.mp4,743,True,0.3143388628959656,335.7770690917969,40.66653060913086,364.4701232910156,60.800662994384766
fast,C:\Users\Light\Videos\高速运动.mp4,744,True,0.562745988368988,326.0528869628906,39.32615280151367,352.4147033691406,60.43912124633789
fast,C:\Users\Light\Videos\高速运动.mp4,745,True,0.5730301737785339,325.99810791015625,39.356632232666016,352.321044921875,60.49681091308594
fast,C:\Users\Light\Videos\高速运动.mp4,746,True,0.0850873813033104,314.26373291015625,42.74789810180664,341.2950134277344,59.8065185546875
fast,C:\Users\Light\Videos\高速运动.mp4,747,True,0.10145997256040573,298.8201904296875,38.00168991088867,325.33209228515625,57.68754577636719
fast,C:\Users\Light\Videos\高速运动.mp4,748,True,0.09013496339321136,298.6925964355469,37.905948638916016,325.5032043457031,57.52555847167969
fast,C:\Users\Light\Videos\高速运动.mp4,749,True,0.08224333077669144,284.9001770019531,5.878137588500977,311.1564025878906,25.24378204345703
fast,C:\Users\Light\Videos\高速运动.mp4,750,True,0.0483279675245285,283.2964172363281,6.903199195861816,310.3138427734375,25.961326599121094
fast,C:\Users\Light\Videos\高速运动.mp4,751,True,0.048257190734148026,283.2940368652344,6.906336784362793,310.31427001953125,25.96511459350586
fast,C:\Users\Light\Videos\高速运动.mp4,752,True,0.035208262503147125,282.732666015625,6.339015960693359,309.9349060058594,25.308574676513672
fast,C:\Users\Light\Videos\高速运动.mp4,753,True,0.04521124064922333,241.43975830078125,42.82779312133789,268.9993896484375,58.64164352416992
fast,C:\Users\Light\Videos\高速运动.mp4,754,True,0.02602577395737171,285.7253723144531,2.4966912269592285,311.8562316894531,21.41411018371582
fast,C:\Users\Light\Videos\高速运动.mp4,755,True,0.02561897598206997,285.7232971191406,2.488992929458618,311.8449401855469,21.40581703186035
fast,C:\Users\Light\Videos\高速运动.mp4,756,True,0.07613778859376907,284.5523986816406,4.199494361877441,310.65216064453125,23.53677749633789
fast,C:\Users\Light\Videos\高速运动.mp4,757,True,0.053033530712127686,285.63726806640625,2.1278228759765625,311.2252197265625,21.120452880859375
fast,C:\Users\Light\Videos\高速运动.mp4,758,True,0.050256069749593735,285.64654541015625,2.1359918117523193,311.2142333984375,21.144119262695312
fast,C:\Users\Light\Videos\高速运动.mp4,759,True,0.049990732222795486,285.8413391113281,2.0676708221435547,311.1014709472656,21.333271026611328
fast,C:\Users\Light\Videos\高速运动.mp4,760,True,0.0890403538942337,285.7974548339844,1.928653359413147,311.089111328125,20.73733139038086
fast,C:\Users\Light\Videos\高速运动.mp4,761,True,0.08923427015542984,285.7966003417969,1.9263898134231567,311.0905456542969,20.741880416870117
fast,C:\Users\Light\Videos\高速运动.mp4,762,True,0.04848397150635719,285.8425598144531,1.9329675436019897,310.6189270019531,21.089704513549805
fast,C:\Users\Light\Videos\高速运动.mp4,763,True,0.09949413686990738,285.56329345703125,2.1142752170562744,310.8867492675781,21.126100540161133
fast,C:\Users\Light\Videos\高速运动.mp4,764,True,0.09786780178546906,285.55279541015625,2.1208081245422363,310.88873291015625,21.145442962646484
fast,C:\Users\Light\Videos\高速运动.mp4,765,True,0.09097501635551453,285.9391784667969,2.718630790710449,311.3683166503906,19.867389678955078
fast,C:\Users\Light\Videos\高速运动.mp4,766,True,0.1004645898938179,285.9344482421875,2.6694490909576416,311.4140930175781,19.932249069213867
fast,C:\Users\Light\Videos\高速运动.mp4,767,True,0.12893667817115784,286.102294921875,2.388253927230835,311.7895202636719,20.80219078063965
fast,C:\Users\Light\Videos\高速运动.mp4,768,True,0.10715692490339279,286.0502014160156,2.4918839931488037,311.7496032714844,21.025787353515625
fast,C:\Users\Light\Videos\高速运动.mp4,769,True,0.10724419355392456,286.04986572265625,2.4915030002593994,311.7503662109375,21.026527404785156
fast,C:\Users\Light\Videos\高速运动.mp4,770,True,0.1427551656961441,286.04693603515625,2.637176752090454,311.5227355957031,19.98619270324707
fast,C:\Users\Light\Videos\高速运动.mp4,771,True,0.07803714275360107,285.3763427734375,1.5247223377227783,311.20538330078125,20.35573387145996
fast,C:\Users\Light\Videos\高速运动.mp4,772,True,0.07981222122907639,285.38946533203125,1.5283081531524658,311.20660400390625,20.37617301940918
fast,C:\Users\Light\Videos\高速运动.mp4,773,True,0.41937875747680664,10.555166244506836,44.37061309814453,38.42399597167969,64.9954605102539
fast,C:\Users\Light\Videos\高速运动.mp4,774,True,0.16414594650268555,286.0783386230469,2.110779047012329,311.2417907714844,20.670053482055664
fast,C:\Users\Light\Videos\高速运动.mp4,775,True,0.16337096691131592,286.08935546875,2.107809543609619,311.24859619140625,20.661178588867188
fast,C:\Users\Light\Videos\高速运动.mp4,776,True,0.2346528172492981,38.51327133178711,45.10749816894531,63.84541320800781,64.17090606689453
fast,C:\Users\Light\Videos\高速运动.mp4,777,True,0.5767529606819153,48.919857025146484,44.26747512817383,75.60529327392578,64.36727142333984
fast,C:\Users\Light\Videos\高速运动.mp4,778,True,0.29482972621917725,59.47897720336914,45.05778884887695,86.7900161743164,64.6051025390625
fast,C:\Users\Light\Videos\高速运动.mp4,779,True,0.2923046946525574,59.49616622924805,45.07513427734375,86.80670928955078,64.60124969482422
fast,C:\Users\Light\Videos\高速运动.mp4,780,True,0.42677953839302063,71.44258117675781,44.89205551147461,97.75304412841797,64.3266372680664
fast,C:\Users\Light\Videos\高速运动.mp4,781,True,0.13259954750537872,285.8810119628906,2.5008037090301514,311.72418212890625,20.467565536499023
fast,C:\Users\Light\Videos\高速运动.mp4,782,True,0.1321207582950592,285.87646484375,2.505823850631714,311.728759765625,20.49282455444336
fast,C:\Users\Light\Videos\高速运动.mp4,783,True,0.15614989399909973,285.9247741699219,2.25496244430542,311.47210693359375,20.069204330444336
fast,C:\Users\Light\Videos\高速运动.mp4,784,True,0.20365776121616364,285.8236999511719,2.3398566246032715,311.63427734375,20.851449966430664
fast,C:\Users\Light\Videos\高速运动.mp4,785,True,0.20242415368556976,285.81268310546875,2.347790241241455,311.627685546875,20.857276916503906
fast,C:\Users\Light\Videos\高速运动.mp4,786,True,0.16450047492980957,285.65771484375,2.5121102333068848,311.8319396972656,21.389501571655273
fast,C:\Users\Light\Videos\高速运动.mp4,787,True,0.16540364921092987,285.6566162109375,2.5157408714294434,311.83203125,21.38990592956543
fast,C:\Users\Light\Videos\高速运动.mp4,788,True,0.22062315046787262,285.76678466796875,2.2173001766204834,312.10150146484375,21.396224975585938
fast,C:\Users\Light\Videos\高速运动.mp4,789,True,0.1720128208398819,285.89697265625,2.2940590381622314,311.729736328125,20.83963966369629
fast,C:\Users\Light\Videos\高速运动.mp4,790,True,0.17122721672058105,285.8950500488281,2.296793222427368,311.7323303222656,20.844995498657227
fast,C:\Users\Light\Videos\高速运动.mp4,791,True,0.18525813519954681,285.93719482421875,2.4690916538238525,311.7292785644531,20.569650650024414
fast,C:\Users\Light\Videos\高速运动.mp4,792,True,0.07901279628276825,284.4126892089844,4.137213230133057,310.44622802734375,23.176559448242188
fast,C:\Users\Light\Videos\高速运动.mp4,793,True,0.08041246235370636,284.43853759765625,4.077430725097656,310.4428405761719,23.124744415283203
fast,C:\Users\Light\Videos\高速运动.mp4,794,True,0.10568550229072571,285.8125915527344,2.7688770294189453,311.7220153808594,20.262636184692383
fast,C:\Users\Light\Videos\高速运动.mp4,795,True,0.12965697050094604,285.9438781738281,2.357774496078491,311.63201904296875,20.25649642944336
fast,C:\Users\Light\Videos\高速运动.mp4,796,True,0.12943099439144135,285.9469299316406,2.362032651901245,311.6284484863281,20.245403289794922
fast,C:\Users\Light\Videos\高速运动.mp4,797,True,0.15797670185565948,285.7486572265625,2.6830191612243652,311.62713623046875,20.570680618286133
fast,C:\Users\Light\Videos\高速运动.mp4,798,True,0.15419825911521912,285.7410583496094,2.6945273876190186,311.6175842285156,20.547977447509766
fast,C:\Users\Light\Videos\高速运动.mp4,799,True,0.18236516416072845,285.8949279785156,2.373059034347534,311.7735290527344,20.94452476501465
fast,C:\Users\Light\Videos\高速运动.mp4,800,True,0.10486911982297897,285.86102294921875,2.7393836975097656,311.7608642578125,20.588991165161133
fast,C:\Users\Light\Videos\高速运动.mp4,801,True,0.12139259278774261,285.7701416015625,2.7055201530456543,311.4382019042969,20.06046485900879
fast,C:\Users\Light\Videos\高速运动.mp4,802,True,0.2558821141719818,285.462890625,2.4453020095825195,311.74072265625,21.27406120300293
fast,C:\Users\Light\Videos\高速运动.mp4,803,True,0.24298572540283203,285.4452209472656,2.489149808883667,311.7254333496094,21.333114624023438
fast,C:\Users\Light\Videos\高速运动.mp4,804,True,0.17439155280590057,285.8387451171875,2.33231520652771,311.29864501953125,19.816539764404297
fast,C:\Users\Light\Videos\高速运动.mp4,805,True,0.2031032294034958,285.91046142578125,2.277418613433838,311.63238525390625,20.702638626098633
fast,C:\Users\Light\Videos\高速运动.mp4,806,True,0.2030881941318512,285.9066467285156,2.276914358139038,311.6333923339844,20.70924949645996
fast,C:\Users\Light\Videos\高速运动.mp4,807,True,0.15173953771591187,285.5122375488281,2.5204696655273438,311.3197937011719,20.034624099731445
fast,C:\Users\Light\Videos\高速运动.mp4,808,True,0.22348450124263763,285.88079833984375,2.261831521987915,311.5943298339844,20.68444061279297
fast,C:\Users\Light\Videos\高速运动.mp4,809,True,0.222325399518013,285.8703308105469,2.262335777282715,311.5906677246094,20.67885971069336
fast,C:\Users\Light\Videos\高速运动.mp4,810,True,0.167727991938591,285.51483154296875,2.3659322261810303,311.4017639160156,20.730899810791016
fast,C:\Users\Light\Videos\高速运动.mp4,811,True,0.16747719049453735,285.5160827636719,2.3664140701293945,311.40203857421875,20.72852325439453
fast,C:\Users\Light\Videos\高速运动.mp4,812,True,0.1553993672132492,285.6755676269531,2.315192937850952,311.6214599609375,20.336772918701172
fast,C:\Users\Light\Videos\高速运动.mp4,813,True,0.2120547890663147,285.7738952636719,2.377171516418457,312.18621826171875,21.468904495239258
fast,C:\Users\Light\Videos\高速运动.mp4,814,True,0.2118930071592331,285.77227783203125,2.3801186084747314,312.187255859375,21.474641799926758
fast,C:\Users\Light\Videos\高速运动.mp4,815,True,0.5474920868873596,356.90093994140625,40.918861389160156,382.1795959472656,59.7261962890625
fast,C:\Users\Light\Videos\高速运动.mp4,816,True,0.14135627448558807,286.0531921386719,2.672586679458618,311.558349609375,19.413694381713867
fast,C:\Users\Light\Videos\高速运动.mp4,817,True,0.14284415543079376,286.05548095703125,2.667051076889038,311.5712585449219,19.412485122680664
fast,C:\Users\Light\Videos\高速运动.mp4,818,True,0.4507998824119568,341.376953125,42.561927795410156,367.63983154296875,63.119049072265625
fast,C:\Users\Light\Videos\高速运动.mp4,819,True,0.7733613848686218,332.3826599121094,40.072383880615234,358.42852783203125,61.13228225708008
fast,C:\Users\Light\Videos\高速运动.mp4,820,True,0.7726960778236389,332.4091491699219,40.09578323364258,358.4234924316406,61.152408599853516
fast,C:\Users\Light\Videos\高速运动.mp4,821,True,0.5865070223808289,322.64306640625,39.11414337158203,350.4029235839844,59.4647216796875
fast,C:\Users\Light\Videos\高速运动.mp4,822,True,0.5903350710868835,322.62274169921875,39.1065673828125,350.41522216796875,59.46687316894531
fast,C:\Users\Light\Videos\高速运动.mp4,823,True,0.5032925009727478,314.46490478515625,42.05399703979492,341.37908935546875,60.67805099487305
fast,C:\Users\Light\Videos\高速运动.mp4,824,True,0.19327794015407562,303.3453369140625,41.37542724609375,328.54644775390625,61.2732048034668
fast,C:\Users\Light\Videos\高速运动.mp4,825,True,0.31369900703430176,295.71759033203125,41.50175857543945,321.3854064941406,61.497833251953125
fast,C:\Users\Light\Videos\高速运动.mp4,826,True,0.49870795011520386,283.09857177734375,41.02334213256836,310.6738586425781,59.703514099121094
fast,C:\Users\Light\Videos\高速运动.mp4,827,True,0.4569838047027588,283.0690612792969,41.087642669677734,310.6168518066406,59.540653228759766
fast,C:\Users\Light\Videos\高速运动.mp4,828,True,0.13673730194568634,271.4532165527344,40.02397537231445,297.2558288574219,59.70275115966797
fast,C:\Users\Light\Videos\高速运动.mp4,829,True,0.5382668375968933,258.4349670410156,41.55765151977539,286.710205078125,61.7962646484375
fast,C:\Users\Light\Videos\高速运动.mp4,830,True,0.5640144944190979,258.44085693359375,41.4540901184082,286.72711181640625,61.79292678833008
fast,C:\Users\Light\Videos\高速运动.mp4,831,True,0.7164474725723267,249.37208557128906,40.442867279052734,275.99835205078125,60.345890045166016
fast,C:\Users\Light\Videos\高速运动.mp4,832,True,0.7156406044960022,249.3778076171875,40.453670501708984,275.9989929199219,60.349117279052734
fast,C:\Users\Light\Videos\高速运动.mp4,833,True,0.43139514327049255,235.54379272460938,40.51668930053711,263.3721008300781,60.089012145996094
fast,C:\Users\Light\Videos\高速运动.mp4,834,True,0.09528914093971252,285.7183837890625,2.1969058513641357,311.3002624511719,20.687219619750977
fast,C:\Users\Light\Videos\高速运动.mp4,835,True,0.09444338083267212,285.7188720703125,2.2092208862304688,311.3176574707031,20.695802688598633
fast,C:\Users\Light\Videos\高速运动.mp4,836,True,0.3190338611602783,211.97503662109375,39.54365539550781,237.41600036621094,59.963260650634766
fast,C:\Users\Light\Videos\高速运动.mp4,837,True,0.665848970413208,198.66400146484375,40.1256103515625,223.19190979003906,61.19734191894531
fast,C:\Users\Light\Videos\高速运动.mp4,838,True,0.6660836935043335,198.6620635986328,40.133365631103516,223.18621826171875,61.19590759277344
fast,C:\Users\Light\Videos\高速运动.mp4,839,True,0.4852973520755768,183.9493408203125,41.25859451293945,211.48544311523438,60.876590728759766
fast,C:\Users\Light\Videos\高速运动.mp4,840,True,0.0733107328414917,285.80596923828125,2.142289400100708,311.4028625488281,20.658668518066406
fast,C:\Users\Light\Videos\高速运动.mp4,841,True,0.07086637616157532,285.8136901855469,2.1443288326263428,311.3953552246094,20.67511749267578
fast,C:\Users\Light\Videos\高速运动.mp4,842,True,0.13437461853027344,158.90280151367188,41.064693450927734,184.41958618164062,60.950416564941406
fast,C:\Users\Light\Videos\高速运动.mp4,843,True,0.1337907314300537,158.88389587402344,41.070430755615234,184.40756225585938,60.94817352294922
fast,C:\Users\Light\Videos\高速运动.mp4,844,True,0.1376526802778244,145.3546905517578,43.775657653808594,170.771484375,63.13713455200195
fast,C:\Users\Light\Videos\高速运动.mp4,845,True,0.22178369760513306,131.1804962158203,39.82200622558594,158.91090393066406,60.04093933105469
fast,C:\Users\Light\Videos\高速运动.mp4,846,True,0.2213415950536728,131.17962646484375,39.823665618896484,158.91392517089844,60.04524230957031
fast,C:\Users\Light\Videos\高速运动.mp4,847,True,0.17099778354167938,286.05987548828125,2.5250191688537598,311.5848693847656,20.8372859954834
fast,C:\Users\Light\Videos\高速运动.mp4,848,True,0.15431421995162964,285.9257507324219,2.2027664184570312,311.1718444824219,20.666399002075195
fast,C:\Users\Light\Videos\高速运动.mp4,849,True,0.21296779811382294,285.8593444824219,2.578234910964966,311.5403747558594,21.097639083862305
fast,C:\Users\Light\Videos\高速运动.mp4,850,True,0.1682106852531433,82.91083526611328,43.75320053100586,108.26958465576172,63.688499450683594
fast,C:\Users\Light\Videos\高速运动.mp4,851,True,0.14966905117034912,82.78939056396484,43.75459289550781,108.42402648925781,63.547306060791016
fast,C:\Users\Light\Videos\高速运动.mp4,852,True,0.16548186540603638,285.8153991699219,2.5665361881256104,311.7799072265625,20.38146209716797
fast,C:\Users\Light\Videos\高速运动.mp4,853,True,0.3136996924877167,57.23580551147461,45.54976272583008,84.80815887451172,64.99237060546875
fast,C:\Users\Light\Videos\高速运动.mp4,854,True,0.3558768928050995,57.328216552734375,45.46784973144531,84.59849548339844,65.0605239868164
fast,C:\Users\Light\Videos\高速运动.mp4,855,True,0.6147260665893555,47.99089813232422,44.23224639892578,73.26358032226562,64.8449935913086
fast,C:\Users\Light\Videos\高速运动.mp4,856,True,0.6148346066474915,47.98173141479492,44.220455169677734,73.25806427001953,64.83584594726562
fast,C:\Users\Light\Videos\高速运动.mp4,857,True,0.624790370464325,36.839691162109375,44.25107192993164,62.72960662841797,64.57103729248047
fast,C:\Users\Light\Videos\高速运动.mp4,858,True,0.7365142703056335,26.528541564941406,43.7741584777832,52.64445114135742,63.8604621887207
fast,C:\Users\Light\Videos\高速运动.mp4,859,True,0.7334025502204895,26.511821746826172,43.78874588012695,52.66266632080078,63.86021423339844
fast,C:\Users\Light\Videos\高速运动.mp4,860,True,0.7030313014984131,17.560970306396484,43.19652557373047,43.730342864990234,65.03002166748047
fast,C:\Users\Light\Videos\高速运动.mp4,861,True,0.6148646473884583,14.383944511413574,43.59990692138672,42.13431167602539,64.8301773071289
fast,C:\Users\Light\Videos\高速运动.mp4,862,True,0.6205796599388123,14.390626907348633,43.57554626464844,42.120845794677734,64.84248352050781
fast,C:\Users\Light\Videos\高速运动.mp4,863,True,0.7599059343338013,20.076513290405273,43.266944885253906,45.26468276977539,65.4072494506836
fast,C:\Users\Light\Videos\高速运动.mp4,864,True,0.7426626086235046,24.789487838745117,43.992958068847656,50.62870788574219,64.6960678100586
fast,C:\Users\Light\Videos\高速运动.mp4,865,True,0.7359088063240051,24.76596450805664,44.03636932373047,50.60532760620117,64.68775177001953
fast,C:\Users\Light\Videos\高速运动.mp4,866,True,0.7720871567726135,31.9659366607666,43.69340896606445,56.955596923828125,64.18862915039062
fast,C:\Users\Light\Videos\高速运动.mp4,867,True,0.7724382281303406,31.977548599243164,43.69569396972656,56.96345901489258,64.18728637695312
fast,C:\Users\Light\Videos\高速运动.mp4,868,True,0.7696965932846069,39.072750091552734,43.81017303466797,63.411582946777344,63.45649719238281
fast,C:\Users\Light\Videos\高速运动.mp4,869,True,0.6461622714996338,48.73577117919922,44.178794860839844,73.52484893798828,64.7613296508789
fast,C:\Users\Light\Videos\高速运动.mp4,870,True,0.6474862098693848,48.74231719970703,44.17399597167969,73.52161407470703,64.7637939453125
fast,C:\Users\Light\Videos\高速运动.mp4,871,True,0.6518357396125793,56.925785064697266,44.18843078613281,81.5811996459961,64.08096313476562
fast,C:\Users\Light\Videos\高速运动.mp4,872,True,0.5337251424789429,68.45389556884766,44.70904541015625,93.57384490966797,64.40628814697266
fast,C:\Users\Light\Videos\高速运动.mp4,873,True,0.2449510246515274,78.17640686035156,45.44243621826172,105.33179473876953,64.41372680664062
fast,C:\Users\Light\Videos\高速运动.mp4,874,True,0.33917951583862305,89.60871887207031,43.15419006347656,115.2605972290039,63.264251708984375
fast,C:\Users\Light\Videos\高速运动.mp4,875,True,0.34563344717025757,89.66789245605469,43.16591262817383,115.2909164428711,63.23455810546875
fast,C:\Users\Light\Videos\高速运动.mp4,876,True,0.17169858515262604,285.72393798828125,2.511908531188965,311.94342041015625,21.208261489868164
fast,C:\Users\Light\Videos\高速运动.mp4,877,True,0.17347989976406097,285.7182922363281,2.504770517349243,311.9571838378906,21.217180252075195
fast,C:\Users\Light\Videos\高速运动.mp4,878,True,0.11203432083129883,285.8633728027344,2.812130928039551,311.6445617675781,19.96169662475586
fast,C:\Users\Light\Videos\高速运动.mp4,879,True,0.11956430226564407,132.41087341308594,45.05718231201172,157.95046997070312,63.85447692871094
fast,C:\Users\Light\Videos\高速运动.mp4,880,True,0.11859115958213806,132.40884399414062,45.053733825683594,157.94918823242188,63.85160827636719
fast,C:\Users\Light\Videos\高速运动.mp4,881,True,0.17855679988861084,285.812255859375,2.503593921661377,311.8100891113281,20.94961166381836
fast,C:\Users\Light\Videos\高速运动.mp4,882,True,0.11084896326065063,285.6561584472656,2.8057548999786377,311.5574035644531,20.35028839111328
fast,C:\Users\Light\Videos\高速运动.mp4,883,True,0.11838027834892273,285.6289367675781,2.8101587295532227,311.54815673828125,20.405397415161133
fast,C:\Users\Light\Videos\高速运动.mp4,884,True,0.18770278990268707,285.95623779296875,2.3232946395874023,311.7711181640625,20.41942596435547
fast,C:\Users\Light\Videos\高速运动.mp4,885,True,0.25582337379455566,285.705322265625,2.3222076892852783,311.9305114746094,21.33011245727539
fast,C:\Users\Light\Videos\高速运动.mp4,886,True,0.2625434696674347,285.70965576171875,2.328247547149658,311.9383239746094,21.35019302368164
fast,C:\Users\Light\Videos\高速运动.mp4,887,True,0.0937628373503685,285.9566955566406,2.8006787300109863,311.2639465332031,19.08946990966797
fast,C:\Users\Light\Videos\高速运动.mp4,888,True,0.09323053061962128,285.9576416015625,2.801821708679199,311.2630310058594,19.080080032348633
fast,C:\Users\Light\Videos\高速运动.mp4,889,True,0.1575673520565033,285.52459716796875,2.410665273666382,311.361328125,19.88946533203125
fast,C:\Users\Light\Videos\高速运动.mp4,890,True,0.1982148140668869,285.66314697265625,2.2870779037475586,311.7692565917969,20.72821044921875
fast,C:\Users\Light\Videos\高速运动.mp4,891,True,0.20280678570270538,285.6664733886719,2.2787744998931885,311.7702941894531,20.73459815979004
fast,C:\Users\Light\Videos\高速运动.mp4,892,True,0.26574477553367615,285.33135986328125,2.2337164878845215,311.5867919921875,21.554269790649414
fast,C:\Users\Light\Videos\高速运动.mp4,893,True,0.15160447359085083,285.7222900390625,2.334545135498047,311.7295837402344,20.88840675354004
fast,C:\Users\Light\Videos\高速运动.mp4,894,True,0.15148846805095673,285.726318359375,2.3363044261932373,311.7284240722656,20.8756103515625
fast,C:\Users\Light\Videos\高速运动.mp4,895,True,0.10789292305707932,285.71514892578125,2.508546829223633,311.13763427734375,19.639467239379883
fast,C:\Users\Light\Videos\高速运动.mp4,896,True,0.09861596673727036,285.7838439941406,2.1656532287597656,311.25726318359375,20.645063400268555
fast,C:\Users\Light\Videos\高速运动.mp4,897,True,0.1187492236495018,285.7386169433594,1.4905226230621338,311.3674011230469,20.969938278198242
fast,C:\Users\Light\Videos\高速运动.mp4,898,True,0.07573924958705902,285.3385925292969,1.8572394847869873,311.37225341796875,20.9450626373291
fast,C:\Users\Light\Videos\高速运动.mp4,899,True,0.0767434760928154,285.33697509765625,1.8559508323669434,311.3729553222656,20.954452514648438
fast,C:\Users\Light\Videos\高速运动.mp4,900,True,0.062416426837444305,284.267578125,4.8566060066223145,310.7262878417969,24.188276290893555
fast,C:\Users\Light\Videos\高速运动.mp4,901,True,0.060758911073207855,284.22479248046875,4.9202656745910645,310.7298278808594,24.251968383789062
fast,C:\Users\Light\Videos\高速运动.mp4,902,True,0.045257244259119034,286.2169189453125,2.1799964904785156,311.3062438964844,20.987150192260742
fast,C:\Users\Light\Videos\高速运动.mp4,903,True,0.05352019891142845,406.4614562988281,89.72142791748047,432.7830505371094,106.55288696289062
fast,C:\Users\Light\Videos\高速运动.mp4,904,True,0.05352705717086792,406.4580078125,89.7188949584961,432.7837219238281,106.55250549316406
fast,C:\Users\Light\Videos\高速运动.mp4,905,True,0.06480877101421356,406.17205810546875,89.33788299560547,432.71722412109375,106.4609146118164
fast,C:\Users\Light\Videos\高速运动.mp4,906,True,0.08577215671539307,406.43682861328125,89.81004333496094,432.722900390625,106.9075698852539
fast,C:\Users\Light\Videos\高速运动.mp4,907,True,0.08630054444074631,406.4326171875,89.80547332763672,432.72442626953125,106.91030883789062
fast,C:\Users\Light\Videos\高速运动.mp4,908,True,0.03774189576506615,397.4447937011719,38.063140869140625,425.6351318359375,57.66033935546875
fast,C:\Users\Light\Videos\高速运动.mp4,909,True,0.13620717823505402,389.1471252441406,38.400856018066406,415.0838623046875,58.66201400756836
fast,C:\Users\Light\Videos\高速运动.mp4,910,True,0.13517850637435913,389.147216796875,38.38512420654297,415.1030578613281,58.63126754760742
fast,C:\Users\Light\Videos\高速运动.mp4,911,True,0.021297473460435867,285.941162109375,2.0969736576080322,311.48663330078125,21.391809463500977
fast,C:\Users\Light\Videos\高速运动.mp4,912,True,0.02131475880742073,285.9403381347656,2.0971977710723877,311.48272705078125,21.39566421508789
fast,C:\Users\Light\Videos\高速运动.mp4,913,True,0.027098610997200012,282.58502197265625,6.481428623199463,309.9534606933594,25.517000198364258
fast,C:\Users\Light\Videos\高速运动.mp4,914,True,0.1559729129076004,346.5657653808594,41.26619338989258,372.50616455078125,61.070068359375
fast,C:\Users\Light\Videos\高速运动.mp4,915,True,0.15538525581359863,346.5540466308594,41.27930450439453,372.4991455078125,61.07529067993164
fast,C:\Users\Light\Videos\高速运动.mp4,916,True,0.15078289806842804,331.4521484375,41.520450592041016,357.0657043457031,61.465919494628906
fast,C:\Users\Light\Videos\高速运动.mp4,917,True,0.018657365813851357,286.2043762207031,2.2207179069519043,311.9506530761719,20.912633895874023
fast,C:\Users\Light\Videos\高速运动.mp4,918,True,0.018760541453957558,286.197509765625,2.2177932262420654,311.9386901855469,20.9072322845459
fast,C:\Users\Light\Videos\高速运动.mp4,919,True,0.025978391990065575,285.6255798339844,2.6829071044921875,311.6679382324219,22.048686981201172
fast,C:\Users\Light\Videos\高速运动.mp4,920,True,0.07971256971359253,285.74810791015625,2.1078431606292725,310.9471435546875,20.928770065307617
fast,C:\Users\Light\Videos\高速运动.mp4,921,True,0.03357648476958275,282.8538818359375,6.0168304443359375,310.144775390625,24.97242546081543
fast,C:\Users\Light\Videos\高速运动.mp4,922,True,0.033810459077358246,282.8641357421875,6.014858245849609,310.15142822265625,24.973411560058594
fast,C:\Users\Light\Videos\高速运动.mp4,923,True,0.08702526986598969,284.4732666015625,4.045785903930664,310.3500061035156,23.351009368896484
fast,C:\Users\Light\Videos\高速运动.mp4,924,True,0.1458175778388977,286.1744079589844,2.3526759147644043,311.6858825683594,20.609901428222656
fast,C:\Users\Light\Videos\高速运动.mp4,925,True,0.1470802277326584,286.1803894042969,2.344182014465332,311.68084716796875,20.598358154296875
fast,C:\Users\Light\Videos\高速运动.mp4,926,True,0.1911124736070633,286.2444763183594,2.2208187580108643,311.7542724609375,20.57809829711914
fast,C:\Users\Light\Videos\高速运动.mp4,927,True,0.13215051591396332,285.7290344238281,1.4712936878204346,311.2927551269531,20.664113998413086
fast,C:\Users\Light\Videos\高速运动.mp4,928,True,0.12649685144424438,285.71002197265625,1.4706997871398926,311.2966613769531,20.629756927490234
fast,C:\Users\Light\Videos\高速运动.mp4,929,True,0.13207444548606873,285.7711181640625,2.2869434356689453,311.0779113769531,20.852054595947266
fast,C:\Users\Light\Videos\高速运动.mp4,930,True,0.15471701323986053,286.0381164550781,2.465763568878174,311.4839172363281,19.534648895263672
fast,C:\Users\Light\Videos\高速运动.mp4,931,True,0.1534840315580368,286.04107666015625,2.4805550575256348,311.466796875,19.50183868408203
fast,C:\Users\Light\Videos\高速运动.mp4,932,True,0.16398881375789642,286.005126953125,2.1575515270233154,311.61187744140625,20.610685348510742
fast,C:\Users\Light\Videos\高速运动.mp4,933,True,0.15789616107940674,285.7364807128906,2.481126546859741,311.4779357910156,20.175703048706055
fast,C:\Users\Light\Videos\高速运动.mp4,934,True,0.15666353702545166,285.74005126953125,2.488410234451294,311.47491455078125,20.165618896484375
fast,C:\Users\Light\Videos\高速运动.mp4,935,True,0.11825482547283173,286.07745361328125,2.5816638469696045,311.4725341796875,19.243099212646484
fast,C:\Users\Light\Videos\高速运动.mp4,936,True,0.1259196549654007,286.05682373046875,2.555812358856201,311.48065185546875,19.28592872619629
fast,C:\Users\Light\Videos\高速运动.mp4,937,True,0.10027305036783218,284.8367004394531,3.340153455734253,310.333251953125,22.62586784362793
fast,C:\Users\Light\Videos\高速运动.mp4,938,True,0.18695425987243652,285.859130859375,2.356295347213745,311.54571533203125,19.833011627197266
fast,C:\Users\Light\Videos\高速运动.mp4,939,True,0.18407832086086273,285.83538818359375,2.3814857006073,311.5325927734375,19.83928680419922
fast,C:\Users\Light\Videos\高速运动.mp4,940,True,0.1268625557422638,285.6883850097656,2.6192028522491455,311.3420104980469,19.90887451171875
fast,C:\Users\Light\Videos\高速运动.mp4,941,True,0.34069201350212097,62.11772155761719,44.355079650878906,88.02754974365234,63.84963607788086
fast,C:\Users\Light\Videos\高速运动.mp4,942,True,0.3482351303100586,62.101898193359375,44.354881286621094,87.99918365478516,63.87068176269531
fast,C:\Users\Light\Videos\高速运动.mp4,943,True,0.619138240814209,49.956085205078125,43.99369812011719,75.72449493408203,64.52760314941406
fast,C:\Users\Light\Videos\高速运动.mp4,944,True,0.6262326836585999,38.383705139160156,43.98728942871094,64.15054321289062,64.66973876953125
fast,C:\Users\Light\Videos\高速运动.mp4,945,True,0.6212306618690491,29.04119300842285,43.587852478027344,54.63057327270508,64.60041809082031
fast,C:\Users\Light\Videos\高速运动.mp4,946,True,0.6228164434432983,29.064449310302734,43.595245361328125,54.63996124267578,64.6108169555664
fast,C:\Users\Light\Videos\高速运动.mp4,947,True,0.6702790260314941,18.355518341064453,43.8304557800293,44.749271392822266,64.80200958251953
fast,C:\Users\Light\Videos\高速运动.mp4,948,True,0.638664722442627,14.067367553710938,43.190250396728516,41.70576477050781,64.6886978149414
fast,C:\Users\Light\Videos\高速运动.mp4,949,True,0.640293538570404,14.06047534942627,43.18178176879883,41.69881057739258,64.69425201416016
fast,C:\Users\Light\Videos\高速运动.mp4,950,True,0.77550208568573,19.296566009521484,43.473731994628906,45.050315856933594,65.41036224365234
fast,C:\Users\Light\Videos\高速运动.mp4,951,True,0.7409185171127319,23.789037704467773,43.572792053222656,50.29051208496094,64.37092590332031
fast,C:\Users\Light\Videos\高速运动.mp4,952,True,0.7411298751831055,23.783021926879883,43.57341766357422,50.28030014038086,64.38002014160156
fast,C:\Users\Light\Videos\高速运动.mp4,953,True,0.7654090523719788,31.67438507080078,43.60976791381836,56.79289627075195,64.61170959472656
fast,C:\Users\Light\Videos\高速运动.mp4,954,True,0.7754470109939575,38.454345703125,44.00373840332031,63.398502349853516,63.90676498413086
fast,C:\Users\Light\Videos\高速运动.mp4,955,True,0.7749611139297485,38.46309280395508,43.97097396850586,63.37324905395508,63.92406463623047
fast,C:\Users\Light\Videos\高速运动.mp4,956,True,0.5949664115905762,46.9532585144043,44.22227096557617,72.34371185302734,64.89498901367188
fast,C:\Users\Light\Videos\高速运动.mp4,957,True,0.5957010388374329,46.95502471923828,44.223323822021484,72.34690856933594,64.90177917480469
fast,C:\Users\Light\Videos\高速运动.mp4,958,True,0.7153953313827515,55.73487854003906,43.89988327026367,80.80088806152344,64.75969696044922
fast,C:\Users\Light\Videos\高速运动.mp4,959,True,0.38534241914749146,65.10501098632812,44.83452606201172,91.47142028808594,64.53168487548828
fast,C:\Users\Light\Videos\高速运动.mp4,960,True,0.3828786611557007,65.0992431640625,44.8322868347168,91.48889923095703,64.54566955566406
fast,C:\Users\Light\Videos\高速运动.mp4,961,True,0.5232650637626648,74.74858093261719,44.55104446411133,101.80635833740234,64.66173553466797
fast,C:\Users\Light\Videos\高速运动.mp4,962,True,0.4754697382450104,87.24034881591797,44.144012451171875,112.6650161743164,63.708984375
fast,C:\Users\Light\Videos\高速运动.mp4,963,True,0.476480096578598,87.24304962158203,44.140560150146484,112.66590118408203,63.71319580078125
fast,C:\Users\Light\Videos\高速运动.mp4,964,True,0.2253614217042923,98.43289947509766,43.96106719970703,124.83747863769531,63.168846130371094
fast,C:\Users\Light\Videos\高速运动.mp4,965,True,0.1581544429063797,285.5937194824219,2.4327516555786133,311.8167724609375,21.182218551635742
fast,C:\Users\Light\Videos\高速运动.mp4,966,True,0.15757785737514496,285.6094970703125,2.438410520553589,311.8246765136719,21.174419403076172
fast,C:\Users\Light\Videos\高速运动.mp4,967,True,0.14172108471393585,285.6121520996094,2.506809949874878,311.3935546875,20.578210830688477
fast,C:\Users\Light\Videos\高速运动.mp4,968,True,0.1400071233510971,285.6109924316406,2.5018906593322754,311.3998718261719,20.592374801635742
fast,C:\Users\Light\Videos\高速运动.mp4,969,True,0.25602200627326965,285.68212890625,2.1065545082092285,311.6580505371094,21.29465675354004
fast,C:\Users\Light\Videos\高速运动.mp4,970,True,0.2640170454978943,285.679931640625,2.106767416000366,311.6613464355469,21.3042049407959
fast,C:\Users\Light\Videos\高速运动.mp4,971,True,0.20821964740753174,286.017578125,2.2240347862243652,311.7020568847656,20.336885452270508
fast,C:\Users\Light\Videos\高速运动.mp4,972,True,0.12430910766124725,285.665283203125,1.3786115646362305,311.3356018066406,20.899791717529297
fast,C:\Users\Light\Videos\高速运动.mp4,973,True,0.12488767504692078,285.67169189453125,1.3777599334716797,311.33782958984375,20.898759841918945
fast,C:\Users\Light\Videos\高速运动.mp4,974,True,0.714170515537262,180.0911407470703,40.6806526184082,206.40379333496094,61.30823516845703
fast,C:\Users\Light\Videos\高速运动.mp4,975,True,0.6388686895370483,191.86651611328125,40.64519500732422,218.3840789794922,60.91809844970703
fast,C:\Users\Light\Videos\高速运动.mp4,976,True,0.6381991505622864,191.8422088623047,40.657142639160156,218.3834228515625,60.91825485229492
fast,C:\Users\Light\Videos\高速运动.mp4,977,True,0.7258216738700867,203.04974365234375,39.892173767089844,229.65115356445312,60.725135803222656
fast,C:\Users\Light\Videos\高速运动.mp4,978,True,0.6959799528121948,212.24903869628906,39.841190338134766,240.08926391601562,60.68244171142578
fast,C:\Users\Light\Videos\高速运动.mp4,979,True,0.6937610507011414,212.2593994140625,39.832000732421875,240.09872436523438,60.648555755615234
fast,C:\Users\Light\Videos\高速运动.mp4,980,True,0.5272290110588074,219.96002197265625,39.79995346069336,247.74278259277344,60.63484191894531
fast,C:\Users\Light\Videos\高速运动.mp4,981,True,0.5278826951980591,219.9619903564453,39.799861907958984,247.7434539794922,60.63658905029297
fast,C:\Users\Light\Videos\高速运动.mp4,982,True,0.5867260694503784,227.96194458007812,40.120994567871094,256.7023010253906,60.78022384643555
fast,C:\Users\Light\Videos\高速运动.mp4,983,True,0.7295252680778503,235.81874084472656,40.14221954345703,261.38409423828125,61.95527267456055
fast,C:\Users\Light\Videos\高速运动.mp4,984,True,0.7295381426811218,235.81918334960938,40.14278030395508,261.38372802734375,61.95498275756836
fast,C:\Users\Light\Videos\高速运动.mp4,985,True,0.7052670121192932,239.72598266601562,38.852603912353516,266.9571838378906,60.50272750854492
fast,C:\Users\Light\Videos\高速运动.mp4,986,True,0.7749415636062622,245.15682983398438,39.562705993652344,270.4562072753906,62.15226745605469
fast,C:\Users\Light\Videos\高速运动.mp4,987,True,0.7749811410903931,245.1567840576172,39.56369400024414,270.4566955566406,62.15374755859375
fast,C:\Users\Light\Videos\高速运动.mp4,988,True,0.7773155570030212,247.20068359375,39.729087829589844,272.7101745605469,62.23223114013672
fast,C:\Users\Light\Videos\高速运动.mp4,989,True,0.7506752014160156,247.2672576904297,38.4752197265625,273.9952087402344,60.67544937133789
fast,C:\Users\Light\Videos\高速运动.mp4,990,True,0.7506821155548096,247.27183532714844,38.47613525390625,273.9925842285156,60.67529296875
fast,C:\Users\Light\Videos\高速运动.mp4,991,True,0.764667272567749,246.5752410888672,38.88352966308594,273.4747009277344,60.93638610839844
fast,C:\Users\Light\Videos\高速运动.mp4,992,True,0.7647075057029724,246.55653381347656,38.894020080566406,273.4738464355469,60.932037353515625
fast,C:\Users\Light\Videos\高速运动.mp4,993,True,0.7320371866226196,240.7877197265625,39.08597183227539,267.76348876953125,60.54734802246094
fast,C:\Users\Light\Videos\高速运动.mp4,994,True,0.7317255735397339,240.78085327148438,39.06494903564453,267.7458190917969,60.534706115722656
fast,C:\Users\Light\Videos\高速运动.mp4,995,True,0.7296625375747681,235.49160766601562,38.90576171875,262.4768371582031,60.2415885925293
fast,C:\Users\Light\Videos\高速运动.mp4,996,True,0.658255934715271,228.52035522460938,39.31391906738281,256.8328857421875,60.40084457397461
fast,C:\Users\Light\Videos\高速运动.mp4,997,True,0.6573463082313538,228.51600646972656,39.314388275146484,256.83587646484375,60.39723587036133
fast,C:\Users\Light\Videos\高速运动.mp4,998,True,0.48442578315734863,221.5362091064453,39.95120620727539,248.33538818359375,60.46776580810547
fast,C:\Users\Light\Videos\高速运动.mp4,999,True,0.7288773655891418,212.5814666748047,39.514610290527344,240.0860595703125,60.33793640136719
fast,C:\Users\Light\Videos\高速运动.mp4,1000,True,0.7310927510261536,212.58702087402344,39.53480529785156,240.0670623779297,60.39824295043945
fast,C:\Users\Light\Videos\高速运动.mp4,1001,True,0.3692067265510559,203.21401977539062,39.43960189819336,229.9715118408203,60.28318405151367
fast,C:\Users\Light\Videos\高速运动.mp4,1002,True,0.3832051157951355,202.3751220703125,40.21575164794922,229.76235961914062,60.65888977050781
fast,C:\Users\Light\Videos\高速运动.mp4,1003,True,0.6906003952026367,190.22093200683594,40.32762908935547,217.98370361328125,61.08461380004883
fast,C:\Users\Light\Videos\高速运动.mp4,1004,True,0.43682995438575745,178.1595916748047,41.45547866821289,206.17274475097656,60.68813705444336
fast,C:\Users\Light\Videos\高速运动.mp4,1005,True,0.44287988543510437,178.13255310058594,41.471412658691406,206.16368103027344,60.754539489746094
fast,C:\Users\Light\Videos\高速运动.mp4,1006,True,0.10589996725320816,165.14271545410156,39.55775451660156,190.852294921875,59.0904541015625
fast,C:\Users\Light\Videos\高速运动.mp4,1007,True,0.08050646632909775,0.0,3.530761957168579,24.724102020263672,22.001779556274414
fast,C:\Users\Light\Videos\高速运动.mp4,1008,True,0.07902698963880539,0.0,3.4905223846435547,24.744720458984375,22.00713539123535
fast,C:\Users\Light\Videos\高速运动.mp4,1009,True,0.06184770539402962,137.86940002441406,42.48521423339844,164.91220092773438,59.79694747924805
fast,C:\Users\Light\Videos\高速运动.mp4,1010,True,0.18611647188663483,119.72056579589844,39.47308349609375,145.11351013183594,59.71510314941406
fast,C:\Users\Light\Videos\高速运动.mp4,1011,True,0.18335604667663574,119.64796447753906,39.3706169128418,145.06675720214844,59.55495071411133
fast,C:\Users\Light\Videos\高速运动.mp4,1012,True,0.04348614439368248,0.0,4.0183210372924805,24.441625595092773,22.122106552124023
fast,C:\Users\Light\Videos\高速运动.mp4,1013,True,0.043238937854766846,0.0,4.046043872833252,24.415815353393555,22.112985610961914
fast,C:\Users\Light\Videos\高速运动.mp4,1014,True,0.03556399047374725,0.0,3.961026430130005,25.10848617553711,22.471006393432617
fast,C:\Users\Light\Videos\高速运动.mp4,1015,True,0.051552072167396545,0.0,4.372946739196777,24.455116271972656,23.66077995300293
fast,C:\Users\Light\Videos\高速运动.mp4,1016,True,0.05175517499446869,0.0,4.37237548828125,24.454893112182617,23.661115646362305
fast,C:\Users\Light\Videos\高速运动.mp4,1017,True,0.17973892390727997,285.3835754394531,2.7739083766937256,310.93914794921875,19.306501388549805
fast,C:\Users\Light\Videos\高速运动.mp4,1018,True,0.18174101412296295,285.37860107421875,2.763856887817383,310.93743896484375,19.311006546020508
fast,C:\Users\Light\Videos\高速运动.mp4,1019,True,0.07372674345970154,284.1340637207031,4.352171421051025,310.1137390136719,23.355112075805664
fast,C:\Users\Light\Videos\高速运动.mp4,1020,True,0.3629847764968872,16.081886291503906,44.99116134643555,43.069732666015625,65.16356658935547
fast,C:\Users\Light\Videos\高速运动.mp4,1021,True,0.36239001154899597,16.082645416259766,44.99272918701172,43.06238555908203,65.15980529785156
fast,C:\Users\Light\Videos\高速运动.mp4,1022,True,0.32065659761428833,28.265892028808594,44.57870101928711,55.79589080810547,65.01699829101562
fast,C:\Users\Light\Videos\高速运动.mp4,1023,True,0.4352201521396637,40.20733642578125,44.51908874511719,65.8870620727539,63.996788024902344
fast,C:\Users\Light\Videos\高速运动.mp4,1024,True,0.4365447163581848,40.20954895019531,44.515525817871094,65.88005065917969,63.998470306396484
fast,C:\Users\Light\Videos\高速运动.mp4,1025,True,0.6938444972038269,50.85442352294922,43.736167907714844,76.68949890136719,64.90274810791016
fast,C:\Users\Light\Videos\高速运动.mp4,1026,True,0.695816695690155,50.8513069152832,43.730655670166016,76.6667251586914,64.9118881225586
fast,C:\Users\Light\Videos\高速运动.mp4,1027,True,0.5528391599655151,60.913692474365234,44.40501403808594,87.07093811035156,64.96469116210938
fast,C:\Users\Light\Videos\高速运动.mp4,1028,True,0.48017600178718567,72.44247436523438,45.49967575073242,98.77799224853516,64.99189758300781
fast,C:\Users\Light\Videos\高速运动.mp4,1029,True,0.4810302257537842,72.49347686767578,45.48817825317383,98.80393981933594,64.99263763427734
fast,C:\Users\Light\Videos\高速运动.mp4,1030,True,0.2605082094669342,83.69363403320312,45.414756774902344,110.87860107421875,64.87269592285156
fast,C:\Users\Light\Videos\高速运动.mp4,1031,True,0.08755933493375778,284.4643249511719,3.7928740978240967,310.2691955566406,22.90603256225586
fast,C:\Users\Light\Videos\高速运动.mp4,1032,True,0.08804892003536224,284.46978759765625,3.778418779373169,310.26068115234375,22.891891479492188
fast,C:\Users\Light\Videos\高速运动.mp4,1033,True,0.15376737713813782,285.1500549316406,2.7321784496307373,310.7779846191406,20.129714965820312
fast,C:\Users\Light\Videos\高速运动.mp4,1034,True,0.15652737021446228,118.3931655883789,43.048118591308594,143.72760009765625,62.98915481567383
fast,C:\Users\Light\Videos\高速运动.mp4,1035,True,0.15690065920352936,118.40432739257812,43.059078216552734,143.7364501953125,63.004459381103516
fast,C:\Users\Light\Videos\高速运动.mp4,1036,True,0.214591383934021,284.94403076171875,2.5613479614257812,311.0572814941406,20.423864364624023
fast,C:\Users\Light\Videos\高速运动.mp4,1037,True,0.2158055454492569,284.92303466796875,2.5589163303375244,311.0388488769531,20.4183292388916
fast,C:\Users\Light\Videos\高速运动.mp4,1038,True,0.1835748255252838,285.21002197265625,2.5950210094451904,311.4638671875,21.01904296875
fast,C:\Users\Light\Videos\高速运动.mp4,1039,True,0.1631838083267212,285.4471740722656,2.6342856884002686,311.45751953125,20.198562622070312
fast,C:\Users\Light\Videos\高速运动.mp4,1040,True,0.16046425700187683,285.4399108886719,2.657257318496704,311.44854736328125,20.18126106262207
fast,C:\Users\Light\Videos\高速运动.mp4,1041,True,0.0980587899684906,285.1874084472656,3.044234037399292,310.96588134765625,20.061182022094727
fast,C:\Users\Light\Videos\高速运动.mp4,1042,True,0.09794484823942184,285.1933288574219,3.045029640197754,310.96728515625,20.04865264892578
fast,C:\Users\Light\Videos\高速运动.mp4,1043,True,0.09092577546834946,284.4317321777344,3.4527368545532227,310.1650085449219,22.59762954711914
fast,C:\Users\Light\Videos\高速运动.mp4,1044,True,0.15183615684509277,285.0180969238281,2.8572001457214355,310.95281982421875,20.20228385925293
fast,C:\Users\Light\Videos\高速运动.mp4,1045,True,0.1515861600637436,285.01678466796875,2.855743408203125,310.94854736328125,20.20795249938965
fast,C:\Users\Light\Videos\高速运动.mp4,1046,True,0.21552346646785736,285.1004943847656,2.392893075942993,311.3510437011719,20.89362907409668
fast,C:\Users\Light\Videos\高速运动.mp4,1047,True,0.2158404141664505,285.10333251953125,2.3947083950042725,311.34918212890625,20.89710235595703
fast,C:\Users\Light\Videos\高速运动.mp4,1048,True,0.16069161891937256,285.4796447753906,2.4889817237854004,311.68115234375,20.562881469726562
fast,C:\Users\Light\Videos\高速运动.mp4,1049,True,0.1326012909412384,285.15118408203125,2.8908395767211914,310.8713073730469,19.929962158203125
fast,C:\Users\Light\Videos\高速运动.mp4,1050,True,0.13303154706954956,285.18231201171875,2.898369789123535,310.9311218261719,19.905534744262695
fast,C:\Users\Light\Videos\高速运动.mp4,1051,True,0.20506447553634644,285.4919128417969,2.4122676849365234,311.2502136230469,20.237445831298828
fast,C:\Users\Light\Videos\高速运动.mp4,1052,True,0.3262004852294922,285.4268798828125,2.1703147888183594,311.3280334472656,20.80602264404297
fast,C:\Users\Light\Videos\高速运动.mp4,1053,True,0.3178786635398865,285.3966979980469,2.1779346466064453,311.3053283691406,20.795129776000977
fast,C:\Users\Light\Videos\高速运动.mp4,1054,True,0.13016682863235474,284.8739929199219,3.0688977241516113,310.9326477050781,20.50667381286621
fast,C:\Users\Light\Videos\高速运动.mp4,1055,True,0.21113426983356476,284.93115234375,2.6242117881774902,310.94207763671875,20.920028686523438
fast,C:\Users\Light\Videos\高速运动.mp4,1056,True,0.2111021876335144,284.9316711425781,2.621298313140869,310.9454040527344,20.917295455932617
fast,C:\Users\Light\Videos\高速运动.mp4,1057,True,0.12897974252700806,285.14385986328125,2.8556313514709473,311.1560974121094,20.58287239074707
fast,C:\Users\Light\Videos\高速运动.mp4,1058,True,0.13084237277507782,285.1336975097656,2.8522472381591797,311.131591796875,20.590604782104492
fast,C:\Users\Light\Videos\高速运动.mp4,1059,True,0.17748187482357025,284.95062255859375,2.661717176437378,310.99591064453125,20.621240615844727
fast,C:\Users\Light\Videos\高速运动.mp4,1060,True,0.12160921096801758,285.0036926269531,2.7087697982788086,311.177734375,20.57890510559082
fast,C:\Users\Light\Videos\高速运动.mp4,1061,True,0.1220502108335495,285.0022888183594,2.707212209701538,311.17803955078125,20.578994750976562
fast,C:\Users\Light\Videos\高速运动.mp4,1062,True,0.10249456018209457,284.5506286621094,2.6431941986083984,310.3966064453125,20.94210433959961
fast,C:\Users\Light\Videos\高速运动.mp4,1063,True,0.16865812242031097,284.99908447265625,2.3184313774108887,311.24444580078125,21.1779842376709
fast,C:\Users\Light\Videos\高速运动.mp4,1064,True,0.1689867228269577,284.9941711425781,2.320044994354248,311.2391662597656,21.18609619140625
fast,C:\Users\Light\Videos\高速运动.mp4,1065,True,0.6490789651870728,388.5276794433594,38.45612335205078,416.12493896484375,59.90656280517578
fast,C:\Users\Light\Videos\高速运动.mp4,1066,True,0.6495015621185303,388.514404296875,38.45970916748047,416.12457275390625,59.91046142578125
fast,C:\Users\Light\Videos\高速运动.mp4,1067,True,0.13548974692821503,379.7335205078125,39.565216064453125,406.18975830078125,59.76850891113281
fast,C:\Users\Light\Videos\高速运动.mp4,1068,True,0.022547343745827675,367.4840087890625,36.79253005981445,397.23956298828125,57.06910705566406
fast,C:\Users\Light\Videos\高速运动.mp4,1069,True,0.02255956083536148,367.4912109375,36.78766632080078,397.2459716796875,57.060386657714844
fast,C:\Users\Light\Videos\高速运动.mp4,1070,True,0.08300524950027466,395.2713623046875,12.434823989868164,422.21875,31.067842483520508
fast,C:\Users\Light\Videos\高速运动.mp4,1071,True,0.08375095576047897,395.2822570800781,12.430408477783203,422.2154846191406,31.071495056152344
fast,C:\Users\Light\Videos\高速运动.mp4,1072,True,0.021674025803804398,396.18804931640625,13.045040130615234,423.16827392578125,31.7781925201416
fast,C:\Users\Light\Videos\高速运动.mp4,1073,True,0.05003678798675537,327.242919921875,38.919456481933594,355.44598388671875,58.89298629760742
fast,C:\Users\Light\Videos\高速运动.mp4,1074,True,0.05808718502521515,327.4933776855469,39.00410461425781,355.45880126953125,58.9793815612793
fast,C:\Users\Light\Videos\高速运动.mp4,1075,True,0.18860039114952087,311.87005615234375,40.5283203125,339.96075439453125,59.227989196777344
fast,C:\Users\Light\Videos\高速运动.mp4,1076,True,0.10375136137008667,396.5851135253906,11.58305835723877,423.74945068359375,31.28330421447754
fast,C:\Users\Light\Videos\高速运动.mp4,1077,True,0.10245873034000397,396.5908508300781,11.586307525634766,423.75555419921875,31.279787063598633
fast,C:\Users\Light\Videos\高速运动.mp4,1078,True,0.05083727836608887,395.91961669921875,12.09585189819336,423.61187744140625,31.53007698059082
fast,C:\Users\Light\Videos\高速运动.mp4,1079,True,0.048068586736917496,395.7835693359375,12.109724998474121,423.2735290527344,31.45269012451172
fast,C:\Users\Light\Videos\高速运动.mp4,1080,True,0.048277854919433594,395.801513671875,12.12935733795166,423.2746887207031,31.475101470947266
fast,C:\Users\Light\Videos\高速运动.mp4,1081,True,0.06438431888818741,395.62066650390625,12.325098037719727,422.62176513671875,31.077030181884766
fast,C:\Users\Light\Videos\高速运动.mp4,1082,True,0.06451702862977982,395.6174621582031,12.319360733032227,422.6248474121094,31.07317543029785
fast,C:\Users\Light\Videos\高速运动.mp4,1083,True,0.05229318141937256,395.2478942871094,12.583276748657227,422.02069091796875,31.115264892578125
fast,C:\Users\Light\Videos\高速运动.mp4,1084,True,0.025976737961173058,395.56732177734375,13.32161808013916,420.7984619140625,30.891218185424805
fast,C:\Users\Light\Videos\高速运动.mp4,1085,True,0.02575182542204857,395.5837097167969,13.326168060302734,420.7817687988281,30.882051467895508
fast,C:\Users\Light\Videos\高速运动.mp4,1086,True,0.019187891855835915,0.0,4.512042999267578,23.092344284057617,21.727487564086914
fast,C:\Users\Light\Videos\高速运动.mp4,1087,True,0.04325909912586212,0.0,4.424829006195068,23.086559295654297,22.117198944091797
fast,C:\Users\Light\Videos\高速运动.mp4,1088,True,0.04334519803524017,0.0,4.43166446685791,23.08881187438965,22.114486694335938
fast,C:\Users\Light\Videos\高速运动.mp4,1089,True,0.0318928137421608,284.21807861328125,1.630134105682373,310.55523681640625,19.77288246154785
fast,C:\Users\Light\Videos\高速运动.mp4,1090,True,0.03175912797451019,284.22015380859375,1.6319942474365234,310.5567321777344,19.768152236938477
fast,C:\Users\Light\Videos\高速运动.mp4,1091,True,0.11642628163099289,285.5862731933594,2.7735610008239746,310.96148681640625,19.36992645263672
fast,C:\Users\Light\Videos\高速运动.mp4,1092,True,0.11845742166042328,285.6440124511719,2.760921001434326,311.0473327636719,19.481847763061523
fast,C:\Users\Light\Videos\高速运动.mp4,1093,True,0.15454858541488647,285.1046447753906,3.1085546016693115,310.7384338378906,19.833393096923828
fast,C:\Users\Light\Videos\高速运动.mp4,1094,True,0.2107713520526886,285.4774475097656,2.4944612979888916,311.02764892578125,19.714275360107422
fast,C:\Users\Light\Videos\高速运动.mp4,1095,True,0.2106359601020813,285.475341796875,2.4923770427703857,311.0418395996094,19.723756790161133
fast,C:\Users\Light\Videos\高速运动.mp4,1096,True,0.10962452739477158,284.64532470703125,2.9774930477142334,309.9209289550781,22.378246307373047
fast,C:\Users\Light\Videos\高速运动.mp4,1097,True,0.24729937314987183,285.025634765625,2.5012967586517334,311.19970703125,20.81397819519043
fast,C:\Users\Light\Videos\高速运动.mp4,1098,True,0.25237342715263367,285.0331726074219,2.4881300926208496,311.2153015136719,20.859025955200195
fast,C:\Users\Light\Videos\高速运动.mp4,1099,True,0.1126270741224289,285.03369140625,3.108689069747925,310.6968078613281,20.01994514465332
fast,C:\Users\Light\Videos\高速运动.mp4,1100,True,0.16108746826648712,285.2898254394531,2.7283012866973877,311.2528381347656,20.37189292907715
fast,C:\Users\Light\Videos\高速运动.mp4,1101,True,0.16116586327552795,285.291015625,2.726598024368286,311.2535705566406,20.375186920166016
fast,C:\Users\Light\Videos\高速运动.mp4,1102,True,0.19648204743862152,284.9427490234375,2.8554296493530273,310.9566345214844,20.97733497619629
fast,C:\Users\Light\Videos\高速运动.mp4,1103,True,0.1959524154663086,284.9430847167969,2.857233762741089,310.95355224609375,20.969356536865234
fast,C:\Users\Light\Videos\高速运动.mp4,1104,True,0.06287600845098495,283.6990661621094,4.595883846282959,310.0505065917969,23.517929077148438
fast,C:\Users\Light\Videos\高速运动.mp4,1105,True,0.1925235092639923,285.0167236328125,2.7881507873535156,310.9241943359375,20.330453872680664
fast,C:\Users\Light\Videos\高速运动.mp4,1106,True,0.1951247602701187,285.0185241699219,2.769134759902954,310.9390563964844,20.355531692504883
fast,C:\Users\Light\Videos\高速运动.mp4,1107,True,0.12456229329109192,284.8388671875,3.0403456687927246,310.9765930175781,20.344192504882812
fast,C:\Users\Light\Videos\高速运动.mp4,1108,True,0.15959085524082184,0.0,4.36150598526001,23.697389602661133,23.79863166809082
fast,C:\Users\Light\Videos\高速运动.mp4,1109,True,0.16421650350093842,0.0,4.338276386260986,23.736675262451172,23.81472396850586
fast,C:\Users\Light\Videos\高速运动.mp4,1110,True,0.13658572733402252,0.0,4.659565448760986,23.210647583007812,24.06842041015625
fast,C:\Users\Light\Videos\高速运动.mp4,1111,True,0.21891644597053528,284.9995422363281,2.534252643585205,310.99822998046875,20.796274185180664
fast,C:\Users\Light\Videos\高速运动.mp4,1112,True,0.13168542087078094,285.17071533203125,3.017665386199951,311.12322998046875,20.600622177124023
fast,C:\Users\Light\Videos\高速运动.mp4,1113,True,0.1284462809562683,285.3202819824219,2.8254992961883545,311.2518005371094,20.06893539428711
fast,C:\Users\Light\Videos\高速运动.mp4,1114,True,0.12826953828334808,285.3177795410156,2.814596176147461,311.25823974609375,20.09379005432129
fast,C:\Users\Light\Videos\高速运动.mp4,1115,True,0.1120043694972992,284.7613220214844,2.9389007091522217,310.280517578125,20.30555534362793
fast,C:\Users\Light\Videos\高速运动.mp4,1116,True,0.11092102527618408,284.7608642578125,2.947977304458618,310.2808837890625,20.303739547729492
fast,C:\Users\Light\Videos\高速运动.mp4,1117,True,0.11474303156137466,284.9263610839844,3.060941696166992,310.8029479980469,20.504276275634766
fast,C:\Users\Light\Videos\高速运动.mp4,1118,True,0.13979004323482513,284.8299255371094,2.7180705070495605,310.64208984375,20.425052642822266
fast,C:\Users\Light\Videos\高速运动.mp4,1119,True,0.1390107423067093,284.83935546875,2.7112574577331543,310.6557312011719,20.43531608581543
fast,C:\Users\Light\Videos\高速运动.mp4,1120,True,0.09800783544778824,284.59857177734375,2.990570068359375,309.98150634765625,20.184017181396484
fast,C:\Users\Light\Videos\高速运动.mp4,1121,True,0.10107529908418655,284.4566345214844,2.6690008640289307,309.8396301269531,19.799686431884766
fast,C:\Users\Light\Videos\高速运动.mp4,1122,True,0.10117890685796738,284.51116943359375,2.698068380355835,309.9548645019531,19.857149124145508
fast,C:\Users\Light\Videos\高速运动.mp4,1123,True,0.03945425525307655,284.6810302734375,3.3190531730651855,309.9500427246094,19.597042083740234
fast,C:\Users\Light\Videos\高速运动.mp4,1124,True,0.05744631960988045,285.3151550292969,2.8704564571380615,310.7328186035156,19.56949806213379
fast,C:\Users\Light\Videos\高速运动.mp4,1125,True,0.058663345873355865,285.30743408203125,2.8672292232513428,310.724853515625,19.550628662109375
fast,C:\Users\Light\Videos\高速运动.mp4,1126,True,0.08370745182037354,285.1978759765625,1.6212480068206787,311.0300598144531,20.546005249023438
fast,C:\Users\Light\Videos\高速运动.mp4,1127,True,0.0842093750834465,285.197265625,1.6169002056121826,311.02874755859375,20.545692443847656
fast,C:\Users\Light\Videos\高速运动.mp4,1128,True,0.06716665625572205,284.0029296875,4.732593059539795,310.23504638671875,24.0048828125
fast,C:\Users\Light\Videos\高速运动.mp4,1129,True,0.03415409475564957,0.0,5.17887020111084,22.983423233032227,25.950077056884766
fast,C:\Users\Light\Videos\高速运动.mp4,1130,True,0.03498440608382225,0.0,5.185492515563965,22.989521026611328,25.93562126159668
fast,C:\Users\Light\Videos\高速运动.mp4,1131,True,0.036932095885276794,2.802510976791382,3.813974380493164,30.549461364746094,21.920806884765625
fast,C:\Users\Light\Videos\高速运动.mp4,1132,True,0.03839656710624695,2.672994375228882,3.903261184692383,30.466001510620117,21.824304580688477
fast,C:\Users\Light\Videos\高速运动.mp4,1133,True,0.03757353872060776,2.712974786758423,3.884794235229492,30.505002975463867,21.809669494628906
fast,C:\Users\Light\Videos\高速运动.mp4,1134,True,0.01554040051996708,285.8622131347656,1.9568020105361938,310.3887634277344,22.00128746032715
fast,C:\Users\Light\Videos\高速运动.mp4,1135,True,0.03608312830328941,2.73382306098938,3.9144668579101562,30.45602035522461,21.355525970458984
fast,C:\Users\Light\Videos\高速运动.mp4,1136,True,0.09556461870670319,285.11627197265625,1.5044960975646973,310.9697570800781,20.465167999267578
fast,C:\Users\Light\Videos\高速运动.mp4,1137,True,0.09345117211341858,285.0817565917969,1.5308406352996826,310.9495849609375,20.46680450439453
fast,C:\Users\Light\Videos\高速运动.mp4,1138,True,0.10304617136716843,285.54217529296875,3.1853246688842773,310.73907470703125,19.143997192382812
fast,C:\Users\Light\Videos\高速运动.mp4,1139,True,0.12445349991321564,285.31585693359375,3.0571653842926025,310.59710693359375,19.335323333740234
fast,C:\Users\Light\Videos\高速运动.mp4,1140,True,0.12081452459096909,285.3030700683594,3.0696260929107666,310.5592041015625,19.288349151611328
fast,C:\Users\Light\Videos\高速运动.mp4,1141,True,0.08263470977544785,284.31341552734375,3.8171792030334473,310.2201843261719,23.13274574279785
fast,C:\Users\Light\Videos\高速运动.mp4,1142,True,0.09416880458593369,284.3710632324219,3.379362106323242,310.0536193847656,22.88852882385254
fast,C:\Users\Light\Videos\高速运动.mp4,1143,True,0.09498254209756851,284.9052429199219,2.848426103591919,310.5552062988281,20.39096450805664
fast,C:\Users\Light\Videos\高速运动.mp4,1144,True,0.11304516345262527,285.1059875488281,3.0695700645446777,310.9244384765625,20.067546844482422
fast,C:\Users\Light\Videos\高速运动.mp4,1145,True,0.2036418914794922,285.23809814453125,2.453784704208374,311.1020202636719,20.223752975463867
fast,C:\Users\Light\Videos\高速运动.mp4,1146,True,0.20288267731666565,285.23455810546875,2.4550397396087646,311.0909423828125,20.216402053833008
fast,C:\Users\Light\Videos\高速运动.mp4,1147,True,0.5829713344573975,286.8246154785156,46.348392486572266,311.5421447753906,65.75074768066406
fast,C:\Users\Light\Videos\高速运动.mp4,1148,True,0.585590124130249,286.8236389160156,46.333396911621094,311.53765869140625,65.7549819946289
fast,C:\Users\Light\Videos\高速运动.mp4,1149,True,0.7575671076774597,278.2505798339844,46.098819732666016,303.3981018066406,65.8025131225586
fast,C:\Users\Light\Videos\高速运动.mp4,1150,True,0.7092495560646057,271.1900634765625,46.88227462768555,295.94232177734375,65.91605377197266
fast,C:\Users\Light\Videos\高速运动.mp4,1151,True,0.709738552570343,271.1918640136719,46.87812805175781,295.9449768066406,65.91625213623047
fast,C:\Users\Light\Videos\高速运动.mp4,1152,True,0.7742242813110352,264.89093017578125,46.141937255859375,289.6384582519531,65.9304428100586
fast,C:\Users\Light\Videos\高速运动.mp4,1153,True,0.7021033763885498,260.4188537597656,45.530601501464844,284.0710144042969,65.43914031982422
fast,C:\Users\Light\Videos\高速运动.mp4,1154,True,0.7016898989677429,260.4211120605469,45.52923583984375,284.072509765625,65.42912292480469
fast,C:\Users\Light\Videos\高速运动.mp4,1155,True,0.7699652910232544,255.25611877441406,46.372642517089844,278.8985595703125,66.14227294921875
fast,C:\Users\Light\Videos\高速运动.mp4,1156,True,0.7034264206886292,251.22198486328125,45.93579864501953,275.6387634277344,66.6915283203125
fast,C:\Users\Light\Videos\高速运动.mp4,1157,True,0.7034428119659424,251.2248077392578,45.935909271240234,275.640869140625,66.69114685058594
fast,C:\Users\Light\Videos\高速运动.mp4,1158,True,0.7619073390960693,248.9209747314453,46.29254150390625,272.19122314453125,65.90135192871094
fast,C:\Users\Light\Videos\高速运动.mp4,1159,True,0.6970081925392151,246.28631591796875,46.44256591796875,270.2790222167969,66.38812255859375
fast,C:\Users\Light\Videos\高速运动.mp4,1160,True,0.7696558237075806,245.1524200439453,46.82830810546875,269.09539794921875,66.8431167602539
fast,C:\Users\Light\Videos\高速运动.mp4,1161,True,0.7700016498565674,245.1401824951172,46.829586029052734,269.0909118652344,66.848388671875
fast,C:\Users\Light\Videos\高速运动.mp4,1162,True,0.752586841583252,245.1319122314453,46.6073112487793,268.4627380371094,66.53166961669922
fast,C:\Users\Light\Videos\高速运动.mp4,1163,True,0.7622289061546326,245.21041870117188,46.54435729980469,268.8544006347656,66.4686279296875
fast,C:\Users\Light\Videos\高速运动.mp4,1164,True,0.7631525993347168,245.1968536376953,46.5638542175293,268.8399658203125,66.48211669921875
fast,C:\Users\Light\Videos\高速运动.mp4,1165,True,0.7254522442817688,246.11734008789062,46.4810905456543,270.22711181640625,66.70015716552734
fast,C:\Users\Light\Videos\高速运动.mp4,1166,True,0.7547113299369812,247.87046813964844,46.806949615478516,272.12939453125,66.28572845458984
fast,C:\Users\Light\Videos\高速运动.mp4,1167,True,0.7547791004180908,247.8675537109375,46.80768966674805,272.12677001953125,66.28628540039062
fast,C:\Users\Light\Videos\高速运动.mp4,1168,True,0.7322579622268677,251.4982147216797,46.38418197631836,275.2949523925781,65.85874938964844
fast,C:\Users\Light\Videos\高速运动.mp4,1169,True,0.778114914894104,255.16233825683594,46.29682159423828,278.6383972167969,66.08460998535156
fast,C:\Users\Light\Videos\高速运动.mp4,1170,True,0.7785599231719971,255.1663360595703,46.30105972290039,278.62994384765625,66.0921630859375
fast,C:\Users\Light\Videos\高速运动.mp4,1171,True,0.7322492599487305,259.0847473144531,46.36262130737305,282.9888610839844,66.687744140625
fast,C:\Users\Light\Videos\高速运动.mp4,1172,True,0.7324783802032471,259.0947265625,46.36540222167969,282.9859619140625,66.68962860107422
fast,C:\Users\Light\Videos\高速运动.mp4,1173,True,0.7066903710365295,263.008544921875,46.34491729736328,287.4110412597656,66.40943908691406
fast,C:\Users\Light\Videos\高速运动.mp4,1174,True,0.6945231556892395,268.96417236328125,46.22855758666992,293.06219482421875,66.24583435058594
fast,C:\Users\Light\Videos\高速运动.mp4,1175,True,0.6934459209442139,268.9798889160156,46.23487854003906,293.07525634765625,66.2492904663086
fast,C:\Users\Light\Videos\高速运动.mp4,1176,True,0.7285187244415283,274.9608154296875,46.70201873779297,298.82110595703125,66.27447509765625
fast,C:\Users\Light\Videos\高速运动.mp4,1177,True,0.6883323192596436,281.3879699707031,46.7438850402832,305.07977294921875,67.10848999023438
fast,C:\Users\Light\Videos\高速运动.mp4,1178,True,0.688209593296051,281.3941345214844,46.74298858642578,305.0830993652344,67.10271453857422
fast,C:\Users\Light\Videos\高速运动.mp4,1179,True,0.5185756683349609,289.254638671875,47.646724700927734,313.51568603515625,65.18436431884766
fast,C:\Users\Light\Videos\高速运动.mp4,1180,True,0.6310665011405945,298.0495910644531,46.44892883300781,322.470703125,65.31497955322266
fast,C:\Users\Light\Videos\高速运动.mp4,1181,True,0.6314015984535217,298.0496826171875,46.44635009765625,322.4712829589844,65.31832122802734
fast,C:\Users\Light\Videos\高速运动.mp4,1182,True,0.36255475878715515,308.49395751953125,48.0244255065918,333.5985412597656,65.11383819580078
fast,C:\Users\Light\Videos\高速运动.mp4,1183,True,0.36021706461906433,308.510986328125,48.036659240722656,333.61236572265625,65.11003112792969
fast,C:\Users\Light\Videos\高速运动.mp4,1184,True,0.1283344179391861,285.0860900878906,2.7313716411590576,310.954345703125,20.431304931640625
fast,C:\Users\Light\Videos\高速运动.mp4,1185,True,0.0907411277294159,284.387451171875,2.9753639698028564,310.058837890625,20.32872772216797
fast,C:\Users\Light\Videos\高速运动.mp4,1186,True,0.09678810834884644,284.894287109375,2.8370635509490967,310.7532653808594,20.455711364746094
fast,C:\Users\Light\Videos\高速运动.mp4,1187,True,0.10504669696092606,285.6478271484375,2.86608624458313,310.8641052246094,19.506994247436523
fast,C:\Users\Light\Videos\高速运动.mp4,1188,True,0.10627445578575134,285.5976867675781,2.8711063861846924,310.8269958496094,19.512954711914062
fast,C:\Users\Light\Videos\高速运动.mp4,1189,True,0.08592941612005234,362.19073486328125,42.500789642333984,388.66986083984375,59.57097244262695
fast,C:\Users\Light\Videos\高速运动.mp4,1190,True,0.46181172132492065,371.40020751953125,40.39501953125,399.2054443359375,60.31816864013672
fast,C:\Users\Light\Videos\高速运动.mp4,1191,True,0.4554169774055481,371.39215087890625,40.44638442993164,399.2027587890625,60.35317611694336
fast,C:\Users\Light\Videos\高速运动.mp4,1192,True,0.3102147877216339,378.4159240722656,38.87322235107422,407.2503356933594,60.850730895996094
fast,C:\Users\Light\Videos\高速运动.mp4,1193,True,0.3199852406978607,378.40716552734375,38.867393493652344,407.2331848144531,60.8371467590332
fast,C:\Users\Light\Videos\高速运动.mp4,1194,True,0.650168776512146,387.3053283691406,37.30202865600586,413.2379455566406,59.501678466796875
fast,C:\Users\Light\Videos\高速运动.mp4,1195,True,0.6541535258293152,391.41741943359375,36.03746795654297,418.4766845703125,58.023807525634766
fast,C:\Users\Light\Videos\高速运动.mp4,1196,True,0.6538980007171631,391.4164733886719,36.043338775634766,418.4753723144531,58.02053451538086
fast,C:\Users\Light\Videos\高速运动.mp4,1197,True,0.6636614799499512,394.3352355957031,37.757896423339844,421.4873046875,59.73392868041992
fast,C:\Users\Light\Videos\高速运动.mp4,1198,True,0.6925792098045349,397.5119323730469,39.66873550415039,423.5181579589844,61.750858306884766
fast,C:\Users\Light\Videos\高速运动.mp4,1199,True,0.6923762559890747,397.51495361328125,39.66999053955078,423.5220642089844,61.75220489501953
fast,C:\Users\Light\Videos\高速运动.mp4,1200,True,0.6982100605964661,397.8872375488281,39.56826400756836,423.7686767578125,61.45496368408203
fast,C:\Users\Light\Videos\高速运动.mp4,1201,True,0.6380279660224915,397.8199157714844,40.12910842895508,424.88818359375,60.60599899291992
fast,C:\Users\Light\Videos\高速运动.mp4,1202,True,0.6380735635757446,397.8215026855469,40.126956939697266,424.8905334472656,60.60577392578125
fast,C:\Users\Light\Videos\高速运动.mp4,1203,True,0.6538810133934021,397.6037292480469,41.14978790283203,424.9920349121094,62.38059616088867
fast,C:\Users\Light\Videos\高速运动.mp4,1204,True,0.6664325594902039,396.915771484375,41.94680404663086,424.4757995605469,62.5247688293457
fast,C:\Users\Light\Videos\高速运动.mp4,1205,True,0.6672807335853577,396.92181396484375,41.94572830200195,424.4717102050781,62.52427291870117
fast,C:\Users\Light\Videos\高速运动.mp4,1206,True,0.7656116485595703,395.0868225097656,39.92516326904297,422.2227478027344,61.22997283935547
fast,C:\Users\Light\Videos\高速运动.mp4,1207,True,0.771159291267395,395.06683349609375,39.905242919921875,422.18804931640625,61.238826751708984
fast,C:\Users\Light\Videos\高速运动.mp4,1208,True,0.8033066391944885,391.3771667480469,41.00926971435547,417.34149169921875,62.30157470703125
fast,C:\Users\Light\Videos\高速运动.mp4,1209,True,0.8007684350013733,391.4002380371094,40.994117736816406,417.3435363769531,62.287052154541016
fast,C:\Users\Light\Videos\高速运动.mp4,1210,True,0.6583155393600464,387.99493408203125,41.58763885498047,414.777099609375,61.68349075317383
fast,C:\Users\Light\Videos\高速运动.mp4,1211,True,0.6751294732093811,386.3757019042969,41.74514389038086,411.4591064453125,62.449466705322266
fast,C:\Users\Light\Videos\高速运动.mp4,1212,True,0.6787342429161072,386.3356018066406,41.6975212097168,411.4462585449219,62.428016662597656
fast,C:\Users\Light\Videos\高速运动.mp4,1213,True,0.5260070562362671,382.1410827636719,41.944740295410156,408.8090515136719,61.820064544677734
fast,C:\Users\Light\Videos\高速运动.mp4,1214,True,0.8040328025817871,378.9292297363281,43.732940673828125,404.14288330078125,63.63690948486328
fast,C:\Users\Light\Videos\高速运动.mp4,1215,True,0.8060891628265381,378.92340087890625,43.70734786987305,404.1144714355469,63.62036895751953
fast,C:\Users\Light\Videos\高速运动.mp4,1216,True,0.6052556037902832,375.4389953613281,43.7090950012207,400.0121154785156,64.53936767578125
fast,C:\Users\Light\Videos\高速运动.mp4,1217,True,0.6058509349822998,375.47052001953125,43.70226287841797,400.0337219238281,64.5315933227539
fast,C:\Users\Light\Videos\高速运动.mp4,1218,True,0.4641706049442291,374.437255859375,44.718055725097656,398.6480712890625,64.33291625976562
fast,C:\Users\Light\Videos\高速运动.mp4,1219,True,0.7107611298561096,372.27874755859375,45.1318359375,396.3135681152344,65.37748718261719
fast,C:\Users\Light\Videos\高速运动.mp4,1220,True,0.7107250690460205,372.2665710449219,45.12867736816406,396.3150939941406,65.38468170166016
fast,C:\Users\Light\Videos\高速运动.mp4,1221,True,0.6388776898384094,370.7182312011719,45.87358474731445,395.1015319824219,66.15917205810547
fast,C:\Users\Light\Videos\高速运动.mp4,1222,True,0.6845215559005737,367.8665771484375,44.729976654052734,394.36260986328125,66.47821807861328
fast,C:\Users\Light\Videos\高速运动.mp4,1223,True,0.684177577495575,367.8620300292969,44.72345733642578,394.3653564453125,66.47026062011719
fast,C:\Users\Light\Videos\高速运动.mp4,1224,True,0.6631650328636169,369.419921875,47.16259765625,393.03411865234375,66.46813201904297
fast,C:\Users\Light\Videos\高速运动.mp4,1225,True,0.6196544766426086,369.5973205566406,47.22297286987305,394.4178771972656,66.4942626953125
fast,C:\Users\Light\Videos\高速运动.mp4,1226,True,0.6193504929542542,369.5947265625,47.220619201660156,394.4165344238281,66.49303436279297
fast,C:\Users\Light\Videos\高速运动.mp4,1227,True,0.707463800907135,373.0766296386719,46.53306198120117,396.5198059082031,66.10942077636719
fast,C:\Users\Light\Videos\高速运动.mp4,1228,True,0.7073683738708496,373.0776062011719,46.53805923461914,396.52294921875,66.11038208007812
fast,C:\Users\Light\Videos\高速运动.mp4,1229,True,0.6392211318016052,375.1500549316406,47.13175964355469,399.5487365722656,66.54039001464844
fast,C:\Users\Light\Videos\高速运动.mp4,1230,True,0.6299470663070679,379.23046875,47.18717956542969,403.47442626953125,65.79218292236328
fast,C:\Users\Light\Videos\高速运动.mp4,1231,True,0.6338214874267578,379.1964111328125,47.16275405883789,403.4415283203125,65.79312896728516
fast,C:\Users\Light\Videos\高速运动.mp4,1232,True,0.5037599802017212,382.69415283203125,47.24921417236328,407.5916442871094,65.86991119384766
fast,C:\Users\Light\Videos\高速运动.mp4,1233,True,0.44525346159935,386.34918212890625,47.24020767211914,411.9948425292969,65.98107147216797
fast,C:\Users\Light\Videos\高速运动.mp4,1234,True,0.06669855862855911,285.35400390625,3.3184032440185547,311.0236511230469,19.800918579101562
fast,C:\Users\Light\Videos\高速运动.mp4,1235,True,0.188099667429924,285.2057800292969,2.7733705043792725,311.3695983886719,20.84326934814453
fast,C:\Users\Light\Videos\高速运动.mp4,1236,True,0.19606152176856995,285.2043762207031,2.735360860824585,311.42156982421875,20.939414978027344
fast,C:\Users\Light\Videos\高速运动.mp4,1237,True,0.10980633646249771,285.00860595703125,3.1324450969696045,310.57379150390625,19.645294189453125
fast,C:\Users\Light\Videos\高速运动.mp4,1238,True,0.10939018428325653,285.0016174316406,3.1363558769226074,310.5668640136719,19.642179489135742
fast,C:\Users\Light\Videos\高速运动.mp4,1239,True,0.07568541169166565,285.1859130859375,3.463046073913574,310.8669128417969,19.72566032409668
fast,C:\Users\Light\Videos\高速运动.mp4,1240,True,0.1961909383535385,285.0352783203125,2.781606674194336,310.9009094238281,20.533411026000977
fast,C:\Users\Light\Videos\高速运动.mp4,1241,True,0.19367237389087677,285.0234680175781,2.7960731983184814,310.89404296875,20.519001007080078
fast,C:\Users\Light\Videos\高速运动.mp4,1242,True,0.05597728490829468,283.59710693359375,4.979711532592773,310.0301818847656,23.908334732055664
fast,C:\Users\Light\Videos\高速运动.mp4,1243,True,0.1382570117712021,285.08514404296875,3.0781760215759277,310.6667175292969,20.022275924682617
fast,C:\Users\Light\Videos\高速运动.mp4,1244,True,0.13673827052116394,285.0797119140625,3.083991765975952,310.65106201171875,20.00678825378418
fast,C:\Users\Light\Videos\高速运动.mp4,1245,True,0.17549507319927216,285.334716796875,2.823885679244995,311.1541748046875,20.1188907623291
fast,C:\Users\Light\Videos\高速运动.mp4,1246,True,0.17218799889087677,398.5794982910156,40.46209716796875,424.4666442871094,60.704742431640625
fast,C:\Users\Light\Videos\高速运动.mp4,1247,True,0.17220444977283478,398.5803527832031,40.46402359008789,424.46759033203125,60.708194732666016
fast,C:\Users\Light\Videos\高速运动.mp4,1248,True,0.11219049990177155,399.73358154296875,36.55790328979492,425.57269287109375,56.925785064697266
fast,C:\Users\Light\Videos\高速运动.mp4,1249,True,0.09413711726665497,285.1485900878906,3.230954170227051,310.4267578125,19.332923889160156
fast,C:\Users\Light\Videos\高速运动.mp4,1250,True,0.09583025425672531,285.13311767578125,3.2563910484313965,310.50311279296875,19.518333435058594
fast,C:\Users\Light\Videos\高速运动.mp4,1251,True,0.1073652133345604,285.2054443359375,3.0223493576049805,310.9871826171875,20.114408493041992
fast,C:\Users\Light\Videos\高速运动.mp4,1252,True,0.1077950969338417,285.2019958496094,3.01762056350708,310.990478515625,20.129581451416016
fast,C:\Users\Light\Videos\高速运动.mp4,1253,True,0.12993112206459045,285.20587158203125,2.9527173042297363,311.11041259765625,20.20340347290039
fast,C:\Users\Light\Videos\高速运动.mp4,1254,True,0.08204585313796997,398.8724365234375,35.15502166748047,425.3212585449219,55.4785270690918
fast,C:\Users\Light\Videos\高速运动.mp4,1255,True,0.08338520675897598,398.9265441894531,35.181983947753906,425.3355407714844,55.516605377197266
fast,C:\Users\Light\Videos\高速运动.mp4,1256,True,0.09375075995922089,399.5469970703125,34.93263244628906,425.69189453125,55.30033493041992
fast,C:\Users\Light\Videos\高速运动.mp4,1257,True,0.13841670751571655,285.3223876953125,2.9261486530303955,311.21435546875,20.513174057006836
fast,C:\Users\Light\Videos\高速运动.mp4,1258,True,0.09496171027421951,285.4155578613281,3.121777296066284,311.1527404785156,20.00627326965332
fast,C:\Users\Light\Videos\高速运动.mp4,1259,True,0.11934765428304672,285.25,3.065692901611328,311.0883483886719,19.98267364501953
fast,C:\Users\Light\Videos\高速运动.mp4,1260,True,0.11622082442045212,285.26544189453125,3.063776731491089,311.0990905761719,19.97088623046875
fast,C:\Users\Light\Videos\高速运动.mp4,1261,True,0.11767293512821198,285.1666564941406,3.0970239639282227,311.0534362792969,19.948474884033203
fast,C:\Users\Light\Videos\高速运动.mp4,1262,True,0.11747637391090393,285.16998291015625,3.099668502807617,311.0559387207031,19.943275451660156
fast,C:\Users\Light\Videos\高速运动.mp4,1263,True,0.13068944215774536,400.01519775390625,35.9705924987793,427.8562927246094,58.33232116699219
fast,C:\Users\Light\Videos\高速运动.mp4,1264,True,0.13057580590248108,400.501708984375,35.368736267089844,428.17596435546875,57.5323486328125
fast,C:\Users\Light\Videos\高速运动.mp4,1265,True,0.1321144849061966,400.4809265136719,35.3796501159668,428.16888427734375,57.54500961303711
fast,C:\Users\Light\Videos\高速运动.mp4,1266,True,0.11938288807868958,285.25592041015625,2.9496805667877197,311.33087158203125,20.7189998626709
fast,C:\Users\Light\Videos\高速运动.mp4,1267,True,0.21363526582717896,285.2816162109375,2.473674774169922,311.294921875,20.694503784179688
fast,C:\Users\Light\Videos\高速运动.mp4,1268,True,0.21380047500133514,285.2832336425781,2.4730584621429443,311.2967529296875,20.69938850402832
fast,C:\Users\Light\Videos\高速运动.mp4,1269,True,0.1414058655500412,400.11175537109375,35.90214920043945,427.89984130859375,58.213722229003906
fast,C:\Users\Light\Videos\高速运动.mp4,1270,True,0.19894488155841827,285.043701171875,2.6229119300842285,310.8951110839844,20.405643463134766
fast,C:\Users\Light\Videos\高速运动.mp4,1271,True,0.20559242367744446,285.03900146484375,2.588801860809326,310.89520263671875,20.443878173828125
fast,C:\Users\Light\Videos\高速运动.mp4,1272,True,0.12853866815567017,399.9926452636719,36.045021057128906,427.9612121582031,58.47945022583008
fast,C:\Users\Light\Videos\高速运动.mp4,1273,True,0.12297958880662918,397.89093017578125,39.362796783447266,424.2462158203125,59.27482986450195
fast,C:\Users\Light\Videos\高速运动.mp4,1274,True,0.09397765249013901,399.14923095703125,35.835296630859375,425.34039306640625,56.22357177734375
fast,C:\Users\Light\Videos\高速运动.mp4,1275,True,0.14963403344154358,284.98016357421875,2.811525821685791,311.05853271484375,20.814247131347656
fast,C:\Users\Light\Videos\高速运动.mp4,1276,True,0.15449406206607819,284.9844970703125,2.785797595977783,311.0843200683594,20.850284576416016
fast,C:\Users\Light\Videos\高速运动.mp4,1277,True,0.09614243358373642,285.2073974609375,3.1498138904571533,310.8451843261719,19.738548278808594
fast,C:\Users\Light\Videos\高速运动.mp4,1278,True,0.1335652470588684,400.251953125,35.789554595947266,428.0158386230469,58.17544174194336
fast,C:\Users\Light\Videos\高速运动.mp4,1279,True,0.1352100372314453,400.23211669921875,35.807373046875,428.0078430175781,58.19316864013672
fast,C:\Users\Light\Videos\高速运动.mp4,1280,True,0.10376384854316711,400.6044921875,35.481689453125,428.2886962890625,57.991512298583984
fast,C:\Users\Light\Videos\高速运动.mp4,1281,True,0.14956340193748474,400.3973693847656,35.26925277709961,427.9324035644531,57.41502380371094
fast,C:\Users\Light\Videos\高速运动.mp4,1282,True,0.1256435364484787,285.1728210449219,3.0204555988311768,310.9132080078125,20.4344425201416
fast,C:\Users\Light\Videos\高速运动.mp4,1283,True,0.12518033385276794,285.1697082519531,3.0257670879364014,310.9051513671875,20.42413330078125
fast,C:\Users\Light\Videos\高速运动.mp4,1284,True,0.07750164717435837,399.0235595703125,34.72629165649414,425.50830078125,55.00529098510742
fast,C:\Users\Light\Videos\高速运动.mp4,1285,True,0.10202431678771973,400.5775451660156,35.505714416503906,428.13714599609375,57.9224853515625
fast,C:\Users\Light\Videos\高速运动.mp4,1286,True,0.10108370333909988,400.57135009765625,35.5228385925293,428.14727783203125,57.9603157043457
fast,C:\Users\Light\Videos\高速运动.mp4,1287,True,0.22237035632133484,285.1373596191406,2.5339949131011963,311.01727294921875,20.535472869873047
fast,C:\Users\Light\Videos\高速运动.mp4,1288,True,0.19191698729991913,285.2080078125,2.7040746212005615,311.2541809082031,20.61870765686035
fast,C:\Users\Light\Videos\高速运动.mp4,1289,True,0.19948981702327728,285.21240234375,2.6653029918670654,311.27923583984375,20.68305206298828
fast,C:\Users\Light\Videos\高速运动.mp4,1290,True,0.09589950740337372,399.5227966308594,35.608917236328125,425.6665954589844,55.981327056884766
fast,C:\Users\Light\Videos\高速运动.mp4,1291,True,0.14288868010044098,284.98773193359375,2.9665563106536865,310.604248046875,20.199302673339844
fast,C:\Users\Light\Videos\高速运动.mp4,1292,True,0.14257104694843292,284.9873962402344,2.968125104904175,310.60302734375,20.19744300842285
fast,C:\Users\Light\Videos\高速运动.mp4,1293,True,0.12165471911430359,285.2315979003906,2.962275743484497,311.1013488769531,20.54145622253418
fast,C:\Users\Light\Videos\高速运动.mp4,1294,True,0.08238345384597778,398.76800537109375,35.45008850097656,425.2243347167969,55.73908233642578
fast,C:\Users\Light\Videos\高速运动.mp4,1295,True,0.08281167596578598,398.78118896484375,35.46004104614258,425.2262268066406,55.75297546386719
fast,C:\Users\Light\Videos\高速运动.mp4,1296,True,0.1032484844326973,400.69000244140625,35.619117736816406,428.196533203125,57.879859924316406
fast,C:\Users\Light\Videos\高速运动.mp4,1297,True,0.10327094793319702,400.674560546875,35.61900329589844,428.19219970703125,57.88351058959961
fast,C:\Users\Light\Videos\高速运动.mp4,1298,True,0.15767405927181244,285.3495178222656,2.8717899322509766,311.2522888183594,20.459318161010742
fast,C:\Users\Light\Videos\高速运动.mp4,1299,True,0.16550347208976746,400.42059326171875,35.38655471801758,428.0422058105469,57.55971145629883
fast,C:\Users\Light\Videos\高速运动.mp4,1300,True,0.16537468135356903,400.4232177734375,35.389129638671875,428.045654296875,57.553863525390625
fast,C:\Users\Light\Videos\高速运动.mp4,1301,True,0.0837763249874115,398.9949951171875,35.42458724975586,425.4404602050781,55.75862503051758
fast,C:\Users\Light\Videos\高速运动.mp4,1302,True,0.15582512319087982,285.13446044921875,3.0049357414245605,310.7962646484375,20.03540802001953
fast,C:\Users\Light\Videos\高速运动.mp4,1303,True,0.15634706616401672,285.1316223144531,3.002201557159424,310.7996520996094,20.044910430908203
fast,C:\Users\Light\Videos\高速运动.mp4,1304,True,0.09852036833763123,399.4965515136719,36.11514663696289,425.6232604980469,56.520992279052734
fast,C:\Users\Light\Videos\高速运动.mp4,1305,True,0.09855344891548157,399.4959716796875,36.12160110473633,425.6240234375,56.53040313720703
fast,C:\Users\Light\Videos\高速运动.mp4,1306,True,0.09674254059791565,399.4593505859375,35.809566497802734,425.5736083984375,56.18636703491211
fast,C:\Users\Light\Videos\高速运动.mp4,1307,True,0.09516414254903793,399.4088134765625,35.717838287353516,425.54803466796875,56.08737564086914
fast,C:\Users\Light\Videos\高速运动.mp4,1308,True,0.13023214042186737,285.39996337890625,2.881953477859497,311.1352233886719,19.8044376373291
fast,C:\Users\Light\Videos\高速运动.mp4,1309,True,0.10289539396762848,285.1551818847656,3.0613675117492676,311.0152587890625,20.38125991821289
fast,C:\Users\Light\Videos\高速运动.mp4,1310,True,0.10240069031715393,285.154541015625,3.0624656677246094,310.9979553222656,20.360305786132812
fast,C:\Users\Light\Videos\高速运动.mp4,1311,True,0.11317449063062668,285.29327392578125,2.9077601432800293,310.90899658203125,20.012548446655273
fast,C:\Users\Light\Videos\高速运动.mp4,1312,True,0.1400606781244278,285.0932922363281,3.0411860942840576,310.9978942871094,20.334152221679688
fast,C:\Users\Light\Videos\高速运动.mp4,1313,True,0.1375868320465088,285.1033630371094,3.0518202781677246,310.99566650390625,20.310665130615234
fast,C:\Users\Light\Videos\高速运动.mp4,1314,True,0.13288815319538116,397.6901550292969,39.39372634887695,423.9997253417969,59.388187408447266
fast,C:\Users\Light\Videos\高速运动.mp4,1315,True,0.17587316036224365,400.17572021484375,35.60078430175781,427.92095947265625,57.78949737548828
fast,C:\Users\Light\Videos\高速运动.mp4,1316,True,0.17327876389026642,400.1712341308594,35.627586364746094,427.92364501953125,57.82046890258789
fast,C:\Users\Light\Videos\高速运动.mp4,1317,True,0.1238526850938797,400.65142822265625,35.26221466064453,428.3000183105469,57.56544876098633
fast,C:\Users\Light\Videos\高速运动.mp4,1318,True,0.1263611912727356,400.6517639160156,35.25062942504883,428.29949951171875,57.5414924621582
fast,C:\Users\Light\Videos\高速运动.mp4,1319,True,0.10704444348812103,399.86279296875,36.1276969909668,425.84625244140625,56.5938720703125
fast,C:\Users\Light\Videos\高速运动.mp4,1320,True,0.14422202110290527,285.189453125,2.7611114978790283,311.10028076171875,20.551496505737305
fast,C:\Users\Light\Videos\高速运动.mp4,1321,True,0.14380083978176117,285.1884460449219,2.7656610012054443,311.0975036621094,20.547149658203125
fast,C:\Users\Light\Videos\高速运动.mp4,1322,True,0.16440169513225555,400.56182861328125,35.38655471801758,428.12384033203125,57.44931411743164
empty,C:\Users\Light\Videos\空轨道.mp4,0,False,0.16072750091552734,285.1819152832031,2.9713635444641113,311.0064392089844,20.57359504699707
empty,C:\Users\Light\Videos\空轨道.mp4,1,False,0.15653236210346222,285.19842529296875,2.986659288406372,311.01458740234375,20.568283081054688
empty,C:\Users\Light\Videos\空轨道.mp4,2,False,0.138532817363739,284.9983215332031,2.9663994312286377,311.0103454589844,20.355419158935547
empty,C:\Users\Light\Videos\空轨道.mp4,3,False,0.0641065165400505,283.8459167480469,4.586101055145264,310.23992919921875,23.62010383605957
empty,C:\Users\Light\Videos\空轨道.mp4,4,False,0.06429126113653183,283.8491516113281,4.583333492279053,310.2389221191406,23.618131637573242
empty,C:\Users\Light\Videos\空轨道.mp4,5,False,0.08602186292409897,284.09466552734375,3.576660394668579,309.97869873046875,22.740524291992188
empty,C:\Users\Light\Videos\空轨道.mp4,6,False,0.08602651953697205,284.09375,3.5756406784057617,309.9774475097656,22.738149642944336
empty,C:\Users\Light\Videos\空轨道.mp4,7,False,0.1258934885263443,285.10479736328125,3.1020328998565674,310.9649658203125,20.12969207763672
empty,C:\Users\Light\Videos\空轨道.mp4,8,False,0.07297971844673157,284.58331298828125,2.0005712509155273,310.74169921875,20.827491760253906
empty,C:\Users\Light\Videos\空轨道.mp4,9,False,0.07288680225610733,284.57806396484375,2.0001678466796875,310.73797607421875,20.820276260375977
empty,C:\Users\Light\Videos\空轨道.mp4,10,False,0.07409685105085373,284.18084716796875,4.16875696182251,310.3190002441406,23.22821807861328
empty,C:\Users\Light\Videos\空轨道.mp4,11,False,0.11586934328079224,285.1177978515625,3.030529499053955,311.04833984375,20.475387573242188
empty,C:\Users\Light\Videos\空轨道.mp4,12,False,0.11235619336366653,285.1266174316406,3.0539493560791016,311.064208984375,20.438566207885742
empty,C:\Users\Light\Videos\空轨道.mp4,13,False,0.09506231546401978,285.0015563964844,3.2132155895233154,310.8656311035156,20.31100082397461
empty,C:\Users\Light\Videos\空轨道.mp4,14,False,0.09507308900356293,284.2786560058594,3.304945230484009,309.9245910644531,22.597675323486328
empty,C:\Users\Light\Videos\空轨道.mp4,15,False,0.11323634535074234,285.2778625488281,2.977907657623291,311.0712585449219,20.520389556884766
empty,C:\Users\Light\Videos\空轨道.mp4,16,False,0.1126788780093193,285.28131103515625,2.981426239013672,311.07159423828125,20.517229080200195
empty,C:\Users\Light\Videos\空轨道.mp4,17,False,0.09272969514131546,284.3001403808594,3.469433307647705,309.9958801269531,22.71109962463379
empty,C:\Users\Light\Videos\空轨道.mp4,18,False,0.06465207785367966,283.8819274902344,4.644987106323242,310.2535095214844,23.668622970581055
empty,C:\Users\Light\Videos\空轨道.mp4,19,False,0.070021852850914,283.975830078125,4.438713073730469,310.2146301269531,23.478105545043945
empty,C:\Users\Light\Videos\空轨道.mp4,20,False,0.11653386056423187,285.0173034667969,3.1252286434173584,310.778076171875,20.384756088256836
empty,C:\Users\Light\Videos\空轨道.mp4,21,False,0.08734641224145889,285.2660217285156,3.344803810119629,310.93060302734375,19.93668556213379
empty,C:\Users\Light\Videos\空轨道.mp4,22,False,0.0873807817697525,285.265625,3.3439409732818604,310.9311828613281,19.936595916748047
empty,C:\Users\Light\Videos\空轨道.mp4,23,False,0.07094483077526093,284.018310546875,4.336450099945068,310.24505615234375,23.412641525268555
empty,C:\Users\Light\Videos\空轨道.mp4,24,False,0.10359291732311249,285.1614685058594,3.0475285053253174,311.2296142578125,20.289127349853516
empty,C:\Users\Light\Videos\空轨道.mp4,25,False,0.10693780332803726,285.16668701171875,3.03216552734375,311.2784729003906,20.311180114746094
empty,C:\Users\Light\Videos\空轨道.mp4,26,False,0.08573058992624283,284.15911865234375,3.6485671997070312,310.02001953125,22.820846557617188
empty,C:\Users\Light\Videos\空轨道.mp4,27,False,0.08593369275331497,284.165771484375,3.632509469985962,310.02276611328125,22.809192657470703
empty,C:\Users\Light\Videos\空轨道.mp4,28,False,0.1865549236536026,285.2173156738281,2.782984972000122,311.28363037109375,20.499279022216797
empty,C:\Users\Light\Videos\空轨道.mp4,29,False,0.10551505535840988,285.4701843261719,3.0961387157440186,311.3697204589844,20.28099250793457
empty,C:\Users\Light\Videos\空轨道.mp4,30,False,0.10676424950361252,285.43035888671875,3.0815937519073486,311.2745056152344,20.263242721557617
empty,C:\Users\Light\Videos\空轨道.mp4,31,False,0.08907528221607208,285.1014404296875,3.288809061050415,310.8246154785156,20.08594512939453
empty,C:\Users\Light\Videos\空轨道.mp4,32,False,0.17782439291477203,284.9704284667969,2.809351921081543,310.84613037109375,20.378278732299805
empty,C:\Users\Light\Videos\空轨道.mp4,33,False,0.17368493974208832,284.9839782714844,2.8184285163879395,310.8404846191406,20.34477424621582
empty,C:\Users\Light\Videos\空轨道.mp4,34,False,0.1587059646844864,284.6701354980469,2.8197507858276367,310.66094970703125,20.571285247802734
empty,C:\Users\Light\Videos\空轨道.mp4,35,False,0.12776315212249756,285.0679626464844,3.100273609161377,310.81488037109375,20.297710418701172
empty,C:\Users\Light\Videos\空轨道.mp4,36,False,0.12786531448364258,285.07354736328125,3.0968222618103027,310.82867431640625,20.309722900390625
empty,C:\Users\Light\Videos\空轨道.mp4,37,False,0.1314685195684433,285.0852966308594,3.051551342010498,311.17730712890625,20.684619903564453
empty,C:\Users\Light\Videos\空轨道.mp4,38,False,0.08768274635076523,284.169677734375,3.5100762844085693,309.9946594238281,22.6634521484375
empty,C:\Users\Light\Videos\空轨道.mp4,39,False,0.14561496675014496,285.5062561035156,2.7240095138549805,311.5048828125,20.428525924682617
empty,C:\Users\Light\Videos\空轨道.mp4,40,False,0.1369190216064453,285.4575500488281,2.7918598651885986,311.4406433105469,20.35963249206543
empty,C:\Users\Light\Videos\空轨道.mp4,41,False,0.32645073533058167,394.451904296875,86.2853012084961,422.8326416015625,105.8284912109375
empty,C:\Users\Light\Videos\空轨道.mp4,42,False,0.4380338788032532,390.8214416503906,83.39157104492188,417.98974609375,100.88860321044922
empty,C:\Users\Light\Videos\空轨道.mp4,43,False,0.4377535581588745,390.8260498046875,83.3800048828125,417.976318359375,100.85951232910156
empty,C:\Users\Light\Videos\空轨道.mp4,44,False,0.10112029314041138,284.9500732421875,3.403756856918335,310.6932678222656,20.325769424438477
empty,C:\Users\Light\Videos\空轨道.mp4,45,False,0.21133777499198914,285.1241455078125,2.5118637084960938,310.8972473144531,20.280027389526367
empty,C:\Users\Light\Videos\空轨道.mp4,46,False,0.21186453104019165,285.1123046875,2.509734630584717,310.8945617675781,20.29269027709961
empty,C:\Users\Light\Videos\空轨道.mp4,47,False,0.08329799026250839,284.11181640625,3.847468137741089,310.0401611328125,22.951662063598633
empty,C:\Users\Light\Videos\空轨道.mp4,48,False,0.10207357257604599,285.2016296386719,3.1269094944000244,310.9228210449219,20.216066360473633
empty,C:\Users\Light\Videos\空轨道.mp4,49,False,0.10133197903633118,285.2018737792969,3.1281533241271973,310.92047119140625,20.215282440185547
empty,C:\Users\Light\Videos\空轨道.mp4,50,False,0.18031787872314453,285.010009765625,2.7942018508911133,311.05633544921875,20.48975372314453
empty,C:\Users\Light\Videos\空轨道.mp4,51,False,0.1802068054676056,285.0103759765625,2.7949414253234863,311.05859375,20.495288848876953
empty,C:\Users\Light\Videos\空轨道.mp4,52,False,0.12140388786792755,285.13409423828125,2.908264398574829,311.0957336425781,20.30844497680664
empty,C:\Users\Light\Videos\空轨道.mp4,53,False,0.12990078330039978,284.9322814941406,3.128702402114868,310.73223876953125,20.489797592163086
empty,C:\Users\Light\Videos\空轨道.mp4,54,False,0.11691775918006897,284.95947265625,3.20735502243042,310.70648193359375,20.41617774963379
empty,C:\Users\Light\Videos\空轨道.mp4,55,False,0.09675727784633636,284.454345703125,3.4922704696655273,310.0738220214844,22.787588119506836
empty,C:\Users\Light\Videos\空轨道.mp4,56,False,0.12043826282024384,284.9740905761719,3.035684108734131,310.8836975097656,20.177406311035156
empty,C:\Users\Light\Videos\空轨道.mp4,57,False,0.11743476986885071,284.9917297363281,3.043057441711426,310.8760986328125,20.149951934814453
empty,C:\Users\Light\Videos\空轨道.mp4,58,False,0.22973226010799408,285.00836181640625,2.6951773166656494,311.15625,20.899656295776367
empty,C:\Users\Light\Videos\空轨道.mp4,59,False,0.14478926360607147,285.14654541015625,2.8007795810699463,310.80828857421875,20.25026512145996
empty,C:\Users\Light\Videos\空轨道.mp4,60,False,0.14846479892730713,285.138427734375,2.7827608585357666,310.8239440917969,20.27321434020996
empty,C:\Users\Light\Videos\空轨道.mp4,61,False,0.10202065110206604,284.297607421875,3.1053049564361572,309.79461669921875,22.46764373779297
empty,C:\Users\Light\Videos\空轨道.mp4,62,False,0.0893150195479393,285.3848571777344,3.358160972595215,311.42645263671875,19.997241973876953
empty,C:\Users\Light\Videos\空轨道.mp4,63,False,0.16434669494628906,284.8078918457031,2.8037490844726562,310.83966064453125,20.71579360961914
empty,C:\Users\Light\Videos\空轨道.mp4,64,False,0.16238179802894592,284.81658935546875,2.806628942489624,310.8391418457031,20.712432861328125
empty,C:\Users\Light\Videos\空轨道.mp4,65,False,0.15426048636436462,285.13592529296875,2.858275890350342,311.05462646484375,20.370189666748047
empty,C:\Users\Light\Videos\空轨道.mp4,66,False,0.14716938138008118,284.9703063964844,2.8785245418548584,310.97283935546875,20.971372604370117
empty,C:\Users\Light\Videos\空轨道.mp4,67,False,0.15079638361930847,284.9783630371094,2.8585784435272217,310.9903259277344,20.990018844604492
empty,C:\Users\Light\Videos\空轨道.mp4,68,False,0.2783784568309784,285.0798645019531,2.4722628593444824,311.0591125488281,20.824960708618164
empty,C:\Users\Light\Videos\空轨道.mp4,69,False,0.16509418189525604,285.2227783203125,2.8195042610168457,311.1136779785156,20.455486297607422
empty,C:\Users\Light\Videos\空轨道.mp4,70,False,0.16493263840675354,285.2217712402344,2.8197059631347656,311.113525390625,20.456449508666992
empty,C:\Users\Light\Videos\空轨道.mp4,71,False,0.11897812783718109,285.3680419921875,3.1004865169525146,311.2818603515625,20.447912216186523
empty,C:\Users\Light\Videos\空轨道.mp4,72,False,0.11931697279214859,285.3672790527344,3.096362829208374,311.2806701660156,20.44450569152832
empty,C:\Users\Light\Videos\空轨道.mp4,73,False,0.13080784678459167,285.1395263671875,2.9291629791259766,310.7508239746094,19.967702865600586
empty,C:\Users\Light\Videos\空轨道.mp4,74,False,0.12938302755355835,285.0398254394531,3.2337892055511475,311.0638427734375,20.39883041381836
empty,C:\Users\Light\Videos\空轨道.mp4,75,False,0.12991386651992798,285.03619384765625,3.226841688156128,311.06256103515625,20.39977264404297
empty,C:\Users\Light\Videos\空轨道.mp4,76,False,0.18235008418560028,284.972412109375,2.9189658164978027,311.14642333984375,20.573280334472656
empty,C:\Users\Light\Videos\空轨道.mp4,77,False,0.19350950419902802,285.0615234375,2.61958384513855,311.01593017578125,20.54416847229004
empty,C:\Users\Light\Videos\空轨道.mp4,78,False,0.193339005112648,285.059814453125,2.6215224266052246,311.0120544433594,20.542800903320312
empty,C:\Users\Light\Videos\空轨道.mp4,79,False,0.1684095561504364,284.8033447265625,2.8194146156311035,310.71380615234375,20.28453254699707
empty,C:\Users\Light\Videos\空轨道.mp4,80,False,0.17274674773216248,285.2196044921875,2.8127248287200928,311.1358642578125,20.306697845458984
empty,C:\Users\Light\Videos\空轨道.mp4,81,False,0.173884317278862,285.20037841796875,2.8024604320526123,311.1208801269531,20.3071231842041
empty,C:\Users\Light\Videos\空轨道.mp4,82,False,0.12339667975902557,285.1196594238281,3.0665781497955322,310.9934387207031,20.339305877685547
empty,C:\Users\Light\Videos\空轨道.mp4,83,False,0.11776012927293777,285.1333923339844,3.0903565883636475,310.9761657714844,20.300893783569336
empty,C:\Users\Light\Videos\空轨道.mp4,84,False,0.09589321911334991,285.07568359375,3.1342380046844482,310.9228820800781,20.174089431762695
empty,C:\Users\Light\Videos\空轨道.mp4,85,False,0.15242990851402283,285.1580505371094,2.9126906394958496,311.05169677734375,20.40882682800293
empty,C:\Users\Light\Videos\空轨道.mp4,86,False,0.13145874440670013,285.2736511230469,3.0674633979797363,310.9873046875,19.770551681518555
empty,C:\Users\Light\Videos\空轨道.mp4,87,False,0.11431361734867096,285.3871765136719,2.926608085632324,310.8342590332031,19.63283348083496
empty,C:\Users\Light\Videos\空轨道.mp4,88,False,0.11443041265010834,285.3852233886719,2.927067518234253,310.83416748046875,19.641864776611328
empty,C:\Users\Light\Videos\空轨道.mp4,89,False,0.10488133877515793,285.28460693359375,3.1770660877227783,311.14288330078125,20.118375778198242
empty,C:\Users\Light\Videos\空轨道.mp4,90,False,0.12546834349632263,284.9089660644531,3.0435280799865723,310.3835144042969,20.021648406982422
empty,C:\Users\Light\Videos\空轨道.mp4,91,False,0.12549248337745667,284.90948486328125,3.0466880798339844,310.38177490234375,20.01597785949707
empty,C:\Users\Light\Videos\空轨道.mp4,92,False,0.08023585379123688,284.03985595703125,3.9602084159851074,310.0380859375,23.030527114868164
empty,C:\Users\Light\Videos\空轨道.mp4,93,False,0.12180309742689133,284.9244079589844,3.133106231689453,310.6612854003906,20.258333206176758
empty,C:\Users\Light\Videos\空轨道.mp4,94,False,0.12246263027191162,284.92120361328125,3.130293607711792,310.661865234375,20.265348434448242
empty,C:\Users\Light\Videos\空轨道.mp4,95,False,0.08398321270942688,284.20526123046875,3.802107572555542,310.0990295410156,22.892183303833008
empty,C:\Users\Light\Videos\空轨道.mp4,96,False,0.08429574966430664,284.19293212890625,3.7871592044830322,310.07861328125,22.879743576049805
empty,C:\Users\Light\Videos\空轨道.mp4,97,False,0.10358653962612152,284.34039306640625,3.089247226715088,309.7692565917969,22.403884887695312
empty,C:\Users\Light\Videos\空轨道.mp4,98,False,0.1327449530363083,285.150146484375,2.903423547744751,310.9206848144531,19.9915714263916
empty,C:\Users\Light\Videos\空轨道.mp4,99,False,0.13521483540534973,285.1363830566406,2.895220994949341,310.9144592285156,20.00714683532715
empty,C:\Users\Light\Videos\空轨道.mp4,100,False,0.14026013016700745,285.2173767089844,2.9501399993896484,311.09075927734375,20.42045783996582
empty,C:\Users\Light\Videos\空轨道.mp4,101,False,0.12997737526893616,285.09979248046875,3.0216097831726074,311.1143798828125,20.008604049682617
empty,C:\Users\Light\Videos\空轨道.mp4,102,False,0.12745702266693115,285.09649658203125,3.0343058109283447,311.11566162109375,20.01729965209961
empty,C:\Users\Light\Videos\空轨道.mp4,103,False,0.07006309181451797,283.8143005371094,4.305500030517578,310.0060729980469,23.305940628051758
empty,C:\Users\Light\Videos\空轨道.mp4,104,False,0.0914149060845375,284.95172119140625,3.3402206897735596,310.5328674316406,19.67409324645996
empty,C:\Users\Light\Videos\空轨道.mp4,105,False,0.09136056900024414,284.9534912109375,3.335794448852539,310.5439758300781,19.6715145111084
empty,C:\Users\Light\Videos\空轨道.mp4,106,False,0.20895174145698547,285.1455383300781,2.7033462524414062,310.9988708496094,20.523235321044922
empty,C:\Users\Light\Videos\空轨道.mp4,107,False,0.2088063359260559,285.1463623046875,2.702315330505371,310.99798583984375,20.524938583374023
empty,C:\Users\Light\Videos\空轨道.mp4,108,False,0.24830229580402374,285.3519287109375,2.5243916511535645,311.2772521972656,20.622316360473633
empty,C:\Users\Light\Videos\空轨道.mp4,109,False,0.09091134369373322,284.26556396484375,3.5708446502685547,309.9942321777344,22.774993896484375
empty,C:\Users\Light\Videos\空轨道.mp4,110,False,0.12818306684494019,285.31622314453125,2.905014753341675,311.3263854980469,20.409587860107422
empty,C:\Users\Light\Videos\空轨道.mp4,111,False,0.06493384391069412,283.96746826171875,4.703738212585449,310.30450439453125,23.69470977783203
empty,C:\Users\Light\Videos\空轨道.mp4,112,False,0.06640319526195526,283.994140625,4.6453680992126465,310.2976379394531,23.64195442199707
empty,C:\Users\Light\Videos\空轨道.mp4,113,False,0.13381122052669525,285.0699462890625,3.0851683616638184,311.0592041015625,20.14374542236328
empty,C:\Users\Light\Videos\空轨道.mp4,114,False,0.11452002078294754,285.1313781738281,3.093695878982544,310.83087158203125,20.149436950683594
empty,C:\Users\Light\Videos\空轨道.mp4,115,False,0.11320862919092178,285.13568115234375,3.0999374389648438,310.84576416015625,20.167701721191406
empty,C:\Users\Light\Videos\空轨道.mp4,116,False,0.16452282667160034,285.0850524902344,2.809542417526245,311.01116943359375,20.438005447387695
empty,C:\Users\Light\Videos\空轨道.mp4,117,False,0.16312740743160248,285.0862731933594,2.8140246868133545,311.01123046875,20.44275665283203
empty,C:\Users\Light\Videos\空轨道.mp4,118,False,0.15836270153522491,285.58624267578125,2.6960289478302,311.6221008300781,20.620546340942383
empty,C:\Users\Light\Videos\空轨道.mp4,119,False,0.16714894771575928,285.18798828125,2.86588454246521,311.0537414550781,20.545602798461914
empty,C:\Users\Light\Videos\空轨道.mp4,120,False,0.1649792641401291,285.20947265625,2.8755998611450195,311.0699157714844,20.53278350830078
empty,C:\Users\Light\Videos\空轨道.mp4,121,False,0.08433207869529724,284.1780700683594,3.7128989696502686,310.0617370605469,22.82263946533203
empty,C:\Users\Light\Videos\空轨道.mp4,122,False,0.1107022687792778,284.50238037109375,2.663846254348755,309.7388610839844,22.134679794311523
empty,C:\Users\Light\Videos\空轨道.mp4,123,False,0.10983515530824661,284.4940185546875,2.7002310752868652,309.7548828125,22.157493591308594
empty,C:\Users\Light\Videos\空轨道.mp4,124,False,0.0776897445321083,284.2019348144531,4.035846710205078,310.2550964355469,23.086017608642578
empty,C:\Users\Light\Videos\空轨道.mp4,125,False,0.15192711353302002,285.19659423828125,2.841657876968384,311.09490966796875,20.563127517700195
empty,C:\Users\Light\Videos\空轨道.mp4,126,False,0.15181568264961243,285.2022399902344,2.8402459621429443,311.1010437011719,20.550825119018555
empty,C:\Users\Light\Videos\空轨道.mp4,127,False,0.21296440064907074,285.0767517089844,2.7850356101989746,311.07537841796875,20.472026824951172
empty,C:\Users\Light\Videos\空轨道.mp4,128,False,0.2130732536315918,285.07568359375,2.786447525024414,311.0729064941406,20.469985961914062
empty,C:\Users\Light\Videos\空轨道.mp4,129,False,0.1857677847146988,284.8909912109375,2.676609516143799,310.6535949707031,20.319091796875
empty,C:\Users\Light\Videos\空轨道.mp4,130,False,0.21323268115520477,285.1309509277344,2.680598735809326,311.2515563964844,20.784305572509766
empty,C:\Users\Light\Videos\空轨道.mp4,131,False,0.21380089223384857,285.1288757324219,2.6794557571411133,311.24969482421875,20.785717010498047
empty,C:\Users\Light\Videos\空轨道.mp4,132,False,0.11100251972675323,285.22967529296875,2.968416452407837,310.80438232421875,19.88960075378418
empty,C:\Users\Light\Videos\空轨道.mp4,133,False,0.1088375598192215,285.3767395019531,2.9785239696502686,310.9582214355469,20.05472755432129
empty,C:\Users\Light\Videos\空轨道.mp4,134,False,0.15426763892173767,285.3600158691406,2.780374050140381,311.1995544433594,19.929357528686523
empty,C:\Users\Light\Videos\空轨道.mp4,135,False,0.0807420089840889,284.2069396972656,3.837270975112915,310.1969299316406,22.916318893432617
empty,C:\Users\Light\Videos\空轨道.mp4,136,False,0.08068601042032242,284.203857421875,3.840576648712158,310.19580078125,22.91891860961914
empty,C:\Users\Light\Videos\空轨道.mp4,137,False,0.0917186439037323,284.5090637207031,3.4828577041625977,310.2282409667969,22.672035217285156
empty,C:\Users\Light\Videos\空轨道.mp4,138,False,0.09415437281131744,284.40863037109375,3.305527925491333,310.0716247558594,22.552427291870117
empty,C:\Users\Light\Videos\空轨道.mp4,139,False,0.0948430523276329,284.423095703125,3.2807633876800537,310.0692443847656,22.532480239868164
empty,C:\Users\Light\Videos\空轨道.mp4,140,False,0.09225314110517502,284.35595703125,3.656243085861206,310.0533447265625,22.8901424407959
empty,C:\Users\Light\Videos\空轨道.mp4,141,False,0.09219517558813095,284.3569641113281,3.6597952842712402,310.0541687011719,22.891197204589844
empty,C:\Users\Light\Videos\空轨道.mp4,142,False,0.14376012980937958,285.2140808105469,2.7885093688964844,311.3717956542969,20.802167892456055
empty,C:\Users\Light\Videos\空轨道.mp4,143,False,0.20119376480579376,285.41925048828125,2.580207109451294,311.2637023925781,20.181148529052734
empty,C:\Users\Light\Videos\空轨道.mp4,144,False,0.20144830644130707,285.428466796875,2.587076187133789,311.2603759765625,20.163803100585938
empty,C:\Users\Light\Videos\空轨道.mp4,145,False,0.08883380889892578,284.11431884765625,3.4111862182617188,309.90283203125,22.55791664123535
empty,C:\Users\Light\Videos\空轨道.mp4,146,False,0.08069062978029251,284.2146911621094,3.906510829925537,310.207275390625,22.990524291992188
empty,C:\Users\Light\Videos\空轨道.mp4,147,False,0.07709687203168869,284.15374755859375,4.048329830169678,310.2386169433594,23.095340728759766
empty,C:\Users\Light\Videos\空轨道.mp4,148,False,0.07629824429750443,284.04205322265625,4.16829776763916,310.1409606933594,23.228912353515625
empty,C:\Users\Light\Videos\空轨道.mp4,149,False,0.08900793641805649,284.2471618652344,3.6523547172546387,310.0230712890625,22.834272384643555
empty,C:\Users\Light\Videos\空轨道.mp4,150,False,0.0890171229839325,284.2450256347656,3.6466286182403564,310.018798828125,22.82541847229004
empty,C:\Users\Light\Videos\空轨道.mp4,151,False,0.1083892434835434,285.2707214355469,3.234752893447876,310.8326110839844,19.91940689086914
empty,C:\Users\Light\Videos\空轨道.mp4,152,False,0.10131688416004181,285.3046875,3.2664201259613037,310.812255859375,19.871244430541992
empty,C:\Users\Light\Videos\空轨道.mp4,153,False,0.17954108119010925,285.2125244140625,2.6408298015594482,311.61114501953125,20.836233139038086
empty,C:\Users\Light\Videos\空轨道.mp4,154,False,0.09986107796430588,284.5519104003906,3.314425230026245,310.0824279785156,22.62999153137207
empty,C:\Users\Light\Videos\空轨道.mp4,155,False,0.09956624358892441,284.5448303222656,3.3221795558929443,310.0817565917969,22.63239097595215
empty,C:\Users\Light\Videos\空轨道.mp4,156,False,0.0827871784567833,284.2374572753906,3.849294662475586,310.17083740234375,22.971160888671875
empty,C:\Users\Light\Videos\空轨道.mp4,157,False,0.2276145964860916,284.7575378417969,2.5881967544555664,310.50592041015625,20.35609245300293
empty,C:\Users\Light\Videos\空轨道.mp4,158,False,0.10181190073490143,285.3516540527344,3.177928924560547,311.14898681640625,20.147397994995117
empty,C:\Users\Light\Videos\空轨道.mp4,159,False,0.08448918908834457,284.25927734375,3.674452304840088,310.1856689453125,22.822214126586914
empty,C:\Users\Light\Videos\空轨道.mp4,160,False,0.08472715318202972,284.2650451660156,3.669589042663574,310.1838684082031,22.81761932373047
empty,C:\Users\Light\Videos\空轨道.mp4,161,False,0.0815068706870079,284.3381042480469,3.8242499828338623,310.3390197753906,22.946598052978516
empty,C:\Users\Light\Videos\空轨道.mp4,162,False,0.08166534453630447,284.3394470214844,3.821448564529419,310.3367919921875,22.945051193237305
empty,C:\Users\Light\Videos\空轨道.mp4,163,False,0.12519627809524536,285.3141174316406,2.9282217025756836,310.9891357421875,20.21368980407715
empty,C:\Users\Light\Videos\空轨道.mp4,164,False,0.2422334849834442,285.1654968261719,2.473775625228882,311.2640075683594,20.81317138671875
empty,C:\Users\Light\Videos\空轨道.mp4,165,False,0.24124741554260254,285.15948486328125,2.4675676822662354,311.2760925292969,20.83405876159668
empty,C:\Users\Light\Videos\空轨道.mp4,166,False,0.17032183706760406,285.1856994628906,2.729186534881592,311.3009033203125,20.723167419433594
empty,C:\Users\Light\Videos\空轨道.mp4,167,False,0.08345301449298859,284.1896057128906,3.7510318756103516,310.1070556640625,22.92501449584961
empty,C:\Users\Light\Videos\空轨道.mp4,168,False,0.08413282036781311,284.19952392578125,3.728811025619507,310.10009765625,22.90809440612793
empty,C:\Users\Light\Videos\空轨道.mp4,169,False,0.1472446322441101,285.1620178222656,2.981818437576294,311.1351318359375,20.333635330200195
empty,C:\Users\Light\Videos\空轨道.mp4,170,False,0.21739616990089417,285.3280334472656,2.5592525005340576,311.3964538574219,20.637399673461914
empty,C:\Users\Light\Videos\空轨道.mp4,171,False,0.21811051666736603,285.31732177734375,2.551083564758301,311.3879089355469,20.644033432006836
empty,C:\Users\Light\Videos\空轨道.mp4,172,False,0.2217213362455368,285.35845947265625,2.4022161960601807,310.7454528808594,19.603496551513672
empty,C:\Users\Light\Videos\空轨道.mp4,173,False,0.22496414184570312,285.3590393066406,2.3867411613464355,310.7598876953125,19.61949920654297
empty,C:\Users\Light\Videos\空轨道.mp4,174,False,0.14517317712306976,285.2987365722656,2.5230469703674316,311.423095703125,20.46368980407715
empty,C:\Users\Light\Videos\空轨道.mp4,175,False,0.09061780571937561,284.3996276855469,3.3510901927948,310.2293701171875,22.903858184814453
empty,C:\Users\Light\Videos\空轨道.mp4,176,False,0.08829917758703232,284.35040283203125,3.4281179904937744,310.23223876953125,22.95105743408203
empty,C:\Users\Light\Videos\空轨道.mp4,177,False,0.1672285795211792,285.2827453613281,2.6976537704467773,311.6860656738281,20.940759658813477
empty,C:\Users\Light\Videos\空轨道.mp4,178,False,0.18704307079315186,285.3538818359375,2.5455703735351562,311.2744140625,20.50261688232422
empty,C:\Users\Light\Videos\空轨道.mp4,179,False,0.18716034293174744,285.34521484375,2.5616281032562256,311.2829895019531,20.528457641601562
empty,C:\Users\Light\Videos\空轨道.mp4,180,False,0.09306899458169937,284.5671081542969,3.663560390472412,310.1917724609375,22.957489013671875
empty,C:\Users\Light\Videos\空轨道.mp4,181,False,0.12075517326593399,285.993896484375,2.985471487045288,311.5180969238281,19.25356674194336
empty,C:\Users\Light\Videos\空轨道.mp4,182,False,0.04025089740753174,283.2891540527344,5.479742527008057,310.2247314453125,24.5401554107666
empty,C:\Users\Light\Videos\空轨道.mp4,183,False,0.04652256518602371,283.4037780761719,5.210794925689697,310.2314453125,24.431886672973633
empty,C:\Users\Light\Videos\空轨道.mp4,184,False,0.04649338871240616,283.4035949707031,5.210750102996826,310.2314147949219,24.4310359954834
empty,C:\Users\Light\Videos\空轨道.mp4,185,False,0.03294811025261879,282.91778564453125,5.844756126403809,310.1656188964844,24.993179321289062
empty,C:\Users\Light\Videos\空轨道.mp4,186,False,0.0330255962908268,282.9231872558594,5.842525959014893,310.1665344238281,24.99073600769043
empty,C:\Users\Light\Videos\空轨道.mp4,187,False,0.02240246906876564,282.1842346191406,6.264038562774658,310.0168762207031,25.393064498901367
empty,C:\Users\Light\Videos\空轨道.mp4,188,False,0.010449578985571861,285.9534606933594,2.4072251319885254,310.9960021972656,22.167579650878906
empty,C:\Users\Light\Videos\空轨道.mp4,189,False,0.010476579889655113,285.9560241699219,2.403583288192749,310.9819030761719,22.173786163330078
empty,C:\Users\Light\Videos\空轨道.mp4,190,False,0.009363259188830853,285.9744567871094,2.629657745361328,311.32733154296875,22.04241180419922
empty,C:\Users\Light\Videos\空轨道.mp4,191,False,0.010902659967541695,285.8225402832031,2.757469654083252,311.8864440917969,21.851533889770508
empty,C:\Users\Light\Videos\空轨道.mp4,192,False,0.011048241518437862,285.8200988769531,2.7570438385009766,311.8863220214844,21.84720802307129
empty,C:\Users\Light\Videos\空轨道.mp4,193,False,0.009999210946261883,285.78887939453125,2.592275619506836,311.7638244628906,21.850345611572266
empty,C:\Users\Light\Videos\空轨道.mp4,194,False,0.009885488077998161,285.7629089355469,2.552910089492798,311.3963317871094,21.900503158569336
empty,C:\Users\Light\Videos\空轨道.mp4,195,False,0.009858010336756706,285.7660217285156,2.5532350540161133,311.39373779296875,21.894227981567383
empty,C:\Users\Light\Videos\空轨道.mp4,196,False,0.011890681460499763,285.9489440917969,2.5911214351654053,311.8089599609375,21.784345626831055
empty,C:\Users\Light\Videos\空轨道.mp4,197,False,0.012067586183547974,285.94573974609375,2.6056888103485107,311.7989501953125,21.813411712646484
empty,C:\Users\Light\Videos\空轨道.mp4,198,False,0.012343107722699642,285.8465576171875,2.4699769020080566,311.42529296875,21.742794036865234
empty,C:\Users\Light\Videos\空轨道.mp4,199,False,0.014142194762825966,285.89306640625,2.534263849258423,311.13311767578125,21.89958381652832
empty,C:\Users\Light\Videos\空轨道.mp4,200,False,0.01419625524431467,285.8899230957031,2.534611225128174,311.1354675292969,21.900928497314453
empty,C:\Users\Light\Videos\空轨道.mp4,201,False,0.011209586635231972,285.88067626953125,2.5298264026641846,311.11407470703125,21.8400821685791
empty,C:\Users\Light\Videos\空轨道.mp4,202,False,0.012566410936415195,285.8761291503906,2.6173315048217773,311.3658752441406,21.91650390625
empty,C:\Users\Light\Videos\空轨道.mp4,203,False,0.012457127682864666,285.8958740234375,2.6202001571655273,311.41778564453125,21.92856216430664
empty,C:\Users\Light\Videos\空轨道.mp4,204,False,0.011771894991397858,285.7252502441406,2.6537387371063232,311.2290344238281,22.065763473510742
empty,C:\Users\Light\Videos\空轨道.mp4,205,False,0.021347325295209885,392.84375,82.25379180908203,421.2035217285156,101.66161346435547
empty,C:\Users\Light\Videos\空轨道.mp4,206,False,0.08260613679885864,393.9461975097656,86.82205200195312,422.8746032714844,104.50289916992188
empty,C:\Users\Light\Videos\空轨道.mp4,207,False,0.08259683847427368,393.94866943359375,86.82655334472656,422.883056640625,104.50328063964844
empty,C:\Users\Light\Videos\空轨道.mp4,208,False,0.06444288045167923,285.7223205566406,2.664787530899048,311.8581848144531,21.00779151916504
empty,C:\Users\Light\Videos\空轨道.mp4,209,False,0.10419940948486328,285.4938659667969,1.7091901302337646,311.1222839355469,21.004430770874023
empty,C:\Users\Light\Videos\空轨道.mp4,210,False,0.1043524444103241,285.494384765625,1.7087867259979248,311.1238708496094,21.01104164123535
empty,C:\Users\Light\Videos\空轨道.mp4,211,False,0.06694785505533218,283.9864501953125,4.6433844566345215,310.1675720214844,23.792402267456055
empty,C:\Users\Light\Videos\空轨道.mp4,212,False,0.14715972542762756,285.7029113769531,2.730867385864258,311.60394287109375,20.314945220947266
empty,C:\Users\Light\Videos\空轨道.mp4,213,False,0.1370593160390854,285.7037658691406,2.8148090839385986,311.53338623046875,20.172229766845703
empty,C:\Users\Light\Videos\空轨道.mp4,214,False,0.050718195736408234,283.77978515625,5.458810329437256,310.1565856933594,24.182090759277344
empty,C:\Users\Light\Videos\空轨道.mp4,215,False,0.0776769146323204,284.432861328125,4.4309587478637695,310.22021484375,23.386219024658203
empty,C:\Users\Light\Videos\空轨道.mp4,216,False,0.07652436196804047,284.40582275390625,4.4797258377075195,310.2177734375,23.42996597290039
empty,C:\Users\Light\Videos\空轨道.mp4,217,False,0.09085207432508469,284.5894470214844,3.9054126739501953,310.18914794921875,23.010784149169922
empty,C:\Users\Light\Videos\空轨道.mp4,218,False,0.09049525856971741,284.57696533203125,3.9099061489105225,310.1899108886719,23.012666702270508
empty,C:\Users\Light\Videos\空轨道.mp4,219,False,0.06722038984298706,284.10888671875,4.746230125427246,310.25994873046875,23.750110626220703
empty,C:\Users\Light\Videos\空轨道.mp4,220,False,0.08681098371744156,284.5762939453125,3.928182601928711,310.3350830078125,23.083576202392578
empty,C:\Users\Light\Videos\空轨道.mp4,221,False,0.08715449273586273,284.5715637207031,3.930356502532959,310.32159423828125,23.0874080657959
empty,C:\Users\Light\Videos\空轨道.mp4,222,False,0.11047693341970444,285.5950927734375,3.0357625484466553,311.3265380859375,19.84775733947754
empty,C:\Users\Light\Videos\空轨道.mp4,223,False,0.14041484892368317,285.705078125,2.7397983074188232,311.49200439453125,19.917905807495117
empty,C:\Users\Light\Videos\空轨道.mp4,224,False,0.14014606177806854,285.7076416015625,2.7425997257232666,311.4914245605469,19.91225814819336
empty,C:\Users\Light\Videos\空轨道.mp4,225,False,0.07345500588417053,284.18023681640625,4.355981349945068,310.26422119140625,23.339155197143555
empty,C:\Users\Light\Videos\空轨道.mp4,226,False,0.15519966185092926,285.2847900390625,2.706416606903076,311.3007507324219,20.619537353515625
empty,C:\Users\Light\Videos\空轨道.mp4,227,False,0.15509319305419922,285.2884216308594,2.7071001529693604,311.3031005859375,20.620254516601562
empty,C:\Users\Light\Videos\空轨道.mp4,228,False,0.09671356528997421,284.6028137207031,3.5042717456817627,310.15911865234375,22.751192092895508
empty,C:\Users\Light\Videos\空轨道.mp4,229,False,0.08694896847009659,284.3349304199219,3.844386577606201,310.1455383300781,22.934406280517578
empty,C:\Users\Light\Videos\空轨道.mp4,230,False,0.07850094139575958,284.2353820800781,4.021032810211182,310.3532409667969,23.14684295654297
empty,C:\Users\Light\Videos\空轨道.mp4,231,False,0.07799854129552841,284.2253112792969,4.05189323425293,310.3553161621094,23.17008399963379
empty,C:\Users\Light\Videos\空轨道.mp4,232,False,0.11247916519641876,285.4970397949219,2.9474730491638184,311.0181884765625,19.849842071533203
empty,C:\Users\Light\Videos\空轨道.mp4,233,False,0.1437157541513443,285.4787292480469,2.655027389526367,311.67559814453125,20.556941986083984
empty,C:\Users\Light\Videos\空轨道.mp4,234,False,0.14403776824474335,285.4811706542969,2.6564393043518066,311.6734313964844,20.55019760131836
empty,C:\Users\Light\Videos\空轨道.mp4,235,False,0.08687502145767212,284.4453125,3.553520679473877,310.3222961425781,22.741579055786133
empty,C:\Users\Light\Videos\空轨道.mp4,236,False,0.09078419208526611,285.7645263671875,3.0476181507110596,311.59185791015625,19.869699478149414
empty,C:\Users\Light\Videos\空轨道.mp4,237,False,0.0916314423084259,285.7662658691406,3.0399646759033203,311.5997619628906,19.882001876831055
empty,C:\Users\Light\Videos\空轨道.mp4,238,False,0.13922639191150665,285.8041076660156,2.6259374618530273,311.697021484375,20.51211929321289
empty,C:\Users\Light\Videos\空轨道.mp4,239,False,0.10332687944173813,285.7721252441406,3.00951886177063,311.6929016113281,20.2412109375
empty,C:\Users\Light\Videos\空轨道.mp4,240,False,0.10693684220314026,285.7640380859375,2.9963297843933105,311.68743896484375,20.239665985107422
empty,C:\Users\Light\Videos\空轨道.mp4,241,False,0.13492178916931152,285.7832336425781,2.5264086723327637,311.80364990234375,20.25105094909668
empty,C:\Users\Light\Videos\空轨道.mp4,242,False,0.13465926051139832,285.7790222167969,2.524077892303467,311.806396484375,20.2578182220459
empty,C:\Users\Light\Videos\空轨道.mp4,243,False,0.12096008658409119,285.79730224609375,2.7866156101226807,311.7882385253906,20.43869972229004
empty,C:\Users\Light\Videos\空轨道.mp4,244,False,0.21481503546237946,285.585205078125,2.2865848541259766,311.4955139160156,20.359498977661133
empty,C:\Users\Light\Videos\空轨道.mp4,245,False,0.2148309350013733,285.5849609375,2.2867305278778076,311.4970703125,20.36057472229004
empty,C:\Users\Light\Videos\空轨道.mp4,246,False,0.2028273195028305,285.96453857421875,2.2829430103302,311.6391296386719,20.12146759033203
empty,C:\Users\Light\Videos\空轨道.mp4,247,False,0.11470940709114075,285.93804931640625,2.8394503593444824,311.4692077636719,19.365982055664062
empty,C:\Users\Light\Videos\空轨道.mp4,248,False,0.1149454191327095,285.933837890625,2.838083267211914,311.45489501953125,19.345699310302734
empty,C:\Users\Light\Videos\空轨道.mp4,249,False,0.10528289526700974,285.8421630859375,2.918562412261963,311.64801025390625,19.87203025817871
empty,C:\Users\Light\Videos\空轨道.mp4,250,False,0.19218356907367706,285.864501953125,2.4216132164001465,312.2774658203125,21.277713775634766
empty,C:\Users\Light\Videos\空轨道.mp4,251,False,0.1926591843366623,285.8630676269531,2.418923854827881,312.2774353027344,21.27480125427246
empty,C:\Users\Light\Videos\空轨道.mp4,252,False,0.09356189519166946,285.7412109375,2.98032808303833,311.3684997558594,19.730703353881836
empty,C:\Users\Light\Videos\空轨道.mp4,253,False,0.07659557461738586,284.3847351074219,3.8855674266815186,310.5250244140625,22.950586318969727
empty,C:\Users\Light\Videos\空轨道.mp4,254,False,0.13992881774902344,285.8101501464844,2.53905987739563,311.7413330078125,20.216156005859375
empty,C:\Users\Light\Videos\空轨道.mp4,255,False,0.14123359322547913,285.8310852050781,2.5477330684661865,311.7271728515625,20.21169662475586
empty,C:\Users\Light\Videos\空轨道.mp4,256,False,0.16890250146389008,285.788818359375,2.4701225757598877,311.75146484375,20.53130340576172
empty,C:\Users\Light\Videos\空轨道.mp4,257,False,0.09193619340658188,285.443359375,2.008011817932129,311.164306640625,21.27885627746582
empty,C:\Users\Light\Videos\空轨道.mp4,258,False,0.09215699881315231,285.44635009765625,2.00468373298645,311.1564636230469,21.28044891357422
empty,C:\Users\Light\Videos\空轨道.mp4,259,False,0.18682806193828583,285.60296630859375,2.2278223037719727,311.53082275390625,20.491769790649414
empty,C:\Users\Light\Videos\空轨道.mp4,260,False,0.11526955664157867,285.686279296875,2.408726692199707,311.2895202636719,19.77191734313965
empty,C:\Users\Light\Videos\空轨道.mp4,261,False,0.1108904778957367,285.6864318847656,2.442410945892334,311.2882995605469,19.75051498413086
empty,C:\Users\Light\Videos\空轨道.mp4,262,False,0.09310098737478256,285.9448547363281,1.9472211599349976,310.97406005859375,20.500354766845703
empty,C:\Users\Light\Videos\空轨道.mp4,263,False,0.09747207909822464,285.9346923828125,1.9506052732467651,310.9825134277344,20.44009017944336
empty,C:\Users\Light\Videos\空轨道.mp4,264,False,0.03859966993331909,403.775390625,89.8123779296875,430.7272644042969,107.54598236083984
empty,C:\Users\Light\Videos\空轨道.mp4,265,False,0.11453278362751007,408.44354248046875,88.42034149169922,435.851806640625,106.00961303710938
empty,C:\Users\Light\Videos\空轨道.mp4,266,False,0.11462254822254181,408.44970703125,88.42493438720703,435.85125732421875,106.00358581542969
empty,C:\Users\Light\Videos\空轨道.mp4,267,False,0.3206954300403595,410.36883544921875,87.28189086914062,439.07562255859375,105.78398132324219
empty,C:\Users\Light\Videos\空轨道.mp4,268,False,0.0655025765299797,412.5830993652344,85.76437377929688,440.35809326171875,104.9522476196289
empty,C:\Users\Light\Videos\空轨道.mp4,269,False,0.06512483209371567,412.5864562988281,85.76170349121094,440.3706970214844,104.94487762451172
empty,C:\Users\Light\Videos\空轨道.mp4,270,False,0.090556800365448,413.7828063964844,85.57855987548828,440.8023681640625,104.95356750488281
empty,C:\Users\Light\Videos\空轨道.mp4,271,False,0.25408846139907837,414.0914001464844,86.03682708740234,442.811279296875,105.03218841552734
empty,C:\Users\Light\Videos\空轨道.mp4,272,False,0.2538905143737793,414.0919494628906,86.0372314453125,442.8110046386719,105.03053283691406
empty,C:\Users\Light\Videos\空轨道.mp4,273,False,0.3822338581085205,413.7227478027344,85.22614288330078,442.36248779296875,105.0979232788086
empty,C:\Users\Light\Videos\空轨道.mp4,274,False,0.5365908145904541,413.83087158203125,84.54125213623047,442.08135986328125,105.35202026367188
empty,C:\Users\Light\Videos\空轨道.mp4,275,False,0.5367249846458435,413.8323974609375,84.53772735595703,442.0811767578125,105.35392761230469
empty,C:\Users\Light\Videos\空轨道.mp4,276,False,0.5358706712722778,413.6946105957031,84.52648162841797,442.1283264160156,104.32618713378906
empty,C:\Users\Light\Videos\空轨道.mp4,277,False,0.5887964367866516,414.0231018066406,84.03683471679688,442.1773986816406,103.42247009277344
empty,C:\Users\Light\Videos\空轨道.mp4,278,False,0.3417171835899353,414.5246276855469,84.33258056640625,442.2259521484375,102.40414428710938
empty,C:\Users\Light\Videos\空轨道.mp4,279,False,0.32955750823020935,414.5252990722656,84.28217315673828,442.204833984375,102.36225891113281
empty,C:\Users\Light\Videos\空轨道.mp4,280,False,0.13895611464977264,414.4610290527344,84.28988647460938,442.01971435546875,101.3628921508789
empty,C:\Users\Light\Videos\空轨道.mp4,281,False,0.1884745955467224,413.70111083984375,84.10270690917969,441.5078430175781,101.54061126708984
empty,C:\Users\Light\Videos\空轨道.mp4,282,False,0.17800401151180267,413.6255187988281,84.13896179199219,441.4084167480469,101.47136688232422
empty,C:\Users\Light\Videos\空轨道.mp4,283,False,0.17246569693088531,413.1688232421875,84.0695571899414,441.07598876953125,101.47416687011719
empty,C:\Users\Light\Videos\空轨道.mp4,284,False,0.12328523397445679,411.9713439941406,82.96678161621094,438.3873291015625,103.11933898925781
empty,C:\Users\Light\Videos\空轨道.mp4,285,False,0.12353474646806717,411.97705078125,82.96443176269531,438.3851318359375,103.12110900878906
empty,C:\Users\Light\Videos\空轨道.mp4,286,False,0.16367490589618683,408.68853759765625,83.08601379394531,437.80157470703125,103.5296401977539
empty,C:\Users\Light\Videos\空轨道.mp4,287,False,0.16251620650291443,408.7145690917969,83.09419250488281,437.8241271972656,103.53778076171875
empty,C:\Users\Light\Videos\空轨道.mp4,288,False,0.2167823165655136,408.1489562988281,83.75061798095703,437.6239013671875,104.45072937011719
empty,C:\Users\Light\Videos\空轨道.mp4,289,False,0.5291164517402649,408.78790283203125,84.46634674072266,436.246826171875,103.35284423828125
empty,C:\Users\Light\Videos\空轨道.mp4,290,False,0.5289450287818909,408.7879943847656,84.46588134765625,436.2472839355469,103.35385131835938
empty,C:\Users\Light\Videos\空轨道.mp4,291,False,0.5179881453514099,407.8172607421875,84.620361328125,436.0959167480469,104.1263427734375
empty,C:\Users\Light\Videos\空轨道.mp4,292,False,0.37015610933303833,406.5808410644531,85.3618392944336,435.61785888671875,104.70305633544922
empty,C:\Users\Light\Videos\空轨道.mp4,293,False,0.3712727427482605,406.58087158203125,85.35899353027344,435.625,104.71087646484375
empty,C:\Users\Light\Videos\空轨道.mp4,294,False,0.32413357496261597,405.3616027832031,85.99207305908203,434.6986083984375,106.37496948242188
empty,C:\Users\Light\Videos\空轨道.mp4,295,False,0.0853814110159874,402.3868103027344,87.4925537109375,429.6108703613281,105.39500427246094
empty,C:\Users\Light\Videos\空轨道.mp4,296,False,0.08798617124557495,402.41021728515625,87.47823333740234,429.611328125,105.39498138427734
empty,C:\Users\Light\Videos\空轨道.mp4,297,False,0.11088228970766068,398.3807373046875,88.26094818115234,426.7989501953125,105.81329345703125
empty,C:\Users\Light\Videos\空轨道.mp4,298,False,0.11267447471618652,398.3408203125,88.24407196044922,426.76727294921875,105.82070922851562
empty,C:\Users\Light\Videos\空轨道.mp4,299,False,0.06180085614323616,282.66845703125,4.62632942199707,308.8931884765625,23.772836685180664
empty,C:\Users\Light\Videos\空轨道.mp4,300,False,0.026112690567970276,282.05828857421875,2.0742485523223877,308.6997375488281,19.56353759765625
empty,C:\Users\Light\Videos\空轨道.mp4,301,False,0.06839977949857712,282.86041259765625,4.399717330932617,308.7770080566406,23.266071319580078
empty,C:\Users\Light\Videos\空轨道.mp4,302,False,0.034909412264823914,281.8091735839844,6.213164806365967,308.39312744140625,24.814180374145508
empty,C:\Users\Light\Videos\空轨道.mp4,303,False,0.03262590244412422,281.6795959472656,6.2857666015625,308.3397216796875,24.89622688293457
empty,C:\Users\Light\Videos\空轨道.mp4,304,False,0.07201539725065231,282.9648742675781,4.544360160827637,308.8103332519531,23.439130783081055
empty,C:\Users\Light\Videos\空轨道.mp4,305,False,0.06591732054948807,282.5745544433594,4.289027690887451,308.7650451660156,23.205739974975586
empty,C:\Users\Light\Videos\空轨道.mp4,306,False,0.06614003330469131,282.5704650878906,4.2764997482299805,308.7585754394531,23.19540786743164
empty,C:\Users\Light\Videos\空轨道.mp4,307,False,0.05997028574347496,282.65234375,4.963463306427002,309.00115966796875,23.882719039916992
empty,C:\Users\Light\Videos\空轨道.mp4,308,False,0.06155386194586754,282.6705322265625,4.877930641174316,308.98638916015625,23.808963775634766
empty,C:\Users\Light\Videos\空轨道.mp4,309,False,0.08999983221292496,282.7910461425781,3.316408634185791,308.52911376953125,22.365158081054688
empty,C:\Users\Light\Videos\空轨道.mp4,310,False,0.037876538932323456,281.7781066894531,5.159999847412109,308.79620361328125,23.962997436523438
empty,C:\Users\Light\Videos\空轨道.mp4,311,False,0.03815184533596039,281.7897644042969,5.150407791137695,308.8000183105469,23.956228256225586
empty,C:\Users\Light\Videos\空轨道.mp4,312,False,0.048995647579431534,282.41619873046875,4.916511535644531,309.1033630371094,23.809770584106445
empty,C:\Users\Light\Videos\空轨道.mp4,313,False,0.05740568786859512,282.53399658203125,4.608355522155762,308.97259521484375,23.523801803588867
empty,C:\Users\Light\Videos\空轨道.mp4,314,False,0.05834275111556053,282.5692138671875,4.578604698181152,308.985107421875,23.501636505126953
empty,C:\Users\Light\Videos\空轨道.mp4,315,False,0.12321160733699799,284.08343505859375,2.8669042587280273,308.7236328125,19.74654769897461
empty,C:\Users\Light\Videos\空轨道.mp4,316,False,0.0787004828453064,282.662353515625,3.6130003929138184,308.6472473144531,22.627056121826172
empty,C:\Users\Light\Videos\空轨道.mp4,317,False,0.07872845977544785,282.6625671386719,3.609941244125366,308.64678955078125,22.62506103515625
empty,C:\Users\Light\Videos\空轨道.mp4,318,False,0.0749296024441719,282.6982421875,3.8396129608154297,308.77178955078125,22.806840896606445
empty,C:\Users\Light\Videos\空轨道.mp4,319,False,0.026991449296474457,281.431640625,5.963558673858643,308.7981262207031,24.718976974487305
empty,C:\Users\Light\Videos\空轨道.mp4,320,False,0.027130505070090294,281.4404296875,5.959434986114502,308.79998779296875,24.71512222290039
empty,C:\Users\Light\Videos\空轨道.mp4,321,False,0.0478854700922966,282.3551940917969,4.937735080718994,309.0556945800781,23.80723762512207
empty,C:\Users\Light\Videos\空轨道.mp4,322,False,0.0451936274766922,282.3059997558594,5.021632194519043,309.0961608886719,23.886350631713867
empty,C:\Users\Light\Videos\空轨道.mp4,323,False,0.04153113439679146,281.9002380371094,5.260716438293457,308.7845764160156,24.079782485961914
empty,C:\Users\Light\Videos\空轨道.mp4,324,False,0.042928777635097504,282.0614013671875,5.153444290161133,308.90399169921875,23.979333877563477
empty,C:\Users\Light\Videos\空轨道.mp4,325,False,0.09108538925647736,282.6652526855469,3.2239506244659424,308.3979797363281,22.327348709106445
empty,C:\Users\Light\Videos\空轨道.mp4,326,False,0.061694107949733734,282.384521484375,4.22546911239624,308.77581787109375,23.149845123291016
empty,C:\Users\Light\Videos\空轨道.mp4,327,False,0.06431437283754349,282.4024353027344,4.098923206329346,308.73419189453125,23.026695251464844
empty,C:\Users\Light\Videos\空轨道.mp4,328,False,0.061555080115795135,282.3819274902344,4.31978702545166,308.7346496582031,23.222278594970703
empty,C:\Users\Light\Videos\空轨道.mp4,329,False,0.07216016948223114,282.5887756347656,3.878911256790161,308.7076416015625,22.793102264404297
empty,C:\Users\Light\Videos\空轨道.mp4,330,False,0.07216668874025345,282.58624267578125,3.8744962215423584,308.7081604003906,22.79061508178711
empty,C:\Users\Light\Videos\空轨道.mp4,331,False,0.05573097988963127,282.259765625,4.328830242156982,308.79638671875,23.231042861938477
empty,C:\Users\Light\Videos\空轨道.mp4,332,False,0.056116972118616104,282.2687072753906,4.3182854652404785,308.7943420410156,23.218626022338867
empty,C:\Users\Light\Videos\空轨道.mp4,333,False,0.08051907271146774,282.4818115234375,3.458799123764038,308.4426574707031,22.441064834594727
empty,C:\Users\Light\Videos\空轨道.mp4,334,False,0.054335031658411026,282.5799560546875,4.740481853485107,309.09686279296875,23.697378158569336
empty,C:\Users\Light\Videos\空轨道.mp4,335,False,0.05455285310745239,282.5827941894531,4.729791641235352,309.09344482421875,23.685745239257812
empty,C:\Users\Light\Videos\空轨道.mp4,336,False,0.12063857913017273,282.66583251953125,2.296401023864746,308.8054504394531,20.88423728942871
empty,C:\Users\Light\Videos\空轨道.mp4,337,False,0.0364043265581131,282.0030517578125,5.603150367736816,309.07086181640625,24.468664169311523
empty,C:\Users\Light\Videos\空轨道.mp4,338,False,0.0366387777030468,282.0140075683594,5.596236705780029,309.0731201171875,24.462120056152344
empty,C:\Users\Light\Videos\空轨道.mp4,339,False,0.07842570543289185,282.95904541015625,3.7772982120513916,308.901611328125,22.851953506469727
empty,C:\Users\Light\Videos\空轨道.mp4,340,False,0.2527124285697937,381.8811950683594,88.45787811279297,408.50714111328125,106.08610534667969
empty,C:\Users\Light\Videos\空轨道.mp4,341,False,0.2554033398628235,381.8810729980469,88.4517593383789,408.5016174316406,106.07070922851562
empty,C:\Users\Light\Videos\空轨道.mp4,342,False,0.36905112862586975,387.18402099609375,85.78120422363281,413.3409423828125,105.12452697753906
empty,C:\Users\Light\Videos\空轨道.mp4,343,False,0.36977967619895935,387.19036865234375,85.78812408447266,413.3474426269531,105.1312255859375
empty,C:\Users\Light\Videos\空轨道.mp4,344,False,0.23711539804935455,391.7117919921875,85.21080780029297,418.3605041503906,104.17156982421875
empty,C:\Users\Light\Videos\空轨道.mp4,345,False,0.10473582148551941,397.6702575683594,84.30960845947266,423.7066955566406,101.72716522216797
empty,C:\Users\Light\Videos\空轨道.mp4,346,False,0.10154363512992859,397.6936950683594,84.29828643798828,423.7228698730469,101.7068862915039
empty,C:\Users\Light\Videos\空轨道.mp4,347,False,0.025583487004041672,281.30535888671875,6.064241409301758,308.7118225097656,25.064043045043945
empty,C:\Users\Light\Videos\空轨道.mp4,348,False,0.01523567084223032,280.5,6.878490447998047,308.64501953125,26.076229095458984
empty,C:\Users\Light\Videos\空轨道.mp4,349,False,0.014848188497126102,280.46453857421875,6.886984348297119,308.6442565917969,26.10103988647461
empty,C:\Users\Light\Videos\空轨道.mp4,350,False,0.005824090912938118,284.44012451171875,3.622256278991699,308.1035461425781,18.208189010620117
empty,C:\Users\Light\Videos\空轨道.mp4,351,False,0.005585530772805214,284.43328857421875,3.6557164192199707,308.09967041015625,18.224348068237305
empty,C:\Users\Light\Videos\空轨道.mp4,352,False,0.013361550867557526,394.6947021484375,14.060587882995605,420.3118591308594,32.20073699951172
empty,C:\Users\Light\Videos\空轨道.mp4,353,False,0.013617102988064289,394.71551513671875,14.051578521728516,420.317138671875,32.19186019897461
empty,C:\Users\Light\Videos\空轨道.mp4,354,False,0.015728482976555824,395.60589599609375,14.306641578674316,421.2615051269531,32.09125518798828
empty,C:\Users\Light\Videos\空轨道.mp4,355,False,0.015027325600385666,396.6459655761719,14.277440071105957,421.9455261230469,32.154659271240234
empty,C:\Users\Light\Videos\空轨道.mp4,356,False,0.015282995998859406,396.6311340332031,14.261034965515137,421.93353271484375,32.147037506103516
empty,C:\Users\Light\Videos\空轨道.mp4,357,False,0.06715958565473557,396.9321594238281,12.372183799743652,423.889892578125,31.88982391357422
empty,C:\Users\Light\Videos\空轨道.mp4,358,False,0.05123330280184746,397.83453369140625,11.660063743591309,424.2559814453125,31.83628273010254
empty,C:\Users\Light\Videos\空轨道.mp4,359,False,0.052694372832775116,397.8526306152344,11.672098159790039,424.2283935546875,31.82142448425293
empty,C:\Users\Light\Videos\空轨道.mp4,360,False,0.008065247908234596,397.7798156738281,10.040776252746582,424.5397644042969,31.39134979248047
empty,C:\Users\Light\Videos\空轨道.mp4,361,False,0.012181204743683338,398.1567077636719,9.651917457580566,425.2918395996094,29.375560760498047
empty,C:\Users\Light\Videos\空轨道.mp4,362,False,0.012211036868393421,398.1632080078125,9.640129089355469,425.2903747558594,29.345081329345703
empty,C:\Users\Light\Videos\空轨道.mp4,363,False,0.006663775537163019,399.1300048828125,8.395155906677246,425.1220397949219,28.926862716674805
empty,C:\Users\Light\Videos\空轨道.mp4,364,False,0.00676790252327919,399.1741943359375,8.209836959838867,425.1346130371094,28.65283966064453
empty,C:\Users\Light\Videos\空轨道.mp4,365,False,0.006517327856272459,399.2314453125,8.192176818847656,425.14263916015625,28.635717391967773
empty,C:\Users\Light\Videos\空轨道.mp4,366,False,0.004122523125261068,399.8699645996094,8.123664855957031,425.0917053222656,28.99795150756836
empty,C:\Users\Light\Videos\空轨道.mp4,367,False,0.004038272891193628,399.9023742675781,8.129178047180176,425.09381103515625,29.01494026184082
empty,C:\Users\Light\Videos\空轨道.mp4,368,False,0.0059549035504460335,399.2375183105469,8.382942199707031,425.0608825683594,28.983139038085938
empty,C:\Users\Light\Videos\空轨道.mp4,369,False,0.004059045109897852,399.6799621582031,8.605329513549805,425.2206726074219,29.42264747619629
empty,C:\Users\Light\Videos\空轨道.mp4,370,False,0.004026620648801327,399.6584167480469,8.61250114440918,425.2255554199219,29.451244354248047
empty,C:\Users\Light\Videos\空轨道.mp4,371,False,0.004464500583708286,414.0381164550781,77.21150970458984,438.7333679199219,94.59486389160156
empty,C:\Users\Light\Videos\空轨道.mp4,372,False,0.004782815929502249,399.20648193359375,8.123082160949707,424.90826416015625,28.730226516723633
empty,C:\Users\Light\Videos\空轨道.mp4,373,False,0.004729857202619314,399.2079162597656,8.132091522216797,424.91937255859375,28.71485137939453
empty,C:\Users\Light\Videos\空轨道.mp4,374,False,0.011250157840549946,398.3983459472656,8.085095405578613,424.9205017089844,28.444997787475586
empty,C:\Users\Light\Videos\空轨道.mp4,375,False,0.011257519945502281,398.3962097167969,8.084019660949707,424.91778564453125,28.447507858276367
empty,C:\Users\Light\Videos\空轨道.mp4,376,False,0.0054406337440013885,399.341064453125,8.901473045349121,424.35968017578125,29.560791015625
empty,C:\Users\Light\Videos\空轨道.mp4,377,False,0.005503724329173565,399.35052490234375,8.885046005249023,424.36651611328125,29.534950256347656
empty,C:\Users\Light\Videos\空轨道.mp4,378,False,0.004181887488812208,399.0956726074219,8.759071350097656,423.08251953125,30.24146842956543
empty,C:\Users\Light\Videos\空轨道.mp4,379,False,0.06109467148780823,395.4941101074219,11.513717651367188,423.30426025390625,30.700834274291992
empty,C:\Users\Light\Videos\空轨道.mp4,380,False,0.06217189133167267,395.5030822753906,11.514927864074707,423.3075866699219,30.70397186279297
empty,C:\Users\Light\Videos\空轨道.mp4,381,False,0.013786491006612778,281.8659362792969,2.3348701000213623,307.5988464355469,20.39242172241211
empty,C:\Users\Light\Videos\空轨道.mp4,382,False,0.03260687738656998,282.7004699707031,3.073223114013672,308.5148620605469,19.78016471862793
empty,C:\Users\Light\Videos\空轨道.mp4,383,False,0.0322004072368145,282.7049255371094,3.0797672271728516,308.5159606933594,19.785722732543945
empty,C:\Users\Light\Videos\空轨道.mp4,384,False,0.020907985046505928,281.7533264160156,2.826810359954834,308.1961669921875,20.69519805908203
empty,C:\Users\Light\Videos\空轨道.mp4,385,False,0.09267401695251465,282.4957275390625,3.205864667892456,308.179443359375,22.587007522583008
empty,C:\Users\Light\Videos\空轨道.mp4,386,False,0.09289798140525818,282.47344970703125,3.1978414058685303,308.14666748046875,22.57687759399414
empty,C:\Users\Light\Videos\空轨道.mp4,387,False,0.07817257940769196,389.0280456542969,83.16433715820312,417.1888732910156,100.8375244140625
empty,C:\Users\Light\Videos\空轨道.mp4,388,False,0.0778958722949028,389.0147705078125,83.16400146484375,417.1821594238281,100.82894134521484
empty,C:\Users\Light\Videos\空轨道.mp4,389,False,0.15936976671218872,385.594482421875,84.00967407226562,412.9230651855469,102.7559585571289
empty,C:\Users\Light\Videos\空轨道.mp4,390,False,0.28531211614608765,384.5196533203125,86.5297622680664,411.69903564453125,103.79739379882812
empty,C:\Users\Light\Videos\空轨道.mp4,391,False,0.28487738966941833,384.52386474609375,86.53657531738281,411.7023620605469,103.79761505126953
empty,C:\Users\Light\Videos\空轨道.mp4,392,False,0.24132749438285828,380.7159423828125,88.30400085449219,407.9692077636719,105.47840118408203
empty,C:\Users\Light\Videos\空轨道.mp4,393,False,0.11495797336101532,378.0451965332031,90.04950714111328,404.7900695800781,106.72010040283203
empty,C:\Users\Light\Videos\空轨道.mp4,394,False,0.11183245480060577,378.0183410644531,90.07160949707031,404.7637634277344,106.69841003417969
empty,C:\Users\Light\Videos\空轨道.mp4,395,False,0.07095056027173996,282.74700927734375,4.243599891662598,308.8962097167969,23.19628143310547
empty,C:\Users\Light\Videos\空轨道.mp4,396,False,0.08397476375102997,282.76788330078125,3.603184223175049,308.60516357421875,22.641847610473633
empty,C:\Users\Light\Videos\空轨道.mp4,397,False,0.09410519897937775,282.96990966796875,3.283822536468506,308.5839538574219,22.42181396484375
empty,C:\Users\Light\Videos\空轨道.mp4,398,False,0.09422190487384796,282.9715270996094,3.283273458480835,308.5834655761719,22.42217254638672
empty,C:\Users\Light\Videos\空轨道.mp4,399,False,0.08661828935146332,282.8287048339844,3.4173717498779297,308.6375427246094,22.486648559570312
empty,C:\Users\Light\Videos\空轨道.mp4,400,False,0.08549447357654572,282.85882568359375,3.605010747909546,308.7054443359375,22.69308090209961
empty,C:\Users\Light\Videos\空轨道.mp4,401,False,0.08451101183891296,282.8532409667969,3.6513798236846924,308.7181091308594,22.733219146728516
empty,C:\Users\Light\Videos\空轨道.mp4,402,False,0.08132103830575943,282.8460998535156,3.6522090435028076,308.774658203125,22.705698013305664
empty,C:\Users\Light\Videos\空轨道.mp4,403,False,0.06669344007968903,282.6308898925781,4.087583065032959,308.8907165527344,23.004419326782227
empty,C:\Users\Light\Videos\空轨道.mp4,404,False,0.06714580208063126,282.6387023925781,4.066807746887207,308.88482666015625,22.982925415039062
empty,C:\Users\Light\Videos\空轨道.mp4,405,False,0.059716884046792984,282.46368408203125,4.611325263977051,308.86370849609375,23.545921325683594
empty,C:\Users\Light\Videos\空轨道.mp4,406,False,0.08086143434047699,282.6788635253906,3.755021095275879,308.62786865234375,22.784629821777344
empty,C:\Users\Light\Videos\空轨道.mp4,407,False,0.08160364627838135,282.68194580078125,3.7311642169952393,308.6144104003906,22.766342163085938
empty,C:\Users\Light\Videos\空轨道.mp4,408,False,0.08822505921125412,282.76513671875,3.518794298171997,308.54803466796875,22.60018539428711
empty,C:\Users\Light\Videos\空轨道.mp4,409,False,0.08280233293771744,282.84674072265625,3.5452845096588135,308.7277526855469,22.571027755737305
empty,C:\Users\Light\Videos\空轨道.mp4,410,False,0.08263461291790009,282.8443908691406,3.5483100414276123,308.7283935546875,22.572933197021484
empty,C:\Users\Light\Videos\空轨道.mp4,411,False,0.07786310464143753,282.697998046875,3.721527338027954,308.72412109375,22.73375701904297
empty,C:\Users\Light\Videos\空轨道.mp4,412,False,0.07796795666217804,282.692626953125,3.7188940048217773,308.71685791015625,22.730125427246094
empty,C:\Users\Light\Videos\空轨道.mp4,413,False,0.10064717382192612,282.9349060058594,2.9931249618530273,308.35089111328125,22.247699737548828
empty,C:\Users\Light\Videos\空轨道.mp4,414,False,0.12344463169574738,283.6982421875,3.012869358062744,308.49542236328125,19.743927001953125
empty,C:\Users\Light\Videos\空轨道.mp4,415,False,0.1266471892595291,283.71209716796875,2.995859146118164,308.506591796875,19.75847053527832
empty,C:\Users\Light\Videos\空轨道.mp4,416,False,0.08608034253120422,282.6138916015625,3.4094045162200928,308.40948486328125,22.42380714416504
empty,C:\Users\Light\Videos\空轨道.mp4,417,False,0.05523752048611641,282.4715881347656,4.791635513305664,308.9894104003906,23.6933650970459
empty,C:\Users\Light\Videos\空轨道.mp4,418,False,0.054997704923152924,282.4631652832031,4.805654048919678,308.9859924316406,23.70557975769043
empty,C:\Users\Light\Videos\空轨道.mp4,419,False,0.08574552088975906,282.4124450683594,3.139482259750366,308.248291015625,22.144451141357422
empty,C:\Users\Light\Videos\空轨道.mp4,420,False,0.039215292781591415,281.945068359375,5.5329694747924805,308.8928527832031,24.322206497192383
empty,C:\Users\Light\Videos\空轨道.mp4,421,False,0.09471452981233597,282.55523681640625,3.139157295227051,308.1622619628906,22.23537254333496
empty,C:\Users\Light\Videos\空轨道.mp4,422,False,0.09472636133432388,282.5563659667969,3.140188217163086,308.1627197265625,22.235551834106445
empty,C:\Users\Light\Videos\空轨道.mp4,423,False,0.08557058870792389,282.6171875,3.5554144382476807,308.4143981933594,22.56907844543457
empty,C:\Users\Light\Videos\空轨道.mp4,424,False,0.06551538407802582,282.5458679199219,4.425165176391602,308.75042724609375,23.306276321411133
empty,C:\Users\Light\Videos\空轨道.mp4,425,False,0.06453421711921692,282.5390930175781,4.4736409187316895,308.7640075683594,23.353273391723633
empty,C:\Users\Light\Videos\空轨道.mp4,426,False,0.03940510377287865,281.9092102050781,5.283419132232666,308.8350830078125,24.0720272064209
empty,C:\Users\Light\Videos\空轨道.mp4,427,False,0.08026444911956787,282.7776184082031,3.7027578353881836,308.673828125,22.67683219909668
empty,C:\Users\Light\Videos\空轨道.mp4,428,False,0.08112411201000214,282.778564453125,3.6670901775360107,308.6580810546875,22.64765167236328
empty,C:\Users\Light\Videos\空轨道.mp4,429,False,0.05817946046590805,282.6296691894531,4.583086967468262,309.0323486328125,23.506723403930664
empty,C:\Users\Light\Videos\空轨道.mp4,430,False,0.12571246922016144,282.4540100097656,4.152777671813965,309.72369384765625,24.369874954223633
empty,C:\Users\Light\Videos\空轨道.mp4,431,False,0.12469639629125595,282.4569396972656,4.158963203430176,309.7142028808594,24.389596939086914
empty,C:\Users\Light\Videos\空轨道.mp4,432,False,0.08333572000265121,282.91912841796875,3.727813720703125,308.7815246582031,22.76849365234375
empty,C:\Users\Light\Videos\空轨道.mp4,433,False,0.08364283293485641,282.91961669921875,3.720485210418701,308.7745666503906,22.761211395263672
empty,C:\Users\Light\Videos\空轨道.mp4,434,False,0.07342512905597687,282.83306884765625,4.095090866088867,308.884033203125,23.05786895751953
empty,C:\Users\Light\Videos\空轨道.mp4,435,False,0.10994898527860641,282.34954833984375,4.080837249755859,309.3852844238281,24.365436553955078
empty,C:\Users\Light\Videos\空轨道.mp4,436,False,0.10756199806928635,282.3657531738281,4.053058624267578,309.3589172363281,24.351228713989258
empty,C:\Users\Light\Videos\空轨道.mp4,437,False,0.17624562978744507,282.0957946777344,3.789792537689209,309.6037902832031,24.20427703857422
empty,C:\Users\Light\Videos\空轨道.mp4,438,False,0.19269132614135742,282.2097473144531,3.993321180343628,309.5365905761719,23.664342880249023
empty,C:\Users\Light\Videos\空轨道.mp4,439,False,0.19337591528892517,282.222412109375,3.9916515350341797,309.545654296875,23.64578628540039
empty,C:\Users\Light\Videos\空轨道.mp4,440,False,0.08417137712240219,282.9445495605469,4.0702033042907715,308.54779052734375,23.055583953857422
empty,C:\Users\Light\Videos\空轨道.mp4,441,False,0.07372717559337616,282.47662353515625,3.4854462146759033,309.0647888183594,23.441640853881836
empty,C:\Users\Light\Videos\空轨道.mp4,442,False,0.0730210542678833,282.4972229003906,3.468155860900879,309.0552673339844,23.427881240844727
empty,C:\Users\Light\Videos\空轨道.mp4,443,False,0.05252987518906593,282.55279541015625,5.015681743621826,308.965087890625,24.04945945739746
empty,C:\Users\Light\Videos\空轨道.mp4,444,False,0.0621536448597908,282.9649963378906,4.771106719970703,309.1868896484375,23.959299087524414
empty,C:\Users\Light\Videos\空轨道.mp4,445,False,0.06191511079668999,282.94970703125,4.778379440307617,309.1768493652344,23.962862014770508
empty,C:\Users\Light\Videos\空轨道.mp4,446,False,0.048010073602199554,282.3162536621094,5.391587257385254,308.97662353515625,24.524198532104492
empty,C:\Users\Light\Videos\空轨道.mp4,447,False,0.009060499258339405,282.8856201171875,2.4089059829711914,309.6351623535156,19.59096908569336
empty,C:\Users\Light\Videos\空轨道.mp4,448,False,0.011061920784413815,282.6507568359375,2.0068352222442627,309.40899658203125,19.42026138305664
empty,C:\Users\Light\Videos\空轨道.mp4,449,False,0.012860753573477268,282.62066650390625,1.9549754858016968,309.3659362792969,19.446683883666992
empty,C:\Users\Light\Videos\空轨道.mp4,450,False,0.005982006900012493,282.9846496582031,2.4352505207061768,309.7355041503906,19.620037078857422
empty,C:\Users\Light\Videos\空轨道.mp4,451,False,0.013760496862232685,283.05035400390625,2.7134761810302734,309.6841735839844,19.8458309173584
empty,C:\Users\Light\Videos\空轨道.mp4,452,False,0.013792650774121284,283.0610046386719,2.733982563018799,309.69146728515625,19.855131149291992
empty,C:\Users\Light\Videos\空轨道.mp4,453,False,0.008508356288075447,282.8677673339844,2.144665002822876,309.4682922363281,19.691640853881836
empty,C:\Users\Light\Videos\空轨道.mp4,454,False,0.019198281690478325,282.6490783691406,2.19411563873291,309.32171630859375,19.96308708190918
empty,C:\Users\Light\Videos\空轨道.mp4,455,False,0.01928422972559929,282.65228271484375,2.178158760070801,309.3214416503906,19.94551658630371
empty,C:\Users\Light\Videos\空轨道.mp4,456,False,0.012989209033548832,284.272705078125,3.4527368545532227,308.25482177734375,18.09442901611328
empty,C:\Users\Light\Videos\空轨道.mp4,457,False,0.012858409434556961,284.2743225097656,3.4528937339782715,308.2527160644531,18.096603393554688
empty,C:\Users\Light\Videos\空轨道.mp4,458,False,0.016935216262936592,283.0426330566406,2.0101969242095947,309.51873779296875,19.646751403808594
empty,C:\Users\Light\Videos\空轨道.mp4,459,False,0.040493790060281754,283.23974609375,2.304323434829712,309.4758605957031,20.425006866455078
empty,C:\Users\Light\Videos\空轨道.mp4,460,False,0.039797890931367874,283.24432373046875,2.283940315246582,309.4738464355469,20.424894332885742
empty,C:\Users\Light\Videos\空轨道.mp4,461,False,0.04837683215737343,282.6268005371094,1.8175601959228516,309.0400085449219,19.990562438964844
empty,C:\Users\Light\Videos\空轨道.mp4,462,False,0.036160748451948166,282.7338562011719,2.1656980514526367,309.2532043457031,19.866403579711914
empty,C:\Users\Light\Videos\空轨道.mp4,463,False,0.03571297600865364,282.7358093261719,2.1741135120391846,309.2624816894531,19.872880935668945
empty,C:\Users\Light\Videos\空轨道.mp4,464,False,0.06947799026966095,282.33099365234375,3.77242374420166,308.6287841796875,22.99834442138672
empty,C:\Users\Light\Videos\空轨道.mp4,465,False,0.13064125180244446,284.2762756347656,2.777539014816284,310.1579284667969,23.90248680114746
empty,C:\Users\Light\Videos\空轨道.mp4,466,False,0.12717914581298828,284.2984619140625,2.7806317806243896,310.1666259765625,23.9171199798584
empty,C:\Users\Light\Videos\空轨道.mp4,467,False,0.0836724191904068,282.6942138671875,3.5650177001953125,308.5252990722656,22.78996467590332
empty,C:\Users\Light\Videos\空轨道.mp4,468,False,0.08310442417860031,282.6966857910156,3.597872734069824,308.5335693359375,22.814481735229492
empty,C:\Users\Light\Videos\空轨道.mp4,469,False,0.14437922835350037,282.1871643066406,3.6634931564331055,309.3247985839844,23.056838989257812
empty,C:\Users\Light\Videos\空轨道.mp4,470,False,0.13140738010406494,282.6562805175781,3.6337757110595703,309.5731201171875,23.100629806518555
empty,C:\Users\Light\Videos\空轨道.mp4,471,False,0.10008303821086884,283.11456298828125,3.049668788909912,308.4095458984375,22.26726531982422
empty,C:\Users\Light\Videos\空轨道.mp4,472,False,0.06381291151046753,282.8648376464844,4.901148796081543,308.86688232421875,23.704145431518555
empty,C:\Users\Light\Videos\空轨道.mp4,473,False,0.0634477436542511,282.8653564453125,4.917564868927002,308.8742980957031,23.719520568847656
empty,C:\Users\Light\Videos\空轨道.mp4,474,False,0.08885358273983002,283.0589599609375,4.109703063964844,308.5485534667969,23.06315803527832
empty,C:\Users\Light\Videos\空轨道.mp4,475,False,0.04088643193244934,282.3180847167969,6.229323387145996,308.68463134765625,24.873905181884766
empty,C:\Users\Light\Videos\空轨道.mp4,476,False,0.04040799289941788,282.2940979003906,6.261281967163086,308.66925048828125,24.907657623291016
empty,C:\Users\Light\Videos\空轨道.mp4,477,False,0.1364908069372177,282.62298583984375,3.761845350265503,309.4123229980469,23.266878128051758
empty,C:\Users\Light\Videos\空轨道.mp4,478,False,0.13674886524677277,282.6295471191406,3.7600748538970947,309.4095764160156,23.268020629882812
empty,C:\Users\Light\Videos\空轨道.mp4,479,False,0.09441357851028442,283.1201477050781,3.685579538345337,308.4452819824219,22.6617488861084
empty,C:\Users\Light\Videos\空轨道.mp4,480,False,0.09551189094781876,282.4784851074219,3.802454948425293,309.36187744140625,23.522613525390625
empty,C:\Users\Light\Videos\空轨道.mp4,481,False,0.0969296544790268,282.47076416015625,3.8038668632507324,309.3646545410156,23.5155086517334
empty,C:\Users\Light\Videos\空轨道.mp4,482,False,0.06680271774530411,282.7511291503906,4.890929222106934,308.5902099609375,23.616270065307617
empty,C:\Users\Light\Videos\空轨道.mp4,483,False,0.11915120482444763,282.4987487792969,4.008381366729736,309.4427185058594,23.576356887817383
empty,C:\Users\Light\Videos\空轨道.mp4,484,False,0.12083640694618225,282.4974365234375,4.002969264984131,309.4396057128906,23.573150634765625
empty,C:\Users\Light\Videos\空轨道.mp4,485,False,0.10558514297008514,283.832275390625,3.0936062335968018,308.60345458984375,19.264434814453125
empty,C:\Users\Light\Videos\空轨道.mp4,486,False,0.08369973301887512,282.96600341796875,3.7091562747955322,308.7693176269531,22.6983699798584
empty,C:\Users\Light\Videos\空轨道.mp4,487,False,0.08519309759140015,282.9697570800781,3.657475709915161,308.7471618652344,22.65867805480957
empty,C:\Users\Light\Videos\空轨道.mp4,488,False,0.09831099212169647,282.9231872558594,2.983308792114258,308.4366760253906,22.189743041992188
empty,C:\Users\Light\Videos\空轨道.mp4,489,False,0.08549439162015915,283.25054931640625,3.7333381175994873,309.0890197753906,22.796419143676758
empty,C:\Users\Light\Videos\空轨道.mp4,490,False,0.08543665707111359,283.24798583984375,3.7339656352996826,309.0854797363281,22.795455932617188
empty,C:\Users\Light\Videos\空轨道.mp4,491,False,0.07402393221855164,283.0992431640625,4.272073268890381,309.17279052734375,23.2697696685791
empty,C:\Users\Light\Videos\空轨道.mp4,492,False,0.07432985305786133,283.1095886230469,4.248025894165039,309.18035888671875,23.251279830932617
empty,C:\Users\Light\Videos\空轨道.mp4,493,False,0.09732694923877716,283.5513000488281,3.3709354400634766,309.0906066894531,22.599781036376953
empty,C:\Users\Light\Videos\空轨道.mp4,494,False,0.05341722071170807,283.0467834472656,5.074410915374756,309.5738220214844,23.98648452758789
empty,C:\Users\Light\Videos\空轨道.mp4,495,False,0.07575023174285889,283.0655212402344,4.088098526000977,309.0486145019531,23.03989601135254
empty,C:\Users\Light\Videos\空轨道.mp4,496,False,0.05879933759570122,282.9187927246094,4.540762901306152,309.3875427246094,23.471851348876953
empty,C:\Users\Light\Videos\空轨道.mp4,497,False,0.0602191798388958,282.945556640625,4.493497371673584,309.37506103515625,23.427366256713867
empty,C:\Users\Light\Videos\空轨道.mp4,498,False,0.0964745506644249,283.2130126953125,3.064762830734253,308.7978515625,22.25800895690918
empty,C:\Users\Light\Videos\空轨道.mp4,499,False,0.08566899597644806,283.4988708496094,3.836867570877075,309.3204345703125,22.925329208374023
empty,C:\Users\Light\Videos\空轨道.mp4,500,False,0.08993588387966156,283.52532958984375,3.6836185455322266,309.2530212402344,22.823087692260742
empty,C:\Users\Light\Videos\空轨道.mp4,501,False,0.06796165555715561,283.2759094238281,4.409780025482178,309.4738464355469,23.34921646118164
empty,C:\Users\Light\Videos\空轨道.mp4,502,False,0.06806492060422897,283.2974853515625,4.411606311798096,309.4945983886719,23.352691650390625
empty,C:\Users\Light\Videos\空轨道.mp4,503,False,0.02012030966579914,281.4479064941406,6.427406311035156,309.1255187988281,25.16337013244629
empty,C:\Users\Light\Videos\空轨道.mp4,504,False,0.05973505601286888,283.12359619140625,4.773404121398926,309.4925537109375,23.701412200927734
empty,C:\Users\Light\Videos\空轨道.mp4,505,False,0.05945253372192383,283.1153869628906,4.785472393035889,309.4933166503906,23.714052200317383
empty,C:\Users\Light\Videos\空轨道.mp4,506,False,0.03805927932262421,282.488525390625,5.645216464996338,309.4663391113281,24.43722152709961
empty,C:\Users\Light\Videos\空轨道.mp4,507,False,0.07959143072366714,283.31549072265625,3.8345143795013428,309.24755859375,22.833465576171875
empty,C:\Users\Light\Videos\空轨道.mp4,508,False,0.0786324143409729,283.2913513183594,3.868770122528076,309.24951171875,22.862869262695312
empty,C:\Users\Light\Videos\空轨道.mp4,509,False,0.08318060636520386,283.4607849121094,3.9059057235717773,309.3197937011719,22.9639892578125
empty,C:\Users\Light\Videos\空轨道.mp4,510,False,0.08187214285135269,283.3580017089844,3.9319252967834473,309.237548828125,22.98422622680664
empty,C:\Users\Light\Videos\空轨道.mp4,511,False,0.08195964246988297,283.3586120605469,3.9313201904296875,309.23626708984375,22.98158073425293
empty,C:\Users\Light\Videos\空轨道.mp4,512,False,0.039003998041152954,282.50537109375,5.604001998901367,309.4465026855469,24.395647048950195
empty,C:\Users\Light\Videos\空轨道.mp4,513,False,0.037233948707580566,282.4303283691406,5.670070648193359,309.4277648925781,24.450151443481445
empty,C:\Users\Light\Videos\空轨道.mp4,514,False,0.08317071199417114,283.2731018066406,3.954986572265625,309.1152648925781,23.00701904296875
empty,C:\Users\Light\Videos\空轨道.mp4,515,False,0.054789360612630844,282.95458984375,5.066914081573486,309.4450378417969,24.000782012939453
empty,C:\Users\Light\Videos\空轨道.mp4,516,False,0.055593978613615036,282.968017578125,5.042171955108643,309.43927001953125,23.98236083984375
empty,C:\Users\Light\Videos\空轨道.mp4,517,False,0.08811616152524948,283.0496520996094,3.468850612640381,308.8421630859375,22.545166015625
empty,C:\Users\Light\Videos\空轨道.mp4,518,False,0.08777803182601929,283.0476379394531,3.480168342590332,308.8463439941406,22.55267333984375
empty,C:\Users\Light\Videos\空轨道.mp4,519,False,0.06379999220371246,282.83642578125,4.687019348144531,309.11041259765625,23.622053146362305
empty,C:\Users\Light\Videos\空轨道.mp4,520,False,0.07287805527448654,283.0990295410156,4.223104476928711,309.181884765625,23.179025650024414
empty,C:\Users\Light\Videos\空轨道.mp4,521,False,0.07331918179988861,283.1011657714844,4.210677623748779,309.17205810546875,23.168132781982422
empty,C:\Users\Light\Videos\空轨道.mp4,522,False,0.08714945614337921,283.02545166015625,3.6362409591674805,308.8331298828125,22.69440269470215
empty,C:\Users\Light\Videos\空轨道.mp4,523,False,0.08743784576654434,283.0202941894531,3.6289124488830566,308.8191223144531,22.686357498168945
empty,C:\Users\Light\Videos\空轨道.mp4,524,False,0.043784625828266144,282.4267883300781,5.4170241355896,309.20306396484375,24.208805084228516
empty,C:\Users\Light\Videos\空轨道.mp4,525,False,0.12276262044906616,282.72186279296875,3.8046960830688477,309.72711181640625,23.80833625793457
empty,C:\Users\Light\Videos\空轨道.mp4,526,False,0.1230887621641159,282.7216796875,3.806107997894287,309.7296447753906,23.79979705810547
empty,C:\Users\Light\Videos\空轨道.mp4,527,False,0.08542840927839279,283.31805419921875,3.709503650665283,309.11676025390625,22.802133560180664
empty,C:\Users\Light\Videos\空轨道.mp4,528,False,0.09964101761579514,283.390380859375,3.23911190032959,308.8362731933594,22.438060760498047
empty,C:\Users\Light\Videos\空轨道.mp4,529,False,0.09924742579460144,283.3814697265625,3.244781970977783,308.8404846191406,22.4344539642334
empty,C:\Users\Light\Videos\空轨道.mp4,530,False,0.11849971115589142,284.998779296875,2.955003261566162,310.7926330566406,23.964385986328125
empty,C:\Users\Light\Videos\空轨道.mp4,531,False,0.0895523652434349,283.13348388671875,3.9419991970062256,308.9062805175781,23.167125701904297
empty,C:\Users\Light\Videos\空轨道.mp4,532,False,0.08734562993049622,283.1068115234375,4.020763874053955,308.9334716796875,23.217885971069336
empty,C:\Users\Light\Videos\空轨道.mp4,533,False,0.08062124252319336,283.07830810546875,4.168667316436768,308.9649963378906,23.322166442871094
empty,C:\Users\Light\Videos\空轨道.mp4,534,False,0.09667250514030457,283.433837890625,3.7077443599700928,308.8481750488281,22.86580467224121
empty,C:\Users\Light\Videos\空轨道.mp4,535,False,0.09615788608789444,283.4198913574219,3.728116273880005,308.8534851074219,22.880887985229492
empty,C:\Users\Light\Videos\空轨道.mp4,536,False,0.17926745116710663,282.93853759765625,3.797457218170166,310.0617980957031,23.535724639892578
empty,C:\Users\Light\Videos\空轨道.mp4,537,False,0.17957665026187897,282.9414978027344,3.7986562252044678,310.0655517578125,23.535747528076172
empty,C:\Users\Light\Videos\空轨道.mp4,538,False,0.09964092075824738,283.23638916015625,3.161501407623291,308.5767822265625,22.460092544555664
empty,C:\Users\Light\Videos\空轨道.mp4,539,False,0.016404855996370316,280.79803466796875,6.720031261444092,308.6973876953125,25.72466278076172
empty,C:\Users\Light\Videos\空轨道.mp4,540,False,0.016749126836657524,280.838623046875,6.706550598144531,308.7065734863281,25.710834503173828
empty,C:\Users\Light\Videos\空轨道.mp4,541,False,0.01744595542550087,282.5493469238281,1.7450146675109863,309.2505798339844,19.609189987182617
empty,C:\Users\Light\Videos\空轨道.mp4,542,False,0.017499540001153946,282.5550231933594,1.742908000946045,309.2547302246094,19.60730743408203
empty,C:\Users\Light\Videos\空轨道.mp4,543,False,0.024345792829990387,282.57177734375,1.812741756439209,309.1143798828125,19.663604736328125
empty,C:\Users\Light\Videos\空轨道.mp4,544,False,0.027918215841054916,281.3865661621094,2.5627150535583496,308.3886413574219,21.282554626464844
empty,C:\Users\Light\Videos\空轨道.mp4,545,False,0.028009025380015373,281.3809509277344,2.5570449829101562,308.3866882324219,21.286880493164062
empty,C:\Users\Light\Videos\空轨道.mp4,546,False,0.018820634111762047,408.57391357421875,83.40965270996094,434.3698425292969,101.36450958251953
empty,C:\Users\Light\Videos\空轨道.mp4,547,False,0.01999426633119583,408.5144348144531,83.39228820800781,434.375244140625,101.38720703125
empty,C:\Users\Light\Videos\空轨道.mp4,548,False,0.10283244401216507,397.4146423339844,8.382291793823242,423.5912780761719,27.555557250976562
empty,C:\Users\Light\Videos\空轨道.mp4,549,False,0.1742967963218689,397.8109130859375,7.784121990203857,423.9767150878906,26.886018753051758
empty,C:\Users\Light\Videos\空轨道.mp4,550,False,0.17118912935256958,397.7909240722656,7.803183078765869,423.9757080078125,26.88662338256836
empty,C:\Users\Light\Videos\空轨道.mp4,551,False,0.2613047957420349,398.1410217285156,7.206704616546631,423.854736328125,26.783823013305664
empty,C:\Users\Light\Videos\空轨道.mp4,552,False,0.24873073399066925,398.23480224609375,7.0415778160095215,424.0030212402344,26.404130935668945
empty,C:\Users\Light\Videos\空轨道.mp4,553,False,0.2524404227733612,398.2517395019531,7.029744625091553,423.9984436035156,26.405475616455078
empty,C:\Users\Light\Videos\空轨道.mp4,554,False,0.2892220616340637,398.2176818847656,6.989415645599365,424.0269470214844,26.46950340270996
empty,C:\Users\Light\Videos\空轨道.mp4,555,False,0.2725277245044708,398.2593994140625,7.109999656677246,424.06463623046875,26.633644104003906
empty,C:\Users\Light\Videos\空轨道.mp4,556,False,0.2678379714488983,398.271240234375,7.116386890411377,424.06195068359375,26.62837791442871
empty,C:\Users\Light\Videos\空轨道.mp4,557,False,0.28279241919517517,398.4103698730469,7.059473514556885,423.9920349121094,26.54534339904785
empty,C:\Users\Light\Videos\空轨道.mp4,558,False,0.2851581573486328,398.4110412597656,7.050621032714844,423.9806823730469,26.54364013671875
empty,C:\Users\Light\Videos\空轨道.mp4,559,False,0.28760600090026855,398.5014953613281,7.023525714874268,424.3245544433594,26.721765518188477
empty,C:\Users\Light\Videos\空轨道.mp4,560,False,0.2972492277622223,398.3287048339844,7.025374412536621,424.0769348144531,26.672595977783203
empty,C:\Users\Light\Videos\空轨道.mp4,561,False,0.2974901497364044,398.3307189941406,7.025184154510498,424.07659912109375,26.672908782958984
empty,C:\Users\Light\Videos\空轨道.mp4,562,False,0.27746573090553284,398.5008850097656,7.047785758972168,424.1216125488281,26.601865768432617
empty,C:\Users\Light\Videos\空轨道.mp4,563,False,0.24851064383983612,398.11041259765625,7.2240400314331055,423.9037170410156,26.691600799560547
empty,C:\Users\Light\Videos\空轨道.mp4,564,False,0.2524092197418213,398.11602783203125,7.214548587799072,423.8896179199219,26.688440322875977
empty,C:\Users\Light\Videos\空轨道.mp4,565,False,0.14871446788311005,397.72332763671875,7.835141658782959,424.1883544921875,27.039155960083008
empty,C:\Users\Light\Videos\空轨道.mp4,566,False,0.1430193930864334,402.6549072265625,82.72077178955078,429.85565185546875,101.4834213256836
empty,C:\Users\Light\Videos\空轨道.mp4,567,False,0.2157035768032074,402.80963134765625,83.34921264648438,429.7630310058594,102.0224838256836
empty,C:\Users\Light\Videos\空轨道.mp4,568,False,0.2177136391401291,402.809326171875,83.33502197265625,429.7736511230469,102.04513549804688
empty,C:\Users\Light\Videos\空轨道.mp4,569,False,0.33138659596443176,403.16650390625,84.3774642944336,429.3841247558594,101.65576171875
empty,C:\Users\Light\Videos\空轨道.mp4,570,False,0.22549912333488464,401.30731201171875,84.64794921875,427.8890380859375,104.47069549560547
empty,C:\Users\Light\Videos\空轨道.mp4,571,False,0.1914752870798111,401.2290954589844,84.6847915649414,427.8406982421875,104.31708526611328
empty,C:\Users\Light\Videos\空轨道.mp4,572,False,0.3020254075527191,398.4447021484375,85.18266296386719,424.4580078125,104.23284149169922
empty,C:\Users\Light\Videos\空轨道.mp4,573,False,0.5456013083457947,397.98382568359375,86.17674255371094,423.3188781738281,105.91056060791016
empty,C:\Users\Light\Videos\空轨道.mp4,574,False,0.5434602499008179,397.9232482910156,86.15813446044922,423.2896728515625,105.84341430664062
empty,C:\Users\Light\Videos\空轨道.mp4,575,False,0.5838197469711304,396.09954833984375,87.02046203613281,422.07403564453125,105.80896759033203
empty,C:\Users\Light\Videos\空轨道.mp4,576,False,0.36429792642593384,393.0400390625,88.00570678710938,419.91949462890625,105.71170043945312
empty,C:\Users\Light\Videos\空轨道.mp4,577,False,0.35205569863319397,393.01708984375,87.99371337890625,419.9240417480469,105.70347595214844
empty,C:\Users\Light\Videos\空轨道.mp4,578,False,0.24517172574996948,392.57177734375,89.33174133300781,416.6286315917969,106.77274322509766
empty,C:\Users\Light\Videos\空轨道.mp4,579,False,0.08427805453538895,282.1651916503906,3.7573070526123047,308.3980407714844,22.881895065307617
empty,C:\Users\Light\Videos\空轨道.mp4,580,False,0.08481436967849731,282.162109375,3.7558951377868652,308.3970031738281,22.885459899902344
empty,C:\Users\Light\Videos\空轨道.mp4,581,False,0.1284003108739853,282.21527099609375,3.862091541290283,308.6505432128906,22.57010841369629
empty,C:\Users\Light\Videos\空轨道.mp4,582,False,0.12687310576438904,282.1972351074219,3.875314235687256,308.6433410644531,22.574636459350586
empty,C:\Users\Light\Videos\空轨道.mp4,583,False,0.05357742682099342,282.2507019042969,3.7526791095733643,308.4907531738281,22.940950393676758
empty,C:\Users\Light\Videos\空轨道.mp4,584,False,0.07804527133703232,282.9147644042969,4.3675456047058105,308.6712646484375,23.24054527282715
empty,C:\Users\Light\Videos\空轨道.mp4,585,False,0.0793820321559906,282.9220886230469,4.333357334136963,308.6556701660156,23.21645164489746
empty,C:\Users\Light\Videos\空轨道.mp4,586,False,0.09114938974380493,282.7489013671875,3.6599185466766357,308.3744812011719,22.627819061279297
empty,C:\Users\Light\Videos\空轨道.mp4,587,False,0.08677910268306732,282.57232666015625,3.2581167221069336,309.0709228515625,20.68665885925293
empty,C:\Users\Light\Videos\空轨道.mp4,588,False,0.0869680717587471,282.5745849609375,3.257746934890747,309.07391357421875,20.68659210205078
empty,C:\Users\Light\Videos\空轨道.mp4,589,False,0.043672751635313034,282.24017333984375,5.486264228820801,308.95892333984375,24.240808486938477
empty,C:\Users\Light\Videos\空轨道.mp4,590,False,0.06770563870668411,282.5418395996094,4.163412094116211,308.67547607421875,23.0393123626709
empty,C:\Users\Light\Videos\空轨道.mp4,591,False,0.07906487584114075,282.5341491699219,3.769073247909546,308.4583435058594,22.71060562133789
empty,C:\Users\Light\Videos\空轨道.mp4,592,False,0.07627447694540024,282.5097351074219,3.8384923934936523,308.4927673339844,22.75789451599121
empty,C:\Users\Light\Videos\空轨道.mp4,593,False,0.054007094353437424,282.2379455566406,4.748516082763672,308.77728271484375,23.6015682220459
empty,C:\Users\Light\Videos\空轨道.mp4,594,False,0.06524305790662766,282.55010986328125,4.148463726043701,308.80126953125,23.033464431762695
empty,C:\Users\Light\Videos\空轨道.mp4,595,False,0.06526663154363632,282.5506896972656,4.147500038146973,308.80084228515625,23.03189468383789
empty,C:\Users\Light\Videos\空轨道.mp4,596,False,0.06595978885889053,282.7646484375,4.795602321624756,308.9146423339844,23.668466567993164
empty,C:\Users\Light\Videos\空轨道.mp4,597,False,0.07007557153701782,282.6527404785156,4.212660789489746,308.7220764160156,23.072526931762695
empty,C:\Users\Light\Videos\空轨道.mp4,598,False,0.0698167085647583,282.66656494140625,4.2559709548950195,308.7406921386719,23.116004943847656
empty,C:\Users\Light\Videos\空轨道.mp4,599,False,0.08374547958374023,282.6141662597656,3.7843801975250244,308.4031677246094,22.72752571105957
empty,C:\Users\Light\Videos\空轨道.mp4,600,False,0.14745250344276428,282.3253479003906,3.5316696166992188,308.8789978027344,21.189748764038086
empty,C:\Users\Light\Videos\空轨道.mp4,601,False,0.1470026820898056,282.3272705078125,3.5251030921936035,308.8749084472656,21.182376861572266
empty,C:\Users\Light\Videos\空轨道.mp4,602,False,0.05417520925402641,282.1181945800781,4.365069389343262,308.68115234375,23.217214584350586
empty,C:\Users\Light\Videos\空轨道.mp4,603,False,0.05681895464658737,282.166015625,4.243678092956543,308.65618896484375,23.09440040588379
empty,C:\Users\Light\Videos\空轨道.mp4,604,False,0.037312064319849014,281.9195861816406,5.72603178024292,308.8957214355469,24.48894691467285
empty,C:\Users\Light\Videos\空轨道.mp4,605,False,0.03346727043390274,281.4299011230469,5.443088531494141,308.5769348144531,24.17758560180664
empty,C:\Users\Light\Videos\空轨道.mp4,606,False,0.033481959253549576,281.4331970214844,5.439065933227539,308.5789794921875,24.174671173095703
empty,C:\Users\Light\Videos\空轨道.mp4,607,False,0.07631229609251022,282.729736328125,3.941494941711426,308.6956787109375,22.894624710083008
empty,C:\Users\Light\Videos\空轨道.mp4,608,False,0.06500730663537979,282.171142578125,2.612602710723877,308.1189880371094,20.522003173828125
empty,C:\Users\Light\Videos\空轨道.mp4,609,False,0.06453950703144073,282.18048095703125,2.626553773880005,308.13519287109375,20.518035888671875
empty,C:\Users\Light\Videos\空轨道.mp4,610,False,0.07284113764762878,282.6728515625,4.156251430511475,308.690185546875,23.075777053833008
empty,C:\Users\Light\Videos\空轨道.mp4,611,False,0.23618857562541962,282.7042236328125,3.1817612648010254,308.4867248535156,21.05023956298828
empty,C:\Users\Light\Videos\空轨道.mp4,612,False,0.23614773154258728,282.709716796875,3.1563355922698975,308.47308349609375,21.011489868164062
empty,C:\Users\Light\Videos\空轨道.mp4,613,False,0.14407028257846832,282.3590087890625,2.8541297912597656,308.4435119628906,20.53704071044922
empty,C:\Users\Light\Videos\空轨道.mp4,614,False,0.07648390531539917,282.3009338378906,3.2203872203826904,308.78912353515625,20.931928634643555
empty,C:\Users\Light\Videos\空轨道.mp4,615,False,0.11224599927663803,282.2192687988281,3.3005189895629883,308.6838684082031,20.940893173217773
empty,C:\Users\Light\Videos\空轨道.mp4,616,False,0.11454159021377563,282.23187255859375,3.2903106212615967,308.6730041503906,20.932287216186523
empty,C:\Users\Light\Videos\空轨道.mp4,617,False,0.11657687276601791,282.34710693359375,2.689204692840576,308.427978515625,20.70555305480957
empty,C:\Users\Light\Videos\空轨道.mp4,618,False,0.1723150759935379,281.4924621582031,4.070864200592041,308.62042236328125,23.37738800048828
empty,C:\Users\Light\Videos\空轨道.mp4,619,False,0.17230312526226044,281.4934997558594,4.069004058837891,308.6188049316406,23.376916885375977
empty,C:\Users\Light\Videos\空轨道.mp4,620,False,0.14869935810565948,281.5515441894531,4.2798614501953125,308.62353515625,23.091867446899414
empty,C:\Users\Light\Videos\空轨道.mp4,621,False,0.15992307662963867,398.0377502441406,84.58111572265625,423.6009521484375,102.26802062988281
empty,C:\Users\Light\Videos\空轨道.mp4,622,False,0.1680375337600708,398.0089111328125,84.60456085205078,423.6005859375,102.3177261352539
empty,C:\Users\Light\Videos\空轨道.mp4,623,False,0.05188661068677902,404.08319091796875,84.02081298828125,428.7630920410156,100.81803131103516
empty,C:\Users\Light\Videos\空轨道.mp4,624,False,0.06553150713443756,282.8027038574219,2.496971368789673,307.72576904296875,19.33059310913086
empty,C:\Users\Light\Videos\空轨道.mp4,625,False,0.06559862196445465,282.80560302734375,2.4993581771850586,307.72613525390625,19.32705307006836
empty,C:\Users\Light\Videos\空轨道.mp4,626,False,0.0340249165892601,282.349365234375,3.0802266597747803,308.37603759765625,20.555261611938477
empty,C:\Users\Light\Videos\空轨道.mp4,627,False,0.034690096974372864,282.30792236328125,3.081862688064575,308.3824768066406,20.568349838256836
empty,C:\Users\Light\Videos\空轨道.mp4,628,False,0.017254775390028954,283.5167236328125,3.365713596343994,307.6604309082031,18.75347900390625
empty,C:\Users\Light\Videos\空轨道.mp4,629,False,0.026492882519960403,395.51165771484375,13.350013732910156,420.8190002441406,31.135478973388672
empty,C:\Users\Light\Videos\空轨道.mp4,630,False,0.02646513655781746,395.5153503417969,13.34853458404541,420.7958068847656,31.13628578186035
empty,C:\Users\Light\Videos\空轨道.mp4,631,False,0.04403887316584587,395.45892333984375,12.312861442565918,422.8844909667969,31.450313568115234
empty,C:\Users\Light\Videos\空轨道.mp4,632,False,0.026725614443421364,408.4085693359375,82.91696166992188,434.5585632324219,99.93986511230469
empty,C:\Users\Light\Videos\空轨道.mp4,633,False,0.027247298508882523,408.4190979003906,82.92438507080078,434.5672302246094,99.95964813232422
empty,C:\Users\Light\Videos\空轨道.mp4,634,False,0.00891070906072855,405.28643798828125,79.26216888427734,430.8869323730469,98.19975280761719
empty,C:\Users\Light\Videos\空轨道.mp4,635,False,0.014688552357256413,403.74951171875,79.05564880371094,430.28680419921875,97.64016723632812
empty,C:\Users\Light\Videos\空轨道.mp4,636,False,0.014711708761751652,403.7483825683594,79.05416870117188,430.2935485839844,97.64115142822266
empty,C:\Users\Light\Videos\空轨道.mp4,637,False,0.13904020190238953,399.3917236328125,7.596583843231201,425.3288269042969,27.28550148010254
empty,C:\Users\Light\Videos\空轨道.mp4,638,False,0.15853218734264374,399.48590087890625,7.1568732261657715,426.0350036621094,26.08759307861328
empty,C:\Users\Light\Videos\空轨道.mp4,639,False,0.2376958280801773,399.4288024902344,6.211024761199951,426.3551330566406,25.363235473632812
empty,C:\Users\Light\Videos\空轨道.mp4,640,False,0.24374604225158691,399.42767333984375,6.219305515289307,426.318603515625,25.340442657470703
empty,C:\Users\Light\Videos\空轨道.mp4,641,False,0.25275880098342896,399.1189270019531,6.170538425445557,426.3410949707031,25.017719268798828
empty,C:\Users\Light\Videos\空轨道.mp4,642,False,0.2305457442998886,399.2011413574219,6.175211429595947,426.3227233886719,24.854610443115234
empty,C:\Users\Light\Videos\空轨道.mp4,643,False,0.23554739356040955,399.21026611328125,6.1550188064575195,426.3102722167969,24.84508514404297
empty,C:\Users\Light\Videos\空轨道.mp4,644,False,0.2183859646320343,399.185302734375,6.26820707321167,426.55206298828125,25.136186599731445
empty,C:\Users\Light\Videos\空轨道.mp4,645,False,0.25636035203933716,399.17120361328125,6.049371719360352,426.45538330078125,24.807008743286133
empty,C:\Users\Light\Videos\空轨道.mp4,646,False,0.25671494007110596,399.1781921386719,6.0481390953063965,426.4502868652344,24.79914093017578
empty,C:\Users\Light\Videos\空轨道.mp4,647,False,0.21303468942642212,399.3930969238281,6.239307880401611,426.827392578125,24.832937240600586
empty,C:\Users\Light\Videos\空轨道.mp4,648,False,0.21010297536849976,399.380126953125,6.246882915496826,426.82342529296875,24.845802307128906
empty,C:\Users\Light\Videos\空轨道.mp4,649,False,0.24822668731212616,399.22430419921875,6.22859525680542,426.4727478027344,25.07547378540039
empty,C:\Users\Light\Videos\空轨道.mp4,650,False,0.22293461859226227,398.93621826171875,6.505397796630859,426.0853271484375,25.42338752746582
empty,C:\Users\Light\Videos\空轨道.mp4,651,False,0.22202052175998688,398.93438720703125,6.510003089904785,426.0875244140625,25.428451538085938
empty,C:\Users\Light\Videos\空轨道.mp4,652,False,0.3074498474597931,399.6136474609375,6.411684513092041,425.1317443847656,26.549758911132812
empty,C:\Users\Light\Videos\空轨道.mp4,653,False,0.3306812047958374,399.3700866699219,6.7557549476623535,424.5445556640625,26.454017639160156
empty,C:\Users\Light\Videos\空轨道.mp4,654,False,0.3309750556945801,399.37261962890625,6.7556538581848145,424.5473937988281,26.45720100402832
empty,C:\Users\Light\Videos\空轨道.mp4,655,False,0.18905705213546753,398.1034240722656,7.690330505371094,423.7921142578125,26.775754928588867
empty,C:\Users\Light\Videos\空轨道.mp4,656,False,0.06540212035179138,396.2585754394531,84.61919403076172,425.2789306640625,103.66673278808594
empty,C:\Users\Light\Videos\空轨道.mp4,657,False,0.06536710262298584,396.2583923339844,84.61986541748047,425.2784729003906,103.66596984863281
empty,C:\Users\Light\Videos\空轨道.mp4,658,False,0.06491365283727646,396.9423522949219,86.62344360351562,425.1727600097656,103.89940643310547
empty,C:\Users\Light\Videos\空轨道.mp4,659,False,0.06561806052923203,396.93212890625,86.61770629882812,425.1761474609375,103.89263916015625
empty,C:\Users\Light\Videos\空轨道.mp4,660,False,0.1547047197818756,281.33416748046875,1.7618343830108643,307.0914306640625,19.640811920166016
empty,C:\Users\Light\Videos\空轨道.mp4,661,False,0.18984784185886383,281.74517822265625,2.399717330932617,307.581298828125,20.238073348999023
empty,C:\Users\Light\Videos\空轨道.mp4,662,False,0.04575088247656822,389.05682373046875,90.98883819580078,416.9693298339844,108.21585845947266
empty,C:\Users\Light\Videos\空轨道.mp4,663,False,0.17807582020759583,281.7875671386719,2.0324738025665283,307.3011779785156,19.820079803466797
empty,C:\Users\Light\Videos\空轨道.mp4,664,False,0.16925986111164093,281.6503601074219,2.006521463394165,307.2504577636719,19.81658363342285
empty,C:\Users\Light\Videos\空轨道.mp4,665,False,0.1949758678674698,281.39300537109375,1.9232858419418335,307.0527038574219,19.9272518157959
empty,C:\Users\Light\Videos\空轨道.mp4,666,False,0.21313795447349548,282.0010986328125,2.2322933673858643,307.3197326660156,19.955421447753906
empty,C:\Users\Light\Videos\空轨道.mp4,667,False,0.21439129114151,282.011474609375,2.2352404594421387,307.3277587890625,19.952442169189453
empty,C:\Users\Light\Videos\空轨道.mp4,668,False,0.12169986218214035,281.8827209472656,2.4631190299987793,307.4398193359375,19.916046142578125
empty,C:\Users\Light\Videos\空轨道.mp4,669,False,0.21464000642299652,281.7569885253906,2.456899881362915,307.2947998046875,19.904705047607422
empty,C:\Users\Light\Videos\空轨道.mp4,670,False,0.21427027881145477,281.7575988769531,2.460709810256958,307.29608154296875,19.90394401550293
empty,C:\Users\Light\Videos\空轨道.mp4,671,False,0.23661762475967407,281.572998046875,2.1176257133483887,307.0046081542969,19.981666564941406
empty,C:\Users\Light\Videos\空轨道.mp4,672,False,0.23349936306476593,281.5611877441406,2.1301424503326416,307.0187072753906,19.994014739990234
empty,C:\Users\Light\Videos\空轨道.mp4,673,False,0.12923939526081085,281.4980773925781,3.872680902481079,308.21612548828125,22.780282974243164
empty,C:\Users\Light\Videos\空轨道.mp4,674,False,0.17258964478969574,281.8602600097656,2.797978162765503,307.7862243652344,20.457212448120117
empty,C:\Users\Light\Videos\空轨道.mp4,675,False,0.172548308968544,281.8599548339844,2.7981350421905518,307.7845153808594,20.455778121948242
empty,C:\Users\Light\Videos\空轨道.mp4,676,False,0.0914992019534111,282.5862731933594,3.746303081512451,308.15789794921875,22.746015548706055
empty,C:\Users\Light\Videos\空轨道.mp4,677,False,0.1837548464536667,281.79473876953125,2.3011186122894287,307.3027648925781,19.85916519165039
empty,C:\Users\Light\Videos\空轨道.mp4,678,False,0.18524904549121857,281.7898254394531,2.2789313793182373,307.27947998046875,19.839824676513672
empty,C:\Users\Light\Videos\空轨道.mp4,679,False,0.121421679854393,281.8460693359375,3.0045323371887207,308.0141906738281,20.64517593383789
empty,C:\Users\Light\Videos\空轨道.mp4,680,False,0.13048991560935974,281.6148376464844,2.691244125366211,307.58038330078125,20.3196964263916
empty,C:\Users\Light\Videos\空轨道.mp4,681,False,0.12852144241333008,281.6114196777344,2.6856749057769775,307.583984375,20.317768096923828
empty,C:\Users\Light\Videos\空轨道.mp4,682,False,0.10082025825977325,281.4648742675781,2.7072346210479736,307.6948547363281,20.459991455078125
empty,C:\Users\Light\Videos\空轨道.mp4,683,False,0.1016419306397438,281.471435546875,2.711167812347412,307.69580078125,20.456249237060547
empty,C:\Users\Light\Videos\空轨道.mp4,684,False,0.09196478873491287,281.47991943359375,2.5473744869232178,307.6811218261719,20.335697174072266
empty,C:\Users\Light\Videos\空轨道.mp4,685,False,0.20497941970825195,281.7357177734375,2.6968133449554443,307.5408630371094,20.618820190429688
empty,C:\Users\Light\Videos\空轨道.mp4,686,False,0.07882208377122879,281.8934326171875,3.6419334411621094,307.8083801269531,22.551551818847656
empty,C:\Users\Light\Videos\空轨道.mp4,687,False,0.10494817793369293,281.4476318359375,2.928457021713257,307.7623291015625,20.64199447631836
empty,C:\Users\Light\Videos\空轨道.mp4,688,False,0.10384759306907654,281.44439697265625,2.935662269592285,307.76385498046875,20.642105102539062
empty,C:\Users\Light\Videos\空轨道.mp4,689,False,0.11180660873651505,281.43206787109375,2.5240890979766846,307.5924987792969,20.261919021606445
empty,C:\Users\Light\Videos\空轨道.mp4,690,False,0.13946770131587982,281.593017578125,2.5462875366210938,307.7258605957031,20.424625396728516
empty,C:\Users\Light\Videos\空轨道.mp4,691,False,0.1389293223619461,281.5941467285156,2.557067394256592,307.7387390136719,20.442623138427734
empty,C:\Users\Light\Videos\空轨道.mp4,692,False,0.06760187447071075,281.9065856933594,3.843512535095215,308.0678405761719,22.682950973510742
empty,C:\Users\Light\Videos\空轨道.mp4,693,False,0.06704249233007431,281.89276123046875,3.868781328201294,308.0709533691406,22.705652236938477
empty,C:\Users\Light\Videos\空轨道.mp4,694,False,0.1805272102355957,281.3463134765625,2.5410656929016113,307.3260498046875,20.423349380493164
empty,C:\Users\Light\Videos\空轨道.mp4,695,False,0.073128342628479,281.5740051269531,3.450540542602539,307.6353454589844,22.319416046142578
empty,C:\Users\Light\Videos\空轨道.mp4,696,False,0.0732395276427269,281.57373046875,3.44565486907959,307.63385009765625,22.315919876098633
empty,C:\Users\Light\Videos\空轨道.mp4,697,False,0.15891185402870178,281.4374084472656,2.517836332321167,307.4270935058594,20.278751373291016
empty,C:\Users\Light\Videos\空轨道.mp4,698,False,0.18808169662952423,281.7225646972656,2.3360915184020996,307.3308410644531,20.186147689819336
empty,C:\Users\Light\Videos\空轨道.mp4,699,False,0.19802045822143555,281.7718811035156,2.3438234329223633,307.3155212402344,20.17935562133789
empty,C:\Users\Light\Videos\空轨道.mp4,700,False,0.16317491233348846,281.257568359375,2.2059264183044434,307.0775451660156,19.946435928344727
empty,C:\Users\Light\Videos\空轨道.mp4,701,False,0.17546582221984863,281.41632080078125,2.1350057125091553,306.96728515625,19.863693237304688
empty,C:\Users\Light\Videos\空轨道.mp4,702,False,0.17539134621620178,281.4186706542969,2.1314311027526855,306.9626159667969,19.858806610107422
empty,C:\Users\Light\Videos\空轨道.mp4,703,False,0.10912621766328812,281.29046630859375,2.6305429935455322,307.590576171875,20.494169235229492
empty,C:\Users\Light\Videos\空轨道.mp4,704,False,0.10915482044219971,281.2861328125,2.631898880004883,307.5858459472656,20.493608474731445
empty,C:\Users\Light\Videos\空轨道.mp4,705,False,0.12671802937984467,281.4614562988281,2.648707389831543,307.5691223144531,20.415348052978516
empty,C:\Users\Light\Videos\空轨道.mp4,706,False,0.13664603233337402,281.316162109375,2.528907537460327,307.3745422363281,20.033817291259766
empty,C:\Users\Light\Videos\空轨道.mp4,707,False,0.13535058498382568,281.31103515625,2.526094913482666,307.3726501464844,20.0357666015625
empty,C:\Users\Light\Videos\空轨道.mp4,708,False,0.14709492027759552,281.47186279296875,2.529803991317749,307.522216796875,20.259767532348633
empty,C:\Users\Light\Videos\空轨道.mp4,709,False,0.1455923467874527,281.32318115234375,2.088524580001831,307.1851501464844,19.95067024230957
empty,C:\Users\Light\Videos\空轨道.mp4,710,False,0.13969628512859344,281.64654541015625,2.741636037826538,307.8208923339844,20.505037307739258
empty,C:\Users\Light\Videos\空轨道.mp4,711,False,0.12273281812667847,281.3084716796875,2.994828224182129,307.8987731933594,20.765233993530273
empty,C:\Users\Light\Videos\空轨道.mp4,712,False,0.12257575988769531,281.3079833984375,2.9958479404449463,307.89495849609375,20.76214027404785
empty,C:\Users\Light\Videos\空轨道.mp4,713,False,0.09987541288137436,283.824951171875,2.9073007106781006,309.3491516113281,24.10483741760254
empty,C:\Users\Light\Videos\空轨道.mp4,714,False,0.1277157962322235,281.1991271972656,2.3192942142486572,307.510498046875,20.33123779296875
empty,C:\Users\Light\Videos\空轨道.mp4,715,False,0.1289631873369217,281.20318603515625,2.316941022872925,307.5085144042969,20.328594207763672
empty,C:\Users\Light\Videos\空轨道.mp4,716,False,0.17020763456821442,281.72576904296875,2.563398599624634,307.776611328125,20.68849754333496
empty,C:\Users\Light\Videos\空轨道.mp4,717,False,0.17255514860153198,281.7322998046875,2.559936046600342,307.7702941894531,20.688251495361328
empty,C:\Users\Light\Videos\空轨道.mp4,718,False,0.07857321947813034,282.4503173828125,3.8478939533233643,308.39239501953125,23.061948776245117
empty,C:\Users\Light\Videos\空轨道.mp4,719,False,0.03378405421972275,282.3133544921875,3.966270685195923,308.5444641113281,23.566516876220703
empty,C:\Users\Light\Videos\空轨道.mp4,720,False,0.03378730267286301,282.31488037109375,3.9710443019866943,308.5498046875,23.570573806762695
empty,C:\Users\Light\Videos\空轨道.mp4,721,False,0.05451048165559769,281.79705810546875,2.6087143421173096,307.8182067871094,20.236034393310547
empty,C:\Users\Light\Videos\空轨道.mp4,722,False,0.09361746907234192,398.87786865234375,88.65108489990234,427.39398193359375,105.97577667236328
empty,C:\Users\Light\Videos\空轨道.mp4,723,False,0.0936131551861763,398.8834228515625,88.65404510498047,427.39990234375,105.97640228271484
empty,C:\Users\Light\Videos\空轨道.mp4,724,False,0.033209748566150665,282.35943603515625,2.948235034942627,308.04638671875,20.47355079650879
empty,C:\Users\Light\Videos\空轨道.mp4,725,False,0.029493136331439018,281.2838134765625,3.066936731338501,308.22515869140625,20.776662826538086
empty,C:\Users\Light\Videos\空轨道.mp4,726,False,0.02899639867246151,281.27105712890625,3.085493326187134,308.2394714355469,20.79463768005371
empty,C:\Users\Light\Videos\空轨道.mp4,727,False,0.02160712517797947,404.8607177734375,88.54595184326172,433.7784423828125,106.91806030273438
empty,C:\Users\Light\Videos\空轨道.mp4,728,False,0.02272079512476921,404.8413391113281,88.53829193115234,433.8229064941406,106.90206146240234
empty,C:\Users\Light\Videos\空轨道.mp4,729,False,0.05671599507331848,395.3694152832031,13.11496353149414,421.5573425292969,31.094242095947266
empty,C:\Users\Light\Videos\空轨道.mp4,730,False,0.08143641799688339,395.1974792480469,12.4605073928833,422.4125671386719,30.924409866333008
empty,C:\Users\Light\Videos\空轨道.mp4,731,False,0.08129721879959106,395.19415283203125,12.46102237701416,422.40771484375,30.921428680419922
empty,C:\Users\Light\Videos\空轨道.mp4,732,False,0.07556195557117462,395.6656494140625,12.36882209777832,422.6293640136719,31.290454864501953
empty,C:\Users\Light\Videos\空轨道.mp4,733,False,0.1647193878889084,395.64019775390625,11.666831970214844,422.64971923828125,30.77438735961914
empty,C:\Users\Light\Videos\空轨道.mp4,734,False,0.10930038243532181,395.6028137207031,11.922321319580078,423.0127868652344,31.103206634521484
empty,C:\Users\Light\Videos\空轨道.mp4,735,False,0.11077634245157242,395.6127624511719,11.945673942565918,422.9277038574219,31.049375534057617
empty,C:\Users\Light\Videos\空轨道.mp4,736,False,0.10956882685422897,395.6036071777344,11.946928977966309,422.9420471191406,31.05645751953125
empty,C:\Users\Light\Videos\空轨道.mp4,737,False,0.11132574826478958,395.7074890136719,11.880165100097656,423.12579345703125,31.145767211914062
empty,C:\Users\Light\Videos\空轨道.mp4,738,False,0.11390147358179092,395.7479553222656,11.889219284057617,423.1287841796875,31.152849197387695
empty,C:\Users\Light\Videos\空轨道.mp4,739,False,0.10962215811014175,395.71142578125,11.988524436950684,423.0762023925781,31.071876525878906
empty,C:\Users\Light\Videos\空轨道.mp4,740,False,0.07203492522239685,395.2342224121094,12.095829963684082,423.0463562011719,31.070127487182617
empty,C:\Users\Light\Videos\空轨道.mp4,741,False,0.07429737597703934,395.2363586425781,12.082562446594238,423.0416564941406,31.051122665405273
empty,C:\Users\Light\Videos\空轨道.mp4,742,False,0.07476304471492767,395.1853942871094,12.346141815185547,422.641357421875,31.20703887939453
empty,C:\Users\Light\Videos\空轨道.mp4,743,False,0.09952568262815475,394.97235107421875,12.038837432861328,422.6062316894531,30.881492614746094
empty,C:\Users\Light\Videos\空轨道.mp4,744,False,0.10470215976238251,394.9721984863281,12.000200271606445,422.59552001953125,30.815065383911133
empty,C:\Users\Light\Videos\空轨道.mp4,745,False,0.05691010504961014,280.8360900878906,1.3188741207122803,306.1869201660156,20.605329513549805
empty,C:\Users\Light\Videos\空轨道.mp4,746,False,0.126501202583313,280.8708801269531,2.3192381858825684,307.4071350097656,20.486818313598633
empty,C:\Users\Light\Videos\空轨道.mp4,747,False,0.12593066692352295,280.85211181640625,2.3110692501068115,307.3927307128906,20.481775283813477
empty,C:\Users\Light\Videos\空轨道.mp4,748,False,0.10730182379484177,281.2333679199219,2.5674102306365967,307.6167297363281,20.261247634887695
empty,C:\Users\Light\Videos\空轨道.mp4,749,False,0.10566622763872147,281.2366027832031,2.58148455619812,307.62896728515625,20.26297378540039
empty,C:\Users\Light\Videos\空轨道.mp4,750,False,0.09409632533788681,281.203857421875,2.6770689487457275,307.6957702636719,20.664024353027344
empty,C:\Users\Light\Videos\空轨道.mp4,751,False,0.0779712125658989,281.32373046875,2.8206920623779297,307.7327575683594,20.519649505615234
empty,C:\Users\Light\Videos\空轨道.mp4,752,False,0.07910887151956558,281.3267517089844,2.827695608139038,307.73162841796875,20.51814842224121
empty,C:\Users\Light\Videos\空轨道.mp4,753,False,0.08080504834651947,281.6812744140625,2.463981866836548,307.4715881347656,20.09394645690918
empty,C:\Users\Light\Videos\空轨道.mp4,754,False,0.0996752381324768,281.7777404785156,2.4946181774139404,307.5913391113281,20.04775619506836
empty,C:\Users\Light\Videos\空轨道.mp4,755,False,0.10124196112155914,281.77142333984375,2.4728119373321533,307.57208251953125,20.026376724243164
empty,C:\Users\Light\Videos\空轨道.mp4,756,False,0.12861420214176178,281.30914306640625,2.5637011528015137,307.54925537109375,20.201297760009766
empty,C:\Users\Light\Videos\空轨道.mp4,757,False,0.11601975560188293,281.7774353027344,2.4561939239501953,307.5829772949219,20.020593643188477
empty,C:\Users\Light\Videos\空轨道.mp4,758,False,0.09536274522542953,281.53521728515625,2.409174919128418,307.5047607421875,20.0213565826416
empty,C:\Users\Light\Videos\空轨道.mp4,759,False,0.08870728313922882,281.75396728515625,4.042088031768799,308.1736145019531,23.071205139160156
empty,C:\Users\Light\Videos\空轨道.mp4,760,False,0.08941274881362915,281.7500915527344,4.037034511566162,308.16876220703125,23.06983757019043
empty,C:\Users\Light\Videos\空轨道.mp4,761,False,0.09157150983810425,281.5769958496094,4.077296257019043,308.1788024902344,22.944826126098633
empty,C:\Users\Light\Videos\空轨道.mp4,762,False,0.0914045125246048,281.57611083984375,4.076735973358154,308.1778869628906,22.94713592529297
empty,C:\Users\Light\Videos\空轨道.mp4,763,False,0.09746837615966797,282.35211181640625,3.3336429595947266,307.6267395019531,22.28001594543457
empty,C:\Users\Light\Videos\空轨道.mp4,764,False,0.15069033205509186,281.83294677734375,2.5570449829101562,307.60845947265625,20.15851402282715
empty,C:\Users\Light\Videos\空轨道.mp4,765,False,0.1463196873664856,281.81683349609375,2.6022486686706543,307.64361572265625,20.20389747619629
empty,C:\Users\Light\Videos\空轨道.mp4,766,False,0.14847809076309204,282.0010986328125,2.593172073364258,307.5213928222656,20.080387115478516
empty,C:\Users\Light\Videos\空轨道.mp4,767,False,0.06264664232730865,282.3301696777344,4.117379188537598,308.5881652832031,22.98232078552246
empty,C:\Users\Light\Videos\空轨道.mp4,768,False,0.06311243772506714,281.5647277832031,2.8450419902801514,307.9725646972656,20.585023880004883
empty,C:\Users\Light\Videos\空轨道.mp4,769,False,0.13644705712795258,282.1173400878906,2.9876229763031006,307.9313659667969,20.515907287597656
empty,C:\Users\Light\Videos\空轨道.mp4,770,False,0.20504094660282135,281.70623779296875,2.3009729385375977,307.1484680175781,19.97272300720215
empty,C:\Users\Light\Videos\空轨道.mp4,771,False,0.20236533880233765,281.7135925292969,2.3157083988189697,307.17279052734375,19.972633361816406
empty,C:\Users\Light\Videos\空轨道.mp4,772,False,0.17698587477207184,282.0705261230469,2.747832775115967,307.6970520019531,20.435272216796875
empty,C:\Users\Light\Videos\空轨道.mp4,773,False,0.17635856568813324,282.06781005859375,2.748863697052002,307.6994323730469,20.437467575073242
empty,C:\Users\Light\Videos\空轨道.mp4,774,False,0.11641684919595718,281.6025390625,2.280040740966797,307.1907043457031,19.880165100097656
empty,C:\Users\Light\Videos\空轨道.mp4,775,False,0.15083108842372894,281.2665100097656,2.1655187606811523,306.9669494628906,19.7288875579834
empty,C:\Users\Light\Videos\空轨道.mp4,776,False,0.15112638473510742,281.2611083984375,2.1612493991851807,306.9642028808594,19.728551864624023
empty,C:\Users\Light\Videos\空轨道.mp4,777,False,0.12179603427648544,281.6003723144531,2.584319591522217,307.4851989746094,20.283905029296875
empty,C:\Users\Light\Videos\空轨道.mp4,778,False,0.08829350769519806,281.7096862792969,2.740806818008423,307.8053283691406,20.36373519897461
empty,C:\Users\Light\Videos\空轨道.mp4,779,False,0.08813206851482391,281.7084655761719,2.7402689456939697,307.80499267578125,20.363845825195312
empty,C:\Users\Light\Videos\空轨道.mp4,780,False,0.14789548516273499,281.9262390136719,2.48465633392334,307.3241882324219,19.994911193847656
empty,C:\Users\Light\Videos\空轨道.mp4,781,False,0.0636187419295311,282.1173400878906,3.903193950653076,308.4319763183594,22.77458953857422
empty,C:\Users\Light\Videos\空轨道.mp4,782,False,0.12544646859169006,281.6812744140625,2.5734949111938477,307.58721923828125,20.259140014648438
empty,C:\Users\Light\Videos\空轨道.mp4,783,False,0.1274026334285736,281.68798828125,2.5692927837371826,307.5963439941406,20.26848602294922
empty,C:\Users\Light\Videos\空轨道.mp4,784,False,0.09388089925050735,281.4642639160156,2.503549098968506,307.4492492675781,20.18345832824707
empty,C:\Users\Light\Videos\空轨道.mp4,785,False,0.10714217275381088,281.3609619140625,2.4697303771972656,307.31695556640625,20.131126403808594
empty,C:\Users\Light\Videos\空轨道.mp4,786,False,0.10578034818172455,281.3523254394531,2.473809242248535,307.31756591796875,20.123058319091797
empty,C:\Users\Light\Videos\空轨道.mp4,787,False,0.09373588114976883,281.6112976074219,2.9077937602996826,307.84857177734375,20.45600128173828
empty,C:\Users\Light\Videos\空轨道.mp4,788,False,0.08967931568622589,281.28387451171875,2.7216787338256836,307.5989990234375,20.405261993408203
empty,C:\Users\Light\Videos\空轨道.mp4,789,False,0.0891202911734581,281.29180908203125,2.7373106479644775,307.6085510253906,20.41575050354004
empty,C:\Users\Light\Videos\空轨道.mp4,790,False,0.06508159637451172,282.1305847167969,3.9543702602386475,308.3700866699219,22.826025009155273
empty,C:\Users\Light\Videos\空轨道.mp4,791,False,0.09113063663244247,281.31207275390625,2.684666395187378,307.6590881347656,20.50783920288086
empty,C:\Users\Light\Videos\空轨道.mp4,792,False,0.09118463099002838,281.31317138671875,2.6824140548706055,307.6571350097656,20.504545211791992
empty,C:\Users\Light\Videos\空轨道.mp4,793,False,0.1094396635890007,281.4628601074219,2.4846787452697754,307.4715881347656,20.097488403320312
empty,C:\Users\Light\Videos\空轨道.mp4,794,False,0.10714919865131378,281.4881591796875,2.48415207862854,307.4873352050781,20.102014541625977
empty,C:\Users\Light\Videos\空轨道.mp4,795,False,0.08580051362514496,281.3238220214844,2.4637577533721924,307.3945617675781,20.10909652709961
empty,C:\Users\Light\Videos\空轨道.mp4,796,False,0.12199901789426804,281.6172790527344,2.542320728302002,307.586181640625,20.397127151489258
empty,C:\Users\Light\Videos\空轨道.mp4,797,False,0.12506480515003204,281.68023681640625,2.6180262565612793,307.67193603515625,20.467857360839844
empty,C:\Users\Light\Videos\空轨道.mp4,798,False,0.0832783654332161,281.5007629394531,2.7224855422973633,307.8030090332031,20.604768753051758
empty,C:\Users\Light\Videos\空轨道.mp4,799,False,0.0830092802643776,281.3223571777344,2.5684635639190674,307.5674743652344,20.22928810119629
empty,C:\Users\Light\Videos\空轨道.mp4,800,False,0.08213572204113007,281.339111328125,2.617398738861084,307.61663818359375,20.276779174804688
empty,C:\Users\Light\Videos\空轨道.mp4,801,False,0.19809851050376892,281.6836853027344,2.2389047145843506,307.13140869140625,20.063533782958984
empty,C:\Users\Light\Videos\空轨道.mp4,802,False,0.19319546222686768,281.6394958496094,2.629568099975586,307.3883972167969,20.149682998657227
empty,C:\Users\Light\Videos\空轨道.mp4,803,False,0.19298526644706726,281.63201904296875,2.6269683837890625,307.38519287109375,20.150535583496094
empty,C:\Users\Light\Videos\空轨道.mp4,804,False,0.2226954698562622,281.982177734375,2.385777473449707,307.3798828125,20.03305435180664
empty,C:\Users\Light\Videos\空轨道.mp4,805,False,0.11103522032499313,281.4538879394531,2.7772364616394043,307.7811584472656,20.745399475097656
empty,C:\Users\Light\Videos\空轨道.mp4,806,False,0.19579187035560608,281.3918762207031,2.0275769233703613,306.9844665527344,20.130252838134766
empty,C:\Users\Light\Videos\空轨道.mp4,807,False,0.19750501215457916,281.3931884765625,2.0272743701934814,306.9863586425781,20.13681983947754
empty,C:\Users\Light\Videos\空轨道.mp4,808,False,0.15253232419490814,281.9092102050781,2.838834047317505,308.0550231933594,20.6370849609375
empty,C:\Users\Light\Videos\空轨道.mp4,809,False,0.165872260928154,281.55078125,2.6220827102661133,307.5368957519531,20.557525634765625
empty,C:\Users\Light\Videos\空轨道.mp4,810,False,0.16596107184886932,281.54937744140625,2.6221835613250732,307.53826904296875,20.566556930541992
empty,C:\Users\Light\Videos\空轨道.mp4,811,False,0.12498529255390167,281.2203063964844,2.635350227355957,307.74127197265625,20.639236450195312
empty,C:\Users\Light\Videos\空轨道.mp4,812,False,0.08849146217107773,281.5081787109375,4.102665901184082,308.2752380371094,23.607440948486328
empty,C:\Users\Light\Videos\空轨道.mp4,813,False,0.08536232262849808,281.5379333496094,4.073643207550049,308.2516174316406,23.57900047302246
empty,C:\Users\Light\Videos\空轨道.mp4,814,False,0.10212548822164536,282.04583740234375,2.433894634246826,307.7627258300781,20.25472640991211
empty,C:\Users\Light\Videos\空轨道.mp4,815,False,0.024047451093792915,281.3397216796875,3.178029775619507,308.5198974609375,21.038360595703125
empty,C:\Users\Light\Videos\空轨道.mp4,816,False,0.02416910044848919,281.34637451171875,3.1667792797088623,308.50897216796875,21.027828216552734
empty,C:\Users\Light\Videos\空轨道.mp4,817,False,0.04753769189119339,281.787109375,2.7932045459747314,308.074951171875,20.60611343383789
empty,C:\Users\Light\Videos\空轨道.mp4,818,False,0.047681424766778946,281.7879943847656,2.8128256797790527,308.0890197753906,20.617116928100586
empty,C:\Users\Light\Videos\空轨道.mp4,819,False,0.04636840149760246,280.40020751953125,2.4086034297943115,307.8038330078125,20.78925895690918
empty,C:\Users\Light\Videos\空轨道.mp4,820,False,0.007635496556758881,396.1705017089844,10.232192039489746,423.1450500488281,31.086668014526367
empty,C:\Users\Light\Videos\空轨道.mp4,821,False,0.009326284751296043,396.0478515625,10.378000259399414,423.2093505859375,31.004955291748047
empty,C:\Users\Light\Videos\空轨道.mp4,822,False,0.06397268176078796,399.175048828125,8.171558380126953,425.5495300292969,27.601255416870117
empty,C:\Users\Light\Videos\空轨道.mp4,823,False,0.2714214026927948,399.9326477050781,6.401128768920898,426.5244140625,25.688512802124023
empty,C:\Users\Light\Videos\空轨道.mp4,824,False,0.29817602038383484,400.013671875,6.3569560050964355,426.56280517578125,25.69767951965332
empty,C:\Users\Light\Videos\空轨道.mp4,825,False,0.2823764681816101,401.0839538574219,5.045948505401611,427.9034423828125,24.347015380859375
empty,C:\Users\Light\Videos\空轨道.mp4,826,False,0.14979587495326996,281.5504455566406,0.05062723159790039,306.43084716796875,18.902694702148438
empty,C:\Users\Light\Videos\空轨道.mp4,827,False,0.14635251462459564,281.5598449707031,0.10273361206054688,306.484619140625,18.769681930541992
empty,C:\Users\Light\Videos\空轨道.mp4,828,False,0.3808956444263458,281.14349365234375,0.16986680030822754,306.7292785644531,19.542896270751953
empty,C:\Users\Light\Videos\空轨道.mp4,829,False,0.30880531668663025,280.92987060546875,0.23925234377384186,306.6770935058594,19.659839630126953
empty,C:\Users\Light\Videos\空轨道.mp4,830,False,0.38086721301078796,280.9793395996094,0.1813526153564453,306.94293212890625,19.560937881469727
empty,C:\Users\Light\Videos\空轨道.mp4,831,False,0.3843870759010315,280.9819030761719,0.18451261520385742,306.9466247558594,19.564590454101562
empty,C:\Users\Light\Videos\空轨道.mp4,832,False,0.3056931495666504,281.5019226074219,0.21644878387451172,306.93060302734375,19.283843994140625
empty,C:\Users\Light\Videos\空轨道.mp4,833,False,0.36661627888679504,281.5360412597656,0.7523152828216553,307.681640625,19.7814884185791
empty,C:\Users\Light\Videos\空轨道.mp4,834,False,0.3677240014076233,281.543212890625,0.7570440769195557,307.6856689453125,19.799686431884766
empty,C:\Users\Light\Videos\空轨道.mp4,835,False,0.4818427860736847,281.0882568359375,0.9174981117248535,307.3079833984375,20.6250057220459
empty,C:\Users\Light\Videos\空轨道.mp4,836,False,0.3856048583984375,401.68511962890625,6.244540691375732,428.2772521972656,25.79189682006836
empty,C:\Users\Light\Videos\空轨道.mp4,837,False,0.3984314501285553,401.7256774902344,6.2126383781433105,428.2637634277344,25.79366683959961
empty,C:\Users\Light\Videos\空轨道.mp4,838,False,0.44583937525749207,280.953857421875,1.2801921367645264,307.6289978027344,20.928007125854492
empty,C:\Users\Light\Videos\空轨道.mp4,839,False,0.4440726637840271,280.94940185546875,1.2798895835876465,307.625,20.921911239624023
empty,C:\Users\Light\Videos\空轨道.mp4,840,False,0.5230987668037415,281.34820556640625,1.306917667388916,307.24664306640625,20.954362869262695
empty,C:\Users\Light\Videos\空轨道.mp4,841,False,0.49272119998931885,281.4029235839844,1.6917765140533447,307.43634033203125,21.126728057861328
empty,C:\Users\Light\Videos\空轨道.mp4,842,False,0.4926617443561554,281.41876220703125,1.6959786415100098,307.4356384277344,21.124061584472656
empty,C:\Users\Light\Videos\空轨道.mp4,843,False,0.5012127757072449,281.45166015625,1.8162715435028076,307.4839172363281,21.288673400878906
empty,C:\Users\Light\Videos\空轨道.mp4,844,False,0.5349814295768738,281.76165771484375,1.9191285371780396,307.5960693359375,21.317852020263672
empty,C:\Users\Light\Videos\空轨道.mp4,845,False,0.5347583293914795,281.7606201171875,1.9191845655441284,307.5956726074219,21.318748474121094
empty,C:\Users\Light\Videos\空轨道.mp4,846,False,0.5257667899131775,281.8265075683594,1.6465952396392822,307.3641357421875,20.93587303161621
empty,C:\Users\Light\Videos\空轨道.mp4,847,False,0.5248681306838989,281.6602478027344,1.786677360534668,307.5362548828125,21.08091926574707
empty,C:\Users\Light\Videos\空轨道.mp4,848,False,0.5238732099533081,281.66522216796875,1.7924482822418213,307.53558349609375,21.077625274658203
empty,C:\Users\Light\Videos\空轨道.mp4,849,False,0.5392345190048218,281.783203125,1.9307600259780884,307.6767272949219,21.20057487487793
empty,C:\Users\Light\Videos\空轨道.mp4,850,False,0.5320905447006226,281.86474609375,2.017547845840454,307.7342529296875,21.575695037841797
empty,C:\Users\Light\Videos\空轨道.mp4,851,False,0.5321703553199768,281.86102294921875,2.013749122619629,307.7377014160156,21.57387924194336
empty,C:\Users\Light\Videos\空轨道.mp4,852,False,0.5769957304000854,281.6501770019531,1.7438716888427734,307.4403381347656,21.654470443725586
empty,C:\Users\Light\Videos\空轨道.mp4,853,False,0.5757906436920166,282.17828369140625,2.01112699508667,307.9130554199219,21.743331909179688
empty,C:\Users\Light\Videos\空轨道.mp4,854,False,0.5410040616989136,281.65203857421875,1.8472328186035156,307.630615234375,21.201448440551758
empty,C:\Users\Light\Videos\空轨道.mp4,855,False,0.5425257682800293,281.6723937988281,1.8567688465118408,307.6392517089844,21.209875106811523
empty,C:\Users\Light\Videos\空轨道.mp4,856,False,0.5166064500808716,281.63031005859375,1.7844250202178955,307.593505859375,20.9518985748291
empty,C:\Users\Light\Videos\空轨道.mp4,857,False,0.47584882378578186,281.63134765625,2.1385467052459717,307.7508850097656,21.31915283203125
empty,C:\Users\Light\Videos\空轨道.mp4,858,False,0.4758444130420685,281.6328430175781,2.138580322265625,307.75018310546875,21.318077087402344
empty,C:\Users\Light\Videos\空轨道.mp4,859,False,0.53741854429245,281.6522216796875,1.8816454410552979,307.68658447265625,21.524126052856445
empty,C:\Users\Light\Videos\空轨道.mp4,860,False,0.5389021039009094,281.7458801269531,1.869420051574707,307.6734313964844,21.362316131591797
empty,C:\Users\Light\Videos\空轨道.mp4,861,False,0.5396222472190857,281.7544860839844,1.8698010444641113,307.6808776855469,21.3707218170166
empty,C:\Users\Light\Videos\空轨道.mp4,862,False,0.5949504375457764,282.1514892578125,1.9981173276901245,307.8288269042969,21.451446533203125
empty,C:\Users\Light\Videos\空轨道.mp4,863,False,0.5950192213058472,282.15582275390625,2.001277208328247,307.8294677734375,21.454471588134766
empty,C:\Users\Light\Videos\空轨道.mp4,864,False,0.48970791697502136,281.7928466796875,2.036485433578491,307.8932189941406,21.264020919799805
empty,C:\Users\Light\Videos\空轨道.mp4,865,False,0.531771183013916,282.4138488769531,2.3338840007781982,308.666259765625,21.72504425048828
empty,C:\Users\Light\Videos\空轨道.mp4,866,False,0.5313668251037598,282.4132080078125,2.335026979446411,308.6645202636719,21.72414779663086
empty,C:\Users\Light\Videos\空轨道.mp4,867,False,0.4797259271144867,281.955810546875,2.003664016723633,308.25726318359375,21.241653442382812
empty,C:\Users\Light\Videos\空轨道.mp4,868,False,0.5025242567062378,281.8783874511719,2.095853090286255,308.3257141113281,21.635534286499023
empty,C:\Users\Light\Videos\空轨道.mp4,869,False,0.5012235045433044,281.8783264160156,2.100649118423462,308.3328857421875,21.631790161132812
empty,C:\Users\Light\Videos\空轨道.mp4,870,False,0.5144073963165283,282.15447998046875,2.144754648208618,308.29296875,21.418861389160156
empty,C:\Users\Light\Videos\空轨道.mp4,871,False,0.5532052516937256,282.1484680175781,1.9628194570541382,308.02703857421875,21.369108200073242
empty,C:\Users\Light\Videos\空轨道.mp4,872,False,0.5528613328933716,282.1429138183594,1.9651390314102173,308.023193359375,21.37188720703125
empty,C:\Users\Light\Videos\空轨道.mp4,873,False,0.4651597738265991,282.8300476074219,1.5969877243041992,308.2261657714844,20.9945011138916
empty,C:\Users\Light\Videos\空轨道.mp4,874,False,0.46162307262420654,282.8084716796875,1.590073823928833,308.2092590332031,20.962364196777344
empty,C:\Users\Light\Videos\空轨道.mp4,875,False,0.4473705589771271,282.2893981933594,1.6187939643859863,308.09466552734375,21.295642852783203
empty,C:\Users\Light\Videos\空轨道.mp4,876,False,0.5183799266815186,281.5183410644531,1.5120038986206055,308.04638671875,21.208574295043945
empty,C:\Users\Light\Videos\空轨道.mp4,877,False,0.4917484521865845,281.86505126953125,1.7623834609985352,308.46112060546875,21.611530303955078
empty,C:\Users\Light\Videos\空轨道.mp4,878,False,0.5344399809837341,281.7597351074219,1.7269287109375,308.3674621582031,21.615833282470703
empty,C:\Users\Light\Videos\空轨道.mp4,879,False,0.5324323773384094,281.766357421875,1.7315454483032227,308.3970642089844,21.617536544799805
empty,C:\Users\Light\Videos\空轨道.mp4,880,False,0.5692424774169922,403.669677734375,5.915441513061523,429.1877746582031,26.316434860229492
empty,C:\Users\Light\Videos\空轨道.mp4,881,False,0.49389201402664185,403.5508728027344,5.798723220825195,429.5256042480469,25.944002151489258
empty,C:\Users\Light\Videos\空轨道.mp4,882,False,0.49528753757476807,403.5538330078125,5.800583362579346,429.5227355957031,25.947587966918945
empty,C:\Users\Light\Videos\空轨道.mp4,883,False,0.4971509575843811,281.48541259765625,1.1277837753295898,307.9293518066406,20.752548217773438
empty,C:\Users\Light\Videos\空轨道.mp4,884,False,0.4956659972667694,281.4972229003906,1.11293625831604,307.91693115234375,20.722719192504883
empty,C:\Users\Light\Videos\空轨道.mp4,885,False,0.3848860561847687,282.2001037597656,1.013026475906372,307.8236083984375,20.644615173339844
empty,C:\Users\Light\Videos\空轨道.mp4,886,False,0.49933677911758423,282.1173400878906,0.6869750022888184,307.6939392089844,20.112592697143555
empty,C:\Users\Light\Videos\空轨道.mp4,887,False,0.5000714659690857,282.1296691894531,0.6748392581939697,307.6847839355469,20.092668533325195
empty,C:\Users\Light\Videos\空轨道.mp4,888,False,0.3760147988796234,404.8115539550781,1.684784173965454,429.4090881347656,20.80743408203125
empty,C:\Users\Light\Videos\空轨道.mp4,889,False,0.4120199978351593,405.62762451171875,1.378342628479004,429.91632080078125,20.90431785583496
empty,C:\Users\Light\Videos\空轨道.mp4,890,False,0.4158156216144562,405.6442565917969,1.3646268844604492,429.9027404785156,20.870298385620117
empty,C:\Users\Light\Videos\空轨道.mp4,891,False,0.2898106276988983,282.2887878417969,0.4714227020740509,307.8875427246094,18.871721267700195
empty,C:\Users\Light\Videos\空轨道.mp4,892,False,0.19870896637439728,282.1361083984375,0.680363655090332,307.7993469238281,18.567710876464844
empty,C:\Users\Light\Videos\空轨道.mp4,893,False,0.1976599395275116,282.1324462890625,0.6871318817138672,307.7957458496094,18.566232681274414
empty,C:\Users\Light\Videos\空轨道.mp4,894,False,0.304950088262558,282.3235778808594,0.42482948303222656,307.8557434082031,18.671207427978516
empty,C:\Users\Light\Videos\空轨道.mp4,895,False,0.30411407351493835,404.97784423828125,1.5060985088348389,429.9002380371094,20.68408203125
empty,C:\Users\Light\Videos\空轨道.mp4,896,False,0.3005819320678711,404.943603515625,1.4898614883422852,429.8963928222656,20.61825942993164
empty,C:\Users\Light\Videos\空轨道.mp4,897,False,0.4366809129714966,282.0881652832031,0.5286388397216797,307.62188720703125,19.909748077392578
empty,C:\Users\Light\Videos\空轨道.mp4,898,False,0.4363025724887848,282.0888671875,0.5294904708862305,307.62274169921875,19.907148361206055
empty,C:\Users\Light\Videos\空轨道.mp4,899,False,0.3516543507575989,282.2826232910156,1.1539826393127441,308.0001220703125,20.054637908935547
empty,C:\Users\Light\Videos\空轨道.mp4,900,False,0.4449213445186615,281.54864501953125,1.4801013469696045,308.2756042480469,21.080852508544922
empty,C:\Users\Light\Videos\空轨道.mp4,901,False,0.5220049023628235,282.41363525390625,1.4333961009979248,307.9726867675781,21.345687866210938
empty,C:\Users\Light\Videos\空轨道.mp4,902,False,0.5334593653678894,281.8959045410156,1.643984317779541,308.0347900390625,21.315185546875
empty,C:\Users\Light\Videos\空轨道.mp4,903,False,0.5327070355415344,281.8951110839844,1.6461246013641357,308.0323486328125,21.314401626586914
empty,C:\Users\Light\Videos\空轨道.mp4,904,False,0.5237112641334534,282.6604919433594,2.0481393337249756,308.50567626953125,21.204608917236328
empty,C:\Users\Light\Videos\空轨道.mp4,905,False,0.4688373804092407,282.05096435546875,2.4488205909729004,308.3677062988281,21.56637191772461
empty,C:\Users\Light\Videos\空轨道.mp4,906,False,0.46685320138931274,282.05792236328125,2.459869384765625,308.3729248046875,21.566707611083984
empty,C:\Users\Light\Videos\空轨道.mp4,907,False,0.6138814687728882,282.5703125,2.0988001823425293,308.31158447265625,21.478160858154297
empty,C:\Users\Light\Videos\空轨道.mp4,908,False,0.6130214333534241,282.5595397949219,2.0997862815856934,308.3056945800781,21.480043411254883
empty,C:\Users\Light\Videos\空轨道.mp4,909,False,0.5663736462593079,282.78033447265625,2.5114827156066895,308.52178955078125,21.734233856201172
empty,C:\Users\Light\Videos\空轨道.mp4,910,False,0.5602878332138062,282.610595703125,2.332169532775879,308.0518493652344,21.199745178222656
empty,C:\Users\Light\Videos\空轨道.mp4,911,False,0.5599724054336548,282.61358642578125,2.332472085952759,308.05499267578125,21.195396423339844
empty,C:\Users\Light\Videos\空轨道.mp4,912,False,0.339994341135025,282.4782409667969,2.9413323402404785,308.4720458984375,21.22589874267578
empty,C:\Users\Light\Videos\空轨道.mp4,913,False,0.4154914319515228,282.59228515625,2.850454330444336,308.5459289550781,21.359088897705078
empty,C:\Users\Light\Videos\空轨道.mp4,914,False,0.4213269352912903,282.6133117675781,2.8564157485961914,308.5691223144531,21.38338279724121
empty,C:\Users\Light\Videos\空轨道.mp4,915,False,0.24231860041618347,282.36920166015625,2.9467334747314453,308.6474914550781,21.39476776123047
empty,C:\Users\Light\Videos\空轨道.mp4,916,False,0.40851378440856934,282.22882080078125,3.475809335708618,308.46575927734375,22.702852249145508
empty,C:\Users\Light\Videos\空轨道.mp4,917,False,0.40894708037376404,282.7538757324219,2.7630724906921387,308.58319091796875,21.182600021362305
empty,C:\Users\Light\Videos\空轨道.mp4,918,False,0.4070519506931305,282.0075988769531,3.6363418102264404,308.5909729003906,23.03402328491211
empty,C:\Users\Light\Videos\空轨道.mp4,919,False,0.41148149967193604,282.01885986328125,3.6378209590911865,308.6004943847656,23.04592514038086
empty,C:\Users\Light\Videos\空轨道.mp4,920,False,0.35862603783607483,282.6366271972656,2.534902572631836,308.3476867675781,20.676753997802734
empty,C:\Users\Light\Videos\空轨道.mp4,921,False,0.3583686947822571,281.9662780761719,3.6165077686309814,308.4764404296875,22.953657150268555
empty,C:\Users\Light\Videos\空轨道.mp4,922,False,0.3573121726512909,281.9693298339844,3.6023213863372803,308.4727478027344,22.953411102294922
empty,C:\Users\Light\Videos\空轨道.mp4,923,False,0.3419755697250366,282.61749267578125,2.8743784427642822,308.41876220703125,21.084774017333984
empty,C:\Users\Light\Videos\空轨道.mp4,924,False,0.2679294943809509,282.4626159667969,3.0741868019104004,308.71826171875,21.355661392211914
empty,C:\Users\Light\Videos\空轨道.mp4,925,False,0.2665072977542877,282.4624938964844,3.077570915222168,308.7159423828125,21.353755950927734
empty,C:\Users\Light\Videos\空轨道.mp4,926,False,0.42314183712005615,282.54681396484375,2.541076898574829,308.1227111816406,20.890893936157227
empty,C:\Users\Light\Videos\空轨道.mp4,927,False,0.42118337750434875,282.5473937988281,2.542410373687744,308.12152099609375,20.886367797851562
empty,C:\Users\Light\Videos\空轨道.mp4,928,False,0.32983022928237915,282.414794921875,2.6944377422332764,308.1210632324219,20.653289794921875
empty,C:\Users\Light\Videos\空轨道.mp4,929,False,0.31677305698394775,282.3750305175781,2.720334053039551,308.13885498046875,20.673839569091797
empty,C:\Users\Light\Videos\空轨道.mp4,930,False,0.3653285503387451,282.7113342285156,2.853771209716797,308.4663391113281,21.019737243652344
empty,C:\Users\Light\Videos\空轨道.mp4,931,False,0.38531577587127686,282.7578125,2.675713062286377,308.3790283203125,20.926349639892578
empty,C:\Users\Light\Videos\空轨道.mp4,932,False,0.38535836338996887,282.7602233886719,2.678290367126465,308.39068603515625,20.935155868530273
empty,C:\Users\Light\Videos\空轨道.mp4,933,False,0.2946390211582184,282.4286193847656,2.9102590084075928,308.3079528808594,21.002120971679688
empty,C:\Users\Light\Videos\空轨道.mp4,934,False,0.39321357011795044,282.6983337402344,2.729321002960205,308.2184143066406,20.909854888916016
empty,C:\Users\Light\Videos\空轨道.mp4,935,False,0.393427312374115,282.6965026855469,2.7284693717956543,308.2197265625,20.9118709564209
empty,C:\Users\Light\Videos\空轨道.mp4,936,False,0.40080422163009644,282.6890563964844,2.791243553161621,308.4153137207031,21.14165496826172
empty,C:\Users\Light\Videos\空轨道.mp4,937,False,0.3708692193031311,281.9320983886719,2.4948198795318604,307.9707336425781,21.0105037689209
empty,C:\Users\Light\Videos\空轨道.mp4,938,False,0.3661486506462097,281.9566345214844,2.5021371841430664,307.9777526855469,20.987239837646484
empty,C:\Users\Light\Videos\空轨道.mp4,939,False,0.36266249418258667,282.02716064453125,2.6513631343841553,308.1940002441406,21.259628295898438
empty,C:\Users\Light\Videos\空轨道.mp4,940,False,0.3013613820075989,282.2000427246094,2.505857467651367,308.02362060546875,20.62323570251465
empty,C:\Users\Light\Videos\空轨道.mp4,941,False,0.2977500259876251,282.2008056640625,2.5169174671173096,308.0332946777344,20.624513626098633
empty,C:\Users\Light\Videos\空轨道.mp4,942,False,0.4444390833377838,282.0902404785156,2.43498158454895,308.07586669921875,21.2412052154541
empty,C:\Users\Light\Videos\空轨道.mp4,943,False,0.44341418147087097,282.0964050292969,2.440281867980957,308.0746154785156,21.233720779418945
empty,C:\Users\Light\Videos\空轨道.mp4,944,False,0.4163280427455902,282.04498291015625,2.5153934955596924,308.02001953125,21.389009475708008
empty,C:\Users\Light\Videos\空轨道.mp4,945,False,0.3482796847820282,281.7918701171875,3.7455859184265137,308.43487548828125,23.215757369995117
empty,C:\Users\Light\Videos\空轨道.mp4,946,False,0.3491799235343933,281.794921875,3.747950315475464,308.4325866699219,23.216341018676758
empty,C:\Users\Light\Videos\空轨道.mp4,947,False,0.37275952100753784,282.3724670410156,2.3720617294311523,307.9101867675781,20.53049659729004
empty,C:\Users\Light\Videos\空轨道.mp4,948,False,0.363970011472702,282.2159423828125,2.481429100036621,307.93865966796875,20.85192108154297
empty,C:\Users\Light\Videos\空轨道.mp4,949,False,0.17603807151317596,282.1941833496094,2.687086820602417,308.1548156738281,20.563262939453125
empty,C:\Users\Light\Videos\空轨道.mp4,950,False,0.13612942397594452,282.88226318359375,2.7594642639160156,308.5013732910156,20.396835327148438
empty,C:\Users\Light\Videos\空轨道.mp4,951,False,0.13470403850078583,282.88641357421875,2.7585229873657227,308.5005187988281,20.388364791870117
empty,C:\Users\Light\Videos\空轨道.mp4,952,False,0.058289408683776855,282.1158752441406,3.03256893157959,308.36578369140625,20.53394889831543
empty,C:\Users\Light\Videos\空轨道.mp4,953,False,0.057985786348581314,282.11932373046875,3.0335886478424072,308.365966796875,20.532604217529297
empty,C:\Users\Light\Videos\空轨道.mp4,954,False,0.03213340416550636,282.2317199707031,3.0280978679656982,308.3485107421875,20.727157592773438
empty,C:\Users\Light\Videos\空轨道.mp4,955,False,0.02030911296606064,282.0544738769531,2.9917242527008057,308.26824951171875,20.631616592407227
empty,C:\Users\Light\Videos\空轨道.mp4,956,False,0.020368773490190506,282.0196533203125,3.008532762527466,308.2913513183594,20.680070877075195
empty,C:\Users\Light\Videos\空轨道.mp4,957,False,0.01906939409673214,395.6833190917969,14.626496315002441,421.55694580078125,32.56081771850586
empty,C:\Users\Light\Videos\空轨道.mp4,958,False,0.016994556412100792,396.900390625,14.3480806350708,422.1734924316406,32.13982009887695
empty,C:\Users\Light\Videos\空轨道.mp4,959,False,0.015986056998372078,396.87152099609375,14.400209426879883,422.12982177734375,32.13278579711914
empty,C:\Users\Light\Videos\空轨道.mp4,960,False,0.07040256261825562,397.128662109375,12.208379745483398,423.85992431640625,31.591461181640625
empty,C:\Users\Light\Videos\空轨道.mp4,961,False,0.016815893352031708,280.7088317871094,1.4258882999420166,307.14129638671875,20.919557571411133
empty,C:\Users\Light\Videos\空轨道.mp4,962,False,0.016618186607956886,280.7135314941406,1.4277596473693848,307.1421203613281,20.918550491333008
empty,C:\Users\Light\Videos\空轨道.mp4,963,False,0.009133679792284966,398.4967956542969,9.042261123657227,424.7402038574219,29.1574764251709
empty,C:\Users\Light\Videos\空轨道.mp4,964,False,0.009178562089800835,398.46917724609375,9.058128356933594,424.7474670410156,29.110322952270508
empty,C:\Users\Light\Videos\空轨道.mp4,965,False,0.024633139371871948,398.0398254394531,8.029279708862305,424.8018493652344,27.60134506225586
empty,C:\Users\Light\Videos\空轨道.mp4,966,False,0.08379115909337997,398.8703918457031,8.350445747375488,425.4871826171875,28.058626174926758
empty,C:\Users\Light\Videos\空轨道.mp4,967,False,0.08480192720890045,398.8661804199219,8.342691421508789,425.4818115234375,28.05665397644043
empty,C:\Users\Light\Videos\空轨道.mp4,968,False,0.056760434061288834,398.8979187011719,8.477249145507812,425.5901794433594,27.974044799804688
empty,C:\Users\Light\Videos\空轨道.mp4,969,False,0.04233388230204582,398.703125,8.684688568115234,425.3874816894531,28.058849334716797
empty,C:\Users\Light\Videos\空轨道.mp4,970,False,0.042106371372938156,398.6943359375,8.690560340881348,425.3918762207031,28.062973022460938
empty,C:\Users\Light\Videos\空轨道.mp4,971,False,0.017574235796928406,281.38128662109375,0.6290304660797119,306.63592529296875,20.72881507873535
empty,C:\Users\Light\Videos\空轨道.mp4,972,False,0.012860918417572975,280.5973815917969,1.615297794342041,306.7374267578125,21.236791610717773
empty,C:\Users\Light\Videos\空轨道.mp4,973,False,0.012879574671387672,280.595458984375,1.6171467304229736,306.73992919921875,21.23831558227539
empty,C:\Users\Light\Videos\空轨道.mp4,974,False,0.03611813858151436,280.98321533203125,1.680290699005127,306.6294860839844,20.644683837890625
empty,C:\Users\Light\Videos\空轨道.mp4,975,False,0.0517553947865963,280.58843994140625,1.985925555229187,307.379150390625,21.04192352294922
empty,C:\Users\Light\Videos\空轨道.mp4,976,False,0.04166654124855995,280.7987976074219,2.1177713871002197,307.2521057128906,20.41169548034668
empty,C:\Users\Light\Videos\空轨道.mp4,977,False,0.04152337461709976,280.8158264160156,2.043477773666382,307.171630859375,20.352550506591797
empty,C:\Users\Light\Videos\空轨道.mp4,978,False,0.06715931743383408,281.296142578125,2.472341299057007,307.4278259277344,20.19080924987793
empty,C:\Users\Light\Videos\空轨道.mp4,979,False,0.1825537234544754,281.2169189453125,1.7953169345855713,306.8707580566406,19.79899024963379
empty,C:\Users\Light\Videos\空轨道.mp4,980,False,0.18192258477210999,281.2186584472656,1.8023428916931152,306.877197265625,19.802867889404297
empty,C:\Users\Light\Videos\空轨道.mp4,981,False,0.156668558716774,281.5167541503906,2.173754930496216,307.12274169921875,20.121400833129883
empty,C:\Users\Light\Videos\空轨道.mp4,982,False,0.17015673220157623,281.6468811035156,2.1698105335235596,307.28692626953125,19.7786865234375
empty,C:\Users\Light\Videos\空轨道.mp4,983,False,0.16889607906341553,281.6614990234375,2.175715923309326,307.28863525390625,19.78861427307129
empty,C:\Users\Light\Videos\空轨道.mp4,984,False,0.14078836143016815,281.4396667480469,3.9463133811950684,308.1335144042969,22.820981979370117
empty,C:\Users\Light\Videos\空轨道.mp4,985,False,0.17658700048923492,281.5973815917969,2.4869086742401123,307.4109802246094,20.005712509155273
empty,C:\Users\Light\Videos\空轨道.mp4,986,False,0.17788659036159515,281.5627136230469,2.473417043685913,307.3736877441406,20.00562286376953
empty,C:\Users\Light\Videos\空轨道.mp4,987,False,0.111923448741436,281.2350158691406,4.168454647064209,308.10137939453125,23.23209571838379
empty,C:\Users\Light\Videos\空轨道.mp4,988,False,0.11187560856342316,281.23529052734375,4.168263912200928,308.1011047363281,23.232925415039062
empty,C:\Users\Light\Videos\空轨道.mp4,989,False,0.12024436146020889,281.5700378417969,2.8125343322753906,307.9772644042969,20.719783782958984
empty,C:\Users\Light\Videos\空轨道.mp4,990,False,0.16347113251686096,281.68511962890625,2.3416831493377686,307.437255859375,20.108983993530273
empty,C:\Users\Light\Videos\空轨道.mp4,991,False,0.1628831923007965,281.67529296875,2.334634780883789,307.4359130859375,20.10114097595215
empty,C:\Users\Light\Videos\空轨道.mp4,992,False,0.14041875302791595,281.72052001953125,2.388007402420044,307.5633544921875,19.99988555908203
empty,C:\Users\Light\Videos\空轨道.mp4,993,False,0.11788575351238251,281.13671875,2.301746129989624,307.3334045410156,20.199525833129883
empty,C:\Users\Light\Videos\空轨道.mp4,994,False,0.11465245485305786,281.1353454589844,2.315842866897583,307.34173583984375,20.209611892700195
empty,C:\Users\Light\Videos\空轨道.mp4,995,False,0.287419855594635,281.8878479003906,2.238781452178955,307.36541748046875,20.330699920654297
empty,C:\Users\Light\Videos\空轨道.mp4,996,False,0.16883644461631775,281.4535217285156,2.1549854278564453,307.242919921875,20.226016998291016
empty,C:\Users\Light\Videos\空轨道.mp4,997,False,0.1187945082783699,281.0356750488281,2.34122371673584,307.429931640625,20.35479164123535
empty,C:\Users\Light\Videos\空轨道.mp4,998,False,0.11977238953113556,281.0351257324219,2.339296340942383,307.42926025390625,20.3524169921875
empty,C:\Users\Light\Videos\空轨道.mp4,999,False,0.30763155221939087,281.4661560058594,1.4629566669464111,307.21722412109375,20.721038818359375
empty,C:\Users\Light\Videos\空轨道.mp4,1000,False,0.0675431489944458,281.7882995605469,3.667179822921753,307.9973449707031,22.611637115478516
empty,C:\Users\Light\Videos\空轨道.mp4,1001,False,0.06594041734933853,281.775390625,3.7236900329589844,308.02764892578125,22.662353515625
empty,C:\Users\Light\Videos\空轨道.mp4,1002,False,0.10778579115867615,281.08038330078125,2.161025285720825,307.2506408691406,20.111988067626953
empty,C:\Users\Light\Videos\空轨道.mp4,1003,False,0.19301192462444305,281.2081298828125,1.9956408739089966,306.8819274902344,19.940406799316406
empty,C:\Users\Light\Videos\空轨道.mp4,1004,False,0.19244806468486786,281.2011413574219,1.9988681077957153,306.881591796875,19.9467716217041
empty,C:\Users\Light\Videos\空轨道.mp4,1005,False,0.2247619479894638,281.40374755859375,1.8463363647460938,306.91754150390625,20.057035446166992
empty,C:\Users\Light\Videos\空轨道.mp4,1006,False,0.11903209239244461,281.8668212890625,3.0017309188842773,308.0708923339844,20.762813568115234
empty,C:\Users\Light\Videos\空轨道.mp4,1007,False,0.11871029436588287,281.8699035644531,3.002694606781006,308.0717468261719,20.7625675201416
empty,C:\Users\Light\Videos\空轨道.mp4,1008,False,0.2849622666835785,281.9105529785156,2.2211101055145264,307.256103515625,20.232627868652344
empty,C:\Users\Light\Videos\空轨道.mp4,1009,False,0.284784197807312,281.9122619628906,2.2231943607330322,307.26092529296875,20.23421859741211
empty,C:\Users\Light\Videos\空轨道.mp4,1010,False,0.17974063754081726,281.8380126953125,2.3973193168640137,307.5545959472656,20.40178871154785
empty,C:\Users\Light\Videos\空轨道.mp4,1011,False,0.1790856122970581,281.4307556152344,2.104201316833496,307.30328369140625,20.149324417114258
empty,C:\Users\Light\Videos\空轨道.mp4,1012,False,0.18235507607460022,281.45623779296875,2.1033833026885986,307.2929992675781,20.142959594726562
empty,C:\Users\Light\Videos\空轨道.mp4,1013,False,0.20647688210010529,281.67333984375,2.3491461277008057,307.4062805175781,20.406450271606445
empty,C:\Users\Light\Videos\空轨道.mp4,1014,False,0.1471489667892456,282.0208435058594,2.6714885234832764,307.83331298828125,20.45474624633789
empty,C:\Users\Light\Videos\空轨道.mp4,1015,False,0.14789490401744843,282.00543212890625,2.6399781703948975,307.8033142089844,20.433881759643555
empty,C:\Users\Light\Videos\空轨道.mp4,1016,False,0.13003793358802795,281.6221923828125,2.4720163345336914,307.5552978515625,20.2354736328125
empty,C:\Users\Light\Videos\空轨道.mp4,1017,False,0.20499208569526672,282.0208740234375,2.0185675621032715,307.22625732421875,19.704078674316406
empty,C:\Users\Light\Videos\空轨道.mp4,1018,False,0.20450237393379211,282.01995849609375,2.0137827396392822,307.2214660644531,19.69719886779785
empty,C:\Users\Light\Videos\空轨道.mp4,1019,False,0.05911877751350403,282.26129150390625,4.562378883361816,308.6805114746094,23.752241134643555
empty,C:\Users\Light\Videos\空轨道.mp4,1020,False,0.06004969775676727,282.277099609375,4.511695384979248,308.67718505859375,23.70557975769043
empty,C:\Users\Light\Videos\空轨道.mp4,1021,False,0.042684633284807205,282.45416259765625,2.5727105140686035,307.2717590332031,19.270689010620117
empty,C:\Users\Light\Videos\空轨道.mp4,1022,False,0.04585068300366402,280.6504211425781,3.0351574420928955,307.9356384277344,20.91370964050293
empty,C:\Users\Light\Videos\空轨道.mp4,1023,False,0.06398561596870422,280.59637451171875,2.3274295330047607,307.3236999511719,20.664226531982422
empty,C:\Users\Light\Videos\空轨道.mp4,1024,False,0.0281925518065691,280.5804138183594,1.413954257965088,306.69482421875,20.647327423095703
empty,C:\Users\Light\Videos\空轨道.mp4,1025,False,0.027796810492873192,280.5770263671875,1.4171254634857178,306.7014465332031,20.654296875
empty,C:\Users\Light\Videos\空轨道.mp4,1026,False,0.0289180725812912,280.5675354003906,1.549867868423462,306.91778564453125,20.448719024658203
empty,C:\Users\Light\Videos\空轨道.mp4,1027,False,0.09197312593460083,395.6559143066406,12.18426513671875,422.98199462890625,31.42409324645996
empty,C:\Users\Light\Videos\空轨道.mp4,1028,False,0.08798310905694962,395.5253601074219,12.137246131896973,423.0382385253906,31.387561798095703
empty,C:\Users\Light\Videos\空轨道.mp4,1029,False,0.157645121216774,395.6798095703125,11.763626098632812,422.8779602050781,31.18915557861328
empty,C:\Users\Light\Videos\空轨道.mp4,1030,False,0.11092701554298401,395.54638671875,11.949864387512207,422.9689025878906,31.168222427368164
empty,C:\Users\Light\Videos\空轨道.mp4,1031,False,0.1126125231385231,395.5621643066406,11.945494651794434,422.9696350097656,31.17936134338379
empty,C:\Users\Light\Videos\空轨道.mp4,1032,False,0.08967162668704987,280.88232421875,2.009546995162964,307.33538818359375,20.08424186706543
empty,C:\Users\Light\Videos\空轨道.mp4,1033,False,0.08999035507440567,280.8758850097656,2.0109364986419678,307.33746337890625,20.08260726928711
empty,C:\Users\Light\Videos\空轨道.mp4,1034,False,0.07540163397789001,280.6229553222656,1.799093246459961,307.1246337890625,20.24327278137207
empty,C:\Users\Light\Videos\空轨道.mp4,1035,False,0.14920192956924438,281.0631408691406,1.9986103773117065,307.1871032714844,20.444639205932617
empty,C:\Users\Light\Videos\空轨道.mp4,1036,False,0.14247958362102509,281.0294494628906,2.0230610370635986,307.20086669921875,20.453201293945312
empty,C:\Users\Light\Videos\空轨道.mp4,1037,False,0.15503200888633728,281.2351379394531,2.5659310817718506,307.57049560546875,20.87025260925293
empty,C:\Users\Light\Videos\空轨道.mp4,1038,False,0.09044172614812851,281.0511474609375,2.669874906539917,307.5052490234375,20.42664337158203
empty,C:\Users\Light\Videos\空轨道.mp4,1039,False,0.08860249817371368,281.0249328613281,2.6646082401275635,307.49859619140625,20.42774200439453
empty,C:\Users\Light\Videos\空轨道.mp4,1040,False,0.0532650351524353,281.10418701171875,2.4581549167633057,307.4927673339844,20.1958065032959
empty,C:\Users\Light\Videos\空轨道.mp4,1041,False,0.25641149282455444,281.3839111328125,1.840834379196167,306.913330078125,19.845067977905273
empty,C:\Users\Light\Videos\空轨道.mp4,1042,False,0.259647011756897,281.3910827636719,1.8335843086242676,306.91064453125,19.842580795288086
empty,C:\Users\Light\Videos\空轨道.mp4,1043,False,0.09731020778417587,281.45831298828125,2.5911662578582764,307.6224670410156,20.049280166625977
empty,C:\Users\Light\Videos\空轨道.mp4,1044,False,0.09326476603746414,281.4594421386719,2.6364259719848633,307.6691589355469,20.08643913269043
empty,C:\Users\Light\Videos\空轨道.mp4,1045,False,0.09629218280315399,282.1909484863281,2.7351815700531006,307.82330322265625,20.18509292602539
empty,C:\Users\Light\Videos\空轨道.mp4,1046,False,0.13832664489746094,282.11212158203125,2.506944417953491,307.5440673828125,19.935699462890625
empty,C:\Users\Light\Videos\空轨道.mp4,1047,False,0.17051643133163452,281.8965148925781,2.530397891998291,307.37158203125,19.947555541992188
empty,C:\Users\Light\Videos\空轨道.mp4,1048,False,0.11297591775655746,281.37994384765625,2.378863573074341,307.5091552734375,20.246456146240234
empty,C:\Users\Light\Videos\空轨道.mp4,1049,False,0.11412714421749115,281.38037109375,2.3799057006835938,307.5092468261719,20.24820327758789
empty,C:\Users\Light\Videos\空轨道.mp4,1050,False,0.0939803272485733,282.3829650878906,3.2388877868652344,307.9722595214844,22.360742568969727
empty,C:\Users\Light\Videos\空轨道.mp4,1051,False,0.07794319838285446,282.2672119140625,3.5965616703033447,308.1739196777344,22.537456512451172
empty,C:\Users\Light\Videos\空轨道.mp4,1052,False,0.07792025059461594,282.2691345214844,3.6000914573669434,308.1761474609375,22.541534423828125
empty,C:\Users\Light\Videos\空轨道.mp4,1053,False,0.182217076420784,281.2164306640625,2.104313373565674,306.97491455078125,20.108694076538086
empty,C:\Users\Light\Videos\空轨道.mp4,1054,False,0.18137407302856445,281.2144470214844,2.104302167892456,306.9796142578125,20.107505798339844
empty,C:\Users\Light\Videos\空轨道.mp4,1055,False,0.10160408914089203,281.7771301269531,2.515617609024048,307.6449890136719,20.237110137939453
empty,C:\Users\Light\Videos\空轨道.mp4,1056,False,0.07798391580581665,281.48724365234375,2.5809130668640137,307.620849609375,20.283143997192383
empty,C:\Users\Light\Videos\空轨道.mp4,1057,False,0.07858853787183762,281.4833068847656,2.5771143436431885,307.6227111816406,20.288589477539062
empty,C:\Users\Light\Videos\空轨道.mp4,1058,False,0.08224925398826599,282.0791931152344,3.455202102661133,307.946533203125,22.481000900268555
empty,C:\Users\Light\Videos\空轨道.mp4,1059,False,0.09858819097280502,281.5618591308594,2.603851079940796,307.6476745605469,20.368553161621094
empty,C:\Users\Light\Videos\空轨道.mp4,1060,False,0.09601712971925735,281.5848083496094,2.6228559017181396,307.6761474609375,20.381282806396484
empty,C:\Users\Light\Videos\空轨道.mp4,1061,False,0.07217042148113251,282.3226318359375,4.010185718536377,308.4212951660156,22.983800888061523
empty,C:\Users\Light\Videos\空轨道.mp4,1062,False,0.12645640969276428,281.26434326171875,2.451016902923584,307.3668212890625,20.179065704345703
empty,C:\Users\Light\Videos\空轨道.mp4,1063,False,0.12353667616844177,281.27239990234375,2.4508936405181885,307.3744812011719,20.17523193359375
empty,C:\Users\Light\Videos\空轨道.mp4,1064,False,0.10466645658016205,281.3623046875,2.733231782913208,307.838134765625,20.484756469726562
empty,C:\Users\Light\Videos\空轨道.mp4,1065,False,0.1032484769821167,281.35504150390625,2.7434961795806885,307.8353271484375,20.491748809814453
empty,C:\Users\Light\Videos\空轨道.mp4,1066,False,0.1606859415769577,281.4798278808594,2.252474784851074,307.30780029296875,20.002531051635742
empty,C:\Users\Light\Videos\空轨道.mp4,1067,False,0.09304748475551605,281.2257995605469,2.14872145652771,307.31024169921875,20.038860321044922
empty,C:\Users\Light\Videos\空轨道.mp4,1068,False,0.09313720464706421,281.226806640625,2.1505815982818604,307.3080139160156,20.036998748779297
empty,C:\Users\Light\Videos\空轨道.mp4,1069,False,0.0801328718662262,281.7619934082031,3.1400649547576904,307.6826477050781,22.197050094604492
empty,C:\Users\Light\Videos\空轨道.mp4,1070,False,0.13876941800117493,281.7615966796875,2.570659875869751,307.6964416503906,20.356876373291016
empty,C:\Users\Light\Videos\空轨道.mp4,1071,False,0.0794907659292221,281.4162292480469,2.6209285259246826,307.6849060058594,20.334218978881836
empty,C:\Users\Light\Videos\空轨道.mp4,1072,False,0.12192628532648087,281.72613525390625,2.323944568634033,307.3371887207031,19.91828727722168
empty,C:\Users\Light\Videos\空轨道.mp4,1073,False,0.10992296040058136,281.6370849609375,2.3171091079711914,307.34088134765625,19.919384002685547
empty,C:\Users\Light\Videos\空轨道.mp4,1074,False,0.10893692076206207,281.4027404785156,2.410945415496826,307.61505126953125,20.271085739135742
empty,C:\Users\Light\Videos\空轨道.mp4,1075,False,0.2050323784351349,280.9740295410156,1.6617565155029297,306.6531066894531,20.02776527404785
empty,C:\Users\Light\Videos\空轨道.mp4,1076,False,0.2070593386888504,280.97454833984375,1.6656560897827148,306.6423645019531,20.002172470092773
empty,C:\Users\Light\Videos\空轨道.mp4,1077,False,0.1355697512626648,281.3074035644531,1.966192364692688,307.0936279296875,19.878774642944336
empty,C:\Users\Light\Videos\空轨道.mp4,1078,False,0.13866454362869263,281.3463134765625,1.9620574712753296,307.09417724609375,19.873733520507812
empty,C:\Users\Light\Videos\空轨道.mp4,1079,False,0.12584154307842255,281.3387756347656,1.8970085382461548,307.1326904296875,19.80959129333496
empty,C:\Users\Light\Videos\空轨道.mp4,1080,False,0.08084729313850403,282.08990478515625,3.328880548477173,308.0567321777344,22.577571868896484
empty,C:\Users\Light\Videos\空轨道.mp4,1081,False,0.08075985312461853,282.089111328125,3.3307743072509766,308.0586242675781,22.579072952270508
empty,C:\Users\Light\Videos\空轨道.mp4,1082,False,0.17436207830905914,281.8214416503906,2.3869540691375732,307.5692443847656,20.182247161865234
empty,C:\Users\Light\Videos\空轨道.mp4,1083,False,0.06416180729866028,282.314208984375,4.2937116622924805,308.5174865722656,23.404865264892578
empty,C:\Users\Light\Videos\空轨道.mp4,1084,False,0.0642431452870369,282.3155517578125,4.29185152053833,308.5164489746094,23.404460906982422
empty,C:\Users\Light\Videos\空轨道.mp4,1085,False,0.05569000169634819,281.4098815917969,2.5361127853393555,307.9046936035156,20.350130081176758
empty,C:\Users\Light\Videos\空轨道.mp4,1086,False,0.083291195333004,281.4368896484375,2.721320152282715,307.75262451171875,20.279804229736328
empty,C:\Users\Light\Videos\空轨道.mp4,1087,False,0.08267512917518616,281.4346923828125,2.7223846912384033,307.75360107421875,20.281909942626953
empty,C:\Users\Light\Videos\空轨道.mp4,1088,False,0.020724071189761162,281.2667541503906,3.059664249420166,308.2811584472656,20.910615921020508
empty,C:\Users\Light\Videos\空轨道.mp4,1089,False,0.02045045979321003,281.2766418457031,3.0612778663635254,308.2859802246094,20.90752410888672
empty,C:\Users\Light\Videos\空轨道.mp4,1090,False,0.04011176899075508,280.4695739746094,2.357382297515869,307.31494140625,20.773996353149414
empty,C:\Users\Light\Videos\空轨道.mp4,1091,False,0.010972818359732628,280.3860168457031,2.980675458908081,307.90155029296875,21.677196502685547
empty,C:\Users\Light\Videos\空轨道.mp4,1092,False,0.010893485508859158,280.3802185058594,2.9771456718444824,307.9033203125,21.68134307861328
empty,C:\Users\Light\Videos\空轨道.mp4,1093,False,0.06618066877126694,280.9045104980469,2.2405295372009277,307.1246643066406,20.286415100097656
empty,C:\Users\Light\Videos\空轨道.mp4,1094,False,0.0816202163696289,280.6483459472656,2.119340181350708,307.0620422363281,20.02317237854004
empty,C:\Users\Light\Videos\空轨道.mp4,1095,False,0.06551580131053925,280.5741271972656,2.267961025238037,307.1412048339844,20.3093204498291
empty,C:\Users\Light\Videos\空轨道.mp4,1096,False,0.08491753786802292,280.7626953125,2.2877614498138428,307.32672119140625,20.101543426513672
empty,C:\Users\Light\Videos\空轨道.mp4,1097,False,0.08499224483966827,280.7610778808594,2.2896664142608643,307.3246765136719,20.098697662353516
empty,C:\Users\Light\Videos\空轨道.mp4,1098,False,0.08370945602655411,280.5470275878906,2.2660672664642334,307.276611328125,20.213579177856445
empty,C:\Users\Light\Videos\空轨道.mp4,1099,False,0.0830354392528534,280.5427551269531,2.27156925201416,307.280029296875,20.216827392578125
empty,C:\Users\Light\Videos\空轨道.mp4,1100,False,0.11295244097709656,281.2790222167969,2.278606414794922,307.4159240722656,20.18338966369629
empty,C:\Users\Light\Videos\空轨道.mp4,1101,False,0.10151883214712143,280.9705505371094,2.3968710899353027,307.2004699707031,20.17677879333496
empty,C:\Users\Light\Videos\空轨道.mp4,1102,False,0.10148247331380844,280.970947265625,2.3978235721588135,307.200439453125,20.178010940551758
empty,C:\Users\Light\Videos\空轨道.mp4,1103,False,0.20802924036979675,281.5415954589844,1.877633810043335,306.89373779296875,19.844350814819336
empty,C:\Users\Light\Videos\空轨道.mp4,1104,False,0.17562095820903778,281.6908874511719,2.419372081756592,307.2725524902344,19.992692947387695
empty,C:\Users\Light\Videos\空轨道.mp4,1105,False,0.17983423173427582,281.7315979003906,2.3777878284454346,307.2471008300781,19.9652156829834
empty,C:\Users\Light\Videos\空轨道.mp4,1106,False,0.11955694109201431,281.57159423828125,2.2623133659362793,307.3387756347656,19.840116500854492
empty,C:\Users\Light\Videos\空轨道.mp4,1107,False,0.08081609755754471,282.3006591796875,3.7838423252105713,307.85491943359375,22.60681915283203
empty,C:\Users\Light\Videos\空轨道.mp4,1108,False,0.08072465658187866,282.30120849609375,3.786419630050659,307.8592834472656,22.610830307006836
empty,C:\Users\Light\Videos\空轨道.mp4,1109,False,0.08986776322126389,281.63525390625,2.356653928756714,307.4383544921875,19.879919052124023
empty,C:\Users\Light\Videos\空轨道.mp4,1110,False,0.08875139057636261,281.6353759765625,2.3628058433532715,307.4433898925781,19.88260841369629
empty,C:\Users\Light\Videos\空轨道.mp4,1111,False,0.10571768879890442,281.3017272949219,2.1508729457855225,307.2782287597656,19.98841094970703
empty,C:\Users\Light\Videos\空轨道.mp4,1112,False,0.14387652277946472,281.6160888671875,2.4693045616149902,307.5443115234375,20.26584243774414
empty,C:\Users\Light\Videos\空轨道.mp4,1113,False,0.1423773318529129,281.6053771972656,2.4641387462615967,307.5408630371094,20.26877784729004
empty,C:\Users\Light\Videos\空轨道.mp4,1114,False,0.04392946884036064,281.5987548828125,2.8294997215270996,307.9161682128906,20.34100914001465
empty,C:\Users\Light\Videos\空轨道.mp4,1115,False,0.1927516609430313,281.3235778808594,2.166874647140503,306.94891357421875,20.161943435668945
empty,C:\Users\Light\Videos\空轨道.mp4,1116,False,0.1923903077840805,281.3201904296875,2.1686339378356934,306.95068359375,20.165124893188477
empty,C:\Users\Light\Videos\空轨道.mp4,1117,False,0.09782890975475311,281.6319274902344,2.568922996520996,307.57098388671875,20.16263771057129
empty,C:\Users\Light\Videos\空轨道.mp4,1118,False,0.13998770713806152,281.48291015625,2.5030112266540527,307.4878845214844,20.28708839416504
empty,C:\Users\Light\Videos\空轨道.mp4,1119,False,0.09471090883016586,281.5451965332031,2.5624349117279053,307.61676025390625,20.388208389282227
empty,C:\Users\Light\Videos\空轨道.mp4,1120,False,0.07214615494012833,281.9632873535156,3.4894354343414307,308.0913391113281,22.435998916625977
empty,C:\Users\Light\Videos\空轨道.mp4,1121,False,0.07262703776359558,281.966064453125,3.4830594062805176,308.07989501953125,22.430015563964844
empty,C:\Users\Light\Videos\空轨道.mp4,1122,False,0.08475319296121597,281.6697082519531,2.988104820251465,307.52447509765625,22.035463333129883
empty,C:\Users\Light\Videos\空轨道.mp4,1123,False,0.08345890045166016,281.6664733886719,3.010549783706665,307.5498352050781,22.04844093322754
empty,C:\Users\Light\Videos\空轨道.mp4,1124,False,0.08973882347345352,281.18743896484375,2.6811814308166504,307.6723327636719,20.51070785522461
empty,C:\Users\Light\Videos\空轨道.mp4,1125,False,0.16375760734081268,281.6732177734375,2.4970498085021973,307.4337463378906,20.256519317626953
empty,C:\Users\Light\Videos\空轨道.mp4,1126,False,0.165401428937912,281.6658630371094,2.476778745651245,307.4097595214844,20.23883628845215
empty,C:\Users\Light\Videos\空轨道.mp4,1127,False,0.24562367796897888,281.94818115234375,1.8944088220596313,306.8834533691406,19.60811424255371
empty,C:\Users\Light\Videos\空轨道.mp4,1128,False,0.0986923798918724,281.5350036621094,2.488410234451294,307.5365295410156,20.174335479736328
empty,C:\Users\Light\Videos\空轨道.mp4,1129,False,0.09798359870910645,281.5262145996094,2.481541156768799,307.52996826171875,20.168800354003906
empty,C:\Users\Light\Videos\空轨道.mp4,1130,False,0.12139569222927094,281.1015625,2.298630952835083,307.1721496582031,19.9822940826416
empty,C:\Users\Light\Videos\空轨道.mp4,1131,False,0.10292419791221619,281.0147399902344,2.2528557777404785,307.1832275390625,20.131284713745117
empty,C:\Users\Light\Videos\空轨道.mp4,1132,False,0.10301333665847778,281.01434326171875,2.2552313804626465,307.1828308105469,20.130252838134766
empty,C:\Users\Light\Videos\空轨道.mp4,1133,False,0.1521407961845398,281.41796875,2.1169421672821045,307.1470947265625,19.89249038696289
empty,C:\Users\Light\Videos\空轨道.mp4,1134,False,0.15406863391399384,281.4264221191406,2.121424436569214,307.14044189453125,19.885095596313477
empty,C:\Users\Light\Videos\空轨道.mp4,1135,False,0.08884892612695694,281.0916748046875,2.2778892517089844,307.25531005859375,20.23435401916504
empty,C:\Users\Light\Videos\空轨道.mp4,1136,False,0.12454355508089066,281.0954895019531,2.2329208850860596,307.332763671875,20.317276000976562
empty,C:\Users\Light\Videos\空轨道.mp4,1137,False,0.12513425946235657,281.1005859375,2.2326855659484863,307.33612060546875,20.317163467407227
empty,C:\Users\Light\Videos\空轨道.mp4,1138,False,0.13454100489616394,281.5052185058594,2.053663730621338,307.2660827636719,19.893051147460938
empty,C:\Users\Light\Videos\空轨道.mp4,1139,False,0.16464678943157196,281.251708984375,1.8885482549667358,307.0793762207031,20.02187156677246
empty,C:\Users\Light\Videos\空轨道.mp4,1140,False,0.1675194650888443,281.2581787109375,1.8659014701843262,307.060546875,20.06584358215332
empty,C:\Users\Light\Videos\空轨道.mp4,1141,False,0.0611536018550396,281.68218994140625,3.4854910373687744,308.2531433105469,22.917036056518555
empty,C:\Users\Light\Videos\空轨道.mp4,1142,False,0.1170186847448349,281.0257263183594,1.8016369342803955,307.15106201171875,20.016897201538086
empty,C:\Users\Light\Videos\空轨道.mp4,1143,False,0.11560674011707306,281.2073059082031,2.1421549320220947,307.2864074707031,20.177204132080078
empty,C:\Users\Light\Videos\空轨道.mp4,1144,False,0.11569131165742874,281.2124938964844,2.139129400253296,307.28302001953125,20.173551559448242
empty,C:\Users\Light\Videos\空轨道.mp4,1145,False,0.08156506717205048,281.408203125,2.535630941390991,307.69232177734375,20.411941528320312
empty,C:\Users\Light\Videos\空轨道.mp4,1146,False,0.08549364656209946,281.5599670410156,4.421075344085693,308.8218994140625,23.210491180419922
empty,C:\Users\Light\Videos\空轨道.mp4,1147,False,0.0857444480061531,281.5766296386719,4.426577091217041,308.8394470214844,23.21230697631836
empty,C:\Users\Light\Videos\空轨道.mp4,1148,False,0.18024078011512756,281.5979919433594,2.3019254207611084,307.4053649902344,20.146053314208984
empty,C:\Users\Light\Videos\空轨道.mp4,1149,False,0.04820464178919792,280.86395263671875,2.8326821327209473,307.74810791015625,20.531641006469727
empty,C:\Users\Light\Videos\空轨道.mp4,1150,False,0.048196714371442795,280.8649597167969,2.8314943313598633,307.74664306640625,20.529735565185547
empty,C:\Users\Light\Videos\空轨道.mp4,1151,False,0.0140899159014225,282.0013122558594,2.96291446685791,306.69134521484375,19.465150833129883
empty,C:\Users\Light\Videos\空轨道.mp4,1152,False,0.011976085603237152,396.5348205566406,14.788799285888672,422.4064636230469,32.67094802856445
empty,C:\Users\Light\Videos\空轨道.mp4,1153,False,0.011527118273079395,396.54132080078125,14.811412811279297,422.4041748046875,32.66057205200195
empty,C:\Users\Light\Videos\空轨道.mp4,1154,False,0.012098160572350025,396.8673095703125,14.217668533325195,423.353759765625,33.05095672607422
empty,C:\Users\Light\Videos\空轨道.mp4,1155,False,0.016682228073477745,280.5870056152344,2.3461766242980957,307.6802062988281,21.065479278564453
empty,C:\Users\Light\Videos\空轨道.mp4,1156,False,0.01700185425579548,280.5743713378906,2.3508493900299072,307.6913146972656,21.073972702026367
empty,C:\Users\Light\Videos\空轨道.mp4,1157,False,0.0312324371188879,280.523193359375,1.3603687286376953,306.0487365722656,20.613418579101562
empty,C:\Users\Light\Videos\空轨道.mp4,1158,False,0.031375158578157425,280.4955749511719,1.3426077365875244,306.019287109375,20.606046676635742
empty,C:\Users\Light\Videos\空轨道.mp4,1159,False,0.02959306351840496,280.697021484375,2.044071674346924,307.2913513183594,20.478256225585938
empty,C:\Users\Light\Videos\空轨道.mp4,1160,False,0.042098481208086014,280.38214111328125,0.9824686646461487,305.8087158203125,20.474199295043945
empty,C:\Users\Light\Videos\空轨道.mp4,1161,False,0.04182576388120651,280.37969970703125,0.9781320691108704,305.81024169921875,20.46987533569336
empty,C:\Users\Light\Videos\空轨道.mp4,1162,False,0.022068163380026817,396.73480224609375,13.076281547546387,422.84088134765625,32.19213104248047
empty,C:\Users\Light\Videos\空轨道.mp4,1163,False,0.0592540018260479,395.77197265625,12.502595901489258,423.0445251464844,31.678730010986328
empty,C:\Users\Light\Videos\空轨道.mp4,1164,False,0.0611184798181057,395.7459411621094,12.482963562011719,423.050048828125,31.67424774169922
empty,C:\Users\Light\Videos\空轨道.mp4,1165,False,0.13390743732452393,395.78857421875,12.094978332519531,422.7699279785156,31.45977210998535
empty,C:\Users\Light\Videos\空轨道.mp4,1166,False,0.058862924575805664,395.3493957519531,12.60360336303711,422.5631408691406,31.319095611572266
empty,C:\Users\Light\Videos\空轨道.mp4,1167,False,0.09949783235788345,281.0372009277344,2.409018039703369,307.64398193359375,20.725587844848633
empty,C:\Users\Light\Videos\空轨道.mp4,1168,False,0.0995933786034584,281.0516052246094,2.4396767616271973,307.6800842285156,20.761266708374023
empty,C:\Users\Light\Videos\空轨道.mp4,1169,False,0.1968058943748474,281.1724853515625,1.7914621829986572,306.92242431640625,20.004682540893555
empty,C:\Users\Light\Videos\空轨道.mp4,1170,False,0.1450519859790802,281.3793029785156,2.3168625831604004,307.18359375,20.03415298461914
empty,C:\Users\Light\Videos\空轨道.mp4,1171,False,0.1475917398929596,281.38482666015625,2.3180391788482666,307.1834716796875,20.03554344177246
empty,C:\Users\Light\Videos\空轨道.mp4,1172,False,0.07915789633989334,281.5345764160156,2.3848249912261963,307.3649597167969,19.947711944580078
empty,C:\Users\Light\Videos\空轨道.mp4,1173,False,0.2908785045146942,281.4259948730469,1.6389193534851074,306.5215759277344,19.779516220092773
empty,C:\Users\Light\Videos\空轨道.mp4,1174,False,0.2958908677101135,281.4194641113281,1.629641056060791,306.50604248046875,19.77346420288086
empty,C:\Users\Light\Videos\空轨道.mp4,1175,False,0.11753538250923157,281.64483642578125,2.263321876525879,307.3105773925781,19.9641170501709
empty,C:\Users\Light\Videos\空轨道.mp4,1176,False,0.15288576483726501,281.4679870605469,2.1924571990966797,307.0573425292969,19.77787971496582
empty,C:\Users\Light\Videos\空轨道.mp4,1177,False,0.15386705100536346,281.477294921875,2.201892375946045,307.06170654296875,19.778440475463867
empty,C:\Users\Light\Videos\空轨道.mp4,1178,False,0.20180019736289978,282.17047119140625,2.3410892486572266,307.13800048828125,19.716920852661133
empty,C:\Users\Light\Videos\空轨道.mp4,1179,False,0.20142680406570435,282.1710205078125,2.3433191776275635,307.1334533691406,19.711923599243164
empty,C:\Users\Light\Videos\空轨道.mp4,1180,False,0.16260692477226257,282.1230163574219,2.2762980461120605,307.38116455078125,19.70954704284668
empty,C:\Users\Light\Videos\空轨道.mp4,1181,False,0.18666143715381622,281.869140625,2.296513080596924,307.12066650390625,19.767189025878906
empty,C:\Users\Light\Videos\空轨道.mp4,1182,False,0.18566283583641052,281.86785888671875,2.3025193214416504,307.117919921875,19.76589012145996
empty,C:\Users\Light\Videos\空轨道.mp4,1183,False,0.1093229204416275,281.5308837890625,2.772552490234375,307.8074645996094,20.540447235107422
empty,C:\Users\Light\Videos\空轨道.mp4,1184,False,0.17641624808311462,282.0027770996094,2.6880393028259277,307.68988037109375,20.30600357055664
empty,C:\Users\Light\Videos\空轨道.mp4,1185,False,0.17790620028972626,281.98504638671875,2.638319730758667,307.6439514160156,20.247621536254883
empty,C:\Users\Light\Videos\空轨道.mp4,1186,False,0.13643863797187805,281.7955627441406,2.5091519355773926,307.4927673339844,20.117881774902344
empty,C:\Users\Light\Videos\空轨道.mp4,1187,False,0.10001323372125626,281.6581115722656,2.650690793991089,307.8277282714844,20.536144256591797
empty,C:\Users\Light\Videos\空轨道.mp4,1188,False,0.10009602457284927,281.6549987792969,2.6487858295440674,307.8269348144531,20.537063598632812
empty,C:\Users\Light\Videos\空轨道.mp4,1189,False,0.08930571377277374,281.42608642578125,2.2076072692871094,307.30999755859375,19.81068992614746
empty,C:\Users\Light\Videos\空轨道.mp4,1190,False,0.19677479565143585,281.78125,2.1173455715179443,306.9771728515625,19.603944778442383
empty,C:\Users\Light\Videos\空轨道.mp4,1191,False,0.07419851422309875,282.2663269042969,3.9134023189544678,308.31732177734375,22.847719192504883
empty,C:\Users\Light\Videos\空轨道.mp4,1192,False,0.07544181495904922,282.2693176269531,3.8706750869750977,308.29541015625,22.813989639282227
empty,C:\Users\Light\Videos\空轨道.mp4,1193,False,0.15196813642978668,281.2767028808594,2.4029557704925537,307.17547607421875,19.972991943359375
empty,C:\Users\Light\Videos\空轨道.mp4,1194,False,0.1662137657403946,281.6044616699219,2.5071349143981934,307.4912414550781,20.160642623901367
empty,C:\Users\Light\Videos\空轨道.mp4,1195,False,0.1663500815629959,281.608154296875,2.505330801010132,307.4909973144531,20.15638542175293
empty,C:\Users\Light\Videos\空轨道.mp4,1196,False,0.14364217221736908,281.367919921875,2.7267324924468994,307.4695739746094,20.379669189453125
empty,C:\Users\Light\Videos\空轨道.mp4,1197,False,0.12352104485034943,281.25213623046875,2.273754358291626,307.21240234375,20.02487564086914
empty,C:\Users\Light\Videos\空轨道.mp4,1198,False,0.123160220682621,281.2611389160156,2.275390386581421,307.21197509765625,20.02312660217285
empty,C:\Users\Light\Videos\空轨道.mp4,1199,False,0.12919263541698456,281.4150390625,2.385967969894409,307.3054504394531,20.088455200195312
empty,C:\Users\Light\Videos\空轨道.mp4,1200,False,0.07133328914642334,281.98590087890625,3.6991944313049316,308.0869140625,22.617643356323242
empty,C:\Users\Light\Videos\空轨道.mp4,1201,False,0.06882577389478683,281.9770812988281,3.777331829071045,308.1403503417969,22.683868408203125
empty,C:\Users\Light\Videos\空轨道.mp4,1202,False,0.12495201081037521,281.09918212890625,2.1277220249176025,307.01904296875,19.819744110107422
empty,C:\Users\Light\Videos\空轨道.mp4,1203,False,0.12455707043409348,281.099609375,2.129626989364624,307.0189208984375,19.81869125366211
empty,C:\Users\Light\Videos\空轨道.mp4,1204,False,0.22078008949756622,281.36993408203125,2.0912811756134033,306.80712890625,19.86290740966797
empty,C:\Users\Light\Videos\空轨道.mp4,1205,False,0.07448332756757736,281.6639404296875,3.4337096214294434,307.70977783203125,22.37452507019043
empty,C:\Users\Light\Videos\空轨道.mp4,1206,False,0.07815920561552048,281.7333984375,3.343571186065674,307.7004089355469,22.309532165527344
empty,C:\Users\Light\Videos\空轨道.mp4,1207,False,0.07212044298648834,281.1953125,2.3360579013824463,307.33343505859375,20.02393341064453
empty,C:\Users\Light\Videos\空轨道.mp4,1208,False,0.056616272777318954,281.71759033203125,3.9476804733276367,308.23724365234375,22.823020935058594
empty,C:\Users\Light\Videos\空轨道.mp4,1209,False,0.056072480976581573,281.6993713378906,3.944397211074829,308.2397155761719,22.822237014770508
empty,C:\Users\Light\Videos\空轨道.mp4,1210,False,0.10163036733865738,281.3229064941406,2.2960424423217773,307.2128601074219,19.973037719726562
empty,C:\Users\Light\Videos\空轨道.mp4,1211,False,0.17057529091835022,281.19427490234375,2.020282030105591,306.9783630371094,19.896682739257812
empty,C:\Users\Light\Videos\空轨道.mp4,1212,False,0.16451029479503632,281.1847229003906,2.0392868518829346,307.0182800292969,19.890586853027344
empty,C:\Users\Light\Videos\空轨道.mp4,1213,False,0.08218004554510117,281.54315185546875,3.162106513977051,307.4017333984375,22.143083572387695
empty,C:\Users\Light\Videos\空轨道.mp4,1214,False,0.04222780838608742,281.2073974609375,2.6627817153930664,307.6208801269531,20.61458396911621
empty,C:\Users\Light\Videos\空轨道.mp4,1215,False,0.09036318212747574,281.63311767578125,2.7815730571746826,307.2918701171875,21.853057861328125
empty,C:\Users\Light\Videos\空轨道.mp4,1216,False,0.0903610959649086,281.63214111328125,2.7784690856933594,307.289794921875,21.849763870239258
empty,C:\Users\Light\Videos\空轨道.mp4,1217,False,0.19472087919712067,281.65313720703125,2.3656744956970215,307.200439453125,19.983413696289062
empty,C:\Users\Light\Videos\空轨道.mp4,1218,False,0.1432199329137802,281.6673889160156,2.3839845657348633,307.45257568359375,19.98280906677246
empty,C:\Users\Light\Videos\空轨道.mp4,1219,False,0.14094963669776917,281.62738037109375,2.3612258434295654,307.4369201660156,19.964813232421875
empty,C:\Users\Light\Videos\空轨道.mp4,1220,False,0.1861138790845871,281.4712829589844,2.394080877304077,307.2981262207031,20.347463607788086
empty,C:\Users\Light\Videos\空轨道.mp4,1221,False,0.07358746230602264,281.6954040527344,3.408115863800049,307.7729797363281,22.319303512573242
empty,C:\Users\Light\Videos\空轨道.mp4,1222,False,0.07359038293361664,281.69482421875,3.407902956008911,307.7729187011719,22.31966209411621
empty,C:\Users\Light\Videos\空轨道.mp4,1223,False,0.13685576617717743,281.46240234375,2.232102870941162,307.1372985839844,19.881711959838867
empty,C:\Users\Light\Videos\空轨道.mp4,1224,False,0.13772472739219666,281.460693359375,2.2290549278259277,307.12628173828125,19.874719619750977
empty,C:\Users\Light\Videos\空轨道.mp4,1225,False,0.22888177633285522,281.3915710449219,1.8541018962860107,306.8150939941406,19.8486328125
empty,C:\Users\Light\Videos\空轨道.mp4,1226,False,0.1172109991312027,281.2216796875,2.1264333724975586,307.1119079589844,19.795852661132812
empty,C:\Users\Light\Videos\空轨道.mp4,1227,False,0.1157311201095581,281.2096252441406,2.1370227336883545,307.120361328125,19.810152053833008
empty,C:\Users\Light\Videos\空轨道.mp4,1228,False,0.12519659101963043,281.2205505371094,2.2164037227630615,307.1119384765625,19.916650772094727
empty,C:\Users\Light\Videos\空轨道.mp4,1229,False,0.14426784217357635,281.3890380859375,2.4110350608825684,307.33428955078125,20.278841018676758
empty,C:\Users\Light\Videos\空轨道.mp4,1230,False,0.1422993540763855,281.3810119628906,2.4036953449249268,307.3320007324219,20.273954391479492
empty,C:\Users\Light\Videos\空轨道.mp4,1231,False,0.06601596623659134,281.9224853515625,3.6965835094451904,308.1725769042969,22.60415267944336
empty,C:\Users\Light\Videos\空轨道.mp4,1232,False,0.14165648818016052,281.2286682128906,2.2243149280548096,307.0318908691406,19.81317710876465
empty,C:\Users\Light\Videos\空轨道.mp4,1233,False,0.14667223393917084,281.25811767578125,2.220874786376953,307.0377502441406,19.816516876220703
empty,C:\Users\Light\Videos\空轨道.mp4,1234,False,0.12425043433904648,281.32891845703125,2.466099739074707,307.41717529296875,20.383703231811523
empty,C:\Users\Light\Videos\空轨道.mp4,1235,False,0.11890576034784317,281.26190185546875,2.4764201641082764,307.4090881347656,20.403806686401367
empty,C:\Users\Light\Videos\空轨道.mp4,1236,False,0.06177549809217453,281.026123046875,2.3978235721588135,307.3287658691406,20.30683135986328
empty,C:\Users\Light\Videos\空轨道.mp4,1237,False,0.19341479241847992,280.97650146484375,2.054593801498413,306.6246032714844,20.083637237548828
empty,C:\Users\Light\Videos\空轨道.mp4,1238,False,0.09966736286878586,280.8590393066406,2.4086034297943115,307.2074279785156,20.290023803710938
empty,C:\Users\Light\Videos\空轨道.mp4,1239,False,0.09782414883375168,281.2074279785156,2.7269790172576904,307.4086608886719,20.390539169311523
empty,C:\Users\Light\Videos\空轨道.mp4,1240,False,0.09740075469017029,281.1999206542969,2.7184627056121826,307.3995361328125,20.384218215942383
empty,C:\Users\Light\Videos\空轨道.mp4,1241,False,0.07979811728000641,281.7617492675781,3.0909616947174072,307.6833801269531,22.0523624420166
empty,C:\Users\Light\Videos\空轨道.mp4,1242,False,0.15719139575958252,281.51904296875,2.1250550746917725,307.03497314453125,19.714859008789062
empty,C:\Users\Light\Videos\空轨道.mp4,1243,False,0.15732528269290924,281.5172424316406,2.1245620250701904,307.03411865234375,19.713693618774414
empty,C:\Users\Light\Videos\空轨道.mp4,1244,False,0.11043050140142441,281.04736328125,2.2819008827209473,307.1370544433594,19.985790252685547
empty,C:\Users\Light\Videos\空轨道.mp4,1245,False,0.18199191987514496,281.1544189453125,2.054941177368164,306.7885437011719,20.070661544799805
empty,C:\Users\Light\Videos\空轨道.mp4,1246,False,0.17863957583904266,281.1391296386719,2.0675923824310303,306.8133850097656,20.07335090637207
empty,C:\Users\Light\Videos\空轨道.mp4,1247,False,0.17664100229740143,281.5069274902344,2.375994920730591,307.1692199707031,20.011159896850586
empty,C:\Users\Light\Videos\空轨道.mp4,1248,False,0.17084871232509613,281.4971008300781,2.3768913745880127,307.17864990234375,20.01216697692871
empty,C:\Users\Light\Videos\空轨道.mp4,1249,False,0.06926898658275604,281.8406982421875,3.5583279132843018,308.0185546875,22.4666805267334
empty,C:\Users\Light\Videos\空轨道.mp4,1250,False,0.10870961099863052,281.08404541015625,2.183335781097412,307.1099853515625,19.830299377441406
empty,C:\Users\Light\Videos\空轨道.mp4,1251,False,0.1092950701713562,281.1414794921875,2.1874258518218994,307.1228942871094,19.80354118347168
empty,C:\Users\Light\Videos\空轨道.mp4,1252,False,0.07839322090148926,281.2975158691406,2.3469161987304688,307.32928466796875,20.07151222229004
empty,C:\Users\Light\Videos\空轨道.mp4,1253,False,0.1781366914510727,281.51007080078125,2.361349105834961,307.1807556152344,20.046232223510742
empty,C:\Users\Light\Videos\空轨道.mp4,1254,False,0.17647966742515564,281.5090026855469,2.367030382156372,307.18975830078125,20.050020217895508
empty,C:\Users\Light\Videos\空轨道.mp4,1255,False,0.18774354457855225,281.6827697753906,2.4157638549804688,307.1513366699219,20.13484764099121
empty,C:\Users\Light\Videos\空轨道.mp4,1256,False,0.11454278230667114,281.33599853515625,2.278740882873535,307.18072509765625,19.845874786376953
empty,C:\Users\Light\Videos\空轨道.mp4,1257,False,0.11454799771308899,281.33740234375,2.2773849964141846,307.18353271484375,19.845247268676758
empty,C:\Users\Light\Videos\空轨道.mp4,1258,False,0.17186367511749268,281.0865783691406,2.1838512420654297,306.9261474609375,20.051252365112305
empty,C:\Users\Light\Videos\空轨道.mp4,1259,False,0.1709231436252594,281.087890625,2.190305709838867,306.9348449707031,20.053808212280273
empty,C:\Users\Light\Videos\空轨道.mp4,1260,False,0.1728394627571106,281.18231201171875,2.0203380584716797,306.8730163574219,19.668466567993164
empty,C:\Users\Light\Videos\空轨道.mp4,1261,False,0.1033608466386795,281.08056640625,2.20005464553833,306.96917724609375,19.929716110229492
empty,C:\Users\Light\Videos\空轨道.mp4,1262,False,0.06957340240478516,281.4343566894531,3.3050460815429688,307.6063537597656,22.207223892211914
