video,video_path,frame_id,expected_ball,confidence,x1,y1,x2,y2
normal,C:\Users\Light\Videos\正常往返.mp4,0,True,0.10030350089073181,400.65087890625,35.31824493408203,428.315185546875,58.002830505371094
normal,C:\Users\Light\Videos\正常往返.mp4,1,True,0.14428871870040894,399.93341064453125,35.6730842590332,427.8858337402344,58.263404846191406
normal,C:\Users\Light\Videos\正常往返.mp4,2,True,0.11738443374633789,399.807373046875,36.79725646972656,425.8471984863281,57.561954498291016
normal,C:\Users\Light\Videos\正常往返.mp4,3,True,0.19307997822761536,399.3310852050781,35.91698455810547,427.68646240234375,58.55316162109375
normal,C:\Users\Light\Videos\正常往返.mp4,4,True,0.14732880890369415,397.5889892578125,38.92559814453125,424.1260070800781,59.489845275878906
normal,C:\Users\Light\Videos\正常往返.mp4,5,True,0.09246955066919327,398.9202880859375,36.30889129638672,425.2705383300781,56.89595413208008
normal,C:\Users\Light\Videos\正常往返.mp4,6,True,0.10217348486185074,399.5664367675781,35.45295715332031,425.71697998046875,56.080047607421875
normal,C:\Users\Light\Videos\正常往返.mp4,7,True,0.17591258883476257,397.75628662109375,40.215614318847656,423.9495849609375,61.188602447509766
normal,C:\Users\Light\Videos\正常往返.mp4,8,True,0.11088200658559799,399.6715393066406,36.2537841796875,425.7572937011719,56.95241165161133
normal,C:\Users\Light\Videos\正常往返.mp4,9,True,0.08642932027578354,398.7853088378906,35.4875373840332,425.24371337890625,56.04035949707031
normal,C:\Users\Light\Videos\正常往返.mp4,10,True,0.11727694422006607,399.96051025390625,36.379913330078125,425.9761657714844,57.14815139770508
normal,C:\Users\Light\Videos\正常往返.mp4,11,True,0.11635403335094452,399.9983825683594,35.823707580566406,427.7288513183594,58.50080871582031
normal,C:\Users\Light\Videos\正常往返.mp4,12,True,0.10686172544956207,399.6856384277344,35.90494918823242,425.7750244140625,56.52737808227539
normal,C:\Users\Light\Videos\正常往返.mp4,13,True,0.12366287410259247,400.2472839355469,35.39590072631836,427.83673095703125,58.06282424926758
normal,C:\Users\Light\Videos\正常往返.mp4,14,True,0.12413501739501953,400.244873046875,35.30744171142578,427.98663330078125,57.8363151550293
normal,C:\Users\Light\Videos\正常往返.mp4,15,True,0.10415823012590408,399.4076232910156,36.16386795043945,425.55792236328125,56.800819396972656
normal,C:\Users\Light\Videos\正常往返.mp4,16,True,0.10467337816953659,399.4281311035156,36.19649887084961,425.5731201171875,56.838111877441406
normal,C:\Users\Light\Videos\正常往返.mp4,17,True,0.10006435215473175,399.4964599609375,35.7121467590332,425.6689758300781,56.309383392333984
normal,C:\Users\Light\Videos\正常往返.mp4,18,True,0.17088942229747772,399.8035888671875,35.84392547607422,427.8067626953125,58.30027389526367
normal,C:\Users\Light\Videos\正常往返.mp4,19,True,0.12014541029930115,397.2330017089844,39.56980895996094,423.8578796386719,59.801429748535156
normal,C:\Users\Light\Videos\正常往返.mp4,20,True,0.15434375405311584,397.8896789550781,38.91472625732422,424.33209228515625,59.51738739013672
normal,C:\Users\Light\Videos\正常往返.mp4,21,True,0.09976422041654587,399.45513916015625,35.503204345703125,425.6683654785156,56.13092041015625
normal,C:\Users\Light\Videos\正常往返.mp4,22,True,0.10661464184522629,399.36724853515625,36.58269119262695,425.5052490234375,57.26061248779297
normal,C:\Users\Light\Videos\正常往返.mp4,23,True,0.11861083656549454,399.880859375,36.791656494140625,425.8974914550781,57.570247650146484
normal,C:\Users\Light\Videos\正常往返.mp4,24,True,0.13216756284236908,399.87750244140625,35.81019592285156,427.6444396972656,58.487518310546875
normal,C:\Users\Light\Videos\正常往返.mp4,25,True,0.08966469764709473,399.0484619140625,35.29625701904297,425.39794921875,55.876956939697266
normal,C:\Users\Light\Videos\正常往返.mp4,26,True,0.10718119889497757,399.6769714355469,35.99439239501953,425.7890625,56.64707946777344
normal,C:\Users\Light\Videos\正常往返.mp4,27,True,0.17743919789791107,399.5594787597656,36.025814056396484,427.546875,58.57566452026367
normal,C:\Users\Light\Videos\正常往返.mp4,28,True,0.15033258497714996,397.5481262207031,40.10544204711914,423.8649597167969,60.61079406738281
normal,C:\Users\Light\Videos\正常往返.mp4,29,True,0.13838016986846924,397.6186218261719,39.2351188659668,424.149169921875,59.69295883178711
normal,C:\Users\Light\Videos\正常往返.mp4,30,True,0.11837472766637802,399.9916687011719,36.74669647216797,426.0186767578125,57.52842712402344
normal,C:\Users\Light\Videos\正常往返.mp4,31,True,0.12634126842021942,397.43194580078125,40.07747268676758,423.8887939453125,60.30420684814453
normal,C:\Users\Light\Videos\正常往返.mp4,32,True,0.13155432045459747,397.42755126953125,39.90705490112305,423.872314453125,60.174041748046875
normal,C:\Users\Light\Videos\正常往返.mp4,33,True,0.11291463673114777,399.76458740234375,36.35481262207031,425.85400390625,57.110679626464844
normal,C:\Users\Light\Videos\正常往返.mp4,34,True,0.11004319041967392,399.8365783691406,35.72803497314453,425.9244689941406,56.437644958496094
normal,C:\Users\Light\Videos\正常往返.mp4,35,True,0.08725415915250778,398.6390075683594,35.93500518798828,425.1084289550781,56.516868591308594
normal,C:\Users\Light\Videos\正常往返.mp4,36,True,0.1020960584282875,399.3179016113281,36.35683059692383,425.49139404296875,56.98553466796875
normal,C:\Users\Light\Videos\正常往返.mp4,37,True,0.10512574017047882,399.3997802734375,36.442665100097656,425.5592041015625,57.10830307006836
normal,C:\Users\Light\Videos\正常往返.mp4,38,True,0.10533003509044647,399.4113464355469,36.42798614501953,425.56549072265625,57.090084075927734
normal,C:\Users\Light\Videos\正常往返.mp4,39,True,0.11492536962032318,399.91436767578125,36.15214920043945,425.94781494140625,56.88820266723633
normal,C:\Users\Light\Videos\正常往返.mp4,40,True,0.10262206196784973,399.46917724609375,36.258399963378906,425.62060546875,56.88777542114258
normal,C:\Users\Light\Videos\正常往返.mp4,41,True,0.1020536869764328,399.4414367675781,36.16458511352539,425.6029052734375,56.755550384521484
normal,C:\Users\Light\Videos\正常往返.mp4,42,True,0.15145331621170044,397.609130859375,40.07668685913086,423.9054260253906,60.55501174926758
normal,C:\Users\Light\Videos\正常往返.mp4,43,True,0.12251825630664825,397.4277648925781,39.36396408081055,424.0586242675781,59.66720962524414
normal,C:\Users\Light\Videos\正常往返.mp4,44,True,0.114845409989357,399.82012939453125,36.7257194519043,425.86285400390625,57.44075393676758
normal,C:\Users\Light\Videos\正常往返.mp4,45,True,0.12931838631629944,397.5978698730469,39.236351013183594,424.1507568359375,59.55667495727539
normal,C:\Users\Light\Videos\正常往返.mp4,46,True,0.1063050627708435,399.3216247558594,36.37478256225586,425.47601318359375,57.05139923095703
normal,C:\Users\Light\Videos\正常往返.mp4,47,True,0.11973168700933456,397.3785095214844,40.816688537597656,423.7869567871094,60.95731735229492
normal,C:\Users\Light\Videos\正常往返.mp4,48,True,0.10746658593416214,399.5950927734375,36.43701934814453,425.7193603515625,57.114131927490234
normal,C:\Users\Light\Videos\正常往返.mp4,49,True,0.1508943736553192,397.47412109375,40.1507568359375,423.7958068847656,60.667808532714844
normal,C:\Users\Light\Videos\正常往返.mp4,50,True,0.10413919389247894,398.9103698730469,37.027042388916016,425.126708984375,57.736515045166016
normal,C:\Users\Light\Videos\正常往返.mp4,51,True,0.11374477297067642,399.796875,36.42319107055664,425.85455322265625,57.1458854675293
normal,C:\Users\Light\Videos\正常往返.mp4,52,True,0.11436515301465988,399.8358154296875,36.63163757324219,425.89483642578125,57.34685134887695
normal,C:\Users\Light\Videos\正常往返.mp4,53,True,0.13552206754684448,397.46783447265625,39.28599166870117,423.98486328125,59.62339401245117
normal,C:\Users\Light\Videos\正常往返.mp4,54,True,0.1147565171122551,399.80377197265625,36.57487106323242,425.8756103515625,57.326297760009766
normal,C:\Users\Light\Videos\正常往返.mp4,55,True,0.10348787158727646,399.3834228515625,36.29909896850586,425.5525207519531,56.949363708496094
normal,C:\Users\Light\Videos\正常往返.mp4,56,True,0.1102820485830307,399.3452453613281,36.929664611816406,425.4523010253906,57.63649368286133
normal,C:\Users\Light\Videos\正常往返.mp4,57,True,0.11774202436208725,399.9511413574219,36.717071533203125,425.970458984375,57.474369049072266
normal,C:\Users\Light\Videos\正常往返.mp4,58,True,0.08982978016138077,398.8742980957031,35.857505798339844,425.28302001953125,56.44340515136719
normal,C:\Users\Light\Videos\正常往返.mp4,59,True,0.09753672778606415,398.9976806640625,36.32184600830078,425.29229736328125,57.01087951660156
normal,C:\Users\Light\Videos\正常往返.mp4,60,True,0.09710629284381866,398.9732971191406,36.3156623840332,425.2767028808594,57.00290298461914
normal,C:\Users\Light\Videos\正常往返.mp4,61,True,0.12519824504852295,397.2951965332031,39.138614654541016,423.9845886230469,59.52052688598633
normal,C:\Users\Light\Videos\正常往返.mp4,62,True,0.10350069403648376,399.2395935058594,36.77177810668945,425.4252014160156,57.44687271118164
normal,C:\Users\Light\Videos\正常往返.mp4,63,True,0.1325126588344574,399.5638732910156,35.91823959350586,427.5809326171875,58.73411178588867
normal,C:\Users\Light\Videos\正常往返.mp4,64,True,0.11538473516702652,399.8080749511719,36.394256591796875,425.86395263671875,57.178226470947266
normal,C:\Users\Light\Videos\正常往返.mp4,65,True,0.11144765466451645,399.3707580566406,36.98501968383789,425.4927978515625,57.74666976928711
normal,C:\Users\Light\Videos\正常往返.mp4,66,True,0.10948287695646286,399.7333984375,36.31588363647461,425.8448791503906,57.02809143066406
normal,C:\Users\Light\Videos\正常往返.mp4,67,True,0.1128254234790802,399.70068359375,36.86812210083008,425.8236999511719,57.663612365722656
normal,C:\Users\Light\Videos\正常往返.mp4,68,True,0.1509416401386261,397.4632263183594,39.46483612060547,423.8726806640625,59.9476432800293
normal,C:\Users\Light\Videos\正常往返.mp4,69,True,0.14765934646129608,397.3575439453125,40.40407180786133,423.6580505371094,60.83067321777344
normal,C:\Users\Light\Videos\正常往返.mp4,70,True,0.14871151745319366,397.2559509277344,39.706092834472656,423.7723388671875,60.23161697387695
normal,C:\Users\Light\Videos\正常往返.mp4,71,True,0.15805843472480774,397.3160705566406,40.388004302978516,423.71710205078125,61.03871536254883
normal,C:\Users\Light\Videos\正常往返.mp4,72,True,0.09647097438573837,399.2635192871094,35.97682189941406,425.5361633300781,56.6134147644043
normal,C:\Users\Light\Videos\正常往返.mp4,73,True,0.10930418968200684,399.7907409667969,36.044193267822266,425.90435791015625,56.76370620727539
normal,C:\Users\Light\Videos\正常往返.mp4,74,True,0.12219766527414322,399.8353271484375,37.022850036621094,425.9047546386719,58.00273895263672
normal,C:\Users\Light\Videos\正常往返.mp4,75,True,0.11283212900161743,399.4892883300781,37.09010696411133,425.5949401855469,57.837547302246094
normal,C:\Users\Light\Videos\正常往返.mp4,76,True,0.10959213972091675,399.5112609863281,36.80088806152344,425.66943359375,57.584590911865234
normal,C:\Users\Light\Videos\正常往返.mp4,77,True,0.11258372664451599,399.66986083984375,36.9240608215332,425.7944030761719,57.71565246582031
normal,C:\Users\Light\Videos\正常往返.mp4,78,True,0.11985544115304947,399.9459228515625,36.53468704223633,425.9803771972656,57.40354919433594
normal,C:\Users\Light\Videos\正常往返.mp4,79,True,0.0963066890835762,399.2569274902344,35.938209533691406,425.54571533203125,56.57045364379883
normal,C:\Users\Light\Videos\正常往返.mp4,80,True,0.11920017749071121,397.0125732421875,39.901004791259766,423.64935302734375,60.026485443115234
normal,C:\Users\Light\Videos\正常往返.mp4,81,True,0.1832500845193863,397.87457275390625,40.009273529052734,424.0744934082031,60.96231460571289
normal,C:\Users\Light\Videos\正常往返.mp4,82,True,0.11270736902952194,399.5218811035156,36.698089599609375,425.6249084472656,57.449920654296875
normal,C:\Users\Light\Videos\正常往返.mp4,83,True,0.1615951955318451,399.80914306640625,35.597129821777344,427.94140625,58.441734313964844
normal,C:\Users\Light\Videos\正常往返.mp4,84,True,0.1251235157251358,399.9372253417969,35.56884765625,427.7367858886719,58.216365814208984
normal,C:\Users\Light\Videos\正常往返.mp4,85,True,0.11748036742210388,399.58489990234375,36.779239654541016,425.6405334472656,57.51542663574219
normal,C:\Users\Light\Videos\正常往返.mp4,86,True,0.13215689361095428,396.30792236328125,40.35319900512695,422.84698486328125,60.444122314453125
normal,C:\Users\Light\Videos\正常往返.mp4,87,True,0.16704493761062622,397.1979064941406,39.872474670410156,423.4677734375,60.368682861328125
normal,C:\Users\Light\Videos\正常往返.mp4,88,True,0.10320346802473068,399.4171447753906,36.02001190185547,425.5856018066406,56.65229797363281
normal,C:\Users\Light\Videos\正常往返.mp4,89,True,0.18190328776836395,397.3830871582031,39.545562744140625,423.69561767578125,60.379150390625
normal,C:\Users\Light\Videos\正常往返.mp4,90,True,0.11530827730894089,399.4495849609375,36.79026412963867,425.5370178222656,57.56141662597656
normal,C:\Users\Light\Videos\正常往返.mp4,91,True,0.09245471656322479,399.2357482910156,35.40842819213867,425.5613708496094,55.97007751464844
normal,C:\Users\Light\Videos\正常往返.mp4,92,True,0.10373277962207794,399.5177307128906,35.9440803527832,425.68548583984375,56.59062194824219
normal,C:\Users\Light\Videos\正常往返.mp4,93,True,0.09548074752092361,399.35528564453125,35.104888916015625,425.6161804199219,55.67294692993164
normal,C:\Users\Light\Videos\正常往返.mp4,94,True,0.0999872237443924,399.3898010253906,35.77671432495117,425.62298583984375,56.42146301269531
normal,C:\Users\Light\Videos\正常往返.mp4,95,True,0.08978772163391113,398.6092529296875,36.14591598510742,425.0834045410156,56.709808349609375
normal,C:\Users\Light\Videos\正常往返.mp4,96,True,0.1602715402841568,400.0343017578125,35.3427619934082,428.1224365234375,58.14698028564453
normal,C:\Users\Light\Videos\正常往返.mp4,97,True,0.10440933704376221,399.2806396484375,36.74506378173828,425.47735595703125,57.450233459472656
normal,C:\Users\Light\Videos\正常往返.mp4,98,True,0.11146418750286102,399.76849365234375,36.24557876586914,425.8520812988281,56.96590042114258
normal,C:\Users\Light\Videos\正常往返.mp4,99,True,0.11416520923376083,399.8115234375,36.62303161621094,425.850830078125,57.314308166503906
normal,C:\Users\Light\Videos\正常往返.mp4,100,True,0.09951180964708328,399.3015441894531,36.02951431274414,425.5216369628906,56.611106872558594
normal,C:\Users\Light\Videos\正常往返.mp4,101,True,0.2193411886692047,399.7014465332031,35.67978286743164,427.8046569824219,58.29749298095703
normal,C:\Users\Light\Videos\正常往返.mp4,102,True,0.1692960262298584,398.1080017089844,39.625457763671875,424.351318359375,60.28782272338867
normal,C:\Users\Light\Videos\正常往返.mp4,103,True,0.16692565381526947,397.4412536621094,39.16972351074219,423.8079528808594,59.727787017822266
normal,C:\Users\Light\Videos\正常往返.mp4,104,True,0.16854016482830048,397.2301940917969,38.9413948059082,423.6551513671875,59.5449104309082
normal,C:\Users\Light\Videos\正常往返.mp4,105,True,0.1684880405664444,397.2269287109375,38.937339782714844,423.6532287597656,59.54107666015625
normal,C:\Users\Light\Videos\正常往返.mp4,106,True,0.1690920889377594,399.4093933105469,36.27583694458008,427.64337158203125,59.1640510559082
normal,C:\Users\Light\Videos\正常往返.mp4,107,True,0.10051582008600235,400.25616455078125,35.362327575683594,428.02471923828125,58.47877883911133
normal,C:\Users\Light\Videos\正常往返.mp4,108,True,0.08094428479671478,398.4036865234375,35.769901275634766,425.0795593261719,56.25387191772461
normal,C:\Users\Light\Videos\正常往返.mp4,109,True,0.08146452903747559,398.4886474609375,35.25172805786133,425.1354675292969,55.759273529052734
normal,C:\Users\Light\Videos\正常往返.mp4,110,True,0.1372399479150772,399.77423095703125,35.735252380371094,427.80975341796875,58.755828857421875
normal,C:\Users\Light\Videos\正常往返.mp4,111,True,0.17560768127441406,397.8524169921875,39.457664489746094,424.135986328125,60.28067398071289
normal,C:\Users\Light\Videos\正常往返.mp4,112,True,0.10878154635429382,399.66845703125,35.820438385009766,425.7568664550781,56.482669830322266
normal,C:\Users\Light\Videos\正常往返.mp4,113,True,0.12231898307800293,396.523193359375,39.70488357543945,423.1982727050781,59.8194694519043
normal,C:\Users\Light\Videos\正常往返.mp4,114,True,0.1617118865251541,399.5599365234375,35.84278106689453,427.7156677246094,58.59580993652344
normal,C:\Users\Light\Videos\正常往返.mp4,115,True,0.10853659361600876,396.5565185546875,41.36419677734375,423.1145935058594,61.18443298339844
normal,C:\Users\Light\Videos\正常往返.mp4,116,True,0.19715112447738647,397.6225280761719,39.54582977294922,423.7668762207031,60.493404388427734
normal,C:\Users\Light\Videos\正常往返.mp4,117,True,0.16027317941188812,397.5475769042969,40.933048248291016,423.6618347167969,61.406036376953125
normal,C:\Users\Light\Videos\正常往返.mp4,118,True,0.13087840378284454,396.7553405761719,39.681396484375,423.2829284667969,59.81866455078125
normal,C:\Users\Light\Videos\正常往返.mp4,119,True,0.16362780332565308,397.3541259765625,40.01945114135742,423.605712890625,60.54022216796875
normal,C:\Users\Light\Videos\正常往返.mp4,120,True,0.16553783416748047,397.6070251464844,40.51861572265625,423.775390625,61.11957550048828
normal,C:\Users\Light\Videos\正常往返.mp4,121,True,0.17077642679214478,397.3902893066406,39.109371185302734,423.7711486816406,59.771331787109375
normal,C:\Users\Light\Videos\正常往返.mp4,122,True,0.11831328272819519,396.3169860839844,41.11964416503906,422.79840087890625,61.05610656738281
normal,C:\Users\Light\Videos\正常往返.mp4,123,True,0.12364623695611954,396.67999267578125,40.837890625,423.1235046386719,60.85023498535156
normal,C:\Users\Light\Videos\正常往返.mp4,124,True,0.09902770817279816,399.0404052734375,36.3192024230957,425.3030090332031,56.95359802246094
normal,C:\Users\Light\Videos\正常往返.mp4,125,True,0.11395666748285294,399.5431213378906,36.58466339111328,425.63165283203125,57.35074996948242
normal,C:\Users\Light\Videos\正常往返.mp4,126,True,0.12484657764434814,396.95574951171875,39.09312057495117,423.6549987792969,59.316402435302734
normal,C:\Users\Light\Videos\正常往返.mp4,127,True,0.12754105031490326,396.9432373046875,39.09327697753906,423.6206359863281,59.34703826904297
normal,C:\Users\Light\Videos\正常往返.mp4,128,True,0.14833751320838928,397.1171875,39.163177490234375,423.65374755859375,59.63132858276367
normal,C:\Users\Light\Videos\正常往返.mp4,129,True,0.09667101502418518,399.2564392089844,35.73213577270508,425.50982666015625,56.320186614990234
normal,C:\Users\Light\Videos\正常往返.mp4,130,True,0.10850905627012253,399.5238952636719,36.369873046875,425.6506042480469,57.063255310058594
normal,C:\Users\Light\Videos\正常往返.mp4,131,True,0.10417667776346207,399.2801513671875,36.43663787841797,425.46405029296875,57.12535858154297
normal,C:\Users\Light\Videos\正常往返.mp4,132,True,0.17569579184055328,397.43328857421875,40.081260681152344,423.6522216796875,60.89629364013672
normal,C:\Users\Light\Videos\正常往返.mp4,133,True,0.10792338848114014,399.4022216796875,36.5842170715332,425.5299987792969,57.26957702636719
normal,C:\Users\Light\Videos\正常往返.mp4,134,True,0.08238373696804047,398.5984802246094,35.32761001586914,425.19342041015625,55.834129333496094
normal,C:\Users\Light\Videos\正常往返.mp4,135,True,0.18567244708538055,397.774658203125,39.55470657348633,424.0019226074219,60.46417999267578
normal,C:\Users\Light\Videos\正常往返.mp4,136,True,0.13686136901378632,397.0067138671875,39.505401611328125,423.5359191894531,59.78004837036133
normal,C:\Users\Light\Videos\正常往返.mp4,137,True,0.20783080160617828,399.3443908691406,35.973976135253906,427.6017761230469,58.58935546875
normal,C:\Users\Light\Videos\正常往返.mp4,138,True,0.12718088924884796,399.7026062011719,35.69675064086914,427.7781066894531,58.4663200378418
normal,C:\Users\Light\Videos\正常往返.mp4,139,True,0.2013416886329651,399.2535705566406,35.726016998291016,427.58428955078125,58.36309051513672
normal,C:\Users\Light\Videos\正常往返.mp4,140,True,0.11150696873664856,399.33148193359375,36.87982177734375,425.45269775390625,57.62560272216797
normal,C:\Users\Light\Videos\正常往返.mp4,141,True,0.16553427278995514,397.4744873046875,39.163536071777344,423.9075012207031,59.8858757019043
normal,C:\Users\Light\Videos\正常往返.mp4,142,True,0.11375685036182404,399.7387390136719,36.53927993774414,425.80914306640625,57.27130126953125
normal,C:\Users\Light\Videos\正常往返.mp4,143,True,0.19114992022514343,399.440673828125,35.87718200683594,427.6983337402344,58.5444221496582
normal,C:\Users\Light\Videos\正常往返.mp4,144,True,0.11032508313655853,400.34490966796875,35.44439697265625,428.2105712890625,58.237186431884766
normal,C:\Users\Light\Videos\正常往返.mp4,145,True,0.20555390417575836,399.3612976074219,35.73184585571289,427.4863586425781,58.40692901611328
normal,C:\Users\Light\Videos\正常往返.mp4,146,True,0.14703191816806793,399.5115661621094,35.83930587768555,427.70916748046875,58.59700012207031
normal,C:\Users\Light\Videos\正常往返.mp4,147,True,0.15512816607952118,397.03912353515625,39.60114288330078,423.474365234375,60.12921905517578
normal,C:\Users\Light\Videos\正常往返.mp4,148,True,0.15749351680278778,397.0591125488281,39.66362380981445,423.4652404785156,60.220970153808594
normal,C:\Users\Light\Videos\正常往返.mp4,149,True,0.12456705421209335,400.03497314453125,35.63529586791992,428.0239562988281,58.47474670410156
normal,C:\Users\Light\Videos\正常往返.mp4,150,True,0.10117492079734802,399.3350524902344,35.75412368774414,425.5106201171875,56.36274337768555
normal,C:\Users\Light\Videos\正常往返.mp4,151,True,0.16526809334754944,397.36798095703125,39.61579895019531,423.6732482910156,60.187442779541016
normal,C:\Users\Light\Videos\正常往返.mp4,152,True,0.1970362663269043,397.82171630859375,39.61855697631836,423.9306640625,60.59306716918945
normal,C:\Users\Light\Videos\正常往返.mp4,153,True,0.1413329690694809,399.7729797363281,35.90822219848633,428.0162048339844,58.64928436279297
normal,C:\Users\Light\Videos\正常往返.mp4,154,True,0.18800534307956696,399.9036865234375,35.2763557434082,427.9664611816406,57.817867279052734
normal,C:\Users\Light\Videos\正常往返.mp4,155,True,0.1635364145040512,399.59423828125,35.9716911315918,427.8716125488281,58.67461013793945
normal,C:\Users\Light\Videos\正常往返.mp4,156,True,0.16675429046154022,399.8484191894531,35.6297607421875,427.9451599121094,58.33837127685547
normal,C:\Users\Light\Videos\正常往返.mp4,157,True,0.13620255887508392,399.6456298828125,35.70607376098633,427.7481384277344,58.66447830200195
normal,C:\Users\Light\Videos\正常往返.mp4,158,True,0.11437972635030746,399.7008056640625,36.46283721923828,425.7701416015625,57.22995376586914
normal,C:\Users\Light\Videos\正常往返.mp4,159,True,0.10189826786518097,399.5190124511719,35.58538818359375,425.7088317871094,56.245243072509766
normal,C:\Users\Light\Videos\正常往返.mp4,160,True,0.10317351669073105,399.5554504394531,35.62216567993164,425.7317199707031,56.2943000793457
normal,C:\Users\Light\Videos\正常往返.mp4,161,True,0.11283694952726364,399.7965087890625,35.936058044433594,425.88232421875,56.733741760253906
normal,C:\Users\Light\Videos\正常往返.mp4,162,True,0.0837285965681076,398.83367919921875,35.4151725769043,425.3755187988281,55.926307678222656
normal,C:\Users\Light\Videos\正常往返.mp4,163,True,0.08301607519388199,398.7983703613281,35.422794342041016,425.3615417480469,55.93074417114258
normal,C:\Users\Light\Videos\正常往返.mp4,164,True,0.1118268072605133,399.82763671875,35.968238830566406,425.8684387207031,56.67336654663086
normal,C:\Users\Light\Videos\正常往返.mp4,165,True,0.14597004652023315,399.97528076171875,35.39598846435547,427.92633056640625,58.20589828491211
normal,C:\Users\Light\Videos\正常往返.mp4,166,True,0.14450900256633759,399.9839172363281,35.398990631103516,427.93365478515625,58.2093505859375
normal,C:\Users\Light\Videos\正常往返.mp4,167,True,0.12702113389968872,395.077392578125,43.66080093383789,421.8936462402344,64.27619171142578
normal,C:\Users\Light\Videos\正常往返.mp4,168,True,0.07439880073070526,398.42333984375,35.30390167236328,425.1884765625,55.692848205566406
normal,C:\Users\Light\Videos\正常往返.mp4,169,True,0.07407059520483017,398.4132385253906,35.30168151855469,425.18609619140625,55.6871337890625
normal,C:\Users\Light\Videos\正常往返.mp4,170,True,0.08639345318078995,398.67181396484375,35.91658020019531,425.1013488769531,56.37966537475586
normal,C:\Users\Light\Videos\正常往返.mp4,171,True,0.08703186362981796,398.710205078125,35.901206970214844,425.1192626953125,56.37164306640625
normal,C:\Users\Light\Videos\正常往返.mp4,172,True,0.09351196885108948,395.0697326660156,44.923343658447266,422.09881591796875,65.18029022216797
normal,C:\Users\Light\Videos\正常往返.mp4,173,True,0.12196655571460724,394.809326171875,50.66840362548828,421.7550048828125,71.81830596923828
normal,C:\Users\Light\Videos\正常往返.mp4,174,True,0.12148400396108627,394.80596923828125,50.69832229614258,421.75506591796875,71.84768676757812
normal,C:\Users\Light\Videos\正常往返.mp4,175,True,0.1266556829214096,395.1735534667969,49.861839294433594,422.0893859863281,71.0390853881836
normal,C:\Users\Light\Videos\正常往返.mp4,176,True,0.1976156383752823,396.38555908203125,46.73003387451172,422.901123046875,68.24272918701172
normal,C:\Users\Light\Videos\正常往返.mp4,177,True,0.1982806771993637,396.39447021484375,46.726539611816406,422.9045104980469,68.24555206298828
normal,C:\Users\Light\Videos\正常往返.mp4,178,True,0.14758913218975067,395.52362060546875,45.023590087890625,422.3668518066406,65.9571762084961
normal,C:\Users\Light\Videos\正常往返.mp4,179,True,0.11813849210739136,395.4810791015625,43.074405670166016,422.3397216796875,63.49656677246094
normal,C:\Users\Light\Videos\正常往返.mp4,180,True,0.11058271676301956,399.8079528808594,36.321197509765625,425.81585693359375,56.92448425292969
normal,C:\Users\Light\Videos\正常往返.mp4,181,True,0.11070237308740616,399.8186950683594,36.3079948425293,425.8238525390625,56.91204833984375
normal,C:\Users\Light\Videos\正常往返.mp4,182,True,0.1932688057422638,397.90423583984375,39.99053955078125,424.0087890625,60.8291015625
normal,C:\Users\Light\Videos\正常往返.mp4,183,True,0.09996411204338074,399.12762451171875,36.56440353393555,425.2796936035156,57.07249069213867
normal,C:\Users\Light\Videos\正常往返.mp4,184,True,0.10204827040433884,399.2166748046875,36.59266662597656,425.3298645019531,57.113929748535156
normal,C:\Users\Light\Videos\正常往返.mp4,185,True,0.09095130115747452,398.9043273925781,36.45420837402344,425.28094482421875,56.92827224731445
normal,C:\Users\Light\Videos\正常往返.mp4,186,True,0.108615443110466,399.357177734375,37.20090866088867,425.4503479003906,57.861167907714844
normal,C:\Users\Light\Videos\正常往返.mp4,187,True,0.10628730803728104,399.2418212890625,37.186073303222656,425.3684387207031,57.820735931396484
normal,C:\Users\Light\Videos\正常往返.mp4,188,True,0.10496252775192261,399.3713684082031,36.91960144042969,425.4833679199219,57.529884338378906
normal,C:\Users\Light\Videos\正常往返.mp4,189,True,0.07940644770860672,398.58135986328125,35.71487808227539,425.1968994140625,56.07500457763672
normal,C:\Users\Light\Videos\正常往返.mp4,190,True,0.07896088808774948,398.5664367675781,35.730140686035156,425.1991882324219,56.086814880371094
normal,C:\Users\Light\Videos\正常往返.mp4,191,True,0.07656795531511307,398.57208251953125,35.6998405456543,425.330078125,56.082828521728516
normal,C:\Users\Light\Videos\正常往返.mp4,192,True,0.08799652010202408,398.6333312988281,36.347999572753906,425.05126953125,56.77199935913086
normal,C:\Users\Light\Videos\正常往返.mp4,193,True,0.08767648041248322,398.68536376953125,36.21288299560547,425.1032409667969,56.64849090576172
normal,C:\Users\Light\Videos\正常往返.mp4,194,True,0.10077495872974396,399.27191162109375,36.55546188354492,425.42657470703125,57.06480407714844
normal,C:\Users\Light\Videos\正常往返.mp4,195,True,0.09695502370595932,399.1331787109375,36.41796875,425.3409118652344,56.88064956665039
normal,C:\Users\Light\Videos\正常往返.mp4,196,True,0.11126846075057983,399.619873046875,36.88262176513672,425.6455383300781,57.49415969848633
normal,C:\Users\Light\Videos\正常往返.mp4,197,True,0.08365284651517868,398.70343017578125,35.614139556884766,425.2440185546875,56.05400466918945
normal,C:\Users\Light\Videos\正常往返.mp4,198,True,0.08257938921451569,398.65924072265625,35.581241607666016,425.2311096191406,56.01402282714844
normal,C:\Users\Light\Videos\正常往返.mp4,199,True,0.08807120472192764,398.8389587402344,36.227203369140625,425.2645568847656,56.607139587402344
normal,C:\Users\Light\Videos\正常往返.mp4,200,True,0.10613024234771729,399.66644287109375,36.16936111450195,425.7301330566406,56.73773193359375
normal,C:\Users\Light\Videos\正常往返.mp4,201,True,0.10537444055080414,399.6362609863281,36.161293029785156,425.70819091796875,56.725406646728516
normal,C:\Users\Light\Videos\正常往返.mp4,202,True,0.0832156240940094,398.5118408203125,36.22724914550781,425.0398864746094,56.6076774597168
normal,C:\Users\Light\Videos\正常往返.mp4,203,True,0.09157249331474304,399.0088806152344,36.06288146972656,425.3329772949219,56.51166915893555
normal,C:\Users\Light\Videos\正常往返.mp4,204,True,0.08887909352779388,399.1933898925781,35.16660690307617,425.5242004394531,55.612300872802734
normal,C:\Users\Light\Videos\正常往返.mp4,205,True,0.08961528539657593,399.2245788574219,35.18740463256836,425.5364074707031,55.6343994140625
normal,C:\Users\Light\Videos\正常往返.mp4,206,True,0.09410806000232697,398.82073974609375,36.65602111816406,425.1242980957031,57.18826675415039
normal,C:\Users\Light\Videos\正常往返.mp4,207,True,0.09225862473249435,398.6807861328125,36.62605667114258,425.0203857421875,57.11424255371094
normal,C:\Users\Light\Videos\正常往返.mp4,208,True,0.09238766878843307,398.6866455078125,36.63374328613281,425.02105712890625,57.11587905883789
normal,C:\Users\Light\Videos\正常往返.mp4,209,True,0.10069833695888519,399.30865478515625,36.464115142822266,425.45391845703125,56.97417068481445
normal,C:\Users\Light\Videos\正常往返.mp4,210,True,0.0789990946650505,398.2966003417969,36.24790954589844,425.0286865234375,56.658058166503906
normal,C:\Users\Light\Videos\正常往返.mp4,211,True,0.07883146405220032,398.27410888671875,36.264404296875,425.014892578125,56.6741943359375
normal,C:\Users\Light\Videos\正常往返.mp4,212,True,0.0956636592745781,399.17486572265625,36.208377838134766,425.41632080078125,56.70028305053711
normal,C:\Users\Light\Videos\正常往返.mp4,213,True,0.1037704274058342,399.2360534667969,37.08613967895508,425.3758544921875,57.634029388427734
normal,C:\Users\Light\Videos\正常往返.mp4,214,True,0.10721190273761749,399.3847351074219,37.15705108642578,425.4678649902344,57.752628326416016
normal,C:\Users\Light\Videos\正常往返.mp4,215,True,0.13461457192897797,397.3739318847656,39.1867790222168,423.83251953125,59.35963439941406
normal,C:\Users\Light\Videos\正常往返.mp4,216,True,0.1338215470314026,399.73291015625,36.240135192871094,427.63916015625,59.04224395751953
normal,C:\Users\Light\Videos\正常往返.mp4,217,True,0.07839468866586685,398.4176025390625,35.97650909423828,425.1270751953125,56.3505744934082
normal,C:\Users\Light\Videos\正常往返.mp4,218,True,0.08440591394901276,398.7413330078125,35.571624755859375,425.2416076660156,56.02489471435547
normal,C:\Users\Light\Videos\正常往返.mp4,219,True,0.08554478734731674,398.7607421875,35.73103713989258,425.2384948730469,56.190895080566406
normal,C:\Users\Light\Videos\正常往返.mp4,220,True,0.1242087259888649,397.4563293457031,39.272972106933594,423.9609680175781,59.35770797729492
normal,C:\Users\Light\Videos\正常往返.mp4,221,True,0.14292484521865845,399.94586181640625,35.65533447265625,427.7563781738281,58.33875274658203
normal,C:\Users\Light\Videos\正常往返.mp4,222,True,0.14245639741420746,399.9710693359375,35.64834213256836,427.76812744140625,58.32548522949219
normal,C:\Users\Light\Videos\正常往返.mp4,223,True,0.07375407218933105,398.4226989746094,35.378868103027344,425.23876953125,55.7020149230957
normal,C:\Users\Light\Videos\正常往返.mp4,224,True,0.07799868285655975,398.1910095214844,36.28199768066406,424.96173095703125,56.64373779296875
normal,C:\Users\Light\Videos\正常往返.mp4,225,True,0.07693181186914444,398.1513366699219,36.24663543701172,424.9554138183594,56.599945068359375
normal,C:\Users\Light\Videos\正常往返.mp4,226,True,0.1424543708562851,397.4234313964844,40.18876647949219,423.6802062988281,60.34185791015625
normal,C:\Users\Light\Videos\正常往返.mp4,227,True,0.08371832221746445,398.68890380859375,35.475929260253906,425.23101806640625,55.89419174194336
normal,C:\Users\Light\Videos\正常往返.mp4,228,True,0.11076370626688004,399.6953430175781,36.449771881103516,425.71527099609375,57.02692794799805
normal,C:\Users\Light\Videos\正常往返.mp4,229,True,0.11013998836278915,399.6632080078125,36.446922302246094,425.68951416015625,57.01847839355469
normal,C:\Users\Light\Videos\正常往返.mp4,230,True,0.12035612016916275,400.0284423828125,36.573368072509766,425.9908142089844,57.293601989746094
normal,C:\Users\Light\Videos\正常往返.mp4,231,True,0.08966965228319168,398.7952575683594,35.92399978637695,425.1853332519531,56.39569091796875
normal,C:\Users\Light\Videos\正常往返.mp4,232,True,0.08933781087398529,398.7622375488281,36.00194549560547,425.1693420410156,56.4631462097168
normal,C:\Users\Light\Videos\正常往返.mp4,233,True,0.13620775938034058,399.8129577636719,35.99840545654297,427.85565185546875,58.928531646728516
normal,C:\Users\Light\Videos\正常往返.mp4,234,True,0.16720439493656158,397.9222106933594,39.559410095214844,424.1526184082031,60.148311614990234
normal,C:\Users\Light\Videos\正常往返.mp4,235,True,0.16795262694358826,397.94580078125,39.53717803955078,424.1737060546875,60.1361198425293
normal,C:\Users\Light\Videos\正常往返.mp4,236,True,0.1426844298839569,397.2176818847656,40.11241149902344,423.5455627441406,60.332916259765625
normal,C:\Users\Light\Videos\正常往返.mp4,237,True,0.12717875838279724,397.19976806640625,41.22798156738281,423.44012451171875,61.24651336669922
normal,C:\Users\Light\Videos\正常往返.mp4,238,True,0.12819786369800568,397.2421569824219,41.141292572021484,423.48504638671875,61.17829513549805
normal,C:\Users\Light\Videos\正常往返.mp4,239,True,0.1101478785276413,399.5330810546875,36.673099517822266,425.6064453125,57.334163665771484
normal,C:\Users\Light\Videos\正常往返.mp4,240,True,0.11031721532344818,399.55230712890625,36.670074462890625,425.62103271484375,57.32957077026367
normal,C:\Users\Light\Videos\正常往返.mp4,241,True,0.08756308257579803,398.6000671386719,36.60259246826172,425.10882568359375,57.10933303833008
normal,C:\Users\Light\Videos\正常往返.mp4,242,True,0.07237821072340012,398.07208251953125,35.98771667480469,425.04022216796875,56.369850158691406
normal,C:\Users\Light\Videos\正常往返.mp4,243,True,0.07126595079898834,398.02874755859375,36.01091003417969,425.0553894042969,56.38932418823242
normal,C:\Users\Light\Videos\正常往返.mp4,244,True,0.055827535688877106,397.76605224609375,36.1390380859375,425.31640625,56.410953521728516
normal,C:\Users\Light\Videos\正常往返.mp4,245,True,0.04095977172255516,397.1837463378906,35.9798698425293,425.0928649902344,56.291587829589844
normal,C:\Users\Light\Videos\正常往返.mp4,246,True,0.041140247136354446,397.21392822265625,35.97164535522461,425.1099548339844,56.277400970458984
normal,C:\Users\Light\Videos\正常往返.mp4,247,True,0.0895383208990097,398.39306640625,36.88602828979492,424.8641052246094,57.40523147583008
normal,C:\Users\Light\Videos\正常往返.mp4,248,True,0.03862139955163002,397.0494689941406,35.85947799682617,425.0559387207031,56.24667739868164
normal,C:\Users\Light\Videos\正常往返.mp4,249,True,0.0462886318564415,397.34521484375,36.0003547668457,425.15911865234375,56.27505111694336
normal,C:\Users\Light\Videos\正常往返.mp4,250,True,0.07953904569149017,398.02069091796875,36.643672943115234,424.7745361328125,57.0733642578125
normal,C:\Users\Light\Videos\正常往返.mp4,251,True,0.02175133302807808,396.24871826171875,35.14018630981445,424.61492919921875,55.981483459472656
normal,C:\Users\Light\Videos\正常往返.mp4,252,True,0.017788197845220566,395.89959716796875,35.25349807739258,424.4864196777344,56.27897262573242
normal,C:\Users\Light\Videos\正常往返.mp4,253,True,0.01839323528110981,395.9776306152344,35.23828125,424.52105712890625,56.24555587768555
normal,C:\Users\Light\Videos\正常往返.mp4,254,True,0.019335627555847168,396.02960205078125,35.374046325683594,424.5398864746094,56.32005310058594
normal,C:\Users\Light\Videos\正常往返.mp4,255,True,0.023816481232643127,396.3993225097656,35.28009796142578,424.6257019042969,56.01938247680664
normal,C:\Users\Light\Videos\正常往返.mp4,256,True,0.025230547413229942,396.5081787109375,35.30515670776367,424.6669616699219,55.98782730102539
normal,C:\Users\Light\Videos\正常往返.mp4,257,True,0.013702102936804295,395.3570861816406,34.92934036254883,424.14886474609375,56.061893463134766
normal,C:\Users\Light\Videos\正常往返.mp4,258,True,0.026186469942331314,396.59051513671875,35.47859573364258,424.75628662109375,56.100399017333984
normal,C:\Users\Light\Videos\正常往返.mp4,259,True,0.02407614327967167,396.4352111816406,35.35921096801758,424.6986083984375,56.066131591796875
normal,C:\Users\Light\Videos\正常往返.mp4,260,True,0.048162657767534256,397.196044921875,36.603981018066406,425.01605224609375,56.800148010253906
normal,C:\Users\Light\Videos\正常往返.mp4,261,True,0.048200421035289764,397.1956787109375,36.599185943603516,425.0162353515625,56.79656219482422
normal,C:\Users\Light\Videos\正常往返.mp4,262,True,0.02006317675113678,396.0829162597656,35.3587646484375,424.58367919921875,56.28123474121094
normal,C:\Users\Light\Videos\正常往返.mp4,263,True,0.046249207109212875,397.3824462890625,35.940494537353516,425.1026916503906,56.156917572021484
normal,C:\Users\Light\Videos\正常往返.mp4,264,True,0.04646366089582443,397.3852844238281,35.95867156982422,425.1033630371094,56.16984939575195
normal,C:\Users\Light\Videos\正常往返.mp4,265,True,0.019740186631679535,396.0629577636719,35.09807586669922,424.5373840332031,56.03376770019531
normal,C:\Users\Light\Videos\正常往返.mp4,266,True,0.07179367542266846,397.948486328125,35.73930740356445,424.8534851074219,56.04551315307617
normal,C:\Users\Light\Videos\正常往返.mp4,267,True,0.07107298821210861,397.93902587890625,35.688411712646484,424.85906982421875,55.98515701293945
normal,C:\Users\Light\Videos\正常往返.mp4,268,True,0.1321069896221161,397.23956298828125,40.55207824707031,423.51318359375,60.56774139404297
normal,C:\Users\Light\Videos\正常往返.mp4,269,True,0.0981060341000557,398.8760681152344,36.95001220703125,425.07440185546875,57.39458465576172
normal,C:\Users\Light\Videos\正常往返.mp4,270,True,0.09873894602060318,398.9023132324219,36.9514274597168,425.08770751953125,57.40227127075195
normal,C:\Users\Light\Videos\正常往返.mp4,271,True,0.09903915226459503,399.5015869140625,35.691707611083984,425.6170654296875,56.11574935913086
normal,C:\Users\Light\Videos\正常往返.mp4,272,True,0.09851612895727158,399.4725341796875,35.67790222167969,425.5959167480469,56.09477233886719
normal,C:\Users\Light\Videos\正常往返.mp4,273,True,0.10571260005235672,399.7765197753906,35.82722854614258,425.8099060058594,56.34122848510742
normal,C:\Users\Light\Videos\正常往返.mp4,274,True,0.1296202838420868,397.0136413574219,39.4506950378418,423.4605712890625,59.424312591552734
normal,C:\Users\Light\Videos\正常往返.mp4,275,True,0.16663530468940735,397.6235046386719,40.05629348754883,423.753173828125,60.45671463012695
normal,C:\Users\Light\Videos\正常往返.mp4,276,True,0.15194165706634521,399.78863525390625,35.83150863647461,427.7726745605469,58.42134094238281
normal,C:\Users\Light\Videos\正常往返.mp4,277,True,0.15194915235042572,399.8065185546875,35.82297134399414,427.7781982421875,58.401954650878906
normal,C:\Users\Light\Videos\正常往返.mp4,278,True,0.14503678679466248,399.8985290527344,36.07173538208008,427.78997802734375,58.74888229370117
normal,C:\Users\Light\Videos\正常往返.mp4,279,True,0.1080048456788063,399.80291748046875,35.96653747558594,425.7975769042969,56.47578811645508
normal,C:\Users\Light\Videos\正常往返.mp4,280,True,0.10789239406585693,399.80096435546875,35.96003723144531,425.7960510253906,56.46651077270508
normal,C:\Users\Light\Videos\正常往返.mp4,281,True,0.0825844332575798,398.5499572753906,36.118194580078125,425.13385009765625,56.50162887573242
normal,C:\Users\Light\Videos\正常往返.mp4,282,True,0.08934886753559113,398.8621520996094,36.22319030761719,425.24395751953125,56.624778747558594
normal,C:\Users\Light\Videos\正常往返.mp4,283,True,0.09004805237054825,398.88665771484375,36.23643493652344,425.2494812011719,56.64107131958008
normal,C:\Users\Light\Videos\正常往返.mp4,284,True,0.07508793473243713,398.6109924316406,35.11741638183594,425.28955078125,55.41183090209961
normal,C:\Users\Light\Videos\正常往返.mp4,285,True,0.07572769373655319,398.62969970703125,35.10605239868164,425.2922058105469,55.40373992919922
normal,C:\Users\Light\Videos\正常往返.mp4,286,True,0.1692805141210556,400.2955627441406,35.33567810058594,428.0876159667969,57.7365837097168
normal,C:\Users\Light\Videos\正常往返.mp4,287,True,0.09874894469976425,399.67633056640625,35.44377136230469,425.8153381347656,55.87758255004883
normal,C:\Users\Light\Videos\正常往返.mp4,288,True,0.09873204678297043,399.675048828125,35.43339157104492,425.81768798828125,55.870750427246094
normal,C:\Users\Light\Videos\正常往返.mp4,289,True,0.15615972876548767,400.66387939453125,35.88919448852539,428.69500732421875,58.234474182128906
normal,C:\Users\Light\Videos\正常往返.mp4,290,True,0.08370643854141235,399.1451110839844,36.58455276489258,425.7614440917969,56.8600959777832
normal,C:\Users\Light\Videos\正常往返.mp4,291,True,0.08922898769378662,399.2657775878906,36.79851150512695,425.7323913574219,57.103416442871094
normal,C:\Users\Light\Videos\正常往返.mp4,292,True,0.13709107041358948,398.7025146484375,40.02716064453125,424.817138671875,60.07106018066406
normal,C:\Users\Light\Videos\正常往返.mp4,293,True,0.07410095632076263,399.2657165527344,37.52152633666992,426.3518981933594,57.667579650878906
normal,C:\Users\Light\Videos\正常往返.mp4,294,True,0.07242406904697418,399.2236328125,37.528831481933594,426.357421875,57.66811752319336
normal,C:\Users\Light\Videos\正常往返.mp4,295,True,0.05557689815759659,398.8254699707031,37.951778411865234,426.4360656738281,58.19065856933594
normal,C:\Users\Light\Videos\正常往返.mp4,296,True,0.05509878695011139,398.8145446777344,37.93438720703125,426.4320373535156,58.17649459838867
normal,C:\Users\Light\Videos\正常往返.mp4,297,True,0.06942296028137207,399.29718017578125,37.672691345214844,426.5884704589844,57.862579345703125
normal,C:\Users\Light\Videos\正常往返.mp4,298,True,0.10894756019115448,401.1500244140625,36.53569412231445,427.2537841796875,57.10133361816406
normal,C:\Users\Light\Videos\正常往返.mp4,299,True,0.11465154588222504,400.1008605957031,40.15656280517578,426.5951843261719,60.08840560913086
normal,C:\Users\Light\Videos\正常往返.mp4,300,True,0.0480966717004776,400.2193298339844,34.828399658203125,427.5935363769531,55.33370590209961
normal,C:\Users\Light\Videos\正常往返.mp4,301,True,0.04701760783791542,400.1513366699219,34.892608642578125,427.54534912109375,55.41445541381836
normal,C:\Users\Light\Videos\正常往返.mp4,302,True,0.07414991408586502,404.6619873046875,34.064239501953125,432.9398193359375,54.83982849121094
normal,C:\Users\Light\Videos\正常往返.mp4,303,True,0.09442825615406036,404.5628662109375,34.20493698120117,432.1173400878906,55.017547607421875
normal,C:\Users\Light\Videos\正常往返.mp4,304,True,0.09465224295854568,404.5619812011719,34.18568801879883,432.1072082519531,54.998565673828125
normal,C:\Users\Light\Videos\正常往返.mp4,305,True,0.1622556746006012,405.32830810546875,33.60530090332031,431.0152893066406,54.86685562133789
normal,C:\Users\Light\Videos\正常往返.mp4,306,True,0.1627850979566574,405.3130798339844,33.58808898925781,430.98992919921875,54.861881256103516
normal,C:\Users\Light\Videos\正常往返.mp4,307,True,0.15391232073307037,406.3708801269531,34.00005340576172,432.1190185546875,54.875999450683594
normal,C:\Users\Light\Videos\正常往返.mp4,308,True,0.07004109770059586,407.1971435546875,36.614830017089844,435.638671875,57.10888671875
normal,C:\Users\Light\Videos\正常往返.mp4,309,True,0.057020168751478195,407.1913146972656,36.662071228027344,436.1388854980469,57.16397476196289
normal,C:\Users\Light\Videos\正常往返.mp4,310,True,0.06137852743268013,407.982177734375,35.11367416381836,436.5559997558594,55.50347137451172
normal,C:\Users\Light\Videos\正常往返.mp4,311,True,0.15189027786254883,408.953125,33.31915283203125,434.4239807128906,53.958255767822266
normal,C:\Users\Light\Videos\正常往返.mp4,312,True,0.1489950567483902,408.9222412109375,33.400638580322266,434.4937744140625,53.99509811401367
normal,C:\Users\Light\Videos\正常往返.mp4,313,True,0.24553824961185455,409.8190612792969,33.37923812866211,438.3587341308594,56.02608108520508
normal,C:\Users\Light\Videos\正常往返.mp4,314,True,0.2697576880455017,411.28753662109375,30.314529418945312,438.74359130859375,52.773521423339844
normal,C:\Users\Light\Videos\正常往返.mp4,315,True,0.28412091732025146,411.19677734375,30.31766700744629,438.66607666015625,52.77836227416992
normal,C:\Users\Light\Videos\正常往返.mp4,316,True,0.2207222431898117,411.4879455566406,30.853858947753906,439.3756408691406,53.395416259765625
normal,C:\Users\Light\Videos\正常往返.mp4,317,True,0.22166335582733154,411.4957275390625,30.85778045654297,439.383056640625,53.397274017333984
normal,C:\Users\Light\Videos\正常往返.mp4,318,True,0.14471201598644257,411.94915771484375,33.136878967285156,437.455078125,53.55366134643555
normal,C:\Users\Light\Videos\正常往返.mp4,319,True,0.13140688836574554,411.75006103515625,34.061798095703125,437.66455078125,54.31730651855469
normal,C:\Users\Light\Videos\正常往返.mp4,320,True,0.13275881111621857,411.7482604980469,34.044246673583984,437.6311340332031,54.31992721557617
normal,C:\Users\Light\Videos\正常往返.mp4,321,True,0.10603388398885727,412.16815185546875,33.85787582397461,438.71044921875,53.841312408447266
normal,C:\Users\Light\Videos\正常往返.mp4,322,True,0.2170497179031372,412.6170959472656,31.061925888061523,440.8062744140625,53.70966720581055
normal,C:\Users\Light\Videos\正常往返.mp4,323,True,0.16694766283035278,411.8368835449219,33.74965286254883,437.7720031738281,54.5030517578125
normal,C:\Users\Light\Videos\正常往返.mp4,324,True,0.13759858906269073,412.62969970703125,33.40314865112305,438.31121826171875,53.79774475097656
normal,C:\Users\Light\Videos\正常往返.mp4,325,True,0.14254137873649597,412.6689147949219,33.504180908203125,438.2630310058594,54.00334548950195
normal,C:\Users\Light\Videos\正常往返.mp4,326,True,0.12692493200302124,413.2686462402344,33.10055160522461,439.13861083984375,53.373451232910156
normal,C:\Users\Light\Videos\正常往返.mp4,327,True,0.1231173425912857,414.28656005859375,32.84503936767578,440.1966857910156,53.19207763671875
normal,C:\Users\Light\Videos\正常往返.mp4,328,True,0.12273664027452469,414.2647399902344,32.857364654541016,440.18463134765625,53.194454193115234
normal,C:\Users\Light\Videos\正常往返.mp4,329,True,0.13941271603107452,414.6394958496094,32.595577239990234,441.524169921875,52.967403411865234
normal,C:\Users\Light\Videos\正常往返.mp4,330,True,0.13123631477355957,414.41754150390625,32.708980560302734,441.35626220703125,53.03221893310547
normal,C:\Users\Light\Videos\正常往返.mp4,331,True,0.1553395539522171,415.06378173828125,33.7111701965332,441.9234313964844,54.00191116333008
normal,C:\Users\Light\Videos\正常往返.mp4,332,True,0.10175268352031708,415.9169921875,31.409391403198242,442.1519775390625,51.44755554199219
normal,C:\Users\Light\Videos\正常往返.mp4,333,True,0.10299479216337204,416.0116271972656,31.44762420654297,442.20867919921875,51.50905227661133
normal,C:\Users\Light\Videos\正常往返.mp4,334,True,0.043036557734012604,415.3880310058594,32.44172668457031,443.5295104980469,51.6676139831543
normal,C:\Users\Light\Videos\正常往返.mp4,335,True,0.08265748620033264,416.9494323730469,32.527313232421875,443.4957580566406,52.29501724243164
normal,C:\Users\Light\Videos\正常往返.mp4,336,True,0.08252225071191788,416.941162109375,32.60449981689453,443.4897155761719,52.37242889404297
normal,C:\Users\Light\Videos\正常往返.mp4,337,True,0.032556623220443726,416.1463623046875,34.79451370239258,444.60626220703125,53.99238586425781
normal,C:\Users\Light\Videos\正常往返.mp4,338,True,0.04956398904323578,418.7861022949219,34.3250617980957,445.98046875,53.64198684692383
normal,C:\Users\Light\Videos\正常往返.mp4,339,True,0.049683816730976105,418.78369140625,34.3858642578125,445.97930908203125,53.7010383605957
normal,C:\Users\Light\Videos\正常往返.mp4,340,True,0.12045130878686905,422.9029846191406,31.883480072021484,448.3615417480469,52.693538665771484
normal,C:\Users\Light\Videos\正常往返.mp4,341,True,0.12424831837415695,421.5794372558594,29.626590728759766,447.9643249511719,50.418495178222656
normal,C:\Users\Light\Videos\正常往返.mp4,342,True,0.18289025127887726,422.0834045410156,29.4534854888916,448.0047912597656,50.23606491088867
normal,C:\Users\Light\Videos\正常往返.mp4,343,True,0.29635512828826904,422.300048828125,28.854026794433594,450.6267395019531,51.374114990234375
normal,C:\Users\Light\Videos\正常往返.mp4,344,True,0.2982642352581024,422.29638671875,28.856626510620117,450.61822509765625,51.37550354003906
normal,C:\Users\Light\Videos\正常往返.mp4,345,True,0.20861276984214783,423.82574462890625,29.543758392333984,449.5816650390625,50.27560043334961
normal,C:\Users\Light\Videos\正常往返.mp4,346,True,0.16115503013134003,423.71368408203125,29.51238250732422,449.7634582519531,50.19707107543945
normal,C:\Users\Light\Videos\正常往返.mp4,347,True,0.12762737274169922,424.1966552734375,33.47780227661133,449.5931701660156,54.19422149658203
normal,C:\Users\Light\Videos\正常往返.mp4,348,True,0.11908148229122162,424.60870361328125,31.968891143798828,449.7855224609375,51.83677291870117
normal,C:\Users\Light\Videos\正常往返.mp4,349,True,0.11981335282325745,424.6278991699219,31.882450103759766,449.7963562011719,51.76445388793945
normal,C:\Users\Light\Videos\正常往返.mp4,350,True,0.04689549654722214,421.98199462890625,34.47624969482422,448.50421142578125,53.85592269897461
normal,C:\Users\Light\Videos\正常往返.mp4,351,True,0.044767942279577255,421.8758544921875,34.505741119384766,448.4620056152344,53.91638946533203
normal,C:\Users\Light\Videos\正常往返.mp4,352,True,0.010818804614245892,420.5000305175781,32.2459831237793,448.79022216796875,52.55178451538086
normal,C:\Users\Light\Videos\正常往返.mp4,353,True,0.09045547246932983,413.73779296875,41.53270721435547,442.16131591796875,60.969085693359375
normal,C:\Users\Light\Videos\正常往返.mp4,354,True,0.0892401710152626,413.76361083984375,41.54893493652344,442.1795959472656,60.99225616455078
normal,C:\Users\Light\Videos\正常往返.mp4,355,True,0.3494102656841278,412.9896240234375,41.05350875854492,440.6421813964844,60.58136749267578
normal,C:\Users\Light\Videos\正常往返.mp4,356,True,0.051298581063747406,412.5220031738281,41.784568786621094,440.0401611328125,60.30001449584961
normal,C:\Users\Light\Videos\正常往返.mp4,357,True,0.05252550169825554,412.517822265625,41.75446701049805,440.0865478515625,60.321598052978516
normal,C:\Users\Light\Videos\正常往返.mp4,358,True,0.07045834511518478,411.2278747558594,41.807159423828125,437.9773254394531,58.366676330566406
normal,C:\Users\Light\Videos\正常往返.mp4,359,True,0.4873279929161072,408.0750427246094,40.24403381347656,436.0524597167969,61.22513198852539
normal,C:\Users\Light\Videos\正常往返.mp4,360,True,0.5083752274513245,408.16595458984375,40.14143371582031,436.1029357910156,61.15077209472656
normal,C:\Users\Light\Videos\正常往返.mp4,361,True,0.0606754831969738,406.7806091308594,42.033424377441406,433.7096252441406,58.75690460205078
normal,C:\Users\Light\Videos\正常往返.mp4,362,True,0.06049639731645584,406.8299560546875,42.03463363647461,433.740966796875,58.74888229370117
normal,C:\Users\Light\Videos\正常往返.mp4,363,True,0.6372806429862976,403.56390380859375,40.57699966430664,430.30584716796875,61.64541244506836
normal,C:\Users\Light\Videos\正常往返.mp4,364,True,0.6695634126663208,401.572265625,40.70915985107422,428.2870178222656,60.98246383666992
normal,C:\Users\Light\Videos\正常往返.mp4,365,True,0.672568678855896,401.5872802734375,40.69999313354492,428.30303955078125,60.987056732177734
normal,C:\Users\Light\Videos\正常往返.mp4,366,True,0.4072114825248718,397.2115783691406,41.09519577026367,424.9134521484375,61.73335647583008
normal,C:\Users\Light\Videos\正常往返.mp4,367,True,0.37338605523109436,393.32489013671875,40.49896240234375,423.24859619140625,61.995208740234375
normal,C:\Users\Light\Videos\正常往返.mp4,368,True,0.3584424555301666,393.3486328125,40.506874084472656,423.2966613769531,62.006797790527344
normal,C:\Users\Light\Videos\正常往返.mp4,369,True,0.6262806057929993,390.83892822265625,40.150333404541016,418.5940246582031,61.36567687988281
normal,C:\Users\Light\Videos\正常往返.mp4,370,True,0.6693651676177979,386.9274597167969,40.58871841430664,413.7780456542969,60.94651412963867
normal,C:\Users\Light\Videos\正常往返.mp4,371,True,0.18456415832042694,382.1346740722656,39.154640197753906,407.506103515625,60.0604362487793
normal,C:\Users\Light\Videos\正常往返.mp4,372,True,0.5984721183776855,377.6764221191406,40.823368072509766,404.48193359375,59.91716384887695
normal,C:\Users\Light\Videos\正常往返.mp4,373,True,0.6000590324401855,377.6615905761719,40.80664825439453,404.4781188964844,59.92496109008789
normal,C:\Users\Light\Videos\正常往返.mp4,374,True,0.5588761568069458,371.55584716796875,40.850284576416016,399.989013671875,61.40090560913086
normal,C:\Users\Light\Videos\正常往返.mp4,375,True,0.5625174045562744,371.47412109375,40.85247802734375,399.95587158203125,61.42856216430664
normal,C:\Users\Light\Videos\正常往返.mp4,376,True,0.7259232997894287,366.7657165527344,39.977317810058594,393.43414306640625,61.19427490234375
normal,C:\Users\Light\Videos\正常往返.mp4,377,True,0.7381830811500549,360.9962463378906,40.3446159362793,387.6019287109375,61.54893112182617
normal,C:\Users\Light\Videos\正常往返.mp4,378,True,0.7379873991012573,361.0444641113281,40.34846878051758,387.632568359375,61.56193161010742
normal,C:\Users\Light\Videos\正常往返.mp4,379,True,0.6512075662612915,354.1075439453125,41.61439895629883,382.1507568359375,61.68824005126953
normal,C:\Users\Light\Videos\正常往返.mp4,380,True,0.7596927285194397,347.56591796875,40.60126876831055,374.76507568359375,61.814552307128906
normal,C:\Users\Light\Videos\正常往返.mp4,381,True,0.7617201209068298,347.5487060546875,40.674644470214844,374.810302734375,61.92418670654297
normal,C:\Users\Light\Videos\正常往返.mp4,382,True,0.7639238834381104,341.7781982421875,40.34672164916992,368.1362609863281,61.02468490600586
normal,C:\Users\Light\Videos\正常往返.mp4,383,True,0.7651194930076599,334.05767822265625,40.54624938964844,360.5644226074219,61.37791061401367
normal,C:\Users\Light\Videos\正常往返.mp4,384,True,0.7639296650886536,333.91729736328125,40.550350189208984,360.4873352050781,61.40482711791992
normal,C:\Users\Light\Videos\正常往返.mp4,385,True,0.7702007293701172,327.1347961425781,40.85023880004883,353.03179931640625,61.6573371887207
normal,C:\Users\Light\Videos\正常往返.mp4,386,True,0.770848274230957,327.1308898925781,40.841339111328125,353.02801513671875,61.65731430053711
normal,C:\Users\Light\Videos\正常往返.mp4,387,True,0.7831176519393921,320.91064453125,40.90945053100586,346.7285461425781,61.87364959716797
normal,C:\Users\Light\Videos\正常往返.mp4,388,True,0.7944263815879822,314.0158996582031,41.08421325683594,339.6059265136719,61.664913177490234
normal,C:\Users\Light\Videos\正常往返.mp4,389,True,0.7944181561470032,314.01397705078125,41.083919525146484,339.6054382324219,61.66466522216797
normal,C:\Users\Light\Videos\正常往返.mp4,390,True,0.669136106967926,305.59149169921875,40.92728805541992,332.3265686035156,60.91668701171875
normal,C:\Users\Light\Videos\正常往返.mp4,391,True,0.6822497844696045,297.6720275878906,40.3272705078125,324.1263427734375,61.399314880371094
normal,C:\Users\Light\Videos\正常往返.mp4,392,True,0.6821273565292358,297.6704406738281,40.32670974731445,324.127685546875,61.401893615722656
normal,C:\Users\Light\Videos\正常往返.mp4,393,True,0.7894467115402222,290.2354431152344,41.52094268798828,316.29132080078125,61.44785690307617
normal,C:\Users\Light\Videos\正常往返.mp4,394,True,0.6755189299583435,281.99774169921875,41.02164077758789,308.7279052734375,60.70884323120117
normal,C:\Users\Light\Videos\正常往返.mp4,395,True,0.7903746962547302,274.28826904296875,41.28806686401367,300.03277587890625,61.39669418334961
normal,C:\Users\Light\Videos\正常往返.mp4,396,True,0.7943821549415588,274.2450256347656,41.23773193359375,300.0097351074219,61.39628982543945
normal,C:\Users\Light\Videos\正常往返.mp4,397,True,0.7879034280776978,266.8253479003906,41.7318115234375,293.09332275390625,61.60969161987305
normal,C:\Users\Light\Videos\正常往返.mp4,398,True,0.7753312587738037,259.384765625,41.61701965332031,286.0523986816406,61.634613037109375
normal,C:\Users\Light\Videos\正常往返.mp4,399,True,0.7768548130989075,259.3758544921875,41.60368347167969,286.05560302734375,61.648616790771484
normal,C:\Users\Light\Videos\正常往返.mp4,400,True,0.558156430721283,252.81956481933594,41.53696823120117,277.5172119140625,60.90956115722656
normal,C:\Users\Light\Videos\正常往返.mp4,401,True,0.7669612765312195,244.9759063720703,42.5832405090332,270.12158203125,62.03575134277344
normal,C:\Users\Light\Videos\正常往返.mp4,402,True,0.7687674164772034,245.0116424560547,42.5728874206543,270.10260009765625,62.03651428222656
normal,C:\Users\Light\Videos\正常往返.mp4,403,True,0.8235071897506714,238.05348205566406,41.959598541259766,263.6023864746094,62.44316864013672
normal,C:\Users\Light\Videos\正常往返.mp4,404,True,0.7167956233024597,230.76980590820312,43.118064880371094,256.88861083984375,62.15865707397461
normal,C:\Users\Light\Videos\正常往返.mp4,405,True,0.7210152745246887,230.78738403320312,43.089603424072266,256.86944580078125,62.13351058959961
normal,C:\Users\Light\Videos\正常往返.mp4,406,True,0.7353572249412537,223.9368438720703,42.72510528564453,250.05108642578125,62.98411178588867
normal,C:\Users\Light\Videos\正常往返.mp4,407,True,0.7368390560150146,223.9322052001953,42.73834991455078,250.0514678955078,63.00788879394531
normal,C:\Users\Light\Videos\正常往返.mp4,408,True,0.7244025468826294,217.15533447265625,40.365211486816406,243.7307586669922,61.83429718017578
normal,C:\Users\Light\Videos\正常往返.mp4,409,True,0.6751527190208435,212.14173889160156,42.126251220703125,237.37149047851562,63.32196044921875
normal,C:\Users\Light\Videos\正常往返.mp4,410,True,0.67568039894104,212.1503448486328,42.14592742919922,237.3888702392578,63.34612274169922
normal,C:\Users\Light\Videos\正常往返.mp4,411,True,0.719344973564148,205.1022186279297,42.802940368652344,229.33753967285156,62.31636428833008
normal,C:\Users\Light\Videos\正常往返.mp4,412,True,0.6874735355377197,199.1881103515625,42.914390563964844,223.6493377685547,62.28017044067383
normal,C:\Users\Light\Videos\正常往返.mp4,413,True,0.6870499849319458,199.18963623046875,42.92142868041992,223.64968872070312,62.28622055053711
normal,C:\Users\Light\Videos\正常往返.mp4,414,True,0.7210028171539307,193.36331176757812,42.85027313232422,217.37330627441406,62.94002914428711
normal,C:\Users\Light\Videos\正常往返.mp4,415,True,0.6830153465270996,188.0891876220703,43.32512283325195,213.16986083984375,64.60030364990234
normal,C:\Users\Light\Videos\正常往返.mp4,416,True,0.6832766532897949,188.08389282226562,43.317996978759766,213.1617431640625,64.59380340576172
normal,C:\Users\Light\Videos\正常往返.mp4,417,True,0.7704530954360962,182.39373779296875,42.376495361328125,208.2675018310547,63.24625778198242
normal,C:\Users\Light\Videos\正常往返.mp4,418,True,0.7694438099861145,177.04977416992188,42.81071472167969,203.123046875,63.74923324584961
normal,C:\Users\Light\Videos\正常往返.mp4,419,True,0.8182568550109863,172.62152099609375,42.95150375366211,197.6228485107422,64.27908325195312
normal,C:\Users\Light\Videos\正常往返.mp4,420,True,0.8179969787597656,172.6526641845703,42.968467712402344,197.641845703125,64.29519653320312
normal,C:\Users\Light\Videos\正常往返.mp4,421,True,0.7781120538711548,168.79917907714844,42.86167907714844,192.7873992919922,63.50311279296875
normal,C:\Users\Light\Videos\正常往返.mp4,422,True,0.7341309189796448,164.08949279785156,42.47427749633789,188.09091186523438,63.18397521972656
normal,C:\Users\Light\Videos\正常往返.mp4,423,True,0.7338984608650208,164.08375549316406,42.47517395019531,188.09689331054688,63.18572235107422
normal,C:\Users\Light\Videos\正常往返.mp4,424,True,0.7606798410415649,159.5867919921875,42.428558349609375,183.99191284179688,64.17012023925781
normal,C:\Users\Light\Videos\正常往返.mp4,425,True,0.7915265560150146,156.11050415039062,42.99123764038086,180.4478759765625,64.3600082397461
normal,C:\Users\Light\Videos\正常往返.mp4,426,True,0.7921604514122009,156.10797119140625,42.987674713134766,180.43836975097656,64.35380554199219
normal,C:\Users\Light\Videos\正常往返.mp4,427,True,0.702996551990509,152.2985076904297,42.48021697998047,176.51614379882812,63.22187423706055
normal,C:\Users\Light\Videos\正常往返.mp4,428,True,0.78477543592453,149.22213745117188,42.82810592651367,173.8592987060547,64.15434265136719
normal,C:\Users\Light\Videos\正常往返.mp4,429,True,0.7844735980033875,149.23040771484375,42.83483123779297,173.85501098632812,64.17294311523438
normal,C:\Users\Light\Videos\正常往返.mp4,430,True,0.7365335822105408,146.3651885986328,42.76535415649414,170.2799072265625,63.65779495239258
normal,C:\Users\Light\Videos\正常往返.mp4,431,True,0.7353687286376953,146.3704071044922,42.775753021240234,170.27731323242188,63.66599655151367
normal,C:\Users\Light\Videos\正常往返.mp4,432,True,0.7693545818328857,143.3838348388672,42.943546295166016,167.90234375,64.37506866455078
normal,C:\Users\Light\Videos\正常往返.mp4,433,True,0.7255575656890869,140.07901000976562,42.836509704589844,165.0238494873047,63.82550048828125
normal,C:\Users\Light\Videos\正常往返.mp4,434,True,0.7255200743675232,140.0847625732422,42.85000228881836,165.01475524902344,63.82048034667969
normal,C:\Users\Light\Videos\正常往返.mp4,435,True,0.7771722674369812,139.05177307128906,43.235992431640625,163.1162109375,64.50157928466797
normal,C:\Users\Light\Videos\正常往返.mp4,436,True,0.772026538848877,136.5329132080078,42.99798583984375,161.58843994140625,64.97908020019531
normal,C:\Users\Light\Videos\正常往返.mp4,437,True,0.7719415426254272,136.53163146972656,42.99390411376953,161.5912322998047,64.97638702392578
normal,C:\Users\Light\Videos\正常往返.mp4,438,True,0.7611064910888672,135.50787353515625,42.740028381347656,160.90122985839844,64.64447784423828
normal,C:\Users\Light\Videos\正常往返.mp4,439,True,0.7373299598693848,134.79672241210938,42.03855514526367,159.43809509277344,63.885047912597656
normal,C:\Users\Light\Videos\正常往返.mp4,440,True,0.7373470664024353,134.79786682128906,42.04021453857422,159.43618774414062,63.884464263916016
normal,C:\Users\Light\Videos\正常往返.mp4,441,True,0.7654566764831543,133.445556640625,42.19350814819336,158.66494750976562,63.583030700683594
normal,C:\Users\Light\Videos\正常往返.mp4,442,True,0.7664141058921814,133.44024658203125,42.174076080322266,158.66018676757812,63.57565689086914
normal,C:\Users\Light\Videos\正常往返.mp4,443,True,0.7925682067871094,132.70809936523438,42.00823211669922,157.81646728515625,63.057373046875
normal,C:\Users\Light\Videos\正常往返.mp4,444,True,0.7932513952255249,132.69723510742188,41.992881774902344,157.81399536132812,63.05501937866211
normal,C:\Users\Light\Videos\正常往返.mp4,445,True,0.7677164673805237,133.16302490234375,42.17817687988281,157.87445068359375,63.39630126953125
normal,C:\Users\Light\Videos\正常往返.mp4,446,True,0.7536150217056274,133.15335083007812,42.49247360229492,158.65237426757812,64.5040054321289
normal,C:\Users\Light\Videos\正常往返.mp4,447,True,0.7537067532539368,133.14891052246094,42.4868049621582,158.64926147460938,64.50151824951172
normal,C:\Users\Light\Videos\正常往返.mp4,448,True,0.7341164946556091,133.6369171142578,42.38835144042969,159.13784790039062,64.16106414794922
normal,C:\Users\Light\Videos\正常往返.mp4,449,True,0.7517625689506531,135.3491668701172,42.220848083496094,159.82388305664062,64.0146713256836
normal,C:\Users\Light\Videos\正常往返.mp4,450,True,0.7505243420600891,135.3409423828125,42.1712532043457,159.8505859375,63.96516799926758
normal,C:\Users\Light\Videos\正常往返.mp4,451,True,0.7869364619255066,136.09909057617188,42.98395538330078,161.31195068359375,64.4837417602539
normal,C:\Users\Light\Videos\正常往返.mp4,452,True,0.7893642783164978,136.09213256835938,42.95322799682617,161.33956909179688,64.44880676269531
normal,C:\Users\Light\Videos\正常往返.mp4,453,True,0.7768516540527344,136.7328338623047,42.80323028564453,161.79934692382812,64.8633041381836
normal,C:\Users\Light\Videos\正常往返.mp4,454,True,0.7503359317779541,139.34010314941406,43.25369644165039,163.12147521972656,64.64371490478516
normal,C:\Users\Light\Videos\正常往返.mp4,455,True,0.7502310872077942,139.33926391601562,43.25278091430664,163.11331176757812,64.64961242675781
normal,C:\Users\Light\Videos\正常往返.mp4,456,True,0.6671392321586609,139.82937622070312,42.92588806152344,165.5380401611328,64.5137939453125
normal,C:\Users\Light\Videos\正常往返.mp4,457,True,0.7426564693450928,142.61048889160156,43.087833404541016,167.416748046875,64.66758728027344
normal,C:\Users\Light\Videos\正常往返.mp4,458,True,0.7429876327514648,142.60360717773438,43.09675216674805,167.4111785888672,64.66570281982422
normal,C:\Users\Light\Videos\正常往返.mp4,459,True,0.758188784122467,144.8549041748047,43.34670639038086,169.033447265625,64.90422821044922
normal,C:\Users\Light\Videos\正常往返.mp4,460,True,0.7602934241294861,148.04006958007812,42.778038024902344,172.3356475830078,64.41287994384766
normal,C:\Users\Light\Videos\正常往返.mp4,461,True,0.7601536512374878,148.032958984375,42.77848815917969,172.32884216308594,64.4122543334961
normal,C:\Users\Light\Videos\正常往返.mp4,462,True,0.7556928396224976,150.7150421142578,43.26084899902344,174.53292846679688,64.87000274658203
normal,C:\Users\Light\Videos\正常往返.mp4,463,True,0.7182794809341431,153.19293212890625,43.23030090332031,178.08738708496094,64.60225677490234
normal,C:\Users\Light\Videos\正常往返.mp4,464,True,0.7180002927780151,153.1881561279297,43.233551025390625,178.091796875,64.60658264160156
normal,C:\Users\Light\Videos\正常往返.mp4,465,True,0.7775309681892395,155.95111083984375,43.615753173828125,180.84158325195312,65.46713256835938
normal,C:\Users\Light\Videos\正常往返.mp4,466,True,0.7774242162704468,155.95249938964844,43.61411666870117,180.8404541015625,65.46244812011719
normal,C:\Users\Light\Videos\正常往返.mp4,467,True,0.7668904066085815,159.34039306640625,43.165733337402344,184.13389587402344,64.75494384765625
normal,C:\Users\Light\Videos\正常往返.mp4,468,True,0.7452816963195801,162.7733154296875,43.213401794433594,187.4359588623047,64.730224609375
normal,C:\Users\Light\Videos\正常往返.mp4,469,True,0.7712172269821167,166.9163055419922,43.176265716552734,191.03591918945312,64.71886444091797
normal,C:\Users\Light\Videos\正常往返.mp4,470,True,0.7587454915046692,170.8081817626953,42.94321060180664,195.44964599609375,65.001220703125
normal,C:\Users\Light\Videos\正常往返.mp4,471,True,0.7585797309875488,170.81361389160156,42.926292419433594,195.4571533203125,64.98313903808594
normal,C:\Users\Light\Videos\正常往返.mp4,472,True,0.7485625743865967,173.99163818359375,43.482337951660156,198.82899475097656,65.21794128417969
normal,C:\Users\Light\Videos\正常往返.mp4,473,True,0.7465096712112427,177.7927703857422,43.352420806884766,203.44912719726562,65.40402221679688
normal,C:\Users\Light\Videos\正常往返.mp4,474,True,0.7485326528549194,177.7862091064453,43.353763580322266,203.45697021484375,65.39855194091797
normal,C:\Users\Light\Videos\正常往返.mp4,475,True,0.7579187750816345,182.33111572265625,43.061519622802734,207.58230590820312,64.7881088256836
normal,C:\Users\Light\Videos\正常往返.mp4,476,True,0.7584484219551086,182.32537841796875,43.063358306884766,207.5771026611328,64.79524230957031
normal,C:\Users\Light\Videos\正常往返.mp4,477,True,0.7267218232154846,186.76206970214844,43.061004638671875,210.7895965576172,64.38997650146484
normal,C:\Users\Light\Videos\正常往返.mp4,478,True,0.7806531190872192,190.23147583007812,43.49650192260742,215.57315063476562,65.4017105102539
normal,C:\Users\Light\Videos\正常往返.mp4,479,True,0.7804518938064575,190.23336791992188,43.49650192260742,215.57391357421875,65.40184783935547
normal,C:\Users\Light\Videos\正常往返.mp4,480,True,0.7862060070037842,194.4983367919922,43.13431167602539,220.47940063476562,64.310302734375
normal,C:\Users\Light\Videos\正常往返.mp4,481,True,0.7018682360649109,199.5526580810547,42.60569763183594,224.36277770996094,63.92323684692383
normal,C:\Users\Light\Videos\正常往返.mp4,482,True,0.7012109160423279,199.55917358398438,42.61284637451172,224.37033081054688,63.92393112182617
normal,C:\Users\Light\Videos\正常往返.mp4,483,True,0.8049658536911011,204.11904907226562,42.71208190917969,228.3887481689453,63.09977722167969
normal,C:\Users\Light\Videos\正常往返.mp4,484,True,0.8358363509178162,208.6043243408203,43.25786590576172,233.6291961669922,63.76832962036133
normal,C:\Users\Light\Videos\正常往返.mp4,485,True,0.8361136317253113,208.58644104003906,43.25293731689453,233.6366424560547,63.77173614501953
normal,C:\Users\Light\Videos\正常往返.mp4,486,True,0.77277672290802,212.9775390625,40.66648864746094,238.3747100830078,62.144447326660156
normal,C:\Users\Light\Videos\正常往返.mp4,487,True,0.7728608846664429,212.96461486816406,40.67558670043945,238.3656768798828,62.17501449584961
normal,C:\Users\Light\Videos\正常往返.mp4,488,True,0.743311882019043,218.24952697753906,40.869354248046875,242.70899963378906,62.918399810791016
normal,C:\Users\Light\Videos\正常往返.mp4,489,True,0.7100645899772644,221.9013214111328,41.838802337646484,246.3988494873047,62.82308578491211
normal,C:\Users\Light\Videos\正常往返.mp4,490,True,0.7102621793746948,221.89817810058594,41.83790588378906,246.3979034423828,62.821651458740234
normal,C:\Users\Light\Videos\正常往返.mp4,491,True,0.7998459935188293,230.31027221679688,41.049835205078125,255.7644500732422,61.58965301513672
normal,C:\Users\Light\Videos\正常往返.mp4,492,True,0.7928410172462463,230.33229064941406,40.843849182128906,255.7149658203125,61.402408599853516
normal,C:\Users\Light\Videos\正常往返.mp4,493,True,0.7190992832183838,235.3145294189453,41.57741928100586,260.1435546875,62.970664978027344
normal,C:\Users\Light\Videos\正常往返.mp4,494,True,0.7980726361274719,238.69854736328125,41.20637512207031,263.92620849609375,62.26394271850586
normal,C:\Users\Light\Videos\正常往返.mp4,495,True,0.8003612756729126,238.68289184570312,41.19609069824219,263.9267272949219,62.23025894165039
normal,C:\Users\Light\Videos\正常往返.mp4,496,True,0.8026122450828552,242.62667846679688,41.40785598754883,267.8203430175781,62.2667236328125
normal,C:\Users\Light\Videos\正常往返.mp4,497,True,0.802640438079834,242.62620544433594,41.40781021118164,267.8210754394531,62.26842498779297
normal,C:\Users\Light\Videos\正常往返.mp4,498,True,0.7190013527870178,246.20245361328125,41.69893264770508,270.7703857421875,62.324363708496094
normal,C:\Users\Light\Videos\正常往返.mp4,499,True,0.8319095969200134,250.1892547607422,41.83656311035156,275.6943664550781,62.457557678222656
normal,C:\Users\Light\Videos\正常往返.mp4,500,True,0.8316029906272888,250.2082061767578,41.82423400878906,275.7016906738281,62.44913101196289
normal,C:\Users\Light\Videos\正常往返.mp4,501,True,0.7540248036384583,254.2910919189453,41.015052795410156,278.96746826171875,62.02851486206055
normal,C:\Users\Light\Videos\正常往返.mp4,502,True,0.7849385142326355,256.8061218261719,41.266639709472656,281.8975524902344,62.245948791503906
normal,C:\Users\Light\Videos\正常往返.mp4,503,True,0.7850722670555115,256.8079833984375,41.267513275146484,281.9000549316406,62.25121307373047
normal,C:\Users\Light\Videos\正常往返.mp4,504,True,0.7738605737686157,259.7718200683594,40.900821685791016,284.700927734375,62.0154914855957
normal,C:\Users\Light\Videos\正常往返.mp4,505,True,0.8123232126235962,262.5217590332031,41.493465423583984,287.6821594238281,62.59733581542969
normal,C:\Users\Light\Videos\正常往返.mp4,506,True,0.8122763633728027,262.5250244140625,41.492122650146484,287.6875915527344,62.59809875488281
normal,C:\Users\Light\Videos\正常往返.mp4,507,True,0.7572908997535706,265.67657470703125,41.1937141418457,290.307861328125,62.15607833862305
normal,C:\Users\Light\Videos\正常往返.mp4,508,True,0.8220260143280029,268.1288757324219,41.37708282470703,293.7101745605469,62.450923919677734
normal,C:\Users\Light\Videos\正常往返.mp4,509,True,0.8219717741012573,268.1323547363281,41.38019943237305,293.7117614746094,62.45004653930664
normal,C:\Users\Light\Videos\正常往返.mp4,510,True,0.7793577909469604,270.4150695800781,41.06027603149414,295.6304931640625,61.914485931396484
normal,C:\Users\Light\Videos\正常往返.mp4,511,True,0.7797815203666687,270.4668273925781,41.00126647949219,295.6456604003906,61.8365592956543
normal,C:\Users\Light\Videos\正常往返.mp4,512,True,0.8442308306694031,272.6313781738281,41.7685661315918,298.49420166015625,62.4572868347168
normal,C:\Users\Light\Videos\正常往返.mp4,513,True,0.7811529636383057,274.7911071777344,41.34001541137695,299.93505859375,61.9961051940918
normal,C:\Users\Light\Videos\正常往返.mp4,514,True,0.7554513216018677,277.3869323730469,40.83320617675781,301.90570068359375,61.93156051635742
normal,C:\Users\Light\Videos\正常往返.mp4,515,True,0.8606919050216675,278.3072814941406,41.772377014160156,304.5240173339844,62.849666595458984
normal,C:\Users\Light\Videos\正常往返.mp4,516,True,0.858677327632904,278.34051513671875,41.76352310180664,304.4923400878906,62.830055236816406
normal,C:\Users\Light\Videos\正常往返.mp4,517,True,0.7647960782051086,280.757080078125,41.190799713134766,305.8663024902344,61.901039123535156
normal,C:\Users\Light\Videos\正常往返.mp4,518,True,0.7896851897239685,281.80828857421875,40.81870651245117,307.5411376953125,61.95121765136719
normal,C:\Users\Light\Videos\正常往返.mp4,519,True,0.7900992631912231,281.80816650390625,40.84324645996094,307.5240783691406,61.98288345336914
normal,C:\Users\Light\Videos\正常往返.mp4,520,True,0.8023996353149414,283.9269104003906,40.860076904296875,309.4476013183594,61.93714141845703
normal,C:\Users\Light\Videos\正常往返.mp4,521,True,0.8043527007102966,283.9273681640625,40.90536880493164,309.4608459472656,61.9659423828125
normal,C:\Users\Light\Videos\正常往返.mp4,522,True,0.8397448658943176,285.20184326171875,41.376163482666016,311.25628662109375,62.16062927246094
normal,C:\Users\Light\Videos\正常往返.mp4,523,True,0.7781474590301514,286.43121337890625,40.84434509277344,311.79132080078125,61.70500564575195
normal,C:\Users\Light\Videos\正常往返.mp4,524,True,0.7781109809875488,286.43035888671875,40.844120025634766,311.7928161621094,61.70549774169922
normal,C:\Users\Light\Videos\正常往返.mp4,525,True,0.7191553711891174,286.9562683105469,40.83542251586914,312.1793212890625,61.46193313598633
normal,C:\Users\Light\Videos\正常往返.mp4,526,True,0.7585431933403015,288.60943603515625,40.52769470214844,313.19085693359375,61.70740509033203
normal,C:\Users\Light\Videos\正常往返.mp4,527,True,0.7572619915008545,288.6142883300781,40.53170394897461,313.1756591796875,61.73611068725586
normal,C:\Users\Light\Videos\正常往返.mp4,528,True,0.7578901052474976,289.5436706542969,40.67025375366211,313.9519958496094,61.79142379760742
normal,C:\Users\Light\Videos\正常往返.mp4,529,True,0.811485230922699,289.4100341796875,41.525691986083984,314.7936706542969,62.37537384033203
normal,C:\Users\Light\Videos\正常往返.mp4,530,True,0.8112937211990356,289.42572021484375,41.520652770996094,314.7982177734375,62.374454498291016
normal,C:\Users\Light\Videos\正常往返.mp4,531,True,0.8337274789810181,289.832763671875,41.59868621826172,315.4898376464844,62.57382583618164
normal,C:\Users\Light\Videos\正常往返.mp4,532,True,0.8332698345184326,289.8246765136719,41.578025817871094,315.4929504394531,62.57490158081055
normal,C:\Users\Light\Videos\正常往返.mp4,533,True,0.8299170136451721,290.42681884765625,41.38824462890625,316.0242919921875,62.15563201904297
normal,C:\Users\Light\Videos\正常往返.mp4,534,True,0.8479788303375244,290.5433044433594,41.409400939941406,316.44940185546875,62.43451690673828
normal,C:\Users\Light\Videos\正常往返.mp4,535,True,0.8478282690048218,290.54730224609375,41.40935516357422,316.44305419921875,62.4306640625
normal,C:\Users\Light\Videos\正常往返.mp4,536,True,0.8261430263519287,290.83856201171875,41.46274185180664,316.16326904296875,62.1187858581543
normal,C:\Users\Light\Videos\正常往返.mp4,537,True,0.8410347700119019,290.1092834472656,41.6606559753418,315.7425842285156,62.5236930847168
normal,C:\Users\Light\Videos\正常往返.mp4,538,True,0.8411744832992554,290.1065673828125,41.66123580932617,315.7443542480469,62.52077865600586
normal,C:\Users\Light\Videos\正常往返.mp4,539,True,0.8000921010971069,289.6905517578125,41.38656234741211,314.5580139160156,62.089988708496094
normal,C:\Users\Light\Videos\正常往返.mp4,540,True,0.8003484606742859,289.6899108886719,41.394073486328125,314.55743408203125,62.10439682006836
normal,C:\Users\Light\Videos\正常往返.mp4,541,True,0.7806519269943237,289.1235656738281,40.5946159362793,314.0146789550781,61.55509567260742
normal,C:\Users\Light\Videos\正常往返.mp4,542,True,0.7806144952774048,289.1187438964844,40.58921432495117,314.01318359375,61.55251693725586
normal,C:\Users\Light\Videos\正常往返.mp4,543,True,0.7759473323822021,288.52532958984375,40.80319595336914,313.31158447265625,62.15928268432617
normal,C:\Users\Light\Videos\正常往返.mp4,544,True,0.7476535439491272,287.90966796875,40.50418472290039,312.70458984375,61.48815155029297
normal,C:\Users\Light\Videos\正常往返.mp4,545,True,0.7472271919250488,287.9222412109375,40.501224517822266,312.6973876953125,61.49003601074219
normal,C:\Users\Light\Videos\正常往返.mp4,546,True,0.7690184712409973,286.5785217285156,40.858463287353516,311.782470703125,61.856685638427734
normal,C:\Users\Light\Videos\正常往返.mp4,547,True,0.7921776175498962,285.98681640625,40.8758544921875,311.5379333496094,62.014549255371094
normal,C:\Users\Light\Videos\正常往返.mp4,548,True,0.7921282649040222,285.98724365234375,40.875877380371094,311.5386047363281,62.01448440551758
normal,C:\Users\Light\Videos\正常往返.mp4,549,True,0.836050271987915,284.9236145019531,41.06254196166992,310.9629211425781,62.195499420166016
normal,C:\Users\Light\Videos\正常往返.mp4,550,True,0.7940643429756165,284.0605163574219,40.747013092041016,309.1236572265625,61.68830871582031
normal,C:\Users\Light\Videos\正常往返.mp4,551,True,0.7942003011703491,284.060791015625,40.7451286315918,309.12945556640625,61.69252395629883
normal,C:\Users\Light\Videos\正常往返.mp4,552,True,0.7743027806282043,282.77520751953125,40.75996398925781,307.6903991699219,61.57244110107422
normal,C:\Users\Light\Videos\正常往返.mp4,553,True,0.7643574476242065,280.8879089355469,41.17287063598633,305.95172119140625,61.94007873535156
normal,C:\Users\Light\Videos\正常往返.mp4,554,True,0.7613679766654968,280.8834228515625,41.155906677246094,305.960205078125,61.94099807739258
normal,C:\Users\Light\Videos\正常往返.mp4,555,True,0.8291216492652893,279.3251037597656,41.23542022705078,305.2401428222656,62.371337890625
normal,C:\Users\Light\Videos\正常往返.mp4,556,True,0.8295865654945374,279.31402587890625,41.243221282958984,305.20263671875,62.38021469116211
normal,C:\Users\Light\Videos\正常往返.mp4,557,True,0.8007176518440247,278.0033264160156,41.08208465576172,302.9195861816406,62.2908821105957
normal,C:\Users\Light\Videos\正常往返.mp4,558,True,0.7486733198165894,275.7528076171875,40.62876892089844,301.1362609863281,61.57132339477539
normal,C:\Users\Light\Videos\正常往返.mp4,559,True,0.7493545413017273,275.7955322265625,40.624420166015625,301.1504821777344,61.56661605834961
normal,C:\Users\Light\Videos\正常往返.mp4,560,True,0.7782868146896362,274.2132568359375,40.85615539550781,299.4667663574219,61.894447326660156
normal,C:\Users\Light\Videos\正常往返.mp4,561,True,0.7584503293037415,272.46771240234375,40.34013366699219,296.8895568847656,61.057899475097656
normal,C:\Users\Light\Videos\正常往返.mp4,562,True,0.7574480175971985,272.46124267578125,40.33119201660156,296.88568115234375,61.043758392333984
normal,C:\Users\Light\Videos\正常往返.mp4,563,True,0.7449319958686829,270.2076416015625,41.225379943847656,294.82843017578125,62.74143981933594
normal,C:\Users\Light\Videos\正常往返.mp4,564,True,0.8270321488380432,267.1066589355469,41.37825012207031,292.98284912109375,62.524566650390625
normal,C:\Users\Light\Videos\正常往返.mp4,565,True,0.7545782327651978,265.6393737792969,40.75053024291992,289.6910095214844,61.832435607910156
normal,C:\Users\Light\Videos\正常往返.mp4,566,True,0.7564289569854736,265.6087951660156,40.723209381103516,289.7206726074219,61.80251693725586
normal,C:\Users\Light\Videos\正常往返.mp4,567,True,0.7941945791244507,262.6389465332031,40.91657638549805,287.4391174316406,62.12156677246094
normal,C:\Users\Light\Videos\正常往返.mp4,568,True,0.7527146935462952,259.947998046875,41.24001693725586,284.3308410644531,62.836082458496094
normal,C:\Users\Light\Videos\正常往返.mp4,569,True,0.7530046701431274,259.9482421875,41.24362564086914,284.32470703125,62.8416633605957
normal,C:\Users\Light\Videos\正常往返.mp4,570,True,0.7660605311393738,256.9933166503906,40.63047409057617,282.0478515625,61.81865310668945
normal,C:\Users\Light\Videos\正常往返.mp4,571,True,0.7539781332015991,254.7257537841797,40.57917404174805,278.7774353027344,61.60966873168945
normal,C:\Users\Light\Videos\正常往返.mp4,572,True,0.7540764212608337,254.72622680664062,40.579689025878906,278.7766418457031,61.60673141479492
normal,C:\Users\Light\Videos\正常往返.mp4,573,True,0.77570641040802,250.98068237304688,40.65371322631836,276.10882568359375,61.418766021728516
normal,C:\Users\Light\Videos\正常往返.mp4,574,True,0.7509921193122864,248.4779510498047,40.283905029296875,272.39739990234375,61.069217681884766
normal,C:\Users\Light\Videos\正常往返.mp4,575,True,0.7505235075950623,248.47882080078125,40.282470703125,272.4036560058594,61.06962203979492
normal,C:\Users\Light\Videos\正常往返.mp4,576,True,0.8100924491882324,244.3504638671875,41.3095817565918,269.448974609375,62.75168228149414
normal,C:\Users\Light\Videos\正常往返.mp4,577,True,0.8107653856277466,244.339599609375,41.324462890625,269.46075439453125,62.741641998291016
normal,C:\Users\Light\Videos\正常往返.mp4,578,True,0.7524269223213196,240.05245971679688,41.40890884399414,264.9062805175781,62.40677261352539
normal,C:\Users\Light\Videos\正常往返.mp4,579,True,0.8316604495048523,236.8437957763672,41.66280746459961,262.8130798339844,63.08814239501953
normal,C:\Users\Light\Videos\正常往返.mp4,580,True,0.8306103348731995,236.78713989257812,41.646156311035156,262.80096435546875,63.075706481933594
normal,C:\Users\Light\Videos\正常往返.mp4,581,True,0.7387857437133789,234.0424346923828,40.977264404296875,258.7596130371094,61.335105895996094
normal,C:\Users\Light\Videos\正常往返.mp4,582,True,0.7616457343101501,230.7090606689453,40.84586715698242,254.81466674804688,61.193355560302734
normal,C:\Users\Light\Videos\正常往返.mp4,583,True,0.7624121308326721,230.69989013671875,40.83246612548828,254.82203674316406,61.18819808959961
normal,C:\Users\Light\Videos\正常往返.mp4,584,True,0.8169395327568054,227.1429443359375,42.662574768066406,251.7246551513672,62.9391975402832
normal,C:\Users\Light\Videos\正常往返.mp4,585,True,0.701408326625824,222.97225952148438,41.93270492553711,247.63510131835938,63.198387145996094
normal,C:\Users\Light\Videos\正常往返.mp4,586,True,0.7023113965988159,222.9790496826172,41.97914123535156,247.6378631591797,63.247196197509766
normal,C:\Users\Light\Videos\正常往返.mp4,587,True,0.7833738923072815,219.36534118652344,41.035579681396484,244.27142333984375,62.50564956665039
normal,C:\Users\Light\Videos\正常往返.mp4,588,True,0.7316582202911377,216.5557861328125,41.06836700439453,241.1878662109375,62.00096893310547
normal,C:\Users\Light\Videos\正常往返.mp4,589,True,0.7746878266334534,213.0799560546875,40.68470764160156,238.03253173828125,61.93281555175781
normal,C:\Users\Light\Videos\正常往返.mp4,590,True,0.7744525671005249,213.07940673828125,40.6876220703125,238.00799560546875,61.955406188964844
normal,C:\Users\Light\Videos\正常往返.mp4,591,True,0.7877907752990723,209.8174285888672,41.808074951171875,234.60406494140625,62.233421325683594
normal,C:\Users\Light\Videos\正常往返.mp4,592,True,0.7216948866844177,206.3630828857422,41.8651123046875,231.3834686279297,62.36589431762695
normal,C:\Users\Light\Videos\正常往返.mp4,593,True,0.7199739217758179,206.3589630126953,41.88192367553711,231.3959197998047,62.382118225097656
normal,C:\Users\Light\Videos\正常往返.mp4,594,True,0.8305945992469788,203.67636108398438,42.68373107910156,227.94802856445312,63.18218231201172
normal,C:\Users\Light\Videos\正常往返.mp4,595,True,0.7492169141769409,200.478759765625,41.30897521972656,225.02464294433594,62.54807662963867
normal,C:\Users\Light\Videos\正常往返.mp4,596,True,0.7488771080970764,200.43759155273438,41.276546478271484,225.07464599609375,62.534156799316406
normal,C:\Users\Light\Videos\正常往返.mp4,597,True,0.8221012353897095,197.82977294921875,42.1736946105957,222.6565704345703,63.13798522949219
normal,C:\Users\Light\Videos\正常往返.mp4,598,True,0.7902883887290955,194.29702758789062,42.98789978027344,220.0223846435547,64.22852325439453
normal,C:\Users\Light\Videos\正常往返.mp4,599,True,0.7901788949966431,194.3009490966797,42.991172790527344,220.0188751220703,64.2343521118164
normal,C:\Users\Light\Videos\正常往返.mp4,600,True,0.8246519565582275,191.95188903808594,42.720577239990234,216.73829650878906,63.84148025512695
normal,C:\Users\Light\Videos\正常往返.mp4,601,True,0.8242636919021606,191.94786071777344,42.726470947265625,216.74609375,63.87682342529297
normal,C:\Users\Light\Videos\正常往返.mp4,602,True,0.7922782897949219,189.4835205078125,41.81000518798828,214.4370880126953,63.137001037597656
normal,C:\Users\Light\Videos\正常往返.mp4,603,True,0.7706872820854187,187.21588134765625,42.279319763183594,211.26226806640625,63.299190521240234
normal,C:\Users\Light\Videos\正常往返.mp4,604,True,0.7688127756118774,187.21937561035156,42.28487777709961,211.2753143310547,63.28538513183594
normal,C:\Users\Light\Videos\正常往返.mp4,605,True,0.8237140774726868,184.82962036132812,41.787010192871094,209.4829864501953,63.05457305908203
normal,C:\Users\Light\Videos\正常往返.mp4,606,True,0.756321907043457,181.81422424316406,41.59306335449219,207.19973754882812,62.8452033996582
normal,C:\Users\Light\Videos\正常往返.mp4,607,True,0.7579827308654785,181.76296997070312,41.58346939086914,207.2168426513672,62.87967300415039
normal,C:\Users\Light\Videos\正常往返.mp4,608,True,0.8250678777694702,180.04638671875,41.96307373046875,205.1483154296875,63.01633834838867
normal,C:\Users\Light\Videos\正常往返.mp4,609,True,0.7801229953765869,178.0068817138672,42.191558837890625,203.0294189453125,63.58708953857422
normal,C:\Users\Light\Videos\正常往返.mp4,610,True,0.780646562576294,177.99276733398438,42.17775344848633,203.03819274902344,63.57798767089844
normal,C:\Users\Light\Videos\正常往返.mp4,611,True,0.7350941300392151,175.80282592773438,42.563697814941406,199.9257049560547,63.57572555541992
normal,C:\Users\Light\Videos\正常往返.mp4,612,True,0.8089730143547058,174.10044860839844,42.73518753051758,198.8175811767578,64.2452392578125
normal,C:\Users\Light\Videos\正常往返.mp4,613,True,0.7840290069580078,172.57144165039062,42.75674819946289,196.4932403564453,64.59212493896484
normal,C:\Users\Light\Videos\正常往返.mp4,614,True,0.7841878533363342,172.57235717773438,42.75923538208008,196.48931884765625,64.59241485595703
normal,C:\Users\Light\Videos\正常往返.mp4,615,True,0.7749279737472534,171.22940063476562,42.444313049316406,195.55807495117188,64.37865447998047
normal,C:\Users\Light\Videos\正常往返.mp4,616,True,0.7519287467002869,169.87403869628906,42.491512298583984,193.525634765625,63.65351486206055
normal,C:\Users\Light\Videos\正常往返.mp4,617,True,0.7510212659835815,169.8873748779297,42.49751663208008,193.5143585205078,63.664093017578125
normal,C:\Users\Light\Videos\正常往返.mp4,618,True,0.8029929399490356,168.34988403320312,42.56748580932617,192.81056213378906,63.93760299682617
normal,C:\Users\Light\Videos\正常往返.mp4,619,True,0.7782557606697083,167.09861755371094,42.44119644165039,191.52609252929688,64.34429931640625
normal,C:\Users\Light\Videos\正常往返.mp4,620,True,0.7780709266662598,167.0999298095703,42.44312286376953,191.52346801757812,64.34950256347656
normal,C:\Users\Light\Videos\正常往返.mp4,621,True,0.7486246228218079,165.71762084960938,42.99610137939453,190.5656280517578,64.6715087890625
normal,C:\Users\Light\Videos\正常往返.mp4,622,True,0.7486994862556458,165.72103881835938,42.992897033691406,190.57073974609375,64.6697769165039
normal,C:\Users\Light\Videos\正常往返.mp4,623,True,0.7287976741790771,164.74717712402344,42.779632568359375,189.67959594726562,64.33365631103516
normal,C:\Users\Light\Videos\正常往返.mp4,624,True,0.7773177027702332,164.03704833984375,42.257469177246094,188.1659393310547,63.06766128540039
normal,C:\Users\Light\Videos\正常往返.mp4,625,True,0.7771047949790955,164.04151916503906,42.256282806396484,188.16632080078125,63.06562042236328
normal,C:\Users\Light\Videos\正常往返.mp4,626,True,0.7705473899841309,163.7153778076172,42.46815872192383,187.64834594726562,63.593990325927734
normal,C:\Users\Light\Videos\正常往返.mp4,627,True,0.760954737663269,163.46484375,42.86941146850586,187.0404510498047,64.34329223632812
normal,C:\Users\Light\Videos\正常往返.mp4,628,True,0.7613726854324341,163.46376037597656,42.884761810302734,187.04025268554688,64.34161376953125
normal,C:\Users\Light\Videos\正常往返.mp4,629,True,0.8000168800354004,162.91671752929688,42.54388427734375,187.09432983398438,63.83506774902344
normal,C:\Users\Light\Videos\正常往返.mp4,630,True,0.8107107877731323,162.58969116210938,42.73458480834961,187.04103088378906,63.90869140625
normal,C:\Users\Light\Videos\正常往返.mp4,631,True,0.8104290962219238,162.59596252441406,42.742740631103516,187.0327606201172,63.917789459228516
normal,C:\Users\Light\Videos\正常往返.mp4,632,True,0.8186339735984802,162.57240295410156,42.588348388671875,187.23880004882812,63.8917236328125
normal,C:\Users\Light\Videos\正常往返.mp4,633,True,0.7631159424781799,163.22076416015625,42.77286148071289,187.33641052246094,64.28605651855469
normal,C:\Users\Light\Videos\正常往返.mp4,634,True,0.7631648182868958,163.22088623046875,42.77014923095703,187.33233642578125,64.28656768798828
normal,C:\Users\Light\Videos\正常往返.mp4,635,True,0.7747237086296082,163.54005432128906,42.3723258972168,187.6410369873047,63.70062255859375
normal,C:\Users\Light\Videos\正常往返.mp4,636,True,0.753063976764679,164.077392578125,42.50457763671875,187.94366455078125,63.444976806640625
normal,C:\Users\Light\Videos\正常往返.mp4,637,True,0.7209084630012512,164.82089233398438,42.530662536621094,189.4359893798828,63.89548873901367
normal,C:\Users\Light\Videos\正常往返.mp4,638,True,0.7215208411216736,164.81822204589844,42.533287048339844,189.42494201660156,63.900577545166016
normal,C:\Users\Light\Videos\正常往返.mp4,639,True,0.7338350415229797,165.08351135253906,42.73774337768555,190.10743713378906,64.365234375
normal,C:\Users\Light\Videos\正常往返.mp4,640,True,0.7743228673934937,166.13316345214844,42.69175720214844,190.98085021972656,64.5040512084961
normal,C:\Users\Light\Videos\正常往返.mp4,641,True,0.7741202712059021,166.12185668945312,42.69639587402344,190.97787475585938,64.50541687011719
normal,C:\Users\Light\Videos\正常往返.mp4,642,True,0.774152934551239,166.68809509277344,42.739402770996094,191.4658966064453,64.49786376953125
normal,C:\Users\Light\Videos\正常往返.mp4,643,True,0.7989501357078552,167.9892578125,42.577144622802734,192.4886016845703,63.99526596069336
normal,C:\Users\Light\Videos\正常往返.mp4,644,True,0.7989932894706726,167.98899841308594,42.576473236083984,192.49014282226562,63.996028900146484
normal,C:\Users\Light\Videos\正常往返.mp4,645,True,0.7620609402656555,168.50003051757812,43.03825759887695,192.82913208007812,64.7706298828125
normal,C:\Users\Light\Videos\正常往返.mp4,646,True,0.761857271194458,168.504638671875,43.03740692138672,192.83529663085938,64.7690200805664
normal,C:\Users\Light\Videos\正常往返.mp4,647,True,0.7552028894424438,169.79232788085938,42.95719528198242,194.2422637939453,64.89691925048828
normal,C:\Users\Light\Videos\正常往返.mp4,648,True,0.7681394815444946,171.04702758789062,42.55060958862305,195.51528930664062,64.60162353515625
normal,C:\Users\Light\Videos\正常往返.mp4,649,True,0.7682570219039917,171.053955078125,42.52225875854492,195.5153350830078,64.56498718261719
normal,C:\Users\Light\Videos\正常往返.mp4,650,True,0.7889156341552734,172.44810485839844,43.130435943603516,196.3212890625,65.09136199951172
normal,C:\Users\Light\Videos\正常往返.mp4,651,True,0.7845615744590759,173.8770751953125,42.9113883972168,197.89154052734375,64.82103729248047
normal,C:\Users\Light\Videos\正常往返.mp4,652,True,0.78468918800354,173.86866760253906,42.91237258911133,197.89035034179688,64.81915283203125
normal,C:\Users\Light\Videos\正常往返.mp4,653,True,0.7626848816871643,175.32882690429688,42.644805908203125,199.0877685546875,63.89784240722656
normal,C:\Users\Light\Videos\正常往返.mp4,654,True,0.7010183334350586,176.31521606445312,43.134334564208984,201.41844177246094,64.58760070800781
normal,C:\Users\Light\Videos\正常往返.mp4,655,True,0.7007572650909424,176.3085174560547,43.12857437133789,201.4139404296875,64.57878875732422
normal,C:\Users\Light\Videos\正常往返.mp4,656,True,0.8049501180648804,177.7324676513672,43.035099029541016,203.43760681152344,64.5424575805664
normal,C:\Users\Light\Videos\正常往返.mp4,657,True,0.8051798343658447,177.6912078857422,43.0332145690918,203.44317626953125,64.52153015136719
normal,C:\Users\Light\Videos\正常往返.mp4,658,True,0.7652115821838379,181.48651123046875,42.49213790893555,206.05490112304688,63.09372329711914
normal,C:\Users\Light\Videos\正常往返.mp4,659,True,0.7656686305999756,181.4830322265625,42.4892463684082,206.04241943359375,63.089263916015625
normal,C:\Users\Light\Videos\正常往返.mp4,660,True,0.8077906370162964,183.53109741210938,42.635501861572266,208.7481689453125,64.33470916748047
normal,C:\Users\Light\Videos\正常往返.mp4,661,True,0.8358792662620544,185.53907775878906,42.62871170043945,210.59268188476562,64.01375579833984
normal,C:\Users\Light\Videos\正常往返.mp4,662,True,0.8353316783905029,185.55398559570312,42.62671661376953,210.59759521484375,64.01265716552734
normal,C:\Users\Light\Videos\正常往返.mp4,663,True,0.7434037327766418,187.4921875,42.60309600830078,211.6162567138672,63.484195709228516
normal,C:\Users\Light\Videos\正常往返.mp4,664,True,0.7771294713020325,189.3419952392578,43.247467041015625,214.50509643554688,64.96598815917969
normal,C:\Users\Light\Videos\正常往返.mp4,665,True,0.7770832777023315,189.34228515625,43.24776077270508,214.50436401367188,64.96578979492188
normal,C:\Users\Light\Videos\正常往返.mp4,666,True,0.8359256982803345,191.62826538085938,42.66611862182617,216.6256103515625,63.6309928894043
normal,C:\Users\Light\Videos\正常往返.mp4,667,True,0.8351342678070068,191.6345672607422,42.66730499267578,216.6336669921875,63.64647674560547
normal,C:\Users\Light\Videos\正常往返.mp4,668,True,0.767246425151825,193.41293334960938,42.41746520996094,217.86123657226562,63.02236557006836
normal,C:\Users\Light\Videos\正常往返.mp4,669,True,0.8230424523353577,195.576904296875,42.86654281616211,220.95753479003906,64.17740631103516
normal,C:\Users\Light\Videos\正常往返.mp4,670,True,0.8230437636375427,195.579833984375,42.86642837524414,220.96090698242188,64.17356872558594
normal,C:\Users\Light\Videos\正常往返.mp4,671,True,0.8220595121383667,198.14276123046875,42.094425201416016,222.84812927246094,63.139400482177734
normal,C:\Users\Light\Videos\正常往返.mp4,672,True,0.7612374424934387,200.02825927734375,40.815521240234375,225.04632568359375,61.943729400634766
normal,C:\Users\Light\Videos\正常往返.mp4,673,True,0.7627794742584229,200.04489135742188,40.81592559814453,225.05865478515625,61.94673538208008
normal,C:\Users\Light\Videos\正常往返.mp4,674,True,0.8008814454078674,202.23501586914062,41.742881774902344,226.76638793945312,62.68893051147461
normal,C:\Users\Light\Videos\正常往返.mp4,675,True,0.8034988045692444,204.42616271972656,42.013004302978516,228.5294647216797,62.57052993774414
normal,C:\Users\Light\Videos\正常往返.mp4,676,True,0.8048948645591736,204.41485595703125,42.030643463134766,228.52647399902344,62.57355880737305
normal,C:\Users\Light\Videos\正常往返.mp4,677,True,0.7594802975654602,205.97213745117188,40.96903991699219,231.09117126464844,62.04018783569336
normal,C:\Users\Light\Videos\正常往返.mp4,678,True,0.8291676640510559,207.55535888671875,43.034156799316406,232.74984741210938,64.02072143554688
normal,C:\Users\Light\Videos\正常往返.mp4,679,True,0.8289943337440491,207.55593872070312,43.03178024291992,232.7533416748047,64.00942993164062
normal,C:\Users\Light\Videos\正常往返.mp4,680,True,0.8198212385177612,209.7698974609375,42.54563522338867,234.4619140625,63.34336471557617
normal,C:\Users\Light\Videos\正常往返.mp4,681,True,0.8198471665382385,209.77008056640625,42.54505157470703,234.4637908935547,63.34309387207031
normal,C:\Users\Light\Videos\正常往返.mp4,682,True,0.7264801263809204,211.98367309570312,41.940773010253906,236.71759033203125,63.2545051574707
normal,C:\Users\Light\Videos\正常往返.mp4,683,True,0.7917373776435852,212.7989501953125,40.7221794128418,238.1004180908203,62.007896423339844
normal,C:\Users\Light\Videos\正常往返.mp4,684,True,0.7739062309265137,214.849609375,40.96153259277344,240.21705627441406,62.31367492675781
normal,C:\Users\Light\Videos\正常往返.mp4,685,True,0.7326367497444153,216.36135864257812,40.77312088012695,240.9130859375,61.9246826171875
normal,C:\Users\Light\Videos\正常往返.mp4,686,True,0.7333371639251709,216.34556579589844,40.778656005859375,240.90817260742188,61.93729782104492
normal,C:\Users\Light\Videos\正常往返.mp4,687,True,0.7370676398277283,217.37155151367188,40.71137619018555,242.00820922851562,62.58713912963867
normal,C:\Users\Light\Videos\正常往返.mp4,688,True,0.7619091272354126,218.91622924804688,40.663841247558594,243.40834045410156,62.143550872802734
normal,C:\Users\Light\Videos\正常往返.mp4,689,True,0.7619967460632324,218.92286682128906,40.663753509521484,243.41708374023438,62.16102981567383
normal,C:\Users\Light\Videos\正常往返.mp4,690,True,0.7629123330116272,219.56808471679688,41.31166458129883,243.60861206054688,62.97218704223633
normal,C:\Users\Light\Videos\正常往返.mp4,691,True,0.7635945081710815,219.56884765625,41.31829833984375,243.61170959472656,62.983036041259766
normal,C:\Users\Light\Videos\正常往返.mp4,692,True,0.8043646812438965,220.3885498046875,41.68873596191406,245.76388549804688,63.1995964050293
normal,C:\Users\Light\Videos\正常往返.mp4,693,True,0.7852213382720947,221.31829833984375,41.62540054321289,246.31829833984375,62.7955207824707
normal,C:\Users\Light\Videos\正常往返.mp4,694,True,0.7846501469612122,221.3267059326172,41.61787033081055,246.32333374023438,62.78861618041992
normal,C:\Users\Light\Videos\正常往返.mp4,695,True,0.7452501654624939,222.1367645263672,41.31412887573242,246.7479248046875,62.34135437011719
normal,C:\Users\Light\Videos\正常往返.mp4,696,True,0.7225939035415649,222.10968017578125,41.673606872558594,247.15914916992188,63.32548141479492
normal,C:\Users\Light\Videos\正常往返.mp4,697,True,0.7223818302154541,222.11036682128906,41.67613983154297,247.1539306640625,63.32124328613281
normal,C:\Users\Light\Videos\正常往返.mp4,698,True,0.7344244122505188,222.3225860595703,41.68445587158203,247.29640197753906,63.44412612915039
normal,C:\Users\Light\Videos\正常往返.mp4,699,True,0.7412904500961304,222.59861755371094,41.31856918334961,247.41650390625,62.9897575378418
normal,C:\Users\Light\Videos\正常往返.mp4,700,True,0.7416229844093323,222.61090087890625,41.315452575683594,247.42210388183594,62.98471450805664
normal,C:\Users\Light\Videos\正常往返.mp4,701,True,0.7505683302879333,222.5020294189453,41.43757247924805,247.3005828857422,63.24654769897461
normal,C:\Users\Light\Videos\正常往返.mp4,702,True,0.7505314350128174,222.50375366210938,41.440128326416016,247.30751037597656,63.25192642211914
normal,C:\Users\Light\Videos\正常往返.mp4,703,True,0.7259160876274109,222.2950439453125,41.4620246887207,246.85716247558594,62.451324462890625
normal,C:\Users\Light\Videos\正常往返.mp4,704,True,0.7449091672897339,222.16729736328125,41.20023727416992,246.7858428955078,62.16788864135742
normal,C:\Users\Light\Videos\正常往返.mp4,705,True,0.745022177696228,222.1755828857422,41.201961517333984,246.79176330566406,62.16903305053711
normal,C:\Users\Light\Videos\正常往返.mp4,706,True,0.7707443237304688,221.62298583984375,41.375179290771484,246.32337951660156,62.50836181640625
normal,C:\Users\Light\Videos\正常往返.mp4,707,True,0.8181533217430115,220.54052734375,41.89689254760742,245.92176818847656,63.35409927368164
normal,C:\Users\Light\Videos\正常往返.mp4,708,True,0.7790878415107727,219.63259887695312,41.46516036987305,244.64002990722656,62.98955535888672
normal,C:\Users\Light\Videos\正常往返.mp4,709,True,0.7688141465187073,219.12542724609375,41.384613037109375,243.08145141601562,63.009010314941406
normal,C:\Users\Light\Videos\正常往返.mp4,710,True,0.7681188583374023,219.11961364746094,41.3958854675293,243.09039306640625,63.020328521728516
normal,C:\Users\Light\Videos\正常往返.mp4,711,True,0.7584794163703918,218.65000915527344,40.78620910644531,242.78890991210938,62.825618743896484
normal,C:\Users\Light\Videos\正常往返.mp4,712,True,0.7587372064590454,218.65151977539062,40.789390563964844,242.78929138183594,62.83390808105469
normal,C:\Users\Light\Videos\正常往返.mp4,713,True,0.7226998805999756,217.20143127441406,40.920005798339844,241.90792846679688,62.55488967895508
normal,C:\Users\Light\Videos\正常往返.mp4,714,True,0.7273706793785095,216.4091033935547,40.81487274169922,240.97372436523438,62.50399398803711
normal,C:\Users\Light\Videos\正常往返.mp4,715,True,0.7274472713470459,216.40957641601562,40.81236267089844,240.97267150878906,62.502960205078125
normal,C:\Users\Light\Videos\正常往返.mp4,716,True,0.7667458057403564,215.19171142578125,40.70389175415039,240.20973205566406,62.03927230834961
normal,C:\Users\Light\Videos\正常往返.mp4,717,True,0.7681027054786682,213.57928466796875,39.96864318847656,238.58016967773438,61.19981002807617
normal,C:\Users\Light\Videos\正常往返.mp4,718,True,0.7675751447677612,213.5791778564453,39.96723175048828,238.58612060546875,61.200233459472656
normal,C:\Users\Light\Videos\正常往返.mp4,719,True,0.7524946928024292,212.97451782226562,39.6757926940918,237.6644744873047,61.18091583251953
normal,C:\Users\Light\Videos\正常往返.mp4,720,True,0.7551348209381104,211.78543090820312,41.26572036743164,236.2890167236328,62.786216735839844
normal,C:\Users\Light\Videos\正常往返.mp4,721,True,0.7536625862121582,211.76480102539062,41.274105072021484,236.28456115722656,62.78810119628906
normal,C:\Users\Light\Videos\正常往返.mp4,722,True,0.7847887873649597,209.7823944091797,41.410926818847656,234.65939331054688,62.414794921875
normal,C:\Users\Light\Videos\正常往返.mp4,723,True,0.7973163723945618,208.16177368164062,41.55489730834961,232.65365600585938,62.232276916503906
normal,C:\Users\Light\Videos\正常往返.mp4,724,True,0.7973948121070862,208.1644287109375,41.5596923828125,232.64901733398438,62.229408264160156
normal,C:\Users\Light\Videos\正常往返.mp4,725,True,0.7706077098846436,206.37083435058594,40.67863464355469,231.2236328125,61.62629699707031
normal,C:\Users\Light\Videos\正常往返.mp4,726,True,0.7704433798789978,206.3668212890625,40.68114471435547,231.21839904785156,61.62907409667969
normal,C:\Users\Light\Videos\正常往返.mp4,727,True,0.775751531124115,204.94903564453125,41.644920349121094,229.26625061035156,61.96905517578125
normal,C:\Users\Light\Videos\正常往返.mp4,728,True,0.8304432034492493,203.0316162109375,41.48931884765625,228.34007263183594,62.26060485839844
normal,C:\Users\Light\Videos\正常往返.mp4,729,True,0.8307064771652222,203.0294647216797,41.516326904296875,228.3313751220703,62.26708221435547
normal,C:\Users\Light\Videos\正常往返.mp4,730,True,0.749800980091095,200.1265106201172,41.4554328918457,224.44032287597656,62.8587646484375
normal,C:\Users\Light\Videos\正常往返.mp4,731,True,0.7502071261405945,200.13916015625,41.456912994384766,224.44471740722656,62.86037826538086
normal,C:\Users\Light\Videos\正常往返.mp4,732,True,0.7982378602027893,198.3213653564453,41.23120880126953,223.2058563232422,62.428489685058594
normal,C:\Users\Light\Videos\正常往返.mp4,733,True,0.8201796412467957,196.38772583007812,41.750144958496094,221.52635192871094,63.038143157958984
normal,C:\Users\Light\Videos\正常往返.mp4,734,True,0.8202367424964905,196.388916015625,41.750701904296875,221.5259246826172,63.036956787109375
normal,C:\Users\Light\Videos\正常往返.mp4,735,True,0.7912221550941467,194.71311950683594,42.151756286621094,219.55596923828125,63.320438385009766
normal,C:\Users\Light\Videos\正常往返.mp4,736,True,0.7936473488807678,194.67776489257812,42.141578674316406,219.64077758789062,63.3236198425293
normal,C:\Users\Light\Videos\正常往返.mp4,737,True,0.7884225845336914,193.14419555664062,42.07067108154297,217.32464599609375,62.99166488647461
normal,C:\Users\Light\Videos\正常往返.mp4,738,True,0.835850179195404,191.50897216796875,42.04648971557617,216.782958984375,63.140811920166016
normal,C:\Users\Light\Videos\正常往返.mp4,739,True,0.8359922170639038,191.5074462890625,42.04500961303711,216.77911376953125,63.13399887084961
normal,C:\Users\Light\Videos\正常往返.mp4,740,True,0.8014817237854004,190.03602600097656,41.769798278808594,214.8708038330078,63.15058135986328
normal,C:\Users\Light\Videos\正常往返.mp4,741,True,0.765970766544342,187.8717498779297,41.16883850097656,213.20921325683594,62.51327133178711
normal,C:\Users\Light\Videos\正常往返.mp4,742,True,0.7659932971000671,187.873779296875,41.171146392822266,213.20765686035156,62.51069259643555
normal,C:\Users\Light\Videos\正常往返.mp4,743,True,0.7735931277275085,187.1863250732422,41.50532150268555,211.79946899414062,62.43828201293945
normal,C:\Users\Light\Videos\正常往返.mp4,744,True,0.8420135974884033,185.45040893554688,41.94816970825195,210.50192260742188,63.32312774658203
normal,C:\Users\Light\Videos\正常往返.mp4,745,True,0.8420203924179077,185.4506072998047,41.948638916015625,210.50192260742188,63.322792053222656
normal,C:\Users\Light\Videos\正常往返.mp4,746,True,0.8135698437690735,184.1303253173828,41.6857795715332,208.9825897216797,63.134334564208984
normal,C:\Users\Light\Videos\正常往返.mp4,747,True,0.8135369420051575,184.1402587890625,41.66578674316406,208.9915313720703,63.127071380615234
normal,C:\Users\Light\Videos\正常往返.mp4,748,True,0.7678790092468262,182.18350219726562,41.85068130493164,207.5089874267578,63.428279876708984
normal,C:\Users\Light\Videos\正常往返.mp4,749,True,0.7823690176010132,180.76734924316406,41.93940734863281,205.83180236816406,63.167388916015625
normal,C:\Users\Light\Videos\正常往返.mp4,750,True,0.7832695245742798,180.75843811035156,41.91815948486328,205.92886352539062,63.154659271240234
normal,C:\Users\Light\Videos\正常往返.mp4,751,True,0.8183035254478455,180.1293487548828,41.75699996948242,205.16058349609375,62.95858383178711
normal,C:\Users\Light\Videos\正常往返.mp4,752,True,0.8374600410461426,178.38360595703125,42.04960250854492,204.12600708007812,63.379425048828125
normal,C:\Users\Light\Videos\正常往返.mp4,753,True,0.8374856114387512,178.3816680908203,42.05971145629883,204.11264038085938,63.37792205810547
normal,C:\Users\Light\Videos\正常往返.mp4,754,True,0.7683311700820923,178.0470428466797,42.02096176147461,202.93443298339844,63.68811798095703
normal,C:\Users\Light\Videos\正常往返.mp4,755,True,0.7212319374084473,176.0094451904297,42.55083465576172,202.18800354003906,64.32466888427734
normal,C:\Users\Light\Videos\正常往返.mp4,756,True,0.7482110261917114,175.6436309814453,42.58711624145508,200.1744842529297,63.55629348754883
normal,C:\Users\Light\Videos\正常往返.mp4,757,True,0.7483424544334412,175.64031982421875,42.5751953125,200.18983459472656,63.54755401611328
normal,C:\Users\Light\Videos\正常往返.mp4,758,True,0.7693480253219604,175.27804565429688,42.59072494506836,199.0155792236328,64.13529205322266
normal,C:\Users\Light\Videos\正常往返.mp4,759,True,0.7860258221626282,174.2626190185547,42.76044845581055,198.30767822265625,64.63854217529297
normal,C:\Users\Light\Videos\正常往返.mp4,760,True,0.7859663963317871,174.2620849609375,42.7588996887207,198.3086395263672,64.63941192626953
normal,C:\Users\Light\Videos\正常往返.mp4,761,True,0.8165935277938843,173.14877319335938,42.70441818237305,197.8996124267578,64.533203125
normal,C:\Users\Light\Videos\正常往返.mp4,762,True,0.7810468077659607,172.4429168701172,42.792808532714844,196.43429565429688,64.61065673828125
normal,C:\Users\Light\Videos\正常往返.mp4,763,True,0.781008780002594,172.44375610351562,42.79254150390625,196.43653869628906,64.61204528808594
normal,C:\Users\Light\Videos\正常往返.mp4,764,True,0.7820842266082764,171.67140197753906,42.21390151977539,195.95188903808594,64.17388153076172
normal,C:\Users\Light\Videos\正常往返.mp4,765,True,0.7699950337409973,170.862060546875,42.17755126953125,195.3192138671875,64.15039825439453
normal,C:\Users\Light\Videos\正常往返.mp4,766,True,0.7699681520462036,170.8660430908203,42.17716979980469,195.32135009765625,64.14701080322266
normal,C:\Users\Light\Videos\正常往返.mp4,767,True,0.7591959834098816,170.2572479248047,42.509552001953125,194.63870239257812,64.42278289794922
normal,C:\Users\Light\Videos\正常往返.mp4,768,True,0.7523567080497742,169.39459228515625,42.585323333740234,193.96292114257812,64.52119445800781
normal,C:\Users\Light\Videos\正常往返.mp4,769,True,0.7518965005874634,169.37100219726562,42.600765228271484,193.94349670410156,64.5362319946289
normal,C:\Users\Light\Videos\正常往返.mp4,770,True,0.7655647397041321,169.14903259277344,43.022705078125,193.4878692626953,64.9050521850586
normal,C:\Users\Light\Videos\正常往返.mp4,771,True,0.7658421993255615,169.14324951171875,43.0250129699707,193.47938537597656,64.90767669677734
normal,C:\Users\Light\Videos\正常往返.mp4,772,True,0.7690879106521606,168.91473388671875,42.78028106689453,193.06243896484375,64.20194244384766
normal,C:\Users\Light\Videos\正常往返.mp4,773,True,0.78570157289505,168.4777069091797,42.703857421875,192.8576202392578,64.15640258789062
normal,C:\Users\Light\Videos\正常往返.mp4,774,True,0.7857264280319214,168.4784393310547,42.704776763916016,192.85679626464844,64.15503692626953
normal,C:\Users\Light\Videos\正常往返.mp4,775,True,0.7750823497772217,168.1291046142578,42.68781280517578,192.21499633789062,64.43399047851562
normal,C:\Users\Light\Videos\正常往返.mp4,776,True,0.8049439191818237,167.1747283935547,42.44926452636719,192.04888916015625,64.11678314208984
normal,C:\Users\Light\Videos\正常往返.mp4,777,True,0.8047199845314026,167.17308044433594,42.447853088378906,192.04965209960938,64.12083435058594
normal,C:\Users\Light\Videos\正常往返.mp4,778,True,0.8013530969619751,166.51983642578125,42.37721252441406,191.84805297851562,64.08968353271484
normal,C:\Users\Light\Videos\正常往返.mp4,779,True,0.7596826553344727,166.77528381347656,42.54563522338867,190.86395263671875,64.12081146240234
normal,C:\Users\Light\Videos\正常往返.mp4,780,True,0.7591307759284973,166.65447998046875,42.159732818603516,190.82284545898438,64.06099700927734
normal,C:\Users\Light\Videos\正常往返.mp4,781,True,0.7580486536026001,166.62136840820312,42.4021110534668,190.6156768798828,63.97505187988281
normal,C:\Users\Light\Videos\正常往返.mp4,782,True,0.755479097366333,166.09686279296875,42.62546157836914,190.97230529785156,64.40193939208984
normal,C:\Users\Light\Videos\正常往返.mp4,783,True,0.7545799612998962,166.13720703125,42.6327018737793,190.91644287109375,64.36363983154297
normal,C:\Users\Light\Videos\正常往返.mp4,784,True,0.7545410990715027,166.56809997558594,42.31856155395508,190.61962890625,63.95026397705078
normal,C:\Users\Light\Videos\正常往返.mp4,785,True,0.7501416802406311,166.4894561767578,42.094940185546875,190.897216796875,63.81014633178711
normal,C:\Users\Light\Videos\正常往返.mp4,786,True,0.7662060260772705,166.57403564453125,42.04222869873047,191.14779663085938,63.84259796142578
normal,C:\Users\Light\Videos\正常往返.mp4,787,True,0.7660605311393738,166.5620574951172,42.0499382019043,191.14527893066406,63.84614181518555
normal,C:\Users\Light\Videos\正常往返.mp4,788,True,0.762704074382782,166.75082397460938,42.50258255004883,190.85205078125,64.10967254638672
normal,C:\Users\Light\Videos\正常往返.mp4,789,True,0.8152322173118591,166.59121704101562,42.23606491088867,191.73736572265625,63.66386795043945
normal,C:\Users\Light\Videos\正常往返.mp4,790,True,0.8147435188293457,166.5869903564453,42.24753952026367,191.7317352294922,63.681217193603516
normal,C:\Users\Light\Videos\正常往返.mp4,791,True,0.8274760842323303,166.98956298828125,42.17544174194336,192.192138671875,63.68930435180664
normal,C:\Users\Light\Videos\正常往返.mp4,792,True,0.8276646733283997,166.9932403564453,42.15632629394531,192.19252014160156,63.673282623291016
normal,C:\Users\Light\Videos\正常往返.mp4,793,True,0.788816511631012,167.69354248046875,42.23200988769531,192.33499145507812,63.84797668457031
normal,C:\Users\Light\Videos\正常往返.mp4,794,True,0.7905789613723755,168.13270568847656,42.217037200927734,192.40151977539062,63.79289245605469
normal,C:\Users\Light\Videos\正常往返.mp4,795,True,0.7908279895782471,168.08087158203125,42.22389602661133,192.40744018554688,63.818172454833984
normal,C:\Users\Light\Videos\正常往返.mp4,796,True,0.8043623566627502,168.03392028808594,42.2163200378418,192.54872131347656,63.72247314453125
normal,C:\Users\Light\Videos\正常往返.mp4,797,True,0.803600549697876,168.19183349609375,42.1942253112793,192.58116149902344,63.7560920715332
normal,C:\Users\Light\Videos\正常往返.mp4,798,True,0.8031269907951355,168.20118713378906,42.18756866455078,192.5946502685547,63.72124099731445
normal,C:\Users\Light\Videos\正常往返.mp4,799,True,0.8089351654052734,168.239990234375,42.464237213134766,192.791259765625,63.8343505859375
normal,C:\Users\Light\Videos\正常往返.mp4,800,True,0.8183674812316895,168.3804473876953,42.2575798034668,193.21920776367188,63.456607818603516
normal,C:\Users\Light\Videos\正常往返.mp4,801,True,0.8183090686798096,168.37937927246094,42.25529479980469,193.224609375,63.45257568359375
normal,C:\Users\Light\Videos\正常往返.mp4,802,True,0.8133015632629395,168.45712280273438,42.25395202636719,193.2387237548828,63.337337493896484
normal,C:\Users\Light\Videos\正常往返.mp4,803,True,0.8128317594528198,168.46339416503906,42.25933074951172,193.2429656982422,63.342445373535156
normal,C:\Users\Light\Videos\正常往返.mp4,804,True,0.7595313787460327,168.70492553710938,42.751258850097656,193.18130493164062,64.55055236816406
normal,C:\Users\Light\Videos\正常往返.mp4,805,True,0.7597628235816956,168.7119598388672,42.77187728881836,193.1832275390625,64.57242584228516
normal,C:\Users\Light\Videos\正常往返.mp4,806,True,0.75613933801651,168.75059509277344,42.86513137817383,193.23629760742188,64.67070007324219
normal,C:\Users\Light\Videos\正常往返.mp4,807,True,0.7563047409057617,168.87693786621094,42.93751907348633,193.24583435058594,64.6697998046875
normal,C:\Users\Light\Videos\正常往返.mp4,808,True,0.756455659866333,168.8740234375,42.93267822265625,193.24034118652344,64.66316986083984
normal,C:\Users\Light\Videos\正常往返.mp4,809,True,0.7542150616645813,169.1746368408203,42.73960494995117,193.679931640625,64.62710571289062
normal,C:\Users\Light\Videos\正常往返.mp4,810,True,0.7542560696601868,169.31988525390625,42.76813507080078,193.84423828125,64.69597625732422
normal,C:\Users\Light\Videos\正常往返.mp4,811,True,0.7542759776115417,169.32115173339844,42.769412994384766,193.84217834472656,64.69434356689453
normal,C:\Users\Light\Videos\正常往返.mp4,812,True,0.7512023448944092,169.8750762939453,42.35350036621094,193.69412231445312,63.36526107788086
normal,C:\Users\Light\Videos\正常往返.mp4,813,True,0.7725210785865784,169.93325805664062,42.099693298339844,193.96636962890625,62.830413818359375
normal,C:\Users\Light\Videos\正常往返.mp4,814,True,0.7726600766181946,169.94007873535156,42.089046478271484,193.96713256835938,62.82052993774414
normal,C:\Users\Light\Videos\正常往返.mp4,815,True,0.7631967067718506,170.44659423828125,42.01887893676758,194.89877319335938,63.944793701171875
normal,C:\Users\Light\Videos\正常往返.mp4,816,True,0.7632383704185486,170.4509735107422,42.017913818359375,194.90162658691406,63.943607330322266
normal,C:\Users\Light\Videos\正常往返.mp4,817,True,0.7625317573547363,170.70941162109375,41.95612716674805,195.20364379882812,63.852012634277344
normal,C:\Users\Light\Videos\正常往返.mp4,818,True,0.7649759650230408,171.05796813964844,42.15235900878906,195.59588623046875,64.07805633544922
normal,C:\Users\Light\Videos\正常往返.mp4,819,True,0.7648217082023621,171.05389404296875,42.16593933105469,195.58985900878906,64.08966064453125
normal,C:\Users\Light\Videos\正常往返.mp4,820,True,0.7819002866744995,171.57568359375,42.04512023925781,195.83895874023438,63.92393112182617
normal,C:\Users\Light\Videos\正常往返.mp4,821,True,0.788020670413971,172.04273986816406,42.59130859375,196.05491638183594,64.49454498291016
normal,C:\Users\Light\Videos\正常往返.mp4,822,True,0.7879462242126465,172.02667236328125,42.54576873779297,196.05210876464844,64.44479370117188
normal,C:\Users\Light\Videos\正常往返.mp4,823,True,0.7906659841537476,172.16358947753906,42.5534782409668,196.06912231445312,64.35868835449219
normal,C:\Users\Light\Videos\正常往返.mp4,824,True,0.7863174080848694,172.54873657226562,42.707645416259766,196.5071563720703,64.5873031616211
normal,C:\Users\Light\Videos\正常往返.mp4,825,True,0.7864744067192078,172.5545196533203,42.720149993896484,196.50502014160156,64.59905242919922
normal,C:\Users\Light\Videos\正常往返.mp4,826,True,0.7805653214454651,173.3844757080078,42.831939697265625,197.38560485839844,64.92549133300781
normal,C:\Users\Light\Videos\正常往返.mp4,827,True,0.7903933525085449,174.01979064941406,42.899105072021484,198.24720764160156,64.91265106201172
normal,C:\Users\Light\Videos\正常往返.mp4,828,True,0.8101535439491272,174.2031707763672,42.50623321533203,198.72076416015625,64.19696807861328
normal,C:\Users\Light\Videos\正常往返.mp4,829,True,0.8108757734298706,174.19577026367188,42.508140563964844,198.72625732421875,64.19017791748047
normal,C:\Users\Light\Videos\正常往返.mp4,830,True,0.7612597346305847,175.2521209716797,42.711971282958984,198.92945861816406,64.26496124267578
normal,C:\Users\Light\Videos\正常往返.mp4,831,True,0.7520827054977417,175.5986328125,42.581199645996094,199.60015869140625,63.81689453125
normal,C:\Users\Light\Videos\正常往返.mp4,832,True,0.7529512047767639,175.58575439453125,42.56620788574219,199.61660766601562,63.797821044921875
normal,C:\Users\Light\Videos\正常往返.mp4,833,True,0.7062958478927612,176.26513671875,42.524723052978516,200.22308349609375,63.248809814453125
normal,C:\Users\Light\Videos\正常往返.mp4,834,True,0.7321478128433228,176.8194122314453,42.59312438964844,201.89022827148438,64.38587188720703
normal,C:\Users\Light\Videos\正常往返.mp4,835,True,0.7324231266975403,176.8225555419922,42.59404373168945,201.89305114746094,64.3824462890625
normal,C:\Users\Light\Videos\正常往返.mp4,836,True,0.8024564981460571,177.95143127441406,42.66459274291992,203.2064666748047,64.27518463134766
normal,C:\Users\Light\Videos\正常往返.mp4,837,True,0.8041093945503235,177.90509033203125,42.66707992553711,203.2083740234375,64.255126953125
normal,C:\Users\Light\Videos\正常往返.mp4,838,True,0.8425432443618774,178.03492736816406,42.574745178222656,204.17010498046875,63.41904830932617
normal,C:\Users\Light\Videos\正常往返.mp4,839,True,0.8362042903900146,179.76617431640625,42.31336212158203,204.92527770996094,63.59271240234375
normal,C:\Users\Light\Videos\正常往返.mp4,840,True,0.835651159286499,179.77430725097656,42.2962646484375,204.92776489257812,63.558624267578125
normal,C:\Users\Light\Videos\正常往返.mp4,841,True,0.8074594140052795,180.98724365234375,42.213653564453125,205.59324645996094,63.013671875
normal,C:\Users\Light\Videos\正常往返.mp4,842,True,0.765708863735199,181.85267639160156,42.03205490112305,206.32398986816406,62.680660247802734
normal,C:\Users\Light\Videos\正常往返.mp4,843,True,0.7657180428504944,181.85369873046875,42.030643463134766,206.3284912109375,62.68229675292969
normal,C:\Users\Light\Videos\正常往返.mp4,844,True,0.7873680591583252,182.82559204101562,42.03353500366211,208.10836791992188,63.622833251953125
normal,C:\Users\Light\Videos\正常往返.mp4,845,True,0.8172449469566345,184.43161010742188,42.11101150512695,209.0130615234375,63.65118408203125
normal,C:\Users\Light\Videos\正常往返.mp4,846,True,0.8175002932548523,184.42239379882812,42.10341262817383,209.00526428222656,63.630409240722656
normal,C:\Users\Light\Videos\正常往返.mp4,847,True,0.8398399949073792,185.3525390625,42.36396789550781,210.65020751953125,63.78365707397461
normal,C:\Users\Light\Videos\正常往返.mp4,848,True,0.8401418924331665,185.3486328125,42.3516845703125,210.6527862548828,63.78042984008789
normal,C:\Users\Light\Videos\正常往返.mp4,849,True,0.7898196578025818,186.73336791992188,42.587364196777344,211.17581176757812,63.6414794921875
normal,C:\Users\Light\Videos\正常往返.mp4,850,True,0.7165969014167786,187.6935577392578,42.41737365722656,212.11192321777344,63.333168029785156
normal,C:\Users\Light\Videos\正常往返.mp4,851,True,0.7873368859291077,188.68312072753906,42.491512298583984,214.38311767578125,64.07632446289062
normal,C:\Users\Light\Videos\正常往返.mp4,852,True,0.8254573941230774,189.7792205810547,43.04038619995117,215.2382354736328,64.29656219482422
normal,C:\Users\Light\Videos\正常往返.mp4,853,True,0.8243024349212646,189.7816619873047,43.05006790161133,215.20921325683594,64.3261947631836
normal,C:\Users\Light\Videos\正常往返.mp4,854,True,0.8407801389694214,191.69915771484375,42.3745231628418,216.63311767578125,63.4566535949707
normal,C:\Users\Light\Videos\正常往返.mp4,855,True,0.8007687926292419,192.8989715576172,42.619388580322266,217.54400634765625,63.44867706298828
normal,C:\Users\Light\Videos\正常往返.mp4,856,True,0.8018341064453125,192.87759399414062,42.627994537353516,217.5419464111328,63.45118713378906
normal,C:\Users\Light\Videos\正常往返.mp4,857,True,0.7801547050476074,193.7275848388672,42.51531219482422,219.6266326904297,63.85929489135742
normal,C:\Users\Light\Videos\正常往返.mp4,858,True,0.8315779566764832,195.42660522460938,42.54646301269531,220.92059326171875,63.49053955078125
normal,C:\Users\Light\Videos\正常往返.mp4,859,True,0.8321556448936462,195.45274353027344,42.50553894042969,220.87155151367188,63.454994201660156
normal,C:\Users\Light\Videos\正常往返.mp4,860,True,0.8736371994018555,196.33595275878906,42.42640686035156,222.4815216064453,63.502262115478516
normal,C:\Users\Light\Videos\正常往返.mp4,861,True,0.8737042546272278,196.33982849121094,42.42992401123047,222.4817657470703,63.5012092590332
normal,C:\Users\Light\Videos\正常往返.mp4,862,True,0.8136990666389465,198.2146453857422,41.85765075683594,222.9692840576172,62.9344482421875
normal,C:\Users\Light\Videos\正常往返.mp4,863,True,0.7644845247268677,198.943359375,41.64167404174805,223.6465301513672,62.277862548828125
normal,C:\Users\Light\Videos\正常往返.mp4,864,True,0.7643208503723145,198.94500732421875,41.63338088989258,223.6649932861328,62.27642822265625
normal,C:\Users\Light\Videos\正常往返.mp4,865,True,0.7564767599105835,199.6837158203125,40.898983001708984,224.7314453125,62.02427673339844
normal,C:\Users\Light\Videos\正常往返.mp4,866,True,0.7719705104827881,200.9603271484375,40.694881439208984,225.35772705078125,61.95823287963867
normal,C:\Users\Light\Videos\正常往返.mp4,867,True,0.7715254426002502,201.0132293701172,40.6888313293457,225.36749267578125,61.961639404296875
normal,C:\Users\Light\Videos\正常往返.mp4,868,True,0.7722638845443726,201.6212158203125,40.89748001098633,225.84681701660156,62.04473876953125
normal,C:\Users\Light\Videos\正常往返.mp4,869,True,0.7977728843688965,201.9010772705078,41.2073860168457,226.50115966796875,62.423851013183594
normal,C:\Users\Light\Videos\正常往返.mp4,870,True,0.7958834767341614,201.906005859375,41.204627990722656,226.51007080078125,62.4296989440918
normal,C:\Users\Light\Videos\正常往返.mp4,871,True,0.7701162099838257,202.35305786132812,40.8852653503418,226.5328369140625,62.01105499267578
normal,C:\Users\Light\Videos\正常往返.mp4,872,True,0.770041286945343,202.3520050048828,40.88248825073242,226.53541564941406,62.01347351074219
normal,C:\Users\Light\Videos\正常往返.mp4,873,True,0.7940599322319031,202.01797485351562,41.325157165527344,227.01499938964844,62.60620880126953
normal,C:\Users\Light\Videos\正常往返.mp4,874,True,0.7696150541305542,201.5994415283203,40.593448638916016,225.88522338867188,61.46137237548828
normal,C:\Users\Light\Videos\正常往返.mp4,875,True,0.7803991436958313,201.35116577148438,40.685760498046875,225.85406494140625,61.65363693237305
normal,C:\Users\Light\Videos\正常往返.mp4,876,True,0.7686497569084167,201.09580993652344,40.56084060668945,225.57908630371094,61.8124885559082
normal,C:\Users\Light\Videos\正常往返.mp4,877,True,0.7686348557472229,201.09719848632812,40.56404495239258,225.58119201660156,61.82188034057617
normal,C:\Users\Light\Videos\正常往返.mp4,878,True,0.7631584405899048,200.83978271484375,40.147865295410156,224.71157836914062,61.2513313293457
normal,C:\Users\Light\Videos\正常往返.mp4,879,True,0.7605758905410767,199.67042541503906,41.21926498413086,224.2184295654297,63.018287658691406
normal,C:\Users\Light\Videos\正常往返.mp4,880,True,0.7607863545417786,199.67501831054688,41.20805740356445,224.21826171875,63.00596237182617
normal,C:\Users\Light\Videos\正常往返.mp4,881,True,0.7886213660240173,198.31265258789062,40.79833221435547,223.2890625,62.07118606567383
normal,C:\Users\Light\Videos\正常往返.mp4,882,True,0.787969172000885,198.34698486328125,40.80207443237305,223.3142547607422,62.08164978027344
normal,C:\Users\Light\Videos\正常往返.mp4,883,True,0.8029542565345764,197.38328552246094,40.85254669189453,222.8976593017578,62.28483200073242
normal,C:\Users\Light\Videos\正常往返.mp4,884,True,0.8043869733810425,196.24009704589844,41.07224655151367,221.37423706054688,62.69386291503906
normal,C:\Users\Light\Videos\正常往返.mp4,885,True,0.8044874668121338,196.2363739013672,41.07858657836914,221.37307739257812,62.698143005371094
normal,C:\Users\Light\Videos\正常往返.mp4,886,True,0.7725215554237366,194.60984802246094,40.58988571166992,219.65672302246094,62.08474349975586
normal,C:\Users\Light\Videos\正常往返.mp4,887,True,0.7714112997055054,192.63511657714844,40.70956039428711,218.08334350585938,62.152381896972656
normal,C:\Users\Light\Videos\正常往返.mp4,888,True,0.7711917757987976,192.63525390625,40.710323333740234,218.08639526367188,62.147003173828125
normal,C:\Users\Light\Videos\正常往返.mp4,889,True,0.8274132609367371,190.94703674316406,41.455657958984375,216.93272399902344,62.910804748535156
normal,C:\Users\Light\Videos\正常往返.mp4,890,True,0.7726742029190063,189.2398681640625,41.091407775878906,214.43380737304688,62.8785514831543
normal,C:\Users\Light\Videos\正常往返.mp4,891,True,0.7732994556427002,189.21449279785156,41.09564208984375,214.44139099121094,62.89076614379883
normal,C:\Users\Light\Videos\正常往返.mp4,892,True,0.7907025218009949,186.6577606201172,41.54389190673828,211.8578643798828,62.882049560546875
normal,C:\Users\Light\Videos\正常往返.mp4,893,True,0.790406346321106,186.68505859375,41.52732849121094,211.84378051757812,62.847782135009766
normal,C:\Users\Light\Videos\正常往返.mp4,894,True,0.8217112421989441,184.53488159179688,41.4417839050293,209.60260009765625,63.055110931396484
normal,C:\Users\Light\Videos\正常往返.mp4,895,True,0.775744616985321,182.26190185546875,40.89188003540039,207.23907470703125,62.406593322753906
normal,C:\Users\Light\Videos\正常往返.mp4,896,True,0.7757464051246643,182.27061462402344,40.88013458251953,207.2266845703125,62.382164001464844
normal,C:\Users\Light\Videos\正常往返.mp4,897,True,0.8006342649459839,179.38790893554688,41.19438552856445,205.09336853027344,62.504127502441406
normal,C:\Users\Light\Videos\正常往返.mp4,898,True,0.7410089373588562,176.7122344970703,41.37587356567383,201.56336975097656,63.125728607177734
normal,C:\Users\Light\Videos\正常往返.mp4,899,True,0.8239800333976746,173.34097290039062,41.46659469604492,198.93125915527344,62.932945251464844
normal,C:\Users\Light\Videos\正常往返.mp4,900,True,0.7337939739227295,169.6815185546875,41.872039794921875,194.82923889160156,64.19212341308594
normal,C:\Users\Light\Videos\正常往返.mp4,901,True,0.7342299818992615,169.69338989257812,41.886314392089844,194.83665466308594,64.20645141601562
normal,C:\Users\Light\Videos\正常往返.mp4,902,True,0.7728676795959473,166.330322265625,42.80242156982422,191.37266540527344,64.93017578125
normal,C:\Users\Light\Videos\正常往返.mp4,903,True,0.7807464003562927,163.14898681640625,42.10451126098633,187.76991271972656,63.410980224609375
normal,C:\Users\Light\Videos\正常往返.mp4,904,True,0.7809715270996094,163.14474487304688,42.11681365966797,187.77566528320312,63.418216705322266
normal,C:\Users\Light\Videos\正常往返.mp4,905,True,0.7382916212081909,158.06784057617188,41.269622802734375,184.10658264160156,62.212398529052734
normal,C:\Users\Light\Videos\正常往返.mp4,906,True,0.7410216331481934,158.0477294921875,41.262046813964844,184.08062744140625,62.22589111328125
normal,C:\Users\Light\Videos\正常往返.mp4,907,True,0.8146740794181824,154.90869140625,42.32967758178711,180.2919158935547,63.60051345825195
normal,C:\Users\Light\Videos\正常往返.mp4,908,True,0.7537139058113098,151.7633514404297,41.456398010253906,176.1642303466797,62.717281341552734
normal,C:\Users\Light\Videos\正常往返.mp4,909,True,0.7534746527671814,151.76539611816406,41.45583724975586,176.17079162597656,62.71878433227539
normal,C:\Users\Light\Videos\正常往返.mp4,910,True,0.7840434312820435,147.30169677734375,41.81484603881836,173.37718200683594,63.4992561340332
normal,C:\Users\Light\Videos\正常往返.mp4,911,True,0.8138144612312317,143.36158752441406,43.171539306640625,169.10494995117188,64.31575012207031
normal,C:\Users\Light\Videos\正常往返.mp4,912,True,0.8139423727989197,143.36276245117188,43.173622131347656,169.10877990722656,64.3171157836914
normal,C:\Users\Light\Videos\正常往返.mp4,913,True,0.731275200843811,139.8048095703125,42.65618896484375,164.0897216796875,63.854949951171875
normal,C:\Users\Light\Videos\正常往返.mp4,914,True,0.766913115978241,135.54454040527344,42.2655143737793,160.97731018066406,64.35086822509766
normal,C:\Users\Light\Videos\正常往返.mp4,915,True,0.7665255069732666,135.546630859375,42.269325256347656,160.9796905517578,64.34988403320312
normal,C:\Users\Light\Videos\正常往返.mp4,916,True,0.8043304085731506,131.22723388671875,41.28096008300781,157.41806030273438,63.32054901123047
normal,C:\Users\Light\Videos\正常往返.mp4,917,True,0.8040332198143005,131.23036193847656,41.275672912597656,157.4261474609375,63.313018798828125
normal,C:\Users\Light\Videos\正常往返.mp4,918,True,0.6995570063591003,128.03192138671875,41.52522277832031,153.82211303710938,63.62818908691406
normal,C:\Users\Light\Videos\正常往返.mp4,919,True,0.7958095073699951,124.32471466064453,41.51029586791992,150.2984619140625,63.22344207763672
normal,C:\Users\Light\Videos\正常往返.mp4,920,True,0.7963704466819763,124.31877136230469,41.52473068237305,150.3199920654297,63.22761154174805
normal,C:\Users\Light\Videos\正常往返.mp4,921,True,0.8051084280014038,120.91402435302734,42.87786102294922,146.3033447265625,63.844749450683594
normal,C:\Users\Light\Videos\正常往返.mp4,922,True,0.6707884669303894,116.8076400756836,42.38162612915039,142.74525451660156,64.51722717285156
normal,C:\Users\Light\Videos\正常往返.mp4,923,True,0.8121886253356934,113.25374603271484,42.86472702026367,139.2487335205078,64.40745544433594
normal,C:\Users\Light\Videos\正常往返.mp4,924,True,0.7442489862442017,109.82704162597656,42.2884635925293,135.21426391601562,63.789283752441406
normal,C:\Users\Light\Videos\正常往返.mp4,925,True,0.745379626750946,109.81568145751953,42.287567138671875,135.19679260253906,63.766334533691406
normal,C:\Users\Light\Videos\正常往返.mp4,926,True,0.7730686664581299,105.85578155517578,42.42748260498047,132.73019409179688,64.31243133544922
normal,C:\Users\Light\Videos\正常往返.mp4,927,True,0.7721273303031921,105.86705017089844,42.42528533935547,132.71182250976562,64.30776977539062
normal,C:\Users\Light\Videos\正常往返.mp4,928,True,0.745904803276062,103.28376770019531,42.656837463378906,128.7880096435547,64.36859130859375
normal,C:\Users\Light\Videos\正常往返.mp4,929,True,0.7611814141273499,99.27819061279297,42.58494186401367,126.3461685180664,64.77607727050781
normal,C:\Users\Light\Videos\正常往返.mp4,930,True,0.762345016002655,99.28539276123047,42.593257904052734,126.31726837158203,64.79622650146484
normal,C:\Users\Light\Videos\正常往返.mp4,931,True,0.7762080430984497,97.01851654052734,42.550296783447266,122.74632263183594,64.3504409790039
normal,C:\Users\Light\Videos\正常往返.mp4,932,True,0.7459307909011841,93.49525451660156,42.001216888427734,120.22598266601562,64.04084777832031
normal,C:\Users\Light\Videos\正常往返.mp4,933,True,0.7463359236717224,93.49600219726562,42.00374984741211,120.23231506347656,64.03858947753906
normal,C:\Users\Light\Videos\正常往返.mp4,934,True,0.7979839444160461,90.50275421142578,42.8724365234375,116.36692810058594,64.50059509277344
normal,C:\Users\Light\Videos\正常往返.mp4,935,True,0.7335899472236633,87.07440185546875,42.638126373291016,113.66529846191406,64.55471801757812
normal,C:\Users\Light\Videos\正常往返.mp4,936,True,0.7339655756950378,87.07731628417969,42.63189697265625,113.67837524414062,64.55332946777344
normal,C:\Users\Light\Videos\正常往返.mp4,937,True,0.8040239810943604,84.00011444091797,42.65108108520508,110.57807159423828,64.04947662353516
normal,C:\Users\Light\Videos\正常往返.mp4,938,True,0.8036318421363831,84.00385284423828,42.64789581298828,110.58068084716797,64.04844665527344
normal,C:\Users\Light\Videos\正常往返.mp4,939,True,0.7293068170547485,81.37678527832031,42.39595031738281,107.99517059326172,64.51873016357422
normal,C:\Users\Light\Videos\正常往返.mp4,940,True,0.7975086569786072,78.90513610839844,42.92061996459961,105.02642059326172,64.23973083496094
normal,C:\Users\Light\Videos\正常往返.mp4,941,True,0.7983400225639343,78.87014770507812,42.94673156738281,105.05267333984375,64.22720336914062
normal,C:\Users\Light\Videos\正常往返.mp4,942,True,0.7820072770118713,75.9344482421875,42.350006103515625,102.4068832397461,64.10142517089844
normal,C:\Users\Light\Videos\正常往返.mp4,943,True,0.7735514044761658,73.04100036621094,42.97705078125,99.1807632446289,64.30225372314453
normal,C:\Users\Light\Videos\正常往返.mp4,944,True,0.7741585373878479,73.0405044555664,42.954864501953125,99.19184875488281,64.26890563964844
normal,C:\Users\Light\Videos\正常往返.mp4,945,True,0.7445292472839355,70.45171356201172,42.89385986328125,97.48973083496094,64.60063934326172
normal,C:\Users\Light\Videos\正常往返.mp4,946,True,0.7390449643135071,68.5390625,42.88971710205078,93.6591567993164,64.4668197631836
normal,C:\Users\Light\Videos\正常往返.mp4,947,True,0.7897565960884094,65.99085998535156,43.00157165527344,92.24626922607422,64.96863555908203
normal,C:\Users\Light\Videos\正常往返.mp4,948,True,0.7388940453529358,64.75617980957031,42.257179260253906,89.7865982055664,64.3736801147461
normal,C:\Users\Light\Videos\正常往返.mp4,949,True,0.738854706287384,64.75609588623047,42.25735855102539,89.78694915771484,64.374267578125
normal,C:\Users\Light\Videos\正常往返.mp4,950,True,0.7602899074554443,62.03325271606445,42.785972595214844,87.7508773803711,64.4250259399414
normal,C:\Users\Light\Videos\正常往返.mp4,951,True,0.7603498101234436,62.029335021972656,42.785682678222656,87.7500991821289,64.4239730834961
normal,C:\Users\Light\Videos\正常往返.mp4,952,True,0.7730984091758728,59.55358123779297,42.830997467041016,86.02556610107422,64.54808807373047
normal,C:\Users\Light\Videos\正常往返.mp4,953,True,0.7413511872291565,57.67413330078125,42.424278259277344,82.71659851074219,63.23939895629883
normal,C:\Users\Light\Videos\正常往返.mp4,954,True,0.7412251234054565,57.67251968383789,42.42212677001953,82.7195053100586,63.24280548095703
normal,C:\Users\Light\Videos\正常往返.mp4,955,True,0.8051460385322571,55.8507194519043,42.6888427734375,81.92212677001953,63.86550521850586
normal,C:\Users\Light\Videos\正常往返.mp4,956,True,0.7943894863128662,54.48521041870117,43.37091064453125,80.82099151611328,65.11457824707031
normal,C:\Users\Light\Videos\正常往返.mp4,957,True,0.7945113182067871,54.4827766418457,43.367862701416016,80.82039642333984,65.11417388916016
normal,C:\Users\Light\Videos\正常往返.mp4,958,True,0.753143310546875,53.133663177490234,43.38364028930664,79.07669067382812,64.9859848022461
normal,C:\Users\Light\Videos\正常往返.mp4,959,True,0.7516891956329346,52.19507598876953,42.5316276550293,78.9300308227539,64.65109252929688
normal,C:\Users\Light\Videos\正常往返.mp4,960,True,0.7521442770957947,52.205726623535156,42.5318717956543,78.90335845947266,64.65631103515625
normal,C:\Users\Light\Videos\正常往返.mp4,961,True,0.7621785998344421,50.821815490722656,43.25490951538086,76.58702850341797,65.1878662109375
normal,C:\Users\Light\Videos\正常往返.mp4,962,True,0.7620817422866821,50.823936462402344,43.25455093383789,76.5925064086914,65.18692016601562
normal,C:\Users\Light\Videos\正常往返.mp4,963,True,0.7613082528114319,50.00632858276367,43.67958068847656,76.08169555664062,65.80504608154297
normal,C:\Users\Light\Videos\正常往返.mp4,964,True,0.7882400751113892,49.052879333496094,42.76961135864258,75.59746551513672,64.7454605102539
normal,C:\Users\Light\Videos\正常往返.mp4,965,True,0.7880738973617554,49.05209732055664,42.766990661621094,75.6004638671875,64.75117492675781
normal,C:\Users\Light\Videos\正常往返.mp4,966,True,0.7759013175964355,49.112125396728516,42.79695510864258,74.95866394042969,65.1550521850586
normal,C:\Users\Light\Videos\正常往返.mp4,967,True,0.8039575815200806,48.4708137512207,42.787879943847656,74.63455200195312,64.8323974609375
normal,C:\Users\Light\Videos\正常往返.mp4,968,True,0.8040421009063721,48.471927642822266,42.788326263427734,74.6343994140625,64.83100891113281
normal,C:\Users\Light\Videos\正常往返.mp4,969,True,0.786311686038971,48.6132698059082,42.866607666015625,74.30779266357422,64.9930648803711
normal,C:\Users\Light\Videos\正常往返.mp4,970,True,0.7643580436706543,48.203670501708984,42.88883972167969,73.96100616455078,64.94210052490234
normal,C:\Users\Light\Videos\正常往返.mp4,971,True,0.7719671726226807,48.086822509765625,42.80551528930664,73.9449691772461,64.99005889892578
normal,C:\Users\Light\Videos\正常往返.mp4,972,True,0.7718696594238281,48.085670471191406,42.80242156982422,73.94564056396484,64.99176025390625
normal,C:\Users\Light\Videos\正常往返.mp4,973,True,0.7706184983253479,48.38578414916992,42.84500503540039,74.2310791015625,64.99346923828125
normal,C:\Users\Light\Videos\正常往返.mp4,974,True,0.7850604057312012,48.53746032714844,42.97532653808594,74.59320831298828,65.01836395263672
normal,C:\Users\Light\Videos\正常往返.mp4,975,True,0.7851399183273315,48.538299560546875,42.97454071044922,74.59317016601562,65.01551818847656
normal,C:\Users\Light\Videos\正常往返.mp4,976,True,0.7880014777183533,48.820106506347656,42.842899322509766,74.85145568847656,65.0288314819336
normal,C:\Users\Light\Videos\正常往返.mp4,977,True,0.7748643755912781,48.784942626953125,42.90883255004883,75.34247589111328,64.97764587402344
normal,C:\Users\Light\Videos\正常往返.mp4,978,True,0.7761030197143555,48.77323913574219,42.9277458190918,75.36502838134766,64.98916625976562
normal,C:\Users\Light\Videos\正常往返.mp4,979,True,0.7866033911705017,50.20623016357422,42.59794235229492,76.0805435180664,64.48302459716797
normal,C:\Users\Light\Videos\正常往返.mp4,980,True,0.7635913491249084,50.48933792114258,43.419742584228516,76.30641174316406,65.43364715576172
normal,C:\Users\Light\Videos\正常往返.mp4,981,True,0.7637325525283813,50.49011993408203,43.42169189453125,76.31224822998047,65.43990325927734
normal,C:\Users\Light\Videos\正常往返.mp4,982,True,0.753348708152771,51.75189208984375,43.20002365112305,77.68639373779297,65.0802230834961
normal,C:\Users\Light\Videos\正常往返.mp4,983,True,0.7532668113708496,51.75481414794922,43.19993209838867,77.6866683959961,65.07891845703125
normal,C:\Users\Light\Videos\正常往返.mp4,984,True,0.7887929677963257,52.54920196533203,42.610939025878906,79.27278137207031,64.42242431640625
normal,C:\Users\Light\Videos\正常往返.mp4,985,True,0.8108861446380615,53.967979431152344,43.24253845214844,80.26065826416016,64.59315490722656
normal,C:\Users\Light\Videos\正常往返.mp4,986,True,0.8100852966308594,53.96568298339844,43.255088806152344,80.26051330566406,64.59028625488281
normal,C:\Users\Light\Videos\正常往返.mp4,987,True,0.7888051867485046,55.23883819580078,43.363670349121094,81.68677520751953,64.31034851074219
normal,C:\Users\Light\Videos\正常往返.mp4,988,True,0.7519797086715698,57.130836486816406,42.67142868041992,82.70708465576172,63.719852447509766
normal,C:\Users\Light\Videos\正常往返.mp4,989,True,0.7522295713424683,57.126731872558594,42.67201232910156,82.70866394042969,63.68462371826172
normal,C:\Users\Light\Videos\正常往返.mp4,990,True,0.7735847234725952,58.81510543823242,42.50112533569336,86.0091552734375,63.76725387573242
normal,C:\Users\Light\Videos\正常往返.mp4,991,True,0.7970758080482483,61.19580841064453,42.82945251464844,87.39540100097656,64.31324005126953
normal,C:\Users\Light\Videos\正常往返.mp4,992,True,0.7974744439125061,61.18794631958008,42.81896209716797,87.39505004882812,64.30996704101562
normal,C:\Users\Light\Videos\正常往返.mp4,993,True,0.739540159702301,63.38789749145508,43.09007263183594,89.08281707763672,64.81500244140625
normal,C:\Users\Light\Videos\正常往返.mp4,994,True,0.794670581817627,65.36231231689453,42.827030181884766,91.57469177246094,64.75384521484375
normal,C:\Users\Light\Videos\正常往返.mp4,995,True,0.79469233751297,65.373779296875,42.8092155456543,91.59929656982422,64.75709533691406
normal,C:\Users\Light\Videos\正常往返.mp4,996,True,0.7590616941452026,67.71946716308594,43.121089935302734,93.15098571777344,64.62782287597656
normal,C:\Users\Light\Videos\正常往返.mp4,997,True,0.7378771901130676,69.69184112548828,42.75101089477539,96.38037109375,64.80445098876953
normal,C:\Users\Light\Videos\正常往返.mp4,998,True,0.7820344567298889,71.92279052734375,43.05080795288086,98.98260498046875,64.21590423583984
normal,C:\Users\Light\Videos\正常往返.mp4,999,True,0.7821699976921082,71.92398834228516,43.051815032958984,98.98072052001953,64.21449279785156
normal,C:\Users\Light\Videos\正常往返.mp4,1000,True,0.7692269682884216,74.38533782958984,42.57488250732422,100.21954345703125,63.57063674926758
normal,C:\Users\Light\Videos\正常往返.mp4,1001,True,0.7921981811523438,77.65419006347656,43.13917541503906,103.99559783935547,64.55908966064453
normal,C:\Users\Light\Videos\正常往返.mp4,1002,True,0.7917182445526123,77.65544128417969,43.14610290527344,103.98888397216797,64.56023406982422
normal,C:\Users\Light\Videos\正常往返.mp4,1003,True,0.7321328520774841,80.74533081054688,42.49346160888672,105.88912963867188,63.77115249633789
normal,C:\Users\Light\Videos\正常往返.mp4,1004,True,0.8173882365226746,82.48854064941406,42.194828033447266,109.43099212646484,63.86785888671875
normal,C:\Users\Light\Videos\正常往返.mp4,1005,True,0.8178585767745972,82.50564575195312,42.1933708190918,109.4298324584961,63.87379455566406
normal,C:\Users\Light\Videos\正常往返.mp4,1006,True,0.8149245381355286,85.12229919433594,42.28440856933594,111.3388671875,63.20979309082031
normal,C:\Users\Light\Videos\正常往返.mp4,1007,True,0.8160406351089478,85.14187622070312,42.26154708862305,111.3293228149414,63.177608489990234
normal,C:\Users\Light\Videos\正常往返.mp4,1008,True,0.7734525203704834,87.62207794189453,42.38555145263672,114.21342468261719,64.44176483154297
normal,C:\Users\Light\Videos\正常往返.mp4,1009,True,0.8019716739654541,89.16079711914062,42.8493766784668,116.75196838378906,64.0409164428711
normal,C:\Users\Light\Videos\正常往返.mp4,1010,True,0.8017973899841309,89.15838623046875,42.850250244140625,116.75990295410156,64.03551483154297
normal,C:\Users\Light\Videos\正常往返.mp4,1011,True,0.7271738648414612,92.60189056396484,41.95108413696289,118.14049530029297,63.292694091796875
normal,C:\Users\Light\Videos\正常往返.mp4,1012,True,0.7915676236152649,94.24303436279297,42.425262451171875,121.17996978759766,64.43571472167969
normal,C:\Users\Light\Videos\正常往返.mp4,1013,True,0.7915120124816895,94.23890686035156,42.420692443847656,121.18451690673828,64.43836212158203
normal,C:\Users\Light\Videos\正常往返.mp4,1014,True,0.8150585293769836,96.48474884033203,42.57916259765625,122.9671401977539,63.98921585083008
normal,C:\Users\Light\Videos\正常往返.mp4,1015,True,0.7484660148620605,98.1373062133789,41.62862777709961,124.01506042480469,62.925235748291016
normal,C:\Users\Light\Videos\正常往返.mp4,1016,True,0.748406708240509,98.13687133789062,41.628135681152344,124.01556396484375,62.92635726928711
normal,C:\Users\Light\Videos\正常往返.mp4,1017,True,0.8020038604736328,99.42239379882812,42.02876281738281,126.06726837158203,64.0179214477539
normal,C:\Users\Light\Videos\正常往返.mp4,1018,True,0.8020528554916382,99.42352294921875,42.02941131591797,126.06604766845703,64.0163345336914
normal,C:\Users\Light\Videos\正常往返.mp4,1019,True,0.826765775680542,101.04866027832031,42.64805221557617,128.25735473632812,63.70714569091797
normal,C:\Users\Light\Videos\正常往返.mp4,1020,True,0.826144278049469,101.04119873046875,42.647674560546875,128.25625610351562,63.7058219909668
normal,C:\Users\Light\Videos\正常往返.mp4,1021,True,0.8370791673660278,101.7772216796875,42.343597412109375,128.78350830078125,63.438724517822266
normal,C:\Users\Light\Videos\正常往返.mp4,1022,True,0.8303786516189575,102.63114166259766,42.30636978149414,129.0447540283203,63.41194152832031
normal,C:\Users\Light\Videos\正常往返.mp4,1023,True,0.8307557106018066,102.63583374023438,42.29942321777344,129.04258728027344,63.417903900146484
normal,C:\Users\Light\Videos\正常往返.mp4,1024,True,0.8426271080970764,102.48243713378906,42.2422981262207,129.12249755859375,63.46028518676758
normal,C:\Users\Light\Videos\正常往返.mp4,1025,True,0.8503206372261047,102.0350341796875,42.058746337890625,128.84361267089844,63.38054656982422
normal,C:\Users\Light\Videos\正常往返.mp4,1026,True,0.8502073287963867,102.0296859741211,42.060203552246094,128.84568786621094,63.385047912597656
normal,C:\Users\Light\Videos\正常往返.mp4,1027,True,0.8501611948013306,101.5112075805664,42.47331237792969,128.23770141601562,63.90774917602539
normal,C:\Users\Light\Videos\正常往返.mp4,1028,True,0.8501582145690918,101.5166244506836,42.469703674316406,128.279541015625,63.888587951660156
normal,C:\Users\Light\Videos\正常往返.mp4,1029,True,0.8296228647232056,100.44725799560547,42.58411407470703,128.01344299316406,63.78444290161133
normal,C:\Users\Light\Videos\正常往返.mp4,1030,True,0.8238797783851624,99.93009185791016,41.61314392089844,126.77794647216797,63.200828552246094
normal,C:\Users\Light\Videos\正常往返.mp4,1031,True,0.8237409591674805,99.92347717285156,41.61679458618164,126.79289245605469,63.22169494628906
normal,C:\Users\Light\Videos\正常往返.mp4,1032,True,0.7606061100959778,98.72972869873047,41.66878890991211,124.83525085449219,63.49909973144531
normal,C:\Users\Light\Videos\正常往返.mp4,1033,True,0.8340849280357361,96.84808349609375,41.99633026123047,123.12334442138672,62.86111831665039
normal,C:\Users\Light\Videos\正常往返.mp4,1034,True,0.8333765864372253,96.86903381347656,42.00928497314453,123.12554168701172,62.8979606628418
normal,C:\Users\Light\Videos\正常往返.mp4,1035,True,0.8353337049484253,94.90101623535156,41.73503875732422,121.75530242919922,63.3268928527832
normal,C:\Users\Light\Videos\正常往返.mp4,1036,True,0.7706414461135864,92.96171569824219,41.862022399902344,119.43545532226562,63.78883361816406
normal,C:\Users\Light\Videos\正常往返.mp4,1037,True,0.7699042558670044,92.9666748046875,41.864173889160156,119.42752838134766,63.79170227050781
normal,C:\Users\Light\Videos\正常往返.mp4,1038,True,0.7979711294174194,89.50064086914062,42.43160629272461,117.22471618652344,63.437400817871094
normal,C:\Users\Light\Videos\正常往返.mp4,1039,True,0.7904544472694397,87.40178680419922,41.95036697387695,114.43749237060547,63.52173614501953
normal,C:\Users\Light\Videos\正常往返.mp4,1040,True,0.7903281450271606,87.40091705322266,41.95836639404297,114.43440246582031,63.53157424926758
normal,C:\Users\Light\Videos\正常往返.mp4,1041,True,0.7307232022285461,83.43865203857422,43.143009185791016,111.0531997680664,63.765663146972656
normal,C:\Users\Light\Videos\正常往返.mp4,1042,True,0.7320643663406372,83.43940734863281,43.14605712890625,111.04853057861328,63.77063751220703
normal,C:\Users\Light\Videos\正常往返.mp4,1043,True,0.7907727956771851,76.90941619873047,42.74924087524414,104.19599914550781,64.0876235961914
normal,C:\Users\Light\Videos\正常往返.mp4,1044,True,0.7886231541633606,76.91435241699219,42.74861526489258,104.19647979736328,64.06561279296875
normal,C:\Users\Light\Videos\正常往返.mp4,1045,True,0.8077151775360107,73.24969482421875,42.93276596069336,99.39241790771484,63.60060119628906
normal,C:\Users\Light\Videos\正常往返.mp4,1046,True,0.7664288282394409,69.480224609375,42.123382568359375,96.78707885742188,64.0660171508789
normal,C:\Users\Light\Videos\正常往返.mp4,1047,True,0.764508068561554,69.45800018310547,42.12080383300781,96.75354766845703,64.04927825927734
normal,C:\Users\Light\Videos\正常往返.mp4,1048,True,0.787520706653595,65.57013702392578,43.10923385620117,92.35440826416016,64.5455093383789
normal,C:\Users\Light\Videos\正常往返.mp4,1049,True,0.7598044276237488,62.007816314697266,43.10511016845703,87.88520050048828,64.39342498779297
normal,C:\Users\Light\Videos\正常往返.mp4,1050,True,0.7585885524749756,62.03831100463867,43.087249755859375,87.89415740966797,64.40774536132812
normal,C:\Users\Light\Videos\正常往返.mp4,1051,True,0.74703049659729,57.506378173828125,42.54099655151367,83.97509002685547,64.46359252929688
normal,C:\Users\Light\Videos\正常往返.mp4,1052,True,0.7481815814971924,57.506160736083984,42.53068542480469,83.97982025146484,64.4491195678711
normal,C:\Users\Light\Videos\正常往返.mp4,1053,True,0.7822844982147217,53.391544342041016,43.11261749267578,79.79654693603516,64.36781311035156
normal,C:\Users\Light\Videos\正常往返.mp4,1054,True,0.771268904209137,49.2160758972168,43.34150695800781,75.42588806152344,65.04917907714844
normal,C:\Users\Light\Videos\正常往返.mp4,1055,True,0.7712517380714417,49.21539306640625,43.341102600097656,75.42565155029297,65.04994201660156
normal,C:\Users\Light\Videos\正常往返.mp4,1056,True,0.6638038158416748,45.63240432739258,42.907779693603516,70.84280395507812,64.56040954589844
normal,C:\Users\Light\Videos\正常往返.mp4,1057,True,0.7762056589126587,41.505741119384766,43.31584548950195,67.67949676513672,64.77717590332031
normal,C:\Users\Light\Videos\正常往返.mp4,1058,True,0.7762801647186279,41.50704574584961,43.321067810058594,67.67504119873047,64.77804565429688
normal,C:\Users\Light\Videos\正常往返.mp4,1059,True,0.7535728812217712,36.60860061645508,43.64143753051758,62.996334075927734,64.81563568115234
normal,C:\Users\Light\Videos\正常往返.mp4,1060,True,0.7591954469680786,32.30748748779297,43.76803970336914,58.1223030090332,64.20158386230469
normal,C:\Users\Light\Videos\正常往返.mp4,1061,True,0.7593356966972351,32.309322357177734,43.76902389526367,58.11968231201172,64.20086669921875
normal,C:\Users\Light\Videos\正常往返.mp4,1062,True,0.7645379304885864,28.90235710144043,42.86945724487305,55.66943359375,65.02509307861328
normal,C:\Users\Light\Videos\正常往返.mp4,1063,True,0.7636381983757019,28.92270278930664,42.88559341430664,55.65790939331055,65.02979278564453
normal,C:\Users\Light\Videos\正常往返.mp4,1064,True,0.7675725817680359,24.567106246948242,43.644508361816406,51.120460510253906,64.58688354492188
normal,C:\Users\Light\Videos\正常往返.mp4,1065,True,0.7598152160644531,20.641820907592773,43.55777359008789,46.567020416259766,64.70687103271484
normal,C:\Users\Light\Videos\正常往返.mp4,1066,True,0.7594170570373535,20.64629554748535,43.55438995361328,46.57310485839844,64.69300079345703
normal,C:\Users\Light\Videos\正常往返.mp4,1067,True,0.6912052631378174,12.012639045715332,43.16658401489258,39.56068801879883,65.42831420898438
normal,C:\Users\Light\Videos\正常往返.mp4,1068,True,0.691389262676239,12.013712882995605,43.167301177978516,39.55988311767578,65.42656707763672
normal,C:\Users\Light\Videos\正常往返.mp4,1069,True,0.4419894814491272,7.530211448669434,41.27663803100586,36.505653381347656,63.90806198120117
normal,C:\Users\Light\Videos\正常往返.mp4,1070,True,0.6030551791191101,10.24474048614502,42.47602462768555,38.51203536987305,64.80870819091797
normal,C:\Users\Light\Videos\正常往返.mp4,1071,True,0.6024878621101379,10.242868423461914,42.47385025024414,38.51454162597656,64.81150817871094
normal,C:\Users\Light\Videos\正常往返.mp4,1072,True,0.6205757260322571,11.682861328125,43.33413314819336,40.19860076904297,64.84449768066406
normal,C:\Users\Light\Videos\正常往返.mp4,1073,True,0.6150593161582947,11.690876007080078,43.36198806762695,40.20115280151367,64.81919860839844
normal,C:\Users\Light\Videos\正常往返.mp4,1074,True,0.6026145219802856,14.660477638244629,43.968868255615234,42.677188873291016,65.28573608398438
normal,C:\Users\Light\Videos\正常往返.mp4,1075,True,0.7556585073471069,15.38994026184082,42.752445220947266,42.46886444091797,64.6234130859375
normal,C:\Users\Light\Videos\正常往返.mp4,1076,True,0.7556033134460449,15.389266014099121,42.75497817993164,42.46928024291992,64.62329864501953
normal,C:\Users\Light\Videos\正常往返.mp4,1077,True,0.7608782649040222,17.77975082397461,43.2864875793457,44.582366943359375,65.7290267944336
normal,C:\Users\Light\Videos\正常往返.mp4,1078,True,0.691047728061676,18.43702507019043,43.76261520385742,45.72381591796875,64.98458862304688
normal,C:\Users\Light\Videos\正常往返.mp4,1079,True,0.6888035535812378,18.436199188232422,43.7744026184082,45.729976654052734,64.98037719726562
normal,C:\Users\Light\Videos\正常往返.mp4,1080,True,0.7627735733985901,20.635082244873047,43.56275177001953,47.059112548828125,64.01072692871094
normal,C:\Users\Light\Videos\正常往返.mp4,1081,True,0.7597766518592834,22.238143920898438,42.718963623046875,49.62933349609375,64.5316162109375
normal,C:\Users\Light\Videos\正常往返.mp4,1082,True,0.7578973174095154,22.21524429321289,42.701820373535156,49.639373779296875,64.52473449707031
normal,C:\Users\Light\Videos\正常往返.mp4,1083,True,0.811140239238739,24.280607223510742,43.24937438964844,50.74482727050781,64.40886688232422
normal,C:\Users\Light\Videos\正常往返.mp4,1084,True,0.7867403626441956,25.253707885742188,43.590606689453125,52.13847351074219,64.36395263671875
normal,C:\Users\Light\Videos\正常往返.mp4,1085,True,0.7846708297729492,25.255504608154297,43.601993560791016,52.163734436035156,64.36131286621094
normal,C:\Users\Light\Videos\正常往返.mp4,1086,True,0.825808584690094,26.8419189453125,42.852691650390625,53.09646987915039,63.6828727722168
normal,C:\Users\Light\Videos\正常往返.mp4,1087,True,0.8259446620941162,26.841224670410156,42.858070373535156,53.0926399230957,63.68184280395508
normal,C:\Users\Light\Videos\正常往返.mp4,1088,True,0.796563982963562,27.850208282470703,42.36125564575195,53.81871032714844,63.406227111816406
normal,C:\Users\Light\Videos\正常往返.mp4,1089,True,0.8197523355484009,29.503877639770508,43.07619857788086,56.41509246826172,64.51256561279297
normal,C:\Users\Light\Videos\正常往返.mp4,1090,True,0.8189539909362793,29.52289390563965,43.08769607543945,56.443416595458984,64.53015899658203
normal,C:\Users\Light\Videos\正常往返.mp4,1091,True,0.8135577440261841,30.756446838378906,43.228416442871094,56.93366241455078,64.6329116821289
normal,C:\Users\Light\Videos\正常往返.mp4,1092,True,0.7299521565437317,31.585205078125,43.75920867919922,58.728328704833984,64.35913848876953
normal,C:\Users\Light\Videos\正常往返.mp4,1093,True,0.759506106376648,32.77725601196289,43.545066833496094,58.63761901855469,63.89667892456055
normal,C:\Users\Light\Videos\正常往返.mp4,1094,True,0.7573309540748596,33.901756286621094,42.863136291503906,59.23120880126953,63.48802947998047
normal,C:\Users\Light\Videos\正常往返.mp4,1095,True,0.7581351399421692,33.901947021484375,42.86640930175781,59.23084259033203,63.48511505126953
normal,C:\Users\Light\Videos\正常往返.mp4,1096,True,0.7827795743942261,34.736915588378906,43.069969177246094,61.810157775878906,64.45545959472656
normal,C:\Users\Light\Videos\正常往返.mp4,1097,True,0.7825076580047607,34.73310089111328,43.06161117553711,61.82242202758789,64.44396209716797
normal,C:\Users\Light\Videos\正常往返.mp4,1098,True,0.7732661962509155,35.949405670166016,43.45403289794922,62.32991027832031,64.4718017578125
normal,C:\Users\Light\Videos\正常往返.mp4,1099,True,0.7541836500167847,36.51393508911133,43.744056701660156,63.40353775024414,64.53972625732422
normal,C:\Users\Light\Videos\正常往返.mp4,1100,True,0.7538407444953918,36.51401138305664,43.74262237548828,63.406227111816406,64.54241943359375
normal,C:\Users\Light\Videos\正常往返.mp4,1101,True,0.7488619685173035,37.189029693603516,43.75766372680664,64.34886169433594,64.26982879638672
normal,C:\Users\Light\Videos\正常往返.mp4,1102,True,0.7810723185539246,38.45744323730469,43.48121643066406,64.39559936523438,64.28087615966797
normal,C:\Users\Light\Videos\正常往返.mp4,1103,True,0.7795178890228271,38.51585388183594,43.4736442565918,64.40583801269531,64.2821273803711
normal,C:\Users\Light\Videos\正常往返.mp4,1104,True,0.7303594946861267,39.486610412597656,43.31869125366211,65.2834243774414,64.3734359741211
normal,C:\Users\Light\Videos\正常往返.mp4,1105,True,0.7339211702346802,41.195343017578125,42.609439849853516,66.1799087524414,64.56332397460938
normal,C:\Users\Light\Videos\正常往返.mp4,1106,True,0.7334989905357361,41.19823455810547,42.6086311340332,66.1858901977539,64.55889129638672
normal,C:\Users\Light\Videos\正常往返.mp4,1107,True,0.7859145402908325,41.28309631347656,42.89892578125,67.68956756591797,64.9392318725586
normal,C:\Users\Light\Videos\正常往返.mp4,1108,True,0.7863610982894897,41.2830810546875,42.90403747558594,67.69583892822266,64.93470764160156
normal,C:\Users\Light\Videos\正常往返.mp4,1109,True,0.7723941206932068,42.81534194946289,43.11082458496094,68.54312133789062,65.20075225830078
normal,C:\Users\Light\Videos\正常往返.mp4,1110,True,0.7647895812988281,43.42988967895508,43.2924919128418,69.34774780273438,65.2968521118164
normal,C:\Users\Light\Videos\正常往返.mp4,1111,True,0.7648482322692871,43.427894592285156,43.292381286621094,69.34783935546875,65.29673767089844
normal,C:\Users\Light\Videos\正常往返.mp4,1112,True,0.7691798210144043,43.72332763671875,42.940521240234375,69.5692138671875,64.81906127929688
normal,C:\Users\Light\Videos\正常往返.mp4,1113,True,0.7640332579612732,44.58943557739258,42.66562271118164,70.3104476928711,64.64290618896484
normal,C:\Users\Light\Videos\正常往返.mp4,1114,True,0.7640230059623718,44.59180450439453,42.665287017822266,70.31082916259766,64.64257049560547
normal,C:\Users\Light\Videos\正常往返.mp4,1115,True,0.7368640899658203,45.302947998046875,43.16181182861328,70.71397399902344,64.83098602294922
normal,C:\Users\Light\Videos\正常往返.mp4,1116,True,0.7097768187522888,45.777835845947266,42.6783332824707,70.8279037475586,64.21501159667969
normal,C:\Users\Light\Videos\正常往返.mp4,1117,True,0.7286169528961182,45.98756790161133,42.69502639770508,72.45005798339844,65.03765869140625
normal,C:\Users\Light\Videos\正常往返.mp4,1118,True,0.7285858988761902,45.981101989746094,42.69500732421875,72.44920349121094,65.03585052490234
normal,C:\Users\Light\Videos\正常往返.mp4,1119,True,0.773626983165741,46.316741943359375,42.55381393432617,73.03107452392578,64.76978302001953
normal,C:\Users\Light\Videos\正常往返.mp4,1120,True,0.8303343653678894,46.54841232299805,42.663516998291016,73.71033477783203,64.25788116455078
normal,C:\Users\Light\Videos\正常往返.mp4,1121,True,0.8246150612831116,46.62109375,42.651302337646484,73.64429473876953,64.3313217163086
normal,C:\Users\Light\Videos\正常往返.mp4,1122,True,0.8072659969329834,47.11631774902344,42.55605697631836,73.9923324584961,64.3528823852539
normal,C:\Users\Light\Videos\正常往返.mp4,1123,True,0.8033596277236938,47.51936721801758,42.589942932128906,74.1114273071289,64.58004760742188
normal,C:\Users\Light\Videos\正常往返.mp4,1124,True,0.8031526207923889,47.51749038696289,42.588844299316406,74.11422729492188,64.58333587646484
normal,C:\Users\Light\Videos\正常往返.mp4,1125,True,0.7886290550231934,48.254432678222656,42.756187438964844,74.50611877441406,65.03669738769531
normal,C:\Users\Light\Videos\正常往返.mp4,1126,True,0.8141472935676575,48.20632553100586,42.94686508178711,74.996826171875,64.7498779296875
normal,C:\Users\Light\Videos\正常往返.mp4,1127,True,0.8143278360366821,48.20576095581055,42.941932678222656,75.0017318725586,64.7479476928711
normal,C:\Users\Light\Videos\正常往返.mp4,1128,True,0.7893720269203186,48.64268112182617,43.12335205078125,75.09716033935547,64.97477722167969
normal,C:\Users\Light\Videos\正常往返.mp4,1129,True,0.7739251852035522,48.58985137939453,42.773109436035156,75.32394409179688,64.72403717041016
normal,C:\Users\Light\Videos\正常往返.mp4,1130,True,0.7738441824913025,48.588462829589844,42.77313232421875,75.32416534423828,64.72181701660156
normal,C:\Users\Light\Videos\正常往返.mp4,1131,True,0.7714600563049316,48.996246337890625,42.74455642700195,75.5287857055664,64.7646484375
normal,C:\Users\Light\Videos\正常往返.mp4,1132,True,0.7713001370429993,48.9935417175293,42.74245071411133,75.53068542480469,64.76809692382812
normal,C:\Users\Light\Videos\正常往返.mp4,1133,True,0.7818041443824768,49.35652160644531,42.88729476928711,75.69447326660156,64.57695007324219
normal,C:\Users\Light\Videos\正常往返.mp4,1134,True,0.8131750226020813,49.191261291503906,42.72826385498047,76.07933807373047,64.19300079345703
normal,C:\Users\Light\Videos\正常往返.mp4,1135,True,0.8144034147262573,49.19374084472656,42.720306396484375,76.08111572265625,64.16151428222656
normal,C:\Users\Light\Videos\正常往返.mp4,1136,True,0.8026201128959656,49.77057647705078,42.73583984375,75.9473876953125,64.53661346435547
normal,C:\Users\Light\Videos\正常往返.mp4,1137,True,0.7987298369407654,49.782413482666016,42.58155822753906,76.31591796875,64.30550384521484
normal,C:\Users\Light\Videos\正常往返.mp4,1138,True,0.7996135950088501,49.7755241394043,42.58505630493164,76.32170867919922,64.2882080078125
normal,C:\Users\Light\Videos\正常往返.mp4,1139,True,0.7822223901748657,49.994606018066406,42.669925689697266,76.53800964355469,64.17948913574219
normal,C:\Users\Light\Videos\正常往返.mp4,1140,True,0.7822326421737671,49.98943328857422,42.6669921875,76.55144500732422,64.17121887207031
normal,C:\Users\Light\Videos\正常往返.mp4,1141,True,0.7737123966217041,50.66951370239258,42.41719436645508,76.34614562988281,64.01182556152344
normal,C:\Users\Light\Videos\正常往返.mp4,1142,True,0.7737946510314941,50.664703369140625,42.416656494140625,76.34788513183594,64.01321411132812
normal,C:\Users\Light\Videos\正常往返.mp4,1143,True,0.7574935555458069,50.82391357421875,42.37300109863281,76.48040008544922,64.2220458984375
normal,C:\Users\Light\Videos\正常往返.mp4,1144,True,0.7523704767227173,50.61886215209961,43.00181579589844,76.29163360595703,64.80120086669922
normal,C:\Users\Light\Videos\正常往返.mp4,1145,True,0.7524420619010925,50.62495803833008,42.995540618896484,76.29042053222656,64.7930908203125
normal,C:\Users\Light\Videos\正常往返.mp4,1146,True,0.758279025554657,50.81053161621094,43.135746002197266,76.46086883544922,64.994384765625
normal,C:\Users\Light\Videos\正常往返.mp4,1147,True,0.7733561992645264,51.24151611328125,42.23126983642578,76.63178253173828,63.8511848449707
normal,C:\Users\Light\Videos\正常往返.mp4,1148,True,0.773240327835083,51.24702835083008,42.23124694824219,76.63060760498047,63.855464935302734
normal,C:\Users\Light\Videos\正常往返.mp4,1149,True,0.7449212670326233,51.68918228149414,42.28745651245117,76.96835327148438,63.590919494628906
normal,C:\Users\Light\Videos\正常往返.mp4,1150,True,0.7370160222053528,52.468017578125,42.423828125,77.4961166381836,64.48291778564453
normal,C:\Users\Light\Videos\正常往返.mp4,1151,True,0.7365623712539673,52.475223541259766,42.4237174987793,77.5091323852539,64.48450469970703
normal,C:\Users\Light\Videos\正常往返.mp4,1152,True,0.7497204542160034,52.875423431396484,42.132728576660156,77.91080474853516,64.239013671875
normal,C:\Users\Light\Videos\正常往返.mp4,1153,True,0.7498400211334229,52.884483337402344,42.14384460449219,77.91339874267578,64.24465942382812
normal,C:\Users\Light\Videos\正常往返.mp4,1154,True,0.8107633590698242,52.548831939697266,42.487857818603516,78.91593933105469,64.2900619506836
normal,C:\Users\Light\Videos\正常往返.mp4,1155,True,0.7988554835319519,53.207427978515625,42.6969108581543,79.7124252319336,64.36258697509766
normal,C:\Users\Light\Videos\正常往返.mp4,1156,True,0.7989777326583862,53.209041595458984,42.6959228515625,79.71312713623047,64.35846710205078
normal,C:\Users\Light\Videos\正常往返.mp4,1157,True,0.8045794367790222,54.01509475708008,42.975616455078125,80.23475646972656,64.43614196777344
normal,C:\Users\Light\Videos\正常往返.mp4,1158,True,0.7948611974716187,54.42243194580078,42.903743743896484,81.16890716552734,64.22505187988281
normal,C:\Users\Light\Videos\正常往返.mp4,1159,True,0.7950644493103027,54.42001724243164,42.903385162353516,81.16375732421875,64.22115325927734
normal,C:\Users\Light\Videos\正常往返.mp4,1160,True,0.8142345547676086,55.50675582885742,42.8175048828125,81.50374603271484,64.3193130493164
normal,C:\Users\Light\Videos\正常往返.mp4,1161,True,0.7534093856811523,56.83293533325195,42.590301513671875,82.3974838256836,63.942665100097656
normal,C:\Users\Light\Videos\正常往返.mp4,1162,True,0.7534804940223694,56.835567474365234,42.59318923950195,82.39871215820312,63.93825149536133
normal,C:\Users\Light\Videos\正常往返.mp4,1163,True,0.7676277756690979,57.847267150878906,42.29642105102539,83.92945098876953,64.04940795898438
normal,C:\Users\Light\Videos\正常往返.mp4,1164,True,0.7775868773460388,58.467613220214844,42.418853759765625,84.58119201660156,64.20433807373047
normal,C:\Users\Light\Videos\正常往返.mp4,1165,True,0.7940706014633179,59.19304656982422,42.32526397705078,86.01274871826172,63.92245101928711
normal,C:\Users\Light\Videos\正常往返.mp4,1166,True,0.7947391867637634,59.19295120239258,42.329811096191406,86.0123291015625,63.92964553833008
normal,C:\Users\Light\Videos\正常往返.mp4,1167,True,0.8262037038803101,60.60263442993164,42.82194519042969,87.3394546508789,64.29824829101562
normal,C:\Users\Light\Videos\正常往返.mp4,1168,True,0.7992743253707886,62.05592346191406,42.59971237182617,87.93933868408203,64.10210418701172
normal,C:\Users\Light\Videos\正常往返.mp4,1169,True,0.7992426753044128,62.05791091918945,42.600608825683594,87.93782043457031,64.09896087646484
normal,C:\Users\Light\Videos\正常往返.mp4,1170,True,0.7409882545471191,63.3087158203125,43.03964614868164,89.107177734375,64.77471160888672
normal,C:\Users\Light\Videos\正常往返.mp4,1171,True,0.7663439512252808,64.41178894042969,42.47707748413086,90.51874542236328,64.56686401367188
normal,C:\Users\Light\Videos\正常往返.mp4,1172,True,0.7663917541503906,64.41278076171875,42.477725982666016,90.51939392089844,64.56657409667969
normal,C:\Users\Light\Videos\正常往返.mp4,1173,True,0.8177766799926758,65.03905487060547,42.812374114990234,91.89225769042969,64.6739273071289
normal,C:\Users\Light\Videos\正常往返.mp4,1174,True,0.8151922821998596,66.28257751464844,43.036712646484375,93.24900817871094,64.28714752197266
normal,C:\Users\Light\Videos\正常往返.mp4,1175,True,0.8148762583732605,66.2725601196289,43.03969192504883,93.24333953857422,64.28219604492188
normal,C:\Users\Light\Videos\正常往返.mp4,1176,True,0.7831538915634155,68.1976089477539,42.69749450683594,94.21573638916016,64.31413269042969
normal,C:\Users\Light\Videos\正常往返.mp4,1177,True,0.782924473285675,68.20271301269531,42.69164276123047,94.2237548828125,64.31218719482422
normal,C:\Users\Light\Videos\正常往返.mp4,1178,True,0.7456576824188232,69.33342742919922,42.0474967956543,94.68089294433594,63.53025436401367
normal,C:\Users\Light\Videos\正常往返.mp4,1179,True,0.750516414642334,70.34711456298828,42.294986724853516,96.43571472167969,64.47267150878906
normal,C:\Users\Light\Videos\正常往返.mp4,1180,True,0.7510315775871277,70.35321044921875,42.29478454589844,96.44667053222656,64.47058868408203
normal,C:\Users\Light\Videos\正常往返.mp4,1181,True,0.7593603730201721,71.25907135009766,42.708675384521484,97.80033111572266,64.70895385742188
normal,C:\Users\Light\Videos\正常往返.mp4,1182,True,0.7647910714149475,72.28502655029297,42.38850784301758,99.59345245361328,63.20116424560547
normal,C:\Users\Light\Videos\正常往返.mp4,1183,True,0.764336884021759,72.29914093017578,42.3799934387207,99.6023941040039,63.19735336303711
normal,C:\Users\Light\Videos\正常往返.mp4,1184,True,0.7973440885543823,73.44364166259766,42.32456970214844,99.63661193847656,63.669673919677734
normal,C:\Users\Light\Videos\正常往返.mp4,1185,True,0.7423135042190552,74.91417694091797,42.2528076171875,100.2647933959961,63.737937927246094
normal,C:\Users\Light\Videos\正常往返.mp4,1186,True,0.7372262477874756,74.93339538574219,42.22943115234375,100.27903747558594,63.737693786621094
normal,C:\Users\Light\Videos\正常往返.mp4,1187,True,0.7614623308181763,75.45550537109375,42.469818115234375,101.72018432617188,64.45942687988281
normal,C:\Users\Light\Videos\正常往返.mp4,1188,True,0.8117557764053345,76.78697204589844,42.1666145324707,102.69678497314453,63.724403381347656
normal,C:\Users\Light\Videos\正常往返.mp4,1189,True,0.8223405480384827,76.65303802490234,41.99837112426758,103.0106430053711,63.477989196777344
normal,C:\Users\Light\Videos\正常往返.mp4,1190,True,0.8223417401313782,76.6511459350586,41.99713897705078,103.01521301269531,63.48276138305664
normal,C:\Users\Light\Videos\正常往返.mp4,1191,True,0.843218982219696,76.7458724975586,42.31477355957031,103.5351791381836,63.85803985595703
normal,C:\Users\Light\Videos\正常往返.mp4,1192,True,0.8025076389312744,76.8510971069336,42.652828216552734,104.00271606445312,64.05149841308594
normal,C:\Users\Light\Videos\正常往返.mp4,1193,True,0.8051162958145142,76.88712310791016,42.65733337402344,103.9298095703125,64.1075439453125
normal,C:\Users\Light\Videos\正常往返.mp4,1194,True,0.8057194948196411,77.2900619506836,42.6978759765625,104.49378204345703,63.98112487792969
normal,C:\Users\Light\Videos\正常往返.mp4,1195,True,0.8102376461029053,77.20752716064453,42.73756408691406,104.18303680419922,64.28535461425781
normal,C:\Users\Light\Videos\正常往返.mp4,1196,True,0.8106479644775391,77.22106170654297,42.73032760620117,104.21968078613281,64.268798828125
normal,C:\Users\Light\Videos\正常往返.mp4,1197,True,0.797286331653595,77.03401947021484,42.721920013427734,104.31975555419922,64.06070709228516
normal,C:\Users\Light\Videos\正常往返.mp4,1198,True,0.7961063981056213,77.03621673583984,42.720890045166016,104.32847595214844,64.04228210449219
normal,C:\Users\Light\Videos\正常往返.mp4,1199,True,0.8311699628829956,77.09425354003906,42.312599182128906,103.75468444824219,63.90597915649414
normal,C:\Users\Light\Videos\正常往返.mp4,1200,True,0.8216420412063599,76.62218475341797,42.352359771728516,103.6814956665039,63.964115142822266
normal,C:\Users\Light\Videos\正常往返.mp4,1201,True,0.8232184648513794,76.6287841796875,42.35702133178711,103.67569732666016,63.967655181884766
normal,C:\Users\Light\Videos\正常往返.mp4,1202,True,0.8355951905250549,76.78319549560547,42.18537139892578,103.1324234008789,63.76906967163086
normal,C:\Users\Light\Videos\正常往返.mp4,1203,True,0.8299968242645264,76.55094909667969,41.98434066772461,103.03758239746094,63.32612991333008
normal,C:\Users\Light\Videos\正常往返.mp4,1204,True,0.8299686908721924,76.55290985107422,41.984588623046875,103.03768920898438,63.32498550415039
normal,C:\Users\Light\Videos\正常往返.mp4,1205,True,0.8013460040092468,76.23081970214844,42.198551177978516,102.59632110595703,63.83469009399414
normal,C:\Users\Light\Videos\正常往返.mp4,1206,True,0.7707627415657043,75.1951904296875,42.26912307739258,101.66720581054688,63.972225189208984
normal,C:\Users\Light\Videos\正常往返.mp4,1207,True,0.7707667350769043,75.195068359375,42.26838302612305,101.66799926757812,63.97368240356445
normal,C:\Users\Light\Videos\正常往返.mp4,1208,True,0.8017829656600952,74.15143585205078,42.1920051574707,100.26509857177734,63.071537017822266
normal,C:\Users\Light\Videos\正常往返.mp4,1209,True,0.802039623260498,74.13288116455078,42.20148468017578,100.2555923461914,63.07532501220703
normal,C:\Users\Light\Videos\正常往返.mp4,1210,True,0.8141969442367554,73.00921630859375,42.54534149169922,99.587890625,63.21420669555664
normal,C:\Users\Light\Videos\正常往返.mp4,1211,True,0.7802953720092773,72.08317565917969,42.768470764160156,98.81494903564453,64.06902313232422
normal,C:\Users\Light\Videos\正常往返.mp4,1212,True,0.7758948802947998,71.51910400390625,42.979496002197266,97.7998275756836,64.65001678466797
normal,C:\Users\Light\Videos\正常往返.mp4,1213,True,0.8115584254264832,70.37444305419922,42.48014831542969,96.97282409667969,64.35030364990234
normal,C:\Users\Light\Videos\正常往返.mp4,1214,True,0.81156986951828,70.37393951416016,42.480594635009766,96.97200775146484,64.35030364990234
normal,C:\Users\Light\Videos\正常往返.mp4,1215,True,0.7797278165817261,70.22400665283203,42.10493850708008,96.14447784423828,63.9342155456543
normal,C:\Users\Light\Videos\正常往返.mp4,1216,True,0.7212558388710022,69.2551040649414,42.6911735534668,94.34213256835938,64.20216369628906
normal,C:\Users\Light\Videos\正常往返.mp4,1217,True,0.7210655808448792,69.25160217285156,42.68642044067383,94.34296417236328,64.19490814208984
normal,C:\Users\Light\Videos\正常往返.mp4,1218,True,0.7928357720375061,68.43860626220703,42.313228607177734,94.16580963134766,63.73677444458008
normal,C:\Users\Light\Videos\正常往返.mp4,1219,True,0.7972559332847595,67.00350952148438,42.538307189941406,93.49296569824219,63.95606994628906
normal,C:\Users\Light\Videos\正常往返.mp4,1220,True,0.7970625758171082,67.02779388427734,42.52875900268555,93.4953842163086,63.95140838623047
normal,C:\Users\Light\Videos\正常往返.mp4,1221,True,0.8033515214920044,66.08625030517578,42.864952087402344,92.71107482910156,64.75729370117188
normal,C:\Users\Light\Videos\正常往返.mp4,1222,True,0.8032662272453308,66.08512115478516,42.868202209472656,92.70087432861328,64.76448822021484
normal,C:\Users\Light\Videos\正常往返.mp4,1223,True,0.8098186254501343,65.554443359375,42.769500732421875,92.49323272705078,64.1132583618164
normal,C:\Users\Light\Videos\正常往返.mp4,1224,True,0.8130408525466919,64.79151916503906,42.635032653808594,91.67788696289062,64.24320220947266
normal,C:\Users\Light\Videos\正常往返.mp4,1225,True,0.8172627091407776,64.80049133300781,42.60116958618164,91.59476470947266,64.27217864990234
normal,C:\Users\Light\Videos\正常往返.mp4,1226,True,0.806774914264679,64.66018676757812,42.43366622924805,90.87213897705078,64.3140869140625
normal,C:\Users\Light\Videos\正常往返.mp4,1227,True,0.8118153810501099,64.62886047363281,42.25545120239258,90.71282196044922,63.98630142211914
normal,C:\Users\Light\Videos\正常往返.mp4,1228,True,0.8114920258522034,64.60322570800781,42.24435806274414,90.71074676513672,63.97718048095703
normal,C:\Users\Light\Videos\正常往返.mp4,1229,True,0.7663063406944275,64.14665985107422,42.29453659057617,90.20809936523438,64.179443359375
normal,C:\Users\Light\Videos\正常往返.mp4,1230,True,0.7462815642356873,63.53679656982422,42.155296325683594,88.86133575439453,63.53657150268555
normal,C:\Users\Light\Videos\正常往返.mp4,1231,True,0.7467272877693176,63.52579116821289,42.15079116821289,88.86369323730469,63.53977584838867
normal,C:\Users\Light\Videos\正常往返.mp4,1232,True,0.7433618307113647,63.957332611083984,42.113250732421875,88.98503875732422,64.30470275878906
normal,C:\Users\Light\Videos\正常往返.mp4,1233,True,0.7433611154556274,63.950435638427734,42.10993576049805,88.98786926269531,64.31128692626953
normal,C:\Users\Light\Videos\正常往返.mp4,1234,True,0.7401960492134094,63.07563781738281,42.958518981933594,88.78101348876953,64.68506622314453
normal,C:\Users\Light\Videos\正常往返.mp4,1235,True,0.7393881678581238,62.866966247558594,42.920509338378906,88.52130126953125,64.61837005615234
normal,C:\Users\Light\Videos\正常往返.mp4,1236,True,0.7264755368232727,62.87092208862305,43.016563415527344,88.7374038696289,64.6040267944336
normal,C:\Users\Light\Videos\正常往返.mp4,1237,True,0.7391797304153442,63.02665710449219,43.078330993652344,88.84530639648438,64.82298278808594
normal,C:\Users\Light\Videos\正常往返.mp4,1238,True,0.7392167448997498,63.022674560546875,43.06889343261719,88.82914733886719,64.81458282470703
normal,C:\Users\Light\Videos\正常往返.mp4,1239,True,0.7660349607467651,63.01945877075195,42.24727249145508,88.61024475097656,63.7640495300293
normal,C:\Users\Light\Videos\正常往返.mp4,1240,True,0.7370797991752625,63.092872619628906,42.878440856933594,88.84442138671875,64.592529296875
normal,C:\Users\Light\Videos\正常往返.mp4,1241,True,0.7367569208145142,63.100807189941406,42.875797271728516,88.85478210449219,64.58715057373047
normal,C:\Users\Light\Videos\正常往返.mp4,1242,True,0.7427775859832764,63.97501754760742,42.11970520019531,88.94992065429688,64.26010131835938
normal,C:\Users\Light\Videos\正常往返.mp4,1243,True,0.7426329255104065,63.9661979675293,42.125152587890625,88.9403305053711,64.26240539550781
normal,C:\Users\Light\Videos\正常往返.mp4,1244,True,0.7480085492134094,63.51300048828125,42.095279693603516,88.7824478149414,63.552978515625
normal,C:\Users\Light\Videos\正常往返.mp4,1245,True,0.7525621056556702,63.68706512451172,42.3745002746582,89.81625366210938,64.48069763183594
normal,C:\Users\Light\Videos\正常往返.mp4,1246,True,0.7521570920944214,63.68245315551758,42.37385177612305,89.80856323242188,64.47677612304688
normal,C:\Users\Light\Videos\正常往返.mp4,1247,True,0.7961805462837219,64.19312286376953,42.42580032348633,90.65079498291016,64.16436004638672
normal,C:\Users\Light\Videos\正常往返.mp4,1248,True,0.767471194267273,64.10306549072266,42.541934967041016,90.47647094726562,64.54396057128906
normal,C:\Users\Light\Videos\正常往返.mp4,1249,True,0.7681239247322083,64.12198638916016,42.56105422973633,90.49217224121094,64.5627212524414
normal,C:\Users\Light\Videos\正常往返.mp4,1250,True,0.7880919575691223,64.32832336425781,42.39368438720703,90.57449340820312,64.19378662109375
normal,C:\Users\Light\Videos\正常往返.mp4,1251,True,0.7739647030830383,64.35447692871094,42.29597091674805,90.35481262207031,64.12265014648438
normal,C:\Users\Light\Videos\正常往返.mp4,1252,True,0.7737190127372742,64.35102081298828,42.299400329589844,90.35395050048828,64.12823486328125
normal,C:\Users\Light\Videos\正常往返.mp4,1253,True,0.7729610204696655,64.15089416503906,42.38160705566406,90.39107513427734,64.2739486694336
normal,C:\Users\Light\Videos\正常往返.mp4,1254,True,0.7719326019287109,64.14179229736328,42.39442443847656,90.39855194091797,64.28824615478516
normal,C:\Users\Light\Videos\正常往返.mp4,1255,True,0.7950232028961182,64.57247924804688,42.33129119873047,90.4700698852539,64.3698501586914
normal,C:\Users\Light\Videos\正常往返.mp4,1256,True,0.8018285632133484,64.58447265625,42.51907730102539,90.76224517822266,64.59447479248047
normal,C:\Users\Light\Videos\正常往返.mp4,1257,True,0.8004294633865356,64.5907974243164,42.51259994506836,90.74104309082031,64.61019134521484
normal,C:\Users\Light\Videos\正常往返.mp4,1258,True,0.8363790512084961,64.92648315429688,42.53976058959961,91.42374420166016,64.33695220947266
normal,C:\Users\Light\Videos\正常往返.mp4,1259,True,0.8173529505729675,65.21823120117188,42.4960823059082,91.50464630126953,64.1737289428711
normal,C:\Users\Light\Videos\正常往返.mp4,1260,True,0.7897220849990845,65.95259094238281,42.79951095581055,91.77620697021484,64.93524169921875
normal,C:\Users\Light\Videos\正常往返.mp4,1261,True,0.782514750957489,66.38079071044922,42.87252426147461,92.02252960205078,65.23613739013672
normal,C:\Users\Light\Videos\正常往返.mp4,1262,True,0.7825312614440918,66.36957550048828,42.88426971435547,92.04559326171875,65.2550048828125
normal,C:\Users\Light\Videos\正常往返.mp4,1263,True,0.8053649663925171,66.24323272705078,42.943660736083984,92.52644348144531,64.94743347167969
normal,C:\Users\Light\Videos\正常往返.mp4,1264,True,0.7866329550743103,66.86365509033203,42.93373107910156,92.89208221435547,64.77462005615234
normal,C:\Users\Light\Videos\正常往返.mp4,1265,True,0.786941647529602,66.86820220947266,42.93532180786133,92.888671875,64.7679214477539
normal,C:\Users\Light\Videos\正常往返.mp4,1266,True,0.7928926944732666,67.16264343261719,42.755313873291016,93.3978271484375,64.18253326416016
normal,C:\Users\Light\Videos\正常往返.mp4,1267,True,0.7928531169891357,67.16204833984375,42.75459671020508,93.39869689941406,64.18360900878906
normal,C:\Users\Light\Videos\正常往返.mp4,1268,True,0.7465155124664307,68.22420501708984,42.78382110595703,92.92680358886719,64.8072738647461
normal,C:\Users\Light\Videos\正常往返.mp4,1269,True,0.7589901685714722,68.59876251220703,42.382232666015625,93.89989471435547,64.07404327392578
normal,C:\Users\Light\Videos\正常往返.mp4,1270,True,0.7582789063453674,68.60392761230469,42.38850784301758,93.88945770263672,64.0824203491211
normal,C:\Users\Light\Videos\正常往返.mp4,1271,True,0.7305124402046204,68.98876953125,42.8255729675293,94.04815673828125,64.33342742919922
normal,C:\Users\Light\Videos\正常往返.mp4,1272,True,0.7218859195709229,69.61653137207031,42.489784240722656,95.2984390258789,64.46353149414062
normal,C:\Users\Light\Videos\正常往返.mp4,1273,True,0.7230686545372009,69.62486267089844,42.48752212524414,95.31970977783203,64.4711685180664
normal,C:\Users\Light\Videos\正常往返.mp4,1274,True,0.7427038550376892,69.92200469970703,42.35713195800781,95.94969177246094,64.25907135009766
normal,C:\Users\Light\Videos\正常往返.mp4,1275,True,0.7863554358482361,70.7312240600586,42.75697326660156,96.93550872802734,64.4845962524414
normal,C:\Users\Light\Videos\正常往返.mp4,1276,True,0.7859955430030823,70.73275756835938,42.75242233276367,96.92594909667969,64.48533630371094
normal,C:\Users\Light\Videos\正常往返.mp4,1277,True,0.7806001305580139,71.91927337646484,43.09018325805664,97.84989166259766,64.68423461914062
normal,C:\Users\Light\Videos\正常往返.mp4,1278,True,0.7806217074394226,71.92046356201172,43.09587860107422,97.84759521484375,64.6971435546875
normal,C:\Users\Light\Videos\正常往返.mp4,1279,True,0.7881799936294556,72.6724624633789,43.14341354370117,98.8824462890625,64.26995849609375
normal,C:\Users\Light\Videos\正常往返.mp4,1280,True,0.8030178546905518,74.12030029296875,42.33976364135742,99.97998809814453,63.5574836730957
normal,C:\Users\Light\Videos\正常往返.mp4,1281,True,0.8033642172813416,74.11608123779297,42.3411979675293,99.97221374511719,63.5574836730957
normal,C:\Users\Light\Videos\正常往返.mp4,1282,True,0.8110479712486267,76.53881072998047,42.35681915283203,103.24652099609375,63.88090133666992
normal,C:\Users\Light\Videos\正常往返.mp4,1283,True,0.8111467361450195,76.54007720947266,42.35874557495117,103.24486541748047,63.878570556640625
normal,C:\Users\Light\Videos\正常往返.mp4,1284,True,0.8270244002342224,77.80087280273438,42.681243896484375,104.44239044189453,63.80286407470703
normal,C:\Users\Light\Videos\正常往返.mp4,1285,True,0.7604045867919922,80.35828399658203,42.42654037475586,105.5934829711914,63.999298095703125
normal,C:\Users\Light\Videos\正常往返.mp4,1286,True,0.7600046992301941,80.37028503417969,42.424434661865234,105.59620666503906,63.99943542480469
normal,C:\Users\Light\Videos\正常往返.mp4,1287,True,0.7621413469314575,81.80925750732422,42.26401138305664,107.66357421875,63.9984016418457
normal,C:\Users\Light\Videos\正常往返.mp4,1288,True,0.7637585401535034,81.81098175048828,42.243194580078125,107.68609619140625,63.95561981201172
normal,C:\Users\Light\Videos\正常往返.mp4,1289,True,0.8227930068969727,83.1536636352539,42.51472854614258,109.97831726074219,64.22370147705078
normal,C:\Users\Light\Videos\正常往返.mp4,1290,True,0.796229898929596,85.56034088134766,42.6750602722168,110.80156707763672,63.92863845825195
normal,C:\Users\Light\Videos\正常往返.mp4,1291,True,0.7977294325828552,85.54412078857422,42.66596221923828,110.81818389892578,63.920074462890625
normal,C:\Users\Light\Videos\正常往返.mp4,1292,True,0.730164647102356,87.00780487060547,42.27882766723633,112.85468292236328,63.99667739868164
normal,C:\Users\Light\Videos\正常往返.mp4,1293,True,0.8364959955215454,88.89352416992188,42.45479965209961,115.37039947509766,63.91415786743164
normal,C:\Users\Light\Videos\正常往返.mp4,1294,True,0.8366026878356934,88.89598846435547,42.4549560546875,115.3691635131836,63.907142639160156
normal,C:\Users\Light\Videos\正常往返.mp4,1295,True,0.81987065076828,91.28881072998047,42.57217025756836,116.61699676513672,63.568599700927734
normal,C:\Users\Light\Videos\正常往返.mp4,1296,True,0.7989900708198547,93.22590637207031,42.031272888183594,119.55775451660156,63.61106872558594
normal,C:\Users\Light\Videos\正常往返.mp4,1297,True,0.7985146641731262,93.23824310302734,42.02979278564453,119.56231689453125,63.61581802368164
normal,C:\Users\Light\Videos\正常往返.mp4,1298,True,0.8188584446907043,95.29370880126953,42.4846305847168,121.7971420288086,63.89835739135742
normal,C:\Users\Light\Videos\正常往返.mp4,1299,True,0.8188637495040894,95.29330444335938,42.48386764526367,121.79747772216797,63.898895263671875
normal,C:\Users\Light\Videos\正常往返.mp4,1300,True,0.7660439610481262,98.03938293457031,41.86894607543945,123.73517608642578,63.05569076538086
normal,C:\Users\Light\Videos\正常往返.mp4,1301,True,0.8080090880393982,100.30809020996094,42.38530349731445,126.72756958007812,63.90602493286133
normal,C:\Users\Light\Videos\正常往返.mp4,1302,True,0.8076234459877014,100.29966735839844,42.38433837890625,126.72918701171875,63.90192413330078
normal,C:\Users\Light\Videos\正常往返.mp4,1303,True,0.782630980014801,103.22367095947266,42.669456481933594,128.69676208496094,64.07955169677734
normal,C:\Users\Light\Videos\正常往返.mp4,1304,True,0.7874988913536072,105.35535430908203,41.79460906982422,131.61607360839844,63.41447448730469
normal,C:\Users\Light\Videos\正常往返.mp4,1305,True,0.7869386672973633,105.34517669677734,41.79756546020508,131.61427307128906,63.420616149902344
normal,C:\Users\Light\Videos\正常往返.mp4,1306,True,0.8172194361686707,107.33399200439453,42.65383529663086,134.1727294921875,64.06343841552734
normal,C:\Users\Light\Videos\正常往返.mp4,1307,True,0.7534559965133667,110.11697387695312,41.72069549560547,135.71360778808594,62.58373260498047
normal,C:\Users\Light\Videos\正常往返.mp4,1308,True,0.8007930517196655,112.55976104736328,42.51228713989258,138.27845764160156,64.31099700927734
normal,C:\Users\Light\Videos\正常往返.mp4,1309,True,0.8166050910949707,114.76284790039062,42.911949157714844,139.79457092285156,64.31657409667969
normal,C:\Users\Light\Videos\正常往返.mp4,1310,True,0.8166059255599976,114.75677490234375,42.90681457519531,139.79307556152344,64.3182144165039
normal,C:\Users\Light\Videos\正常往返.mp4,1311,True,0.7669001221656799,116.08432006835938,41.7535514831543,141.3319091796875,62.731781005859375
normal,C:\Users\Light\Videos\正常往返.mp4,1312,True,0.7675589323043823,116.0733413696289,41.756797790527344,141.33657836914062,62.726200103759766
normal,C:\Users\Light\Videos\正常往返.mp4,1313,True,0.7823740839958191,117.9082260131836,41.21278762817383,143.37265014648438,62.69612503051758
normal,C:\Users\Light\Videos\正常往返.mp4,1314,True,0.7952037453651428,118.62386322021484,43.07714080810547,145.1795654296875,64.25761413574219
normal,C:\Users\Light\Videos\正常往返.mp4,1315,True,0.8002722263336182,118.6423568725586,43.04273986816406,145.1549835205078,64.21487426757812
normal,C:\Users\Light\Videos\正常往返.mp4,1316,True,0.8197228312492371,120.78225708007812,42.995094299316406,146.54945373535156,63.628414154052734
normal,C:\Users\Light\Videos\正常往返.mp4,1317,True,0.772942066192627,121.73756408691406,41.466819763183594,147.43881225585938,62.42765808105469
normal,C:\Users\Light\Videos\正常往返.mp4,1318,True,0.7745930552482605,121.73258972167969,41.46715545654297,147.4283447265625,62.43171691894531
normal,C:\Users\Light\Videos\正常往返.mp4,1319,True,0.7503146529197693,123.21294403076172,41.69828414916992,148.50245666503906,63.69260025024414
normal,C:\Users\Light\Videos\正常往返.mp4,1320,True,0.7764396071434021,123.63788604736328,41.10276794433594,149.4484100341797,63.25051498413086
normal,C:\Users\Light\Videos\正常往返.mp4,1321,True,0.7764654159545898,123.61834716796875,41.113975524902344,149.4523162841797,63.27754211425781
normal,C:\Users\Light\Videos\正常往返.mp4,1322,True,0.8009119629859924,123.96273803710938,40.60628890991211,150.3479766845703,62.75699234008789
normal,C:\Users\Light\Videos\正常往返.mp4,1323,True,0.8011175990104675,123.96021270751953,40.60552978515625,150.3493194580078,62.75632095336914
normal,C:\Users\Light\Videos\正常往返.mp4,1324,True,0.8040686249732971,124.81329345703125,41.26839065551758,150.35089111328125,62.97086715698242
normal,C:\Users\Light\Videos\正常往返.mp4,1325,True,0.8128239512443542,124.67312622070312,41.403663635253906,150.3177947998047,63.08659744262695
normal,C:\Users\Light\Videos\正常往返.mp4,1326,True,0.8130643963813782,124.67680358886719,41.41130447387695,150.32093811035156,63.093074798583984
normal,C:\Users\Light\Videos\正常往返.mp4,1327,True,0.8064903616905212,124.35442352294922,40.48643493652344,150.14979553222656,61.96067428588867
normal,C:\Users\Light\Videos\正常往返.mp4,1328,True,0.802058756351471,123.87882232666016,41.1981086730957,149.95225524902344,63.14688491821289
normal,C:\Users\Light\Videos\正常往返.mp4,1329,True,0.8017579913139343,123.8714828491211,41.20111083984375,149.94354248046875,63.15114212036133
normal,C:\Users\Light\Videos\正常往返.mp4,1330,True,0.7768761515617371,123.54362487792969,40.710594177246094,148.86378479003906,62.31938934326172
normal,C:\Users\Light\Videos\正常往返.mp4,1331,True,0.7488583326339722,122.63292694091797,41.260902404785156,147.8652801513672,62.52483367919922
normal,C:\Users\Light\Videos\正常往返.mp4,1332,True,0.8019779920578003,121.28850555419922,42.106170654296875,147.07904052734375,62.82528305053711
normal,C:\Users\Light\Videos\正常往返.mp4,1333,True,0.8020201325416565,121.28697204589844,42.104331970214844,147.0809326171875,62.826805114746094
normal,C:\Users\Light\Videos\正常往返.mp4,1334,True,0.8302276134490967,119.42024230957031,42.624298095703125,145.74281311035156,63.261695861816406
normal,C:\Users\Light\Videos\正常往返.mp4,1335,True,0.8240342736244202,119.08307647705078,41.802024841308594,144.56883239746094,63.08684539794922
normal,C:\Users\Light\Videos\正常往返.mp4,1336,True,0.8241025805473328,119.07710266113281,41.8043098449707,144.5747833251953,63.08751678466797
normal,C:\Users\Light\Videos\正常往返.mp4,1337,True,0.7468425035476685,117.58452606201172,40.9803352355957,142.6124725341797,62.148929595947266
normal,C:\Users\Light\Videos\正常往返.mp4,1338,True,0.7591020464897156,116.10926818847656,41.89673614501953,140.2909393310547,62.37089157104492
normal,C:\Users\Light\Videos\正常往返.mp4,1339,True,0.7583593130111694,116.11428833007812,41.89241027832031,140.30088806152344,62.36311340332031
normal,C:\Users\Light\Videos\正常往返.mp4,1340,True,0.8366196155548096,113.68810272216797,42.30834197998047,139.35169982910156,63.35403060913086
normal,C:\Users\Light\Videos\正常往返.mp4,1341,True,0.8050053715705872,112.40313720703125,42.43702697753906,137.7962188720703,64.15380096435547
normal,C:\Users\Light\Videos\正常往返.mp4,1342,True,0.804436206817627,112.39498901367188,42.433040618896484,137.7858123779297,64.14815521240234
normal,C:\Users\Light\Videos\正常往返.mp4,1343,True,0.7727823853492737,109.83220672607422,41.89776611328125,135.6208038330078,63.10885238647461
normal,C:\Users\Light\Videos\正常往返.mp4,1344,True,0.8435829281806946,108.40302276611328,41.55294418334961,134.71141052246094,62.24592590332031
normal,C:\Users\Light\Videos\正常往返.mp4,1345,True,0.8446091413497925,108.39521789550781,41.542747497558594,134.6871337890625,62.2470703125
normal,C:\Users\Light\Videos\正常往返.mp4,1346,True,0.7998291850090027,106.16056060791016,41.9040641784668,132.4609375,63.48444366455078
normal,C:\Users\Light\Videos\正常往返.mp4,1347,True,0.7998179793357849,106.1592025756836,41.90401840209961,132.46250915527344,63.48583221435547
normal,C:\Users\Light\Videos\正常往返.mp4,1348,True,0.7289425134658813,104.49393463134766,42.54139709472656,129.28265380859375,63.78825378417969
normal,C:\Users\Light\Videos\正常往返.mp4,1349,True,0.8411543369293213,102.2568130493164,42.661006927490234,128.7519989013672,63.58961868286133
normal,C:\Users\Light\Videos\正常往返.mp4,1350,True,0.841347873210907,102.25867462158203,42.662353515625,128.74856567382812,63.586212158203125
normal,C:\Users\Light\Videos\正常往返.mp4,1351,True,0.8330143690109253,100.88427734375,41.6882438659668,126.9983139038086,63.14159393310547
normal,C:\Users\Light\Videos\正常往返.mp4,1352,True,0.7425917983055115,100.2474365234375,41.912357330322266,125.001708984375,63.72321319580078
normal,C:\Users\Light\Videos\正常往返.mp4,1353,True,0.7416731119155884,100.23934173583984,41.91253662109375,125.0047607421875,63.72590255737305
normal,C:\Users\Light\Videos\正常往返.mp4,1354,True,0.8431582450866699,95.42508697509766,42.04303741455078,121.9129409790039,63.245338439941406
normal,C:\Users\Light\Videos\正常往返.mp4,1355,True,0.8422219157218933,95.43573760986328,42.02934265136719,121.90007019042969,63.202510833740234
normal,C:\Users\Light\Videos\正常往返.mp4,1356,True,0.7794896364212036,93.9490737915039,41.77040481567383,120.19502258300781,63.57686996459961
normal,C:\Users\Light\Videos\正常往返.mp4,1357,True,0.7780917882919312,93.94977569580078,41.80662155151367,120.17820739746094,63.65441131591797
normal,C:\Users\Light\Videos\正常往返.mp4,1358,True,0.7368230819702148,92.71305084228516,42.38438415527344,117.71116638183594,63.507572174072266
normal,C:\Users\Light\Videos\正常往返.mp4,1359,True,0.8125897645950317,91.36941528320312,42.816585540771484,116.84773254394531,63.934486389160156
normal,C:\Users\Light\Videos\正常往返.mp4,1360,True,0.8121078014373779,91.37423706054688,42.81698989868164,116.85676574707031,63.9304084777832
normal,C:\Users\Light\Videos\正常往返.mp4,1361,True,0.8170436024665833,89.7008056640625,42.655067443847656,115.7523193359375,64.22119140625
normal,C:\Users\Light\Videos\正常往返.mp4,1362,True,0.7702470421791077,89.34204864501953,43.07147216796875,114.60035705566406,64.88658905029297
normal,C:\Users\Light\Videos\正常往返.mp4,1363,True,0.7700701355934143,89.34164428710938,43.07906723022461,114.60182189941406,64.88154602050781
normal,C:\Users\Light\Videos\正常往返.mp4,1364,True,0.7818140983581543,88.04026794433594,42.5145263671875,114.18323516845703,64.19387817382812
normal,C:\Users\Light\Videos\正常往返.mp4,1365,True,0.7724564671516418,87.52627563476562,41.88333511352539,112.99364471435547,63.39455032348633
normal,C:\Users\Light\Videos\正常往返.mp4,1366,True,0.7720458507537842,87.52104187011719,41.88369369506836,112.99297332763672,63.39594268798828
normal,C:\Users\Light\Videos\正常往返.mp4,1367,True,0.7375258207321167,87.12693786621094,43.01846694946289,112.54227447509766,64.49602508544922
normal,C:\Users\Light\Videos\正常往返.mp4,1368,True,0.7373806238174438,87.13829040527344,42.996864318847656,112.5611343383789,64.47867584228516
normal,C:\Users\Light\Videos\正常往返.mp4,1369,True,0.752159059047699,86.7052001953125,42.3204460144043,111.68376922607422,63.775184631347656
normal,C:\Users\Light\Videos\正常往返.mp4,1370,True,0.7870028018951416,86.34009552001953,42.116275787353516,111.650146484375,63.120819091796875
normal,C:\Users\Light\Videos\正常往返.mp4,1371,True,0.7883651256561279,86.33424377441406,42.111793518066406,111.64463806152344,63.106746673583984
normal,C:\Users\Light\Videos\正常往返.mp4,1372,True,0.7787874341011047,86.40898895263672,42.2586784362793,111.5477294921875,63.669986724853516
normal,C:\Users\Light\Videos\正常往返.mp4,1373,True,0.7419503927230835,86.08302307128906,42.92665100097656,111.49897003173828,64.521240234375
normal,C:\Users\Light\Videos\正常往返.mp4,1374,True,0.7426014542579651,86.08806610107422,42.93052673339844,111.50393676757812,64.53282165527344
normal,C:\Users\Light\Videos\正常往返.mp4,1375,True,0.7781392335891724,86.53289794921875,42.16410446166992,111.59059143066406,63.48060989379883
normal,C:\Users\Light\Videos\正常往返.mp4,1376,True,0.7881391048431396,86.44230651855469,42.188350677490234,111.59825897216797,63.1214485168457
normal,C:\Users\Light\Videos\正常往返.mp4,1377,True,0.7881377339363098,86.44388580322266,42.189205169677734,111.59735107421875,63.12041473388672
normal,C:\Users\Light\Videos\正常往返.mp4,1378,True,0.7399370670318604,86.64244842529297,42.180755615234375,111.90655517578125,63.632450103759766
normal,C:\Users\Light\Videos\正常往返.mp4,1379,True,0.7519697546958923,86.75110626220703,42.242027282714844,113.0259017944336,63.95521545410156
normal,C:\Users\Light\Videos\正常往返.mp4,1380,True,0.7367040514945984,87.97206115722656,42.26490783691406,112.60386657714844,64.01409149169922
normal,C:\Users\Light\Videos\正常往返.mp4,1381,True,0.7369715571403503,87.97511291503906,42.26663589477539,112.60057067871094,64.0117416381836
normal,C:\Users\Light\Videos\正常往返.mp4,1382,True,0.7851806282997131,87.82703399658203,42.177215576171875,113.98997497558594,63.85700988769531
normal,C:\Users\Light\Videos\正常往返.mp4,1383,True,0.8021963238716125,88.0750961303711,42.29877471923828,114.1246109008789,63.81505584716797
normal,C:\Users\Light\Videos\正常往返.mp4,1384,True,0.8023749589920044,88.06062316894531,42.2941780090332,114.1124496459961,63.80342483520508
normal,C:\Users\Light\Videos\正常往返.mp4,1385,True,0.838963508605957,89.01299285888672,42.49570083618164,115.1855697631836,63.979713439941406
normal,C:\Users\Light\Videos\正常往返.mp4,1386,True,0.8167755603790283,89.35836029052734,42.917640686035156,115.49116516113281,64.301513671875
normal,C:\Users\Light\Videos\正常往返.mp4,1387,True,0.8171005845069885,89.3647232055664,42.906768798828125,115.5019760131836,64.27877044677734
normal,C:\Users\Light\Videos\正常往返.mp4,1388,True,0.8361481428146362,90.31201934814453,42.62333297729492,116.5965805053711,63.470638275146484
normal,C:\Users\Light\Videos\正常往返.mp4,1389,True,0.7845852375030518,92.10295104980469,42.319637298583984,117.07810974121094,63.30643081665039
normal,C:\Users\Light\Videos\正常往返.mp4,1390,True,0.7846358418464661,92.10355377197266,42.318763732910156,117.07952117919922,63.30672073364258
normal,C:\Users\Light\Videos\正常往返.mp4,1391,True,0.7058407068252563,93.40826416015625,42.22956848144531,117.82569885253906,63.26324462890625
normal,C:\Users\Light\Videos\正常往返.mp4,1392,True,0.7058010101318359,93.40947723388672,42.22992706298828,117.8244400024414,63.26207733154297
normal,C:\Users\Light\Videos\正常往返.mp4,1393,True,0.8160158395767212,94.43012237548828,41.91571807861328,120.3749771118164,63.42290115356445
normal,C:\Users\Light\Videos\正常往返.mp4,1394,True,0.8073939085006714,94.97511291503906,42.55697250366211,122.13224029541016,63.520145416259766
normal,C:\Users\Light\Videos\正常往返.mp4,1395,True,0.8062898516654968,94.97217559814453,42.55820846557617,122.14035034179688,63.513668060302734
normal,C:\Users\Light\Videos\正常往返.mp4,1396,True,0.839451253414154,96.71603393554688,41.90231704711914,122.90169525146484,62.68440246582031
normal,C:\Users\Light\Videos\正常往返.mp4,1397,True,0.7713974714279175,98.21324920654297,41.72701644897461,123.8827133178711,62.74702072143555
normal,C:\Users\Light\Videos\正常往返.mp4,1398,True,0.772224485874176,98.20271301269531,41.72430419921875,123.8873519897461,62.741127014160156
normal,C:\Users\Light\Videos\正常往返.mp4,1399,True,0.8060336112976074,99.89723205566406,41.916324615478516,125.94470977783203,63.54035949707031
normal,C:\Users\Light\Videos\正常往返.mp4,1400,True,0.8460110425949097,100.76152038574219,42.42705535888672,127.62006378173828,63.74074172973633
normal,C:\Users\Light\Videos\正常往返.mp4,1401,True,0.8460050225257874,100.75890350341797,42.426002502441406,127.6203384399414,63.743900299072266
normal,C:\Users\Light\Videos\正常往返.mp4,1402,True,0.8171599507331848,103.15074920654297,42.32026672363281,128.81626892089844,63.52619552612305
normal,C:\Users\Light\Videos\正常往返.mp4,1403,True,0.8153390884399414,103.15637969970703,42.30632400512695,128.81356811523438,63.526241302490234
normal,C:\Users\Light\Videos\正常往返.mp4,1404,True,0.7705904841423035,106.00850677490234,42.317935943603516,132.16969299316406,64.19969940185547
normal,C:\Users\Light\Videos\正常往返.mp4,1405,True,0.7710895538330078,106.02971649169922,42.33005905151367,132.18653869628906,64.20366668701172
normal,C:\Users\Light\Videos\正常往返.mp4,1406,True,0.8146646022796631,107.5168685913086,42.4709587097168,134.06211853027344,63.41602325439453
normal,C:\Users\Light\Videos\正常往返.mp4,1407,True,0.7559547424316406,109.8957290649414,41.97331619262695,135.4490203857422,63.41828536987305
normal,C:\Users\Light\Videos\正常往返.mp4,1408,True,0.7554230093955994,109.90387725830078,41.96441650390625,135.46502685546875,63.427001953125
normal,C:\Users\Light\Videos\正常往返.mp4,1409,True,0.7730921506881714,111.6050033569336,41.57674789428711,137.2770233154297,63.24211120605469
normal,C:\Users\Light\Videos\正常往返.mp4,1410,True,0.8037203550338745,112.85466766357422,42.58745193481445,138.4120330810547,64.23551177978516
normal,C:\Users\Light\Videos\正常往返.mp4,1411,True,0.8035253286361694,112.85648345947266,42.589515686035156,138.4079132080078,64.2337646484375
normal,C:\Users\Light\Videos\正常往返.mp4,1412,True,0.8114566206932068,114.37947845458984,42.714256286621094,139.57052612304688,63.93090057373047
normal,C:\Users\Light\Videos\正常往返.mp4,1413,True,0.8113632202148438,114.3770523071289,42.7139892578125,139.5695037841797,63.93354415893555
normal,C:\Users\Light\Videos\正常往返.mp4,1414,True,0.774693489074707,115.68951416015625,41.90899658203125,140.72610473632812,62.89323425292969
normal,C:\Users\Light\Videos\正常往返.mp4,1415,True,0.7476435899734497,116.53182983398438,42.15531921386719,142.20306396484375,63.6539421081543
normal,C:\Users\Light\Videos\正常往返.mp4,1416,True,0.7487291693687439,116.53873443603516,42.141334533691406,142.2081756591797,63.6312141418457
normal,C:\Users\Light\Videos\正常往返.mp4,1417,True,0.7691604495048523,118.31600189208984,42.8656005859375,143.5062255859375,64.50469970703125
normal,C:\Users\Light\Videos\正常往返.mp4,1418,True,0.803783655166626,119.1312255859375,42.640724182128906,144.6240234375,64.28071594238281
normal,C:\Users\Light\Videos\正常往返.mp4,1419,True,0.803882360458374,119.13068389892578,42.63765335083008,144.6285858154297,64.28253173828125
normal,C:\Users\Light\Videos\正常往返.mp4,1420,True,0.829140305519104,119.8978500366211,42.99235916137695,146.0790557861328,64.09259796142578
normal,C:\Users\Light\Videos\正常往返.mp4,1421,True,0.7919938564300537,121.51705932617188,42.195457458496094,147.06483459472656,63.096370697021484
normal,C:\Users\Light\Videos\正常往返.mp4,1422,True,0.792219340801239,121.5131607055664,42.20034408569336,147.06027221679688,63.09565353393555
normal,C:\Users\Light\Videos\正常往返.mp4,1423,True,0.749920129776001,123.35108184814453,41.811954498291016,148.3390350341797,63.523441314697266
normal,C:\Users\Light\Videos\正常往返.mp4,1424,True,0.7497991323471069,123.35350036621094,41.812042236328125,148.33724975585938,63.518375396728516
normal,C:\Users\Light\Videos\正常往返.mp4,1425,True,0.7728725075721741,124.12997436523438,41.28232955932617,149.697998046875,63.27942657470703
normal,C:\Users\Light\Videos\正常往返.mp4,1426,True,0.8181198835372925,124.68840026855469,41.6640625,150.4104461669922,63.43072509765625
normal,C:\Users\Light\Videos\正常往返.mp4,1427,True,0.8200092911720276,124.69290161132812,41.67306900024414,150.44692993164062,63.39894485473633
normal,C:\Users\Light\Videos\正常往返.mp4,1428,True,0.8367792367935181,125.66996765136719,42.16394805908203,151.3108367919922,63.37355422973633
normal,C:\Users\Light\Videos\正常往返.mp4,1429,True,0.8353481292724609,125.6752700805664,42.13916015625,151.31105041503906,63.32442855834961
normal,C:\Users\Light\Videos\正常往返.mp4,1430,True,0.8436232209205627,126.14036560058594,41.99290466308594,152.18389892578125,62.8955192565918
normal,C:\Users\Light\Videos\正常往返.mp4,1431,True,0.796405553817749,126.87476348876953,42.321563720703125,152.88465881347656,63.118621826171875
normal,C:\Users\Light\Videos\正常往返.mp4,1432,True,0.797673761844635,126.87849426269531,42.30636978149414,152.8787841796875,63.12821578979492
normal,C:\Users\Light\Videos\正常往返.mp4,1433,True,0.7839430570602417,127.11088562011719,42.089542388916016,152.76573181152344,63.439754486083984
normal,C:\Users\Light\Videos\正常往返.mp4,1434,True,0.730899453163147,127.17891693115234,41.02455520629883,153.1608123779297,62.20215606689453
normal,C:\Users\Light\Videos\正常往返.mp4,1435,True,0.730901837348938,127.1750717163086,41.030670166015625,153.1639862060547,62.20110321044922
normal,C:\Users\Light\Videos\正常往返.mp4,1436,True,0.7289210557937622,127.4113540649414,41.24584197998047,152.95367431640625,63.328773498535156
normal,C:\Users\Light\Videos\正常往返.mp4,1437,True,0.728505551815033,127.42500305175781,41.24171829223633,152.9779052734375,63.32231903076172
normal,C:\Users\Light\Videos\正常往返.mp4,1438,True,0.7373337149620056,127.44649505615234,41.396156311035156,152.989990234375,63.565101623535156
normal,C:\Users\Light\Videos\正常往返.mp4,1439,True,0.7563077211380005,127.00408172607422,41.05106735229492,153.13833618164062,62.26255416870117
normal,C:\Users\Light\Videos\正常往返.mp4,1440,True,0.7565004229545593,127.02240753173828,41.03461456298828,153.14076232910156,62.246463775634766
normal,C:\Users\Light\Videos\正常往返.mp4,1441,True,0.7808360457420349,127.13251495361328,41.78544235229492,152.69577026367188,63.04184341430664
normal,C:\Users\Light\Videos\正常往返.mp4,1442,True,0.8102954030036926,126.43592071533203,41.920223236083984,152.62445068359375,62.94520568847656
normal,C:\Users\Light\Videos\正常往返.mp4,1443,True,0.8126647472381592,126.43675231933594,41.96291732788086,152.60073852539062,62.93021011352539
normal,C:\Users\Light\Videos\正常往返.mp4,1444,True,0.8283871412277222,125.61347961425781,42.24061584472656,152.2600860595703,63.11682891845703
normal,C:\Users\Light\Videos\正常往返.mp4,1445,True,0.8197511434555054,125.60283660888672,41.444114685058594,151.36717224121094,62.975772857666016
normal,C:\Users\Light\Videos\正常往返.mp4,1446,True,0.8197106122970581,125.60197448730469,41.44259262084961,151.36805725097656,62.97653579711914
normal,C:\Users\Light\Videos\正常往返.mp4,1447,True,0.8182600736618042,125.30060577392578,41.65153503417969,150.91514587402344,63.15495300292969
normal,C:\Users\Light\Videos\正常往返.mp4,1448,True,0.8182159662246704,125.29957580566406,41.64920425415039,150.9154052734375,63.156341552734375
normal,C:\Users\Light\Videos\正常往返.mp4,1449,True,0.8142231106758118,125.04072570800781,41.47842788696289,150.5203857421875,63.19004821777344
normal,C:\Users\Light\Videos\正常往返.mp4,1450,True,0.8089398145675659,124.58445739746094,41.13903045654297,150.1135711669922,62.74424362182617
normal,C:\Users\Light\Videos\正常往返.mp4,1451,True,0.7959380149841309,123.7529296875,41.41130447387695,149.50634765625,63.22220993041992
normal,C:\Users\Light\Videos\正常往返.mp4,1452,True,0.7680221796035767,123.15834045410156,41.74964904785156,148.47621154785156,63.13029861450195
normal,C:\Users\Light\Videos\正常往返.mp4,1453,True,0.7679272294044495,123.15092468261719,41.78407287597656,148.48036193847656,63.162391662597656
normal,C:\Users\Light\Videos\正常往返.mp4,1454,True,0.7582979202270508,122.24835968017578,42.0166130065918,147.40606689453125,63.056522369384766
normal,C:\Users\Light\Videos\正常往返.mp4,1455,True,0.7993656992912292,121.45008087158203,42.57857894897461,146.66091918945312,63.63542938232422
normal,C:\Users\Light\Videos\正常往返.mp4,1456,True,0.7992679476737976,121.44757080078125,42.575531005859375,146.66412353515625,63.63502502441406
normal,C:\Users\Light\Videos\正常往返.mp4,1457,True,0.8339417576789856,119.84510803222656,43.02232360839844,146.22462463378906,63.3684196472168
normal,C:\Users\Light\Videos\正常往返.mp4,1458,True,0.8315778970718384,119.8172607421875,43.052711486816406,146.2294158935547,63.423194885253906
normal,C:\Users\Light\Videos\正常往返.mp4,1459,True,0.827904462814331,119.55186462402344,42.6866455078125,145.5038604736328,63.076847076416016
normal,C:\Users\Light\Videos\正常往返.mp4,1460,True,0.7888721227645874,119.11325073242188,42.77797317504883,144.39256286621094,64.27690887451172
normal,C:\Users\Light\Videos\正常往返.mp4,1461,True,0.7885110378265381,119.12580108642578,42.77629089355469,144.3917236328125,64.27930450439453
normal,C:\Users\Light\Videos\正常往返.mp4,1462,True,0.8298086524009705,118.89102172851562,42.081180572509766,144.4702606201172,63.354434967041016
normal,C:\Users\Light\Videos\正常往返.mp4,1463,True,0.8059950470924377,118.42171478271484,41.986671447753906,143.86209106445312,63.31797409057617
normal,C:\Users\Light\Videos\正常往返.mp4,1464,True,0.8061087727546692,118.42495727539062,41.987525939941406,143.8614501953125,63.315059661865234
normal,C:\Users\Light\Videos\正常往返.mp4,1465,True,0.7514594793319702,117.79956817626953,42.16094207763672,142.8025360107422,63.55396270751953
normal,C:\Users\Light\Videos\正常往返.mp4,1466,True,0.7680414319038391,117.089599609375,41.83606719970703,142.65748596191406,62.91188049316406
normal,C:\Users\Light\Videos\正常往返.mp4,1467,True,0.7681474089622498,117.09284210205078,41.82957077026367,142.67176818847656,62.90950393676758
normal,C:\Users\Light\Videos\正常往返.mp4,1468,True,0.7590331435203552,116.86637115478516,41.979835510253906,142.133544921875,63.20831298828125
normal,C:\Users\Light\Videos\正常往返.mp4,1469,True,0.7597845196723938,116.89020538330078,42.00531768798828,142.1613311767578,63.187808990478516
normal,C:\Users\Light\Videos\正常往返.mp4,1470,True,0.6776044368743896,116.94837188720703,42.20323181152344,142.28224182128906,63.83659362792969
normal,C:\Users\Light\Videos\正常往返.mp4,1471,True,0.7469606995582581,117.29779815673828,41.95137405395508,142.6074676513672,63.39854049682617
normal,C:\Users\Light\Videos\正常往返.mp4,1472,True,0.7477467656135559,117.31793212890625,41.972530364990234,142.5904998779297,63.42538833618164
normal,C:\Users\Light\Videos\正常往返.mp4,1473,True,0.7626476883888245,117.95287322998047,42.41349792480469,143.0452117919922,64.1231460571289
normal,C:\Users\Light\Videos\正常往返.mp4,1474,True,0.7967818975448608,118.58747100830078,42.1966438293457,143.85218811035156,63.45564651489258
normal,C:\Users\Light\Videos\正常往返.mp4,1475,True,0.7973946332931519,119.09181213378906,42.75937271118164,144.40211486816406,64.16149139404297
normal,C:\Users\Light\Videos\正常往返.mp4,1476,True,0.8471970558166504,120.00018310546875,42.616634368896484,145.45526123046875,63.0424690246582
normal,C:\Users\Light\Videos\正常往返.mp4,1477,True,0.84705650806427,119.9953842163086,42.62510299682617,145.44488525390625,63.041751861572266
normal,C:\Users\Light\Videos\正常往返.mp4,1478,True,0.796490490436554,121.47158813476562,42.79184341430664,146.26673889160156,63.5839729309082
normal,C:\Users\Light\Videos\正常往返.mp4,1479,True,0.7241113185882568,123.30451965332031,42.13799285888672,147.85108947753906,63.64508819580078
normal,C:\Users\Light\Videos\正常往返.mp4,1480,True,0.7243574857711792,123.33416748046875,42.12519836425781,147.87815856933594,63.62153244018555
normal,C:\Users\Light\Videos\正常往返.mp4,1481,True,0.8173364996910095,124.22769927978516,42.078826904296875,149.98342895507812,63.466426849365234
normal,C:\Users\Light\Videos\正常往返.mp4,1482,True,0.8160243630409241,124.24112701416016,42.04005813598633,149.96714782714844,63.43980026245117
normal,C:\Users\Light\Videos\正常往返.mp4,1483,True,0.813011109828949,125.5465087890625,42.88438034057617,150.8179931640625,64.03935241699219
normal,C:\Users\Light\Videos\正常往返.mp4,1484,True,0.7521231770515442,127.78080749511719,42.17212677001953,152.60874938964844,63.01588821411133
normal,C:\Users\Light\Videos\正常往返.mp4,1485,True,0.744455873966217,127.82506561279297,42.14872741699219,152.6042022705078,63.02350997924805
normal,C:\Users\Light\Videos\正常往返.mp4,1486,True,0.7695972919464111,128.81671142578125,40.863773345947266,155.01071166992188,62.76212692260742
normal,C:\Users\Light\Videos\正常往返.mp4,1487,True,0.7700857520103455,130.81687927246094,41.093223571777344,156.75942993164062,63.039981842041016
normal,C:\Users\Light\Videos\正常往返.mp4,1488,True,0.7698634266853333,130.8162384033203,41.100975036621094,156.7525634765625,63.05324935913086
normal,C:\Users\Light\Videos\正常往返.mp4,1489,True,0.7236750721931458,134.3896484375,41.77389907836914,159.14979553222656,63.617252349853516
normal,C:\Users\Light\Videos\正常往返.mp4,1490,True,0.7773248553276062,136.4512481689453,42.632545471191406,161.4686279296875,64.74815368652344
normal,C:\Users\Light\Videos\正常往返.mp4,1491,True,0.7773053646087646,136.45269775390625,42.6337776184082,161.46624755859375,64.74755096435547
normal,C:\Users\Light\Videos\正常往返.mp4,1492,True,0.7632965445518494,139.22354125976562,42.768760681152344,163.79237365722656,64.12637329101562
normal,C:\Users\Light\Videos\正常往返.mp4,1493,True,0.7633625864982605,139.22312927246094,42.769813537597656,163.7903594970703,64.1280517578125
normal,C:\Users\Light\Videos\正常往返.mp4,1494,True,0.7355421781539917,141.40760803222656,42.98592758178711,167.0125732421875,64.79409790039062
normal,C:\Users\Light\Videos\正常往返.mp4,1495,True,0.7634140253067017,144.42022705078125,43.278419494628906,169.0270538330078,65.00899505615234
normal,C:\Users\Light\Videos\正常往返.mp4,1496,True,0.7637632489204407,144.4131317138672,43.274967193603516,169.02462768554688,65.0118637084961
normal,C:\Users\Light\Videos\正常往返.mp4,1497,True,0.7661038637161255,146.17340087890625,41.99469757080078,170.46505737304688,63.256160736083984
normal,C:\Users\Light\Videos\正常往返.mp4,1498,True,0.7830767631530762,148.2751922607422,41.05812454223633,172.9017791748047,62.4709587097168
normal,C:\Users\Light\Videos\正常往返.mp4,1499,True,0.848487138748169,149.87872314453125,41.79884338378906,175.1378631591797,63.17926788330078
normal,C:\Users\Light\Videos\正常往返.mp4,1500,True,0.787571907043457,151.44239807128906,41.30088424682617,176.2355499267578,62.57481384277344
normal,C:\Users\Light\Videos\正常往返.mp4,1501,True,0.7879664897918701,151.43817138671875,41.303977966308594,176.23434448242188,62.58431625366211
normal,C:\Users\Light\Videos\正常往返.mp4,1502,True,0.7763258218765259,153.68670654296875,40.62731170654297,177.6023712158203,61.815223693847656
normal,C:\Users\Light\Videos\正常往返.mp4,1503,True,0.776218056678772,153.6841278076172,40.623592376708984,177.60313415527344,61.808231353759766
normal,C:\Users\Light\Videos\正常往返.mp4,1504,True,0.7475413084030151,154.9093475341797,41.05527877807617,179.24598693847656,62.63776397705078
normal,C:\Users\Light\Videos\正常往返.mp4,1505,True,0.7837845683097839,155.7739715576172,40.910884857177734,180.34043884277344,62.195343017578125
normal,C:\Users\Light\Videos\正常往返.mp4,1506,True,0.7852579951286316,155.76744079589844,40.91543197631836,180.36737060546875,62.19222640991211
normal,C:\Users\Light\Videos\正常往返.mp4,1507,True,0.7726445198059082,156.09829711914062,40.872314453125,180.68426513671875,62.145748138427734
normal,C:\Users\Light\Videos\正常往返.mp4,1508,True,0.7766408324241638,156.177734375,41.068660736083984,180.86587524414062,62.44442367553711
normal,C:\Users\Light\Videos\正常往返.mp4,1509,True,0.7761693596839905,156.17904663085938,41.0640869140625,180.86814880371094,62.43855285644531
normal,C:\Users\Light\Videos\正常往返.mp4,1510,True,0.806083619594574,155.85348510742188,41.136051177978516,180.8514404296875,62.27017593383789
normal,C:\Users\Light\Videos\正常往返.mp4,1511,True,0.7737714648246765,155.1126251220703,41.20032501220703,179.81951904296875,62.68330383300781
normal,C:\Users\Light\Videos\正常往返.mp4,1512,True,0.774609386920929,155.11912536621094,41.201087951660156,179.84820556640625,62.69101333618164
normal,C:\Users\Light\Videos\正常往返.mp4,1513,True,0.7706654071807861,153.9783935546875,40.51579284667969,178.41038513183594,61.81074142456055
normal,C:\Users\Light\Videos\正常往返.mp4,1514,True,0.7706843018531799,153.97879028320312,40.51612854003906,178.40869140625,61.81107711791992
normal,C:\Users\Light\Videos\正常往返.mp4,1515,True,0.7850068211555481,152.31536865234375,41.385128021240234,176.83563232421875,62.62535095214844
normal,C:\Users\Light\Videos\正常往返.mp4,1516,True,0.7631583213806152,150.61390686035156,41.11796569824219,175.34262084960938,62.38319396972656
normal,C:\Users\Light\Videos\正常往返.mp4,1517,True,0.7627769112586975,150.61557006835938,41.11800765991211,175.3411102294922,62.38835144042969
normal,C:\Users\Light\Videos\正常往返.mp4,1518,True,0.7703750133514404,148.99053955078125,40.67594528198242,172.97315979003906,61.90755844116211
normal,C:\Users\Light\Videos\正常往返.mp4,1519,True,0.774997353553772,145.69921875,40.9169807434082,170.6482696533203,61.80744934082031
normal,C:\Users\Light\Videos\正常往返.mp4,1520,True,0.7750595808029175,145.69956970214844,40.917091369628906,170.64846801757812,61.80854415893555
normal,C:\Users\Light\Videos\正常往返.mp4,1521,True,0.7418976426124573,143.5894775390625,41.02220153808594,168.02203369140625,62.603519439697266
normal,C:\Users\Light\Videos\正常往返.mp4,1522,True,0.7783123254776001,139.6712188720703,41.291316986083984,164.63282775878906,62.31167984008789
normal,C:\Users\Light\Videos\正常往返.mp4,1523,True,0.7860105037689209,136.36407470703125,41.074440002441406,161.72625732421875,62.359798431396484
normal,C:\Users\Light\Videos\正常往返.mp4,1524,True,0.770821750164032,133.12554931640625,41.19310760498047,158.0541229248047,62.12813186645508
normal,C:\Users\Light\Videos\正常往返.mp4,1525,True,0.770599901676178,133.1219940185547,41.18932342529297,158.0489044189453,62.119728088378906
normal,C:\Users\Light\Videos\正常往返.mp4,1526,True,0.7364587187767029,129.03269958496094,40.19134521484375,154.37347412109375,62.348052978515625
normal,C:\Users\Light\Videos\正常往返.mp4,1527,True,0.7379966974258423,129.03411865234375,40.18690872192383,154.3668975830078,62.35325241088867
normal,C:\Users\Light\Videos\正常往返.mp4,1528,True,0.752856433391571,124.27183532714844,39.38142013549805,150.6756591796875,60.92002487182617
normal,C:\Users\Light\Videos\正常往返.mp4,1529,True,0.7424780130386353,120.43555450439453,42.47156524658203,146.7427978515625,62.12940979003906
normal,C:\Users\Light\Videos\正常往返.mp4,1530,True,0.7402645945549011,120.43539428710938,42.49428939819336,146.74571228027344,62.134742736816406
normal,C:\Users\Light\Videos\正常往返.mp4,1531,True,0.7162882685661316,116.50782012939453,41.037662506103516,142.60833740234375,61.74485397338867
normal,C:\Users\Light\Videos\正常往返.mp4,1532,True,0.7812634110450745,112.09439849853516,42.691261291503906,138.36302185058594,64.4862060546875
normal,C:\Users\Light\Videos\正常往返.mp4,1533,True,0.7821137309074402,112.09750366210938,42.704620361328125,138.38412475585938,64.4892578125
normal,C:\Users\Light\Videos\正常往返.mp4,1534,True,0.8061628937721252,107.34835815429688,43.006187438964844,134.02247619628906,64.2218017578125
normal,C:\Users\Light\Videos\正常往返.mp4,1535,True,0.7822306156158447,103.41876220703125,41.86811828613281,129.18997192382812,62.59041213989258
normal,C:\Users\Light\Videos\正常往返.mp4,1536,True,0.7820848226547241,103.4227294921875,41.88582229614258,129.17141723632812,62.57566452026367
normal,C:\Users\Light\Videos\正常往返.mp4,1537,True,0.7753511667251587,99.2477798461914,41.64261245727539,126.25405883789062,63.62500762939453
normal,C:\Users\Light\Videos\正常往返.mp4,1538,True,0.7790852785110474,99.27119445800781,41.65404510498047,126.24433135986328,63.65830993652344
normal,C:\Users\Light\Videos\正常往返.mp4,1539,True,0.7797033190727234,95.0084228515625,43.24811935424805,121.57830810546875,64.4455795288086
normal,C:\Users\Light\Videos\正常往返.mp4,1540,True,0.809363842010498,90.66800689697266,43.19710922241211,116.45343017578125,64.12164306640625
normal,C:\Users\Light\Videos\正常往返.mp4,1541,True,0.8095270991325378,90.65821075439453,43.22631072998047,116.44385528564453,64.13282775878906
normal,C:\Users\Light\Videos\正常往返.mp4,1542,True,0.7398337721824646,86.69441986083984,42.23588562011719,112.02050018310547,63.16768264770508
normal,C:\Users\Light\Videos\正常往返.mp4,1543,True,0.7800318002700806,82.53010559082031,42.567752838134766,109.65373229980469,64.16265869140625
normal,C:\Users\Light\Videos\正常往返.mp4,1544,True,0.7768454551696777,82.53380584716797,42.59888458251953,109.6761245727539,64.16007995605469
normal,C:\Users\Light\Videos\正常往返.mp4,1545,True,0.7862051725387573,79.33106994628906,42.88944625854492,104.883056640625,64.12948608398438
normal,C:\Users\Light\Videos\正常往返.mp4,1546,True,0.7315900921821594,74.92125701904297,42.23176193237305,100.58213806152344,63.56306457519531
normal,C:\Users\Light\Videos\正常往返.mp4,1547,True,0.6932514905929565,71.86274719238281,43.151031494140625,97.79483032226562,64.65090942382812
normal,C:\Users\Light\Videos\正常往返.mp4,1548,True,0.6931220889091492,71.86009979248047,43.15203857421875,97.79696655273438,64.65447235107422
normal,C:\Users\Light\Videos\正常往返.mp4,1549,True,0.7069351673126221,68.2550277709961,43.4737548828125,93.9771957397461,64.96516418457031
normal,C:\Users\Light\Videos\正常往返.mp4,1550,True,0.7949355840682983,65.44203186035156,43.11176681518555,91.51524353027344,64.95848083496094
normal,C:\Users\Light\Videos\正常往返.mp4,1551,True,0.7935857772827148,65.43449401855469,43.125797271728516,91.52127075195312,64.9769058227539
normal,C:\Users\Light\Videos\正常往返.mp4,1552,True,0.7899456024169922,62.438297271728516,42.50804901123047,88.10331726074219,63.954769134521484
normal,C:\Users\Light\Videos\正常往返.mp4,1553,True,0.8061115145683289,59.139808654785156,42.62745666503906,86.09060668945312,64.10958862304688
normal,C:\Users\Light\Videos\正常往返.mp4,1554,True,0.80624920129776,59.13915252685547,42.62617874145508,86.08977508544922,64.1097412109375
normal,C:\Users\Light\Videos\正常往返.mp4,1555,True,0.7482823729515076,56.951271057128906,42.81544494628906,82.19320678710938,64.6007080078125
normal,C:\Users\Light\Videos\正常往返.mp4,1556,True,0.7960740923881531,53.995094299316406,42.962730407714844,80.29792022705078,64.94911193847656
normal,C:\Users\Light\Videos\正常往返.mp4,1557,True,0.7960204482078552,53.97772979736328,42.95661163330078,80.30091857910156,64.95613098144531
normal,C:\Users\Light\Videos\正常往返.mp4,1558,True,0.7497318983078003,51.949501037597656,42.83722686767578,77.85529327392578,64.72016143798828
normal,C:\Users\Light\Videos\正常往返.mp4,1559,True,0.750199556350708,51.935665130615234,42.841487884521484,77.86005401611328,64.73589324951172
normal,C:\Users\Light\Videos\正常往返.mp4,1560,True,0.7883085608482361,49.91032409667969,42.74032211303711,75.80662536621094,64.71989440917969
normal,C:\Users\Light\Videos\正常往返.mp4,1561,True,0.7770775556564331,48.213138580322266,42.544803619384766,73.91072845458984,64.8163070678711
normal,C:\Users\Light\Videos\正常往返.mp4,1562,True,0.7806932330131531,48.23845672607422,42.54982376098633,73.93426513671875,64.7684326171875
normal,C:\Users\Light\Videos\正常往返.mp4,1563,True,0.7361825704574585,45.96744918823242,42.55338668823242,72.49276733398438,64.98230743408203
normal,C:\Users\Light\Videos\正常往返.mp4,1564,True,0.7369629144668579,44.77214813232422,43.28724670410156,70.48289489746094,64.9681167602539
normal,C:\Users\Light\Videos\正常往返.mp4,1565,True,0.737169623374939,44.777366638183594,43.288055419921875,70.48625183105469,64.97318267822266
normal,C:\Users\Light\Videos\正常往返.mp4,1566,True,0.769025981426239,43.34020233154297,43.264591217041016,69.46135711669922,65.16249084472656
normal,C:\Users\Light\Videos\正常往返.mp4,1567,True,0.7679547667503357,42.44629669189453,43.224430084228516,67.9879150390625,65.07186126708984
normal,C:\Users\Light\Videos\正常往返.mp4,1568,True,0.7688006162643433,42.44972610473633,43.22666931152344,67.97359466552734,65.06124114990234
normal,C:\Users\Light\Videos\正常往返.mp4,1569,True,0.7954865097999573,40.8498420715332,43.008113861083984,67.44678497314453,64.71498107910156
normal,C:\Users\Light\Videos\正常往返.mp4,1570,True,0.732223391532898,40.121253967285156,43.44004821777344,66.2151107788086,65.12356567382812
normal,C:\Users\Light\Videos\正常往返.mp4,1571,True,0.7938554883003235,39.111331939697266,42.94424057006836,64.73615264892578,63.997684478759766
normal,C:\Users\Light\Videos\正常往返.mp4,1572,True,0.7940739989280701,39.10637283325195,42.94596862792969,64.73261260986328,63.99058151245117
normal,C:\Users\Light\Videos\正常往返.mp4,1573,True,0.762729823589325,38.93709182739258,42.95695114135742,64.11238861083984,64.62361145019531
normal,C:\Users\Light\Videos\正常往返.mp4,1574,True,0.7900863885879517,38.53681945800781,43.031063079833984,64.24053192138672,64.31238555908203
normal,C:\Users\Light\Videos\正常往返.mp4,1575,True,0.7903109192848206,38.55210876464844,43.00836181640625,64.23181915283203,64.30972290039062
normal,C:\Users\Light\Videos\正常往返.mp4,1576,True,0.7723677754402161,38.93781661987305,43.07331085205078,64.20817565917969,64.47749328613281
normal,C:\Users\Light\Videos\正常往返.mp4,1577,True,0.7862895131111145,39.03565216064453,43.10495376586914,64.00446319580078,64.1964111328125
normal,C:\Users\Light\Videos\正常往返.mp4,1578,True,0.7887696027755737,39.002628326416016,43.110801696777344,64.00841522216797,64.18177032470703
normal,C:\Users\Light\Videos\正常往返.mp4,1579,True,0.7838963270187378,39.32081985473633,42.87019348144531,64.56768798828125,64.11825561523438
normal,C:\Users\Light\Videos\正常往返.mp4,1580,True,0.7844552993774414,39.506919860839844,42.6727294921875,65.04340362548828,63.61191940307617
normal,C:\Users\Light\Videos\正常往返.mp4,1581,True,0.7830761671066284,39.52111053466797,42.667396545410156,65.03341674804688,63.6287727355957
normal,C:\Users\Light\Videos\正常往返.mp4,1582,True,0.7447909712791443,40.33726501464844,42.99755859375,66.53189086914062,64.81747436523438
normal,C:\Users\Light\Videos\正常往返.mp4,1583,True,0.7437974214553833,40.32694625854492,42.98958206176758,66.51172637939453,64.81581115722656
normal,C:\Users\Light\Videos\正常往返.mp4,1584,True,0.802340030670166,41.17557144165039,42.97418212890625,67.56289672851562,64.65074920654297
normal,C:\Users\Light\Videos\正常往返.mp4,1585,True,0.7921794056892395,42.61204528808594,43.20452880859375,68.56914520263672,64.84999084472656
normal,C:\Users\Light\Videos\正常往返.mp4,1586,True,0.7917969226837158,42.60708236694336,43.204593658447266,68.56935119628906,64.8575439453125
normal,C:\Users\Light\Videos\正常往返.mp4,1587,True,0.7510659098625183,43.68465042114258,43.27317428588867,69.13766479492188,65.54893493652344
normal,C:\Users\Light\Videos\正常往返.mp4,1588,True,0.7437908053398132,45.1665153503418,43.268062591552734,70.45057678222656,64.90133666992188
normal,C:\Users\Light\Videos\正常往返.mp4,1589,True,0.7436752915382385,45.200096130371094,43.26772689819336,70.46531677246094,64.90000915527344
normal,C:\Users\Light\Videos\正常往返.mp4,1590,True,0.732346773147583,46.548885345458984,43.25369644165039,72.16613006591797,65.10099792480469
normal,C:\Users\Light\Videos\正常往返.mp4,1591,True,0.7853105664253235,47.258506774902344,42.71921157836914,73.66790008544922,64.88134002685547
normal,C:\Users\Light\Videos\正常往返.mp4,1592,True,0.7862130403518677,47.251373291015625,42.746620178222656,73.67720794677734,64.88594055175781
normal,C:\Users\Light\Videos\正常往返.mp4,1593,True,0.7978917956352234,49.029380798339844,43.003318786621094,75.23722076416016,64.99270629882812
normal,C:\Users\Light\Videos\正常往返.mp4,1594,True,0.7658815383911133,50.585594177246094,43.162864685058594,76.20409393310547,65.16664123535156
normal,C:\Users\Light\Videos\正常往返.mp4,1595,True,0.7623058557510376,52.23417282104492,42.59285354614258,78.56487274169922,64.62908172607422
normal,C:\Users\Light\Videos\正常往返.mp4,1596,True,0.7622259855270386,52.22953414916992,42.58563995361328,78.55021667480469,64.61782836914062
normal,C:\Users\Light\Videos\正常往返.mp4,1597,True,0.8217719197273254,53.78685760498047,42.93126678466797,80.6839828491211,64.26776885986328
normal,C:\Users\Light\Videos\正常往返.mp4,1598,True,0.8017560839653015,56.25749588012695,42.646732330322266,82.06562042236328,63.92361831665039
normal,C:\Users\Light\Videos\正常往返.mp4,1599,True,0.8021223545074463,56.25528335571289,42.64518356323242,82.06370544433594,63.92121887207031
normal,C:\Users\Light\Videos\正常往返.mp4,1600,True,0.7808436751365662,58.429901123046875,42.72237014770508,85.06012725830078,64.53919219970703
normal,C:\Users\Light\Videos\正常往返.mp4,1601,True,0.7803066968917847,60.750282287597656,42.97613525390625,87.11637878417969,64.63208770751953
normal,C:\Users\Light\Videos\正常往返.mp4,1602,True,0.7791730761528015,60.771507263183594,42.988101959228516,87.13359069824219,64.66036987304688
normal,C:\Users\Light\Videos\正常往返.mp4,1603,True,0.7560542225837708,63.206783294677734,42.11101150512695,88.82193756103516,63.410308837890625
normal,C:\Users\Light\Videos\正常往返.mp4,1604,True,0.756365180015564,63.196407318115234,42.12459182739258,88.81857299804688,63.43092727661133
normal,C:\Users\Light\Videos\正常往返.mp4,1605,True,0.7907934188842773,66.02135467529297,42.98579406738281,91.92508697509766,64.92255401611328
normal,C:\Users\Light\Videos\正常往返.mp4,1606,True,0.7256470918655396,68.66730499267578,43.2626838684082,94.00309753417969,64.86189270019531
normal,C:\Users\Light\Videos\正常往返.mp4,1607,True,0.7244061231613159,68.67826080322266,43.26344680786133,94.0236587524414,64.85113525390625
normal,C:\Users\Light\Videos\正常往返.mp4,1608,True,0.7602813243865967,70.58820343017578,42.77277374267578,98.00909423828125,64.21595001220703
normal,C:\Users\Light\Videos\正常往返.mp4,1609,True,0.7499871253967285,74.07730102539062,42.95576095581055,99.4206771850586,64.510009765625
normal,C:\Users\Light\Videos\正常往返.mp4,1610,True,0.7495315074920654,74.08451843261719,42.94034194946289,99.43360900878906,64.51417541503906
normal,C:\Users\Light\Videos\正常往返.mp4,1611,True,0.753415584564209,76.65015411376953,42.520263671875,103.75508880615234,63.71436309814453
normal,C:\Users\Light\Videos\正常往返.mp4,1612,True,0.7852276563644409,79.88609313964844,42.317710876464844,105.24186706542969,63.576351165771484
normal,C:\Users\Light\Videos\正常往返.mp4,1613,True,0.7830471992492676,79.92060852050781,42.24341583251953,105.2988052368164,63.56342315673828
normal,C:\Users\Light\Videos\正常往返.mp4,1614,True,0.7736428380012512,82.54891967773438,42.777076721191406,109.26595306396484,64.38448333740234
normal,C:\Users\Light\Videos\正常往返.mp4,1615,True,0.739123523235321,86.19341278076172,42.64668655395508,111.41507720947266,64.0592041015625
normal,C:\Users\Light\Videos\正常往返.mp4,1616,True,0.7383109927177429,86.18287658691406,42.62541961669922,111.43392181396484,64.05111694335938
normal,C:\Users\Light\Videos\正常往返.mp4,1617,True,0.7975531816482544,88.38365173339844,42.54393005371094,115.08778381347656,63.88872146606445
normal,C:\Users\Light\Videos\正常往返.mp4,1618,True,0.7383802533149719,92.25239562988281,42.58241271972656,117.41796875,64.02276611328125
normal,C:\Users\Light\Videos\正常往返.mp4,1619,True,0.7853497862815857,94.94918823242188,42.50569534301758,121.93330383300781,63.933006286621094
normal,C:\Users\Light\Videos\正常往返.mp4,1620,True,0.7863995432853699,94.93648529052734,42.50764846801758,121.91658782958984,63.95203399658203
normal,C:\Users\Light\Videos\正常往返.mp4,1621,True,0.7164770364761353,99.72200012207031,41.81343460083008,124.8810043334961,63.68986511230469
normal,C:\Users\Light\Videos\正常往返.mp4,1622,True,0.8049874305725098,101.06587219238281,42.85580825805664,127.31505584716797,64.30642700195312
normal,C:\Users\Light\Videos\正常往返.mp4,1623,True,0.8050827980041504,101.06584930419922,42.8553581237793,127.31507873535156,64.30611419677734
normal,C:\Users\Light\Videos\正常往返.mp4,1624,True,0.6808381080627441,104.74115753173828,42.37831115722656,130.88221740722656,64.47554016113281
normal,C:\Users\Light\Videos\正常往返.mp4,1625,True,0.7868330478668213,107.44043731689453,42.869476318359375,134.68858337402344,63.63386154174805
normal,C:\Users\Light\Videos\正常往返.mp4,1626,True,0.7860934138298035,107.43092346191406,42.87046432495117,134.69229125976562,63.63359069824219
normal,C:\Users\Light\Videos\正常往返.mp4,1627,True,0.8045558333396912,111.6337661743164,41.664642333984375,137.781982421875,63.34098815917969
normal,C:\Users\Light\Videos\正常往返.mp4,1628,True,0.8052235245704651,111.63883972167969,41.67679214477539,137.7909393310547,63.325660705566406
normal,C:\Users\Light\Videos\正常往返.mp4,1629,True,0.7914369702339172,115.4917984008789,42.717708587646484,140.0377655029297,63.4842414855957
normal,C:\Users\Light\Videos\正常往返.mp4,1630,True,0.7575591206550598,118.02688598632812,43.02275085449219,143.92996215820312,64.59183502197266
normal,C:\Users\Light\Videos\正常往返.mp4,1631,True,0.7536414265632629,118.02686309814453,43.039310455322266,143.8647003173828,64.60346221923828
normal,C:\Users\Light\Videos\正常往返.mp4,1632,True,0.7956104874610901,121.25918579101562,42.091468811035156,146.83509826660156,62.53617477416992
normal,C:\Users\Light\Videos\正常往返.mp4,1633,True,0.8336116075515747,124.1321029663086,41.219398498535156,150.4761505126953,62.96391677856445
normal,C:\Users\Light\Videos\正常往返.mp4,1634,True,0.8336654305458069,124.11589050292969,41.193870544433594,150.4833526611328,62.93036651611328
normal,C:\Users\Light\Videos\正常往返.mp4,1635,True,0.7615419030189514,127.51366424560547,42.71553421020508,152.29229736328125,63.6263542175293
normal,C:\Users\Light\Videos\正常往返.mp4,1636,True,0.77297443151474,129.5596466064453,41.18757247924805,156.07476806640625,63.518062591552734
normal,C:\Users\Light\Videos\正常往返.mp4,1637,True,0.7717986702919006,129.57052612304688,41.192169189453125,156.0675048828125,63.528839111328125
normal,C:\Users\Light\Videos\正常往返.mp4,1638,True,0.8004465103149414,132.49087524414062,41.024375915527344,158.1585235595703,62.36764144897461
normal,C:\Users\Light\Videos\正常往返.mp4,1639,True,0.8007581830024719,132.48463439941406,41.014400482177734,158.1532745361328,62.35596466064453
normal,C:\Users\Light\Videos\正常往返.mp4,1640,True,0.7867993712425232,135.24391174316406,42.24848175048828,161.11558532714844,64.43441772460938
normal,C:\Users\Light\Videos\正常往返.mp4,1641,True,0.7625290155410767,137.73353576660156,43.336307525634766,163.13937377929688,65.34707641601562
normal,C:\Users\Light\Videos\正常往返.mp4,1642,True,0.7622276544570923,137.73516845703125,43.3315544128418,163.14605712890625,65.3399887084961
normal,C:\Users\Light\Videos\正常往返.mp4,1643,True,0.7452893853187561,140.25367736816406,41.99561309814453,165.4949493408203,63.75716781616211
normal,C:\Users\Light\Videos\正常往返.mp4,1644,True,0.8036499619483948,143.2685089111328,41.72224044799805,168.61289978027344,63.02301788330078
normal,C:\Users\Light\Videos\正常往返.mp4,1645,True,0.7568440437316895,145.3558349609375,43.02983093261719,170.8444061279297,65.01531982421875
normal,C:\Users\Light\Videos\正常往返.mp4,1646,True,0.7723422050476074,147.67733764648438,42.30105972290039,172.45394897460938,64.56494140625
normal,C:\Users\Light\Videos\正常往返.mp4,1647,True,0.7722988724708557,147.6702880859375,42.283443450927734,172.44825744628906,64.54239654541016
normal,C:\Users\Light\Videos\正常往返.mp4,1648,True,0.7782655954360962,149.2103271484375,41.166751861572266,173.7790069580078,62.664119720458984
normal,C:\Users\Light\Videos\正常往返.mp4,1649,True,0.7793760299682617,149.208251953125,41.16108322143555,173.78836059570312,62.6454963684082
normal,C:\Users\Light\Videos\正常往返.mp4,1650,True,0.81479412317276,150.7769012451172,41.81672668457031,175.58624267578125,63.36555099487305
normal,C:\Users\Light\Videos\正常往返.mp4,1651,True,0.7448326945304871,152.380615234375,42.1150016784668,176.21078491210938,63.609901428222656
normal,C:\Users\Light\Videos\正常往返.mp4,1652,True,0.7448482513427734,152.37606811523438,42.1141471862793,176.20887756347656,63.603179931640625
normal,C:\Users\Light\Videos\正常往返.mp4,1653,True,0.7658789753913879,153.011962890625,41.02970886230469,177.80511474609375,62.12093734741211
normal,C:\Users\Light\Videos\正常往返.mp4,1654,True,0.7586095929145813,154.5832061767578,40.898353576660156,178.55264282226562,62.342742919921875
normal,C:\Users\Light\Videos\正常往返.mp4,1655,True,0.761680543422699,154.5564422607422,40.890960693359375,178.5475311279297,62.34489440917969
normal,C:\Users\Light\Videos\正常往返.mp4,1656,True,0.7888126373291016,154.45724487304688,41.99205017089844,179.65872192382812,63.83692932128906
normal,C:\Users\Light\Videos\正常往返.mp4,1657,True,0.8172554969787598,155.42459106445312,41.65142059326172,180.3710479736328,63.111541748046875
normal,C:\Users\Light\Videos\正常往返.mp4,1658,True,0.8158988952636719,155.43299865722656,41.62779998779297,180.40313720703125,63.10383224487305
normal,C:\Users\Light\Videos\正常往返.mp4,1659,True,0.797766387462616,156.0017852783203,41.420135498046875,180.85427856445312,62.41311264038086
normal,C:\Users\Light\Videos\正常往返.mp4,1660,True,0.825130045413971,155.982421875,42.28754425048828,180.94244384765625,63.57070541381836
normal,C:\Users\Light\Videos\正常往返.mp4,1661,True,0.8251127004623413,155.97747802734375,42.29104232788086,180.94602966308594,63.5771598815918
normal,C:\Users\Light\Videos\正常往返.mp4,1662,True,0.8376423120498657,155.58517456054688,42.20397186279297,180.89739990234375,63.57601547241211
normal,C:\Users\Light\Videos\正常往返.mp4,1663,True,0.8376423120498657,155.5764617919922,42.20462417602539,180.89352416992188,63.5771598815918
normal,C:\Users\Light\Videos\正常往返.mp4,1664,True,0.7970103025436401,155.86090087890625,41.367515563964844,180.58370971679688,62.6845588684082
normal,C:\Users\Light\Videos\正常往返.mp4,1665,True,0.7961597442626953,155.12857055664062,41.685420989990234,179.55287170410156,63.17628860473633
normal,C:\Users\Light\Videos\正常往返.mp4,1666,True,0.7960717678070068,155.12730407714844,41.68143081665039,179.5515594482422,63.17203140258789
normal,C:\Users\Light\Videos\正常往返.mp4,1667,True,0.7589386105537415,154.3450927734375,41.16103744506836,178.31478881835938,62.883148193359375
normal,C:\Users\Light\Videos\正常往返.mp4,1668,True,0.7576379776000977,154.3519287109375,41.16213607788086,178.3140411376953,62.887115478515625
normal,C:\Users\Light\Videos\正常往返.mp4,1669,True,0.7610980868339539,152.55087280273438,41.38714599609375,177.79188537597656,63.07514572143555
normal,C:\Users\Light\Videos\正常往返.mp4,1670,True,0.7609705328941345,151.62782287597656,41.746849060058594,176.86795043945312,63.59074020385742
normal,C:\Users\Light\Videos\正常往返.mp4,1671,True,0.7618412375450134,151.636962890625,41.75339126586914,176.85665893554688,63.58115005493164
normal,C:\Users\Light\Videos\正常往返.mp4,1672,True,0.7866901755332947,151.3066864013672,41.59913635253906,175.66781616210938,63.09479904174805
normal,C:\Users\Light\Videos\正常往返.mp4,1673,True,0.787838339805603,151.2904815673828,41.608524322509766,175.65609741210938,63.11149597167969
normal,C:\Users\Light\Videos\正常往返.mp4,1674,True,0.7970854043960571,150.19195556640625,41.24716567993164,175.09815979003906,62.5591926574707
normal,C:\Users\Light\Videos\正常往返.mp4,1675,True,0.8015955090522766,148.84332275390625,41.349430084228516,173.5658721923828,62.82111358642578
normal,C:\Users\Light\Videos\正常往返.mp4,1676,True,0.801400363445282,148.8565673828125,41.34611129760742,173.58755493164062,62.789825439453125
normal,C:\Users\Light\Videos\正常往返.mp4,1677,True,0.7711979746818542,147.34735107421875,40.99766159057617,172.22482299804688,62.251102447509766
normal,C:\Users\Light\Videos\正常往返.mp4,1678,True,0.7656587958335876,146.24114990234375,41.599403381347656,170.36160278320312,62.82783508300781
normal,C:\Users\Light\Videos\正常往返.mp4,1679,True,0.7653238773345947,146.2500457763672,41.59550476074219,170.3659210205078,62.83066177368164
normal,C:\Users\Light\Videos\正常往返.mp4,1680,True,0.8111491203308105,144.76535034179688,42.39727020263672,169.5138397216797,63.42897415161133
normal,C:\Users\Light\Videos\正常往返.mp4,1681,True,0.7900654077529907,143.2270050048828,42.358970642089844,168.2488250732422,63.79717254638672
normal,C:\Users\Light\Videos\正常往返.mp4,1682,True,0.7903664112091064,143.22113037109375,42.35359191894531,168.24969482421875,63.788116455078125
normal,C:\Users\Light\Videos\正常往返.mp4,1683,True,0.7729910612106323,141.67556762695312,42.71898651123047,167.43572998046875,64.21559143066406
normal,C:\Users\Light\Videos\正常往返.mp4,1684,True,0.7730539441108704,141.6764373779297,42.72626876831055,167.4257354736328,64.21463012695312
normal,C:\Users\Light\Videos\正常往返.mp4,1685,True,0.7280155420303345,140.27383422851562,42.1723747253418,165.04776000976562,63.45804214477539
normal,C:\Users\Light\Videos\正常往返.mp4,1686,True,0.7268519997596741,139.09027099609375,42.50849914550781,164.67428588867188,64.3829116821289
normal,C:\Users\Light\Videos\正常往返.mp4,1687,True,0.7263883352279663,139.09222412109375,42.50269317626953,164.68116760253906,64.37796020507812
normal,C:\Users\Light\Videos\正常往返.mp4,1688,True,0.7440739870071411,138.48892211914062,43.01288986206055,163.976318359375,64.92759704589844
normal,C:\Users\Light\Videos\正常往返.mp4,1689,True,0.7530044317245483,139.03150939941406,42.72618103027344,162.96974182128906,64.49700927734375
normal,C:\Users\Light\Videos\正常往返.mp4,1690,True,0.752682626247406,139.0432586669922,42.724632263183594,162.98207092285156,64.48426055908203
normal,C:\Users\Light\Videos\正常往返.mp4,1691,True,0.7754666209220886,138.01617431640625,42.9870491027832,162.222412109375,64.81014251708984
normal,C:\Users\Light\Videos\正常往返.mp4,1692,True,0.778779149055481,137.0145721435547,42.70437240600586,162.1354217529297,64.85893249511719
normal,C:\Users\Light\Videos\正常往返.mp4,1693,True,0.7681087851524353,137.6873779296875,42.481807708740234,162.08168029785156,64.23870086669922
normal,C:\Users\Light\Videos\正常往返.mp4,1694,True,0.7677642703056335,137.68568420410156,42.48209762573242,162.080078125,64.2416763305664
normal,C:\Users\Light\Videos\正常往返.mp4,1695,True,0.7717534303665161,137.82408142089844,42.6739616394043,161.8585968017578,64.51803588867188
normal,C:\Users\Light\Videos\正常往返.mp4,1696,True,0.7712826132774353,137.17379760742188,42.814212799072266,162.3555908203125,64.8189697265625
normal,C:\Users\Light\Videos\正常往返.mp4,1697,True,0.7712277173995972,137.1687774658203,42.80768966674805,162.3621826171875,64.8211441040039
normal,C:\Users\Light\Videos\正常往返.mp4,1698,True,0.7574555277824402,137.541748046875,42.78709411621094,162.92800903320312,64.77105712890625
normal,C:\Users\Light\Videos\正常往返.mp4,1699,True,0.7468752861022949,138.3105010986328,42.80719757080078,163.7255096435547,64.70868682861328
normal,C:\Users\Light\Videos\正常往返.mp4,1700,True,0.7468852400779724,138.3128662109375,42.80567169189453,163.7298126220703,64.70774841308594
normal,C:\Users\Light\Videos\正常往返.mp4,1701,True,0.7261492609977722,139.18862915039062,42.579139709472656,164.67449951171875,64.37188720703125
normal,C:\Users\Light\Videos\正常往返.mp4,1702,True,0.7285138368606567,140.53330993652344,42.283958435058594,164.76026916503906,63.6588249206543
normal,C:\Users\Light\Videos\正常往返.mp4,1703,True,0.7286397218704224,140.5370330810547,42.284339904785156,164.7584686279297,63.650062561035156
normal,C:\Users\Light\Videos\正常往返.mp4,1704,True,0.7077659368515015,141.56224060058594,43.370216369628906,167.05763244628906,64.93024444580078
normal,C:\Users\Light\Videos\正常往返.mp4,1705,True,0.7409904599189758,143.26016235351562,43.21750259399414,167.42234802246094,64.65360260009766
normal,C:\Users\Light\Videos\正常往返.mp4,1706,True,0.7410954236984253,143.25820922851562,43.21477127075195,167.41879272460938,64.65104675292969
normal,C:\Users\Light\Videos\正常往返.mp4,1707,True,0.8317075967788696,143.36349487304688,42.32857894897461,168.9741668701172,63.37615203857422
normal,C:\Users\Light\Videos\正常往返.mp4,1708,True,0.8318007588386536,143.3716583251953,42.33308410644531,168.9757843017578,63.37236404418945
normal,C:\Users\Light\Videos\正常往返.mp4,1709,True,0.7828646898269653,145.4040069580078,42.62418746948242,170.09454345703125,63.82742691040039
normal,C:\Users\Light\Videos\正常往返.mp4,1710,True,0.7632743120193481,147.3101806640625,42.22822189331055,171.67721557617188,64.01667022705078
normal,C:\Users\Light\Videos\正常往返.mp4,1711,True,0.7633023858070374,147.3102264404297,42.227394104003906,171.6755828857422,64.01431274414062
normal,C:\Users\Light\Videos\正常往返.mp4,1712,True,0.8100368976593018,148.84381103515625,42.06831741333008,173.5602569580078,63.46546173095703
normal,C:\Users\Light\Videos\正常往返.mp4,1713,True,0.8136481046676636,150.54774475097656,42.665199279785156,175.10813903808594,63.876373291015625
normal,C:\Users\Light\Videos\正常往返.mp4,1714,True,0.8136827945709229,150.54722595214844,42.663944244384766,175.10995483398438,63.87726974487305
normal,C:\Users\Light\Videos\正常往返.mp4,1715,True,0.7535437941551208,154.35943603515625,42.56365203857422,178.8534698486328,64.20315551757812
normal,C:\Users\Light\Videos\正常往返.mp4,1716,True,0.7535045742988586,154.36077880859375,42.56466293334961,178.8546142578125,64.20339965820312
normal,C:\Users\Light\Videos\正常往返.mp4,1717,True,0.8064413666725159,156.5908203125,42.791038513183594,180.86209106445312,63.98724365234375
normal,C:\Users\Light\Videos\正常往返.mp4,1718,True,0.8064258098602295,156.59286499023438,42.79527282714844,180.86439514160156,63.982784271240234
normal,C:\Users\Light\Videos\正常往返.mp4,1719,True,0.7459348440170288,158.61805725097656,42.2401237487793,183.1081085205078,64.01220703125
normal,C:\Users\Light\Videos\正常往返.mp4,1720,True,0.8093072175979614,161.25796508789062,42.81974792480469,185.99679565429688,64.43351745605469
normal,C:\Users\Light\Videos\正常往返.mp4,1721,True,0.8101561069488525,161.23590087890625,42.83501052856445,186.01048278808594,64.40843963623047
normal,C:\Users\Light\Videos\正常往返.mp4,1722,True,0.7726612091064453,164.00634765625,42.358028411865234,188.04913330078125,63.10165786743164
normal,C:\Users\Light\Videos\正常往返.mp4,1723,True,0.8001605272293091,166.5998992919922,42.3402099609375,191.52342224121094,63.88773727416992
normal,C:\Users\Light\Videos\正常往返.mp4,1724,True,0.8002259731292725,166.5968780517578,42.34160232543945,191.5252227783203,63.88526916503906
normal,C:\Users\Light\Videos\正常往返.mp4,1725,True,0.752863347530365,169.7080535888672,42.41163635253906,193.68482971191406,63.40963363647461
normal,C:\Users\Light\Videos\正常往返.mp4,1726,True,0.7969038486480713,172.36434936523438,42.064483642578125,196.09242248535156,63.68825149536133
normal,C:\Users\Light\Videos\正常往返.mp4,1727,True,0.7971115708351135,172.36561584472656,42.071990966796875,196.0882110595703,63.695579528808594
normal,C:\Users\Light\Videos\正常往返.mp4,1728,True,0.7730880379676819,175.0709228515625,42.60470962524414,199.0413818359375,63.87478256225586
normal,C:\Users\Light\Videos\正常往返.mp4,1729,True,0.773028552532196,175.0729522705078,42.604530334472656,199.0421600341797,63.87321472167969
normal,C:\Users\Light\Videos\正常往返.mp4,1730,True,0.7832722663879395,177.4445343017578,42.146575927734375,202.8800048828125,63.495269775390625
normal,C:\Users\Light\Videos\正常往返.mp4,1731,True,0.8177568912506104,179.8235321044922,42.06867599487305,205.08668518066406,63.55039978027344
normal,C:\Users\Light\Videos\正常往返.mp4,1732,True,0.817912220954895,179.82427978515625,42.060001373291016,205.0947723388672,63.54204177856445
normal,C:\Users\Light\Videos\正常往返.mp4,1733,True,0.76734459400177,182.5078887939453,42.073604583740234,207.22537231445312,64.23645782470703
normal,C:\Users\Light\Videos\正常往返.mp4,1734,True,0.8299100995063782,184.51390075683594,41.61439895629883,209.83096313476562,63.32494354248047
normal,C:\Users\Light\Videos\正常往返.mp4,1735,True,0.8292446136474609,184.5018310546875,41.612247467041016,209.82669067382812,63.326419830322266
normal,C:\Users\Light\Videos\正常往返.mp4,1736,True,0.7802392244338989,186.47715759277344,40.845577239990234,211.5564422607422,62.29332733154297
normal,C:\Users\Light\Videos\正常往返.mp4,1737,True,0.7720358967781067,189.37257385253906,40.41960525512695,214.01531982421875,61.67573547363281
normal,C:\Users\Light\Videos\正常往返.mp4,1738,True,0.7720184922218323,189.3754425048828,40.42144012451172,214.00985717773438,61.67582702636719
normal,C:\Users\Light\Videos\正常往返.mp4,1739,True,0.8050835132598877,190.92117309570312,41.2773551940918,216.1420440673828,62.5570182800293
normal,C:\Users\Light\Videos\正常往返.mp4,1740,True,0.7615547180175781,192.9108428955078,40.4110221862793,217.22764587402344,61.53550720214844
normal,C:\Users\Light\Videos\正常往返.mp4,1741,True,0.7800612449645996,194.37939453125,40.4306526184082,218.81739807128906,61.59274673461914
normal,C:\Users\Light\Videos\正常往返.mp4,1742,True,0.7798252701759338,194.361083984375,40.43313980102539,218.81329345703125,61.59626388549805
normal,C:\Users\Light\Videos\正常往返.mp4,1743,True,0.768700897693634,195.71421813964844,40.27973556518555,219.93832397460938,61.325111389160156
normal,C:\Users\Light\Videos\正常往返.mp4,1744,True,0.7606682777404785,196.11183166503906,40.19374084472656,220.38583374023438,61.33360290527344
normal,C:\Users\Light\Videos\正常往返.mp4,1745,True,0.7604125142097473,196.1082000732422,40.19170379638672,220.380859375,61.34093475341797
normal,C:\Users\Light\Videos\正常往返.mp4,1746,True,0.7408164143562317,196.30670166015625,40.38663864135742,220.3341827392578,61.562538146972656
normal,C:\Users\Light\Videos\正常往返.mp4,1747,True,0.7622475624084473,196.13693237304688,40.50667190551758,220.4510498046875,61.85688781738281
normal,C:\Users\Light\Videos\正常往返.mp4,1748,True,0.7620368599891663,196.14068603515625,40.50736618041992,220.45506286621094,61.86004638671875
normal,C:\Users\Light\Videos\正常往返.mp4,1749,True,0.7557693123817444,195.82969665527344,40.5200080871582,220.13677978515625,61.7756462097168
normal,C:\Users\Light\Videos\正常往返.mp4,1750,True,0.7754296064376831,195.30848693847656,40.34528732299805,219.40924072265625,61.50845718383789
normal,C:\Users\Light\Videos\正常往返.mp4,1751,True,0.775444507598877,195.30906677246094,40.34535598754883,219.4094696044922,61.50821304321289
normal,C:\Users\Light\Videos\正常往返.mp4,1752,True,0.77774578332901,193.94039916992188,40.604339599609375,218.3684539794922,61.86343002319336
normal,C:\Users\Light\Videos\正常往返.mp4,1753,True,0.7777133584022522,193.95095825195312,40.603668212890625,218.3755645751953,61.86455154418945
normal,C:\Users\Light\Videos\正常往返.mp4,1754,True,0.7704193592071533,192.52398681640625,40.58860778808594,217.15728759765625,61.85858917236328
normal,C:\Users\Light\Videos\正常往返.mp4,1755,True,0.7988753914833069,191.1096954345703,41.15462875366211,216.20582580566406,62.555763244628906
normal,C:\Users\Light\Videos\正常往返.mp4,1756,True,0.7978726625442505,191.10806274414062,41.14055633544922,216.20504760742188,62.53519058227539
normal,C:\Users\Light\Videos\正常往返.mp4,1757,True,0.7499528527259827,190.02809143066406,40.66070556640625,213.93531799316406,61.86995315551758
normal,C:\Users\Light\Videos\正常往返.mp4,1758,True,0.7976017594337463,187.05633544921875,41.11955642700195,211.9108123779297,62.26923370361328
normal,C:\Users\Light\Videos\正常往返.mp4,1759,True,0.7975776791572571,187.05673217773438,41.12020492553711,211.9097137451172,62.26876449584961
normal,C:\Users\Light\Videos\正常往返.mp4,1760,True,0.8050212860107422,185.1528778076172,41.157901763916016,210.3228759765625,62.83263397216797
normal,C:\Users\Light\Videos\正常往返.mp4,1761,True,0.7687840461730957,183.7930908203125,40.62522888183594,207.5825653076172,61.99861526489258
normal,C:\Users\Light\Videos\正常往返.mp4,1762,True,0.7688381671905518,183.789794921875,40.62789535522461,207.58297729492188,62.00244903564453
normal,C:\Users\Light\Videos\正常往返.mp4,1763,True,0.773140013217926,180.47708129882812,41.0388069152832,205.02001953125,62.39265441894531
normal,C:\Users\Light\Videos\正常往返.mp4,1764,True,0.7544728517532349,177.98321533203125,40.875003814697266,202.5714569091797,62.69092559814453
normal,C:\Users\Light\Videos\正常往返.mp4,1765,True,0.7787504196166992,174.29530334472656,41.2099609375,199.18951416015625,62.638885498046875
normal,C:\Users\Light\Videos\正常往返.mp4,1766,True,0.7792483568191528,174.28729248046875,41.206241607666016,199.21192932128906,62.64148712158203
normal,C:\Users\Light\Videos\正常往返.mp4,1767,True,0.7519787549972534,171.4364013671875,41.051761627197266,195.9303741455078,63.03160095214844
normal,C:\Users\Light\Videos\正常往返.mp4,1768,True,0.780521035194397,168.87222290039062,41.44510269165039,193.1383514404297,62.51279830932617
normal,C:\Users\Light\Videos\正常往返.mp4,1769,True,0.780362069606781,168.87655639648438,41.44718551635742,193.13644409179688,62.51362991333008
normal,C:\Users\Light\Videos\正常往返.mp4,1770,True,0.796274721622467,165.5133056640625,42.105159759521484,191.20449829101562,63.57688903808594
normal,C:\Users\Light\Videos\正常往返.mp4,1771,True,0.8096669912338257,162.5975799560547,42.818626403808594,187.0244903564453,64.04978942871094
normal,C:\Users\Light\Videos\正常往返.mp4,1772,True,0.810585618019104,162.5846710205078,42.824588775634766,187.02760314941406,64.03410339355469
normal,C:\Users\Light\Videos\正常往返.mp4,1773,True,0.7597461938858032,158.90301513671875,42.76374053955078,184.55271911621094,64.34846496582031
normal,C:\Users\Light\Videos\正常往返.mp4,1774,True,0.7591487765312195,158.91033935546875,42.762351989746094,184.54458618164062,64.35304260253906
normal,C:\Users\Light\Videos\正常往返.mp4,1775,True,0.7653105854988098,157.03091430664062,43.04737854003906,181.01016235351562,64.32148742675781
normal,C:\Users\Light\Videos\正常往返.mp4,1776,True,0.7461548447608948,154.00787353515625,42.67001724243164,178.91241455078125,64.45272827148438
normal,C:\Users\Light\Videos\正常往返.mp4,1777,True,0.7455775141716003,154.03775024414062,42.697357177734375,178.9054718017578,64.46832275390625
normal,C:\Users\Light\Videos\正常往返.mp4,1778,True,0.7458819150924683,151.8309783935547,42.81291198730469,175.87669372558594,63.91597366333008
normal,C:\Users\Light\Videos\正常往返.mp4,1779,True,0.7645735740661621,149.43927001953125,42.85293960571289,174.00381469726562,64.68862915039062
normal,C:\Users\Light\Videos\正常往返.mp4,1780,True,0.7634857892990112,149.44505310058594,42.85002517700195,173.9761505126953,64.66594696044922
normal,C:\Users\Light\Videos\正常往返.mp4,1781,True,0.7498156428337097,147.266357421875,42.345211029052734,171.8059844970703,64.10443115234375
normal,C:\Users\Light\Videos\正常往返.mp4,1782,True,0.7867534160614014,145.1514892578125,42.825889587402344,169.69007873535156,63.91451644897461
normal,C:\Users\Light\Videos\正常往返.mp4,1783,True,0.7867621183395386,145.1514434814453,42.824363708496094,169.6912384033203,63.915279388427734
normal,C:\Users\Light\Videos\正常往返.mp4,1784,True,0.7879632711410522,143.54449462890625,43.0560302734375,168.32208251953125,64.48249053955078
normal,C:\Users\Light\Videos\正常往返.mp4,1785,True,0.7876779437065125,143.55494689941406,43.058292388916016,168.316162109375,64.489501953125
normal,C:\Users\Light\Videos\正常往返.mp4,1786,True,0.7597231268882751,142.521484375,43.223690032958984,167.52650451660156,64.71029663085938
normal,C:\Users\Light\Videos\正常往返.mp4,1787,True,0.6952539682388306,141.4159698486328,43.52231979370117,166.98406982421875,64.99395751953125
normal,C:\Users\Light\Videos\正常往返.mp4,1788,True,0.6792106032371521,140.9884490966797,43.62189483642578,166.36582946777344,64.94355773925781
normal,C:\Users\Light\Videos\正常往返.mp4,1789,True,0.6675586104393005,139.92514038085938,42.864593505859375,165.6002960205078,64.45169830322266
normal,C:\Users\Light\Videos\正常往返.mp4,1790,True,0.6679983139038086,139.9334716796875,42.8632926940918,165.60459899902344,64.45313262939453
normal,C:\Users\Light\Videos\正常往返.mp4,1791,True,0.688159167766571,139.8035125732422,42.602291107177734,165.51318359375,64.33775329589844
normal,C:\Users\Light\Videos\正常往返.mp4,1792,True,0.6595081686973572,141.2040252685547,42.83325958251953,164.4528350830078,63.58213424682617
normal,C:\Users\Light\Videos\正常往返.mp4,1793,True,0.6595265865325928,141.1943359375,42.840431213378906,164.43540954589844,63.578548431396484
normal,C:\Users\Light\Videos\正常往返.mp4,1794,True,0.6846297979354858,140.8468017578125,43.139625549316406,165.94349670410156,64.34748077392578
normal,C:\Users\Light\Videos\正常往返.mp4,1795,True,0.6909434795379639,141.31727600097656,43.34556198120117,166.7194061279297,64.70124816894531
normal,C:\Users\Light\Videos\正常往返.mp4,1796,True,0.6899449229240417,141.3018798828125,43.34117126464844,166.7148895263672,64.69075775146484
normal,C:\Users\Light\Videos\正常往返.mp4,1797,True,0.7622953653335571,142.22039794921875,43.08816909790039,167.25221252441406,64.55425262451172
normal,C:\Users\Light\Videos\正常往返.mp4,1798,True,0.7627066373825073,142.224853515625,43.08103942871094,167.25469970703125,64.5528564453125
normal,C:\Users\Light\Videos\正常往返.mp4,1799,True,0.7494486570358276,142.7345733642578,42.764549255371094,167.6360626220703,64.49297332763672
normal,C:\Users\Light\Videos\正常往返.mp4,1800,True,0.7801452279090881,144.1189727783203,43.23148727416992,168.56912231445312,64.83907318115234
normal,C:\Users\Light\Videos\正常往返.mp4,1801,True,0.7800633907318115,144.1269989013672,43.23234176635742,168.55079650878906,64.85256958007812
normal,C:\Users\Light\Videos\正常往返.mp4,1802,True,0.7575674057006836,145.65586853027344,42.98086166381836,169.61805725097656,64.08454895019531
normal,C:\Users\Light\Videos\正常往返.mp4,1803,True,0.7423181533813477,146.81619262695312,42.08494567871094,171.388427734375,63.81745529174805
normal,C:\Users\Light\Videos\正常往返.mp4,1804,True,0.7422122359275818,146.80892944335938,42.091064453125,171.37188720703125,63.816131591796875
normal,C:\Users\Light\Videos\正常往返.mp4,1805,True,0.8200016617774963,148.37608337402344,42.96891784667969,173.45352172851562,64.35350799560547
normal,C:\Users\Light\Videos\正常往返.mp4,1806,True,0.7484973073005676,150.09197998046875,43.45037841796875,174.71937561035156,64.92144012451172
normal,C:\Users\Light\Videos\正常往返.mp4,1807,True,0.7481784224510193,150.08958435058594,43.44829559326172,174.7194366455078,64.9159927368164
normal,C:\Users\Light\Videos\正常往返.mp4,1808,True,0.7137588262557983,151.9044647216797,42.81322479248047,176.73324584960938,64.25801849365234
normal,C:\Users\Light\Videos\正常往返.mp4,1809,True,0.7137159705162048,151.90147399902344,42.802825927734375,176.74388122558594,64.25595092773438
normal,C:\Users\Light\Videos\正常往返.mp4,1810,True,0.7769052982330322,155.86972045898438,43.472835540771484,180.79339599609375,65.36764526367188
normal,C:\Users\Light\Videos\正常往返.mp4,1811,True,0.7771856784820557,155.86981201171875,43.47418212890625,180.797119140625,65.37445831298828
normal,C:\Users\Light\Videos\正常往返.mp4,1812,True,0.7463623285293579,158.31134033203125,42.8657112121582,183.47216796875,64.3928451538086
normal,C:\Users\Light\Videos\正常往返.mp4,1813,True,0.7803889513015747,161.27581787109375,43.47323989868164,186.07247924804688,65.18750762939453
normal,C:\Users\Light\Videos\正常往返.mp4,1814,True,0.7809659242630005,161.26869201660156,43.469024658203125,186.06484985351562,65.18467712402344
normal,C:\Users\Light\Videos\正常往返.mp4,1815,True,0.6990965008735657,164.0044708251953,43.05564880371094,189.05038452148438,64.47023010253906
normal,C:\Users\Light\Videos\正常往返.mp4,1816,True,0.8025327324867249,166.91552734375,42.9468879699707,192.04205322265625,64.45433807373047
normal,C:\Users\Light\Videos\正常往返.mp4,1817,True,0.802335798740387,166.91354370117188,42.94596862792969,192.04440307617188,64.45677947998047
normal,C:\Users\Light\Videos\正常往返.mp4,1818,True,0.7531169056892395,170.2467803955078,43.2006721496582,194.6307830810547,65.13726043701172
normal,C:\Users\Light\Videos\正常往返.mp4,1819,True,0.753412663936615,170.24526977539062,43.186397552490234,194.62600708007812,65.12065124511719
normal,C:\Users\Light\Videos\正常往返.mp4,1820,True,0.8009065389633179,172.5232391357422,43.143524169921875,197.38294982910156,64.914306640625
normal,C:\Users\Light\Videos\正常往返.mp4,1821,True,0.7117061614990234,175.31056213378906,42.64377212524414,200.80795288085938,64.25059509277344
normal,C:\Users\Light\Videos\正常往返.mp4,1822,True,0.7118204832077026,175.31790161132812,42.644737243652344,200.8162078857422,64.24671936035156
normal,C:\Users\Light\Videos\正常往返.mp4,1823,True,0.8012313842773438,178.89178466796875,43.219566345214844,204.28285217285156,64.58112335205078
normal,C:\Users\Light\Videos\正常往返.mp4,1824,True,0.7583260536193848,182.36607360839844,42.12615966796875,207.18592834472656,64.27188873291016
normal,C:\Users\Light\Videos\正常往返.mp4,1825,True,0.7584792971611023,182.36831665039062,42.1321907043457,207.18447875976562,64.2769775390625
normal,C:\Users\Light\Videos\正常往返.mp4,1826,True,0.8188247084617615,185.12803649902344,42.47465896606445,210.25949096679688,64.15924835205078
normal,C:\Users\Light\Videos\正常往返.mp4,1827,True,0.7421026229858398,187.4529571533203,41.545101165771484,213.56138610839844,63.26407241821289
normal,C:\Users\Light\Videos\正常往返.mp4,1828,True,0.741979718208313,187.45359802246094,41.545753479003906,213.5607452392578,63.261810302734375
normal,C:\Users\Light\Videos\正常往返.mp4,1829,True,0.8428271412849426,190.7823944091797,42.38393783569336,216.7563934326172,63.523170471191406
normal,C:\Users\Light\Videos\正常往返.mp4,1830,True,0.8427749276161194,190.80677795410156,42.4456787109375,216.72384643554688,63.53977584838867
normal,C:\Users\Light\Videos\正常往返.mp4,1831,True,0.771229088306427,193.9810791015625,40.67247009277344,219.4070587158203,61.877685546875
normal,C:\Users\Light\Videos\正常往返.mp4,1832,True,0.772054135799408,197.3777618408203,40.67897033691406,222.60244750976562,61.976295471191406
normal,C:\Users\Light\Videos\正常往返.mp4,1833,True,0.7719693183898926,197.3564453125,40.68329620361328,222.59445190429688,61.98124694824219
normal,C:\Users\Light\Videos\正常往返.mp4,1834,True,0.7598749399185181,200.28636169433594,40.19401168823242,224.5505828857422,61.303123474121094
normal,C:\Users\Light\Videos\正常往返.mp4,1835,True,0.7780564427375793,202.13421630859375,40.884437561035156,226.59449768066406,61.87239456176758
normal,C:\Users\Light\Videos\正常往返.mp4,1836,True,0.7696832418441772,204.2803955078125,40.87305450439453,228.9803924560547,61.734745025634766
normal,C:\Users\Light\Videos\正常往返.mp4,1837,True,0.7627914547920227,205.48904418945312,40.763797760009766,231.07467651367188,61.92992401123047
normal,C:\Users\Light\Videos\正常往返.mp4,1838,True,0.7629995942115784,205.4879608154297,40.763572692871094,231.07485961914062,61.935752868652344
normal,C:\Users\Light\Videos\正常往返.mp4,1839,True,0.8006488680839539,207.36782836914062,41.5621337890625,232.38426208496094,62.658203125
normal,C:\Users\Light\Videos\正常往返.mp4,1840,True,0.8171069025993347,208.46371459960938,41.28284454345703,234.55850219726562,62.787742614746094
normal,C:\Users\Light\Videos\正常往返.mp4,1841,True,0.8175258636474609,208.4582061767578,41.30057144165039,234.5670166015625,62.79865646362305
normal,C:\Users\Light\Videos\正常往返.mp4,1842,True,0.7724534869194031,209.62841796875,40.777469635009766,234.948974609375,62.319480895996094
normal,C:\Users\Light\Videos\正常往返.mp4,1843,True,0.7744469046592712,209.6116943359375,40.803218841552734,234.9529266357422,62.35163879394531
normal,C:\Users\Light\Videos\正常往返.mp4,1844,True,0.7743550539016724,210.8895263671875,40.65720748901367,235.53285217285156,62.66551208496094
normal,C:\Users\Light\Videos\正常往返.mp4,1845,True,0.7833700180053711,211.31040954589844,40.59587097167969,235.78619384765625,62.5695686340332
normal,C:\Users\Light\Videos\正常往返.mp4,1846,True,0.7831951379776001,211.30404663085938,40.585201263427734,235.7823486328125,62.55549240112305
normal,C:\Users\Light\Videos\正常往返.mp4,1847,True,0.7790578603744507,211.2897186279297,40.599815368652344,235.82252502441406,62.54644012451172
normal,C:\Users\Light\Videos\正常往返.mp4,1848,True,0.7829613089561462,211.33387756347656,40.61473846435547,235.8761749267578,62.63536834716797
normal,C:\Users\Light\Videos\正常往返.mp4,1849,True,0.7830448150634766,211.32733154296875,40.61391067504883,235.87156677246094,62.637542724609375
normal,C:\Users\Light\Videos\正常往返.mp4,1850,True,0.7785325050354004,211.1132354736328,40.53004837036133,235.67288208007812,62.468292236328125
normal,C:\Users\Light\Videos\正常往返.mp4,1851,True,0.7762049436569214,210.372802734375,40.621463775634766,234.9915313720703,62.674766540527344
normal,C:\Users\Light\Videos\正常往返.mp4,1852,True,0.7760301232337952,210.36041259765625,40.62262725830078,234.98052978515625,62.67687225341797
normal,C:\Users\Light\Videos\正常往返.mp4,1853,True,0.7693861722946167,209.75733947753906,40.72188949584961,234.48333740234375,62.77581787109375
normal,C:\Users\Light\Videos\正常往返.mp4,1854,True,0.7693726420402527,209.75718688964844,40.72307586669922,234.4811553955078,62.775482177734375
normal,C:\Users\Light\Videos\正常往返.mp4,1855,True,0.7598375678062439,208.40003967285156,40.740535736083984,233.5802764892578,62.25049591064453
normal,C:\Users\Light\Videos\正常往返.mp4,1856,True,0.7355327606201172,207.88467407226562,40.20714569091797,231.6905975341797,61.00106430053711
normal,C:\Users\Light\Videos\正常往返.mp4,1857,True,0.7362341284751892,207.88043212890625,40.20458984375,231.68617248535156,60.99559783935547
normal,C:\Users\Light\Videos\正常往返.mp4,1858,True,0.746865451335907,206.9602508544922,40.19053649902344,230.64585876464844,61.4174919128418
normal,C:\Users\Light\Videos\正常往返.mp4,1859,True,0.7664815187454224,204.50909423828125,40.88152313232422,228.90052795410156,61.605342864990234
normal,C:\Users\Light\Videos\正常往返.mp4,1860,True,0.7982118725776672,202.8917236328125,41.09902572631836,227.71734619140625,61.712669372558594
normal,C:\Users\Light\Videos\正常往返.mp4,1861,True,0.7492636442184448,200.8155975341797,41.025001525878906,225.49366760253906,62.480594635009766
normal,C:\Users\Light\Videos\正常往返.mp4,1862,True,0.7491459846496582,200.81744384765625,41.01841354370117,225.5012969970703,62.475128173828125
normal,C:\Users\Light\Videos\正常往返.mp4,1863,True,0.773094654083252,199.1603240966797,40.56324005126953,223.66268920898438,62.4733772277832
normal,C:\Users\Light\Videos\正常往返.mp4,1864,True,0.7718912363052368,199.12423706054688,40.577022552490234,223.64498901367188,62.48666763305664
normal,C:\Users\Light\Videos\正常往返.mp4,1865,True,0.7937246561050415,196.6090545654297,40.96247482299805,221.7264862060547,62.40134811401367
normal,C:\Users\Light\Videos\正常往返.mp4,1866,True,0.7858728766441345,194.04193115234375,40.59636306762695,219.00027465820312,61.47822570800781
normal,C:\Users\Light\Videos\正常往返.mp4,1867,True,0.7858523726463318,194.041259765625,40.59551239013672,219.00009155273438,61.47526550292969
normal,C:\Users\Light\Videos\正常往返.mp4,1868,True,0.8081726431846619,191.04837036132812,41.25178146362305,216.6267547607422,62.60163879394531
normal,C:\Users\Light\Videos\正常往返.mp4,1869,True,0.7584393620491028,189.07870483398438,40.67695236206055,213.51235961914062,61.84846115112305
normal,C:\Users\Light\Videos\正常往返.mp4,1870,True,0.7575671672821045,189.08836364746094,40.679710388183594,213.5103302001953,61.85811996459961
normal,C:\Users\Light\Videos\正常往返.mp4,1871,True,0.7784722447395325,186.1569061279297,40.97567367553711,210.875732421875,62.320377349853516
normal,C:\Users\Light\Videos\正常往返.mp4,1872,True,0.7725380063056946,183.78903198242188,41.191226959228516,207.68930053710938,62.864479064941406
normal,C:\Users\Light\Videos\正常往返.mp4,1873,True,0.7725382447242737,183.78871154785156,41.19420623779297,207.68368530273438,62.86418914794922
normal,C:\Users\Light\Videos\正常往返.mp4,1874,True,0.7727269530296326,181.11383056640625,41.33562469482422,205.7157440185547,62.241825103759766
normal,C:\Users\Light\Videos\正常往返.mp4,1875,True,0.7726643085479736,181.1029510498047,41.32661437988281,205.71890258789062,62.22627258300781
normal,C:\Users\Light\Videos\正常往返.mp4,1876,True,0.8006077408790588,178.41067504882812,42.119346618652344,203.46551513671875,63.31685256958008
normal,C:\Users\Light\Videos\正常往返.mp4,1877,True,0.7096450924873352,176.49078369140625,43.27888870239258,201.261474609375,64.58477020263672
normal,C:\Users\Light\Videos\正常往返.mp4,1878,True,0.7102433443069458,176.48854064941406,43.2787971496582,201.26490783691406,64.59131622314453
normal,C:\Users\Light\Videos\正常往返.mp4,1879,True,0.7427874803543091,174.67620849609375,43.978660583496094,198.74671936035156,65.26284790039062
normal,C:\Users\Light\Videos\正常往返.mp4,1880,True,0.7689977288246155,172.97561645507812,43.488075256347656,196.63760375976562,65.00852966308594
normal,C:\Users\Light\Videos\正常往返.mp4,1881,True,0.7687754034996033,172.97372436523438,43.49482345581055,196.63778686523438,65.01800537109375
normal,C:\Users\Light\Videos\正常往返.mp4,1882,True,0.7594591379165649,170.9167022705078,43.14267349243164,195.04913330078125,64.77316284179688
normal,C:\Users\Light\Videos\正常往返.mp4,1883,True,0.7593870162963867,170.91839599609375,43.1353645324707,195.0564422607422,64.76935577392578
normal,C:\Users\Light\Videos\正常往返.mp4,1884,True,0.7500351071357727,170.35601806640625,43.20795822143555,194.1968994140625,64.56745147705078
normal,C:\Users\Light\Videos\正常往返.mp4,1885,True,0.7446780800819397,170.1851806640625,43.31178665161133,194.06919860839844,64.71359252929688
normal,C:\Users\Light\Videos\正常往返.mp4,1886,True,0.7448957562446594,170.18173217773438,43.30549240112305,194.07489013671875,64.71487426757812
normal,C:\Users\Light\Videos\正常往返.mp4,1887,True,0.74756920337677,170.13316345214844,43.29146194458008,193.96998596191406,64.6786117553711
normal,C:\Users\Light\Videos\正常往返.mp4,1888,True,0.7475250959396362,170.13429260253906,43.290767669677734,193.9729461669922,64.67979431152344
normal,C:\Users\Light\Videos\正常往返.mp4,1889,True,0.7393953800201416,170.4735107421875,43.31338119506836,194.3873748779297,64.7007064819336
normal,C:\Users\Light\Videos\正常往返.mp4,1890,True,0.7565948367118835,171.64300537109375,43.38959884643555,195.54481506347656,64.82892608642578
normal,C:\Users\Light\Videos\正常往返.mp4,1891,True,0.7572560906410217,171.63400268554688,43.381710052490234,195.53408813476562,64.82892608642578
normal,C:\Users\Light\Videos\正常往返.mp4,1892,True,0.7683841586112976,172.70046997070312,43.38496017456055,196.30023193359375,64.79219055175781
normal,C:\Users\Light\Videos\正常往返.mp4,1893,True,0.754177451133728,174.48110961914062,43.74421691894531,197.6348419189453,64.9115982055664
normal,C:\Users\Light\Videos\正常往返.mp4,1894,True,0.7521525025367737,174.50576782226562,43.74459457397461,197.61842346191406,64.91807556152344
normal,C:\Users\Light\Videos\正常往返.mp4,1895,True,0.6623262763023376,176.6299591064453,43.83320999145508,198.7792205810547,64.15949249267578
normal,C:\Users\Light\Videos\正常往返.mp4,1896,True,0.7445119023323059,178.28652954101562,43.67487335205078,202.54689025878906,65.29869079589844
normal,C:\Users\Light\Videos\正常往返.mp4,1897,True,0.7446415424346924,178.2870330810547,43.67621994018555,202.54515075683594,65.29483032226562
normal,C:\Users\Light\Videos\正常往返.mp4,1898,True,0.7597688436508179,180.9753875732422,43.672340393066406,204.5438995361328,64.18943786621094
normal,C:\Users\Light\Videos\正常往返.mp4,1899,True,0.7596155405044556,180.9761962890625,43.671356201171875,204.54356384277344,64.18907928466797
normal,C:\Users\Light\Videos\正常往返.mp4,1900,True,0.7869294881820679,183.4041290283203,43.505332946777344,208.3168487548828,64.52198028564453
normal,C:\Users\Light\Videos\正常往返.mp4,1901,True,0.7598139643669128,187.12728881835938,43.483795166015625,210.5450439453125,63.36656188964844
normal,C:\Users\Light\Videos\正常往返.mp4,1902,True,0.7597516179084778,187.12826538085938,43.48527526855469,210.54310607910156,63.36933898925781
normal,C:\Users\Light\Videos\正常往返.mp4,1903,True,0.8122104406356812,190.11634826660156,43.61223602294922,215.2684783935547,64.44434356689453
normal,C:\Users\Light\Videos\正常往返.mp4,1904,True,0.6536040306091309,194.58740234375,43.919921875,219.34767150878906,64.47897338867188
normal,C:\Users\Light\Videos\正常往返.mp4,1905,True,0.6533217430114746,194.58656311035156,43.91897964477539,219.34536743164062,64.47467041015625
normal,C:\Users\Light\Videos\正常往返.mp4,1906,True,0.6851280927658081,199.47976684570312,43.9683723449707,222.6744842529297,63.4601936340332
normal,C:\Users\Light\Videos\正常往返.mp4,1907,True,0.684913694858551,199.47808837890625,43.963016510009766,222.6785430908203,63.45914077758789
normal,C:\Users\Light\Videos\正常往返.mp4,1908,True,0.7814022898674011,204.03541564941406,43.85035705566406,227.8705596923828,63.82809829711914
normal,C:\Users\Light\Videos\正常往返.mp4,1909,True,0.4498063325881958,209.18045043945312,43.48126220703125,234.2698211669922,64.49320220947266
normal,C:\Users\Light\Videos\正常往返.mp4,1910,True,0.4358745813369751,209.16400146484375,43.49957275390625,234.26901245117188,64.48179626464844
normal,C:\Users\Light\Videos\正常往返.mp4,1911,True,0.30852416157722473,217.87818908691406,43.89170455932617,243.73939514160156,62.89016342163086
normal,C:\Users\Light\Videos\正常往返.mp4,1912,True,0.31330743432044983,217.89157104492188,43.92854690551758,243.68881225585938,62.914588928222656
normal,C:\Users\Light\Videos\正常往返.mp4,1913,True,0.5005561709403992,225.25865173339844,45.097232818603516,250.0908203125,64.92321014404297
normal,C:\Users\Light\Videos\正常往返.mp4,1914,True,0.5110659003257751,225.2531280517578,45.051761627197266,250.06764221191406,64.91215515136719
normal,C:\Users\Light\Videos\正常往返.mp4,1915,True,0.41014546155929565,233.78062438964844,42.86324691772461,258.20294189453125,63.509254455566406
normal,C:\Users\Light\Videos\正常往返.mp4,1916,True,0.40956491231918335,233.77540588378906,42.86049270629883,258.2054443359375,63.514835357666016
normal,C:\Users\Light\Videos\正常往返.mp4,1917,True,0.5040029883384705,241.8043212890625,43.14509201049805,267.2220458984375,63.060218811035156
normal,C:\Users\Light\Videos\正常往返.mp4,1918,True,0.5080735683441162,241.79824829101562,43.1319580078125,267.2176818847656,63.080970764160156
normal,C:\Users\Light\Videos\正常往返.mp4,1919,True,0.5767296552658081,249.259521484375,43.59114456176758,275.8475646972656,61.459712982177734
normal,C:\Users\Light\Videos\正常往返.mp4,1920,True,0.5806965231895447,249.25914001464844,43.579490661621094,275.8331298828125,61.459712982177734
normal,C:\Users\Light\Videos\正常往返.mp4,1921,True,0.5807088613510132,249.25906372070312,43.579402923583984,275.8331604003906,61.45980453491211
normal,C:\Users\Light\Videos\正常往返.mp4,1922,True,0.6273877024650574,257.99786376953125,41.7088623046875,282.1120300292969,62.077728271484375
normal,C:\Users\Light\Videos\正常往返.mp4,1923,True,0.6257399916648865,257.9983215332031,41.713478088378906,282.1070556640625,62.075531005859375
normal,C:\Users\Light\Videos\正常往返.mp4,1924,True,0.5789058804512024,265.18524169921875,42.684696197509766,291.2968444824219,64.03679656982422
normal,C:\Users\Light\Videos\正常往返.mp4,1925,True,0.5416272282600403,265.2826232910156,43.25537872314453,290.8829650878906,63.56696319580078
normal,C:\Users\Light\Videos\正常往返.mp4,1926,True,0.6394209265708923,272.6773986816406,43.46306610107422,300.2196044921875,62.660221099853516
normal,C:\Users\Light\Videos\正常往返.mp4,1927,True,0.6518007516860962,272.65521240234375,43.4279899597168,300.1925354003906,62.673152923583984
normal,C:\Users\Light\Videos\正常往返.mp4,1928,True,0.1927064210176468,283.541015625,42.85022735595703,308.855712890625,62.37113952636719
normal,C:\Users\Light\Videos\正常往返.mp4,1929,True,0.1913166642189026,283.5445861816406,42.841487884521484,308.85888671875,62.36692428588867
normal,C:\Users\Light\Videos\正常往返.mp4,1930,True,0.2125757485628128,289.39349365234375,43.671669006347656,315.2840576171875,62.71427917480469
normal,C:\Users\Light\Videos\正常往返.mp4,1931,True,0.32140350341796875,298.2679748535156,42.22235107421875,324.1020202636719,62.18552780151367
normal,C:\Users\Light\Videos\正常往返.mp4,1932,True,0.32082700729370117,298.2649841308594,42.227596282958984,324.0993347167969,62.1865119934082
normal,C:\Users\Light\Videos\正常往返.mp4,1933,True,0.3851395547389984,306.7442626953125,41.325626373291016,332.3482360839844,61.324214935302734
normal,C:\Users\Light\Videos\正常往返.mp4,1934,True,0.3844631016254425,306.7455749511719,41.33302307128906,332.3521728515625,61.32726287841797
normal,C:\Users\Light\Videos\正常往返.mp4,1935,True,0.6519495844841003,314.2483825683594,42.21428298950195,340.6692810058594,61.21363830566406
normal,C:\Users\Light\Videos\正常往返.mp4,1936,True,0.6564501523971558,314.2961120605469,42.1265869140625,340.6446838378906,61.17927932739258
normal,C:\Users\Light\Videos\正常往返.mp4,1937,True,0.8047977685928345,320.9029541015625,41.40384292602539,346.6813659667969,62.171363830566406
normal,C:\Users\Light\Videos\正常往返.mp4,1938,True,0.8047327995300293,320.9049072265625,41.40196228027344,346.6860046386719,62.169212341308594
normal,C:\Users\Light\Videos\正常往返.mp4,1939,True,0.7874428629875183,327.3696594238281,41.13595962524414,352.6449279785156,62.23969650268555
normal,C:\Users\Light\Videos\正常往返.mp4,1940,True,0.7892774939537048,327.3538818359375,41.1202278137207,352.62738037109375,62.235660552978516
normal,C:\Users\Light\Videos\正常往返.mp4,1941,True,0.7940553426742554,333.3012390136719,41.06915283203125,358.4006042480469,61.95737838745117
normal,C:\Users\Light\Videos\正常往返.mp4,1942,True,0.7940542101860046,333.3013000488281,41.06919860839844,358.40057373046875,61.95733642578125
normal,C:\Users\Light\Videos\正常往返.mp4,1943,True,0.7963952422142029,333.3004455566406,41.08165740966797,358.4039001464844,61.952762603759766
normal,C:\Users\Light\Videos\正常往返.mp4,1944,True,0.774940550327301,338.9313659667969,40.56839370727539,364.45458984375,61.61031723022461
normal,C:\Users\Light\Videos\正常往返.mp4,1945,True,0.7734981179237366,338.9666748046875,40.56808090209961,364.4709777832031,61.59171676635742
normal,C:\Users\Light\Videos\正常往返.mp4,1946,True,0.8087687492370605,344.3754577636719,41.45693588256836,370.00909423828125,62.592044830322266
normal,C:\Users\Light\Videos\正常往返.mp4,1947,True,0.8090426325798035,344.3711242675781,41.45583724975586,370.0131530761719,62.590858459472656
normal,C:\Users\Light\Videos\正常往返.mp4,1948,True,0.7952001690864563,348.6893310546875,40.503265380859375,374.74005126953125,61.814754486083984
normal,C:\Users\Light\Videos\正常往返.mp4,1949,True,0.7949671745300293,348.6894836425781,40.499412536621094,374.7388916015625,61.81367874145508
normal,C:\Users\Light\Videos\正常往返.mp4,1950,True,0.7006534934043884,351.7688293457031,40.859336853027344,377.91796875,60.80377960205078
normal,C:\Users\Light\Videos\正常往返.mp4,1951,True,0.698286771774292,351.79254150390625,40.8839225769043,377.93792724609375,60.80474090576172
normal,C:\Users\Light\Videos\正常往返.mp4,1952,True,0.7428983449935913,356.06121826171875,41.0825309753418,382.2537536621094,61.5370979309082
normal,C:\Users\Light\Videos\正常往返.mp4,1953,True,0.7428224086761475,356.0412902832031,41.10821533203125,382.2556457519531,61.567848205566406
normal,C:\Users\Light\Videos\正常往返.mp4,1954,True,0.6063934564590454,359.1632995605469,40.73396682739258,385.5100402832031,60.63300323486328
normal,C:\Users\Light\Videos\正常往返.mp4,1955,True,0.7002038359642029,362.4770202636719,41.31522750854492,388.0457458496094,61.8089714050293
normal,C:\Users\Light\Videos\正常往返.mp4,1956,True,0.7002739906311035,362.4768981933594,41.31574249267578,388.045166015625,61.80912780761719
normal,C:\Users\Light\Videos\正常往返.mp4,1957,True,0.615381121635437,363.4856872558594,41.27479934692383,390.5492858886719,60.7407112121582
normal,C:\Users\Light\Videos\正常往返.mp4,1958,True,0.6182725429534912,363.4878234863281,41.25973892211914,390.5439147949219,60.743446350097656
normal,C:\Users\Light\Videos\正常往返.mp4,1959,True,0.765777051448822,365.7986755371094,39.53083801269531,391.8010559082031,60.8150749206543
normal,C:\Users\Light\Videos\正常往返.mp4,1960,True,0.7658253908157349,365.8053894042969,39.528507232666016,391.8022155761719,60.817359924316406
normal,C:\Users\Light\Videos\正常往返.mp4,1961,True,0.7356804609298706,366.9366149902344,40.4549674987793,393.7507019042969,61.42145538330078
normal,C:\Users\Light\Videos\正常往返.mp4,1962,True,0.7221965789794922,366.9895935058594,40.43278121948242,393.77105712890625,61.40187072753906
normal,C:\Users\Light\Videos\正常往返.mp4,1963,True,0.7516496181488037,367.2586364746094,40.47648239135742,393.89068603515625,61.77228546142578
normal,C:\Users\Light\Videos\正常往返.mp4,1964,True,0.7512552738189697,367.2706298828125,40.470924377441406,393.8895568847656,61.76493453979492
normal,C:\Users\Light\Videos\正常往返.mp4,1965,True,0.7381307482719421,367.5367736816406,40.83024597167969,393.9199523925781,61.89973831176758
normal,C:\Users\Light\Videos\正常往返.mp4,1966,True,0.7381307482719421,367.5367736816406,40.83024597167969,393.9199523925781,61.89973831176758
normal,C:\Users\Light\Videos\正常往返.mp4,1967,True,0.7382614016532898,367.5446472167969,40.831459045410156,393.9224548339844,61.89646530151367
normal,C:\Users\Light\Videos\正常往返.mp4,1968,True,0.767998218536377,367.3435363769531,40.71352767944336,393.8217468261719,61.8741455078125
normal,C:\Users\Light\Videos\正常往返.mp4,1969,True,0.7682855725288391,367.3480529785156,40.71442413330078,393.8196716308594,61.872711181640625
normal,C:\Users\Light\Videos\正常往返.mp4,1970,True,0.7782097458839417,365.3936462402344,39.85862731933594,392.69696044921875,60.97244644165039
normal,C:\Users\Light\Videos\正常往返.mp4,1971,True,0.7769066095352173,365.3857421875,39.855777740478516,392.688232421875,60.97215270996094
normal,C:\Users\Light\Videos\正常往返.mp4,1972,True,0.639177143573761,364.9518127441406,40.89691925048828,391.5986633300781,60.678340911865234
normal,C:\Users\Light\Videos\正常往返.mp4,1973,True,0.6403389573097229,364.95123291015625,40.89212417602539,391.5963439941406,60.68035888671875
normal,C:\Users\Light\Videos\正常往返.mp4,1974,True,0.5040443539619446,363.04339599609375,40.967830657958984,389.810791015625,60.38712692260742
normal,C:\Users\Light\Videos\正常往返.mp4,1975,True,0.5021906495094299,363.0022277832031,40.986366271972656,389.7923889160156,60.384193420410156
normal,C:\Users\Light\Videos\正常往返.mp4,1976,True,0.7481712102890015,362.1213684082031,41.167606353759766,387.6503601074219,61.777931213378906
normal,C:\Users\Light\Videos\正常往返.mp4,1977,True,0.749065637588501,362.10638427734375,41.17190933227539,387.65753173828125,61.77457046508789
normal,C:\Users\Light\Videos\正常往返.mp4,1978,True,0.5867029428482056,359.1239013671875,41.39539337158203,385.5925598144531,60.93696975708008
normal,C:\Users\Light\Videos\正常往返.mp4,1979,True,0.7452520132064819,356.171875,41.50252151489258,382.27532958984375,61.8846549987793
normal,C:\Users\Light\Videos\正常往返.mp4,1980,True,0.7473292350769043,356.1759338378906,41.4887580871582,382.27838134765625,61.88505935668945
normal,C:\Users\Light\Videos\正常往返.mp4,1981,True,0.755896806716919,352.5206298828125,41.374908447265625,378.64227294921875,61.69169235229492
normal,C:\Users\Light\Videos\正常往返.mp4,1982,True,0.7564390301704407,352.5211181640625,41.368499755859375,378.6409606933594,61.69465255737305
normal,C:\Users\Light\Videos\正常往返.mp4,1983,True,0.8178079724311829,349.80523681640625,41.33526611328125,375.51361083984375,62.39502716064453
normal,C:\Users\Light\Videos\正常往返.mp4,1984,True,0.8181511163711548,349.8000793457031,41.33732604980469,375.5141296386719,62.4053840637207
normal,C:\Users\Light\Videos\正常往返.mp4,1985,True,0.8055075407028198,345.1016540527344,41.94220733642578,370.6562194824219,62.71255111694336
normal,C:\Users\Light\Videos\正常往返.mp4,1986,True,0.8055140972137451,345.10174560546875,41.94321823120117,370.656494140625,62.71329116821289
normal,C:\Users\Light\Videos\正常往返.mp4,1987,True,0.7279824614524841,341.8511047363281,40.73345184326172,367.274169921875,61.041988372802734
normal,C:\Users\Light\Videos\正常往返.mp4,1988,True,0.7284430861473083,341.8476257324219,40.72478103637695,367.2765197753906,61.040802001953125
normal,C:\Users\Light\Videos\正常往返.mp4,1989,True,0.7279873490333557,341.8511047363281,40.733428955078125,367.2741394042969,61.04196548461914
normal,C:\Users\Light\Videos\正常往返.mp4,1990,True,0.7874490022659302,336.5858459472656,41.428897857666016,362.6163024902344,61.85572052001953
normal,C:\Users\Light\Videos\正常往返.mp4,1991,True,0.787939727306366,336.59552001953125,41.4541130065918,362.60028076171875,61.859283447265625
normal,C:\Users\Light\Videos\正常往返.mp4,1992,True,0.8479593396186829,332.1427001953125,41.89704895019531,358.0406799316406,62.63140106201172
normal,C:\Users\Light\Videos\正常往返.mp4,1993,True,0.8504598736763,332.1546630859375,41.89453887939453,358.0151062011719,62.67496871948242
normal,C:\Users\Light\Videos\正常往返.mp4,1994,True,0.8255107402801514,326.6937255859375,41.55677795410156,352.33795166015625,62.315242767333984
normal,C:\Users\Light\Videos\正常往返.mp4,1995,True,0.8251749873161316,326.70196533203125,41.551578521728516,352.3399353027344,62.31143569946289
normal,C:\Users\Light\Videos\正常往返.mp4,1996,True,0.801281213760376,321.1547546386719,41.26948547363281,346.7087707519531,62.26430130004883
normal,C:\Users\Light\Videos\正常往返.mp4,1997,True,0.8015860319137573,321.1569519042969,41.27047348022461,346.7147216796875,62.26008987426758
normal,C:\Users\Light\Videos\正常往返.mp4,1998,True,0.7620145678520203,315.8945617675781,41.51654815673828,340.8265686035156,61.661258697509766
normal,C:\Users\Light\Videos\正常往返.mp4,1999,True,0.7618732452392578,315.8923645019531,41.5161247253418,340.8282165527344,61.66190719604492
normal,C:\Users\Light\Videos\正常往返.mp4,2000,True,0.7800107002258301,309.2380065917969,41.752655029296875,334.74407958984375,61.57965850830078
normal,C:\Users\Light\Videos\正常往返.mp4,2001,True,0.7766059637069702,309.2501525878906,41.753482818603516,334.76239013671875,61.55713653564453
normal,C:\Users\Light\Videos\正常往返.mp4,2002,True,0.6589163541793823,300.9401550292969,40.51841735839844,329.0122375488281,61.17576217651367
normal,C:\Users\Light\Videos\正常往返.mp4,2003,True,0.6618196964263916,300.9446716308594,40.50559616088867,329.01458740234375,61.18194580078125
normal,C:\Users\Light\Videos\正常往返.mp4,2004,True,0.7521067261695862,295.1829528808594,40.861915588378906,321.7474670410156,61.72257614135742
normal,C:\Users\Light\Videos\正常往返.mp4,2005,True,0.42286795377731323,287.91363525390625,42.28981018066406,313.98236083984375,60.552772521972656
normal,C:\Users\Light\Videos\正常往返.mp4,2006,True,0.42698433995246887,287.9055480957031,42.2690315246582,313.98760986328125,60.56090545654297
normal,C:\Users\Light\Videos\正常往返.mp4,2007,True,0.6379982233047485,279.55841064453125,42.95896530151367,306.67083740234375,62.41663360595703
normal,C:\Users\Light\Videos\正常往返.mp4,2008,True,0.651060938835144,279.5666198730469,42.94576644897461,306.6535949707031,62.42095947265625
normal,C:\Users\Light\Videos\正常往返.mp4,2009,True,0.816038966178894,273.15496826171875,41.91686248779297,299.580810546875,62.16219711303711
normal,C:\Users\Light\Videos\正常往返.mp4,2010,True,0.8155841827392578,273.15899658203125,41.929500579833984,299.572509765625,62.14682388305664
normal,C:\Users\Light\Videos\正常往返.mp4,2011,True,0.672732412815094,265.880615234375,42.89883804321289,292.7396545410156,61.613834381103516
normal,C:\Users\Light\Videos\正常往返.mp4,2012,True,0.6725819706916809,265.8795166015625,42.897762298583984,292.7420959472656,61.61777877807617
normal,C:\Users\Light\Videos\正常往返.mp4,2013,True,0.6727418899536133,265.88067626953125,42.89883804321289,292.7396240234375,61.613792419433594
normal,C:\Users\Light\Videos\正常往返.mp4,2014,True,0.6380460262298584,259.61859130859375,42.361053466796875,284.855712890625,63.02104568481445
normal,C:\Users\Light\Videos\正常往返.mp4,2015,True,0.6354005932807922,259.6398010253906,42.37497329711914,284.878173828125,63.01362609863281
normal,C:\Users\Light\Videos\正常往返.mp4,2016,True,0.7233079671859741,250.83705139160156,42.3056755065918,276.5520935058594,61.3626708984375
normal,C:\Users\Light\Videos\正常往返.mp4,2017,True,0.7125573754310608,250.84231567382812,42.33241271972656,276.5913391113281,61.30442428588867
normal,C:\Users\Light\Videos\正常往返.mp4,2018,True,0.7894657850265503,243.19903564453125,42.74628448486328,269.85791015625,62.058902740478516
normal,C:\Users\Light\Videos\正常往返.mp4,2019,True,0.7901801466941833,243.21026611328125,42.74330139160156,269.8567199707031,62.04745101928711
normal,C:\Users\Light\Videos\正常往返.mp4,2020,True,0.5217357277870178,237.00936889648438,43.142269134521484,263.972412109375,61.685909271240234
normal,C:\Users\Light\Videos\正常往返.mp4,2021,True,0.5304486751556396,236.9838409423828,43.10340881347656,263.95050048828125,61.7250862121582
normal,C:\Users\Light\Videos\正常往返.mp4,2022,True,0.36994415521621704,230.04779052734375,43.246437072753906,255.79574584960938,63.44453048706055
normal,C:\Users\Light\Videos\正常往返.mp4,2023,True,0.3682857155799866,230.06317138671875,43.24811935424805,255.8147430419922,63.42604064941406
normal,C:\Users\Light\Videos\正常往返.mp4,2024,True,0.49252423644065857,223.49295043945312,43.3566780090332,247.97146606445312,63.3752555847168
normal,C:\Users\Light\Videos\正常往返.mp4,2025,True,0.4936208426952362,223.4994659423828,43.3487434387207,247.97744750976562,63.37256622314453
normal,C:\Users\Light\Videos\正常往返.mp4,2026,True,0.6552902460098267,218.20880126953125,41.68143081665039,243.23460388183594,62.88753890991211
normal,C:\Users\Light\Videos\正常往返.mp4,2027,True,0.6550125479698181,218.2110595703125,41.67974853515625,243.2318115234375,62.88191604614258
normal,C:\Users\Light\Videos\正常往返.mp4,2028,True,0.5846032500267029,211.32147216796875,42.837677001953125,236.25706481933594,63.04074478149414
normal,C:\Users\Light\Videos\正常往返.mp4,2029,True,0.605661928653717,206.16189575195312,43.76465606689453,231.05018615722656,63.97762680053711
normal,C:\Users\Light\Videos\正常往返.mp4,2030,True,0.6048040986061096,206.16294860839844,43.765663146972656,231.05052185058594,63.97173309326172
normal,C:\Users\Light\Videos\正常往返.mp4,2031,True,0.7686243057250977,200.95909118652344,43.808380126953125,227.12322998046875,63.786705017089844
normal,C:\Users\Light\Videos\正常往返.mp4,2032,True,0.7693490386009216,200.90939331054688,43.780948638916016,227.05882263183594,63.771419525146484
normal,C:\Users\Light\Videos\正常往返.mp4,2033,True,0.8504354953765869,196.89735412597656,43.581172943115234,222.27932739257812,63.50472640991211
normal,C:\Users\Light\Videos\正常往返.mp4,2034,True,0.8491271138191223,196.8751220703125,43.59062957763672,222.29299926757812,63.49419403076172
normal,C:\Users\Light\Videos\正常往返.mp4,2035,True,0.8491271138191223,196.8751220703125,43.59062957763672,222.29299926757812,63.49419403076172
normal,C:\Users\Light\Videos\正常往返.mp4,2036,True,0.7067886590957642,193.7300262451172,43.41497039794922,218.20509338378906,64.42031860351562
normal,C:\Users\Light\Videos\正常往返.mp4,2037,True,0.7070813775062561,193.72705078125,43.412235260009766,218.2205810546875,64.44147491455078
normal,C:\Users\Light\Videos\正常往返.mp4,2038,True,0.8430302143096924,190.1400604248047,43.48881530761719,215.96609497070312,63.849300384521484
normal,C:\Users\Light\Videos\正常往返.mp4,2039,True,0.8434972763061523,190.1477508544922,43.47751998901367,215.95428466796875,63.846431732177734
normal,C:\Users\Light\Videos\正常往返.mp4,2040,True,0.7347906827926636,188.1132354736328,43.46243667602539,214.34817504882812,64.05093383789062
normal,C:\Users\Light\Videos\正常往返.mp4,2041,True,0.7294399738311768,188.08982849121094,43.48428726196289,214.33168029785156,64.05436706542969
normal,C:\Users\Light\Videos\正常往返.mp4,2042,True,0.7926970720291138,187.05258178710938,43.30826950073242,210.90029907226562,63.32819366455078
normal,C:\Users\Light\Videos\正常往返.mp4,2043,True,0.7924283742904663,187.04397583007812,43.31315612792969,210.87738037109375,63.33128356933594
normal,C:\Users\Light\Videos\正常往返.mp4,2044,True,0.8566461205482483,185.15728759765625,43.2856330871582,210.06097412109375,63.5747184753418
normal,C:\Users\Light\Videos\正常往返.mp4,2045,True,0.8567187786102295,185.15655517578125,43.28594970703125,210.0611572265625,63.57408905029297
normal,C:\Users\Light\Videos\正常往返.mp4,2046,True,0.8519012928009033,184.132080078125,43.29009246826172,209.3104248046875,63.45134353637695
normal,C:\Users\Light\Videos\正常往返.mp4,2047,True,0.8511922955513,184.12657165527344,43.2947998046875,209.31263732910156,63.45017623901367
normal,C:\Users\Light\Videos\正常往返.mp4,2048,True,0.8484761714935303,184.19761657714844,42.892494201660156,209.1592559814453,63.400848388671875
normal,C:\Users\Light\Videos\正常往返.mp4,2049,True,0.848339319229126,184.2017364501953,42.88554763793945,209.15846252441406,63.39910125732422
normal,C:\Users\Light\Videos\正常往返.mp4,2050,True,0.8589208126068115,184.0808563232422,43.03162384033203,209.37188720703125,63.30215072631836
normal,C:\Users\Light\Videos\正常往返.mp4,2051,True,0.8600733280181885,184.1094207763672,43.014434814453125,209.35606384277344,63.31584167480469
normal,C:\Users\Light\Videos\正常往返.mp4,2052,True,0.8549917936325073,185.13821411132812,43.356788635253906,210.02301025390625,63.52762985229492
normal,C:\Users\Light\Videos\正常往返.mp4,2053,True,0.8187323808670044,186.69503784179688,43.4164924621582,210.61126708984375,63.235877990722656
normal,C:\Users\Light\Videos\正常往返.mp4,2054,True,0.8187016248703003,186.69577026367188,43.41727828979492,210.61181640625,63.2353630065918
normal,C:\Users\Light\Videos\正常往返.mp4,2055,True,0.6594523191452026,187.6478271484375,43.628639221191406,211.71694946289062,63.240718841552734
normal,C:\Users\Light\Videos\正常往返.mp4,2056,True,0.659416913986206,187.6497344970703,43.63460159301758,211.72015380859375,63.24152755737305
normal,C:\Users\Light\Videos\正常往返.mp4,2057,True,0.8058356642723083,189.35781860351562,43.134132385253906,215.24929809570312,63.572208404541016
normal,C:\Users\Light\Videos\正常往返.mp4,2058,True,0.8057626485824585,189.35809326171875,43.13529968261719,215.2481689453125,63.57167053222656
normal,C:\Users\Light\Videos\正常往返.mp4,2059,True,0.8057626485824585,189.35809326171875,43.13529968261719,215.2481689453125,63.57167053222656
normal,C:\Users\Light\Videos\正常往返.mp4,2060,True,0.8431826829910278,191.96847534179688,43.64842987060547,216.1276397705078,63.781620025634766
normal,C:\Users\Light\Videos\正常往返.mp4,2061,True,0.843387246131897,191.95892333984375,43.64484405517578,216.13037109375,63.782066345214844
normal,C:\Users\Light\Videos\正常往返.mp4,2062,True,0.7123959064483643,194.1233673095703,43.208831787109375,219.1923828125,64.4561767578125
normal,C:\Users\Light\Videos\正常往返.mp4,2063,True,0.7124232053756714,194.13125610351562,43.21122741699219,219.19656372070312,64.45548248291016
normal,C:\Users\Light\Videos\正常往返.mp4,2064,True,0.8416134715080261,197.8198699951172,43.463645935058594,222.25192260742188,63.79033660888672
normal,C:\Users\Light\Videos\正常往返.mp4,2065,True,0.8405263423919678,197.83230590820312,43.46295166015625,222.24610900878906,63.79829406738281
normal,C:\Users\Light\Videos\正常往返.mp4,2066,True,0.7424178123474121,200.641357421875,43.16676330566406,226.51528930664062,63.195159912109375
normal,C:\Users\Light\Videos\正常往返.mp4,2067,True,0.7410827279090881,200.6432342529297,43.1605339050293,226.51681518554688,63.199462890625
normal,C:\Users\Light\Videos\正常往返.mp4,2068,True,0.7562565207481384,205.1654815673828,43.424137115478516,228.81716918945312,63.050559997558594
normal,C:\Users\Light\Videos\正常往返.mp4,2069,True,0.7560491561889648,205.1600799560547,43.431331634521484,228.81570434570312,63.05353927612305
normal,C:\Users\Light\Videos\正常往返.mp4,2070,True,0.8045620322227478,208.7772979736328,43.60194778442383,234.94863891601562,62.9332160949707
normal,C:\Users\Light\Videos\正常往返.mp4,2071,True,0.8051636219024658,208.7726287841797,43.597599029541016,234.94850158691406,62.92797088623047
normal,C:\Users\Light\Videos\正常往返.mp4,2072,True,0.8574956059455872,213.5686798095703,42.19803237915039,239.8415069580078,62.962955474853516
normal,C:\Users\Light\Videos\正常往返.mp4,2073,True,0.8569599986076355,213.55105590820312,42.189205169677734,239.8399200439453,62.950225830078125
normal,C:\Users\Light\Videos\正常往返.mp4,2074,True,0.8361151814460754,218.5224609375,42.24778747558594,244.45777893066406,63.324851989746094
normal,C:\Users\Light\Videos\正常往返.mp4,2075,True,0.6878668665885925,224.00289916992188,43.837154388427734,250.6182098388672,63.56779098510742
normal,C:\Users\Light\Videos\正常往返.mp4,2076,True,0.68807053565979,224.00311279296875,43.83668518066406,250.61892700195312,63.57090759277344
normal,C:\Users\Light\Videos\正常往返.mp4,2077,True,0.44372236728668213,229.7852020263672,43.281219482421875,255.4834442138672,63.8466796875
normal,C:\Users\Light\Videos\正常往返.mp4,2078,True,0.45373886823654175,229.7845458984375,43.269161224365234,255.48109436035156,63.87626266479492
normal,C:\Users\Light\Videos\正常往返.mp4,2079,True,0.5039420127868652,236.33538818359375,43.904388427734375,262.0086669921875,63.93049621582031
normal,C:\Users\Light\Videos\正常往返.mp4,2080,True,0.5039420127868652,236.33538818359375,43.904388427734375,262.0086669921875,63.93049621582031
normal,C:\Users\Light\Videos\正常往返.mp4,2081,True,0.5038365721702576,236.32908630371094,43.905418395996094,262.011962890625,63.9374885559082
normal,C:\Users\Light\Videos\正常往返.mp4,2082,True,0.5041326284408569,241.7332763671875,43.75282287597656,267.0303955078125,63.49663543701172
normal,C:\Users\Light\Videos\正常往返.mp4,2083,True,0.5048416256904602,241.72906494140625,43.73805236816406,267.0489501953125,63.5061149597168
normal,C:\Users\Light\Videos\正常往返.mp4,2084,True,0.6218463778495789,247.43984985351562,43.01468276977539,272.7700500488281,61.3786735534668
normal,C:\Users\Light\Videos\正常往返.mp4,2085,True,0.6221879720687866,247.43624877929688,43.01394271850586,272.7673034667969,61.38407516479492
normal,C:\Users\Light\Videos\正常往返.mp4,2086,True,0.696359395980835,253.39173889160156,41.95050048828125,278.9700012207031,61.13250732421875
normal,C:\Users\Light\Videos\正常往返.mp4,2087,True,0.6919212937355042,253.39950561523438,41.97761917114258,278.9756774902344,61.1204948425293
normal,C:\Users\Light\Videos\正常往返.mp4,2088,True,0.7164032459259033,257.9242248535156,42.552425384521484,282.7554626464844,62.62447738647461
normal,C:\Users\Light\Videos\正常往返.mp4,2089,True,0.716102123260498,257.91241455078125,42.61159133911133,282.73614501953125,62.68606185913086
normal,C:\Users\Light\Videos\正常往返.mp4,2090,True,0.8152032494544983,262.77874755859375,42.035709381103516,287.9873046875,62.6212043762207
normal,C:\Users\Light\Videos\正常往返.mp4,2091,True,0.8147737383842468,262.7822570800781,42.0323486328125,287.9879455566406,62.61528778076172
normal,C:\Users\Light\Videos\正常往返.mp4,2092,True,0.8343856930732727,267.6805114746094,41.95603561401367,293.8322448730469,62.522796630859375
normal,C:\Users\Light\Videos\正常往返.mp4,2093,True,0.8349756598472595,267.6730651855469,41.96430587768555,293.8373107910156,62.53196334838867
normal,C:\Users\Light\Videos\正常往返.mp4,2094,True,0.7572329640388489,271.81219482421875,41.831809997558594,297.9649658203125,62.01927947998047
normal,C:\Users\Light\Videos\正常往返.mp4,2095,True,0.750573456287384,271.7959289550781,41.88420867919922,297.99615478515625,61.983333587646484
normal,C:\Users\Light\Videos\正常往返.mp4,2096,True,0.8262566328048706,274.46160888671875,41.84716033935547,300.267578125,62.81230545043945
normal,C:\Users\Light\Videos\正常往返.mp4,2097,True,0.8263235688209534,274.461181640625,41.8444938659668,300.263916015625,62.8084716796875
normal,C:\Users\Light\Videos\正常往返.mp4,2098,True,0.8276788592338562,278.3189392089844,41.1099853515625,304.6454772949219,62.726627349853516
normal,C:\Users\Light\Videos\正常往返.mp4,2099,True,0.8113569617271423,280.3857116699219,41.548980712890625,306.2416076660156,62.70968246459961
normal,C:\Users\Light\Videos\正常往返.mp4,2100,True,0.8113332390785217,280.3858337402344,41.54893493652344,306.241455078125,62.71004104614258
normal,C:\Users\Light\Videos\正常往返.mp4,2101,True,0.7544741630554199,282.404541015625,41.338985443115234,308.8982849121094,61.571903228759766
normal,C:\Users\Light\Videos\正常往返.mp4,2102,True,0.7615722417831421,282.4129638671875,41.33649826049805,308.8775329589844,61.58434295654297
normal,C:\Users\Light\Videos\正常往返.mp4,2103,True,0.7545483112335205,282.4043884277344,41.338111877441406,308.8984375,61.572776794433594
normal,C:\Users\Light\Videos\正常往返.mp4,2104,True,0.7991727590560913,283.2607421875,40.59340286254883,310.3630065917969,61.961952209472656
normal,C:\Users\Light\Videos\正常往返.mp4,2105,True,0.7999181151390076,283.243408203125,40.59257507324219,310.34759521484375,61.96968460083008
normal,C:\Users\Light\Videos\正常往返.mp4,2106,True,0.8553669452667236,284.8677978515625,41.67020034790039,311.1773986816406,62.43978500366211
normal,C:\Users\Light\Videos\正常往返.mp4,2107,True,0.8539085984230042,284.8891906738281,41.667938232421875,311.1903076171875,62.44016647338867
normal,C:\Users\Light\Videos\正常往返.mp4,2108,True,0.8126388192176819,285.7300720214844,41.182037353515625,311.2748107910156,62.15713119506836
normal,C:\Users\Light\Videos\正常往返.mp4,2109,True,0.8126160502433777,285.7251281738281,41.18087387084961,311.2757873535156,62.16537857055664
normal,C:\Users\Light\Videos\正常往返.mp4,2110,True,0.8242901563644409,285.325439453125,41.18936538696289,311.09112548828125,61.97463607788086
normal,C:\Users\Light\Videos\正常往返.mp4,2111,True,0.8242813348770142,285.3263854980469,41.187889099121094,311.088623046875,61.96894454956055
normal,C:\Users\Light\Videos\正常往返.mp4,2112,True,0.8499492406845093,283.48138427734375,41.56852340698242,310.4966125488281,62.44191360473633
normal,C:\Users\Light\Videos\正常往返.mp4,2113,True,0.8528014421463013,283.4693298339844,41.58111572265625,310.40850830078125,62.47127151489258
normal,C:\Users\Light\Videos\正常往返.mp4,2114,True,0.7929062843322754,283.5018310546875,40.91859436035156,309.6806335449219,61.8135871887207
normal,C:\Users\Light\Videos\正常往返.mp4,2115,True,0.7920628786087036,283.4911193847656,40.896785736083984,309.6773986816406,61.81195068359375
normal,C:\Users\Light\Videos\正常往返.mp4,2116,True,0.7866613268852234,282.1014099121094,40.82139587402344,307.64752197265625,61.87739181518555
normal,C:\Users\Light\Videos\正常往返.mp4,2117,True,0.7863277792930603,282.12982177734375,40.817562103271484,307.6695251464844,61.85047912597656
normal,C:\Users\Light\Videos\正常往返.mp4,2118,True,0.8322758078575134,280.0833435058594,41.581947326660156,305.96917724609375,62.430416107177734
normal,C:\Users\Light\Videos\正常往返.mp4,2119,True,0.8311205506324768,280.0765380859375,41.60664367675781,305.9898681640625,62.46555709838867
normal,C:\Users\Light\Videos\正常往返.mp4,2120,True,0.8186367154121399,277.7275085449219,41.272422790527344,304.12445068359375,62.65370178222656
normal,C:\Users\Light\Videos\正常往返.mp4,2121,True,0.8174351453781128,277.71978759765625,41.26908493041992,304.1233215332031,62.645877838134766
normal,C:\Users\Light\Videos\正常往返.mp4,2122,True,0.7938655018806458,274.80511474609375,41.62076187133789,300.4224548339844,62.58832550048828
normal,C:\Users\Light\Videos\正常往返.mp4,2123,True,0.7938872575759888,274.803466796875,41.619998931884766,300.4234313964844,62.59025192260742
normal,C:\Users\Light\Videos\正常往返.mp4,2124,True,0.7709961533546448,272.2430419921875,41.71421813964844,298.29925537109375,62.04615020751953
normal,C:\Users\Light\Videos\正常往返.mp4,2125,True,0.8223207592964172,268.4252624511719,41.852294921875,293.98681640625,62.34402084350586
normal,C:\Users\Light\Videos\正常往返.mp4,2126,True,0.8225692510604858,268.4236755371094,41.83768081665039,293.9884948730469,62.34881591796875
normal,C:\Users\Light\Videos\正常往返.mp4,2127,True,0.8223233819007874,268.4252014160156,41.85222625732422,293.9869079589844,62.34413146972656
normal,C:\Users\Light\Videos\正常往返.mp4,2128,True,0.7157750129699707,264.6219482421875,41.38631820678711,289.5497131347656,61.88306427001953
normal,C:\Users\Light\Videos\正常往返.mp4,2129,True,0.7154398560523987,264.6167907714844,41.39012908935547,289.5523986816406,61.88180923461914
normal,C:\Users\Light\Videos\正常往返.mp4,2130,True,0.8039321303367615,259.966064453125,41.88180923461914,285.61962890625,62.533912658691406
normal,C:\Users\Light\Videos\正常往返.mp4,2131,True,0.8052067160606384,259.9726867675781,41.887725830078125,285.6263732910156,62.54341506958008
normal,C:\Users\Light\Videos\正常往返.mp4,2132,True,0.8437875509262085,255.31082153320312,41.8502082824707,281.24896240234375,62.372100830078125
normal,C:\Users\Light\Videos\正常往返.mp4,2133,True,0.8438535332679749,255.3114776611328,41.8511962890625,281.2484130859375,62.373130798339844
normal,C:\Users\Light\Videos\正常往返.mp4,2134,True,0.7487654089927673,250.2962646484375,42.16305160522461,275.8380432128906,61.444923400878906
normal,C:\Users\Light\Videos\正常往返.mp4,2135,True,0.7490897178649902,250.2859649658203,42.17548751831055,275.8354187011719,61.44512176513672
normal,C:\Users\Light\Videos\正常往返.mp4,2136,True,0.8456199765205383,244.26976013183594,42.041290283203125,269.8069152832031,62.80992889404297
normal,C:\Users\Light\Videos\正常往返.mp4,2137,True,0.8456699252128601,244.26344299316406,42.02701187133789,269.826904296875,62.81120681762695
normal,C:\Users\Light\Videos\正常往返.mp4,2138,True,0.8528246879577637,238.16090393066406,42.198482513427734,263.9803466796875,62.659637451171875
normal,C:\Users\Light\Videos\正常往返.mp4,2139,True,0.8528342247009277,238.16110229492188,42.1977653503418,263.98138427734375,62.65977478027344
normal,C:\Users\Light\Videos\正常往返.mp4,2140,True,0.6924386620521545,233.18019104003906,43.15237808227539,258.3238830566406,61.2970085144043
normal,C:\Users\Light\Videos\正常往返.mp4,2141,True,0.6940696239471436,233.17691040039062,43.14715576171875,258.3211975097656,61.31536102294922
normal,C:\Users\Light\Videos\正常往返.mp4,2142,True,0.7903746366500854,226.9224853515625,43.7685546875,252.50401306152344,62.61309051513672
normal,C:\Users\Light\Videos\正常往返.mp4,2143,True,0.7895827293395996,226.88783264160156,43.77348327636719,252.51849365234375,62.617305755615234
normal,C:\Users\Light\Videos\正常往返.mp4,2144,True,0.7656755447387695,221.53424072265625,42.65410614013672,246.3791961669922,62.48420333862305
normal,C:\Users\Light\Videos\正常往返.mp4,2145,True,0.765606164932251,221.53973388671875,42.653656005859375,246.38015747070312,62.4837532043457
normal,C:\Users\Light\Videos\正常往返.mp4,2146,True,0.6363404393196106,215.38002014160156,40.855751037597656,242.55296325683594,61.58257293701172
normal,C:\Users\Light\Videos\正常往返.mp4,2147,True,0.596328854560852,210.7845916748047,41.767154693603516,236.06884765625,61.8262939453125
normal,C:\Users\Light\Videos\正常往返.mp4,2148,True,0.5947224497795105,210.7770233154297,41.7650032043457,236.07363891601562,61.82432174682617
normal,C:\Users\Light\Videos\正常往返.mp4,2149,True,0.5947319865226746,210.7770538330078,41.76506805419922,236.07359313964844,61.824302673339844
normal,C:\Users\Light\Videos\正常往返.mp4,2150,True,0.6438359618186951,205.9004669189453,43.05354309082031,230.14761352539062,62.908695220947266
normal,C:\Users\Light\Videos\正常往返.mp4,2151,True,0.6437331438064575,205.9008026123047,43.05811309814453,230.14248657226562,62.914031982421875
normal,C:\Users\Light\Videos\正常往返.mp4,2152,True,0.6790950298309326,200.59356689453125,43.013404846191406,227.17880249023438,63.04610061645508
normal,C:\Users\Light\Videos\正常往返.mp4,2153,True,0.6831343770027161,200.60385131835938,43.014949798583984,227.15171813964844,63.04527282714844
normal,C:\Users\Light\Videos\正常往返.mp4,2154,True,0.8198873400688171,195.9206085205078,43.357486724853516,222.21673583984375,63.41595458984375
normal,C:\Users\Light\Videos\正常往返.mp4,2155,True,0.8217597007751465,195.93655395507812,43.35062789916992,222.2067413330078,63.40004348754883
normal,C:\Users\Light\Videos\正常往返.mp4,2156,True,0.8448135852813721,191.70858764648438,42.83982849121094,216.64439392089844,62.94034194946289
normal,C:\Users\Light\Videos\正常往返.mp4,2157,True,0.8446716666221619,191.70700073242188,42.838417053222656,216.65078735351562,62.94336700439453
normal,C:\Users\Light\Videos\正常往返.mp4,2158,True,0.7190243005752563,187.1757354736328,43.420753479003906,213.02462768554688,63.9650993347168
normal,C:\Users\Light\Videos\正常往返.mp4,2159,True,0.7194642424583435,187.17904663085938,43.4175910949707,213.0292205810547,63.96091079711914
normal,C:\Users\Light\Videos\正常往返.mp4,2160,True,0.8567164540290833,184.17713928222656,42.74798583984375,209.7215118408203,63.5416374206543
normal,C:\Users\Light\Videos\正常往返.mp4,2161,True,0.8566681742668152,184.17788696289062,42.74673080444336,209.7227020263672,63.545894622802734
normal,C:\Users\Light\Videos\正常往返.mp4,2162,True,0.8331576585769653,180.09620666503906,42.74348068237305,205.3415985107422,62.91024398803711
normal,C:\Users\Light\Videos\正常往返.mp4,2163,True,0.832679033279419,180.0990447998047,42.7427864074707,205.34645080566406,62.9105339050293
normal,C:\Users\Light\Videos\正常往返.mp4,2164,True,0.6922305822372437,176.5937957763672,43.5770263671875,203.11830139160156,63.598876953125
normal,C:\Users\Light\Videos\正常往返.mp4,2165,True,0.6945056915283203,176.59466552734375,43.57084274291992,203.09616088867188,63.61555099487305
normal,C:\Users\Light\Videos\正常往返.mp4,2166,True,0.845635175704956,173.6267852783203,43.27128982543945,198.25962829589844,63.870277404785156
normal,C:\Users\Light\Videos\正常往返.mp4,2167,True,0.8457677364349365,173.6190643310547,43.27471923828125,198.2571258544922,63.869224548339844
normal,C:\Users\Light\Videos\正常往返.mp4,2168,True,0.7252973318099976,171.06825256347656,43.69170379638672,195.9427490234375,64.76692962646484
normal,C:\Users\Light\Videos\正常往返.mp4,2169,True,0.7253742814064026,171.0684356689453,43.68968963623047,195.94361877441406,64.7671127319336
normal,C:\Users\Light\Videos\正常往返.mp4,2170,True,0.8298271894454956,168.02464294433594,43.32951736450195,192.69935607910156,63.92652893066406
normal,C:\Users\Light\Videos\正常往返.mp4,2171,True,0.7300791144371033,165.88815307617188,43.707862854003906,190.63714599609375,64.8780746459961
normal,C:\Users\Light\Videos\正常往返.mp4,2172,True,0.7302204966545105,165.8892364501953,43.70817947387695,190.63800048828125,64.87731170654297
normal,C:\Users\Light\Videos\正常往返.mp4,2173,True,0.7302204966545105,165.8892364501953,43.70817947387695,190.63800048828125,64.87731170654297
normal,C:\Users\Light\Videos\正常往返.mp4,2174,True,0.7602242827415466,163.68707275390625,43.32599639892578,187.29971313476562,64.02977752685547
normal,C:\Users\Light\Videos\正常往返.mp4,2175,True,0.7610406875610352,163.6807098388672,43.32893371582031,187.29710388183594,64.02214050292969
normal,C:\Users\Light\Videos\正常往返.mp4,2176,True,0.8280845880508423,160.70291137695312,43.34242630004883,185.77169799804688,64.09345245361328
normal,C:\Users\Light\Videos\正常往返.mp4,2177,True,0.827140212059021,160.68572998046875,43.358402252197266,185.76812744140625,64.11772155761719
normal,C:\Users\Light\Videos\正常往返.mp4,2178,True,0.7240040898323059,158.92498779296875,43.50484085083008,184.01669311523438,64.57159423828125
normal,C:\Users\Light\Videos\正常往返.mp4,2179,True,0.7239350080490112,158.9290313720703,43.50082778930664,184.0110626220703,64.56014251708984
normal,C:\Users\Light\Videos\正常往返.mp4,2180,True,0.8172903060913086,157.13015747070312,43.166629791259766,181.49803161621094,63.50129699707031
normal,C:\Users\Light\Videos\正常往返.mp4,2181,True,0.8173680901527405,157.13064575195312,43.167572021484375,181.49717712402344,63.50017547607422
normal,C:\Users\Light\Videos\正常往返.mp4,2182,True,0.8332316279411316,155.75877380371094,43.36328887939453,180.35195922851562,64.13251495361328
normal,C:\Users\Light\Videos\正常往返.mp4,2183,True,0.833263635635376,155.75070190429688,43.35770797729492,180.3563232421875,64.11433410644531
normal,C:\Users\Light\Videos\正常往返.mp4,2184,True,0.7695119976997375,154.0974578857422,43.08881759643555,179.70411682128906,63.87310028076172
normal,C:\Users\Light\Videos\正常往返.mp4,2185,True,0.769209623336792,154.11521911621094,43.09572219848633,179.7285919189453,63.883140563964844
normal,C:\Users\Light\Videos\正常往返.mp4,2186,True,0.7215608954429626,153.1070098876953,42.694400787353516,178.0621337890625,64.30162811279297
normal,C:\Users\Light\Videos\正常往返.mp4,2187,True,0.7214651107788086,153.1067352294922,42.69451141357422,178.06320190429688,64.30335235595703
normal,C:\Users\Light\Videos\正常往返.mp4,2188,True,0.7303577661514282,152.2421112060547,42.55372619628906,177.49041748046875,64.06974029541016
normal,C:\Users\Light\Videos\正常往返.mp4,2189,True,0.728802502155304,152.20909118652344,42.58781051635742,177.44790649414062,64.07316589355469
normal,C:\Users\Light\Videos\正常往返.mp4,2190,True,0.7549768090248108,152.32290649414062,42.45390319824219,176.1149139404297,63.16355895996094
normal,C:\Users\Light\Videos\正常往返.mp4,2191,True,0.7551891207695007,152.328125,42.46002197265625,176.10687255859375,63.1561393737793
normal,C:\Users\Light\Videos\正常往返.mp4,2192,True,0.7726391553878784,152.39892578125,42.71367263793945,175.93548583984375,63.32108688354492
normal,C:\Users\Light\Videos\正常往返.mp4,2193,True,0.7709976434707642,152.41854858398438,42.72956466674805,175.9241943359375,63.33186721801758
normal,C:\Users\Light\Videos\正常往返.mp4,2194,True,0.7577463388442993,152.4099578857422,42.691619873046875,175.98178100585938,63.48406219482422
normal,C:\Users\Light\Videos\正常往返.mp4,2195,True,0.757172167301178,152.42250061035156,42.693973541259766,175.98898315429688,63.477630615234375
normal,C:\Users\Light\Videos\正常往返.mp4,2196,True,0.764461100101471,152.3874053955078,42.629093170166016,175.9768829345703,63.36671829223633
normal,C:\Users\Light\Videos\正常往返.mp4,2197,True,0.7644357085227966,152.38926696777344,42.63142395019531,175.9745635986328,63.365013122558594
normal,C:\Users\Light\Videos\正常往返.mp4,2198,True,0.7664394974708557,152.455322265625,42.515220642089844,176.0200653076172,63.29179763793945
normal,C:\Users\Light\Videos\正常往返.mp4,2199,True,0.7664933800697327,152.448486328125,42.4959716796875,176.0218048095703,63.253047943115234
normal,C:\Users\Light\Videos\正常往返.mp4,2200,True,0.761969268321991,152.43653869628906,42.546173095703125,175.9423370361328,63.36183166503906
normal,C:\Users\Light\Videos\正常往返.mp4,2201,True,0.7617180943489075,152.43887329101562,42.53687286376953,175.94430541992188,63.34199905395508
normal,C:\Users\Light\Videos\正常往返.mp4,2202,True,0.7639942169189453,152.49363708496094,42.33140563964844,176.14292907714844,63.116851806640625
normal,C:\Users\Light\Videos\正常往返.mp4,2203,True,0.7635083794593811,152.4973602294922,42.332366943359375,176.14527893066406,63.11310958862305
normal,C:\Users\Light\Videos\正常往返.mp4,2204,True,0.7494786977767944,152.50399780273438,42.432884216308594,176.13595581054688,62.88673400878906
normal,C:\Users\Light\Videos\正常往返.mp4,2205,True,0.7492148280143738,152.49935913085938,42.43682861328125,176.13333129882812,62.89296340942383
normal,C:\Users\Light\Videos\正常往返.mp4,2206,True,0.7486768960952759,152.3416290283203,42.72122573852539,177.62782287597656,63.86722946166992
normal,C:\Users\Light\Videos\正常往返.mp4,2207,True,0.7491540312767029,152.3494415283203,42.71024703979492,177.64517211914062,63.86588668823242
normal,C:\Users\Light\Videos\正常往返.mp4,2208,True,0.7204239964485168,152.92481994628906,42.52127456665039,178.0160675048828,64.20012664794922
normal,C:\Users\Light\Videos\正常往返.mp4,2209,True,0.719222903251648,152.9199676513672,42.503299713134766,178.0038604736328,64.20416259765625
normal,C:\Users\Light\Videos\正常往返.mp4,2210,True,0.7938818335533142,154.26443481445312,43.05574035644531,179.3702850341797,64.0313720703125
normal,C:\Users\Light\Videos\正常往返.mp4,2211,True,0.7945314049720764,154.2667236328125,43.05654525756836,179.3780975341797,64.02352905273438
normal,C:\Users\Light\Videos\正常往返.mp4,2212,True,0.8182662725448608,155.0553436279297,43.21580123901367,179.94451904296875,64.24382781982422
normal,C:\Users\Light\Videos\正常往返.mp4,2213,True,0.8188086152076721,155.05430603027344,43.21815490722656,179.95582580566406,64.2373046875
normal,C:\Users\Light\Videos\正常往返.mp4,2214,True,0.8261111378669739,156.70767211914062,43.31539535522461,180.86851501464844,63.80537414550781
normal,C:\Users\Light\Videos\正常往返.mp4,2215,True,0.8251828551292419,156.71432495117188,43.313289642333984,180.87698364257812,63.824066162109375
normal,C:\Users\Light\Videos\正常往返.mp4,2216,True,0.7480794191360474,158.4486541748047,43.24802780151367,181.58778381347656,63.711917877197266
normal,C:\Users\Light\Videos\正常往返.mp4,2217,True,0.7487073540687561,158.4469757080078,43.249732971191406,181.58299255371094,63.70819854736328
normal,C:\Users\Light\Videos\正常往返.mp4,2218,True,0.7755621671676636,158.82289123535156,43.12519073486328,184.2530517578125,63.82453536987305
normal,C:\Users\Light\Videos\正常往返.mp4,2219,True,0.774547815322876,158.82089233398438,43.14056396484375,184.251220703125,63.82632827758789
normal,C:\Users\Light\Videos\正常往返.mp4,2220,True,0.8299372792243958,160.6678466796875,43.225257873535156,185.5586700439453,63.886592864990234
normal,C:\Users\Light\Videos\正常往返.mp4,2221,True,0.8298101425170898,160.6720733642578,43.22689437866211,185.55738830566406,63.88943862915039
normal,C:\Users\Light\Videos\正常往返.mp4,2222,True,0.8288890719413757,162.24942016601562,43.451210021972656,186.64291381835938,64.03971099853516
normal,C:\Users\Light\Videos\正常往返.mp4,2223,True,0.8287778496742249,162.25457763671875,43.446434020996094,186.63844299316406,64.04959106445312
normal,C:\Users\Light\Videos\正常往返.mp4,2224,True,0.7611833810806274,164.06590270996094,43.04085922241211,187.8182830810547,63.55840301513672
normal,C:\Users\Light\Videos\正常往返.mp4,2225,True,0.7613154053688049,164.0650634765625,43.037899017333984,187.8210906982422,63.55817794799805
normal,C:\Users\Light\Videos\正常往返.mp4,2226,True,0.7725762128829956,165.5879669189453,43.03810119628906,190.6913604736328,64.1007308959961
normal,C:\Users\Light\Videos\正常往返.mp4,2227,True,0.7717310190200806,165.59234619140625,43.049686431884766,190.6852264404297,64.12195587158203
normal,C:\Users\Light\Videos\正常往返.mp4,2228,True,0.8089303970336914,167.32150268554688,43.20499801635742,192.08351135253906,64.30595397949219
normal,C:\Users\Light\Videos\正常往返.mp4,2229,True,0.8092847466468811,167.3190460205078,43.20351791381836,192.08963012695312,64.30550384521484
normal,C:\Users\Light\Videos\正常往返.mp4,2230,True,0.7426978349685669,169.6337127685547,43.67601776123047,192.8214874267578,64.23883056640625
normal,C:\Users\Light\Videos\正常往返.mp4,2231,True,0.7429109215736389,169.63278198242188,43.675682067871094,192.8218231201172,64.23970794677734
normal,C:\Users\Light\Videos\正常往返.mp4,2232,True,0.7373338341712952,171.58819580078125,43.18388748168945,195.84378051757812,64.72128295898438
normal,C:\Users\Light\Videos\正常往返.mp4,2233,True,0.7372174263000488,171.58566284179688,43.18142318725586,195.8464813232422,64.7236099243164
normal,C:\Users\Light\Videos\正常往返.mp4,2234,True,0.8588662147521973,172.27609252929688,43.089019775390625,197.82623291015625,63.715572357177734
normal,C:\Users\Light\Videos\正常往返.mp4,2235,True,0.8590400815010071,172.2678680419922,43.08794403076172,197.82974243164062,63.71332931518555
normal,C:\Users\Light\Videos\正常往返.mp4,2236,True,0.8230831027030945,174.70021057128906,43.22431564331055,199.11585998535156,63.343746185302734
normal,C:\Users\Light\Videos\正常往返.mp4,2237,True,0.8228594660758972,174.7064971923828,43.227970123291016,199.1107940673828,63.34717559814453
normal,C:\Users\Light\Videos\正常往返.mp4,2238,True,0.6978021860122681,176.75732421875,43.14298629760742,202.8399200439453,63.174964904785156
normal,C:\Users\Light\Videos\正常往返.mp4,2239,True,0.699069082736969,176.7609100341797,43.13426971435547,202.85816955566406,63.17624282836914
normal,C:\Users\Light\Videos\正常往返.mp4,2240,True,0.8451077938079834,179.01136779785156,43.06243896484375,204.94200134277344,63.210330963134766
normal,C:\Users\Light\Videos\正常往返.mp4,2241,True,0.8447548151016235,179.0065155029297,43.07229995727539,204.94175720214844,63.20521926879883
normal,C:\Users\Light\Videos\正常往返.mp4,2242,True,0.8447548151016235,179.0065155029297,43.07229995727539,204.94175720214844,63.20521926879883
normal,C:\Users\Light\Videos\正常往返.mp4,2243,True,0.7819105982780457,181.35202026367188,43.01351547241211,205.5469512939453,62.96638488769531
normal,C:\Users\Light\Videos\正常往返.mp4,2244,True,0.8567821979522705,184.25840759277344,42.63456344604492,209.3344268798828,63.44883346557617
normal,C:\Users\Light\Videos\正常往返.mp4,2245,True,0.8569136261940002,184.26766967773438,42.634742736816406,209.3458709716797,63.452598571777344
normal,C:\Users\Light\Videos\正常往返.mp4,2246,True,0.7836148738861084,186.79989624023438,43.01528549194336,210.84625244140625,63.498897552490234
normal,C:\Users\Light\Videos\正常往返.mp4,2247,True,0.7838382720947266,186.79672241210938,43.0135383605957,210.84898376464844,63.49782180786133
normal,C:\Users\Light\Videos\正常往返.mp4,2248,True,0.7378017902374268,188.73023986816406,43.42975997924805,215.5872802734375,63.751922607421875
normal,C:\Users\Light\Videos\正常往返.mp4,2249,True,0.734464168548584,188.7233123779297,43.42368698120117,215.63064575195312,63.729042053222656
normal,C:\Users\Light\Videos\正常往返.mp4,2250,True,0.8528842329978943,191.6464385986328,43.37924575805664,216.3478240966797,63.375770568847656
normal,C:\Users\Light\Videos\正常往返.mp4,2251,True,0.8529751300811768,191.64637756347656,43.378013610839844,216.34866333007812,63.37601852416992
normal,C:\Users\Light\Videos\正常往返.mp4,2252,True,0.6884480118751526,194.90489196777344,43.000179290771484,219.5643768310547,64.05913543701172
normal,C:\Users\Light\Videos\正常往返.mp4,2253,True,0.6935672760009766,194.92535400390625,42.93388748168945,219.56520080566406,64.05308532714844
normal,C:\Users\Light\Videos\正常往返.mp4,2254,True,0.846021294593811,197.84840393066406,42.897335052490234,222.65248107910156,63.31770324707031
normal,C:\Users\Light\Videos\正常往返.mp4,2255,True,0.8460216522216797,197.84591674804688,42.89507293701172,222.65545654296875,63.319786071777344
normal,C:\Users\Light\Videos\正常往返.mp4,2256,True,0.773052990436554,200.16502380371094,42.68133544921875,225.52220153808594,63.356204986572266
normal,C:\Users\Light\Videos\正常往返.mp4,2257,True,0.7752580046653748,200.185546875,42.672752380371094,225.49679565429688,63.36806106567383
normal,C:\Users\Light\Videos\正常往返.mp4,2258,True,0.8319398164749146,203.81800842285156,43.442222595214844,227.89366149902344,63.60449981689453
normal,C:\Users\Light\Videos\正常往返.mp4,2259,True,0.8318922519683838,203.8224639892578,43.445247650146484,227.887451171875,63.60752868652344
normal,C:\Users\Light\Videos\正常往返.mp4,2260,True,0.6471179723739624,206.7126007080078,43.33523178100586,231.45114135742188,63.817588806152344
normal,C:\Users\Light\Videos\正常往返.mp4,2261,True,0.648493766784668,206.73255920410156,43.331085205078125,231.4725341796875,63.825321197509766
normal,C:\Users\Light\Videos\正常往返.mp4,2262,True,0.8020385503768921,210.30917358398438,43.017234802246094,235.14230346679688,63.18027877807617
normal,C:\Users\Light\Videos\正常往返.mp4,2263,True,0.8029974102973938,210.31346130371094,43.006858825683594,235.13124084472656,63.168243408203125
normal,C:\Users\Light\Videos\正常往返.mp4,2264,True,0.8251769542694092,212.7801055908203,42.71333694458008,239.0596923828125,63.14567565917969
normal,C:\Users\Light\Videos\正常往返.mp4,2265,True,0.8243935704231262,212.7718505859375,42.73285675048828,239.0684356689453,63.14901351928711
normal,C:\Users\Light\Videos\正常往返.mp4,2266,True,0.8251523375511169,212.78013610839844,42.71371841430664,239.05960083007812,63.1457405090332
normal,C:\Users\Light\Videos\正常往返.mp4,2267,True,0.6798681020736694,217.2976837158203,41.4587516784668,242.13412475585938,62.8829231262207
normal,C:\Users\Light\Videos\正常往返.mp4,2268,True,0.8315249085426331,219.3278045654297,43.26324462890625,245.26866149902344,63.793338775634766
normal,C:\Users\Light\Videos\正常往返.mp4,2269,True,0.8313684463500977,219.31256103515625,43.27413558959961,245.27291870117188,63.78513717651367
normal,C:\Users\Light\Videos\正常往返.mp4,2270,True,0.584666907787323,223.89111328125,43.43379592895508,247.27713012695312,63.079402923583984
normal,C:\Users\Light\Videos\正常往返.mp4,2271,True,0.5873304605484009,223.85398864746094,43.43850326538086,247.23023986816406,63.075504302978516
normal,C:\Users\Light\Videos\正常往返.mp4,2272,True,0.829448401927948,226.74533081054688,43.57200622558594,252.01693725585938,63.295291900634766
normal,C:\Users\Light\Videos\正常往返.mp4,2273,True,0.8292496204376221,226.83755493164062,43.5230827331543,251.98411560058594,63.3201904296875
normal,C:\Users\Light\Videos\正常往返.mp4,2274,True,0.6404379606246948,229.77256774902344,42.83160400390625,254.89437866210938,63.926551818847656
normal,C:\Users\Light\Videos\正常往返.mp4,2275,True,0.6327922940254211,229.75645446777344,42.808406829833984,254.909912109375,63.92729187011719
normal,C:\Users\Light\Videos\正常往返.mp4,2276,True,0.7992869019508362,233.1328125,43.45356369018555,258.11279296875,62.68939971923828
normal,C:\Users\Light\Videos\正常往返.mp4,2277,True,0.7978999018669128,233.15272521972656,43.448543548583984,258.1294250488281,62.66165542602539
normal,C:\Users\Light\Videos\正常往返.mp4,2278,True,0.8127484321594238,235.70066833496094,42.77748107910156,261.13189697265625,63.142269134521484
normal,C:\Users\Light\Videos\正常往返.mp4,2279,True,0.814206063747406,235.7076416015625,42.74345779418945,261.1497802734375,63.14607620239258
normal,C:\Users\Light\Videos\正常往返.mp4,2280,True,0.8463062644004822,238.25868225097656,43.069522857666016,264.24603271484375,62.930904388427734
normal,C:\Users\Light\Videos\正常往返.mp4,2281,True,0.8461644649505615,238.25758361816406,43.06889343261719,264.2483825683594,62.93202590942383
normal,C:\Users\Light\Videos\正常往返.mp4,2282,True,0.7716560363769531,241.26918029785156,42.02739334106445,266.2183837890625,62.65789031982422
normal,C:\Users\Light\Videos\正常往返.mp4,2283,True,0.7713754773139954,241.27305603027344,42.021095275878906,266.2177429199219,62.65504455566406
normal,C:\Users\Light\Videos\正常往返.mp4,2284,True,0.8418833017349243,242.85511779785156,42.60798263549805,268.09259033203125,63.31163024902344
normal,C:\Users\Light\Videos\正常往返.mp4,2285,True,0.8417894840240479,242.86407470703125,42.60997772216797,268.09393310546875,63.33791732788086
normal,C:\Users\Light\Videos\正常往返.mp4,2286,True,0.8611040711402893,243.7986297607422,42.46757507324219,269.8702087402344,62.97606658935547
normal,C:\Users\Light\Videos\正常往返.mp4,2287,True,0.8611148595809937,243.799560546875,42.467506408691406,269.87030029296875,62.97622299194336
normal,C:\Users\Light\Videos\正常往返.mp4,2288,True,0.8611148595809937,243.799560546875,42.467506408691406,269.87030029296875,62.97622299194336
normal,C:\Users\Light\Videos\正常往返.mp4,2289,True,0.8388196229934692,244.91978454589844,41.968833923339844,270.4537048339844,62.68695831298828
normal,C:\Users\Light\Videos\正常往返.mp4,2290,True,0.8385766744613647,244.924072265625,41.96999740600586,270.4551696777344,62.68834686279297
normal,C:\Users\Light\Videos\正常往返.mp4,2291,True,0.8308484554290771,245.3190155029297,42.02064895629883,270.2948913574219,62.63590621948242
normal,C:\Users\Light\Videos\正常往返.mp4,2292,True,0.8253608345985413,245.17724609375,42.03140640258789,270.1878967285156,62.63751983642578
normal,C:\Users\Light\Videos\正常往返.mp4,2293,True,0.8253341317176819,245.17723083496094,42.03313064575195,270.1888122558594,62.638797760009766
normal,C:\Users\Light\Videos\正常往返.mp4,2294,True,0.8428030014038086,244.62501525878906,41.99368667602539,270.0809020996094,62.65605163574219
normal,C:\Users\Light\Videos\正常往返.mp4,2295,True,0.8437413573265076,244.6210174560547,41.99969482421875,270.0778503417969,62.66649627685547
normal,C:\Users\Light\Videos\正常往返.mp4,2296,True,0.8462274074554443,243.94935607910156,42.054176330566406,269.7479553222656,62.951412200927734
normal,C:\Users\Light\Videos\正常往返.mp4,2297,True,0.847004234790802,243.93670654296875,42.06148147583008,269.7474060058594,62.96454620361328
normal,C:\Users\Light\Videos\正常往返.mp4,2298,True,0.8335008025169373,242.60047912597656,42.36497497558594,267.7331848144531,63.20658874511719
normal,C:\Users\Light\Videos\正常往返.mp4,2299,True,0.8333647847175598,242.59100341796875,42.365692138671875,267.7298583984375,63.209861755371094
normal,C:\Users\Light\Videos\正常往返.mp4,2300,True,0.7605258226394653,240.94244384765625,41.9417610168457,266.0179138183594,62.81582260131836
normal,C:\Users\Light\Videos\正常往返.mp4,2301,True,0.760784924030304,240.92335510253906,41.9485969543457,266.01654052734375,62.8485221862793
normal,C:\Users\Light\Videos\正常往返.mp4,2302,True,0.8510664701461792,238.38490295410156,42.282257080078125,264.0520935058594,62.814186096191406
normal,C:\Users\Light\Videos\正常往返.mp4,2303,True,0.8518424034118652,238.3714141845703,42.29789733886719,264.0475158691406,62.824764251708984
normal,C:\Users\Light\Videos\正常往返.mp4,2304,True,0.8373880982398987,236.22872924804688,42.41770935058594,261.6305236816406,63.10194778442383
normal,C:\Users\Light\Videos\正常往返.mp4,2305,True,0.8356921672821045,236.24078369140625,42.41419219970703,261.619140625,63.112369537353516
normal,C:\Users\Light\Videos\正常往返.mp4,2306,True,0.7933219075202942,233.44979858398438,41.8491325378418,258.54925537109375,62.351078033447266
normal,C:\Users\Light\Videos\正常往返.mp4,2307,True,0.7952066659927368,233.4254608154297,41.85825729370117,258.5442810058594,62.353477478027344
normal,C:\Users\Light\Videos\正常往返.mp4,2308,True,0.739215612411499,229.2605743408203,42.78767776489258,255.5498046875,62.89208984375
normal,C:\Users\Light\Videos\正常往返.mp4,2309,True,0.739215612411499,229.2605743408203,42.78767776489258,255.5498046875,62.89208984375
normal,C:\Users\Light\Videos\正常往返.mp4,2310,True,0.7393196225166321,229.2627410888672,42.78888702392578,255.54891967773438,62.89016342163086
normal,C:\Users\Light\Videos\正常往返.mp4,2311,True,0.8480628132820129,226.52938842773438,42.531044006347656,252.16600036621094,63.02133560180664
normal,C:\Users\Light\Videos\正常往返.mp4,2312,True,0.8483468890190125,226.52650451660156,42.52674102783203,252.15338134765625,63.02971649169922
normal,C:\Users\Light\Videos\正常往返.mp4,2313,True,0.6779996156692505,222.8492889404297,43.17620086669922,247.30755615234375,62.809391021728516
normal,C:\Users\Light\Videos\正常往返.mp4,2314,True,0.6791011691093445,222.84564208984375,43.17931365966797,247.3009490966797,62.81044387817383
normal,C:\Users\Light\Videos\正常往返.mp4,2315,True,0.7931220531463623,217.7782745361328,41.245262145996094,243.57427978515625,62.07871627807617
normal,C:\Users\Light\Videos\正常往返.mp4,2316,True,0.816393256187439,212.7476043701172,40.47841262817383,239.60092163085938,61.99007797241211
normal,C:\Users\Light\Videos\正常往返.mp4,2317,True,0.8162871599197388,212.7474822998047,40.47345733642578,239.60166931152344,61.98516845703125
normal,C:\Users\Light\Videos\正常往返.mp4,2318,True,0.6616203188896179,208.45916748046875,43.00804901123047,235.75103759765625,62.57696533203125
normal,C:\Users\Light\Videos\正常往返.mp4,2319,True,0.6635215282440186,208.46481323242188,43.005916595458984,235.74391174316406,62.58232116699219
normal,C:\Users\Light\Videos\正常往返.mp4,2320,True,0.8208121657371521,203.8634796142578,42.086917877197266,228.65396118164062,61.908992767333984
normal,C:\Users\Light\Videos\正常往返.mp4,2321,True,0.8209853172302246,203.8623504638672,42.08400344848633,228.65423583984375,61.91396713256836
normal,C:\Users\Light\Videos\正常往返.mp4,2322,True,0.6624804735183716,198.96224975585938,42.046287536621094,224.3223876953125,61.95316696166992
normal,C:\Users\Light\Videos\正常往返.mp4,2323,True,0.6630113124847412,198.97802734375,42.02288818359375,224.3319854736328,61.94707107543945
normal,C:\Users\Light\Videos\正常往返.mp4,2324,True,0.7221412062644958,193.3373565673828,42.83637619018555,217.98544311523438,62.62479019165039
normal,C:\Users\Light\Videos\正常往返.mp4,2325,True,0.7218739986419678,193.33143615722656,42.83404541015625,217.9685516357422,62.615779876708984
normal,C:\Users\Light\Videos\正常往返.mp4,2326,True,0.6401836276054382,188.694580078125,42.992740631103516,214.09048461914062,63.961021423339844
normal,C:\Users\Light\Videos\正常往返.mp4,2327,True,0.638917088508606,188.71853637695312,43.00856399536133,214.10597229003906,63.96281433105469
normal,C:\Users\Light\Videos\正常往返.mp4,2328,True,0.778874933719635,182.3523406982422,42.74895095825195,209.220703125,63.40212631225586
normal,C:\Users\Light\Videos\正常往返.mp4,2329,True,0.7777056097984314,182.36082458496094,42.7624626159668,209.24880981445312,63.407440185546875
normal,C:\Users\Light\Videos\正常往返.mp4,2330,True,0.6205117702484131,177.61953735351562,42.62189865112305,203.01124572753906,63.384220123291016
normal,C:\Users\Light\Videos\正常往返.mp4,2331,True,0.6198896169662476,177.62171936035156,42.624813079833984,203.01905822753906,63.384891510009766
normal,C:\Users\Light\Videos\正常往返.mp4,2332,True,0.6568448543548584,171.29844665527344,43.298274993896484,196.20843505859375,64.21245574951172
normal,C:\Users\Light\Videos\正常往返.mp4,2333,True,0.6568448543548584,171.29844665527344,43.298274993896484,196.20843505859375,64.21245574951172
normal,C:\Users\Light\Videos\正常往返.mp4,2334,True,0.6553806662559509,171.28335571289062,43.31013107299805,196.203857421875,64.21556854248047
normal,C:\Users\Light\Videos\正常往返.mp4,2335,True,0.7054322957992554,164.58639526367188,43.105133056640625,190.96536254882812,63.57364273071289
normal,C:\Users\Light\Videos\正常往返.mp4,2336,True,0.7038432955741882,164.59329223632812,43.10811233520508,190.9934844970703,63.559635162353516
normal,C:\Users\Light\Videos\正常往返.mp4,2337,True,0.6314505338668823,158.3113250732422,43.24119186401367,182.93716430664062,63.32234191894531
normal,C:\Users\Light\Videos\正常往返.mp4,2338,True,0.6331309676170349,158.29376220703125,43.24567413330078,182.9304656982422,63.32938003540039
normal,C:\Users\Light\Videos\正常往返.mp4,2339,True,0.7002177834510803,151.2149658203125,42.47974395751953,176.6900634765625,63.685001373291016
normal,C:\Users\Light\Videos\正常往返.mp4,2340,True,0.7589367628097534,145.5347900390625,42.59300994873047,170.9255828857422,62.67348861694336
normal,C:\Users\Light\Videos\正常往返.mp4,2341,True,0.7588404417037964,145.53355407714844,42.59901809692383,170.92433166503906,62.675506591796875
normal,C:\Users\Light\Videos\正常往返.mp4,2342,True,0.7007978558540344,138.95957946777344,43.8077507019043,164.4481658935547,63.41041946411133
normal,C:\Users\Light\Videos\正常往返.mp4,2343,True,0.7024103403091431,138.97569274902344,43.80158996582031,164.44583129882812,63.425052642822266
normal,C:\Users\Light\Videos\正常往返.mp4,2344,True,0.6674060225486755,131.39093017578125,42.7966194152832,159.1766815185547,62.79511642456055
normal,C:\Users\Light\Videos\正常往返.mp4,2345,True,0.6711609363555908,131.3997039794922,42.799354553222656,159.16448974609375,62.792694091796875
normal,C:\Users\Light\Videos\正常往返.mp4,2346,True,0.33299577236175537,126.53714752197266,44.654945373535156,151.57077026367188,63.02256774902344
normal,C:\Users\Light\Videos\正常往返.mp4,2347,True,0.322986900806427,126.54698181152344,44.6336555480957,151.5745391845703,63.029022216796875
normal,C:\Users\Light\Videos\正常往返.mp4,2348,True,0.3654564619064331,121.51976013183594,43.345516204833984,147.79331970214844,63.163604736328125
normal,C:\Users\Light\Videos\正常往返.mp4,2349,True,0.364684522151947,121.52489471435547,43.345584869384766,147.798095703125,63.16057586669922
normal,C:\Users\Light\Videos\正常往返.mp4,2350,True,0.466533362865448,114.67227172851562,44.17090606689453,141.89114379882812,62.12983322143555
normal,C:\Users\Light\Videos\正常往返.mp4,2351,True,0.4454174041748047,114.7104721069336,44.1895751953125,141.91722106933594,62.089202880859375
normal,C:\Users\Light\Videos\正常往返.mp4,2352,True,0.4182649850845337,110.52702331542969,43.925498962402344,136.30075073242188,63.32431411743164
normal,C:\Users\Light\Videos\正常往返.mp4,2353,True,0.42561498284339905,110.53741455078125,43.88338851928711,136.27655029296875,63.32496643066406
normal,C:\Users\Light\Videos\正常往返.mp4,2354,True,0.2293393462896347,107.26282501220703,44.755863189697266,134.44366455078125,61.9534797668457
normal,C:\Users\Light\Videos\正常往返.mp4,2355,True,0.22958596050739288,107.2627944946289,44.756961822509766,134.4435577392578,61.95265197753906
normal,C:\Users\Light\Videos\正常往返.mp4,2356,True,0.22934944927692413,107.2628402709961,44.75590896606445,134.44363403320312,61.9534797668457
normal,C:\Users\Light\Videos\正常往返.mp4,2357,True,0.6020506620407104,102.51110076904297,44.66256332397461,129.43394470214844,63.1837043762207
normal,C:\Users\Light\Videos\正常往返.mp4,2358,True,0.602668285369873,102.51840209960938,44.673770904541016,129.43565368652344,63.1547966003418
normal,C:\Users\Light\Videos\正常往返.mp4,2359,True,0.5896271467208862,100.15482330322266,44.57480239868164,127.82987213134766,63.182090759277344
normal,C:\Users\Light\Videos\正常往返.mp4,2360,True,0.5535277128219604,100.11591339111328,44.59842300415039,127.83341979980469,63.11006164550781
normal,C:\Users\Light\Videos\正常往返.mp4,2361,True,0.6293285489082336,99.41439056396484,44.10257339477539,124.5691146850586,64.83687591552734
normal,C:\Users\Light\Videos\正常往返.mp4,2362,True,0.629963219165802,99.41871643066406,44.09743881225586,124.57579040527344,64.83748626708984
normal,C:\Users\Light\Videos\正常往返.mp4,2363,True,0.6213763952255249,100.29252624511719,43.83020782470703,126.25358581542969,65.6689453125
normal,C:\Users\Light\Videos\正常往返.mp4,2364,True,0.7178736329078674,99.94418334960938,44.38582992553711,126.86200714111328,64.35635375976562
normal,C:\Users\Light\Videos\正常往返.mp4,2365,True,0.7198029160499573,99.93769836425781,44.37112808227539,126.81271362304688,64.36088562011719
normal,C:\Users\Light\Videos\正常往返.mp4,2366,True,0.5679834485054016,103.12195587158203,44.836700439453125,128.15135192871094,64.17428588867188
normal,C:\Users\Light\Videos\正常往返.mp4,2367,True,0.5707359910011292,103.1130599975586,44.83766555786133,128.14361572265625,64.16400146484375
normal,C:\Users\Light\Videos\正常往返.mp4,2368,True,0.4821178913116455,107.21961975097656,44.66415786743164,133.27120971679688,64.42675018310547
normal,C:\Users\Light\Videos\正常往返.mp4,2369,True,0.48842790722846985,107.25935363769531,44.66978073120117,133.28109741210938,64.43241882324219
normal,C:\Users\Light\Videos\正常往返.mp4,2370,True,0.08359739929437637,112.13135528564453,44.797210693359375,139.63442993164062,64.3474349975586
normal,C:\Users\Light\Videos\正常往返.mp4,2371,True,0.08253990858793259,112.12678527832031,44.80680465698242,139.63050842285156,64.34233093261719
normal,C:\Users\Light\Videos\正常往返.mp4,2372,True,0.25260135531425476,121.22367095947266,45.303462982177734,146.89816284179688,64.20384979248047
normal,C:\Users\Light\Videos\正常往返.mp4,2373,True,0.24788987636566162,121.19662475585938,45.30733871459961,146.8930206298828,64.20521545410156
normal,C:\Users\Light\Videos\正常往返.mp4,2374,True,0.2522929906845093,130.7547607421875,44.727848052978516,157.15736389160156,63.927425384521484
normal,C:\Users\Light\Videos\正常往返.mp4,2375,True,0.25273585319519043,130.71945190429688,44.754520416259766,157.11842346191406,63.924556732177734
normal,C:\Users\Light\Videos\正常往返.mp4,2376,True,0.3273669183254242,143.4496307373047,45.07614517211914,168.95425415039062,64.71162414550781
normal,C:\Users\Light\Videos\正常往返.mp4,2377,True,0.325564980506897,143.4488067626953,45.0789909362793,168.95346069335938,64.71442413330078
normal,C:\Users\Light\Videos\正常往返.mp4,2378,True,0.039381243288517,153.71728515625,47.623844146728516,181.80062866210938,66.2735824584961
normal,C:\Users\Light\Videos\正常往返.mp4,2379,True,0.04537659138441086,153.76748657226562,47.4438591003418,181.5029296875,66.09735870361328
normal,C:\Users\Light\Videos\正常往返.mp4,2380,True,0.03937283903360367,153.7174530029297,47.624290466308594,181.80120849609375,66.27389526367188
normal,C:\Users\Light\Videos\正常往返.mp4,2381,True,0.007656855508685112,265.4945373535156,0.0,371.4713439941406,97.14364624023438
normal,C:\Users\Light\Videos\正常往返.mp4,2382,True,0.007645441219210625,265.49517822265625,0.0,371.4777526855469,97.13976287841797
normal,C:\Users\Light\Videos\正常往返.mp4,2383,True,0.006039542146027088,264.3026123046875,0.0,373.08221435546875,96.42450714111328
normal,C:\Users\Light\Videos\正常往返.mp4,2384,True,0.005921526812016964,264.2403869628906,0.0,373.1474304199219,96.4963607788086
normal,C:\Users\Light\Videos\正常往返.mp4,2385,True,0.007257153745740652,265.3345642089844,0.0,371.7841796875,97.02033233642578
normal,C:\Users\Light\Videos\正常往返.mp4,2386,True,0.00701942527666688,265.2257995605469,0.0,371.9524841308594,96.94346618652344
normal,C:\Users\Light\Videos\正常往返.mp4,2387,True,0.005448304116725922,263.9744873046875,0.0,373.3046875,96.53226470947266
normal,C:\Users\Light\Videos\正常往返.mp4,2388,True,0.007361460477113724,265.5126647949219,0.0,371.5860595703125,96.8705825805664
normal,C:\Users\Light\Videos\正常往返.mp4,2389,True,0.007359433453530073,265.5140075683594,0.0,371.5857238769531,96.87179565429688
normal,C:\Users\Light\Videos\正常往返.mp4,2390,True,0.005165157373994589,263.70654296875,0.0,373.5891418457031,96.94284057617188
normal,C:\Users\Light\Videos\正常往返.mp4,2391,True,0.005145725794136524,263.68939208984375,0.0,373.6046142578125,96.96385955810547
normal,C:\Users\Light\Videos\正常往返.mp4,2392,True,0.006016773171722889,264.2747497558594,0.0,373.0519714355469,96.25929260253906
normal,C:\Users\Light\Videos\正常往返.mp4,2393,True,0.006104182451963425,264.3619079589844,0.0,372.96923828125,96.22286987304688
normal,C:\Users\Light\Videos\正常往返.mp4,2394,True,0.007001037243753672,265.33856201171875,0.0,371.87664794921875,96.94212341308594
normal,C:\Users\Light\Videos\正常往返.mp4,2395,True,0.007011468056589365,265.34857177734375,0.0,371.86376953125,96.94308471679688
normal,C:\Users\Light\Videos\正常往返.mp4,2396,True,0.005796418990939856,264.343994140625,0.0,372.9929504394531,96.44405364990234
normal,C:\Users\Light\Videos\正常往返.mp4,2397,True,0.005776273086667061,264.3216552734375,0.0,373.0133361816406,96.45297241210938
normal,C:\Users\Light\Videos\正常往返.mp4,2398,True,0.006949480157345533,265.3767395019531,0.0,371.84747314453125,96.8313217163086
normal,C:\Users\Light\Videos\正常往返.mp4,2399,True,0.0069459048099815845,265.371337890625,0.0,371.8532409667969,96.83454895019531
normal,C:\Users\Light\Videos\正常往返.mp4,2400,True,0.006169358734041452,264.5679626464844,0.0,372.7631530761719,96.2794189453125
normal,C:\Users\Light\Videos\正常往返.mp4,2401,True,0.00617433525621891,264.5747375488281,0.0,372.75469970703125,96.2763671875
normal,C:\Users\Light\Videos\正常往返.mp4,2402,True,0.00617433525621891,264.5747375488281,0.0,372.75469970703125,96.2763671875
normal,C:\Users\Light\Videos\正常往返.mp4,2403,True,0.03730779141187668,398.9960632324219,32.99333572387695,426.0618896484375,53.58967590332031
normal,C:\Users\Light\Videos\正常往返.mp4,2404,True,0.03825584426522255,399.03668212890625,32.977176666259766,426.0877990722656,53.56795883178711
normal,C:\Users\Light\Videos\正常往返.mp4,2405,True,0.004444310441613197,263.27862548828125,0.0,373.8421325683594,97.44014739990234
normal,C:\Users\Light\Videos\正常往返.mp4,2406,True,0.0044695227406919,263.2817687988281,0.0,373.8397216796875,97.39664459228516
normal,C:\Users\Light\Videos\正常往返.mp4,2407,True,0.0065377685241401196,264.95501708984375,0.0,372.2744445800781,96.31318664550781
normal,C:\Users\Light\Videos\正常往返.mp4,2408,True,0.006553146056830883,264.9609680175781,0.0,372.26727294921875,96.33423614501953
normal,C:\Users\Light\Videos\正常往返.mp4,2409,True,0.048768725246191025,363.3995361328125,45.375179290771484,390.2828674316406,64.4455337524414
normal,C:\Users\Light\Videos\正常往返.mp4,2410,True,0.04906072840094566,363.39349365234375,45.372154235839844,390.2835388183594,64.445556640625
normal,C:\Users\Light\Videos\正常往返.mp4,2411,True,0.43197041749954224,359.8912658691406,47.68791961669922,385.13330078125,65.088623046875
normal,C:\Users\Light\Videos\正常往返.mp4,2412,True,0.6092348694801331,357.27484130859375,46.688236236572266,381.8233337402344,65.75450897216797
normal,C:\Users\Light\Videos\正常往返.mp4,2413,True,0.6091554760932922,357.27459716796875,46.6878547668457,381.8226013183594,65.75466918945312
normal,C:\Users\Light\Videos\正常往返.mp4,2414,True,0.19132980704307556,354.2139892578125,46.038665771484375,381.0821533203125,65.1034164428711
normal,C:\Users\Light\Videos\正常往返.mp4,2415,True,0.18792420625686646,354.2303161621094,46.052921295166016,381.08734130859375,65.12471008300781
normal,C:\Users\Light\Videos\正常往返.mp4,2416,True,0.5173069834709167,355.21795654296875,47.106231689453125,380.53704833984375,65.82145690917969
normal,C:\Users\Light\Videos\正常往返.mp4,2417,True,0.4935181140899658,355.1883850097656,47.14262771606445,380.61859130859375,65.84027862548828
normal,C:\Users\Light\Videos\正常往返.mp4,2418,True,0.40073662996292114,356.27935791015625,46.34599304199219,381.22265625,65.35857391357422
normal,C:\Users\Light\Videos\正常往返.mp4,2419,True,0.40075477957725525,356.2793273925781,46.34711456298828,381.22186279296875,65.35879516601562
normal,C:\Users\Light\Videos\正常往返.mp4,2420,True,0.3684086501598358,357.4858093261719,45.90153121948242,383.049560546875,64.64347076416016
normal,C:\Users\Light\Videos\正常往返.mp4,2421,True,0.36791980266571045,357.48193359375,45.903682708740234,383.0580749511719,64.64230346679688
normal,C:\Users\Light\Videos\正常往返.mp4,2422,True,0.48973843455314636,362.3634338378906,47.29744338989258,386.7203063964844,65.74736022949219
normal,C:\Users\Light\Videos\正常往返.mp4,2423,True,0.4871905446052551,362.3722839355469,47.30992889404297,386.7264404296875,65.74769592285156
normal,C:\Users\Light\Videos\正常往返.mp4,2424,True,0.2076445072889328,364.68511962890625,46.95710754394531,390.3371887207031,65.34283447265625
normal,C:\Users\Light\Videos\正常往返.mp4,2425,True,0.1999279111623764,364.6630859375,46.955379486083984,390.32916259765625,65.36253356933594
normal,C:\Users\Light\Videos\正常往返.mp4,2426,True,0.1999279111623764,364.6630859375,46.955379486083984,390.32916259765625,65.36253356933594
normal,C:\Users\Light\Videos\正常往返.mp4,2427,True,0.3302731513977051,370.4214782714844,47.069297790527344,395.8067932128906,64.9712142944336
normal,C:\Users\Light\Videos\正常往返.mp4,2428,True,0.33121880888938904,370.4189453125,47.07081985473633,395.80572509765625,64.97166442871094
normal,C:\Users\Light\Videos\正常往返.mp4,2429,True,0.043393734842538834,377.70526123046875,48.11106491088867,403.1073303222656,64.3455810546875
normal,C:\Users\Light\Videos\正常往返.mp4,2430,True,0.04348846897482872,377.6985168457031,48.10600280761719,403.1007995605469,64.35369110107422
normal,C:\Users\Light\Videos\正常往返.mp4,2431,True,0.02439221553504467,384.8078918457031,48.090919494628906,409.4924621582031,63.18850326538086
normal,C:\Users\Light\Videos\正常往返.mp4,2432,True,0.022703424096107483,384.81390380859375,48.11075210571289,409.4908447265625,63.19022750854492
normal,C:\Users\Light\Videos\正常往返.mp4,2433,True,0.008224505931138992,402.4919128417969,31.502622604370117,428.0791320800781,55.10750961303711
normal,C:\Users\Light\Videos\正常往返.mp4,2434,True,0.008419470861554146,402.4090881347656,31.543254852294922,428.0938415527344,55.16351318359375
normal,C:\Users\Light\Videos\正常往返.mp4,2435,True,0.11971265077590942,401.935546875,32.42444610595703,429.9616394042969,54.71141052246094
normal,C:\Users\Light\Videos\正常往返.mp4,2436,True,0.0070439595729112625,395.66497802734375,33.912940979003906,424.83172607421875,55.45692443847656
normal,C:\Users\Light\Videos\正常往返.mp4,2437,True,0.006872867234051228,395.6485900878906,33.880714416503906,424.8446350097656,55.43347930908203
normal,C:\Users\Light\Videos\正常往返.mp4,2438,True,0.005112050101161003,263.6995544433594,0.0,373.5579528808594,96.82186126708984
normal,C:\Users\Light\Videos\正常往返.mp4,2439,True,0.005076526198536158,263.6600341796875,0.0,373.59185791015625,96.84687042236328
normal,C:\Users\Light\Videos\正常往返.mp4,2440,True,0.009807208552956581,403.1057434082031,31.148792266845703,428.0172119140625,55.11665344238281
normal,C:\Users\Light\Videos\正常往返.mp4,2441,True,0.009738306514918804,403.1023254394531,31.157331466674805,428.0217590332031,55.12393569946289
normal,C:\Users\Light\Videos\正常往返.mp4,2442,True,0.006042987108230591,403.11962890625,31.380727767944336,427.5841064453125,55.0330810546875
normal,C:\Users\Light\Videos\正常往返.mp4,2443,True,0.006037295330315828,403.1210021972656,31.38377571105957,427.58343505859375,55.03285598754883
normal,C:\Users\Light\Videos\正常往返.mp4,2444,True,0.025931185111403465,397.50738525390625,34.41690444946289,425.2037658691406,55.25869369506836
normal,C:\Users\Light\Videos\正常往返.mp4,2445,True,0.025899237021803856,397.4995422363281,34.43035125732422,425.2000427246094,55.273216247558594
normal,C:\Users\Light\Videos\正常往返.mp4,2446,True,0.08308980613946915,399.9090576171875,34.55401611328125,426.42437744140625,54.89339065551758
normal,C:\Users\Light\Videos\正常往返.mp4,2447,True,0.08308980613946915,399.9090576171875,34.55401611328125,426.42437744140625,54.89339065551758
normal,C:\Users\Light\Videos\正常往返.mp4,2448,True,0.08328267931938171,399.91485595703125,34.54729461669922,426.4273681640625,54.88572692871094
normal,C:\Users\Light\Videos\正常往返.mp4,2449,True,0.04291614145040512,399.09991455078125,33.79523468017578,426.29241943359375,54.362892150878906
normal,C:\Users\Light\Videos\正常往返.mp4,2450,True,0.04243829846382141,399.0777282714844,33.78938674926758,426.27667236328125,54.3607177734375
normal,C:\Users\Light\Videos\正常往返.mp4,2451,True,0.08414770662784576,400.0063171386719,34.793819427490234,426.54852294921875,55.15085220336914
normal,C:\Users\Light\Videos\正常往返.mp4,2452,True,0.08449939638376236,400.015380859375,34.793392181396484,426.55419921875,55.15446090698242
normal,C:\Users\Light\Videos\正常往返.mp4,2453,True,0.07022710889577866,399.5343322753906,34.71486282348633,426.2915344238281,55.04536056518555
normal,C:\Users\Light\Videos\正常往返.mp4,2454,True,0.07247040420770645,399.5902404785156,34.72087097167969,426.29443359375,55.055355072021484
normal,C:\Users\Light\Videos\正常往返.mp4,2455,True,0.04128177464008331,399.254150390625,33.650840759277344,426.44342041015625,54.249332427978516
normal,C:\Users\Light\Videos\正常往返.mp4,2456,True,0.04360828921198845,399.3665771484375,33.621368408203125,426.5182800292969,54.19041442871094
normal,C:\Users\Light\Videos\正常往返.mp4,2457,True,0.06868116557598114,399.8265075683594,34.56638717651367,426.58404541015625,54.87626647949219
normal,C:\Users\Light\Videos\正常往返.mp4,2458,True,0.06773916631937027,399.7945556640625,34.573177337646484,426.5714416503906,54.88328170776367
normal,C:\Users\Light\Videos\正常往返.mp4,2459,True,0.06354915350675583,399.6236877441406,34.73411560058594,426.5401611328125,55.04766845703125
normal,C:\Users\Light\Videos\正常往返.mp4,2460,True,0.03806273266673088,398.72821044921875,34.693572998046875,426.15325927734375,55.25593948364258
normal,C:\Users\Light\Videos\正常往返.mp4,2461,True,0.03501567617058754,398.5455627441406,34.68281555175781,426.0389099121094,55.29121398925781
normal,C:\Users\Light\Videos\正常往返.mp4,2462,True,0.045304518193006516,399.0743713378906,34.603973388671875,426.351318359375,55.091976165771484
normal,C:\Users\Light\Videos\正常往返.mp4,2463,True,0.04536781832575798,399.08544921875,34.594940185546875,426.3597106933594,55.082542419433594
normal,C:\Users\Light\Videos\正常往返.mp4,2464,True,0.07035290449857712,399.3403015136719,35.4725456237793,426.17816162109375,55.75069046020508
normal,C:\Users\Light\Videos\正常往返.mp4,2465,True,0.07056216895580292,399.3538513183594,35.45468521118164,426.18426513671875,55.73377227783203
normal,C:\Users\Light\Videos\正常往返.mp4,2466,True,0.07373757660388947,399.5962829589844,35.136688232421875,426.3367004394531,55.444461822509766
normal,C:\Users\Light\Videos\正常往返.mp4,2467,True,0.07065440714359283,399.5473327636719,35.0479621887207,426.3388671875,55.342960357666016
normal,C:\Users\Light\Videos\正常往返.mp4,2468,True,0.059247348457574844,399.5845947265625,34.536312103271484,426.5310974121094,54.86434555053711
normal,C:\Users\Light\Videos\正常往返.mp4,2469,True,0.059636738151311874,399.5959777832031,34.53232192993164,426.5312805175781,54.857666015625
normal,C:\Users\Light\Videos\正常往返.mp4,2470,True,0.07142253965139389,399.6349182128906,35.13164520263672,426.4242858886719,55.42808151245117
normal,C:\Users\Light\Videos\正常往返.mp4,2471,True,0.07142253965139389,399.6349182128906,35.13164520263672,426.4242858886719,55.42808151245117
normal,C:\Users\Light\Videos\正常往返.mp4,2472,True,0.07539267838001251,399.7650451660156,35.09112548828125,426.4687194824219,55.4050407409668
normal,C:\Users\Light\Videos\正常往返.mp4,2473,True,0.08132452517747879,399.9111633300781,34.51192855834961,426.4364318847656,54.8529167175293
normal,C:\Users\Light\Videos\正常往返.mp4,2474,True,0.08242161571979523,399.9364929199219,34.531158447265625,426.45269775390625,54.8748779296875
normal,C:\Users\Light\Videos\正常往返.mp4,2475,True,0.060675688087940216,399.33636474609375,34.769615173339844,426.2984619140625,55.062774658203125
normal,C:\Users\Light\Videos\正常往返.mp4,2476,True,0.05935418978333473,399.2867431640625,34.78388977050781,426.2904357910156,55.0883903503418
normal,C:\Users\Light\Videos\正常往返.mp4,2477,True,0.07248375564813614,399.80682373046875,34.65040969848633,426.51055908203125,54.97449493408203
normal,C:\Users\Light\Videos\正常往返.mp4,2478,True,0.07322695106267929,399.8112487792969,34.65867614746094,426.5000305175781,54.98012161254883
normal,C:\Users\Light\Videos\正常往返.mp4,2479,True,0.08028217405080795,399.9071350097656,34.83469772338867,426.5157775878906,55.1776123046875
normal,C:\Users\Light\Videos\正常往返.mp4,2480,True,0.07975438237190247,399.91668701171875,34.76121139526367,426.5238037109375,55.106319427490234
normal,C:\Users\Light\Videos\正常往返.mp4,2481,True,0.06595367938280106,399.7738342285156,34.024906158447266,426.52313232421875,54.35993194580078
normal,C:\Users\Light\Videos\正常往返.mp4,2482,True,0.06442449241876602,399.7284240722656,34.00742721557617,426.5196838378906,54.349891662597656
normal,C:\Users\Light\Videos\正常往返.mp4,2483,True,0.05529426038265228,399.2887268066406,34.62761688232422,426.36773681640625,55.02543640136719
normal,C:\Users\Light\Videos\正常往返.mp4,2484,True,0.1088113784790039,400.8834228515625,35.13619613647461,426.8995056152344,55.72706985473633
normal,C:\Users\Light\Videos\正常往返.mp4,2485,True,0.10920792073011398,400.8905029296875,35.15121078491211,426.9012145996094,55.74612045288086
normal,C:\Users\Light\Videos\正常往返.mp4,2486,True,0.11100766807794571,400.9974365234375,34.60926055908203,426.9638671875,55.22205352783203
normal,C:\Users\Light\Videos\正常往返.mp4,2487,True,0.11111008375883102,401.0134582519531,34.606414794921875,426.9801330566406,55.22288131713867
normal,C:\Users\Light\Videos\正常往返.mp4,2488,True,0.09023460000753403,399.8957824707031,35.024810791015625,426.3083801269531,55.45611572265625
normal,C:\Users\Light\Videos\正常往返.mp4,2489,True,0.09007730334997177,399.8863830566406,35.02396011352539,426.3031005859375,55.455039978027344
normal,C:\Users\Light\Videos\正常往返.mp4,2490,True,0.11677414923906326,400.8962707519531,36.27753829956055,426.8404541015625,56.9655876159668
fast,C:\Users\Light\Videos\高速运动.mp4,0,True,0.02504747360944748,398.0602111816406,35.15612030029297,425.6435546875,56.055912017822266
fast,C:\Users\Light\Videos\高速运动.mp4,1,True,0.027799999341368675,398.27392578125,35.302040100097656,425.79327392578125,56.083187103271484
fast,C:\Users\Light\Videos\高速运动.mp4,2,True,0.02827262319624424,398.3084411621094,35.307708740234375,425.8204345703125,56.06877517700195
fast,C:\Users\Light\Videos\高速运动.mp4,3,True,0.044418565928936005,398.8958435058594,36.273033142089844,426.3574523925781,56.66758346557617
fast,C:\Users\Light\Videos\高速运动.mp4,4,True,0.06309005618095398,399.66558837890625,35.74587631225586,426.5864562988281,55.965572357177734
fast,C:\Users\Light\Videos\高速运动.mp4,5,True,0.06294646859169006,399.7140808105469,35.637203216552734,426.6185607910156,55.86469650268555
fast,C:\Users\Light\Videos\高速运动.mp4,6,True,0.01957848109304905,397.5389709472656,34.831783294677734,425.29559326171875,55.944618225097656
fast,C:\Users\Light\Videos\高速运动.mp4,7,True,0.03784932568669319,398.99298095703125,34.8138542175293,426.2801513671875,55.332740783691406
fast,C:\Users\Light\Videos\高速运动.mp4,8,True,0.038376130163669586,399.02447509765625,34.785972595214844,426.29559326171875,55.29652404785156
fast,C:\Users\Light\Videos\高速运动.mp4,9,True,0.009890301153063774,396.74664306640625,34.20128631591797,425.16046142578125,55.67538833618164
fast,C:\Users\Light\Videos\高速运动.mp4,10,True,0.05464404076337814,399.3678283691406,35.99320602416992,426.5428466796875,56.25651550292969
fast,C:\Users\Light\Videos\高速运动.mp4,11,True,0.03911137208342552,399.1949157714844,34.07625198364258,426.38507080078125,54.62234878540039
fast,C:\Users\Light\Videos\高速运动.mp4,12,True,0.03959660604596138,399.21856689453125,34.08237075805664,426.3996887207031,54.619903564453125
fast,C:\Users\Light\Videos\高速运动.mp4,13,True,0.06350555270910263,399.9438171386719,34.86309051513672,426.777099609375,55.16154098510742
fast,C:\Users\Light\Videos\高速运动.mp4,14,True,0.024539202451705933,398.35137939453125,33.90473937988281,425.73455810546875,54.842987060546875
fast,C:\Users\Light\Videos\高速运动.mp4,15,True,0.024796808138489723,398.37249755859375,33.912109375,425.7504577636719,54.83785629272461
fast,C:\Users\Light\Videos\高速运动.mp4,16,True,0.06257522851228714,400.0063781738281,34.464752197265625,426.83026123046875,54.78574752807617
fast,C:\Users\Light\Videos\高速运动.mp4,17,True,0.025242289528250694,398.2065124511719,34.51251220703125,425.67108154296875,55.38984680175781
fast,C:\Users\Light\Videos\高速运动.mp4,18,True,0.025662435218691826,398.2303161621094,34.538753509521484,425.6905822753906,55.39372253417969
fast,C:\Users\Light\Videos\高速运动.mp4,19,True,0.032342154532670975,398.4906921386719,35.4528923034668,425.98968505859375,56.09024429321289
fast,C:\Users\Light\Videos\高速运动.mp4,20,True,0.0319957360625267,398.46484375,35.45743942260742,425.9695739746094,56.10102462768555
fast,C:\Users\Light\Videos\高速运动.mp4,21,True,0.08438913524150848,400.2462158203125,34.99540710449219,426.6532287597656,55.275840759277344
fast,C:\Users\Light\Videos\高速运动.mp4,22,True,0.09725181013345718,401.0827331542969,34.28212356567383,427.2123107910156,54.672550201416016
fast,C:\Users\Light\Videos\高速运动.mp4,23,True,0.09824224561452866,401.12689208984375,34.278358459472656,427.2318115234375,54.678733825683594
fast,C:\Users\Light\Videos\高速运动.mp4,24,True,0.048912711441516876,399.334716796875,36.130611419677734,426.697265625,56.50171661376953
fast,C:\Users\Light\Videos\高速运动.mp4,25,True,0.04764074087142944,399.65264892578125,34.74769592285156,426.8298034667969,55.209388732910156
fast,C:\Users\Light\Videos\高速运动.mp4,26,True,0.04753229022026062,399.65087890625,34.73619842529297,426.83135986328125,55.201656341552734
fast,C:\Users\Light\Videos\高速运动.mp4,27,True,0.01995067670941353,397.7735900878906,34.44279098510742,425.4260559082031,55.561092376708984
fast,C:\Users\Light\Videos\高速运动.mp4,28,True,0.04841504991054535,399.44403076171875,35.613311767578125,426.69927978515625,55.97478103637695
fast,C:\Users\Light\Videos\高速运动.mp4,29,True,0.048559945076704025,399.4500427246094,35.61738967895508,426.7078857421875,55.979759216308594
fast,C:\Users\Light\Videos\高速运动.mp4,30,True,0.049630098044872284,399.56549072265625,34.72356033325195,426.6894226074219,55.1228141784668
fast,C:\Users\Light\Videos\高速运动.mp4,31,True,0.05071103945374489,399.6018371582031,34.71394348144531,426.7052307128906,55.101322174072266
fast,C:\Users\Light\Videos\高速运动.mp4,32,True,0.01954328641295433,397.6023864746094,34.73922348022461,425.3681640625,55.86555099487305
fast,C:\Users\Light\Videos\高速运动.mp4,33,True,0.01898089423775673,397.56781005859375,34.678489685058594,425.35150146484375,55.82435607910156
fast,C:\Users\Light\Videos\高速运动.mp4,34,True,0.08413265645503998,400.44384765625,34.946754455566406,426.8632507324219,55.245784759521484
fast,C:\Users\Light\Videos\高速运动.mp4,35,True,0.08206074684858322,400.10919189453125,35.741973876953125,426.67694091796875,56.02971267700195
fast,C:\Users\Light\Videos\高速运动.mp4,36,True,0.08559458702802658,400.1944885253906,35.77341842651367,426.6795959472656,56.073123931884766
fast,C:\Users\Light\Videos\高速运动.mp4,37,True,0.08058495819568634,400.4192810058594,35.07918167114258,426.9678649902344,55.38278579711914
fast,C:\Users\Light\Videos\高速运动.mp4,38,True,0.08912820369005203,400.8599853515625,34.85015869140625,427.2062072753906,55.19809341430664
fast,C:\Users\Light\Videos\高速运动.mp4,39,True,0.09012451022863388,400.88153076171875,34.89632797241211,427.2166748046875,55.24699783325195
fast,C:\Users\Light\Videos\高速运动.mp4,40,True,0.02397734858095646,397.9106750488281,34.93559265136719,425.5567932128906,55.9202766418457
fast,C:\Users\Light\Videos\高速运动.mp4,41,True,0.0232901182025671,397.8683776855469,34.86743927001953,425.5174255371094,55.884395599365234
fast,C:\Users\Light\Videos\高速运动.mp4,42,True,0.0761873722076416,400.2042541503906,35.007713317871094,426.7908630371094,55.28957748413086
fast,C:\Users\Light\Videos\高速运动.mp4,43,True,0.026288596913218498,398.42974853515625,34.14637756347656,425.8360290527344,55.01492691040039
fast,C:\Users\Light\Videos\高速运动.mp4,44,True,0.02630138210952282,398.4286193847656,34.142120361328125,425.836181640625,55.01205825805664
fast,C:\Users\Light\Videos\高速运动.mp4,45,True,0.021377677097916603,397.9664001464844,34.52521896362305,425.5439147949219,55.60645294189453
fast,C:\Users\Light\Videos\高速运动.mp4,46,True,0.04095130413770676,399.3194580078125,34.02477264404297,426.4954528808594,54.559574127197266
fast,C:\Users\Light\Videos\高速运动.mp4,47,True,0.04091357812285423,399.3221130371094,34.0232048034668,426.49676513671875,54.55827331542969
fast,C:\Users\Light\Videos\高速运动.mp4,48,True,0.05613232031464577,399.84747314453125,34.40571975708008,426.7901306152344,54.73836898803711
fast,C:\Users\Light\Videos\高速运动.mp4,49,True,0.02122574672102928,398.0194396972656,33.992610931396484,425.4587097167969,55.05327224731445
fast,C:\Users\Light\Videos\高速运动.mp4,50,True,0.02125048264861107,398.02691650390625,34.000389099121094,425.46502685546875,55.06082534790039
fast,C:\Users\Light\Videos\高速运动.mp4,51,True,0.06318134069442749,400.25244140625,34.31840515136719,427.0504150390625,54.639312744140625
fast,C:\Users\Light\Videos\高速运动.mp4,52,True,0.07688672840595245,400.3062438964844,34.23375701904297,426.781494140625,54.54619216918945
fast,C:\Users\Light\Videos\高速运动.mp4,53,True,0.07829567790031433,400.323974609375,34.28761291503906,426.7872314453125,54.60157012939453
fast,C:\Users\Light\Videos\高速运动.mp4,54,True,0.050150349736213684,399.9122009277344,33.71977615356445,426.9537353515625,54.1589241027832
fast,C:\Users\Light\Videos\高速运动.mp4,55,True,0.05309274047613144,400.0145263671875,33.6640625,427.00048828125,54.06892013549805
fast,C:\Users\Light\Videos\高速运动.mp4,56,True,0.04356420412659645,398.9350280761719,36.087310791015625,426.4387512207031,56.53900909423828
fast,C:\Users\Light\Videos\高速运动.mp4,57,True,0.06530357897281647,400.0818176269531,34.77494812011719,426.90289306640625,55.05649948120117
fast,C:\Users\Light\Videos\高速运动.mp4,58,True,0.07336460053920746,400.06488037109375,35.42503356933594,426.8252868652344,55.66171646118164
fast,C:\Users\Light\Videos\高速运动.mp4,59,True,0.03737311437726021,398.86639404296875,35.792510986328125,426.3111572265625,56.34739303588867
fast,C:\Users\Light\Videos\高速运动.mp4,60,True,0.03553973510861397,398.7239074707031,35.856361389160156,426.2157287597656,56.45028305053711
fast,C:\Users\Light\Videos\高速运动.mp4,61,True,0.029505377635359764,398.1711120605469,35.86992263793945,425.71429443359375,56.62179946899414
fast,C:\Users\Light\Videos\高速运动.mp4,62,True,0.06384045630693436,400.04443359375,34.87306594848633,426.8907165527344,55.0743408203125
fast,C:\Users\Light\Videos\高速运动.mp4,63,True,0.059866536408662796,399.9302062988281,34.86759567260742,426.8488464355469,55.095497131347656
fast,C:\Users\Light\Videos\高速运动.mp4,64,True,0.10139983892440796,400.753173828125,36.37953186035156,426.8736877441406,56.563011169433594
fast,C:\Users\Light\Videos\高速运动.mp4,65,True,0.10150507092475891,400.7578125,36.38036346435547,426.87646484375,56.56523132324219
fast,C:\Users\Light\Videos\高速运动.mp4,66,True,0.18360361456871033,400.3651428222656,39.99876403808594,425.9516296386719,60.41666793823242
fast,C:\Users\Light\Videos\高速运动.mp4,67,True,0.19172853231430054,400.6235046386719,41.23215103149414,425.9737854003906,61.85408401489258
fast,C:\Users\Light\Videos\高速运动.mp4,68,True,0.19250445067882538,400.633544921875,41.212921142578125,425.98480224609375,61.8526496887207
fast,C:\Users\Light\Videos\高速运动.mp4,69,True,0.10720138251781464,400.9961853027344,35.9818000793457,426.8673095703125,56.13905715942383
fast,C:\Users\Light\Videos\高速运动.mp4,70,True,0.08854427188634872,400.3315124511719,36.35700988769531,426.713623046875,56.493873596191406
fast,C:\Users\Light\Videos\高速运动.mp4,71,True,0.08715610206127167,400.326904296875,36.246498107910156,426.7486267089844,56.37636947631836
fast,C:\Users\Light\Videos\高速运动.mp4,72,True,0.11595332622528076,401.41900634765625,35.79634475708008,427.0379638671875,56.067630767822266
fast,C:\Users\Light\Videos\高速运动.mp4,73,True,0.10581724345684052,400.6111145019531,36.80310821533203,426.4863586425781,57.04844284057617
fast,C:\Users\Light\Videos\高速运动.mp4,74,True,0.10648880153894424,400.6376953125,36.818302154541016,426.5019226074219,57.070899963378906
fast,C:\Users\Light\Videos\高速运动.mp4,75,True,0.12303176522254944,400.05322265625,40.246185302734375,426.0503845214844,59.69349670410156
fast,C:\Users\Light\Videos\高速运动.mp4,76,True,0.12411844730377197,400.0635986328125,40.219627380371094,426.0431213378906,59.67908477783203
fast,C:\Users\Light\Videos\高速运动.mp4,77,True,0.1846260130405426,400.501708984375,39.69831848144531,426.06829833984375,60.061893463134766
fast,C:\Users\Light\Videos\高速运动.mp4,78,True,0.1899711787700653,400.01385498046875,41.110748291015625,425.4205322265625,61.57867431640625
fast,C:\Users\Light\Videos\高速运动.mp4,79,True,0.19159387052059174,400.0643615722656,41.15530014038086,425.45849609375,61.666568756103516
fast,C:\Users\Light\Videos\高速运动.mp4,80,True,0.14452682435512543,398.57476806640625,42.125083923339844,424.1574401855469,61.75993728637695
fast,C:\Users\Light\Videos\高速运动.mp4,81,True,0.06741692125797272,398.2584228515625,38.19944763183594,425.3353576660156,58.18898010253906
fast,C:\Users\Light\Videos\高速运动.mp4,82,True,0.17298579216003418,398.88897705078125,41.27784729003906,424.51861572265625,61.500770568847656
fast,C:\Users\Light\Videos\高速运动.mp4,83,True,0.1255626529455185,397.4102783203125,43.30965805053711,423.1274108886719,62.70936965942383
fast,C:\Users\Light\Videos\高速运动.mp4,84,True,0.1284390240907669,397.4765319824219,43.32025909423828,423.1573486328125,62.76438903808594
fast,C:\Users\Light\Videos\高速运动.mp4,85,True,0.15387499332427979,397.8643798828125,43.25360870361328,423.4767150878906,63.193790435791016
fast,C:\Users\Light\Videos\高速运动.mp4,86,True,0.15427128970623016,397.87506103515625,43.25883102416992,423.48388671875,63.212459564208984
fast,C:\Users\Light\Videos\高速运动.mp4,87,True,0.1618947684764862,398.100830078125,42.95381164550781,423.6742248535156,63.00963592529297
fast,C:\Users\Light\Videos\高速运动.mp4,88,True,0.12754419445991516,397.65093994140625,43.84688186645508,423.2593078613281,63.21405029296875
fast,C:\Users\Light\Videos\高速运动.mp4,89,True,0.12600934505462646,397.5530090332031,43.914363861083984,423.17474365234375,63.249664306640625
fast,C:\Users\Light\Videos\高速运动.mp4,90,True,0.0664748027920723,397.57354736328125,38.86752700805664,424.8440246582031,58.870418548583984
fast,C:\Users\Light\Videos\高速运动.mp4,91,True,0.06679877638816833,397.38397216796875,38.78070831298828,424.6893310546875,58.867774963378906
fast,C:\Users\Light\Videos\高速运动.mp4,92,True,0.06912823021411896,397.42059326171875,38.827659606933594,424.65191650390625,58.933773040771484
fast,C:\Users\Light\Videos\高速运动.mp4,93,True,0.005937262438237667,264.321044921875,0.0,372.93206787109375,96.11957550048828
fast,C:\Users\Light\Videos\高速运动.mp4,94,True,0.002486482495442033,263.6849670410156,0.0,373.1503601074219,102.45970153808594
fast,C:\Users\Light\Videos\高速运动.mp4,95,True,0.0023757987655699253,263.7039794921875,0.0,373.0632629394531,102.83354949951172
fast,C:\Users\Light\Videos\高速运动.mp4,96,True,0.01789913885295391,397.5434875488281,48.087825775146484,423.4661560058594,66.38117980957031
fast,C:\Users\Light\Videos\高速运动.mp4,97,True,0.01634075865149498,393.8052062988281,48.5911865234375,423.40826416015625,68.62858581542969
fast,C:\Users\Light\Videos\高速运动.mp4,98,True,0.016005339100956917,393.777587890625,48.61281204223633,423.4135437011719,68.6550521850586
fast,C:\Users\Light\Videos\高速运动.mp4,99,True,0.013125468976795673,394.106689453125,48.66733932495117,424.0318298339844,68.84440612792969
fast,C:\Users\Light\Videos\高速运动.mp4,100,True,0.013281600549817085,394.12078857421875,48.661624908447266,424.0240783691406,68.83049011230469
fast,C:\Users\Light\Videos\高速运动.mp4,101,True,0.015152140520513058,393.9371032714844,48.349098205566406,423.7471618652344,68.384033203125
fast,C:\Users\Light\Videos\高速运动.mp4,102,True,0.09417890012264252,397.34991455078125,40.46548080444336,424.1588134765625,60.671104431152344
fast,C:\Users\Light\Videos\高速运动.mp4,103,True,0.09374209493398666,397.3414001464844,40.451698303222656,424.16302490234375,60.65395736694336
fast,C:\Users\Light\Videos\高速运动.mp4,104,True,0.08779828250408173,397.93548583984375,38.63225555419922,424.5769348144531,58.75580596923828
fast,C:\Users\Light\Videos\高速运动.mp4,105,True,0.16663099825382233,398.3673400878906,43.08189392089844,423.96099853515625,63.71257019042969
fast,C:\Users\Light\Videos\高速运动.mp4,106,True,0.14173299074172974,397.271240234375,43.32010269165039,422.96746826171875,63.00278091430664
fast,C:\Users\Light\Videos\高速运动.mp4,107,True,0.164159893989563,397.6223449707031,41.230648040771484,423.5108642578125,61.38508224487305
fast,C:\Users\Light\Videos\高速运动.mp4,108,True,0.16104933619499207,397.5516052246094,41.315406799316406,423.43951416015625,61.40336990356445
fast,C:\Users\Light\Videos\高速运动.mp4,109,True,0.16168376803398132,397.33258056640625,42.774925231933594,423.0331726074219,63.012237548828125
fast,C:\Users\Light\Videos\高速运动.mp4,110,True,0.16203022003173828,397.3304138183594,42.74540710449219,423.02923583984375,62.9850959777832
fast,C:\Users\Light\Videos\高速运动.mp4,111,True,0.15575800836086273,397.146728515625,42.16426086425781,422.98468017578125,62.15531539916992
fast,C:\Users\Light\Videos\高速运动.mp4,112,True,0.12754876911640167,396.76605224609375,43.27763366699219,422.57244873046875,62.74834442138672
fast,C:\Users\Light\Videos\高速运动.mp4,113,True,0.1283753216266632,396.78118896484375,43.258426666259766,422.57989501953125,62.73572540283203
fast,C:\Users\Light\Videos\高速运动.mp4,114,True,0.17082540690898895,397.9837951660156,41.94135665893555,423.7646484375,62.519771575927734
fast,C:\Users\Light\Videos\高速运动.mp4,115,True,0.13633768260478973,396.991455078125,42.38200759887695,422.9139404296875,62.126808166503906
fast,C:\Users\Light\Videos\高速运动.mp4,116,True,0.12996383011341095,396.8722839355469,42.520755767822266,422.8156433105469,62.173179626464844
fast,C:\Users\Light\Videos\高速运动.mp4,117,True,0.13132818043231964,396.97357177734375,42.43501281738281,422.8907775878906,62.070220947265625
fast,C:\Users\Light\Videos\高速运动.mp4,118,True,0.0844699963927269,397.94390869140625,37.53932189941406,424.6072998046875,57.73100280761719
fast,C:\Users\Light\Videos\高速运动.mp4,119,True,0.0833161249756813,397.9189758300781,37.5803337097168,424.6257019042969,57.75816345214844
fast,C:\Users\Light\Videos\高速运动.mp4,120,True,0.18576572835445404,398.1553649902344,42.196083068847656,423.7335510253906,63.28135299682617
fast,C:\Users\Light\Videos\高速运动.mp4,121,True,0.18619360029697418,398.1749267578125,42.21782302856445,423.74420166015625,63.32151412963867
fast,C:\Users\Light\Videos\高速运动.mp4,122,True,0.16786152124404907,397.8619079589844,42.418739318847656,423.5387878417969,62.78043746948242
fast,C:\Users\Light\Videos\高速运动.mp4,123,True,0.16068202257156372,397.2132568359375,41.977684020996094,423.0779113769531,62.073673248291016
fast,C:\Users\Light\Videos\高速运动.mp4,124,True,0.15885183215141296,397.165771484375,42.0025634765625,423.0372619628906,62.055519104003906
fast,C:\Users\Light\Videos\高速运动.mp4,125,True,0.09232627600431442,397.7526550292969,38.59437942504883,424.2088928222656,58.87315368652344
fast,C:\Users\Light\Videos\高速运动.mp4,126,True,0.16092774271965027,397.3944091796875,41.4495849609375,423.2825622558594,61.477352142333984
fast,C:\Users\Light\Videos\高速运动.mp4,127,True,0.16390001773834229,397.46771240234375,41.49048614501953,423.33648681640625,61.568363189697266
fast,C:\Users\Light\Videos\高速运动.mp4,128,True,0.1654009371995926,397.6593322753906,42.13028335571289,423.39166259765625,62.2978515625
fast,C:\Users\Light\Videos\高速运动.mp4,129,True,0.148229718208313,396.770263671875,41.085670471191406,422.79962158203125,60.9161262512207
fast,C:\Users\Light\Videos\高速运动.mp4,130,True,0.160257488489151,397.5319519042969,40.33493423461914,423.5916748046875,60.4571418762207
fast,C:\Users\Light\Videos\高速运动.mp4,131,True,0.16126222908496857,397.5574035644531,40.305171966552734,423.6187438964844,60.45185089111328
fast,C:\Users\Light\Videos\高速运动.mp4,132,True,0.15482860803604126,397.30755615234375,40.598670959472656,423.376708984375,60.620880126953125
fast,C:\Users\Light\Videos\高速运动.mp4,133,True,0.19628755748271942,398.4512939453125,41.49521255493164,424.06378173828125,62.65278244018555
fast,C:\Users\Light\Videos\高速运动.mp4,134,True,0.196030855178833,398.42987060546875,41.495819091796875,424.0451354980469,62.644691467285156
fast,C:\Users\Light\Videos\高速运动.mp4,135,True,0.16592051088809967,397.52252197265625,40.73737335205078,423.4900207519531,60.870296478271484
fast,C:\Users\Light\Videos\高速运动.mp4,136,True,0.10761986672878265,399.0792541503906,37.563724517822266,425.18365478515625,58.002113342285156
fast,C:\Users\Light\Videos\高速运动.mp4,137,True,0.10935276001691818,396.52716064453125,41.64402389526367,422.8349304199219,61.023834228515625
fast,C:\Users\Light\Videos\高速运动.mp4,138,True,0.18640215694904327,398.83270263671875,41.65121841430664,424.48016357421875,62.470375061035156
fast,C:\Users\Light\Videos\高速运动.mp4,139,True,0.1739189475774765,399.9533996582031,40.71500778198242,425.65509033203125,61.19691848754883
fast,C:\Users\Light\Videos\高速运动.mp4,140,True,0.176173135638237,400.0019226074219,40.6853141784668,425.6931457519531,61.214420318603516
fast,C:\Users\Light\Videos\高速运动.mp4,141,True,0.18551155924797058,403.9877624511719,33.955589294433594,429.421142578125,55.56263732910156
fast,C:\Users\Light\Videos\高速运动.mp4,142,True,0.18556080758571625,405.8856201171875,41.77499771118164,431.0845947265625,63.060848236083984
fast,C:\Users\Light\Videos\高速运动.mp4,143,True,0.18712516129016876,405.8905944824219,41.75924301147461,431.0627746582031,63.095157623291016
fast,C:\Users\Light\Videos\高速运动.mp4,144,True,0.1599137783050537,409.5068664550781,35.94923400878906,434.94561767578125,56.53127670288086
fast,C:\Users\Light\Videos\高速运动.mp4,145,True,0.16537855565547943,409.5456237792969,35.88789367675781,434.832275390625,56.54887008666992
fast,C:\Users\Light\Videos\高速运动.mp4,146,True,0.3003348708152771,410.99664306640625,34.093284606933594,439.9192810058594,56.24138641357422
fast,C:\Users\Light\Videos\高速运动.mp4,147,True,0.32368001341819763,412.0415954589844,35.76470184326172,441.7820739746094,57.454803466796875
fast,C:\Users\Light\Videos\高速运动.mp4,148,True,0.31090325117111206,412.0149230957031,35.975547790527344,441.7362976074219,57.574031829833984
fast,C:\Users\Light\Videos\高速运动.mp4,149,True,0.08704132586717606,415.6336669921875,35.46651840209961,442.24517822265625,55.33068084716797
fast,C:\Users\Light\Videos\高速运动.mp4,150,True,0.25331300497055054,420.8624267578125,38.329856872558594,446.45465087890625,58.848968505859375
fast,C:\Users\Light\Videos\高速运动.mp4,151,True,0.2550531029701233,420.8890075683594,38.258792877197266,446.4745178222656,58.80448532104492
fast,C:\Users\Light\Videos\高速运动.mp4,152,True,0.2823377251625061,423.0480651855469,37.438716888427734,451.9662170410156,58.52187728881836
fast,C:\Users\Light\Videos\高速运动.mp4,153,True,0.4309341311454773,426.2182922363281,40.90646743774414,452.7389831542969,59.51142883300781
fast,C:\Users\Light\Videos\高速运动.mp4,154,True,0.5354361534118652,426.7521667480469,40.619197845458984,454.3457336425781,60.99900436401367
fast,C:\Users\Light\Videos\高速运动.mp4,155,True,0.5373174548149109,426.7469177246094,40.61137771606445,454.3445129394531,61.00023651123047
fast,C:\Users\Light\Videos\高速运动.mp4,156,True,0.21905823051929474,428.686767578125,41.35969161987305,457.2282409667969,59.803916931152344
fast,C:\Users\Light\Videos\高速运动.mp4,157,True,0.017136231064796448,427.7451171875,42.74224853515625,453.935302734375,57.59034729003906
fast,C:\Users\Light\Videos\高速运动.mp4,158,True,0.017163917422294617,427.74444580078125,42.742855072021484,453.9354248046875,57.5906867980957
fast,C:\Users\Light\Videos\高速运动.mp4,159,True,0.3837628662586212,423.4703369140625,40.4351806640625,451.6387939453125,59.06940841674805
fast,C:\Users\Light\Videos\高速运动.mp4,160,True,0.6029749512672424,420.2060852050781,39.477027893066406,447.48016357421875,61.15045928955078
fast,C:\Users\Light\Videos\高速运动.mp4,161,True,0.603135883808136,420.2061767578125,39.47677993774414,447.4797058105469,61.15097427368164
fast,C:\Users\Light\Videos\高速运动.mp4,162,True,0.7184765338897705,415.8748779296875,39.976261138916016,443.182373046875,60.85660171508789
fast,C:\Users\Light\Videos\高速运动.mp4,163,True,0.7172848582267761,412.5334777832031,39.518489837646484,439.77471923828125,60.926883697509766
fast,C:\Users\Light\Videos\高速运动.mp4,164,True,0.7172821760177612,412.5306396484375,39.51768112182617,439.7730712890625,60.925537109375
fast,C:\Users\Light\Videos\高速运动.mp4,165,True,0.7086676359176636,407.7115173339844,39.383033752441406,434.1623840332031,60.58591842651367
fast,C:\Users\Light\Videos\高速运动.mp4,166,True,0.7068663239479065,407.7078857421875,39.381980895996094,434.1559753417969,60.5789909362793
fast,C:\Users\Light\Videos\高速运动.mp4,167,True,0.7301104068756104,401.604248046875,39.42341995239258,428.4082336425781,60.860904693603516
fast,C:\Users\Light\Videos\高速运动.mp4,168,True,0.6907211542129517,394.93267822265625,39.36750411987305,422.3790283203125,60.91318893432617
fast,C:\Users\Light\Videos\高速运动.mp4,169,True,0.6948423981666565,394.9661560058594,39.35044860839844,422.3797912597656,60.911869049072266
fast,C:\Users\Light\Videos\高速运动.mp4,170,True,0.6251454949378967,389.31585693359375,39.43769454956055,415.0875549316406,60.696922302246094
fast,C:\Users\Light\Videos\高速运动.mp4,171,True,0.4155111312866211,380.6195373535156,38.153480529785156,407.3844909667969,59.33511734008789
fast,C:\Users\Light\Videos\高速运动.mp4,172,True,0.40246424078941345,380.5752868652344,38.15388488769531,407.3582763671875,59.31436538696289
fast,C:\Users\Light\Videos\高速运动.mp4,173,True,0.38469070196151733,371.384521484375,39.849884033203125,399.0848693847656,59.503292083740234
fast,C:\Users\Light\Videos\高速运动.mp4,174,True,0.3068332374095917,361.231201171875,40.116580963134766,389.01275634765625,60.28441619873047
fast,C:\Users\Light\Videos\高速运动.mp4,175,True,0.3177345395088196,361.25115966796875,40.07648468017578,389.0001220703125,60.249298095703125
fast,C:\Users\Light\Videos\高速运动.mp4,176,True,0.15873488783836365,349.71319580078125,42.14534378051758,375.38323974609375,62.14729309082031
fast,C:\Users\Light\Videos\高速运动.mp4,177,True,0.17264093458652496,340.93450927734375,40.435585021972656,366.6344909667969,61.03842544555664
fast,C:\Users\Light\Videos\高速运动.mp4,178,True,0.1645379364490509,328.8785705566406,41.9095344543457,354.2879638671875,61.95930862426758
fast,C:\Users\Light\Videos\高速运动.mp4,179,True,0.16363850235939026,328.8814392089844,41.949851989746094,354.2926330566406,61.986087799072266
fast,C:\Users\Light\Videos\高速运动.mp4,180,True,0.05360395461320877,316.9551086425781,40.005531311035156,345.4312744140625,59.2454948425293
fast,C:\Users\Light\Videos\高速运动.mp4,181,True,0.024133196100592613,299.7515563964844,31.876466751098633,328.8711853027344,50.71553421020508
fast,C:\Users\Light\Videos\高速运动.mp4,182,True,0.02306724153459072,299.69891357421875,31.827341079711914,328.8788757324219,50.654170989990234
fast,C:\Users\Light\Videos\高速运动.mp4,183,True,0.38706350326538086,289.26568603515625,40.84642791748047,316.9188537597656,59.576351165771484
fast,C:\Users\Light\Videos\高速运动.mp4,184,True,0.04960770159959793,271.51898193359375,39.93587875366211,299.7481689453125,59.119140625
fast,C:\Users\Light\Videos\高速运动.mp4,185,True,0.049615032970905304,271.52618408203125,39.93303298950195,299.7539367675781,59.11589050292969
fast,C:\Users\Light\Videos\高速运动.mp4,186,True,0.0035474076867103577,1.7146416902542114,69.56625366210938,28.876720428466797,86.17400360107422
fast,C:\Users\Light\Videos\高速运动.mp4,187,True,0.0047108945436775684,1.5890835523605347,69.5080337524414,28.669048309326172,86.34657287597656
fast,C:\Users\Light\Videos\高速运动.mp4,188,True,0.004737596958875656,1.5923149585723877,69.50847625732422,28.674949645996094,86.34934997558594
fast,C:\Users\Light\Videos\高速运动.mp4,189,True,0.005352281499654055,1.5722246170043945,69.3954849243164,28.78908348083496,86.10646057128906
fast,C:\Users\Light\Videos\高速运动.mp4,190,True,0.005367092788219452,1.5701824426651,69.40079498291016,28.787067413330078,86.11373901367188
fast,C:\Users\Light\Videos\高速运动.mp4,191,True,0.0052103945054113865,1.6526786088943481,69.35922241210938,28.908082962036133,86.09883880615234
fast,C:\Users\Light\Videos\高速运动.mp4,192,True,0.0016146820271387696,1.9001362323760986,69.27445983886719,28.70316505432129,85.44178009033203
fast,C:\Users\Light\Videos\高速运动.mp4,193,True,0.001681109773926437,1.8716892004013062,69.25958251953125,28.695606231689453,85.43424987792969
fast,C:\Users\Light\Videos\高速运动.mp4,194,True,0.0037780378479510546,1.4564461708068848,69.1951675415039,28.897903442382812,86.01067352294922
fast,C:\Users\Light\Videos\高速运动.mp4,195,True,0.009801780804991722,142.70541381835938,42.19978332519531,169.47520446777344,61.38075637817383
fast,C:\Users\Light\Videos\高速运动.mp4,196,True,0.011113712564110756,142.7728729248047,42.256595611572266,169.5395050048828,61.51206588745117
fast,C:\Users\Light\Videos\高速运动.mp4,197,True,0.001898244023323059,1.9025468826293945,69.26482391357422,28.829410552978516,85.65451049804688
fast,C:\Users\Light\Videos\高速运动.mp4,198,True,0.006013846956193447,1.4926377534866333,69.41798400878906,28.917896270751953,86.52017211914062
fast,C:\Users\Light\Videos\高速运动.mp4,199,True,0.006034976802766323,1.488351583480835,69.41363525390625,28.914356231689453,86.51568603515625
fast,C:\Users\Light\Videos\高速运动.mp4,200,True,0.006802567280828953,1.587799072265625,69.22908020019531,28.916391372680664,85.82311248779297
fast,C:\Users\Light\Videos\高速运动.mp4,201,True,0.0023219669237732887,1.4511570930480957,69.89781188964844,28.664201736450195,86.4423599243164
fast,C:\Users\Light\Videos\高速运动.mp4,202,True,0.0012678211787715554,2.0730621814727783,69.27555847167969,28.768325805664062,85.251220703125
fast,C:\Users\Light\Videos\高速运动.mp4,203,True,0.0012562284246087074,2.0690674781799316,69.30184936523438,28.773649215698242,85.28055572509766
fast,C:\Users\Light\Videos\高速运动.mp4,204,True,0.008122862316668034,13.211766242980957,43.519989013671875,39.358192443847656,63.18523025512695
fast,C:\Users\Light\Videos\高速运动.mp4,205,True,0.016795564442873,16.901315689086914,45.95836639404297,45.15878677368164,65.12069702148438
fast,C:\Users\Light\Videos\高速运动.mp4,206,True,0.016805550083518028,16.900142669677734,45.96015930175781,45.16022491455078,65.12217712402344
fast,C:\Users\Light\Videos\高速运动.mp4,207,True,0.07386870682239532,31.315263748168945,43.47323989868164,57.959022521972656,64.8052978515625
fast,C:\Users\Light\Videos\高速运动.mp4,208,True,0.6476410031318665,43.6618766784668,42.98796844482422,70.23531341552734,63.70156478881836
fast,C:\Users\Light\Videos\高速运动.mp4,209,True,0.6464522480964661,43.6451416015625,42.98402404785156,70.24813079833984,63.67915344238281
fast,C:\Users\Light\Videos\高速运动.mp4,210,True,0.696586549282074,53.41437530517578,43.800018310546875,80.42101287841797,64.79595947265625
fast,C:\Users\Light\Videos\高速运动.mp4,211,True,0.6958214640617371,53.418949127197266,43.801700592041016,80.43827819824219,64.80400085449219
fast,C:\Users\Light\Videos\高速运动.mp4,212,True,0.6987544894218445,62.852874755859375,43.60145568847656,89.00122833251953,65.06000518798828
fast,C:\Users\Light\Videos\高速运动.mp4,213,True,0.5872978568077087,71.40494537353516,44.04549026489258,97.3962173461914,64.97979736328125
fast,C:\Users\Light\Videos\高速运动.mp4,214,True,0.58043372631073,71.37480926513672,44.04374313354492,97.39480590820312,64.95697784423828
fast,C:\Users\Light\Videos\高速运动.mp4,215,True,0.6862541437149048,79.51155090332031,43.633792877197266,105.10103607177734,64.32354736328125
fast,C:\Users\Light\Videos\高速运动.mp4,216,True,0.5913223028182983,89.10035705566406,43.27956008911133,114.30415344238281,63.7104606628418
fast,C:\Users\Light\Videos\高速运动.mp4,217,True,0.612201452255249,89.11624908447266,43.19628143310547,114.26155090332031,63.74372100830078
fast,C:\Users\Light\Videos\高速运动.mp4,218,True,0.4890172481536865,96.96759033203125,43.66095733642578,123.416748046875,63.458335876464844
fast,C:\Users\Light\Videos\高速运动.mp4,219,True,0.40326011180877686,108.75921630859375,44.86247253417969,133.8412322998047,64.4286117553711
fast,C:\Users\Light\Videos\高速运动.mp4,220,True,0.4147804379463196,108.74417114257812,44.8391227722168,133.7904815673828,64.41960144042969
fast,C:\Users\Light\Videos\高速运动.mp4,221,True,0.30617913603782654,117.52951049804688,43.66624450683594,143.1013946533203,64.95854949951172
fast,C:\Users\Light\Videos\高速运动.mp4,222,True,0.4564507007598877,128.44601440429688,45.48452377319336,153.96348571777344,64.87992858886719
fast,C:\Users\Light\Videos\高速运动.mp4,223,True,0.453404039144516,128.3874969482422,45.51300811767578,153.91732788085938,64.89739227294922
fast,C:\Users\Light\Videos\高速运动.mp4,224,True,0.5481747984886169,139.7091827392578,43.00977325439453,165.14356994628906,62.396888732910156
fast,C:\Users\Light\Videos\高速运动.mp4,225,True,0.32866692543029785,151.5265655517578,43.854278564453125,175.361083984375,62.81978988647461
fast,C:\Users\Light\Videos\高速运动.mp4,226,True,0.03262865170836449,163.77877807617188,43.73141860961914,188.81954956054688,63.328125
fast,C:\Users\Light\Videos\高速运动.mp4,227,True,0.03258248791098595,163.78562927246094,43.74907684326172,188.8243865966797,63.34291458129883
fast,C:\Users\Light\Videos\高速运动.mp4,228,True,0.24879294633865356,177.61834716796875,44.117408752441406,202.67095947265625,63.93836212158203
fast,C:\Users\Light\Videos\高速运动.mp4,229,True,0.023144973441958427,191.45977783203125,44.13063049316406,216.61862182617188,62.28413772583008
fast,C:\Users\Light\Videos\高速运动.mp4,230,True,0.022737406194210052,191.46401977539062,44.1346435546875,216.62245178222656,62.278961181640625
fast,C:\Users\Light\Videos\高速运动.mp4,231,True,0.0060394518077373505,244.88330078125,0.0,344.01214599609375,100.74097442626953
fast,C:\Users\Light\Videos\高速运动.mp4,232,True,0.005870743189007044,245.06358337402344,0.0,343.90362548828125,100.6812744140625
fast,C:\Users\Light\Videos\高速运动.mp4,233,True,0.005855216644704342,245.0741729736328,0.0,343.8973388671875,100.69113159179688
fast,C:\Users\Light\Videos\高速运动.mp4,234,True,0.006827471777796745,140.3157196044922,0.0,450.36688232421875,109.0
fast,C:\Users\Light\Videos\高速运动.mp4,235,True,0.006818918511271477,140.32479858398438,0.0,450.36090087890625,109.0
fast,C:\Users\Light\Videos\高速运动.mp4,236,True,0.005576130468398333,395.4197082519531,33.949493408203125,424.7044372558594,55.45425796508789
fast,C:\Users\Light\Videos\高速运动.mp4,237,True,0.007014209404587746,140.22377014160156,0.0,450.4521789550781,109.0
fast,C:\Users\Light\Videos\高速运动.mp4,238,True,0.006984348874539137,140.25668334960938,0.0,450.43096923828125,109.0
fast,C:\Users\Light\Videos\高速运动.mp4,239,True,0.007306983228772879,139.96449279785156,0.0,450.63409423828125,109.0
fast,C:\Users\Light\Videos\高速运动.mp4,240,True,0.007306654471904039,139.79820251464844,0.0,450.7565612792969,109.0
fast,C:\Users\Light\Videos\高速运动.mp4,241,True,0.007311483379453421,139.78993225097656,0.0,450.7602844238281,109.0
fast,C:\Users\Light\Videos\高速运动.mp4,242,True,0.0074409195221960545,369.695556640625,25.436677932739258,395.23321533203125,44.43181610107422
fast,C:\Users\Light\Videos\高速运动.mp4,243,True,0.010237691923975945,345.5025939941406,19.954524993896484,371.4502868652344,36.7634391784668
fast,C:\Users\Light\Videos\高速运动.mp4,244,True,0.010003332048654556,345.5285949707031,19.947601318359375,371.45281982421875,36.73060607910156
fast,C:\Users\Light\Videos\高速运动.mp4,245,True,0.007681036368012428,345.9762878417969,19.89652442932129,371.3583984375,35.5355224609375
fast,C:\Users\Light\Videos\高速运动.mp4,246,True,0.007945671677589417,345.9854431152344,19.903831481933594,371.38995361328125,35.50325012207031
fast,C:\Users\Light\Videos\高速运动.mp4,247,True,0.02653784677386284,417.11883544921875,32.67195510864258,445.3998718261719,51.927696228027344
fast,C:\Users\Light\Videos\高速运动.mp4,248,True,0.10408821702003479,407.37738037109375,41.140621185302734,435.32684326171875,60.108734130859375
fast,C:\Users\Light\Videos\高速运动.mp4,249,True,0.012970381416380405,397.8813171386719,41.45370864868164,423.7794494628906,62.17802047729492
fast,C:\Users\Light\Videos\高速运动.mp4,250,True,0.05198513716459274,387.37896728515625,38.999755859375,415.8101806640625,58.456703186035156
fast,C:\Users\Light\Videos\高速运动.mp4,251,True,0.04670410230755806,387.29547119140625,38.92729949951172,415.9195861816406,58.371116638183594
fast,C:\Users\Light\Videos\高速运动.mp4,252,True,0.08653614670038223,376.5185546875,36.61554718017578,402.696533203125,56.19629669189453
fast,C:\Users\Light\Videos\高速运动.mp4,253,True,0.10729748755693436,368.2530517578125,36.715972900390625,394.4399719238281,56.6888313293457
fast,C:\Users\Light\Videos\高速运动.mp4,254,True,0.10332135856151581,368.2046813964844,36.68071746826172,394.503173828125,56.626953125
fast,C:\Users\Light\Videos\高速运动.mp4,255,True,0.07459643483161926,356.2978210449219,42.5501823425293,383.5775146484375,61.91399002075195
fast,C:\Users\Light\Videos\高速运动.mp4,256,True,0.07584664970636368,356.3316955566406,42.50966262817383,383.59100341796875,61.88534927368164
fast,C:\Users\Light\Videos\高速运动.mp4,257,True,0.12258705496788025,345.8199157714844,40.61973571777344,372.5268859863281,60.2782096862793
fast,C:\Users\Light\Videos\高速运动.mp4,258,True,0.29584258794784546,334.2549743652344,34.85302734375,362.54400634765625,55.4028434753418
fast,C:\Users\Light\Videos\高速运动.mp4,259,True,0.29791122674942017,334.25494384765625,34.84211349487305,362.5375061035156,55.3992805480957
fast,C:\Users\Light\Videos\高速运动.mp4,260,True,0.0373661108314991,320.21527099609375,35.915103912353516,349.295166015625,56.227718353271484
fast,C:\Users\Light\Videos\高速运动.mp4,261,True,0.027099477127194405,302.9142761230469,36.80178451538086,332.3399353027344,56.933135986328125
fast,C:\Users\Light\Videos\高速运动.mp4,262,True,0.027050035074353218,302.90655517578125,36.79179000854492,332.336669921875,56.922332763671875
fast,C:\Users\Light\Videos\高速运动.mp4,263,True,0.003996825311332941,296.0144958496094,41.04990005493164,322.08056640625,58.323177337646484
fast,C:\Users\Light\Videos\高速运动.mp4,264,True,0.004983853083103895,278.1665344238281,41.762874603271484,304.5058898925781,58.064125061035156
fast,C:\Users\Light\Videos\高速运动.mp4,265,True,0.004827544558793306,278.1844177246094,41.77578353881836,304.5209655761719,58.06591796875
fast,C:\Users\Light\Videos\高速运动.mp4,266,True,0.04379718378186226,257.54168701171875,37.49053192138672,285.39764404296875,56.913818359375
fast,C:\Users\Light\Videos\高速运动.mp4,267,True,0.0028358702547848225,242.02821350097656,36.86272048950195,269.3721008300781,56.61527633666992
fast,C:\Users\Light\Videos\高速运动.mp4,268,True,0.0029517095535993576,242.02468872070312,36.887977600097656,269.3632507324219,56.630226135253906
fast,C:\Users\Light\Videos\高速运动.mp4,269,True,0.019987788051366806,225.39663696289062,38.20085906982422,251.04833984375,55.57373046875
fast,C:\Users\Light\Videos\高速运动.mp4,270,True,0.014047949574887753,225.45907592773438,38.36907958984375,250.8634033203125,55.47171401977539
fast,C:\Users\Light\Videos\高速运动.mp4,271,True,0.009046249091625214,206.86636352539062,37.623565673828125,234.1138153076172,55.98213195800781
fast,C:\Users\Light\Videos\高速运动.mp4,272,True,0.0064829448238015175,190.47348022460938,43.044734954833984,217.06417846679688,58.42398452758789
fast,C:\Users\Light\Videos\高速运动.mp4,273,True,0.0015230212593451142,246.49757385253906,0.0,343.8551025390625,101.79608154296875
fast,C:\Users\Light\Videos\高速运动.mp4,274,True,0.001555594732053578,246.72195434570312,0.0,343.68719482421875,102.10183715820312
fast,C:\Users\Light\Videos\高速运动.mp4,275,True,0.0014677091967314482,246.69859313964844,0.0,343.7813720703125,102.17086791992188
fast,C:\Users\Light\Videos\高速运动.mp4,276,True,0.0018671915167942643,2.192476987838745,69.5661849975586,28.98427963256836,85.74068450927734
fast,C:\Users\Light\Videos\高速运动.mp4,277,True,0.0021174780558794737,246.7401885986328,0.0,343.28741455078125,101.55329895019531
fast,C:\Users\Light\Videos\高速运动.mp4,278,True,0.0020395761821419,246.79071044921875,0.0,343.29254150390625,101.65850067138672
fast,C:\Users\Light\Videos\高速运动.mp4,279,True,0.0015357766533270478,246.51722717285156,0.0,343.80224609375,101.95443725585938
fast,C:\Users\Light\Videos\高速运动.mp4,280,True,0.0015819991240277886,246.5360870361328,0.0,343.7568664550781,101.94121551513672
fast,C:\Users\Light\Videos\高速运动.mp4,281,True,0.0032576050143688917,246.04270935058594,0.0,343.45281982421875,100.246826171875
fast,C:\Users\Light\Videos\高速运动.mp4,282,True,0.0015760983806103468,246.6135711669922,0.0,343.74505615234375,101.88247680664062
fast,C:\Users\Light\Videos\高速运动.mp4,283,True,0.0015495151747018099,246.61868286132812,0.0,343.7576599121094,101.90925598144531
fast,C:\Users\Light\Videos\高速运动.mp4,284,True,0.0037467414513230324,245.87705993652344,0.0,343.6334228515625,100.20991516113281
fast,C:\Users\Light\Videos\高速运动.mp4,285,True,0.12766927480697632,11.29334831237793,43.0045051574707,37.9591064453125,62.681175231933594
fast,C:\Users\Light\Videos\高速运动.mp4,286,True,0.12984487414360046,11.297710418701172,43.00300598144531,37.92667770385742,62.68357467651367
fast,C:\Users\Light\Videos\高速运动.mp4,287,True,0.4149952828884125,24.092477798461914,42.210182189941406,52.38019943237305,63.09925842285156
fast,C:\Users\Light\Videos\高速运动.mp4,288,True,0.5442067384719849,39.5744743347168,44.11478805541992,64.6705322265625,64.0168228149414
fast,C:\Users\Light\Videos\高速运动.mp4,289,True,0.544216513633728,39.574954986572266,44.117431640625,64.6695785522461,64.01722717285156
fast,C:\Users\Light\Videos\高速运动.mp4,290,True,0.7884182333946228,47.73418045043945,42.877098083496094,74.69158172607422,64.18750762939453
fast,C:\Users\Light\Videos\高速运动.mp4,291,True,0.7899966239929199,47.7365837097168,42.85222244262695,74.66587829589844,64.21458435058594
fast,C:\Users\Light\Videos\高速运动.mp4,292,True,0.587480902671814,57.21919631958008,42.7234001159668,84.4483642578125,64.24300384521484
fast,C:\Users\Light\Videos\高速运动.mp4,293,True,0.6947692036628723,66.62230682373047,43.96855163574219,93.08643341064453,64.18121337890625
fast,C:\Users\Light\Videos\高速运动.mp4,294,True,0.6938982009887695,66.634765625,43.95147705078125,93.12931823730469,64.19985961914062
fast,C:\Users\Light\Videos\高速运动.mp4,295,True,0.6343764662742615,76.87310791015625,43.84638977050781,101.82827758789062,64.44644927978516
fast,C:\Users\Light\Videos\高速运动.mp4,296,True,0.6900887489318848,85.51445007324219,43.6846923828125,110.95236206054688,63.73876953125
fast,C:\Users\Light\Videos\高速运动.mp4,297,True,0.4604211747646332,96.96261596679688,44.347572326660156,122.05985260009766,64.11814880371094
fast,C:\Users\Light\Videos\高速运动.mp4,298,True,0.3352952003479004,105.70467376708984,43.268714904785156,131.36795043945312,64.08329772949219
fast,C:\Users\Light\Videos\高速运动.mp4,299,True,0.33526572585105896,105.7049331665039,43.2672119140625,131.36802673339844,64.08515930175781
fast,C:\Users\Light\Videos\高速运动.mp4,300,True,0.23318718373775482,116.88294982910156,43.05925750732422,142.19110107421875,63.30894088745117
fast,C:\Users\Light\Videos\高速运动.mp4,301,True,0.23327748477458954,116.88279724121094,43.05988311767578,142.18817138671875,63.3063850402832
fast,C:\Users\Light\Videos\高速运动.mp4,302,True,0.043757181614637375,130.00662231445312,45.24736785888672,156.11180114746094,64.1512451171875
fast,C:\Users\Light\Videos\高速运动.mp4,303,True,0.3238183557987213,143.47715759277344,44.579933166503906,168.52772521972656,64.0155029296875
fast,C:\Users\Light\Videos\高速运动.mp4,304,True,0.32400864362716675,143.47555541992188,44.58082962036133,168.52880859375,64.01644134521484
fast,C:\Users\Light\Videos\高速运动.mp4,305,True,0.37335488200187683,154.96405029296875,44.030609130859375,179.46824645996094,63.3245849609375
fast,C:\Users\Light\Videos\高速运动.mp4,306,True,0.04603460058569908,168.86669921875,44.29779815673828,193.65281677246094,62.98106384277344
fast,C:\Users\Light\Videos\高速运动.mp4,307,True,0.04601621627807617,168.84947204589844,44.30131530761719,193.6365203857422,62.97256851196289
fast,C:\Users\Light\Videos\高速运动.mp4,308,True,0.10245292633771896,184.21372985839844,44.387107849121094,208.98667907714844,63.0550422668457
fast,C:\Users\Light\Videos\高速运动.mp4,309,True,0.018124550580978394,403.5168762207031,30.926471710205078,431.91375732421875,53.970088958740234
fast,C:\Users\Light\Videos\高速运动.mp4,310,True,0.01795906014740467,403.5146484375,30.90412712097168,431.9042663574219,53.952537536621094
fast,C:\Users\Light\Videos\高速运动.mp4,311,True,0.006267867051064968,404.4149475097656,30.486536026000977,430.9650573730469,54.59375
fast,C:\Users\Light\Videos\高速运动.mp4,312,True,0.012077479623258114,404.0587463378906,29.339590072631836,429.53131103515625,53.70726776123047
fast,C:\Users\Light\Videos\高速运动.mp4,313,True,0.012053070589900017,404.0567626953125,29.340734481811523,429.5247497558594,53.70854568481445
fast,C:\Users\Light\Videos\高速运动.mp4,314,True,0.013326895423233509,406.23431396484375,30.32069206237793,432.1955261230469,53.356597900390625
fast,C:\Users\Light\Videos\高速运动.mp4,315,True,0.013398658484220505,406.2693176269531,30.3306884765625,432.19439697265625,53.367759704589844
fast,C:\Users\Light\Videos\高速运动.mp4,316,True,0.006423477549105883,244.73513793945312,0.0,344.0492858886719,100.71973419189453
fast,C:\Users\Light\Videos\高速运动.mp4,317,True,0.008109181188046932,345.6853332519531,19.851612091064453,371.69775390625,36.83251190185547
fast,C:\Users\Light\Videos\高速运动.mp4,318,True,0.00803723931312561,345.6867980957031,19.84746742248535,371.7026062011719,36.826480865478516
fast,C:\Users\Light\Videos\高速运动.mp4,319,True,0.006954932119697332,408.8143615722656,29.94415855407715,432.6488952636719,53.696781158447266
fast,C:\Users\Light\Videos\高速运动.mp4,320,True,0.006209402345120907,409.28692626953125,29.545753479003906,433.2352294921875,53.93902587890625
fast,C:\Users\Light\Videos\高速运动.mp4,321,True,0.007078164257109165,140.0939483642578,0.0,450.4608459472656,109.0
fast,C:\Users\Light\Videos\高速运动.mp4,322,True,0.019223904237151146,410.4923400878906,34.93942642211914,440.6720886230469,54.68032455444336
fast,C:\Users\Light\Videos\高速运动.mp4,323,True,0.01956796459853649,410.5006103515625,34.931156158447266,440.6599426269531,54.66067123413086
fast,C:\Users\Light\Videos\高速运动.mp4,324,True,0.006806967779994011,140.14373779296875,0.0,450.5706787109375,109.0
fast,C:\Users\Light\Videos\高速运动.mp4,325,True,0.0067923651076853275,140.1641387939453,0.0,450.5534973144531,109.0
fast,C:\Users\Light\Videos\高速运动.mp4,326,True,0.056246381253004074,419.2622375488281,33.30218505859375,446.1911926269531,52.737125396728516
fast,C:\Users\Light\Videos\高速运动.mp4,327,True,0.008608072064816952,404.0120849609375,43.92106246948242,430.236328125,58.84213638305664
fast,C:\Users\Light\Videos\高速运动.mp4,328,True,0.008408553898334503,404.0218200683594,43.92818832397461,430.2490234375,58.83509826660156
fast,C:\Users\Light\Videos\高速运动.mp4,329,True,0.20162633061408997,394.0310974121094,42.38617706298828,420.67462158203125,65.6910171508789
fast,C:\Users\Light\Videos\高速运动.mp4,330,True,0.015450750477612019,384.4456481933594,42.47290802001953,410.69281005859375,63.5151481628418
fast,C:\Users\Light\Videos\高速运动.mp4,331,True,0.015527372248470783,384.4486999511719,42.487186431884766,410.682861328125,63.51839828491211
fast,C:\Users\Light\Videos\高速运动.mp4,332,True,0.15870881080627441,370.6994323730469,39.2004280090332,398.61883544921875,59.22926712036133
fast,C:\Users\Light\Videos\高速运动.mp4,333,True,0.014246825128793716,360.2536315917969,37.05319595336914,391.60894775390625,57.71623229980469
fast,C:\Users\Light\Videos\高速运动.mp4,334,True,0.014399589039385319,360.2436218261719,37.05799102783203,391.5870666503906,57.71798324584961
fast,C:\Users\Light\Videos\高速运动.mp4,335,True,0.00839250534772873,349.1377868652344,41.4724235534668,375.46490478515625,58.76595687866211
fast,C:\Users\Light\Videos\高速运动.mp4,336,True,0.010436625219881535,349.0409240722656,41.45444869995117,375.50592041015625,58.83148956298828
fast,C:\Users\Light\Videos\高速运动.mp4,337,True,0.3260782063007355,336.89337158203125,40.559852600097656,364.4593811035156,59.287269592285156
fast,C:\Users\Light\Videos\高速运动.mp4,338,True,0.6109477281570435,325.58282470703125,38.90013885498047,351.8027038574219,60.14761734008789
fast,C:\Users\Light\Videos\高速运动.mp4,339,True,0.6061641573905945,325.5597229003906,38.90654754638672,351.8075866699219,60.13766860961914
fast,C:\Users\Light\Videos\高速运动.mp4,340,True,0.20804347097873688,313.6175231933594,39.45185852050781,338.7229309082031,60.231658935546875
fast,C:\Users\Light\Videos\高速运动.mp4,341,True,0.02415277063846588,300.2930908203125,38.60966491699219,328.09710693359375,58.320220947265625
fast,C:\Users\Light\Videos\高速运动.mp4,342,True,0.02574223093688488,300.2136535644531,38.61029052734375,328.13104248046875,58.346710205078125
fast,C:\Users\Light\Videos\高速运动.mp4,343,True,0.03547823429107666,286.2163391113281,43.052734375,312.87432861328125,60.75474166870117
fast,C:\Users\Light\Videos\高速运动.mp4,344,True,0.17028789222240448,272.0028991699219,38.00778579711914,297.2104797363281,57.99153518676758
fast,C:\Users\Light\Videos\高速运动.mp4,345,True,0.01419595256447792,255.99981689453125,41.74620056152344,282.86224365234375,58.93803405761719
fast,C:\Users\Light\Videos\高速运动.mp4,346,True,0.014946316368877888,255.97499084472656,41.67452621459961,282.8579406738281,58.9381217956543
fast,C:\Users\Light\Videos\高速运动.mp4,347,True,0.013028099201619625,1.0981111526489258,22.848054885864258,27.86635398864746,44.606468200683594
fast,C:\Users\Light\Videos\高速运动.mp4,348,True,0.016563456505537033,0.3761366307735443,22.573156356811523,27.632009506225586,43.893653869628906
fast,C:\Users\Light\Videos\高速运动.mp4,349,True,0.01651797816157341,0.38024911284446716,22.563766479492188,27.633190155029297,43.8992805480957
fast,C:\Users\Light\Videos\高速运动.mp4,350,True,0.04300849884748459,208.0923614501953,37.284481048583984,235.4231719970703,55.835025787353516
fast,C:\Users\Light\Videos\高速运动.mp4,351,True,0.004477349109947681,1.4518532752990723,22.913249969482422,26.9343204498291,44.56077194213867
fast,C:\Users\Light\Videos\高速运动.mp4,352,True,0.004501787014305592,1.4259766340255737,22.894962310791016,26.931983947753906,44.56686782836914
fast,C:\Users\Light\Videos\高速运动.mp4,353,True,0.03395399823784828,174.17373657226562,40.3366584777832,202.9425506591797,59.162818908691406
fast,C:\Users\Light\Videos\高速运动.mp4,354,True,0.004941844381392002,156.98939514160156,44.281349182128906,182.68629455566406,57.638511657714844
fast,C:\Users\Light\Videos\高速运动.mp4,355,True,0.004856523126363754,156.9947509765625,44.26828384399414,182.680419921875,57.62643051147461
fast,C:\Users\Light\Videos\高速运动.mp4,356,True,0.014129187911748886,137.32891845703125,43.240901947021484,163.38177490234375,61.02878952026367
fast,C:\Users\Light\Videos\高速运动.mp4,357,True,0.004130289889872074,246.01119995117188,0.0,343.5089416503906,100.322021484375
fast,C:\Users\Light\Videos\高速运动.mp4,358,True,0.004142776597291231,246.0074005126953,0.0,343.51251220703125,100.31793975830078
fast,C:\Users\Light\Videos\高速运动.mp4,359,True,0.005612809211015701,244.94815063476562,0.0,344.3102111816406,99.61812591552734
fast,C:\Users\Light\Videos\高速运动.mp4,360,True,0.00562937930226326,244.93545532226562,0.0,344.3164978027344,99.62924194335938
fast,C:\Users\Light\Videos\高速运动.mp4,361,True,0.005951959174126387,1.5540531873703003,22.092613220214844,27.28105354309082,44.33946228027344
fast,C:\Users\Light\Videos\高速运动.mp4,362,True,0.009738489985466003,1.1050881147384644,22.210586547851562,27.58393096923828,44.221710205078125
fast,C:\Users\Light\Videos\高速运动.mp4,363,True,0.009713098406791687,1.1394811868667603,22.232728958129883,27.58925437927246,44.185943603515625
fast,C:\Users\Light\Videos\高速运动.mp4,364,True,0.0046832021325826645,245.39613342285156,0.0,344.1181640625,99.84577941894531
fast,C:\Users\Light\Videos\高速运动.mp4,365,True,0.011530277319252491,1.1000876426696777,23.22673988342285,28.282228469848633,44.08646011352539
fast,C:\Users\Light\Videos\高速运动.mp4,366,True,0.010922852903604507,1.1162574291229248,23.22842025756836,28.258920669555664,44.14470672607422
fast,C:\Users\Light\Videos\高速运动.mp4,367,True,0.13267911970615387,10.503222465515137,42.08445358276367,37.00695037841797,61.492679595947266
fast,C:\Users\Light\Videos\高速运动.mp4,368,True,0.5034819841384888,26.335092544555664,43.63977813720703,52.70622634887695,63.912052154541016
fast,C:\Users\Light\Videos\高速运动.mp4,369,True,0.48341161012649536,38.29248046875,45.0571174621582,63.15587615966797,64.50895690917969
fast,C:\Users\Light\Videos\高速运动.mp4,370,True,0.4811812937259674,38.28641128540039,45.07246780395508,63.14933776855469,64.5088882446289
fast,C:\Users\Light\Videos\高速运动.mp4,371,True,0.6657675504684448,48.6658821105957,43.91958236694336,73.97467041015625,65.0296401977539
fast,C:\Users\Light\Videos\高速运动.mp4,372,True,0.5018495917320251,57.24213409423828,44.382266998291016,82.44776153564453,63.76454162597656
fast,C:\Users\Light\Videos\高速运动.mp4,373,True,0.5017585158348083,57.24480056762695,44.38457489013672,82.44661712646484,63.76259231567383
fast,C:\Users\Light\Videos\高速运动.mp4,374,True,0.7138592004776001,66.67062377929688,44.161109924316406,92.62034606933594,64.84046173095703
fast,C:\Users\Light\Videos\高速运动.mp4,375,True,0.4177303910255432,77.1371078491211,44.753936767578125,102.65514373779297,64.1794662475586
fast,C:\Users\Light\Videos\高速运动.mp4,376,True,0.4175250828266144,77.13734436035156,44.756134033203125,102.65799713134766,64.1808090209961
fast,C:\Users\Light\Videos\高速运动.mp4,377,True,0.5473581552505493,86.16250610351562,44.00468063354492,112.72230529785156,63.95974349975586
fast,C:\Users\Light\Videos\高速运动.mp4,378,True,0.4935133755207062,96.91217041015625,43.22407150268555,122.2225570678711,64.44546508789062
fast,C:\Users\Light\Videos\高速运动.mp4,379,True,0.49127525091171265,96.93270874023438,43.220550537109375,122.21815490722656,64.41101837158203
fast,C:\Users\Light\Videos\高速运动.mp4,380,True,0.31727638840675354,108.5967025756836,44.156314849853516,134.9556121826172,64.53437042236328
fast,C:\Users\Light\Videos\高速运动.mp4,381,True,0.30655819177627563,108.58824157714844,44.13865661621094,134.91897583007812,64.48399353027344
fast,C:\Users\Light\Videos\高速运动.mp4,382,True,0.219048872590065,119.82262420654297,43.0423583984375,145.1202392578125,62.549373626708984
fast,C:\Users\Light\Videos\高速运动.mp4,383,True,0.050443463027477264,133.04795837402344,41.73366928100586,160.6861114501953,60.780269622802734
fast,C:\Users\Light\Videos\高速运动.mp4,384,True,0.04938985034823418,133.04901123046875,41.7490234375,160.72708129882812,60.785133361816406
fast,C:\Users\Light\Videos\高速运动.mp4,385,True,0.10180939733982086,146.90811157226562,42.69928741455078,173.30226135253906,63.952369689941406
fast,C:\Users\Light\Videos\高速运动.mp4,386,True,0.15657474100589752,160.04598999023438,44.31902313232422,185.43223571777344,64.87650299072266
fast,C:\Users\Light\Videos\高速运动.mp4,387,True,0.1757057160139084,160.0478057861328,44.3114013671875,185.41981506347656,64.87542724609375
fast,C:\Users\Light\Videos\高速运动.mp4,388,True,0.10140582919120789,174.8442840576172,44.652076721191406,198.96612548828125,64.19055938720703
fast,C:\Users\Light\Videos\高速运动.mp4,389,True,0.2544199526309967,189.8455810546875,45.76072311401367,216.5404510498047,64.29701232910156
fast,C:\Users\Light\Videos\高速运动.mp4,390,True,0.22725652158260345,189.7311553955078,46.00818634033203,216.6600341796875,64.32610321044922
fast,C:\Users\Light\Videos\高速运动.mp4,391,True,0.006312078330665827,244.7890625,0.0,344.0362243652344,100.62224578857422
fast,C:\Users\Light\Videos\高速运动.mp4,392,True,0.006380652077496052,244.749755859375,0.0,344.0467224121094,100.63528442382812
fast,C:\Users\Light\Videos\高速运动.mp4,393,True,0.005602973513305187,245.14759826660156,0.0,343.9410400390625,100.5834732055664
fast,C:\Users\Light\Videos\高速运动.mp4,394,True,0.005597698502242565,245.14871215820312,0.0,343.94287109375,100.57764434814453
fast,C:\Users\Light\Videos\高速运动.mp4,395,True,0.004928589332848787,245.533203125,0.0,343.7950439453125,100.66740417480469
fast,C:\Users\Light\Videos\高速运动.mp4,396,True,0.00405039032921195,245.90097045898438,0.0,343.4640197753906,101.65367889404297
fast,C:\Users\Light\Videos\高速运动.mp4,397,True,0.004040705040097237,245.90426635742188,0.0,343.4607238769531,101.66571807861328
fast,C:\Users\Light\Videos\高速运动.mp4,398,True,0.00501398928463459,369.810302734375,25.317201614379883,394.7781066894531,44.413330078125
fast,C:\Users\Light\Videos\高速运动.mp4,399,True,0.006175226531922817,369.509765625,25.205951690673828,394.87493896484375,44.27814483642578
fast,C:\Users\Light\Videos\高速运动.mp4,400,True,0.006045379675924778,369.5099182128906,25.214221954345703,394.8881530761719,44.29255294799805
fast,C:\Users\Light\Videos\高速运动.mp4,401,True,0.009485873393714428,411.29290771484375,30.2359561920166,437.8460388183594,53.35276794433594
fast,C:\Users\Light\Videos\高速运动.mp4,402,True,0.025766713544726372,411.09832763671875,34.01345443725586,440.78564453125,53.46950912475586
fast,C:\Users\Light\Videos\高速运动.mp4,403,True,0.0260054599493742,411.0952453613281,33.99514389038086,440.76812744140625,53.449806213378906
fast,C:\Users\Light\Videos\高速运动.mp4,404,True,0.009129001758992672,345.7930908203125,19.695608139038086,371.5927429199219,36.04661178588867
fast,C:\Users\Light\Videos\高速运动.mp4,405,True,0.010014314204454422,345.7643127441406,19.663312911987305,371.5942687988281,36.06182861328125
fast,C:\Users\Light\Videos\高速运动.mp4,406,True,0.017048543319106102,345.26361083984375,19.184673309326172,371.162841796875,36.27682113647461
fast,C:\Users\Light\Videos\高速运动.mp4,407,True,0.003236799966543913,346.3704833984375,19.709592819213867,371.76751708984375,35.26248550415039
fast,C:\Users\Light\Videos\高速运动.mp4,408,True,0.003210067981854081,346.38812255859375,19.701793670654297,371.7697448730469,35.247467041015625
fast,C:\Users\Light\Videos\高速运动.mp4,409,True,0.0035596881061792374,422.9908142089844,25.17991065979004,445.7160339355469,48.151405334472656
fast,C:\Users\Light\Videos\高速运动.mp4,410,True,0.038195714354515076,390.5494689941406,43.673282623291016,417.062255859375,65.06670379638672
fast,C:\Users\Light\Videos\高速运动.mp4,411,True,0.040355611592531204,390.5804748535156,43.67512130737305,417.08038330078125,65.09669494628906
fast,C:\Users\Light\Videos\高速运动.mp4,412,True,0.09994649887084961,383.6169128417969,43.87543487548828,411.5224304199219,62.07573318481445
fast,C:\Users\Light\Videos\高速运动.mp4,413,True,0.34192562103271484,377.0081787109375,40.34197235107422,403.087890625,60.75664520263672
fast,C:\Users\Light\Videos\高速运动.mp4,414,True,0.35261955857276917,376.97711181640625,40.355979919433594,403.03656005859375,60.758460998535156
fast,C:\Users\Light\Videos\高速运动.mp4,415,True,0.6480778455734253,368.0380554199219,39.82025909423828,394.9069519042969,61.27226638793945
fast,C:\Users\Light\Videos\高速运动.mp4,416,True,0.6459408402442932,368.0380554199219,39.82063674926758,394.92523193359375,61.27354049682617
fast,C:\Users\Light\Videos\高速运动.mp4,417,True,0.2625272274017334,353.6995849609375,38.57111740112305,380.05499267578125,59.91541290283203
fast,C:\Users\Light\Videos\高速运动.mp4,418,True,0.2695519030094147,353.70941162109375,38.58946990966797,380.03265380859375,59.89620590209961
fast,C:\Users\Light\Videos\高速运动.mp4,419,True,0.17545099556446075,340.7543029785156,38.92398452758789,366.4546813964844,59.95541763305664
fast,C:\Users\Light\Videos\高速运动.mp4,420,True,0.2731793224811554,331.0496520996094,39.164546966552734,357.4635925292969,59.99239730834961
fast,C:\Users\Light\Videos\高速运动.mp4,421,True,0.2729150950908661,331.0519714355469,39.165443420410156,357.4622497558594,59.991905212402344
fast,C:\Users\Light\Videos\高速运动.mp4,422,True,0.009964571334421635,316.27520751953125,38.59944534301758,347.6622619628906,58.79856872558594
fast,C:\Users\Light\Videos\高速运动.mp4,423,True,0.05628335848450661,300.89361572265625,36.92367935180664,328.5799865722656,56.254451751708984
fast,C:\Users\Light\Videos\高速运动.mp4,424,True,0.05752049386501312,300.9198303222656,36.91209411621094,328.5657043457031,56.25564193725586
fast,C:\Users\Light\Videos\高速运动.mp4,425,True,0.013128930702805519,288.7050476074219,41.53710174560547,316.1438903808594,58.758113861083984
fast,C:\Users\Light\Videos\高速运动.mp4,426,True,0.012512997724115849,288.71826171875,41.54294967651367,316.11676025390625,58.7725715637207
fast,C:\Users\Light\Videos\高速运动.mp4,427,True,0.010204174555838108,1.4850878715515137,69.03508758544922,28.998428344726562,86.27317810058594
fast,C:\Users\Light\Videos\高速运动.mp4,428,True,0.0025410642847418785,1.9150300025939941,69.23095703125,28.984447479248047,85.91060638427734
fast,C:\Users\Light\Videos\高速运动.mp4,429,True,0.0025346572510898113,1.9207197427749634,69.23223876953125,28.97800636291504,85.90453338623047
fast,C:\Users\Light\Videos\高速运动.mp4,430,True,0.004521412309259176,1.5274509191513062,69.57298278808594,29.033489227294922,86.62545776367188
fast,C:\Users\Light\Videos\高速运动.mp4,431,True,0.0025304837618023157,2.0248918533325195,69.29023742675781,29.10741424560547,85.7164535522461
fast,C:\Users\Light\Videos\高速运动.mp4,432,True,0.0024143471382558346,2.060227632522583,69.2755126953125,29.10059928894043,85.68658447265625
fast,C:\Users\Light\Videos\高速运动.mp4,433,True,0.0057266163639724255,201.5017852783203,43.39567565917969,227.64785766601562,57.743507385253906
fast,C:\Users\Light\Videos\高速运动.mp4,434,True,0.004270595498383045,1.5995973348617554,69.17176818847656,29.112552642822266,86.2350082397461
fast,C:\Users\Light\Videos\高速运动.mp4,435,True,0.004306059796363115,1.586927890777588,69.19182586669922,29.123493194580078,86.27236938476562
fast,C:\Users\Light\Videos\高速运动.mp4,436,True,0.006818776018917561,1.9543787240982056,69.31495666503906,29.321474075317383,86.25721740722656
fast,C:\Users\Light\Videos\高速运动.mp4,437,True,0.006765968166291714,1.9585893154144287,69.31636810302734,29.32227897644043,86.25455474853516
fast,C:\Users\Light\Videos\高速运动.mp4,438,True,0.0054755075834691525,1.787359595298767,69.4260482788086,29.102298736572266,86.08951568603516
fast,C:\Users\Light\Videos\高速运动.mp4,439,True,0.008096253499388695,1.6568135023117065,69.58492279052734,29.210378646850586,86.97115325927734
fast,C:\Users\Light\Videos\高速运动.mp4,440,True,0.008040495216846466,1.6551690101623535,69.58676147460938,29.209184646606445,86.96967315673828
fast,C:\Users\Light\Videos\高速运动.mp4,441,True,0.007073966320604086,1.6669195890426636,69.31686401367188,29.145614624023438,86.07929229736328
fast,C:\Users\Light\Videos\高速运动.mp4,442,True,0.007187777664512396,1.6595714092254639,69.31912231445312,29.13824462890625,86.08213806152344
fast,C:\Users\Light\Videos\高速运动.mp4,443,True,0.0025918325409293175,0.9700415730476379,21.747859954833984,26.344219207763672,45.330604553222656
fast,C:\Users\Light\Videos\高速运动.mp4,444,True,0.005979165900498629,0.6478167772293091,21.411935806274414,26.622249603271484,43.743858337402344
fast,C:\Users\Light\Videos\高速运动.mp4,445,True,0.00585015257820487,0.6507946848869324,21.399856567382812,26.608642578125,43.7318229675293
fast,C:\Users\Light\Videos\高速运动.mp4,446,True,0.027585472911596298,0.1420949399471283,21.83477020263672,27.626731872558594,43.02470016479492
fast,C:\Users\Light\Videos\高速运动.mp4,447,True,0.017943207174539566,0.0,21.988399505615234,27.23453712463379,42.255924224853516
fast,C:\Users\Light\Videos\高速运动.mp4,448,True,0.017934506759047508,0.0,21.988109588623047,27.213787078857422,42.28436279296875
fast,C:\Users\Light\Videos\高速运动.mp4,449,True,0.15731020271778107,32.26194381713867,43.82624053955078,58.278499603271484,64.85548400878906
fast,C:\Users\Light\Videos\高速运动.mp4,450,True,0.15682858228683472,32.26953125,43.826690673828125,58.287925720214844,64.86314392089844
fast,C:\Users\Light\Videos\高速运动.mp4,451,True,0.4062030017375946,45.24134826660156,43.616939544677734,71.21481323242188,63.93251419067383
fast,C:\Users\Light\Videos\高速运动.mp4,452,True,0.5820574164390564,54.315250396728516,44.14297866821289,81.4858627319336,64.56513977050781
fast,C:\Users\Light\Videos\高速运动.mp4,453,True,0.5889084339141846,54.27526092529297,44.10862350463867,81.47630310058594,64.57439422607422
fast,C:\Users\Light\Videos\高速运动.mp4,454,True,0.5463176965713501,65.30647277832031,43.657325744628906,90.9777603149414,64.16522979736328
fast,C:\Users\Light\Videos\高速运动.mp4,455,True,0.6262606978416443,72.9313735961914,43.13917541503906,98.64250183105469,65.11646270751953
fast,C:\Users\Light\Videos\高速运动.mp4,456,True,0.6292791366577148,72.9002914428711,43.17967224121094,98.60235595703125,65.12908172607422
fast,C:\Users\Light\Videos\高速运动.mp4,457,True,0.6575456261634827,82.47927856445312,43.625545501708984,109.4535903930664,64.5490951538086
fast,C:\Users\Light\Videos\高速运动.mp4,458,True,0.6562194228172302,91.50225067138672,43.21073532104492,116.2830810546875,64.37049865722656
fast,C:\Users\Light\Videos\高速运动.mp4,459,True,0.6236090064048767,91.45189666748047,43.232181549072266,116.30110931396484,64.42529296875
fast,C:\Users\Light\Videos\高速运动.mp4,460,True,0.5688432455062866,100.60147857666016,43.485877990722656,127.9234848022461,63.496883392333984
fast,C:\Users\Light\Videos\高速运动.mp4,461,True,0.5775371193885803,100.56758117675781,43.46868896484375,127.88092041015625,63.53549575805664
fast,C:\Users\Light\Videos\高速运动.mp4,462,True,0.21353109180927277,110.55744934082031,43.0960578918457,136.2876739501953,64.14295959472656
fast,C:\Users\Light\Videos\高速运动.mp4,463,True,0.16242554783821106,122.84679412841797,44.47950744628906,148.87567138671875,62.94309616088867
fast,C:\Users\Light\Videos\高速运动.mp4,464,True,0.15954862534999847,122.8432388305664,44.47836685180664,148.88336181640625,62.940879821777344
fast,C:\Users\Light\Videos\高速运动.mp4,465,True,0.15699496865272522,144.8222198486328,43.63867950439453,169.78863525390625,63.16429901123047
fast,C:\Users\Light\Videos\高速运动.mp4,466,True,0.16652138531208038,144.8756866455078,43.65192413330078,169.7838134765625,63.14491271972656
fast,C:\Users\Light\Videos\高速运动.mp4,467,True,0.4104067385196686,157.4282684326172,43.61138153076172,181.75311279296875,63.620548248291016
fast,C:\Users\Light\Videos\高速运动.mp4,468,True,0.30529046058654785,172.1019287109375,45.102073669433594,198.28334045410156,64.44678497314453
fast,C:\Users\Light\Videos\高速运动.mp4,469,True,0.30389195680618286,172.10096740722656,45.10268020629883,198.2832489013672,64.44506072998047
fast,C:\Users\Light\Videos\高速运动.mp4,470,True,0.22244137525558472,185.66436767578125,43.6047477722168,209.89857482910156,62.68482971191406
fast,C:\Users\Light\Videos\高速运动.mp4,471,True,0.20952385663986206,185.5659942626953,43.62079620361328,209.85496520996094,62.66515350341797
fast,C:\Users\Light\Videos\高速运动.mp4,472,True,0.007395168300718069,407.9234924316406,30.408523559570312,432.4952087402344,53.23407745361328
fast,C:\Users\Light\Videos\高速运动.mp4,473,True,0.005974974483251572,407.8318786621094,30.208322525024414,432.3716735839844,53.098331451416016
fast,C:\Users\Light\Videos\高速运动.mp4,474,True,0.0061181108467280865,214.54315185546875,44.2814826965332,240.30943298339844,61.99155807495117
fast,C:\Users\Light\Videos\高速运动.mp4,475,True,0.0065290057100355625,140.59625244140625,0.0,450.0852355957031,109.0
fast,C:\Users\Light\Videos\高速运动.mp4,476,True,0.007640406489372253,139.419189453125,0.0,450.9414978027344,109.0
fast,C:\Users\Light\Videos\高速运动.mp4,477,True,0.007639929186552763,139.42295837402344,0.0,450.9352722167969,109.0
fast,C:\Users\Light\Videos\高速运动.mp4,478,True,0.007137947715818882,140.11752319335938,0.0,450.50030517578125,109.0
fast,C:\Users\Light\Videos\高速运动.mp4,479,True,0.008015521802008152,139.2166748046875,0.0,451.02154541015625,109.0
fast,C:\Users\Light\Videos\高速运动.mp4,480,True,0.007935832254588604,139.27096557617188,0.0,450.99072265625,109.0
fast,C:\Users\Light\Videos\高速运动.mp4,481,True,0.006695442367345095,407.928955078125,30.230710983276367,432.1054382324219,53.513771057128906
fast,C:\Users\Light\Videos\高速运动.mp4,482,True,0.006561161484569311,244.6094512939453,0.0,344.0955810546875,100.67369842529297
fast,C:\Users\Light\Videos\高速运动.mp4,483,True,0.00687274057418108,140.24114990234375,0.0,450.3746643066406,109.0
fast,C:\Users\Light\Videos\高速运动.mp4,484,True,0.006306177470833063,244.79139709472656,0.0,343.9927062988281,100.77396392822266
fast,C:\Users\Light\Videos\高速运动.mp4,485,True,0.006299263332039118,244.7981414794922,0.0,343.9870300292969,100.77831268310547
fast,C:\Users\Light\Videos\高速运动.mp4,486,True,0.005897296592593193,244.98594665527344,0.0,343.9870300292969,100.6343002319336
fast,C:\Users\Light\Videos\高速运动.mp4,487,True,0.0057603660970926285,345.9392395019531,20.06122589111328,371.9510803222656,36.7930908203125
fast,C:\Users\Light\Videos\高速运动.mp4,488,True,0.0055945999920368195,245.0707244873047,0.0,344.05975341796875,100.50846099853516
fast,C:\Users\Light\Videos\高速运动.mp4,489,True,0.009860376827418804,407.7959289550781,30.57929801940918,432.4898376464844,55.150917053222656
fast,C:\Users\Light\Videos\高速运动.mp4,490,True,0.010359682142734528,407.7699890136719,30.57402992248535,432.5205383300781,55.14609909057617
fast,C:\Users\Light\Videos\高速运动.mp4,491,True,0.009253054857254028,386.1286926269531,48.72832107543945,411.0440979003906,63.1800537109375
fast,C:\Users\Light\Videos\高速运动.mp4,492,True,0.48736855387687683,379.2934875488281,47.812347412109375,404.7336120605469,65.38069152832031
fast,C:\Users\Light\Videos\高速运动.mp4,493,True,0.486517071723938,379.29412841796875,47.81893539428711,404.7345886230469,65.37687683105469
fast,C:\Users\Light\Videos\高速运动.mp4,494,True,0.4710755944252014,375.466064453125,44.286346435546875,400.107666015625,64.92257690429688
fast,C:\Users\Light\Videos\高速运动.mp4,495,True,0.48719218373298645,375.54571533203125,44.29607391357422,400.1336669921875,64.92230987548828
fast,C:\Users\Light\Videos\高速运动.mp4,496,True,0.5697845220565796,374.3714294433594,44.74216842651367,398.62615966796875,64.98907470703125
fast,C:\Users\Light\Videos\高速运动.mp4,497,True,0.6441613435745239,372.0951843261719,45.334590911865234,398.0807800292969,65.60569763183594
fast,C:\Users\Light\Videos\高速运动.mp4,498,True,0.6480339765548706,372.17327880859375,45.29931640625,398.0711975097656,65.59529876708984
fast,C:\Users\Light\Videos\高速运动.mp4,499,True,0.1717410683631897,370.3384704589844,43.405086517333984,397.0165710449219,63.76216506958008
fast,C:\Users\Light\Videos\高速运动.mp4,500,True,0.692451536655426,368.5135803222656,40.10100555419922,394.1077880859375,61.389766693115234
fast,C:\Users\Light\Videos\高速运动.mp4,501,True,0.691223680973053,368.51513671875,40.102909088134766,394.11083984375,61.38010787963867
fast,C:\Users\Light\Videos\高速运动.mp4,502,True,0.725314199924469,363.64483642578125,39.68816375732422,390.6847229003906,60.867828369140625
fast,C:\Users\Light\Videos\高速运动.mp4,503,True,0.635242760181427,357.4488525390625,38.880191802978516,385.92108154296875,60.27469253540039
fast,C:\Users\Light\Videos\高速运动.mp4,504,True,0.6352654695510864,357.4486083984375,38.87880325317383,385.92083740234375,60.2747802734375
fast,C:\Users\Light\Videos\高速运动.mp4,505,True,0.6785904169082642,351.9833984375,39.03151321411133,377.7086181640625,60.80767822265625
fast,C:\Users\Light\Videos\高速运动.mp4,506,True,0.6789573431015015,351.9879150390625,39.02676010131836,377.7103576660156,60.804046630859375
fast,C:\Users\Light\Videos\高速运动.mp4,507,True,0.49199193716049194,341.36041259765625,38.2666130065918,370.0455017089844,59.87397384643555
fast,C:\Users\Light\Videos\高速运动.mp4,508,True,0.5651616454124451,332.3281555175781,40.018306732177734,359.0943298339844,61.5772590637207
fast,C:\Users\Light\Videos\高速运动.mp4,509,True,0.5653369426727295,332.32977294921875,40.02056884765625,359.09832763671875,61.576881408691406
fast,C:\Users\Light\Videos\高速运动.mp4,510,True,0.40098658204078674,319.8792419433594,41.08354187011719,347.9896545410156,60.9300422668457
fast,C:\Users\Light\Videos\高速运动.mp4,511,True,0.25612056255340576,308.3539733886719,40.9698486328125,335.9173278808594,59.72361755371094
fast,C:\Users\Light\Videos\高速运动.mp4,512,True,0.2603439688682556,308.356201171875,40.956512451171875,335.91766357421875,59.68773651123047
fast,C:\Users\Light\Videos\高速运动.mp4,513,True,0.031610168516635895,279.67657470703125,37.211238861083984,308.01971435546875,56.08513641357422
fast,C:\Users\Light\Videos\高速运动.mp4,514,True,0.02477094903588295,279.23394775390625,36.946449279785156,308.01995849609375,55.786773681640625
fast,C:\Users\Light\Videos\高速运动.mp4,515,True,0.02486085146665573,266.87554931640625,41.52262496948242,293.4232177734375,59.282047271728516
fast,C:\Users\Light\Videos\高速运动.mp4,516,True,0.022545084357261658,266.90594482421875,41.55675506591797,293.389892578125,59.23460388183594
fast,C:\Users\Light\Videos\高速运动.mp4,517,True,0.004519173875451088,1.6052113771438599,68.98291015625,28.85684585571289,85.81786346435547
fast,C:\Users\Light\Videos\高速运动.mp4,518,True,0.0032193476799875498,1.6948356628417969,69.13853454589844,28.846574783325195,85.63821411132812
fast,C:\Users\Light\Videos\高速运动.mp4,519,True,0.00322301359847188,1.6939042806625366,69.14061737060547,28.84778594970703,85.64105987548828
fast,C:\Users\Light\Videos\高速运动.mp4,520,True,0.003375760745257139,219.8636932373047,43.933387756347656,245.51254272460938,59.226131439208984
fast,C:\Users\Light\Videos\高速运动.mp4,521,True,0.005416439846158028,202.2169952392578,43.148094177246094,227.96983337402344,58.00847625732422
fast,C:\Users\Light\Videos\高速运动.mp4,522,True,0.005459562409669161,202.2236785888672,43.15800094604492,227.98951721191406,58.011749267578125
fast,C:\Users\Light\Videos\高速运动.mp4,523,True,0.003934175707399845,183.66824340820312,44.38838577270508,209.86581420898438,59.22913360595703
fast,C:\Users\Light\Videos\高速运动.mp4,524,True,0.0018259482458233833,1.3249672651290894,22.67824363708496,25.85690689086914,45.69935989379883
fast,C:\Users\Light\Videos\高速运动.mp4,525,True,0.0018365876749157906,1.3195171356201172,22.67631721496582,25.856603622436523,45.70478439331055
fast,C:\Users\Light\Videos\高速运动.mp4,526,True,0.047887470573186874,143.37664794921875,40.4823112487793,169.5176239013672,60.32249450683594
fast,C:\Users\Light\Videos\高速运动.mp4,527,True,0.05639055371284485,143.3679656982422,40.37538528442383,169.48184204101562,60.275230407714844
fast,C:\Users\Light\Videos\高速运动.mp4,528,True,0.0023587970063090324,126.32532501220703,38.72270584106445,149.3323211669922,60.16745376586914
fast,C:\Users\Light\Videos\高速运动.mp4,529,True,0.0025056921876966953,1.747601866722107,69.51081085205078,28.866912841796875,86.18678283691406
fast,C:\Users\Light\Videos\高速运动.mp4,530,True,0.0025681862607598305,1.7293254137039185,69.52667999267578,28.876012802124023,86.20802307128906
fast,C:\Users\Light\Videos\高速运动.mp4,531,True,0.00300002284348011,86.19136047363281,39.8178825378418,107.02904510498047,60.85393524169922
fast,C:\Users\Light\Videos\高速运动.mp4,532,True,0.004800822120159864,1.020408272743225,23.760509490966797,26.999305725097656,45.627037048339844
fast,C:\Users\Light\Videos\高速运动.mp4,533,True,0.004796799272298813,1.020639419555664,23.75927734375,26.996355056762695,45.63270950317383
fast,C:\Users\Light\Videos\高速运动.mp4,534,True,0.00384788797236979,245.93614196777344,0.0,343.591064453125,100.39637756347656
fast,C:\Users\Light\Videos\高速运动.mp4,535,True,0.003885915270075202,245.707763671875,0.0,343.80828857421875,100.57154846191406
fast,C:\Users\Light\Videos\高速运动.mp4,536,True,0.11742280423641205,10.840741157531738,46.22501754760742,39.16983413696289,65.07242584228516
fast,C:\Users\Light\Videos\高速运动.mp4,537,True,0.2586779296398163,26.689085006713867,42.418853759765625,52.65985870361328,62.86517333984375
fast,C:\Users\Light\Videos\高速运动.mp4,538,True,0.25513967871665955,26.69922637939453,42.42817687988281,52.668487548828125,62.869834899902344
fast,C:\Users\Light\Videos\高速运动.mp4,539,True,0.5042946338653564,38.297306060791016,44.20512771606445,63.330711364746094,63.89152526855469
fast,C:\Users\Light\Videos\高速运动.mp4,540,True,0.5029915571212769,38.30032730102539,44.2011604309082,63.33805847167969,63.88531494140625
fast,C:\Users\Light\Videos\高速运动.mp4,541,True,0.6956474781036377,47.40427017211914,42.86555480957031,75.1205825805664,64.1980209350586
fast,C:\Users\Light\Videos\高速运动.mp4,542,True,0.316407710313797,59.45649337768555,44.386165618896484,85.08597564697266,63.63711166381836
fast,C:\Users\Light\Videos\高速运动.mp4,543,True,0.31629523634910583,59.47103500366211,44.3941650390625,85.11506652832031,63.6470832824707
fast,C:\Users\Light\Videos\高速运动.mp4,544,True,0.4855233132839203,68.9795913696289,43.656497955322266,93.35819244384766,64.65315246582031
fast,C:\Users\Light\Videos\高速运动.mp4,545,True,0.5349438190460205,78.15054321289062,43.75331497192383,103.6381607055664,65.12397003173828
fast,C:\Users\Light\Videos\高速运动.mp4,546,True,0.5242860913276672,78.11045837402344,43.74479675292969,103.64356231689453,65.13230895996094
fast,C:\Users\Light\Videos\高速运动.mp4,547,True,0.4477287828922272,89.0590591430664,43.69609832763672,114.42317199707031,63.98921585083008
fast,C:\Users\Light\Videos\高速运动.mp4,548,True,0.09684514254331589,99.16555786132812,47.00569534301758,124.91626739501953,65.7940673828125
fast,C:\Users\Light\Videos\高速运动.mp4,549,True,0.09146802127361298,99.06964111328125,47.14392852783203,124.9064712524414,65.89563751220703
fast,C:\Users\Light\Videos\高速运动.mp4,550,True,0.03303094580769539,113.54883575439453,45.14896011352539,137.8385467529297,62.49126434326172
fast,C:\Users\Light\Videos\高速运动.mp4,551,True,0.033962495625019073,113.54515075683594,45.15133285522461,137.85476684570312,62.492740631103516
fast,C:\Users\Light\Videos\高速运动.mp4,552,True,0.029050597921013832,125.41200256347656,44.88394546508789,150.68492126464844,63.54533386230469
fast,C:\Users\Light\Videos\高速运动.mp4,553,True,0.16365504264831543,139.72438049316406,42.90522384643555,164.5321502685547,62.51555633544922
fast,C:\Users\Light\Videos\高速运动.mp4,554,True,0.16327771544456482,139.71392822265625,42.90952682495117,164.5264892578125,62.51802062988281
fast,C:\Users\Light\Videos\高速运动.mp4,555,True,0.009748568758368492,154.4252166748047,44.543426513671875,179.3643035888672,63.253047943115234
fast,C:\Users\Light\Videos\高速运动.mp4,556,True,0.009772908873856068,173.52891540527344,47.572052001953125,198.3822021484375,63.15945816040039
fast,C:\Users\Light\Videos\高速运动.mp4,557,True,0.010319155640900135,171.86302185058594,46.81192398071289,198.387939453125,65.0867691040039
fast,C:\Users\Light\Videos\高速运动.mp4,558,True,0.00783588271588087,395.4083251953125,34.8526496887207,424.7412109375,56.34849166870117
fast,C:\Users\Light\Videos\高速运动.mp4,559,True,0.008133691735565662,395.3765563964844,34.89912796020508,424.7022399902344,56.34880447387695
fast,C:\Users\Light\Videos\高速运动.mp4,560,True,0.012134077958762646,395.80938720703125,34.97980880737305,424.61712646484375,56.24150085449219
fast,C:\Users\Light\Videos\高速运动.mp4,561,True,0.012144508771598339,395.80999755859375,34.976539611816406,424.61566162109375,56.23666000366211
fast,C:\Users\Light\Videos\高速运动.mp4,562,True,0.006780205760151148,140.47964477539062,0.0,450.0970764160156,109.0
fast,C:\Users\Light\Videos\高速运动.mp4,563,True,0.007905826903879642,395.2994079589844,35.11033248901367,424.7815246582031,56.590579986572266
fast,C:\Users\Light\Videos\高速运动.mp4,564,True,0.00798760261386633,395.3100891113281,35.116207122802734,424.7778625488281,56.595062255859375
fast,C:\Users\Light\Videos\高速运动.mp4,565,True,0.00698140449821949,395.2247009277344,34.93126678466797,424.7287902832031,56.4183235168457
fast,C:\Users\Light\Videos\高速运动.mp4,566,True,0.005924804136157036,244.9358367919922,0.0,344.0794677734375,100.3048095703125
fast,C:\Users\Light\Videos\高速运动.mp4,567,True,0.005919141694903374,244.9398193359375,0.0,344.0787048339844,100.29414367675781
fast,C:\Users\Light\Videos\高速运动.mp4,568,True,0.004766735713928938,245.498291015625,0.0,343.8467712402344,100.58959197998047
fast,C:\Users\Light\Videos\高速运动.mp4,569,True,0.005704569164663553,245.08338928222656,0.0,344.0223083496094,100.23793029785156
fast,C:\Users\Light\Videos\高速运动.mp4,570,True,0.00571783073246479,245.08062744140625,0.0,344.018310546875,100.2419662475586
fast,C:\Users\Light\Videos\高速运动.mp4,571,True,0.00676190759986639,140.40005493164062,0.0,450.1478271484375,109.0
fast,C:\Users\Light\Videos\高速运动.mp4,572,True,0.00676035787910223,140.40164184570312,0.0,450.14599609375,109.0
fast,C:\Users\Light\Videos\高速运动.mp4,573,True,0.10256578028202057,410.05804443359375,34.2871208190918,437.00250244140625,54.401885986328125
fast,C:\Users\Light\Videos\高速运动.mp4,574,True,0.0102143045514822,411.3117370605469,34.204063415527344,442.2352600097656,54.21663284301758
fast,C:\Users\Light\Videos\高速运动.mp4,575,True,0.010402385145425797,411.3150634765625,34.20643997192383,442.216796875,54.207759857177734
fast,C:\Users\Light\Videos\高速运动.mp4,576,True,0.00885233748704195,419.3115539550781,29.47650146484375,444.790283203125,52.07543182373047
fast,C:\Users\Light\Videos\高速运动.mp4,577,True,0.04292798042297363,386.258056640625,48.14495086669922,411.9410095214844,64.19039916992188
fast,C:\Users\Light\Videos\高速运动.mp4,578,True,0.04239250719547272,386.27880859375,48.1485595703125,411.9558410644531,64.19477081298828
fast,C:\Users\Light\Videos\高速运动.mp4,579,True,0.01833619363605976,378.14630126953125,45.05187225341797,404.84808349609375,60.10700988769531
fast,C:\Users\Light\Videos\高速运动.mp4,580,True,0.2541423738002777,367.53692626953125,39.26163101196289,394.83978271484375,59.483524322509766
fast,C:\Users\Light\Videos\高速运动.mp4,581,True,0.25384655594825745,367.53741455078125,39.264320373535156,394.83935546875,59.48487091064453
fast,C:\Users\Light\Videos\高速运动.mp4,582,True,0.02468874864280224,360.107666015625,42.58501052856445,387.35736083984375,59.193790435791016
fast,C:\Users\Light\Videos\高速运动.mp4,583,True,0.4113185703754425,352.7360534667969,41.665740966796875,379.05804443359375,62.1439323425293
fast,C:\Users\Light\Videos\高速运动.mp4,584,True,0.41135838627815247,352.7327880859375,41.66612243652344,379.0583190917969,62.14570236206055
fast,C:\Users\Light\Videos\高速运动.mp4,585,True,0.5842522978782654,342.7196350097656,38.91230773925781,370.47564697265625,60.19936752319336
fast,C:\Users\Light\Videos\高速运动.mp4,586,True,0.15807287395000458,330.9183654785156,40.579105377197266,356.51483154296875,60.57957458496094
fast,C:\Users\Light\Videos\高速运动.mp4,587,True,0.16767267882823944,321.92840576171875,40.52254104614258,347.5127868652344,61.31843185424805
fast,C:\Users\Light\Videos\高速运动.mp4,588,True,0.1675659418106079,321.9283447265625,40.52088165283203,347.51611328125,61.31807327270508
fast,C:\Users\Light\Videos\高速运动.mp4,589,True,0.14820724725723267,310.1539611816406,42.33725357055664,335.82177734375,62.281246185302734
fast,C:\Users\Light\Videos\高速运动.mp4,590,True,0.39246436953544617,298.1549377441406,38.62990188598633,325.12066650390625,59.835784912109375
fast,C:\Users\Light\Videos\高速运动.mp4,591,True,0.390544056892395,298.1602783203125,38.63100051879883,325.1261901855469,59.834510803222656
fast,C:\Users\Light\Videos\高速运动.mp4,592,True,0.32266804575920105,285.29736328125,39.69271469116211,311.7911071777344,60.277042388916016
fast,C:\Users\Light\Videos\高速运动.mp4,593,True,0.005409715231508017,272.1838073730469,43.3613395690918,298.3271484375,59.29500198364258
fast,C:\Users\Light\Videos\高速运动.mp4,594,True,0.0054071820341050625,272.16998291015625,43.371490478515625,298.33111572265625,59.31936264038086
fast,C:\Users\Light\Videos\高速运动.mp4,595,True,0.00936095416545868,255.0336456298828,42.70038604736328,281.4263610839844,60.11391067504883
fast,C:\Users\Light\Videos\高速运动.mp4,596,True,0.009361905977129936,255.03378295898438,42.701820373535156,281.4281311035156,60.113956451416016
fast,C:\Users\Light\Videos\高速运动.mp4,597,True,0.006733899936079979,239.21775817871094,44.08713150024414,265.5045166015625,59.0045280456543
fast,C:\Users\Light\Videos\高速运动.mp4,598,True,0.0037315848749130964,1.593630313873291,23.191844940185547,26.867855072021484,45.38772964477539
fast,C:\Users\Light\Videos\高速运动.mp4,599,True,0.00369778904132545,1.6019238233566284,23.196439743041992,26.864831924438477,45.38824462890625
fast,C:\Users\Light\Videos\高速运动.mp4,600,True,0.00553580978885293,208.35928344726562,43.26743698120117,234.2584228515625,57.703704833984375
fast,C:\Users\Light\Videos\高速运动.mp4,601,True,0.02343309111893177,186.10157775878906,39.673038482666016,214.6977996826172,58.44119644165039
fast,C:\Users\Light\Videos\高速运动.mp4,602,True,0.024548428133130074,186.174560546875,39.69831848144531,214.7196807861328,58.4561653137207
fast,C:\Users\Light\Videos\高速运动.mp4,603,True,0.010270006954669952,0.8879263401031494,23.180234909057617,27.682994842529297,44.374916076660156
fast,C:\Users\Light\Videos\高速运动.mp4,604,True,0.0035755594726651907,245.95269775390625,0.0,343.5541076660156,100.69449615478516
fast,C:\Users\Light\Videos\高速运动.mp4,605,True,0.0035847981926053762,245.94924926757812,0.0,343.558837890625,100.68474578857422
fast,C:\Users\Light\Videos\高速运动.mp4,606,True,0.004162714350968599,245.83499145507812,0.0,343.7097473144531,99.94068908691406
fast,C:\Users\Light\Videos\高速运动.mp4,607,True,0.004118905868381262,245.86729431152344,0.0,343.6762390136719,99.987060546875
fast,C:\Users\Light\Videos\高速运动.mp4,608,True,0.005739020183682442,244.9852752685547,0.0,344.26214599609375,99.49259948730469
fast,C:\Users\Light\Videos\高速运动.mp4,609,True,0.005755560472607613,244.99627685546875,0.0,344.2372741699219,99.44232940673828
fast,C:\Users\Light\Videos\高速运动.mp4,610,True,0.015484859235584736,1.0765935182571411,22.791824340820312,27.810588836669922,44.236122131347656
fast,C:\Users\Light\Videos\高速运动.mp4,611,True,0.005692915990948677,244.87741088867188,0.0,344.37384033203125,99.66949462890625
fast,C:\Users\Light\Videos\高速运动.mp4,612,True,0.005730853881686926,244.84881591796875,0.0,344.3908996582031,99.68576049804688
fast,C:\Users\Light\Videos\高速运动.mp4,613,True,0.0059449803084135056,244.57720947265625,0.0,344.5024108886719,100.09201049804688
fast,C:\Users\Light\Videos\高速运动.mp4,614,True,0.006380856968462467,1.8421833515167236,25.222515106201172,29.696317672729492,42.50932693481445
fast,C:\Users\Light\Videos\高速运动.mp4,615,True,0.006492224987596273,1.844194769859314,25.219825744628906,29.712890625,42.4951171875
fast,C:\Users\Light\Videos\高速运动.mp4,616,True,0.07142388820648193,12.7457857131958,42.61842727661133,40.29935073852539,61.817195892333984
fast,C:\Users\Light\Videos\高速运动.mp4,617,True,0.07151313871145248,12.729992866516113,42.61309051513672,40.285980224609375,61.814552307128906
fast,C:\Users\Light\Videos\高速运动.mp4,618,True,0.1435801237821579,28.914508819580078,44.810726165771484,55.470924377441406,63.55840301513672
fast,C:\Users\Light\Videos\高速运动.mp4,619,True,0.3156535029411316,40.786678314208984,44.9322395324707,66.5456771850586,63.45893859863281
fast,C:\Users\Light\Videos\高速运动.mp4,620,True,0.33765795826911926,40.78242874145508,44.91912841796875,66.45372009277344,63.525211334228516
fast,C:\Users\Light\Videos\高速运动.mp4,621,True,0.547059178352356,53.458763122558594,44.07558822631836,78.8001937866211,64.33016204833984
fast,C:\Users\Light\Videos\高速运动.mp4,622,True,0.36765003204345703,63.591495513916016,44.266353607177734,89.83993530273438,63.45001983642578
fast,C:\Users\Light\Videos\高速运动.mp4,623,True,0.371951699256897,63.62356185913086,44.28042984008789,89.84577178955078,63.47709274291992
fast,C:\Users\Light\Videos\高速运动.mp4,624,True,0.5429255366325378,74.867431640625,44.39582443237305,99.97847747802734,64.43838500976562
fast,C:\Users\Light\Videos\高速运动.mp4,625,True,0.5247650742530823,86.14864349365234,44.00763702392578,111.4249038696289,63.9638671875
fast,C:\Users\Light\Videos\高速运动.mp4,626,True,0.5237859487533569,86.14872741699219,44.00474548339844,111.43094635009766,63.957523345947266
fast,C:\Users\Light\Videos\高速运动.mp4,627,True,0.296536922454834,97.81159973144531,44.11588668823242,123.68126678466797,63.04814147949219
fast,C:\Users\Light\Videos\高速运动.mp4,628,True,0.0494544580578804,108.83773803710938,43.590362548828125,134.69557189941406,64.15052795410156
fast,C:\Users\Light\Videos\高速运动.mp4,629,True,0.047285255044698715,108.83931732177734,43.57693862915039,134.7166290283203,64.14109802246094
fast,C:\Users\Light\Videos\高速运动.mp4,630,True,0.0061898184940218925,408.000244140625,30.094562530517578,432.4420471191406,53.043827056884766
fast,C:\Users\Light\Videos\高速运动.mp4,631,True,0.0062726386822760105,407.9983825683594,30.0020694732666,432.4516906738281,53.070247650146484
fast,C:\Users\Light\Videos\高速运动.mp4,632,True,0.11067324876785278,136.64877319335938,43.096797943115234,162.72817993164062,63.62442398071289
fast,C:\Users\Light\Videos\高速运动.mp4,633,True,0.020452424883842468,152.03424072265625,44.31088638305664,177.18658447265625,64.08159637451172
fast,C:\Users\Light\Videos\高速运动.mp4,634,True,0.008040830492973328,407.8216552734375,30.069416046142578,432.5133056640625,53.64611053466797
fast,C:\Users\Light\Videos\高速运动.mp4,635,True,0.022786645218729973,183.35879516601562,44.31767654418945,208.45147705078125,63.33079147338867
fast,C:\Users\Light\Videos\高速运动.mp4,636,True,0.02273612841963768,183.35829162597656,44.31666946411133,208.45213317871094,63.3328742980957
fast,C:\Users\Light\Videos\高速运动.mp4,637,True,0.008888494223356247,407.7315979003906,30.454376220703125,432.40625,53.94810104370117
fast,C:\Users\Light\Videos\高速运动.mp4,638,True,0.011563948355615139,407.7121887207031,30.337703704833984,432.6244812011719,53.398128509521484
fast,C:\Users\Light\Videos\高速运动.mp4,639,True,0.011566839180886745,407.7112731933594,30.33929443359375,432.62677001953125,53.394248962402344
fast,C:\Users\Light\Videos\高速运动.mp4,640,True,0.010114523582160473,407.9534912109375,30.455720901489258,432.6002197265625,53.73107147216797
fast,C:\Users\Light\Videos\高速运动.mp4,641,True,0.010049405507743359,407.9676818847656,30.46493148803711,432.5982971191406,53.735530853271484
fast,C:\Users\Light\Videos\高速运动.mp4,642,True,0.010158034041523933,407.955810546875,30.384340286254883,432.57745361328125,53.46018600463867
fast,C:\Users\Light\Videos\高速运动.mp4,643,True,0.00639160955324769,408.25921630859375,29.881967544555664,432.51312255859375,53.705230712890625
fast,C:\Users\Light\Videos\高速运动.mp4,644,True,0.006413872353732586,408.30712890625,29.88369369506836,432.5230407714844,53.73595428466797
fast,C:\Users\Light\Videos\高速运动.mp4,645,True,0.008361443877220154,408.249267578125,30.092836380004883,432.6669616699219,54.1265869140625
fast,C:\Users\Light\Videos\高速运动.mp4,646,True,0.005809381604194641,245.052978515625,0.0,343.9998474121094,100.33067321777344
fast,C:\Users\Light\Videos\高速运动.mp4,647,True,0.005837663542479277,245.0389862060547,0.0,344.0013732910156,100.33892059326172
fast,C:\Users\Light\Videos\高速运动.mp4,648,True,0.006664574146270752,140.41917419433594,0.0,450.1745910644531,109.0
fast,C:\Users\Light\Videos\高速运动.mp4,649,True,0.005628067068755627,245.15402221679688,0.0,343.95172119140625,100.39530181884766
fast,C:\Users\Light\Videos\高速运动.mp4,650,True,0.005632656626403332,245.1546630859375,0.0,343.9474182128906,100.39667510986328
fast,C:\Users\Light\Videos\高速运动.mp4,651,True,0.007945599034428596,368.69281005859375,24.817272186279297,394.55535888671875,44.90985107421875
fast,C:\Users\Light\Videos\高速运动.mp4,652,True,0.007816259749233723,368.6651611328125,24.841970443725586,394.52392578125,44.9377326965332
fast,C:\Users\Light\Videos\高速运动.mp4,653,True,0.12229496240615845,410.3029479980469,34.14615249633789,436.4706115722656,54.28091049194336
fast,C:\Users\Light\Videos\高速运动.mp4,654,True,0.02453336864709854,410.9678039550781,33.616214752197266,440.8282470703125,53.09100341796875
fast,C:\Users\Light\Videos\高速运动.mp4,655,True,0.024271441623568535,410.97747802734375,33.61684036254883,440.8448181152344,53.093780517578125
fast,C:\Users\Light\Videos\高速运动.mp4,656,True,0.016035310924053192,345.07891845703125,19.262731552124023,371.28155517578125,36.927223205566406
fast,C:\Users\Light\Videos\高速运动.mp4,657,True,0.1685996800661087,386.3843078613281,47.14036560058594,412.1166687011719,66.11112213134766
fast,C:\Users\Light\Videos\高速运动.mp4,658,True,0.3263590335845947,380.29852294921875,43.39063262939453,406.4429626464844,63.42404556274414
fast,C:\Users\Light\Videos\高速运动.mp4,659,True,0.3270174562931061,373.37847900390625,40.57350158691406,401.6791687011719,61.601844787597656
fast,C:\Users\Light\Videos\高速运动.mp4,660,True,0.3146762549877167,373.32135009765625,40.54104995727539,401.7255859375,61.548282623291016
fast,C:\Users\Light\Videos\高速运动.mp4,661,True,0.4646391272544861,370.62835693359375,43.8935661315918,396.4775390625,64.03778076171875
fast,C:\Users\Light\Videos\高速运动.mp4,662,True,0.4659064710140228,370.62762451171875,43.89249038696289,396.4721984863281,64.04002380371094
fast,C:\Users\Light\Videos\高速运动.mp4,663,True,0.5903109312057495,362.88067626953125,41.15610885620117,389.6412658691406,61.58319854736328
fast,C:\Users\Light\Videos\高速运动.mp4,664,True,0.5142455697059631,356.1856994628906,38.6004524230957,382.13916015625,60.12767028808594
fast,C:\Users\Light\Videos\高速运动.mp4,665,True,0.5177757143974304,355.8305969238281,38.66683578491211,382.30682373046875,60.10768127441406
fast,C:\Users\Light\Videos\高速运动.mp4,666,True,0.2150038629770279,344.7218017578125,40.63908004760742,370.22784423828125,61.11426544189453
fast,C:\Users\Light\Videos\高速运动.mp4,667,True,0.12085889279842377,332.31640625,43.68359375,358.236328125,63.210689544677734
fast,C:\Users\Light\Videos\高速运动.mp4,668,True,0.12191951274871826,332.3309326171875,43.65974807739258,358.2344055175781,63.19647979736328
fast,C:\Users\Light\Videos\高速运动.mp4,669,True,0.1324397772550583,322.4767761230469,40.568885803222656,348.48236083984375,60.720497131347656
fast,C:\Users\Light\Videos\高速运动.mp4,670,True,0.3270694315433502,309.3953857421875,39.107418060302734,335.89862060546875,59.868350982666016
fast,C:\Users\Light\Videos\高速运动.mp4,671,True,0.3264611065387726,309.3978576660156,39.109840393066406,335.90057373046875,59.86951446533203
fast,C:\Users\Light\Videos\高速运动.mp4,672,True,0.1717430055141449,295.0731201171875,40.02070617675781,320.68817138671875,60.741519927978516
fast,C:\Users\Light\Videos\高速运动.mp4,673,True,0.0013474436709657311,283.6575927734375,44.60151672363281,308.9951171875,59.69291305541992
fast,C:\Users\Light\Videos\高速运动.mp4,674,True,0.001328013138845563,283.6641845703125,44.601829528808594,308.9924621582031,59.6908073425293
fast,C:\Users\Light\Videos\高速运动.mp4,675,True,0.002012534998357296,1.8441680669784546,69.3452377319336,28.751998901367188,86.03577423095703
fast,C:\Users\Light\Videos\高速运动.mp4,676,True,0.0019949818961322308,1.851373314857483,69.3452377319336,28.747343063354492,86.03411102294922
fast,C:\Users\Light\Videos\高速运动.mp4,677,True,0.008991412818431854,249.08908081054688,42.20955276489258,275.70465087890625,59.0539665222168
fast,C:\Users\Light\Videos\高速运动.mp4,678,True,0.004040468484163284,1.7947636842727661,69.3561019897461,29.122604370117188,85.80786895751953
fast,C:\Users\Light\Videos\高速运动.mp4,679,True,0.0039589316584169865,1.8021986484527588,69.36576080322266,29.120637893676758,85.80162048339844
fast,C:\Users\Light\Videos\高速运动.mp4,680,True,0.010693601332604885,213.7452392578125,43.722206115722656,240.55406188964844,59.41382598876953
fast,C:\Users\Light\Videos\高速运动.mp4,681,True,0.0031826351769268513,1.653786540031433,69.26334381103516,28.616437911987305,85.49713897705078
fast,C:\Users\Light\Videos\高速运动.mp4,682,True,0.0011120665585622191,175.7376708984375,36.32278823852539,195.84841918945312,57.023162841796875
fast,C:\Users\Light\Videos\高速运动.mp4,683,True,0.0028560394421219826,1.8389939069747925,69.40794372558594,28.759469985961914,85.60789489746094
fast,C:\Users\Light\Videos\高速运动.mp4,684,True,0.0027501846197992563,1.8585785627365112,69.43629455566406,28.763927459716797,85.61477661132812
fast,C:\Users\Light\Videos\高速运动.mp4,685,True,0.0013889130204916,246.35301208496094,0.0,343.884521484375,102.81017303466797
fast,C:\Users\Light\Videos\高速运动.mp4,686,True,0.0013789890799671412,246.3365478515625,0.0,343.9087829589844,102.81700897216797
fast,C:\Users\Light\Videos\高速运动.mp4,687,True,0.0025403336621820927,1.1118899583816528,22.544538497924805,26.0770263671875,45.03297805786133
fast,C:\Users\Light\Videos\高速运动.mp4,688,True,0.004318357445299625,1.3475886583328247,23.199846267700195,26.857528686523438,45.318634033203125
fast,C:\Users\Light\Videos\高速运动.mp4,689,True,0.00462257768958807,1.3198869228363037,23.19628143310547,26.907197952270508,45.28763961791992
fast,C:\Users\Light\Videos\高速运动.mp4,690,True,0.0034629181027412415,1.6522752046585083,23.27712059020996,26.952402114868164,45.22751235961914
fast,C:\Users\Light\Videos\高速运动.mp4,691,True,0.006230163387954235,1.3989583253860474,22.836490631103516,27.29380989074707,45.339454650878906
fast,C:\Users\Light\Videos\高速运动.mp4,692,True,0.006333010271191597,1.406101942062378,22.80672836303711,27.302616119384766,45.31574249267578
fast,C:\Users\Light\Videos\高速运动.mp4,693,True,0.004546530544757843,245.20111083984375,0.0,344.1865539550781,100.40507507324219
fast,C:\Users\Light\Videos\高速运动.mp4,694,True,0.26308897137641907,11.586336135864258,45.26041030883789,40.036102294921875,65.04281616210938
fast,C:\Users\Light\Videos\高速运动.mp4,695,True,0.2620810568332672,11.587456703186035,45.26253890991211,40.0361442565918,65.04310607910156
fast,C:\Users\Light\Videos\高速运动.mp4,696,True,0.005731950514018536,19.710981369018555,41.671993255615234,46.8153190612793,62.537227630615234
fast,C:\Users\Light\Videos\高速运动.mp4,697,True,0.005448745097965002,19.713430404663086,41.54743194580078,46.829158782958984,62.47129440307617
fast,C:\Users\Light\Videos\高速运动.mp4,698,True,0.06045866385102272,35.8079719543457,42.7828369140625,63.160728454589844,61.672508239746094
fast,C:\Users\Light\Videos\高速运动.mp4,699,True,0.5547063946723938,49.90081024169922,43.460533142089844,75.72401428222656,63.86687088012695
fast,C:\Users\Light\Videos\高速运动.mp4,700,True,0.5567961931228638,49.87688446044922,43.509098052978516,75.72157287597656,63.93717575073242
fast,C:\Users\Light\Videos\高速运动.mp4,701,True,0.5012767314910889,62.2552490234375,44.486480712890625,87.68299865722656,64.5479507446289
fast,C:\Users\Light\Videos\高速运动.mp4,702,True,0.570965051651001,72.53595733642578,45.17388153076172,98.48355865478516,64.76919555664062
fast,C:\Users\Light\Videos\高速运动.mp4,703,True,0.5606805086135864,72.51525115966797,45.182037353515625,98.49713897705078,64.73912048339844
fast,C:\Users\Light\Videos\高速运动.mp4,704,True,0.3056490421295166,83.50384521484375,45.12302780151367,110.77175903320312,64.67607879638672
fast,C:\Users\Light\Videos\高速运动.mp4,705,True,0.0685686320066452,93.33460235595703,47.74143600463867,119.3355941772461,66.11389923095703
fast,C:\Users\Light\Videos\高速运动.mp4,706,True,0.042120322585105896,107.69136047363281,44.28276062011719,132.2332000732422,62.572303771972656
fast,C:\Users\Light\Videos\高速运动.mp4,707,True,0.04278213530778885,107.69474792480469,44.27894973754883,132.2283172607422,62.55894470214844
fast,C:\Users\Light\Videos\高速运动.mp4,708,True,0.09306636452674866,118.44996643066406,46.58765411376953,144.25192260742188,65.20941925048828
fast,C:\Users\Light\Videos\高速运动.mp4,709,True,0.06823346763849258,132.79896545410156,42.8427619934082,158.3052520751953,62.85905456542969
fast,C:\Users\Light\Videos\高速运动.mp4,710,True,0.06805873662233353,132.79635620117188,42.84630584716797,158.3049774169922,62.86281967163086
fast,C:\Users\Light\Videos\高速运动.mp4,711,True,0.011445296928286552,145.78318786621094,44.35384750366211,170.87513732910156,63.135589599609375
fast,C:\Users\Light\Videos\高速运动.mp4,712,True,0.022117333486676216,161.10726928710938,44.95064163208008,185.70021057128906,63.03655242919922
fast,C:\Users\Light\Videos\高速运动.mp4,713,True,0.021789276972413063,161.1123046875,44.960052490234375,185.7008056640625,63.05439376831055
fast,C:\Users\Light\Videos\高速运动.mp4,714,True,0.020131979137659073,176.285400390625,47.83702087402344,205.78033447265625,66.46080780029297
fast,C:\Users\Light\Videos\高速运动.mp4,715,True,0.0066658263094723225,140.49026489257812,0.0,449.9594421386719,109.0
fast,C:\Users\Light\Videos\高速运动.mp4,716,True,0.006546946708112955,140.61312866210938,0.0,449.8559875488281,109.0
fast,C:\Users\Light\Videos\高速运动.mp4,717,True,0.004360775928944349,245.4357147216797,0.0,343.94482421875,100.89942932128906
fast,C:\Users\Light\Videos\高速运动.mp4,718,True,0.005400172434747219,245.07135009765625,0.0,344.1452331542969,100.0919418334961
fast,C:\Users\Light\Videos\高速运动.mp4,719,True,0.005426367744803429,245.06370544433594,0.0,344.1448974609375,100.10108947753906
fast,C:\Users\Light\Videos\高速运动.mp4,720,True,0.004923731088638306,245.2234649658203,0.0,344.0864562988281,100.414306640625
fast,C:\Users\Light\Videos\高速运动.mp4,721,True,0.0048660049214959145,245.2436981201172,0.0,344.0780029296875,100.4572525024414
fast,C:\Users\Light\Videos\高速运动.mp4,722,True,0.003924895077943802,245.6392059326172,0.0,343.75,101.42550659179688
fast,C:\Users\Light\Videos\高速运动.mp4,723,True,0.006080577615648508,244.74957275390625,0.0,344.22198486328125,100.3473892211914
fast,C:\Users\Light\Videos\高速运动.mp4,724,True,0.006071785930544138,244.7546844482422,0.0,344.2201843261719,100.34528350830078
fast,C:\Users\Light\Videos\高速运动.mp4,725,True,0.005173231940716505,245.1707000732422,0.0,344.09326171875,100.22742462158203
fast,C:\Users\Light\Videos\高速运动.mp4,726,True,0.007530339062213898,368.23687744140625,26.43440818786621,392.75732421875,48.59900665283203
fast,C:\Users\Light\Videos\高速运动.mp4,727,True,0.007149110548198223,368.2666320800781,26.401060104370117,392.745361328125,48.61092758178711
fast,C:\Users\Light\Videos\高速运动.mp4,728,True,0.005277039483189583,410.5471496582031,29.690753936767578,433.69842529296875,54.015628814697266
fast,C:\Users\Light\Videos\高速运动.mp4,729,True,0.00786297395825386,410.710205078125,29.240083694458008,435.3927307128906,53.69211959838867
fast,C:\Users\Light\Videos\高速运动.mp4,730,True,0.033596258610486984,412.8823547363281,32.723392486572266,441.8353271484375,52.0981330871582
fast,C:\Users\Light\Videos\高速运动.mp4,731,True,0.0331888347864151,412.86981201171875,32.73446273803711,441.8450927734375,52.110103607177734
fast,C:\Users\Light\Videos\高速运动.mp4,732,True,0.03919205814599991,416.2082214355469,32.71108627319336,444.2784118652344,52.06521224975586
fast,C:\Users\Light\Videos\高速运动.mp4,733,True,0.027966473251581192,379.4853820800781,25.43663215637207,402.9773254394531,42.320892333984375
fast,C:\Users\Light\Videos\高速运动.mp4,734,True,0.027669019997119904,379.47418212890625,25.43979263305664,402.9691467285156,42.313385009765625
fast,C:\Users\Light\Videos\高速运动.mp4,735,True,0.0049746050499379635,427.5483093261719,24.99882698059082,451.4346008300781,48.177268981933594
fast,C:\Users\Light\Videos\高速运动.mp4,736,True,0.005839864257723093,376.6080017089844,43.93937301635742,403.687255859375,62.85898971557617
fast,C:\Users\Light\Videos\高速运动.mp4,737,True,0.00583250354975462,376.607666015625,43.93883514404297,403.686767578125,62.85710525512695
fast,C:\Users\Light\Videos\高速运动.mp4,738,True,0.386904239654541,366.97479248046875,38.425533294677734,393.90435791015625,58.98404312133789
fast,C:\Users\Light\Videos\高速运动.mp4,739,True,0.15273039042949677,356.06414794921875,42.175689697265625,383.40185546875,59.879173278808594
fast,C:\Users\Light\Videos\高速运动.mp4,740,True,0.15209732949733734,356.0711669921875,42.188621520996094,383.40032958984375,59.883949279785156
fast,C:\Users\Light\Videos\高速运动.mp4,741,True,0.49788352847099304,347.9703369140625,41.25884246826172,375.63922119140625,61.634029388427734
fast,C:\Users\Light\Videos\高速运动.mp4,742,True,0.49061331152915955,347.99774169921875,41.28297805786133,375.6695251464844,61.64704895019531
fast,C:\Users\Light\Videos\高速运动.mp4,743,True,0.3143388628959656,335.7770690917969,40.66653060913086,364.4701232910156,60.800662994384766
fast,C:\Users\Light\Videos\高速运动.mp4,744,True,0.562745988368988,326.0528869628906,39.32615280151367,352.4147033691406,60.43912124633789
fast,C:\Users\Light\Videos\高速运动.mp4,745,True,0.5730301737785339,325.99810791015625,39.356632232666016,352.321044921875,60.49681091308594
fast,C:\Users\Light\Videos\高速运动.mp4,746,True,0.0850873813033104,314.26373291015625,42.74789810180664,341.2950134277344,59.8065185546875
fast,C:\Users\Light\Videos\高速运动.mp4,747,True,0.10145997256040573,298.8201904296875,38.00168991088867,325.33209228515625,57.68754577636719
fast,C:\Users\Light\Videos\高速运动.mp4,748,True,0.09013496339321136,298.6925964355469,37.905948638916016,325.5032043457031,57.52555847167969
fast,C:\Users\Light\Videos\高速运动.mp4,749,True,0.03158288821578026,287.40777587890625,43.43328094482422,314.319580078125,59.401947021484375
fast,C:\Users\Light\Videos\高速运动.mp4,750,True,0.04811424762010574,271.7945251464844,38.83505630493164,299.7140197753906,57.7147331237793
fast,C:\Users\Light\Videos\高速运动.mp4,751,True,0.04821533337235451,271.7862243652344,38.850921630859375,299.7015686035156,57.733917236328125
fast,C:\Users\Light\Videos\高速运动.mp4,752,True,0.01313994824886322,255.49513244628906,42.83758544921875,282.3507385253906,62.11865234375
fast,C:\Users\Light\Videos\高速运动.mp4,753,True,0.04521124064922333,241.43975830078125,42.82779312133789,268.9993896484375,58.64164352416992
fast,C:\Users\Light\Videos\高速运动.mp4,754,True,0.01561552844941616,226.29066467285156,43.48978042602539,252.5001983642578,57.938419342041016
fast,C:\Users\Light\Videos\高速运动.mp4,755,True,0.01540149375796318,226.38278198242188,43.48679733276367,252.59754943847656,57.93328857421875
fast,C:\Users\Light\Videos\高速运动.mp4,756,True,0.007921963930130005,1.0921876430511475,23.75251007080078,27.449575424194336,45.37322998046875
fast,C:\Users\Light\Videos\高速运动.mp4,757,True,0.004283668007701635,1.454311490058899,23.40033721923828,27.200504302978516,45.109893798828125
fast,C:\Users\Light\Videos\高速运动.mp4,758,True,0.004280747380107641,1.45186448097229,23.398231506347656,27.19786834716797,45.11375045776367
fast,C:\Users\Light\Videos\高速运动.mp4,759,True,0.01797669567167759,0.8152869939804077,22.72414207458496,27.902603149414062,44.001564025878906
fast,C:\Users\Light\Videos\高速运动.mp4,760,True,0.006883783265948296,1.4592952728271484,23.24872398376465,27.536067962646484,45.16487121582031
fast,C:\Users\Light\Videos\高速运动.mp4,761,True,0.00688703078776598,1.4578847885131836,23.248275756835938,27.536884307861328,45.16554260253906
fast,C:\Users\Light\Videos\高速运动.mp4,762,True,0.008198344148695469,0.7732194662094116,23.1912841796875,27.546356201171875,44.513484954833984
fast,C:\Users\Light\Videos\高速运动.mp4,763,True,0.00868811085820198,0.7179433107376099,23.024858474731445,27.766773223876953,44.09134292602539
fast,C:\Users\Light\Videos\高速运动.mp4,764,True,0.008110815659165382,0.7891665697097778,23.01533317565918,27.731307983398438,44.15618133544922
fast,C:\Users\Light\Videos\高速运动.mp4,765,True,0.005678969901055098,1.5713953971862793,23.169925689697266,27.333988189697266,45.03681182861328
fast,C:\Users\Light\Videos\高速运动.mp4,766,True,0.005746739916503429,1.5798542499542236,23.172727584838867,27.31755828857422,45.0181884765625
fast,C:\Users\Light\Videos\高速运动.mp4,767,True,0.00998497661203146,1.1237833499908447,23.627342224121094,27.814958572387695,44.91978073120117
fast,C:\Users\Light\Videos\高速运动.mp4,768,True,0.006497397553175688,1.8278820514678955,23.65372085571289,27.697439193725586,46.182952880859375
fast,C:\Users\Light\Videos\高速运动.mp4,769,True,0.006458922289311886,1.820717453956604,23.66806411743164,27.693788528442383,46.193260192871094
fast,C:\Users\Light\Videos\高速运动.mp4,770,True,0.008538846857845783,435.8704528808594,17.142820358276367,458.4752502441406,41.354248046875
fast,C:\Users\Light\Videos\高速运动.mp4,771,True,0.004473014269024134,385.7577819824219,19.201862335205078,408.9580993652344,37.148868560791016
fast,C:\Users\Light\Videos\高速运动.mp4,772,True,0.004451824817806482,385.7583923339844,19.19657325744629,408.9593505859375,37.1475715637207
fast,C:\Users\Light\Videos\高速运动.mp4,773,True,0.41937875747680664,10.555166244506836,44.37061309814453,38.42399597167969,64.9954605102539
fast,C:\Users\Light\Videos\高速运动.mp4,774,True,0.036912061274051666,22.692840576171875,42.848636627197266,49.20420837402344,64.54192352294922
fast,C:\Users\Light\Videos\高速运动.mp4,775,True,0.03580130264163017,22.689815521240234,42.839134216308594,49.204833984375,64.54156494140625
fast,C:\Users\Light\Videos\高速运动.mp4,776,True,0.2346528172492981,38.51327133178711,45.10749816894531,63.84541320800781,64.17090606689453
fast,C:\Users\Light\Videos\高速运动.mp4,777,True,0.5767529606819153,48.919857025146484,44.26747512817383,75.60529327392578,64.36727142333984
fast,C:\Users\Light\Videos\高速运动.mp4,778,True,0.29482972621917725,59.47897720336914,45.05778884887695,86.7900161743164,64.6051025390625
fast,C:\Users\Light\Videos\高速运动.mp4,779,True,0.2923046946525574,59.49616622924805,45.07513427734375,86.80670928955078,64.60124969482422
fast,C:\Users\Light\Videos\高速运动.mp4,780,True,0.42677953839302063,71.44258117675781,44.89205551147461,97.75304412841797,64.3266372680664
fast,C:\Users\Light\Videos\高速运动.mp4,781,True,0.04295876994729042,82.42448425292969,44.42276382446289,108.49378967285156,62.888458251953125
fast,C:\Users\Light\Videos\高速运动.mp4,782,True,0.05112127214670181,82.46282958984375,44.41716003417969,108.55522155761719,62.901187896728516
fast,C:\Users\Light\Videos\高速运动.mp4,783,True,0.14153017103672028,94.1588134765625,43.52913284301758,119.54032897949219,62.84462356567383
fast,C:\Users\Light\Videos\高速运动.mp4,784,True,0.07970782369375229,108.44567108154297,43.89022445678711,133.76564025878906,62.93834686279297
fast,C:\Users\Light\Videos\高速运动.mp4,785,True,0.07788180559873581,108.4233627319336,43.888858795166016,133.7486572265625,62.89502716064453
fast,C:\Users\Light\Videos\高速运动.mp4,786,True,0.007953181862831116,395.3545837402344,34.93279266357422,424.76202392578125,56.39344787597656
fast,C:\Users\Light\Videos\高速运动.mp4,787,True,0.007884697988629341,395.3495788574219,34.920040130615234,424.76275634765625,56.38105392456055
fast,C:\Users\Light\Videos\高速运动.mp4,788,True,0.08529047667980194,137.2938995361328,44.084529876708984,162.98178100585938,63.668643951416016
fast,C:\Users\Light\Videos\高速运动.mp4,789,True,0.010206353850662708,154.21932983398438,44.67457580566406,179.185546875,63.321937561035156
fast,C:\Users\Light\Videos\高速运动.mp4,790,True,0.01020420715212822,154.2124786376953,44.67312240600586,179.18380737304688,63.32635498046875
fast,C:\Users\Light\Videos\高速运动.mp4,791,True,0.009295067749917507,395.5462341308594,34.999935150146484,424.7060241699219,56.400978088378906
fast,C:\Users\Light\Videos\高速运动.mp4,792,True,0.004149487242102623,394.44256591796875,34.4835319519043,424.64654541015625,56.158531188964844
fast,C:\Users\Light\Videos\高速运动.mp4,793,True,0.004056875128298998,191.82455444335938,49.486270904541016,216.82467651367188,63.45553207397461
fast,C:\Users\Light\Videos\高速运动.mp4,794,True,0.005440054927021265,394.845703125,34.603904724121094,424.6268005371094,56.172271728515625
fast,C:\Users\Light\Videos\高速运动.mp4,795,True,0.004365603905171156,245.53765869140625,0.0,343.87799072265625,100.91805267333984
fast,C:\Users\Light\Videos\高速运动.mp4,796,True,0.004355560522526503,245.54234313964844,0.0,343.873779296875,100.92730712890625
fast,C:\Users\Light\Videos\高速运动.mp4,797,True,0.0074041434563696384,395.3255920410156,34.89399719238281,424.75885009765625,56.3735237121582
fast,C:\Users\Light\Videos\高速运动.mp4,798,True,0.007398809306323528,395.3267822265625,34.873268127441406,424.7532653808594,56.35404968261719
fast,C:\Users\Light\Videos\高速运动.mp4,799,True,0.0045317187905311584,245.43284606933594,0.0,343.97442626953125,100.82764434814453
fast,C:\Users\Light\Videos\高速运动.mp4,800,True,0.004073337651789188,245.49501037597656,0.0,343.88104248046875,101.22535705566406
fast,C:\Users\Light\Videos\高速运动.mp4,801,True,0.004332135897129774,245.30284118652344,0.0,344.0581359863281,101.06990814208984
fast,C:\Users\Light\Videos\高速运动.mp4,802,True,0.00541170546784997,244.97596740722656,0.0,344.2141418457031,100.31088256835938
fast,C:\Users\Light\Videos\高速运动.mp4,803,True,0.005286925472319126,245.01878356933594,0.0,344.1993408203125,100.32412719726562
fast,C:\Users\Light\Videos\高速运动.mp4,804,True,0.013710333034396172,404.375732421875,31.09632682800293,429.3663635253906,54.61344909667969
fast,C:\Users\Light\Videos\高速运动.mp4,805,True,0.005536783952265978,245.014404296875,0.0,344.13812255859375,100.19517517089844
fast,C:\Users\Light\Videos\高速运动.mp4,806,True,0.005548079032450914,245.0106201171875,0.0,344.1380615234375,100.1938247680664
fast,C:\Users\Light\Videos\高速运动.mp4,807,True,0.029027901589870453,410.7936706542969,34.892093658447266,440.4084777832031,54.774810791015625
fast,C:\Users\Light\Videos\高速运动.mp4,808,True,0.012444987893104553,398.8061218261719,43.36407470703125,423.01556396484375,59.04390335083008
fast,C:\Users\Light\Videos\高速运动.mp4,809,True,0.010737551376223564,398.8247985839844,43.41189956665039,422.982177734375,59.02413558959961
fast,C:\Users\Light\Videos\高速运动.mp4,810,True,0.008818870410323143,345.2889709472656,19.50762176513672,371.2744140625,36.635986328125
fast,C:\Users\Light\Videos\高速运动.mp4,811,True,0.008762486279010773,345.2867736816406,19.505985260009766,371.2736511230469,36.63717269897461
fast,C:\Users\Light\Videos\高速运动.mp4,812,True,0.06537991017103195,374.149658203125,47.5965461730957,400.6113586425781,66.4770736694336
fast,C:\Users\Light\Videos\高速运动.mp4,813,True,0.006100877653807402,381.7249755859375,21.917804718017578,403.9354553222656,43.27088928222656
fast,C:\Users\Light\Videos\高速运动.mp4,814,True,0.006036624312400818,381.729248046875,21.92347526550293,403.93817138671875,43.281532287597656
fast,C:\Users\Light\Videos\高速运动.mp4,815,True,0.5474920868873596,356.90093994140625,40.918861389160156,382.1795959472656,59.7261962890625
fast,C:\Users\Light\Videos\高速运动.mp4,816,True,0.03986559808254242,347.5656433105469,43.1515007019043,374.7955017089844,61.66202163696289
fast,C:\Users\Light\Videos\高速运动.mp4,817,True,0.039561327546834946,347.5682678222656,43.15428161621094,374.7929382324219,61.66018295288086
fast,C:\Users\Light\Videos\高速运动.mp4,818,True,0.4507998824119568,341.376953125,42.561927795410156,367.63983154296875,63.119049072265625
fast,C:\Users\Light\Videos\高速运动.mp4,819,True,0.7733613848686218,332.3826599121094,40.072383880615234,358.42852783203125,61.13228225708008
fast,C:\Users\Light\Videos\高速运动.mp4,820,True,0.7726960778236389,332.4091491699219,40.09578323364258,358.4234924316406,61.152408599853516
fast,C:\Users\Light\Videos\高速运动.mp4,821,True,0.5865070223808289,322.64306640625,39.11414337158203,350.4029235839844,59.4647216796875
fast,C:\Users\Light\Videos\高速运动.mp4,822,True,0.5903350710868835,322.62274169921875,39.1065673828125,350.41522216796875,59.46687316894531
fast,C:\Users\Light\Videos\高速运动.mp4,823,True,0.5032925009727478,314.46490478515625,42.05399703979492,341.37908935546875,60.67805099487305
fast,C:\Users\Light\Videos\高速运动.mp4,824,True,0.19327794015407562,303.3453369140625,41.37542724609375,328.54644775390625,61.2732048034668
fast,C:\Users\Light\Videos\高速运动.mp4,825,True,0.31369900703430176,295.71759033203125,41.50175857543945,321.3854064941406,61.497833251953125
fast,C:\Users\Light\Videos\高速运动.mp4,826,True,0.49870795011520386,283.09857177734375,41.02334213256836,310.6738586425781,59.703514099121094
fast,C:\Users\Light\Videos\高速运动.mp4,827,True,0.4569838047027588,283.0690612792969,41.087642669677734,310.6168518066406,59.540653228759766
fast,C:\Users\Light\Videos\高速运动.mp4,828,True,0.13673730194568634,271.4532165527344,40.02397537231445,297.2558288574219,59.70275115966797
fast,C:\Users\Light\Videos\高速运动.mp4,829,True,0.5382668375968933,258.4349670410156,41.55765151977539,286.710205078125,61.7962646484375
fast,C:\Users\Light\Videos\高速运动.mp4,830,True,0.5640144944190979,258.44085693359375,41.4540901184082,286.72711181640625,61.79292678833008
fast,C:\Users\Light\Videos\高速运动.mp4,831,True,0.7164474725723267,249.37208557128906,40.442867279052734,275.99835205078125,60.345890045166016
fast,C:\Users\Light\Videos\高速运动.mp4,832,True,0.7156406044960022,249.3778076171875,40.453670501708984,275.9989929199219,60.349117279052734
fast,C:\Users\Light\Videos\高速运动.mp4,833,True,0.43139514327049255,235.54379272460938,40.51668930053711,263.3721008300781,60.089012145996094
fast,C:\Users\Light\Videos\高速运动.mp4,834,True,0.024287020787596703,223.0790252685547,41.78243637084961,252.16653442382812,60.68932342529297
fast,C:\Users\Light\Videos\高速运动.mp4,835,True,0.0255019199103117,223.0936279296875,41.82022476196289,252.10614013671875,60.740779876708984
fast,C:\Users\Light\Videos\高速运动.mp4,836,True,0.3190338611602783,211.97503662109375,39.54365539550781,237.41600036621094,59.963260650634766
fast,C:\Users\Light\Videos\高速运动.mp4,837,True,0.665848970413208,198.66400146484375,40.1256103515625,223.19190979003906,61.19734191894531
fast,C:\Users\Light\Videos\高速运动.mp4,838,True,0.6660836935043335,198.6620635986328,40.133365631103516,223.18621826171875,61.19590759277344
fast,C:\Users\Light\Videos\高速运动.mp4,839,True,0.4852973520755768,183.9493408203125,41.25859451293945,211.48544311523438,60.876590728759766
fast,C:\Users\Light\Videos\高速运动.mp4,840,True,0.0519588403403759,170.9390869140625,42.498077392578125,197.8303680419922,61.723785400390625
fast,C:\Users\Light\Videos\高速运动.mp4,841,True,0.05021794140338898,170.93600463867188,42.483802795410156,197.83856201171875,61.74769973754883
fast,C:\Users\Light\Videos\高速运动.mp4,842,True,0.13437461853027344,158.90280151367188,41.064693450927734,184.41958618164062,60.950416564941406
fast,C:\Users\Light\Videos\高速运动.mp4,843,True,0.1337907314300537,158.88389587402344,41.070430755615234,184.40756225585938,60.94817352294922
fast,C:\Users\Light\Videos\高速运动.mp4,844,True,0.1376526802778244,145.3546905517578,43.775657653808594,170.771484375,63.13713455200195
fast,C:\Users\Light\Videos\高速运动.mp4,845,True,0.22178369760513306,131.1804962158203,39.82200622558594,158.91090393066406,60.04093933105469
fast,C:\Users\Light\Videos\高速运动.mp4,846,True,0.2213415950536728,131.17962646484375,39.823665618896484,158.91392517089844,60.04524230957031
fast,C:\Users\Light\Videos\高速运动.mp4,847,True,0.05995319411158562,120.0363540649414,43.69376754760742,145.78515625,64.6797103881836
fast,C:\Users\Light\Videos\高速运动.mp4,848,True,0.02982577122747898,107.24473571777344,44.03173065185547,134.50186157226562,64.97602844238281
fast,C:\Users\Light\Videos\高速运动.mp4,849,True,0.025478018447756767,93.88314056396484,43.36355972290039,121.45915985107422,64.33882904052734
fast,C:\Users\Light\Videos\高速运动.mp4,850,True,0.1682106852531433,82.91083526611328,43.75320053100586,108.26958465576172,63.688499450683594
fast,C:\Users\Light\Videos\高速运动.mp4,851,True,0.14966905117034912,82.78939056396484,43.75459289550781,108.42402648925781,63.547306060791016
fast,C:\Users\Light\Videos\高速运动.mp4,852,True,0.09292424470186234,69.28824615478516,43.31608963012695,95.72464752197266,62.57851028442383
fast,C:\Users\Light\Videos\高速运动.mp4,853,True,0.3136996924877167,57.23580551147461,45.54976272583008,84.80815887451172,64.99237060546875
fast,C:\Users\Light\Videos\高速运动.mp4,854,True,0.3558768928050995,57.328216552734375,45.46784973144531,84.59849548339844,65.0605239868164
fast,C:\Users\Light\Videos\高速运动.mp4,855,True,0.6147260665893555,47.99089813232422,44.23224639892578,73.26358032226562,64.8449935913086
fast,C:\Users\Light\Videos\高速运动.mp4,856,True,0.6148346066474915,47.98173141479492,44.220455169677734,73.25806427001953,64.83584594726562
fast,C:\Users\Light\Videos\高速运动.mp4,857,True,0.624790370464325,36.839691162109375,44.25107192993164,62.72960662841797,64.57103729248047
fast,C:\Users\Light\Videos\高速运动.mp4,858,True,0.7365142703056335,26.528541564941406,43.7741584777832,52.64445114135742,63.8604621887207
fast,C:\Users\Light\Videos\高速运动.mp4,859,True,0.7334025502204895,26.511821746826172,43.78874588012695,52.66266632080078,63.86021423339844
fast,C:\Users\Light\Videos\高速运动.mp4,860,True,0.7030313014984131,17.560970306396484,43.19652557373047,43.730342864990234,65.03002166748047
fast,C:\Users\Light\Videos\高速运动.mp4,861,True,0.6148646473884583,14.383944511413574,43.59990692138672,42.13431167602539,64.8301773071289
fast,C:\Users\Light\Videos\高速运动.mp4,862,True,0.6205796599388123,14.390626907348633,43.57554626464844,42.120845794677734,64.84248352050781
fast,C:\Users\Light\Videos\高速运动.mp4,863,True,0.7599059343338013,20.076513290405273,43.266944885253906,45.26468276977539,65.4072494506836
fast,C:\Users\Light\Videos\高速运动.mp4,864,True,0.7426626086235046,24.789487838745117,43.992958068847656,50.62870788574219,64.6960678100586
fast,C:\Users\Light\Videos\高速运动.mp4,865,True,0.7359088063240051,24.76596450805664,44.03636932373047,50.60532760620117,64.68775177001953
fast,C:\Users\Light\Videos\高速运动.mp4,866,True,0.7720871567726135,31.9659366607666,43.69340896606445,56.955596923828125,64.18862915039062
fast,C:\Users\Light\Videos\高速运动.mp4,867,True,0.7724382281303406,31.977548599243164,43.69569396972656,56.96345901489258,64.18728637695312
fast,C:\Users\Light\Videos\高速运动.mp4,868,True,0.7696965932846069,39.072750091552734,43.81017303466797,63.411582946777344,63.45649719238281
fast,C:\Users\Light\Videos\高速运动.mp4,869,True,0.6461622714996338,48.73577117919922,44.178794860839844,73.52484893798828,64.7613296508789
fast,C:\Users\Light\Videos\高速运动.mp4,870,True,0.6474862098693848,48.74231719970703,44.17399597167969,73.52161407470703,64.7637939453125
fast,C:\Users\Light\Videos\高速运动.mp4,871,True,0.6518357396125793,56.925785064697266,44.18843078613281,81.5811996459961,64.08096313476562
fast,C:\Users\Light\Videos\高速运动.mp4,872,True,0.5337251424789429,68.45389556884766,44.70904541015625,93.57384490966797,64.40628814697266
fast,C:\Users\Light\Videos\高速运动.mp4,873,True,0.2449510246515274,78.17640686035156,45.44243621826172,105.33179473876953,64.41372680664062
fast,C:\Users\Light\Videos\高速运动.mp4,874,True,0.33917951583862305,89.60871887207031,43.15419006347656,115.2605972290039,63.264251708984375
fast,C:\Users\Light\Videos\高速运动.mp4,875,True,0.34563344717025757,89.66789245605469,43.16591262817383,115.2909164428711,63.23455810546875
fast,C:\Users\Light\Videos\高速运动.mp4,876,True,0.12785103917121887,103.05477905273438,43.278079986572266,127.83879852294922,62.228084564208984
fast,C:\Users\Light\Videos\高速运动.mp4,877,True,0.1275177150964737,103.05536651611328,43.29569625854492,127.8380355834961,62.25175094604492
fast,C:\Users\Light\Videos\高速运动.mp4,878,True,0.012946266680955887,117.43978118896484,43.97563552856445,141.32090759277344,62.09503173828125
fast,C:\Users\Light\Videos\高速运动.mp4,879,True,0.11956430226564407,132.41087341308594,45.05718231201172,157.95046997070312,63.85447692871094
fast,C:\Users\Light\Videos\高速运动.mp4,880,True,0.11859115958213806,132.40884399414062,45.053733825683594,157.94918823242188,63.85160827636719
fast,C:\Users\Light\Videos\高速运动.mp4,881,True,0.005946724209934473,143.83554077148438,44.22370529174805,169.36160278320312,62.47209930419922
fast,C:\Users\Light\Videos\高速运动.mp4,882,True,0.0469965785741806,160.36483764648438,44.520164489746094,184.995361328125,63.046504974365234
fast,C:\Users\Light\Videos\高速运动.mp4,883,True,0.04854317009449005,160.35711669921875,44.5166015625,184.99066162109375,63.0536994934082
fast,C:\Users\Light\Videos\高速运动.mp4,884,True,0.02435634844005108,177.91493225097656,47.34820556640625,204.81565856933594,65.39857482910156
fast,C:\Users\Light\Videos\高速运动.mp4,885,True,0.005991291254758835,244.8586883544922,0.0,344.1254577636719,100.43120574951172
fast,C:\Users\Light\Videos\高速运动.mp4,886,True,0.006069103721529245,244.815185546875,0.0,344.1376953125,100.43878173828125
fast,C:\Users\Light\Videos\高速运动.mp4,887,True,0.006942832842469215,411.0494384765625,28.922515869140625,435.21478271484375,53.31108093261719
fast,C:\Users\Light\Videos\高速运动.mp4,888,True,0.0067158592864871025,411.0999450683594,28.88811492919922,435.19537353515625,53.30953598022461
fast,C:\Users\Light\Videos\高速运动.mp4,889,True,0.016062842682003975,415.2549743652344,29.707809448242188,442.7938537597656,53.08719253540039
fast,C:\Users\Light\Videos\高速运动.mp4,890,True,0.005348109640181065,244.96559143066406,0.0,344.3914794921875,99.56085968017578
fast,C:\Users\Light\Videos\高速运动.mp4,891,True,0.005391351878643036,244.95005798339844,0.0,344.3957214355469,99.55953979492188
fast,C:\Users\Light\Videos\高速运动.mp4,892,True,0.01339331828057766,379.7964172363281,25.131973266601562,403.3209533691406,42.832679748535156
fast,C:\Users\Light\Videos\高速运动.mp4,893,True,0.005771305877715349,427.6811218261719,24.879844665527344,451.5456237792969,48.24049377441406
fast,C:\Users\Light\Videos\高速运动.mp4,894,True,0.005792614538222551,427.69281005859375,24.864717483520508,451.55712890625,48.227203369140625
fast,C:\Users\Light\Videos\高速运动.mp4,895,True,0.005796655546873808,2.2478091716766357,25.60189437866211,30.969938278198242,43.939170837402344
fast,C:\Users\Light\Videos\高速运动.mp4,896,True,0.0036782678216695786,1.6929559707641602,24.629262924194336,27.828161239624023,46.502647399902344
fast,C:\Users\Light\Videos\高速运动.mp4,897,True,0.004313242621719837,389.6791687011719,19.361162185668945,413.8692626953125,36.405216217041016
fast,C:\Users\Light\Videos\高速运动.mp4,898,True,0.012286331504583359,390.3917236328125,17.625158309936523,416.0237731933594,36.08852005004883
fast,C:\Users\Light\Videos\高速运动.mp4,899,True,0.013004410080611706,390.4563293457031,17.714445114135742,416.1168518066406,36.139217376708984
fast,C:\Users\Light\Videos\高速运动.mp4,900,True,0.008694910444319248,1.2858034372329712,23.50609588623047,27.4122257232666,44.6944580078125
fast,C:\Users\Light\Videos\高速运动.mp4,901,True,0.008425232023000717,1.3265682458877563,23.521583557128906,27.40952491760254,44.71895217895508
fast,C:\Users\Light\Videos\高速运动.mp4,902,True,0.0011801739456132054,2.578331708908081,69.41580963134766,29.14212417602539,85.26695251464844
fast,C:\Users\Light\Videos\高速运动.mp4,903,True,0.003287919331341982,438.6013488769531,30.075870513916016,469.0,50.12313461303711
fast,C:\Users\Light\Videos\高速运动.mp4,904,True,0.0033195093274116516,438.61651611328125,30.057828903198242,469.0,50.11732864379883
fast,C:\Users\Light\Videos\高速运动.mp4,905,True,0.003748593619093299,1.726327896118164,69.31376647949219,29.022571563720703,86.0226821899414
fast,C:\Users\Light\Videos\高速运动.mp4,906,True,0.002861277898773551,415.777099609375,41.86408233642578,441.01336669921875,58.43946838378906
fast,C:\Users\Light\Videos\高速运动.mp4,907,True,0.0029045790433883667,415.7803649902344,41.863162994384766,441.03302001953125,58.4515495300293
fast,C:\Users\Light\Videos\高速运动.mp4,908,True,0.03774189576506615,397.4447937011719,38.063140869140625,425.6351318359375,57.66033935546875
fast,C:\Users\Light\Videos\高速运动.mp4,909,True,0.13620717823505402,389.1471252441406,38.400856018066406,415.0838623046875,58.66201400756836
fast,C:\Users\Light\Videos\高速运动.mp4,910,True,0.13517850637435913,389.147216796875,38.38512420654297,415.1030578613281,58.63126754760742
fast,C:\Users\Light\Videos\高速运动.mp4,911,True,0.005317203234881163,373.66241455078125,41.315185546875,400.0908508300781,61.0079460144043
fast,C:\Users\Light\Videos\高速运动.mp4,912,True,0.005336395464837551,373.66107177734375,41.3117561340332,400.0902404785156,61.01020812988281
fast,C:\Users\Light\Videos\高速运动.mp4,913,True,0.009495513513684273,364.568603515625,41.846309661865234,391.0000915527344,58.44657516479492
fast,C:\Users\Light\Videos\高速运动.mp4,914,True,0.1559729129076004,346.5657653808594,41.26619338989258,372.50616455078125,61.070068359375
fast,C:\Users\Light\Videos\高速运动.mp4,915,True,0.15538525581359863,346.5540466308594,41.27930450439453,372.4991455078125,61.07529067993164
fast,C:\Users\Light\Videos\高速运动.mp4,916,True,0.15078289806842804,331.4521484375,41.520450592041016,357.0657043457031,61.465919494628906
fast,C:\Users\Light\Videos\高速运动.mp4,917,True,0.014087625779211521,316.80340576171875,38.778465270996094,347.50299072265625,58.763648986816406
fast,C:\Users\Light\Videos\高速运动.mp4,918,True,0.015759509056806564,316.82403564453125,38.91495132446289,347.37200927734375,58.82344436645508
fast,C:\Users\Light\Videos\高速运动.mp4,919,True,0.007429081480950117,299.66473388671875,37.27228927612305,327.3074035644531,58.15352249145508
fast,C:\Users\Light\Videos\高速运动.mp4,920,True,0.07367115467786789,282.01007080078125,36.47090530395508,308.6188049316406,55.89957046508789
fast,C:\Users\Light\Videos\高速运动.mp4,921,True,0.005468835588544607,1.0626775026321411,23.130146026611328,27.048036575317383,44.630516052246094
fast,C:\Users\Light\Videos\高速运动.mp4,922,True,0.005418439861387014,1.0732444524765015,23.13081932067871,27.043682098388672,44.633296966552734
fast,C:\Users\Light\Videos\高速运动.mp4,923,True,0.00393452076241374,245.21453857421875,0.0,344.149169921875,101.0115737915039
fast,C:\Users\Light\Videos\高速运动.mp4,924,True,0.015475332736968994,232.99217224121094,43.869136810302734,258.40386962890625,58.008094787597656
fast,C:\Users\Light\Videos\高速运动.mp4,925,True,0.014564814046025276,233.00440979003906,43.86900329589844,258.37225341796875,57.99191665649414
fast,C:\Users\Light\Videos\高速运动.mp4,926,True,0.01677623949944973,212.9500732421875,40.18016052246094,239.03822326660156,58.532230377197266
fast,C:\Users\Light\Videos\高速运动.mp4,927,True,0.016952315345406532,197.29591369628906,42.82234573364258,222.81553649902344,60.86124038696289
fast,C:\Users\Light\Videos\高速运动.mp4,928,True,0.016815584152936935,197.2953338623047,42.82028579711914,222.81639099121094,60.86056900024414
fast,C:\Users\Light\Videos\高速运动.mp4,929,True,0.018220460042357445,178.924560546875,39.96198654174805,208.39920043945312,58.73646545410156
fast,C:\Users\Light\Videos\高速运动.mp4,930,True,0.07145636528730392,423.35260009765625,32.045448303222656,449.3711853027344,51.30257797241211
fast,C:\Users\Light\Videos\高速运动.mp4,931,True,0.07345511019229889,423.38751220703125,31.962547302246094,449.3705139160156,51.23966979980469
fast,C:\Users\Light\Videos\高速运动.mp4,932,True,0.012757164426147938,148.41427612304688,42.46883010864258,173.48516845703125,62.724700927734375
fast,C:\Users\Light\Videos\高速运动.mp4,933,True,0.007709516678005457,416.5069885253906,25.62912368774414,441.9898681640625,47.71196365356445
fast,C:\Users\Light\Videos\高速运动.mp4,934,True,0.008145968429744244,416.5011291503906,25.659042358398438,441.9604187011719,47.658695220947266
fast,C:\Users\Light\Videos\高速运动.mp4,935,True,0.019783850759267807,374.1887512207031,25.580961227416992,398.8648681640625,43.504390716552734
fast,C:\Users\Light\Videos\高速运动.mp4,936,True,0.020119331777095795,374.1899719238281,25.574237823486328,398.8612976074219,43.49721908569336
fast,C:\Users\Light\Videos\高速运动.mp4,937,True,0.02868374064564705,101.26589965820312,42.935546875,127.05353546142578,64.03538513183594
fast,C:\Users\Light\Videos\高速运动.mp4,938,True,0.044477179646492004,85.84246063232422,47.35643005371094,113.54246520996094,65.75901794433594
fast,C:\Users\Light\Videos\高速运动.mp4,939,True,0.04954012110829353,85.90693664550781,47.27014923095703,113.37171173095703,65.64131164550781
fast,C:\Users\Light\Videos\高速运动.mp4,940,True,0.10279027372598648,72.77384948730469,46.52210235595703,98.55438995361328,65.5454330444336
fast,C:\Users\Light\Videos\高速运动.mp4,941,True,0.34069201350212097,62.11772155761719,44.355079650878906,88.02754974365234,63.84963607788086
fast,C:\Users\Light\Videos\高速运动.mp4,942,True,0.3482351303100586,62.101898193359375,44.354881286621094,87.99918365478516,63.87068176269531
fast,C:\Users\Light\Videos\高速运动.mp4,943,True,0.619138240814209,49.956085205078125,43.99369812011719,75.72449493408203,64.52760314941406
fast,C:\Users\Light\Videos\高速运动.mp4,944,True,0.6262326836585999,38.383705139160156,43.98728942871094,64.15054321289062,64.66973876953125
fast,C:\Users\Light\Videos\高速运动.mp4,945,True,0.6212306618690491,29.04119300842285,43.587852478027344,54.63057327270508,64.60041809082031
fast,C:\Users\Light\Videos\高速运动.mp4,946,True,0.6228164434432983,29.064449310302734,43.595245361328125,54.63996124267578,64.6108169555664
fast,C:\Users\Light\Videos\高速运动.mp4,947,True,0.6702790260314941,18.355518341064453,43.8304557800293,44.749271392822266,64.80200958251953
fast,C:\Users\Light\Videos\高速运动.mp4,948,True,0.638664722442627,14.067367553710938,43.190250396728516,41.70576477050781,64.6886978149414
fast,C:\Users\Light\Videos\高速运动.mp4,949,True,0.640293538570404,14.06047534942627,43.18178176879883,41.69881057739258,64.69425201416016
fast,C:\Users\Light\Videos\高速运动.mp4,950,True,0.77550208568573,19.296566009521484,43.473731994628906,45.050315856933594,65.41036224365234
fast,C:\Users\Light\Videos\高速运动.mp4,951,True,0.7409185171127319,23.789037704467773,43.572792053222656,50.29051208496094,64.37092590332031
fast,C:\Users\Light\Videos\高速运动.mp4,952,True,0.7411298751831055,23.783021926879883,43.57341766357422,50.28030014038086,64.38002014160156
fast,C:\Users\Light\Videos\高速运动.mp4,953,True,0.7654090523719788,31.67438507080078,43.60976791381836,56.79289627075195,64.61170959472656
fast,C:\Users\Light\Videos\高速运动.mp4,954,True,0.7754470109939575,38.454345703125,44.00373840332031,63.398502349853516,63.90676498413086
fast,C:\Users\Light\Videos\高速运动.mp4,955,True,0.7749611139297485,38.46309280395508,43.97097396850586,63.37324905395508,63.92406463623047
fast,C:\Users\Light\Videos\高速运动.mp4,956,True,0.5949664115905762,46.9532585144043,44.22227096557617,72.34371185302734,64.89498901367188
fast,C:\Users\Light\Videos\高速运动.mp4,957,True,0.5957010388374329,46.95502471923828,44.223323822021484,72.34690856933594,64.90177917480469
fast,C:\Users\Light\Videos\高速运动.mp4,958,True,0.7153953313827515,55.73487854003906,43.89988327026367,80.80088806152344,64.75969696044922
fast,C:\Users\Light\Videos\高速运动.mp4,959,True,0.38534241914749146,65.10501098632812,44.83452606201172,91.47142028808594,64.53168487548828
fast,C:\Users\Light\Videos\高速运动.mp4,960,True,0.3828786611557007,65.0992431640625,44.8322868347168,91.48889923095703,64.54566955566406
fast,C:\Users\Light\Videos\高速运动.mp4,961,True,0.5232650637626648,74.74858093261719,44.55104446411133,101.80635833740234,64.66173553466797
fast,C:\Users\Light\Videos\高速运动.mp4,962,True,0.4754697382450104,87.24034881591797,44.144012451171875,112.6650161743164,63.708984375
fast,C:\Users\Light\Videos\高速运动.mp4,963,True,0.476480096578598,87.24304962158203,44.140560150146484,112.66590118408203,63.71319580078125
fast,C:\Users\Light\Videos\高速运动.mp4,964,True,0.2253614217042923,98.43289947509766,43.96106719970703,124.83747863769531,63.168846130371094
fast,C:\Users\Light\Videos\高速运动.mp4,965,True,0.089165598154068,108.88138580322266,43.048927307128906,134.66587829589844,63.178260803222656
fast,C:\Users\Light\Videos\高速运动.mp4,966,True,0.09693465381860733,108.9281005859375,43.07095718383789,134.66917419433594,63.204593658447266
fast,C:\Users\Light\Videos\高速运动.mp4,967,True,0.07597576826810837,121.56639862060547,42.65766906738281,147.21075439453125,63.58430862426758
fast,C:\Users\Light\Videos\高速运动.mp4,968,True,0.08825483918190002,121.649169921875,42.742698669433594,147.27865600585938,63.74679183959961
fast,C:\Users\Light\Videos\高速运动.mp4,969,True,0.22394761443138123,147.33799743652344,43.283348083496094,174.6322479248047,63.71622085571289
fast,C:\Users\Light\Videos\高速运动.mp4,970,True,0.22432756423950195,147.3407745361328,43.28803253173828,174.63217163085938,63.72085952758789
fast,C:\Users\Light\Videos\高速运动.mp4,971,True,0.15178902447223663,157.7076416015625,42.82622528076172,183.50881958007812,63.49387741088867
fast,C:\Users\Light\Videos\高速运动.mp4,972,True,0.12166041880846024,168.34002685546875,44.94552993774414,194.1132354736328,64.5343017578125
fast,C:\Users\Light\Videos\高速运动.mp4,973,True,0.12283430993556976,168.33929443359375,44.92383575439453,194.09201049804688,64.52954864501953
fast,C:\Users\Light\Videos\高速运动.mp4,974,True,0.714170515537262,180.0911407470703,40.6806526184082,206.40379333496094,61.30823516845703
fast,C:\Users\Light\Videos\高速运动.mp4,975,True,0.6388686895370483,191.86651611328125,40.64519500732422,218.3840789794922,60.91809844970703
fast,C:\Users\Light\Videos\高速运动.mp4,976,True,0.6381991505622864,191.8422088623047,40.657142639160156,218.3834228515625,60.91825485229492
fast,C:\Users\Light\Videos\高速运动.mp4,977,True,0.7258216738700867,203.04974365234375,39.892173767089844,229.65115356445312,60.725135803222656
fast,C:\Users\Light\Videos\高速运动.mp4,978,True,0.6959799528121948,212.24903869628906,39.841190338134766,240.08926391601562,60.68244171142578
fast,C:\Users\Light\Videos\高速运动.mp4,979,True,0.6937610507011414,212.2593994140625,39.832000732421875,240.09872436523438,60.648555755615234
fast,C:\Users\Light\Videos\高速运动.mp4,980,True,0.5272290110588074,219.96002197265625,39.79995346069336,247.74278259277344,60.63484191894531
fast,C:\Users\Light\Videos\高速运动.mp4,981,True,0.5278826951980591,219.9619903564453,39.799861907958984,247.7434539794922,60.63658905029297
fast,C:\Users\Light\Videos\高速运动.mp4,982,True,0.5867260694503784,227.96194458007812,40.120994567871094,256.7023010253906,60.78022384643555
fast,C:\Users\Light\Videos\高速运动.mp4,983,True,0.7295252680778503,235.81874084472656,40.14221954345703,261.38409423828125,61.95527267456055
fast,C:\Users\Light\Videos\高速运动.mp4,984,True,0.7295381426811218,235.81918334960938,40.14278030395508,261.38372802734375,61.95498275756836
fast,C:\Users\Light\Videos\高速运动.mp4,985,True,0.7052670121192932,239.72598266601562,38.852603912353516,266.9571838378906,60.50272750854492
fast,C:\Users\Light\Videos\高速运动.mp4,986,True,0.7749415636062622,245.15682983398438,39.562705993652344,270.4562072753906,62.15226745605469
fast,C:\Users\Light\Videos\高速运动.mp4,987,True,0.7749811410903931,245.1567840576172,39.56369400024414,270.4566955566406,62.15374755859375
fast,C:\Users\Light\Videos\高速运动.mp4,988,True,0.7773155570030212,247.20068359375,39.729087829589844,272.7101745605469,62.23223114013672
fast,C:\Users\Light\Videos\高速运动.mp4,989,True,0.7506752014160156,247.2672576904297,38.4752197265625,273.9952087402344,60.67544937133789
fast,C:\Users\Light\Videos\高速运动.mp4,990,True,0.7506821155548096,247.27183532714844,38.47613525390625,273.9925842285156,60.67529296875
fast,C:\Users\Light\Videos\高速运动.mp4,991,True,0.764667272567749,246.5752410888672,38.88352966308594,273.4747009277344,60.93638610839844
fast,C:\Users\Light\Videos\高速运动.mp4,992,True,0.7647075057029724,246.55653381347656,38.894020080566406,273.4738464355469,60.932037353515625
fast,C:\Users\Light\Videos\高速运动.mp4,993,True,0.7320371866226196,240.7877197265625,39.08597183227539,267.76348876953125,60.54734802246094
fast,C:\Users\Light\Videos\高速运动.mp4,994,True,0.7317255735397339,240.78085327148438,39.06494903564453,267.7458190917969,60.534706115722656
fast,C:\Users\Light\Videos\高速运动.mp4,995,True,0.7296625375747681,235.49160766601562,38.90576171875,262.4768371582031,60.2415885925293
fast,C:\Users\Light\Videos\高速运动.mp4,996,True,0.658255934715271,228.52035522460938,39.31391906738281,256.8328857421875,60.40084457397461
fast,C:\Users\Light\Videos\高速运动.mp4,997,True,0.6573463082313538,228.51600646972656,39.314388275146484,256.83587646484375,60.39723587036133
fast,C:\Users\Light\Videos\高速运动.mp4,998,True,0.48442578315734863,221.5362091064453,39.95120620727539,248.33538818359375,60.46776580810547
fast,C:\Users\Light\Videos\高速运动.mp4,999,True,0.7288773655891418,212.5814666748047,39.514610290527344,240.0860595703125,60.33793640136719
fast,C:\Users\Light\Videos\高速运动.mp4,1000,True,0.7310927510261536,212.58702087402344,39.53480529785156,240.0670623779297,60.39824295043945
fast,C:\Users\Light\Videos\高速运动.mp4,1001,True,0.3692067265510559,203.21401977539062,39.43960189819336,229.9715118408203,60.28318405151367
fast,C:\Users\Light\Videos\高速运动.mp4,1002,True,0.3832051157951355,202.3751220703125,40.21575164794922,229.76235961914062,60.65888977050781
fast,C:\Users\Light\Videos\高速运动.mp4,1003,True,0.6906003952026367,190.22093200683594,40.32762908935547,217.98370361328125,61.08461380004883
fast,C:\Users\Light\Videos\高速运动.mp4,1004,True,0.43682995438575745,178.1595916748047,41.45547866821289,206.17274475097656,60.68813705444336
fast,C:\Users\Light\Videos\高速运动.mp4,1005,True,0.44287988543510437,178.13255310058594,41.471412658691406,206.16368103027344,60.754539489746094
fast,C:\Users\Light\Videos\高速运动.mp4,1006,True,0.10589996725320816,165.14271545410156,39.55775451660156,190.852294921875,59.0904541015625
fast,C:\Users\Light\Videos\高速运动.mp4,1007,True,0.025206759572029114,151.72300720214844,40.735042572021484,181.06463623046875,59.809654235839844
fast,C:\Users\Light\Videos\高速运动.mp4,1008,True,0.02455982007086277,151.65206909179688,40.744075775146484,181.049560546875,59.839664459228516
fast,C:\Users\Light\Videos\高速运动.mp4,1009,True,0.06184770539402962,137.86940002441406,42.48521423339844,164.91220092773438,59.79694747924805
fast,C:\Users\Light\Videos\高速运动.mp4,1010,True,0.18611647188663483,119.72056579589844,39.47308349609375,145.11351013183594,59.71510314941406
fast,C:\Users\Light\Videos\高速运动.mp4,1011,True,0.18335604667663574,119.64796447753906,39.3706169128418,145.06675720214844,59.55495071411133
fast,C:\Users\Light\Videos\高速运动.mp4,1012,True,0.008467025123536587,105.48279571533203,40.856422424316406,129.26864624023438,60.55420684814453
fast,C:\Users\Light\Videos\高速运动.mp4,1013,True,0.007852389477193356,105.61779022216797,40.916351318359375,129.1792449951172,60.62511444091797
fast,C:\Users\Light\Videos\高速运动.mp4,1014,True,0.016378352418541908,89.40640258789062,40.9102783203125,113.88204193115234,60.49797439575195
fast,C:\Users\Light\Videos\高速运动.mp4,1015,True,0.007276863791048527,71.98334503173828,41.44346618652344,98.12728881835938,62.113407135009766
fast,C:\Users\Light\Videos\高速运动.mp4,1016,True,0.007128273602575064,71.9848403930664,41.442344665527344,98.12858581542969,62.10941696166992
fast,C:\Users\Light\Videos\高速运动.mp4,1017,True,0.005073305685073137,245.00994873046875,0.0,344.286865234375,100.23246765136719
fast,C:\Users\Light\Videos\高速运动.mp4,1018,True,0.005088802892714739,245.00270080566406,0.0,344.292236328125,100.2168197631836
fast,C:\Users\Light\Videos\高速运动.mp4,1019,True,0.003285021521151066,246.021484375,0.0,343.2259826660156,101.98919677734375
fast,C:\Users\Light\Videos\高速运动.mp4,1020,True,0.3629847764968872,16.081886291503906,44.99116134643555,43.069732666015625,65.16356658935547
fast,C:\Users\Light\Videos\高速运动.mp4,1021,True,0.36239001154899597,16.082645416259766,44.99272918701172,43.06238555908203,65.15980529785156
fast,C:\Users\Light\Videos\高速运动.mp4,1022,True,0.32065659761428833,28.265892028808594,44.57870101928711,55.79589080810547,65.01699829101562
fast,C:\Users\Light\Videos\高速运动.mp4,1023,True,0.4352201521396637,40.20733642578125,44.51908874511719,65.8870620727539,63.996788024902344
fast,C:\Users\Light\Videos\高速运动.mp4,1024,True,0.4365447163581848,40.20954895019531,44.515525817871094,65.88005065917969,63.998470306396484
fast,C:\Users\Light\Videos\高速运动.mp4,1025,True,0.6938444972038269,50.85442352294922,43.736167907714844,76.68949890136719,64.90274810791016
fast,C:\Users\Light\Videos\高速运动.mp4,1026,True,0.695816695690155,50.8513069152832,43.730655670166016,76.6667251586914,64.9118881225586
fast,C:\Users\Light\Videos\高速运动.mp4,1027,True,0.5528391599655151,60.913692474365234,44.40501403808594,87.07093811035156,64.96469116210938
fast,C:\Users\Light\Videos\高速运动.mp4,1028,True,0.48017600178718567,72.44247436523438,45.49967575073242,98.77799224853516,64.99189758300781
fast,C:\Users\Light\Videos\高速运动.mp4,1029,True,0.4810302257537842,72.49347686767578,45.48817825317383,98.80393981933594,64.99263763427734
fast,C:\Users\Light\Videos\高速运动.mp4,1030,True,0.2605082094669342,83.69363403320312,45.414756774902344,110.87860107421875,64.87269592285156
fast,C:\Users\Light\Videos\高速运动.mp4,1031,True,0.06855213642120361,93.45755004882812,47.84181594848633,119.54364776611328,66.44515991210938
fast,C:\Users\Light\Videos\高速运动.mp4,1032,True,0.05733916908502579,93.17755126953125,48.27901840209961,119.5414047241211,66.84843444824219
fast,C:\Users\Light\Videos\高速运动.mp4,1033,True,0.10401228815317154,107.826171875,46.19043731689453,135.09727478027344,65.45545196533203
fast,C:\Users\Light\Videos\高速运动.mp4,1034,True,0.15652737021446228,118.3931655883789,43.048118591308594,143.72760009765625,62.98915481567383
fast,C:\Users\Light\Videos\高速运动.mp4,1035,True,0.15690065920352936,118.40432739257812,43.059078216552734,143.7364501953125,63.004459381103516
fast,C:\Users\Light\Videos\高速运动.mp4,1036,True,0.01991301402449608,134.1315460205078,43.55717086791992,159.9307403564453,60.47836685180664
fast,C:\Users\Light\Videos\高速运动.mp4,1037,True,0.02036358043551445,134.12860107421875,43.555084228515625,159.93556213378906,60.49228286743164
fast,C:\Users\Light\Videos\高速运动.mp4,1038,True,0.12814198434352875,147.55421447753906,45.258888244628906,175.59176635742188,64.70023345947266
fast,C:\Users\Light\Videos\高速运动.mp4,1039,True,0.11761116236448288,160.77845764160156,44.750999450683594,185.92343139648438,64.54725646972656
fast,C:\Users\Light\Videos\高速运动.mp4,1040,True,0.1174340471625328,160.7706756591797,44.75254821777344,185.91986083984375,64.54566955566406
fast,C:\Users\Light\Videos\高速运动.mp4,1041,True,0.014973358251154423,189.94091796875,44.31608581542969,215.23306274414062,62.91445541381836
fast,C:\Users\Light\Videos\高速运动.mp4,1042,True,0.014922427013516426,189.9404296875,44.31639862060547,215.23602294921875,62.91548538208008
fast,C:\Users\Light\Videos\高速运动.mp4,1043,True,0.009787723422050476,345.624267578125,20.3059139251709,371.9536437988281,37.27667999267578
fast,C:\Users\Light\Videos\高速运动.mp4,1044,True,0.007433833088725805,413.292724609375,29.439075469970703,439.928955078125,52.49102783203125
fast,C:\Users\Light\Videos\高速运动.mp4,1045,True,0.007444501854479313,413.2865905761719,29.42170524597168,439.92425537109375,52.474735260009766
fast,C:\Users\Light\Videos\高速运动.mp4,1046,True,0.008450775407254696,345.32733154296875,19.94934844970703,371.5720520019531,37.16888427734375
fast,C:\Users\Light\Videos\高速运动.mp4,1047,True,0.00997929647564888,345.28466796875,19.887874603271484,371.6004943847656,37.13784408569336
fast,C:\Users\Light\Videos\高速运动.mp4,1048,True,0.00646140705794096,372.6717834472656,26.568809509277344,397.4140930175781,43.935272216796875
fast,C:\Users\Light\Videos\高速运动.mp4,1049,True,0.00505025964230299,346.2505187988281,20.488229751586914,371.96197509765625,36.81431198120117
fast,C:\Users\Light\Videos\高速运动.mp4,1050,True,0.004830473102629185,346.2737121582031,20.509117126464844,371.9510192871094,36.80104446411133
fast,C:\Users\Light\Videos\高速运动.mp4,1051,True,0.006155656650662422,413.4427795410156,29.580177307128906,439.9615783691406,52.571083068847656
fast,C:\Users\Light\Videos\高速运动.mp4,1052,True,0.013384874910116196,345.51556396484375,20.21662712097168,371.9515686035156,37.848934173583984
fast,C:\Users\Light\Videos\高速运动.mp4,1053,True,0.013366784900426865,345.516845703125,20.21436309814453,371.9530944824219,37.84066390991211
fast,C:\Users\Light\Videos\高速运动.mp4,1054,True,0.018095694482326508,411.4292907714844,33.727577209472656,441.5655822753906,53.24454116821289
fast,C:\Users\Light\Videos\高速运动.mp4,1055,True,0.009017984382808208,416.23223876953125,29.296470642089844,442.5329284667969,53.33837890625
fast,C:\Users\Light\Videos\高速运动.mp4,1056,True,0.009001236408948898,416.2697448730469,29.30900001525879,442.6288146972656,53.34897994995117
fast,C:\Users\Light\Videos\高速运动.mp4,1057,True,0.016373446211218834,416.7831115722656,29.966346740722656,443.3405456542969,53.24415969848633
fast,C:\Users\Light\Videos\高速运动.mp4,1058,True,0.016525406390428543,416.78448486328125,29.959623336791992,443.3470458984375,53.23447799682617
fast,C:\Users\Light\Videos\高速运动.mp4,1059,True,0.012821806594729424,418.5733642578125,29.76556396484375,443.7971496582031,52.9434700012207
fast,C:\Users\Light\Videos\高速运动.mp4,1060,True,0.10993654280900955,422.2501220703125,32.29358673095703,447.9742431640625,52.57939529418945
fast,C:\Users\Light\Videos\高速运动.mp4,1061,True,0.10844259709119797,422.1983642578125,32.327022552490234,447.9454040527344,52.56442642211914
fast,C:\Users\Light\Videos\高速运动.mp4,1062,True,0.02371629886329174,413.4723205566406,45.53335952758789,438.7707824707031,62.820709228515625
fast,C:\Users\Light\Videos\高速运动.mp4,1063,True,0.01983492262661457,404.5226745605469,48.33538055419922,430.5534362792969,64.75111389160156
fast,C:\Users\Light\Videos\高速运动.mp4,1064,True,0.01842600479722023,404.5311279296875,48.37666320800781,430.5688171386719,64.70113372802734
fast,C:\Users\Light\Videos\高速运动.mp4,1065,True,0.6490789651870728,388.5276794433594,38.45612335205078,416.12493896484375,59.90656280517578
fast,C:\Users\Light\Videos\高速运动.mp4,1066,True,0.6495015621185303,388.514404296875,38.45970916748047,416.12457275390625,59.91046142578125
fast,C:\Users\Light\Videos\高速运动.mp4,1067,True,0.13548974692821503,379.7335205078125,39.565216064453125,406.18975830078125,59.76850891113281
fast,C:\Users\Light\Videos\高速运动.mp4,1068,True,0.022547343745827675,367.4840087890625,36.79253005981445,397.23956298828125,57.06910705566406
fast,C:\Users\Light\Videos\高速运动.mp4,1069,True,0.02255956083536148,367.4912109375,36.78766632080078,397.2459716796875,57.060386657714844
fast,C:\Users\Light\Videos\高速运动.mp4,1070,True,0.0014392695156857371,1.9759637117385864,69.23277282714844,28.83601951599121,85.26437377929688
fast,C:\Users\Light\Videos\高速运动.mp4,1071,True,0.0014378688065335155,1.9742127656936646,69.2410888671875,28.83619499206543,85.27555847167969
fast,C:\Users\Light\Videos\高速运动.mp4,1072,True,0.002461974276229739,1.6471037864685059,69.71228790283203,28.79043960571289,86.28050231933594
fast,C:\Users\Light\Videos\高速运动.mp4,1073,True,0.05003678798675537,327.242919921875,38.919456481933594,355.44598388671875,58.89298629760742
fast,C:\Users\Light\Videos\高速运动.mp4,1074,True,0.05808718502521515,327.4933776855469,39.00410461425781,355.45880126953125,58.9793815612793
fast,C:\Users\Light\Videos\高速运动.mp4,1075,True,0.18860039114952087,311.87005615234375,40.5283203125,339.96075439453125,59.227989196777344
fast,C:\Users\Light\Videos\高速运动.mp4,1076,True,0.002897137776017189,295.3298645019531,42.10863494873047,321.70465087890625,58.1313591003418
fast,C:\Users\Light\Videos\高速运动.mp4,1077,True,0.0029331075493246317,295.310302734375,42.092498779296875,321.74359130859375,58.132747650146484
fast,C:\Users\Light\Videos\高速运动.mp4,1078,True,0.0010062538785859942,1.8080368041992188,69.87297821044922,28.713905334472656,86.2499771118164
fast,C:\Users\Light\Videos\高速运动.mp4,1079,True,0.0,,,,
fast,C:\Users\Light\Videos\高速运动.mp4,1080,True,0.0,,,,
fast,C:\Users\Light\Videos\高速运动.mp4,1081,True,0.0013019749894738197,2.206937789916992,69.22708129882812,28.43707275390625,85.42810821533203
fast,C:\Users\Light\Videos\高速运动.mp4,1082,True,0.0012928557116538286,2.2310593128204346,69.221435546875,28.44331169128418,85.40560913085938
fast,C:\Users\Light\Videos\高速运动.mp4,1083,True,0.0012760479003190994,2.146296977996826,69.45984649658203,28.616079330444336,85.68982696533203
fast,C:\Users\Light\Videos\高速运动.mp4,1084,True,0.0018849839689210057,2.064845561981201,69.36823272705078,28.867826461791992,85.59565734863281
fast,C:\Users\Light\Videos\高速运动.mp4,1085,True,0.0019053980940952897,2.0563628673553467,69.36811828613281,28.868896484375,85.5943374633789
fast,C:\Users\Light\Videos\高速运动.mp4,1086,True,0.0032052549067884684,1.6017165184020996,69.31092071533203,28.7644100189209,85.64404296875
fast,C:\Users\Light\Videos\高速运动.mp4,1087,True,0.0023713738191872835,2.180026054382324,69.31737518310547,29.135894775390625,85.1495590209961
fast,C:\Users\Light\Videos\高速运动.mp4,1088,True,0.0023906854912638664,2.1744120121002197,69.32076263427734,29.140029907226562,85.16365814208984
fast,C:\Users\Light\Videos\高速运动.mp4,1089,True,0.0013724826276302338,2.823479652404785,25.9853515625,28.61111831665039,42.996952056884766
fast,C:\Users\Light\Videos\高速运动.mp4,1090,True,0.001360591733828187,2.8208014965057373,25.989498138427734,28.614744186401367,43.008766174316406
fast,C:\Users\Light\Videos\高速运动.mp4,1091,True,0.003972160629928112,245.27223205566406,0.0,344.0330810546875,101.02174377441406
fast,C:\Users\Light\Videos\高速运动.mp4,1092,True,0.00403319438919425,245.2468719482422,0.0,344.06243896484375,100.96495819091797
fast,C:\Users\Light\Videos\高速运动.mp4,1093,True,0.005724414251744747,244.67799377441406,0.0,344.3650817871094,100.58876037597656
fast,C:\Users\Light\Videos\高速运动.mp4,1094,True,0.005782230757176876,244.87982177734375,0.0,344.17303466796875,100.36919403076172
fast,C:\Users\Light\Videos\高速运动.mp4,1095,True,0.0057858363725245,244.8769073486328,0.0,344.17669677734375,100.38346862792969
fast,C:\Users\Light\Videos\高速运动.mp4,1096,True,0.020425841212272644,411.4119873046875,33.58409881591797,441.25323486328125,52.995059967041016
fast,C:\Users\Light\Videos\高速运动.mp4,1097,True,0.03300173208117485,18.75282096862793,42.51649856567383,45.70232009887695,64.9391860961914
fast,C:\Users\Light\Videos\高速运动.mp4,1098,True,0.032780617475509644,19.023147583007812,43.69757843017578,46.97787094116211,63.497642517089844
fast,C:\Users\Light\Videos\高速运动.mp4,1099,True,0.011031358502805233,404.4361877441406,31.29646110534668,429.3302001953125,54.82698440551758
fast,C:\Users\Light\Videos\高速运动.mp4,1100,True,0.0176144577562809,52.28925704956055,46.500877380371094,79.85197448730469,65.27024841308594
fast,C:\Users\Light\Videos\高速运动.mp4,1101,True,0.017831087112426758,52.25601577758789,46.47958755493164,79.81275939941406,65.27876281738281
fast,C:\Users\Light\Videos\高速运动.mp4,1102,True,0.005193168763071299,244.94210815429688,0.0,344.3538818359375,100.2061996459961
fast,C:\Users\Light\Videos\高速运动.mp4,1103,True,0.00518381129950285,244.94522094726562,0.0,344.35174560546875,100.20938110351562
fast,C:\Users\Light\Videos\高速运动.mp4,1104,True,0.008019567467272282,84.49359893798828,43.941680908203125,110.20405578613281,62.39079284667969
fast,C:\Users\Light\Videos\高速运动.mp4,1105,True,0.015028801746666431,101.89908599853516,44.63901138305664,126.05645751953125,62.23084259033203
fast,C:\Users\Light\Videos\高速运动.mp4,1106,True,0.015042152255773544,101.88634490966797,44.62872314453125,126.04857635498047,62.225440979003906
fast,C:\Users\Light\Videos\高速运动.mp4,1107,True,0.0163814015686512,115.48333740234375,43.64777755737305,140.43963623046875,62.51530838012695
fast,C:\Users\Light\Videos\高速运动.mp4,1108,True,0.006572708487510681,131.34288024902344,44.35187530517578,157.05377197265625,63.328819274902344
fast,C:\Users\Light\Videos\高速运动.mp4,1109,True,0.006559476722031832,131.34739685058594,44.35404968261719,157.05453491210938,63.32848358154297
fast,C:\Users\Light\Videos\高速运动.mp4,1110,True,0.009100062772631645,405.1497802734375,30.604061126708984,429.14129638671875,54.874027252197266
fast,C:\Users\Light\Videos\高速运动.mp4,1111,True,0.005496730096638203,244.8867950439453,0.0,344.32080078125,100.11166381835938
fast,C:\Users\Light\Videos\高速运动.mp4,1112,True,0.004987119697034359,245.0136260986328,0.0,344.3017272949219,100.25465393066406
fast,C:\Users\Light\Videos\高速运动.mp4,1113,True,0.004412868991494179,245.20742797851562,0.0,344.1722717285156,100.7744140625
fast,C:\Users\Light\Videos\高速运动.mp4,1114,True,0.004443237092345953,245.19920349121094,0.0,344.1803283691406,100.73912048339844
fast,C:\Users\Light\Videos\高速运动.mp4,1115,True,0.006110606249421835,345.961669921875,20.95830726623535,372.6392822265625,38.31258010864258
fast,C:\Users\Light\Videos\高速运动.mp4,1116,True,0.006197924725711346,345.9642028808594,20.96469497680664,372.6538391113281,38.31937026977539
fast,C:\Users\Light\Videos\高速运动.mp4,1117,True,0.008437640964984894,411.1514587402344,34.812599182128906,442.35235595703125,54.96407699584961
fast,C:\Users\Light\Videos\高速运动.mp4,1118,True,0.007333274930715561,345.6608581542969,20.208938598632812,371.73187255859375,37.103328704833984
fast,C:\Users\Light\Videos\高速运动.mp4,1119,True,0.007437907624989748,345.65496826171875,20.200468063354492,371.7278747558594,37.104496002197266
fast,C:\Users\Light\Videos\高速运动.mp4,1120,True,0.014265277422964573,345.13714599609375,19.759479522705078,371.2295227050781,37.656734466552734
fast,C:\Users\Light\Videos\高速运动.mp4,1121,True,0.004450317472219467,382.0174560546875,24.009702682495117,404.9107360839844,44.421104431152344
fast,C:\Users\Light\Videos\高速运动.mp4,1122,True,0.004280982073396444,382.04144287109375,24.026891708374023,404.90594482421875,44.4213981628418
fast,C:\Users\Light\Videos\高速运动.mp4,1123,True,0.004587285686284304,384.2515869140625,21.3525447845459,408.80474853515625,42.775508880615234
fast,C:\Users\Light\Videos\高速运动.mp4,1124,True,0.0023993731010705233,246.17147827148438,0.0,343.49603271484375,101.77461242675781
fast,C:\Users\Light\Videos\高速运动.mp4,1125,True,0.0024691687431186438,246.07650756835938,0.0,343.54803466796875,101.66156768798828
fast,C:\Users\Light\Videos\高速运动.mp4,1126,True,0.015081098303198814,390.1458435058594,18.455543518066406,414.9478454589844,36.17798614501953
fast,C:\Users\Light\Videos\高速运动.mp4,1127,True,0.015059314668178558,390.1466369628906,18.454713821411133,414.94793701171875,36.17693328857422
fast,C:\Users\Light\Videos\高速运动.mp4,1128,True,0.0030802239198237658,245.6935577392578,0.0,343.6459045410156,101.86026763916016
fast,C:\Users\Light\Videos\高速运动.mp4,1129,True,0.0029198643751442432,0.0,0.0,179.78341674804688,109.0
fast,C:\Users\Light\Videos\高速运动.mp4,1130,True,0.0030322771053761244,0.0,0.0,179.5339813232422,109.0
fast,C:\Users\Light\Videos\高速运动.mp4,1131,True,0.003758223494514823,1.8373690843582153,69.44377899169922,28.90798568725586,85.96076202392578
fast,C:\Users\Light\Videos\高速运动.mp4,1132,True,0.0030678005423396826,0.0,0.0,179.04473876953125,109.0
fast,C:\Users\Light\Videos\高速运动.mp4,1133,True,0.003011504653841257,0.0,0.0,179.15089416503906,109.0
fast,C:\Users\Light\Videos\高速运动.mp4,1134,True,0.001536423689685762,2.2054669857025146,69.40807342529297,28.7507266998291,85.69986724853516
fast,C:\Users\Light\Videos\高速运动.mp4,1135,True,0.00339083606377244,389.11236572265625,41.137550354003906,415.7762145996094,57.39725112915039
fast,C:\Users\Light\Videos\高速运动.mp4,1136,True,0.008229997009038925,371.0868225097656,40.268035888671875,397.9873352050781,57.70182418823242
fast,C:\Users\Light\Videos\高速运动.mp4,1137,True,0.009364388883113861,371.01898193359375,40.164608001708984,397.9233703613281,57.76289367675781
fast,C:\Users\Light\Videos\高速运动.mp4,1138,True,0.0036928881891071796,245.54795837402344,0.0,343.80535888671875,101.26551818847656
fast,C:\Users\Light\Videos\高速运动.mp4,1139,True,0.004965184256434441,245.06382751464844,0.0,344.1960754394531,100.58230590820312
fast,C:\Users\Light\Videos\高速运动.mp4,1140,True,0.004846394527703524,245.0845489501953,0.0,344.1990966796875,100.6766128540039
fast,C:\Users\Light\Videos\高速运动.mp4,1141,True,0.03765976056456566,325.45233154296875,40.99353790283203,353.1155090332031,59.44062805175781
fast,C:\Users\Light\Videos\高速运动.mp4,1142,True,0.027882657945156097,314.66583251953125,44.913055419921875,339.9903564453125,63.9809455871582
fast,C:\Users\Light\Videos\高速运动.mp4,1143,True,0.027076905593276024,314.6725158691406,44.9229850769043,339.9844970703125,64.01825714111328
fast,C:\Users\Light\Videos\高速运动.mp4,1144,True,0.08948550373315811,303.5246887207031,47.42232131958008,328.80755615234375,66.39653015136719
fast,C:\Users\Light\Videos\高速运动.mp4,1145,True,0.11702337861061096,297.1326904296875,47.05199432373047,321.64697265625,66.3148193359375
fast,C:\Users\Light\Videos\高速运动.mp4,1146,True,0.11914217472076416,297.0574645996094,47.03980255126953,321.576171875,66.32405090332031
fast,C:\Users\Light\Videos\高速运动.mp4,1147,True,0.5829713344573975,286.8246154785156,46.348392486572266,311.5421447753906,65.75074768066406
fast,C:\Users\Light\Videos\高速运动.mp4,1148,True,0.585590124130249,286.8236389160156,46.333396911621094,311.53765869140625,65.7549819946289
fast,C:\Users\Light\Videos\高速运动.mp4,1149,True,0.7575671076774597,278.2505798339844,46.098819732666016,303.3981018066406,65.8025131225586
fast,C:\Users\Light\Videos\高速运动.mp4,1150,True,0.7092495560646057,271.1900634765625,46.88227462768555,295.94232177734375,65.91605377197266
fast,C:\Users\Light\Videos\高速运动.mp4,1151,True,0.709738552570343,271.1918640136719,46.87812805175781,295.9449768066406,65.91625213623047
fast,C:\Users\Light\Videos\高速运动.mp4,1152,True,0.7742242813110352,264.89093017578125,46.141937255859375,289.6384582519531,65.9304428100586
fast,C:\Users\Light\Videos\高速运动.mp4,1153,True,0.7021033763885498,260.4188537597656,45.530601501464844,284.0710144042969,65.43914031982422
fast,C:\Users\Light\Videos\高速运动.mp4,1154,True,0.7016898989677429,260.4211120605469,45.52923583984375,284.072509765625,65.42912292480469
fast,C:\Users\Light\Videos\高速运动.mp4,1155,True,0.7699652910232544,255.25611877441406,46.372642517089844,278.8985595703125,66.14227294921875
fast,C:\Users\Light\Videos\高速运动.mp4,1156,True,0.7034264206886292,251.22198486328125,45.93579864501953,275.6387634277344,66.6915283203125
fast,C:\Users\Light\Videos\高速运动.mp4,1157,True,0.7034428119659424,251.2248077392578,45.935909271240234,275.640869140625,66.69114685058594
fast,C:\Users\Light\Videos\高速运动.mp4,1158,True,0.7619073390960693,248.9209747314453,46.29254150390625,272.19122314453125,65.90135192871094
fast,C:\Users\Light\Videos\高速运动.mp4,1159,True,0.6970081925392151,246.28631591796875,46.44256591796875,270.2790222167969,66.38812255859375
fast,C:\Users\Light\Videos\高速运动.mp4,1160,True,0.7696558237075806,245.1524200439453,46.82830810546875,269.09539794921875,66.8431167602539
fast,C:\Users\Light\Videos\高速运动.mp4,1161,True,0.7700016498565674,245.1401824951172,46.829586029052734,269.0909118652344,66.848388671875
fast,C:\Users\Light\Videos\高速运动.mp4,1162,True,0.752586841583252,245.1319122314453,46.6073112487793,268.4627380371094,66.53166961669922
fast,C:\Users\Light\Videos\高速运动.mp4,1163,True,0.7622289061546326,245.21041870117188,46.54435729980469,268.8544006347656,66.4686279296875
fast,C:\Users\Light\Videos\高速运动.mp4,1164,True,0.7631525993347168,245.1968536376953,46.5638542175293,268.8399658203125,66.48211669921875
fast,C:\Users\Light\Videos\高速运动.mp4,1165,True,0.7254522442817688,246.11734008789062,46.4810905456543,270.22711181640625,66.70015716552734
fast,C:\Users\Light\Videos\高速运动.mp4,1166,True,0.7547113299369812,247.87046813964844,46.806949615478516,272.12939453125,66.28572845458984
fast,C:\Users\Light\Videos\高速运动.mp4,1167,True,0.7547791004180908,247.8675537109375,46.80768966674805,272.12677001953125,66.28628540039062
fast,C:\Users\Light\Videos\高速运动.mp4,1168,True,0.7322579622268677,251.4982147216797,46.38418197631836,275.2949523925781,65.85874938964844
fast,C:\Users\Light\Videos\高速运动.mp4,1169,True,0.778114914894104,255.16233825683594,46.29682159423828,278.6383972167969,66.08460998535156
fast,C:\Users\Light\Videos\高速运动.mp4,1170,True,0.7785599231719971,255.1663360595703,46.30105972290039,278.62994384765625,66.0921630859375
fast,C:\Users\Light\Videos\高速运动.mp4,1171,True,0.7322492599487305,259.0847473144531,46.36262130737305,282.9888610839844,66.687744140625
fast,C:\Users\Light\Videos\高速运动.mp4,1172,True,0.7324783802032471,259.0947265625,46.36540222167969,282.9859619140625,66.68962860107422
fast,C:\Users\Light\Videos\高速运动.mp4,1173,True,0.7066903710365295,263.008544921875,46.34491729736328,287.4110412597656,66.40943908691406
fast,C:\Users\Light\Videos\高速运动.mp4,1174,True,0.6945231556892395,268.96417236328125,46.22855758666992,293.06219482421875,66.24583435058594
fast,C:\Users\Light\Videos\高速运动.mp4,1175,True,0.6934459209442139,268.9798889160156,46.23487854003906,293.07525634765625,66.2492904663086
fast,C:\Users\Light\Videos\高速运动.mp4,1176,True,0.7285187244415283,274.9608154296875,46.70201873779297,298.82110595703125,66.27447509765625
fast,C:\Users\Light\Videos\高速运动.mp4,1177,True,0.6883323192596436,281.3879699707031,46.7438850402832,305.07977294921875,67.10848999023438
fast,C:\Users\Light\Videos\高速运动.mp4,1178,True,0.688209593296051,281.3941345214844,46.74298858642578,305.0830993652344,67.10271453857422
fast,C:\Users\Light\Videos\高速运动.mp4,1179,True,0.5185756683349609,289.254638671875,47.646724700927734,313.51568603515625,65.18436431884766
fast,C:\Users\Light\Videos\高速运动.mp4,1180,True,0.6310665011405945,298.0495910644531,46.44892883300781,322.470703125,65.31497955322266
fast,C:\Users\Light\Videos\高速运动.mp4,1181,True,0.6314015984535217,298.0496826171875,46.44635009765625,322.4712829589844,65.31832122802734
fast,C:\Users\Light\Videos\高速运动.mp4,1182,True,0.36255475878715515,308.49395751953125,48.0244255065918,333.5985412597656,65.11383819580078
fast,C:\Users\Light\Videos\高速运动.mp4,1183,True,0.36021706461906433,308.510986328125,48.036659240722656,333.61236572265625,65.11003112792969
fast,C:\Users\Light\Videos\高速运动.mp4,1184,True,0.08664484322071075,320.0911560058594,46.62228012084961,344.64715576171875,66.18245697021484
fast,C:\Users\Light\Videos\高速运动.mp4,1185,True,0.06515859812498093,326.695068359375,47.28182601928711,353.4432678222656,66.51847076416016
fast,C:\Users\Light\Videos\高速运动.mp4,1186,True,0.04210526496171951,338.1365661621094,43.351993560791016,364.447265625,64.53501892089844
fast,C:\Users\Light\Videos\高速运动.mp4,1187,True,0.0096381651237607,349.2854919433594,42.15659713745117,375.921630859375,61.627262115478516
fast,C:\Users\Light\Videos\高速运动.mp4,1188,True,0.009514220058918,349.2845764160156,42.16316223144531,375.9194030761719,61.62723922729492
fast,C:\Users\Light\Videos\高速运动.mp4,1189,True,0.08592941612005234,362.19073486328125,42.500789642333984,388.66986083984375,59.57097244262695
fast,C:\Users\Light\Videos\高速运动.mp4,1190,True,0.46181172132492065,371.40020751953125,40.39501953125,399.2054443359375,60.31816864013672
fast,C:\Users\Light\Videos\高速运动.mp4,1191,True,0.4554169774055481,371.39215087890625,40.44638442993164,399.2027587890625,60.35317611694336
fast,C:\Users\Light\Videos\高速运动.mp4,1192,True,0.3102147877216339,378.4159240722656,38.87322235107422,407.2503356933594,60.850730895996094
fast,C:\Users\Light\Videos\高速运动.mp4,1193,True,0.3199852406978607,378.40716552734375,38.867393493652344,407.2331848144531,60.8371467590332
fast,C:\Users\Light\Videos\高速运动.mp4,1194,True,0.650168776512146,387.3053283691406,37.30202865600586,413.2379455566406,59.501678466796875
fast,C:\Users\Light\Videos\高速运动.mp4,1195,True,0.6541535258293152,391.41741943359375,36.03746795654297,418.4766845703125,58.023807525634766
fast,C:\Users\Light\Videos\高速运动.mp4,1196,True,0.6538980007171631,391.4164733886719,36.043338775634766,418.4753723144531,58.02053451538086
fast,C:\Users\Light\Videos\高速运动.mp4,1197,True,0.6636614799499512,394.3352355957031,37.757896423339844,421.4873046875,59.73392868041992
fast,C:\Users\Light\Videos\高速运动.mp4,1198,True,0.6925792098045349,397.5119323730469,39.66873550415039,423.5181579589844,61.750858306884766
fast,C:\Users\Light\Videos\高速运动.mp4,1199,True,0.6923762559890747,397.51495361328125,39.66999053955078,423.5220642089844,61.75220489501953
fast,C:\Users\Light\Videos\高速运动.mp4,1200,True,0.6982100605964661,397.8872375488281,39.56826400756836,423.7686767578125,61.45496368408203
fast,C:\Users\Light\Videos\高速运动.mp4,1201,True,0.6380279660224915,397.8199157714844,40.12910842895508,424.88818359375,60.60599899291992
fast,C:\Users\Light\Videos\高速运动.mp4,1202,True,0.6380735635757446,397.8215026855469,40.126956939697266,424.8905334472656,60.60577392578125
fast,C:\Users\Light\Videos\高速运动.mp4,1203,True,0.6538810133934021,397.6037292480469,41.14978790283203,424.9920349121094,62.38059616088867
fast,C:\Users\Light\Videos\高速运动.mp4,1204,True,0.6664325594902039,396.915771484375,41.94680404663086,424.4757995605469,62.5247688293457
fast,C:\Users\Light\Videos\高速运动.mp4,1205,True,0.6672807335853577,396.92181396484375,41.94572830200195,424.4717102050781,62.52427291870117
fast,C:\Users\Light\Videos\高速运动.mp4,1206,True,0.7656116485595703,395.0868225097656,39.92516326904297,422.2227478027344,61.22997283935547
fast,C:\Users\Light\Videos\高速运动.mp4,1207,True,0.771159291267395,395.06683349609375,39.905242919921875,422.18804931640625,61.238826751708984
fast,C:\Users\Light\Videos\高速运动.mp4,1208,True,0.8033066391944885,391.3771667480469,41.00926971435547,417.34149169921875,62.30157470703125
fast,C:\Users\Light\Videos\高速运动.mp4,1209,True,0.8007684350013733,391.4002380371094,40.994117736816406,417.3435363769531,62.287052154541016
fast,C:\Users\Light\Videos\高速运动.mp4,1210,True,0.6583155393600464,387.99493408203125,41.58763885498047,414.777099609375,61.68349075317383
fast,C:\Users\Light\Videos\高速运动.mp4,1211,True,0.6751294732093811,386.3757019042969,41.74514389038086,411.4591064453125,62.449466705322266
fast,C:\Users\Light\Videos\高速运动.mp4,1212,True,0.6787342429161072,386.3356018066406,41.6975212097168,411.4462585449219,62.428016662597656
fast,C:\Users\Light\Videos\高速运动.mp4,1213,True,0.5260070562362671,382.1410827636719,41.944740295410156,408.8090515136719,61.820064544677734
fast,C:\Users\Light\Videos\高速运动.mp4,1214,True,0.8040328025817871,378.9292297363281,43.732940673828125,404.14288330078125,63.63690948486328
fast,C:\Users\Light\Videos\高速运动.mp4,1215,True,0.8060891628265381,378.92340087890625,43.70734786987305,404.1144714355469,63.62036895751953
fast,C:\Users\Light\Videos\高速运动.mp4,1216,True,0.6052556037902832,375.4389953613281,43.7090950012207,400.0121154785156,64.53936767578125
fast,C:\Users\Light\Videos\高速运动.mp4,1217,True,0.6058509349822998,375.47052001953125,43.70226287841797,400.0337219238281,64.5315933227539
fast,C:\Users\Light\Videos\高速运动.mp4,1218,True,0.4641706049442291,374.437255859375,44.718055725097656,398.6480712890625,64.33291625976562
fast,C:\Users\Light\Videos\高速运动.mp4,1219,True,0.7107611298561096,372.27874755859375,45.1318359375,396.3135681152344,65.37748718261719
fast,C:\Users\Light\Videos\高速运动.mp4,1220,True,0.7107250690460205,372.2665710449219,45.12867736816406,396.3150939941406,65.38468170166016
fast,C:\Users\Light\Videos\高速运动.mp4,1221,True,0.6388776898384094,370.7182312011719,45.87358474731445,395.1015319824219,66.15917205810547
fast,C:\Users\Light\Videos\高速运动.mp4,1222,True,0.6845215559005737,367.8665771484375,44.729976654052734,394.36260986328125,66.47821807861328
fast,C:\Users\Light\Videos\高速运动.mp4,1223,True,0.684177577495575,367.8620300292969,44.72345733642578,394.3653564453125,66.47026062011719
fast,C:\Users\Light\Videos\高速运动.mp4,1224,True,0.6631650328636169,369.419921875,47.16259765625,393.03411865234375,66.46813201904297
fast,C:\Users\Light\Videos\高速运动.mp4,1225,True,0.6196544766426086,369.5973205566406,47.22297286987305,394.4178771972656,66.4942626953125
fast,C:\Users\Light\Videos\高速运动.mp4,1226,True,0.6193504929542542,369.5947265625,47.220619201660156,394.4165344238281,66.49303436279297
fast,C:\Users\Light\Videos\高速运动.mp4,1227,True,0.707463800907135,373.0766296386719,46.53306198120117,396.5198059082031,66.10942077636719
fast,C:\Users\Light\Videos\高速运动.mp4,1228,True,0.7073683738708496,373.0776062011719,46.53805923461914,396.52294921875,66.11038208007812
fast,C:\Users\Light\Videos\高速运动.mp4,1229,True,0.6392211318016052,375.1500549316406,47.13175964355469,399.5487365722656,66.54039001464844
fast,C:\Users\Light\Videos\高速运动.mp4,1230,True,0.6299470663070679,379.23046875,47.18717956542969,403.47442626953125,65.79218292236328
fast,C:\Users\Light\Videos\高速运动.mp4,1231,True,0.6338214874267578,379.1964111328125,47.16275405883789,403.4415283203125,65.79312896728516
fast,C:\Users\Light\Videos\高速运动.mp4,1232,True,0.5037599802017212,382.69415283203125,47.24921417236328,407.5916442871094,65.86991119384766
fast,C:\Users\Light\Videos\高速运动.mp4,1233,True,0.44525346159935,386.34918212890625,47.24020767211914,411.9948425292969,65.98107147216797
fast,C:\Users\Light\Videos\高速运动.mp4,1234,True,0.019994035363197327,396.01300048828125,36.561805725097656,424.5335693359375,57.37907791137695
fast,C:\Users\Light\Videos\高速运动.mp4,1235,True,0.1342596709728241,397.9989929199219,39.357688903808594,424.2419738769531,59.295494079589844
fast,C:\Users\Light\Videos\高速运动.mp4,1236,True,0.13060206174850464,397.9230041503906,39.34143829345703,424.2059631347656,59.24603271484375
fast,C:\Users\Light\Videos\高速运动.mp4,1237,True,0.053230371326208115,397.56927490234375,37.08631896972656,425.1084289550781,57.111263275146484
fast,C:\Users\Light\Videos\高速运动.mp4,1238,True,0.05486723780632019,397.5908203125,37.05398178100586,425.09906005859375,57.09250259399414
fast,C:\Users\Light\Videos\高速运动.mp4,1239,True,0.013585307635366917,395.2862243652344,36.323123931884766,424.4575500488281,57.404537200927734
fast,C:\Users\Light\Videos\高速运动.mp4,1240,True,0.005831084214150906,394.2929992675781,35.20499801635742,424.2527770996094,56.6912956237793
fast,C:\Users\Light\Videos\高速运动.mp4,1241,True,0.005831650458276272,394.291748046875,35.2119255065918,424.2512512207031,56.697906494140625
fast,C:\Users\Light\Videos\高速运动.mp4,1242,True,0.010414395481348038,394.9540100097656,35.26842498779297,424.11260986328125,56.52455520629883
fast,C:\Users\Light\Videos\高速运动.mp4,1243,True,0.01984785869717598,395.65472412109375,35.93785095214844,424.23834228515625,56.80088806152344
fast,C:\Users\Light\Videos\高速运动.mp4,1244,True,0.019614003598690033,395.6229248046875,35.94542694091797,424.2221374511719,56.81621551513672
fast,C:\Users\Light\Videos\高速运动.mp4,1245,True,0.030519595369696617,397.4034729003906,35.0971794128418,425.07684326171875,55.558380126953125
fast,C:\Users\Light\Videos\高速运动.mp4,1246,True,0.17218799889087677,398.5794982910156,40.46209716796875,424.4666442871094,60.704742431640625
fast,C:\Users\Light\Videos\高速运动.mp4,1247,True,0.17220444977283478,398.5803527832031,40.46402359008789,424.46759033203125,60.708194732666016
fast,C:\Users\Light\Videos\高速运动.mp4,1248,True,0.11219049990177155,399.73358154296875,36.55790328979492,425.57269287109375,56.925785064697266
fast,C:\Users\Light\Videos\高速运动.mp4,1249,True,0.09153007715940475,398.9267272949219,36.43600845336914,425.1685485839844,56.66946792602539
fast,C:\Users\Light\Videos\高速运动.mp4,1250,True,0.08912584185600281,398.8629150390625,36.2767333984375,425.1531982421875,56.49441146850586
fast,C:\Users\Light\Videos\高速运动.mp4,1251,True,0.08645053207874298,398.94268798828125,35.58348083496094,425.3203125,55.922584533691406
fast,C:\Users\Light\Videos\高速运动.mp4,1252,True,0.0857090950012207,398.8990783691406,35.59762191772461,425.30206298828125,55.934757232666016
fast,C:\Users\Light\Videos\高速运动.mp4,1253,True,0.10250004380941391,400.6865539550781,35.367591857910156,428.2497253417969,57.856529235839844
fast,C:\Users\Light\Videos\高速运动.mp4,1254,True,0.08204585313796997,398.8724365234375,35.15502166748047,425.3212585449219,55.4785270690918
fast,C:\Users\Light\Videos\高速运动.mp4,1255,True,0.08338520675897598,398.9265441894531,35.181983947753906,425.3355407714844,55.516605377197266
fast,C:\Users\Light\Videos\高速运动.mp4,1256,True,0.09375075995922089,399.5469970703125,34.93263244628906,425.69189453125,55.30033493041992
fast,C:\Users\Light\Videos\高速运动.mp4,1257,True,0.08580984175205231,399.37835693359375,34.540367126464844,425.67889404296875,54.864906311035156
fast,C:\Users\Light\Videos\高速运动.mp4,1258,True,0.07611428201198578,398.8285217285156,34.95813751220703,425.3973693847656,55.23543167114258
fast,C:\Users\Light\Videos\高速运动.mp4,1259,True,0.10962309688329697,401.32672119140625,34.875911712646484,428.51507568359375,57.07018280029297
fast,C:\Users\Light\Videos\高速运动.mp4,1260,True,0.10958248376846313,401.3279724121094,34.87624740600586,428.5146484375,57.06930923461914
fast,C:\Users\Light\Videos\高速运动.mp4,1261,True,0.10170039534568787,400.6968688964844,35.42879867553711,428.2003479003906,57.7940673828125
fast,C:\Users\Light\Videos\高速运动.mp4,1262,True,0.1015329360961914,400.69378662109375,35.436798095703125,428.20172119140625,57.8031005859375
fast,C:\Users\Light\Videos\高速运动.mp4,1263,True,0.13068944215774536,400.01519775390625,35.9705924987793,427.8562927246094,58.33232116699219
fast,C:\Users\Light\Videos\高速运动.mp4,1264,True,0.13057580590248108,400.501708984375,35.368736267089844,428.17596435546875,57.5323486328125
fast,C:\Users\Light\Videos\高速运动.mp4,1265,True,0.1321144849061966,400.4809265136719,35.3796501159668,428.16888427734375,57.54500961303711
fast,C:\Users\Light\Videos\高速运动.mp4,1266,True,0.07386898994445801,398.9617004394531,34.70112609863281,425.474853515625,54.95573806762695
fast,C:\Users\Light\Videos\高速运动.mp4,1267,True,0.09912241250276566,400.7479553222656,35.429134368896484,428.4271545410156,57.75751495361328
fast,C:\Users\Light\Videos\高速运动.mp4,1268,True,0.09633992612361908,400.7613220214844,35.44408416748047,428.4392395019531,57.79680252075195
fast,C:\Users\Light\Videos\高速运动.mp4,1269,True,0.1414058655500412,400.11175537109375,35.90214920043945,427.89984130859375,58.213722229003906
fast,C:\Users\Light\Videos\高速运动.mp4,1270,True,0.09810730814933777,399.7025146484375,35.227027893066406,425.7499694824219,55.605220794677734
fast,C:\Users\Light\Videos\高速运动.mp4,1271,True,0.09779924154281616,399.7235412597656,35.1340217590332,425.7690124511719,55.50544357299805
fast,C:\Users\Light\Videos\高速运动.mp4,1272,True,0.12853866815567017,399.9926452636719,36.045021057128906,427.9612121582031,58.47945022583008
fast,C:\Users\Light\Videos\高速运动.mp4,1273,True,0.12297958880662918,397.89093017578125,39.362796783447266,424.2462158203125,59.27482986450195
fast,C:\Users\Light\Videos\高速运动.mp4,1274,True,0.09397765249013901,399.14923095703125,35.835296630859375,425.34039306640625,56.22357177734375
fast,C:\Users\Light\Videos\高速运动.mp4,1275,True,0.09503784775733948,399.4854431152344,35.48137664794922,425.65435791015625,55.862972259521484
fast,C:\Users\Light\Videos\高速运动.mp4,1276,True,0.09571047127246857,399.51055908203125,35.507328033447266,425.6670227050781,55.88982009887695
fast,C:\Users\Light\Videos\高速运动.mp4,1277,True,0.09196110814809799,399.3807067871094,35.34437561035156,425.5766906738281,55.69472885131836
fast,C:\Users\Light\Videos\高速运动.mp4,1278,True,0.1335652470588684,400.251953125,35.789554595947266,428.0158386230469,58.17544174194336
fast,C:\Users\Light\Videos\高速运动.mp4,1279,True,0.1352100372314453,400.23211669921875,35.807373046875,428.0078430175781,58.19316864013672
fast,C:\Users\Light\Videos\高速运动.mp4,1280,True,0.10376384854316711,400.6044921875,35.481689453125,428.2886962890625,57.991512298583984
fast,C:\Users\Light\Videos\高速运动.mp4,1281,True,0.14956340193748474,400.3973693847656,35.26925277709961,427.9324035644531,57.41502380371094
fast,C:\Users\Light\Videos\高速运动.mp4,1282,True,0.09071691334247589,399.42254638671875,34.73747634887695,425.6209716796875,55.073577880859375
fast,C:\Users\Light\Videos\高速运动.mp4,1283,True,0.09085659682750702,399.4251708984375,34.737701416015625,425.6205139160156,55.07384490966797
fast,C:\Users\Light\Videos\高速运动.mp4,1284,True,0.07750164717435837,399.0235595703125,34.72629165649414,425.50830078125,55.00529098510742
fast,C:\Users\Light\Videos\高速运动.mp4,1285,True,0.10202431678771973,400.5775451660156,35.505714416503906,428.13714599609375,57.9224853515625
fast,C:\Users\Light\Videos\高速运动.mp4,1286,True,0.10108370333909988,400.57135009765625,35.5228385925293,428.14727783203125,57.9603157043457
fast,C:\Users\Light\Videos\高速运动.mp4,1287,True,0.10309478640556335,399.7986145019531,35.78738021850586,425.8379211425781,56.2221794128418
fast,C:\Users\Light\Videos\高速运动.mp4,1288,True,0.1075163260102272,399.800048828125,36.28327560424805,425.77374267578125,56.726280212402344
fast,C:\Users\Light\Videos\高速运动.mp4,1289,True,0.10977211594581604,399.8656311035156,36.34484100341797,425.8200378417969,56.807655334472656
fast,C:\Users\Light\Videos\高速运动.mp4,1290,True,0.09589950740337372,399.5227966308594,35.608917236328125,425.6665954589844,55.981327056884766
fast,C:\Users\Light\Videos\高速运动.mp4,1291,True,0.06570880860090256,398.4800720214844,35.17277145385742,425.35406494140625,55.43984603881836
fast,C:\Users\Light\Videos\高速运动.mp4,1292,True,0.06559162586927414,398.4524230957031,35.224117279052734,425.3406677246094,55.487606048583984
fast,C:\Users\Light\Videos\高速运动.mp4,1293,True,0.1010051816701889,399.5511169433594,36.306941986083984,425.6166687011719,56.72193145751953
fast,C:\Users\Light\Videos\高速运动.mp4,1294,True,0.08238345384597778,398.76800537109375,35.45008850097656,425.2243347167969,55.73908233642578
fast,C:\Users\Light\Videos\高速运动.mp4,1295,True,0.08281167596578598,398.78118896484375,35.46004104614258,425.2262268066406,55.75297546386719
fast,C:\Users\Light\Videos\高速运动.mp4,1296,True,0.1032484844326973,400.69000244140625,35.619117736816406,428.196533203125,57.879859924316406
fast,C:\Users\Light\Videos\高速运动.mp4,1297,True,0.10327094793319702,400.674560546875,35.61900329589844,428.19219970703125,57.88351058959961
fast,C:\Users\Light\Videos\高速运动.mp4,1298,True,0.10413921624422073,400.2788391113281,35.579986572265625,427.6298522949219,57.9144172668457
fast,C:\Users\Light\Videos\高速运动.mp4,1299,True,0.16550347208976746,400.42059326171875,35.38655471801758,428.0422058105469,57.55971145629883
fast,C:\Users\Light\Videos\高速运动.mp4,1300,True,0.16537468135356903,400.4232177734375,35.389129638671875,428.045654296875,57.553863525390625
fast,C:\Users\Light\Videos\高速运动.mp4,1301,True,0.0837763249874115,398.9949951171875,35.42458724975586,425.4404602050781,55.75862503051758
fast,C:\Users\Light\Videos\高速运动.mp4,1302,True,0.08518767356872559,399.3133850097656,34.70164108276367,425.6416015625,55.025909423828125
fast,C:\Users\Light\Videos\高速运动.mp4,1303,True,0.08530091494321823,399.321044921875,34.68714141845703,425.6429748535156,55.01087188720703
fast,C:\Users\Light\Videos\高速运动.mp4,1304,True,0.09852036833763123,399.4965515136719,36.11514663696289,425.6232604980469,56.520992279052734
fast,C:\Users\Light\Videos\高速运动.mp4,1305,True,0.09855344891548157,399.4959716796875,36.12160110473633,425.6240234375,56.53040313720703
fast,C:\Users\Light\Videos\高速运动.mp4,1306,True,0.09674254059791565,399.4593505859375,35.809566497802734,425.5736083984375,56.18636703491211
fast,C:\Users\Light\Videos\高速运动.mp4,1307,True,0.09516414254903793,399.4088134765625,35.717838287353516,425.54803466796875,56.08737564086914
fast,C:\Users\Light\Videos\高速运动.mp4,1308,True,0.09365012496709824,399.6307678222656,34.99527359008789,425.7672424316406,55.3406982421875
fast,C:\Users\Light\Videos\高速运动.mp4,1309,True,0.09414161741733551,399.505126953125,35.355220794677734,425.647705078125,55.68531799316406
fast,C:\Users\Light\Videos\高速运动.mp4,1310,True,0.09442967921495438,399.5156555175781,35.370304107666016,425.6531982421875,55.70371627807617
fast,C:\Users\Light\Videos\高速运动.mp4,1311,True,0.09727810323238373,399.65728759765625,35.28489685058594,425.7798767089844,55.69585037231445
fast,C:\Users\Light\Videos\高速运动.mp4,1312,True,0.09499001502990723,399.5347595214844,35.69800567626953,425.6680908203125,56.066734313964844
fast,C:\Users\Light\Videos\高速运动.mp4,1313,True,0.09522565454244614,399.54425048828125,35.70264434814453,425.67291259765625,56.072540283203125
fast,C:\Users\Light\Videos\高速运动.mp4,1314,True,0.13288815319538116,397.6901550292969,39.39372634887695,423.9997253417969,59.388187408447266
fast,C:\Users\Light\Videos\高速运动.mp4,1315,True,0.17587316036224365,400.17572021484375,35.60078430175781,427.92095947265625,57.78949737548828
fast,C:\Users\Light\Videos\高速运动.mp4,1316,True,0.17327876389026642,400.1712341308594,35.627586364746094,427.92364501953125,57.82046890258789
fast,C:\Users\Light\Videos\高速运动.mp4,1317,True,0.1238526850938797,400.65142822265625,35.26221466064453,428.3000183105469,57.56544876098633
fast,C:\Users\Light\Videos\高速运动.mp4,1318,True,0.1263611912727356,400.6517639160156,35.25062942504883,428.29949951171875,57.5414924621582
fast,C:\Users\Light\Videos\高速运动.mp4,1319,True,0.10704444348812103,399.86279296875,36.1276969909668,425.84625244140625,56.5938720703125
fast,C:\Users\Light\Videos\高速运动.mp4,1320,True,0.1316625475883484,400.5252380371094,35.46553039550781,428.1681213378906,57.7457275390625
fast,C:\Users\Light\Videos\高速运动.mp4,1321,True,0.13685950636863708,400.4723815917969,35.49134826660156,428.1462097167969,57.769168853759766
fast,C:\Users\Light\Videos\高速运动.mp4,1322,True,0.16440169513225555,400.56182861328125,35.38655471801758,428.12384033203125,57.44931411743164
empty,C:\Users\Light\Videos\空轨道.mp4,0,False,0.010519224219024181,27.22332763671875,46.30146408081055,54.5849609375,62.825347900390625
empty,C:\Users\Light\Videos\空轨道.mp4,1,False,0.010497409850358963,27.22284698486328,46.30413055419922,54.58562469482422,62.83169174194336
empty,C:\Users\Light\Videos\空轨道.mp4,2,False,0.006149122025817633,27.42841339111328,46.642852783203125,54.72135543823242,63.161495208740234
empty,C:\Users\Light\Videos\空轨道.mp4,3,False,0.003510653041303158,27.261077880859375,46.97452163696289,54.37055587768555,63.3983154296875
empty,C:\Users\Light\Videos\空轨道.mp4,4,False,0.003288065083324909,27.301143646240234,46.95930099487305,54.3709602355957,63.35763931274414
empty,C:\Users\Light\Videos\空轨道.mp4,5,False,0.004078639671206474,27.141122817993164,46.927635192871094,54.263397216796875,63.40938949584961
empty,C:\Users\Light\Videos\空轨道.mp4,6,False,0.0042166803032159805,27.121490478515625,46.913246154785156,54.24771499633789,63.380924224853516
empty,C:\Users\Light\Videos\空轨道.mp4,7,False,0.0108100026845932,27.17315101623535,46.078895568847656,54.44392013549805,62.61143112182617
empty,C:\Users\Light\Videos\空轨道.mp4,8,False,0.004246552940458059,18.008895874023438,50.233802795410156,48.687171936035156,69.36103820800781
empty,C:\Users\Light\Videos\空轨道.mp4,9,False,0.0041372100822627544,17.99501609802246,50.22707748413086,48.71897888183594,69.366455078125
empty,C:\Users\Light\Videos\空轨道.mp4,10,False,0.003264398779720068,245.98826599121094,0.0,343.3252868652344,101.92147064208984
empty,C:\Users\Light\Videos\空轨道.mp4,11,False,0.005558222532272339,16.977869033813477,38.870330810546875,47.20335006713867,58.3679313659668
empty,C:\Users\Light\Videos\空轨道.mp4,12,False,0.005638448521494865,16.995441436767578,38.887855529785156,47.195518493652344,58.3802604675293
empty,C:\Users\Light\Videos\空轨道.mp4,13,False,0.006141540128737688,21.46662139892578,46.33541488647461,48.917503356933594,63.229671478271484
empty,C:\Users\Light\Videos\空轨道.mp4,14,False,0.006167646497488022,21.470722198486328,46.350364685058594,48.91986846923828,63.2572135925293
empty,C:\Users\Light\Videos\空轨道.mp4,15,False,0.015195789746940136,21.41550636291504,45.0470085144043,48.873653411865234,61.84185028076172
empty,C:\Users\Light\Videos\空轨道.mp4,16,False,0.01442420482635498,21.46170997619629,45.04636001586914,48.8907470703125,61.82775115966797
empty,C:\Users\Light\Videos\空轨道.mp4,17,False,0.01191200502216816,16.748605728149414,39.383148193359375,45.90085220336914,58.52799606323242
empty,C:\Users\Light\Videos\空轨道.mp4,18,False,0.015296662226319313,16.982759475708008,39.29789352416992,45.85480499267578,58.383575439453125
empty,C:\Users\Light\Videos\空轨道.mp4,19,False,0.01529645174741745,16.995542526245117,39.2841796875,45.8604736328125,58.3665885925293
empty,C:\Users\Light\Videos\空轨道.mp4,20,False,0.004801365081220865,245.20909118652344,0.0,344.1746520996094,100.29238891601562
empty,C:\Users\Light\Videos\空轨道.mp4,21,False,0.003949182108044624,15.183097839355469,44.9953498840332,41.87601852416992,60.27859115600586
empty,C:\Users\Light\Videos\空轨道.mp4,22,False,0.0039521921426057816,15.184481620788574,44.99460983276367,41.87948989868164,60.27345657348633
empty,C:\Users\Light\Videos\空轨道.mp4,23,False,0.003982629161328077,13.55208683013916,37.85175704956055,45.18149948120117,57.47580337524414
empty,C:\Users\Light\Videos\空轨道.mp4,24,False,0.004242612048983574,245.3372802734375,0.0,344.0516357421875,100.84388732910156
empty,C:\Users\Light\Videos\空轨道.mp4,25,False,0.00426377123221755,245.3305206298828,0.0,344.0596618652344,100.82611846923828
empty,C:\Users\Light\Videos\空轨道.mp4,26,False,0.0038897886406630278,245.5171356201172,0.0,343.86163330078125,101.0760269165039
empty,C:\Users\Light\Videos\空轨道.mp4,27,False,0.0038993253838270903,245.51637268066406,0.0,343.8628845214844,101.06414794921875
empty,C:\Users\Light\Videos\空轨道.mp4,28,False,0.005394718609750271,245.0304718017578,0.0,344.2034606933594,100.06245422363281
empty,C:\Users\Light\Videos\空轨道.mp4,29,False,0.003812005976215005,245.64199829101562,0.0,343.7053527832031,101.20065307617188
empty,C:\Users\Light\Videos\空轨道.mp4,30,False,0.003946829121559858,245.5611572265625,0.0,343.8024597167969,101.07842254638672
empty,C:\Users\Light\Videos\空轨道.mp4,31,False,0.004010605160146952,245.4498748779297,0.0,343.9282531738281,101.04377746582031
empty,C:\Users\Light\Videos\空轨道.mp4,32,False,0.005497029051184654,244.98886108398438,0.0,344.23297119140625,99.98517608642578
empty,C:\Users\Light\Videos\空轨道.mp4,33,False,0.005429020617157221,245.00784301757812,0.0,344.238525390625,99.96066284179688
empty,C:\Users\Light\Videos\空轨道.mp4,34,False,0.005587268155068159,244.90505981445312,0.0,344.2926025390625,100.0711669921875
empty,C:\Users\Light\Videos\空轨道.mp4,35,False,0.004816087428480387,245.21218872070312,0.0,344.1746826171875,100.27045440673828
empty,C:\Users\Light\Videos\空轨道.mp4,36,False,0.004825444892048836,245.209228515625,0.0,344.1756286621094,100.26964569091797
empty,C:\Users\Light\Videos\空轨道.mp4,37,False,0.004878074862062931,245.16366577148438,0.0,344.1845397949219,100.20453643798828
empty,C:\Users\Light\Videos\空轨道.mp4,38,False,0.003951239865273237,245.5034942626953,0.0,343.8984069824219,101.09158325195312
empty,C:\Users\Light\Videos\空轨道.mp4,39,False,0.004441121127456427,245.3946075439453,0.0,343.9870300292969,100.69774627685547
empty,C:\Users\Light\Videos\空轨道.mp4,40,False,0.004397014621645212,245.4195098876953,0.0,343.9657897949219,100.73833465576172
empty,C:\Users\Light\Videos\空轨道.mp4,41,False,0.00964911188930273,358.08441162109375,14.64406681060791,465.3811340332031,109.0
empty,C:\Users\Light\Videos\空轨道.mp4,42,False,0.009574727155268192,357.7649841308594,15.689064025878906,466.03265380859375,109.0
empty,C:\Users\Light\Videos\空轨道.mp4,43,False,0.009575622156262398,357.7719421386719,15.68919849395752,466.0274658203125,109.0
empty,C:\Users\Light\Videos\空轨道.mp4,44,False,0.004369746427983046,245.37905883789062,0.0,344.02667236328125,100.6528549194336
empty,C:\Users\Light\Videos\空轨道.mp4,45,False,0.0054387664422392845,245.06243896484375,0.0,344.16748046875,100.06771850585938
empty,C:\Users\Light\Videos\空轨道.mp4,46,False,0.005449166987091303,245.05633544921875,0.0,344.1706848144531,100.06639862060547
empty,C:\Users\Light\Videos\空轨道.mp4,47,False,0.003744117682799697,245.54429626464844,0.0,343.7795104980469,101.30542755126953
empty,C:\Users\Light\Videos\空轨道.mp4,48,False,0.004393528215587139,245.3456268310547,0.0,344.0534362792969,100.68098449707031
empty,C:\Users\Light\Videos\空轨道.mp4,49,False,0.004371981136500835,245.35926818847656,0.0,344.041015625,100.70500946044922
empty,C:\Users\Light\Videos\空轨道.mp4,50,False,0.005433342419564724,245.0353546142578,0.0,344.2171325683594,100.03035736083984
empty,C:\Users\Light\Videos\空轨道.mp4,51,False,0.005450120195746422,245.0262451171875,0.0,344.2216796875,100.02737426757812
empty,C:\Users\Light\Videos\空轨道.mp4,52,False,0.00462648831307888,245.24685668945312,0.0,344.1598815917969,100.49335479736328
empty,C:\Users\Light\Videos\空轨道.mp4,53,False,0.0050691342912614346,245.12655639648438,0.0,344.1809387207031,100.15846252441406
empty,C:\Users\Light\Videos\空轨道.mp4,54,False,0.004864545073360205,245.203125,0.0,344.1479797363281,100.26166534423828
empty,C:\Users\Light\Videos\空轨道.mp4,55,False,0.00440968107432127,245.3031768798828,0.0,344.0954284667969,100.63004302978516
empty,C:\Users\Light\Videos\空轨道.mp4,56,False,0.004636174067854881,245.22325134277344,0.0,344.1783752441406,100.31825256347656
empty,C:\Users\Light\Videos\空轨道.mp4,57,False,0.004586256109178066,245.2384490966797,0.0,344.1653747558594,100.36878967285156
empty,C:\Users\Light\Videos\空轨道.mp4,58,False,0.005933594889938831,244.8425750732422,0.0,344.20782470703125,100.2037353515625
empty,C:\Users\Light\Videos\空轨道.mp4,59,False,0.004628544673323631,245.29095458984375,0.0,344.14117431640625,100.33914184570312
empty,C:\Users\Light\Videos\空轨道.mp4,60,False,0.004678552038967609,245.2880859375,0.0,344.1355285644531,100.3102798461914
empty,C:\Users\Light\Videos\空轨道.mp4,61,False,0.0047693876549601555,245.15609741210938,0.0,344.2205505371094,100.26428985595703
empty,C:\Users\Light\Videos\空轨道.mp4,62,False,0.0034694946371018887,245.7799530029297,0.0,343.5241394042969,101.45636749267578
empty,C:\Users\Light\Videos\空轨道.mp4,63,False,0.005295717157423496,245.05526733398438,0.0,344.2203063964844,100.03963470458984
empty,C:\Users\Light\Videos\空轨道.mp4,64,False,0.0052690147422254086,245.06593322753906,0.0,344.21539306640625,100.04595947265625
empty,C:\Users\Light\Videos\空轨道.mp4,65,False,0.0050413887947797775,245.19895935058594,0.0,344.1305236816406,100.17768859863281
empty,C:\Users\Light\Videos\空轨道.mp4,66,False,0.0062196627259254456,244.64926147460938,0.0,344.2833251953125,100.18739318847656
empty,C:\Users\Light\Videos\空轨道.mp4,67,False,0.006258225999772549,244.62637329101562,0.0,344.2924499511719,100.19539642333984
empty,C:\Users\Light\Videos\空轨道.mp4,68,False,0.0062601035460829735,244.6785430908203,0.0,344.2613830566406,100.24256896972656
empty,C:\Users\Light\Videos\空轨道.mp4,69,False,0.0051383934915065765,245.1156768798828,0.0,344.1887512207031,100.16646575927734
empty,C:\Users\Light\Videos\空轨道.mp4,70,False,0.005133982747793198,245.11709594726562,0.0,344.1885681152344,100.16893005371094
empty,C:\Users\Light\Videos\空轨道.mp4,71,False,0.004569775424897671,245.36740112304688,0.0,344.03668212890625,100.58216857910156
empty,C:\Users\Light\Videos\空轨道.mp4,72,False,0.004570729099214077,245.36962890625,0.0,344.0352783203125,100.58582305908203
empty,C:\Users\Light\Videos\空轨道.mp4,73,False,0.0049819340929389,245.15951538085938,0.0,344.18499755859375,100.22428131103516
empty,C:\Users\Light\Videos\空轨道.mp4,74,False,0.004582172725349665,245.2469940185547,0.0,344.1535949707031,100.48394012451172
empty,C:\Users\Light\Videos\空轨道.mp4,75,False,0.004592424724251032,245.2445068359375,0.0,344.1562805175781,100.46842956542969
empty,C:\Users\Light\Videos\空轨道.mp4,76,False,0.0051761227659881115,245.1040802001953,0.0,344.17474365234375,100.17533874511719
empty,C:\Users\Light\Videos\空轨道.mp4,77,False,0.005559761077165604,245.0345916748047,0.0,344.1790771484375,100.10758972167969
empty,C:\Users\Light\Videos\空轨道.mp4,78,False,0.005558867007493973,245.03578186035156,0.0,344.1778869628906,100.10723114013672
empty,C:\Users\Light\Videos\空轨道.mp4,79,False,0.005139615386724472,245.140380859375,0.0,344.1781311035156,100.14846801757812
empty,C:\Users\Light\Videos\空轨道.mp4,80,False,0.0051085022278130054,245.1187286376953,0.0,344.1690368652344,100.19676208496094
empty,C:\Users\Light\Videos\空轨道.mp4,81,False,0.0051255193538963795,245.1099853515625,0.0,344.1755065917969,100.18965911865234
empty,C:\Users\Light\Videos\空轨道.mp4,82,False,0.005043415352702141,245.15248107910156,0.0,344.17218017578125,100.15377807617188
empty,C:\Users\Light\Videos\空轨道.mp4,83,False,0.0049741556867957115,245.17637634277344,0.0,344.16278076171875,100.19871520996094
empty,C:\Users\Light\Videos\空轨道.mp4,84,False,0.004186226986348629,245.43890380859375,0.0,343.9579772949219,100.94371032714844
empty,C:\Users\Light\Videos\空轨道.mp4,85,False,0.004758808296173811,245.31138610839844,0.0,344.0848693847656,100.36197662353516
empty,C:\Users\Light\Videos\空轨道.mp4,86,False,0.0039007854647934437,245.61073303222656,0.0,343.7757873535156,101.2847671508789
empty,C:\Users\Light\Videos\空轨道.mp4,87,False,0.004275841172784567,245.58912658691406,0.0,343.87152099609375,100.73246002197266
empty,C:\Users\Light\Videos\空轨道.mp4,88,False,0.004280609078705311,245.58570861816406,0.0,343.8747253417969,100.72734832763672
empty,C:\Users\Light\Videos\空轨道.mp4,89,False,0.004110083449631929,245.490966796875,0.0,343.8978271484375,101.03034973144531
empty,C:\Users\Light\Videos\空轨道.mp4,90,False,0.005125757772475481,245.13172912597656,0.0,344.18328857421875,100.24344635009766
empty,C:\Users\Light\Videos\空轨道.mp4,91,False,0.005127396434545517,245.13192749023438,0.0,344.1832275390625,100.24299621582031
empty,C:\Users\Light\Videos\空轨道.mp4,92,False,0.0035986853763461113,245.7119598388672,0.0,343.62548828125,101.36246490478516
empty,C:\Users\Light\Videos\空轨道.mp4,93,False,0.0050946446135640144,245.1114959716797,0.0,344.1973876953125,100.18370056152344
empty,C:\Users\Light\Videos\空轨道.mp4,94,False,0.0051072207279503345,245.10385131835938,0.0,344.20367431640625,100.17618560791016
empty,C:\Users\Light\Videos\空轨道.mp4,95,False,0.0037394387181848288,245.6143798828125,0.0,343.717529296875,101.36710357666016
empty,C:\Users\Light\Videos\空轨道.mp4,96,False,0.0037591077852994204,245.59744262695312,0.0,343.73779296875,101.34164428710938
empty,C:\Users\Light\Videos\空轨道.mp4,97,False,0.004806669428944588,245.23147583007812,0.0,344.12200927734375,100.37464141845703
empty,C:\Users\Light\Videos\空轨道.mp4,98,False,0.004281801171600819,245.43905639648438,0.0,343.9824523925781,100.8490219116211
empty,C:\Users\Light\Videos\空轨道.mp4,99,False,0.004325579851865768,245.4127197265625,0.0,344.00714111328125,100.80460357666016
empty,C:\Users\Light\Videos\空轨道.mp4,100,False,0.0046433559618890285,245.2801971435547,0.0,344.1112365722656,100.49895477294922
empty,C:\Users\Light\Videos\空轨道.mp4,101,False,0.004538364242762327,245.32574462890625,0.0,344.07659912109375,100.54476928710938
empty,C:\Users\Light\Videos\空轨道.mp4,102,False,0.00450942711904645,245.3431396484375,0.0,344.0621032714844,100.57441711425781
empty,C:\Users\Light\Videos\空轨道.mp4,103,False,0.0031646520365029573,246.1024169921875,0.0,343.2093811035156,102.00932312011719
empty,C:\Users\Light\Videos\空轨道.mp4,104,False,0.003971802536398172,245.51283264160156,0.0,343.87628173828125,101.09059143066406
empty,C:\Users\Light\Videos\空轨道.mp4,105,False,0.003953743260353804,245.5215301513672,0.0,343.8685607910156,101.10749053955078
empty,C:\Users\Light\Videos\空轨道.mp4,106,False,0.005784645676612854,244.95639038085938,0.0,344.16455078125,100.14672088623047
empty,C:\Users\Light\Videos\空轨道.mp4,107,False,0.005782976746559143,244.95701599121094,0.0,344.1649169921875,100.14952087402344
empty,C:\Users\Light\Videos\空轨道.mp4,108,False,0.006088236812502146,244.801513671875,0.0,344.1863098144531,100.20182800292969
empty,C:\Users\Light\Videos\空轨道.mp4,109,False,0.004128202795982361,245.46339416503906,0.0,343.9156799316406,100.83496856689453
empty,C:\Users\Light\Videos\空轨道.mp4,110,False,0.004710410255938768,245.31643676757812,0.0,344.04931640625,100.47771453857422
empty,C:\Users\Light\Videos\空轨道.mp4,111,False,0.0029123802669346333,246.38768005371094,0.0,343.04473876953125,102.67523193359375
empty,C:\Users\Light\Videos\空轨道.mp4,112,False,0.0029687057249248028,246.30752563476562,0.0,343.09808349609375,102.54271697998047
empty,C:\Users\Light\Videos\空轨道.mp4,113,False,0.00480053061619401,245.27430725097656,0.0,344.0954284667969,100.32219696044922
empty,C:\Users\Light\Videos\空轨道.mp4,114,False,0.004264367278665304,245.48817443847656,0.0,343.9436950683594,100.85164642333984
empty,C:\Users\Light\Videos\空轨道.mp4,115,False,0.004271042533218861,245.47984313964844,0.0,343.9495544433594,100.84236907958984
empty,C:\Users\Light\Videos\空轨道.mp4,116,False,0.0056396303698420525,244.94674682617188,0.0,344.2235107421875,100.16536712646484
empty,C:\Users\Light\Videos\空轨道.mp4,117,False,0.005640523973852396,244.94503784179688,0.0,344.224365234375,100.168701171875
empty,C:\Users\Light\Videos\空轨道.mp4,118,False,0.0051178899593651295,245.16539001464844,0.0,344.1143493652344,100.23219299316406
empty,C:\Users\Light\Videos\空轨道.mp4,119,False,0.005647646728903055,244.9838104248047,0.0,344.165283203125,100.18331909179688
empty,C:\Users\Light\Videos\空轨道.mp4,120,False,0.005579788237810135,245.0021514892578,0.0,344.1711120605469,100.16451263427734
empty,C:\Users\Light\Videos\空轨道.mp4,121,False,0.0037702538538724184,245.64488220214844,0.0,343.7334899902344,101.31327056884766
empty,C:\Users\Light\Videos\空轨道.mp4,122,False,0.005300396122038364,245.05767822265625,0.0,344.2279052734375,100.08010864257812
empty,C:\Users\Light\Videos\空轨道.mp4,123,False,0.005237782374024391,245.08009338378906,0.0,344.2188415527344,100.10857391357422
empty,C:\Users\Light\Videos\空轨道.mp4,124,False,0.0034205003175884485,245.9279327392578,0.0,343.3950500488281,101.65630340576172
empty,C:\Users\Light\Videos\空轨道.mp4,125,False,0.005782857537269592,244.8892822265625,0.0,344.208984375,100.18801879882812
empty,C:\Users\Light\Videos\空轨道.mp4,126,False,0.005770788062363863,244.8934326171875,0.0,344.20941162109375,100.18609619140625
empty,C:\Users\Light\Videos\空轨道.mp4,127,False,0.005879505071789026,244.93309020996094,0.0,344.15472412109375,100.21442413330078
empty,C:\Users\Light\Videos\空轨道.mp4,128,False,0.005880190525203943,244.9329833984375,0.0,344.1549987792969,100.216552734375
empty,C:\Users\Light\Videos\空轨道.mp4,129,False,0.0061530256643891335,244.74082946777344,0.0,344.2502136230469,100.27959442138672
empty,C:\Users\Light\Videos\空轨道.mp4,130,False,0.005904150661081076,244.88327026367188,0.0,344.2002258300781,100.16034698486328
empty,C:\Users\Light\Videos\空轨道.mp4,131,False,0.005913896020501852,244.87669372558594,0.0,344.2041320800781,100.16310119628906
empty,C:\Users\Light\Videos\空轨道.mp4,132,False,0.0046655284240841866,245.2987823486328,0.0,344.12396240234375,100.41587829589844
empty,C:\Users\Light\Videos\空轨道.mp4,133,False,0.004624133929610252,245.42103576660156,0.0,344.003173828125,100.4706039428711
empty,C:\Users\Light\Videos\空轨道.mp4,134,False,0.004749688785523176,245.35508728027344,0.0,344.03460693359375,100.38228607177734
empty,C:\Users\Light\Videos\空轨道.mp4,135,False,0.00357332406565547,245.8342742919922,0.0,343.5347595214844,101.52862548828125
empty,C:\Users\Light\Videos\空轨道.mp4,136,False,0.0035708798095583916,245.83248901367188,0.0,343.5353698730469,101.53023529052734
empty,C:\Users\Light\Videos\空轨道.mp4,137,False,0.004066572990268469,245.6616668701172,0.0,343.7267761230469,101.10592651367188
empty,C:\Users\Light\Videos\空轨道.mp4,138,False,0.004248065873980522,245.54615783691406,0.0,343.8865661621094,100.81973266601562
empty,C:\Users\Light\Videos\空轨道.mp4,139,False,0.004280043300241232,245.54156494140625,0.0,343.891845703125,100.79938507080078
empty,C:\Users\Light\Videos\空轨道.mp4,140,False,0.00419323006644845,245.39718627929688,0.0,343.99310302734375,100.83358001708984
empty,C:\Users\Light\Videos\空轨道.mp4,141,False,0.0041895643807947636,245.39932250976562,0.0,343.9911804199219,100.84201049804688
empty,C:\Users\Light\Videos\空轨道.mp4,142,False,0.0051948982290923595,245.1525421142578,0.0,344.1366882324219,100.0815200805664
empty,C:\Users\Light\Videos\空轨道.mp4,143,False,0.0052239843644201756,245.20684814453125,0.0,344.0635681152344,100.07831573486328
empty,C:\Users\Light\Videos\空轨道.mp4,144,False,0.005210335832089186,245.21267700195312,0.0,344.0607604980469,100.08528900146484
empty,C:\Users\Light\Videos\空轨道.mp4,145,False,0.004009502474218607,245.5608673095703,0.0,343.86712646484375,101.00206756591797
empty,C:\Users\Light\Videos\空轨道.mp4,146,False,0.00357806240208447,245.83665466308594,0.0,343.51910400390625,101.4582290649414
empty,C:\Users\Light\Videos\空轨道.mp4,147,False,0.0034119472838938236,245.96116638183594,0.0,343.3876953125,101.6727066040039
empty,C:\Users\Light\Videos\空轨道.mp4,148,False,0.0034160898067057133,245.86489868164062,0.0,343.4703063964844,101.54261016845703
empty,C:\Users\Light\Videos\空轨道.mp4,149,False,0.0040304530411958694,245.4966583251953,0.0,343.8902282714844,101.02015686035156
empty,C:\Users\Light\Videos\空轨道.mp4,150,False,0.004029558971524239,245.49981689453125,0.0,343.88702392578125,101.02721405029297
empty,C:\Users\Light\Videos\空轨道.mp4,151,False,0.004166140221059322,245.52125549316406,0.0,343.9057312011719,100.87300109863281
empty,C:\Users\Light\Videos\空轨道.mp4,152,False,0.004052118863910437,245.55809020996094,0.0,343.8585205078125,100.99451446533203
empty,C:\Users\Light\Videos\空轨道.mp4,153,False,0.005456498358398676,245.05332946777344,0.0,344.17388916015625,100.05416107177734
empty,C:\Users\Light\Videos\空轨道.mp4,154,False,0.005411296151578426,394.5975341796875,34.941688537597656,424.4386901855469,56.51722717285156
empty,C:\Users\Light\Videos\空轨道.mp4,155,False,0.005410044454038143,394.5931396484375,34.94002914428711,424.4392395019531,56.51861572265625
empty,C:\Users\Light\Videos\空轨道.mp4,156,False,0.0064233955927193165,394.90142822265625,35.173824310302734,424.5370178222656,56.66675567626953
empty,C:\Users\Light\Videos\空轨道.mp4,157,False,0.006044465582817793,394.80560302734375,35.05594253540039,424.4807434082031,56.584774017333984
empty,C:\Users\Light\Videos\空轨道.mp4,158,False,0.0041545177809894085,245.48451232910156,0.0,343.9119567871094,100.88530731201172
empty,C:\Users\Light\Videos\空轨道.mp4,159,False,0.0037632205057889223,245.6999053955078,0.0,343.67034912109375,101.22373962402344
empty,C:\Users\Light\Videos\空轨道.mp4,160,False,0.0037732936907559633,245.69398498535156,0.0,343.67645263671875,101.22201538085938
empty,C:\Users\Light\Videos\空轨道.mp4,161,False,0.0036534657701849937,394.0920715332031,34.816566467285156,424.5705871582031,56.56310272216797
empty,C:\Users\Light\Videos\空轨道.mp4,162,False,0.0037165561225265265,394.11993408203125,34.82701110839844,424.57354736328125,56.568031311035156
empty,C:\Users\Light\Videos\空轨道.mp4,163,False,0.0069077350199222565,395.29119873046875,35.33576965332031,424.81805419921875,56.853843688964844
empty,C:\Users\Light\Videos\空轨道.mp4,164,False,0.007128786761313677,403.8368225097656,36.72498321533203,431.9205017089844,57.00613021850586
empty,C:\Users\Light\Videos\空轨道.mp4,165,False,0.007158469874411821,403.830322265625,36.72065734863281,431.913818359375,57.01157760620117
empty,C:\Users\Light\Videos\空轨道.mp4,166,False,0.005703317001461983,244.94525146484375,0.0,344.2182312011719,100.02755737304688
empty,C:\Users\Light\Videos\空轨道.mp4,167,False,0.006056743208318949,367.30987548828125,26.50067901611328,392.4232177734375,48.72515869140625
empty,C:\Users\Light\Videos\空轨道.mp4,168,False,0.006054419092833996,367.3152770996094,26.497764587402344,392.4194641113281,48.729957580566406
empty,C:\Users\Light\Videos\空轨道.mp4,169,False,0.009063313715159893,369.3226318359375,25.765092849731445,394.9305114746094,44.56502914428711
empty,C:\Users\Light\Videos\空轨道.mp4,170,False,0.005650656763464212,245.0123291015625,0.0,344.1841125488281,99.87679290771484
empty,C:\Users\Light\Videos\空轨道.mp4,171,False,0.005673812702298164,245.00790405273438,0.0,344.1797180175781,99.88797760009766
empty,C:\Users\Light\Videos\空轨道.mp4,172,False,0.005400342401117086,345.7091064453125,20.16927146911621,371.43707275390625,37.05303955078125
empty,C:\Users\Light\Videos\空轨道.mp4,173,False,0.005414983723312616,245.17677307128906,0.0,344.0926513671875,99.97921752929688
empty,C:\Users\Light\Videos\空轨道.mp4,174,False,0.011686665937304497,417.94378662109375,29.20492172241211,443.4945983886719,52.07816696166992
empty,C:\Users\Light\Videos\空轨道.mp4,175,False,0.0161266066133976,378.0213317871094,24.89253044128418,401.1423034667969,41.8557243347168
empty,C:\Users\Light\Videos\空轨道.mp4,176,False,0.015896953642368317,378.02484130859375,24.919849395751953,401.15191650390625,41.862918853759766
empty,C:\Users\Light\Videos\空轨道.mp4,177,False,0.009541871026158333,379.48193359375,24.273662567138672,403.0705871582031,42.667415618896484
empty,C:\Users\Light\Videos\空轨道.mp4,178,False,0.005460909567773342,244.89932250976562,0.0,344.5013427734375,98.96485900878906
empty,C:\Users\Light\Videos\空轨道.mp4,179,False,0.005492678377777338,244.88803100585938,0.0,344.5033264160156,98.96660614013672
empty,C:\Users\Light\Videos\空轨道.mp4,180,False,0.004276287741959095,245.35467529296875,0.0,343.968017578125,100.6918716430664
empty,C:\Users\Light\Videos\空轨道.mp4,181,False,0.004491873551160097,245.50425720214844,0.0,343.91497802734375,100.79942321777344
empty,C:\Users\Light\Videos\空轨道.mp4,182,False,0.009110693819820881,388.09112548828125,19.594419479370117,412.1100769042969,38.51896667480469
empty,C:\Users\Light\Videos\空轨道.mp4,183,False,0.0028889907989650965,2.692108392715454,23.21306800842285,27.801578521728516,46.29465103149414
empty,C:\Users\Light\Videos\空轨道.mp4,184,False,0.0028841926250606775,2.697450637817383,23.217975616455078,27.80388069152832,46.29552459716797
empty,C:\Users\Light\Videos\空轨道.mp4,185,False,0.0029614707455039024,440.451904296875,16.69672203063965,464.2904968261719,41.299049377441406
empty,C:\Users\Light\Videos\空轨道.mp4,186,False,0.002785399788990617,440.4537048339844,16.63863182067871,464.27911376953125,41.302005767822266
empty,C:\Users\Light\Videos\空轨道.mp4,187,False,0.0014339903136715293,2.6886444091796875,23.834871292114258,26.851421356201172,46.108970642089844
empty,C:\Users\Light\Videos\空轨道.mp4,188,False,0.001915235654450953,2.0641438961029053,23.55376625061035,26.227481842041016,46.20271682739258
empty,C:\Users\Light\Videos\空轨道.mp4,189,False,0.001912702457047999,2.0654830932617188,23.550291061401367,26.22650718688965,46.2059211730957
empty,C:\Users\Light\Videos\空轨道.mp4,190,False,0.0013305469183251262,2.0956263542175293,23.1608943939209,26.45518684387207,45.987030029296875
empty,C:\Users\Light\Videos\空轨道.mp4,191,False,0.0018854581285268068,2.810515880584717,69.65547180175781,29.821514129638672,85.51576232910156
empty,C:\Users\Light\Videos\空轨道.mp4,192,False,0.001857653260231018,2.8072314262390137,69.64917755126953,29.8078556060791,85.497314453125
empty,C:\Users\Light\Videos\空轨道.mp4,193,False,0.001734186545945704,1.8002671003341675,23.476333618164062,26.289569854736328,45.93864440917969
empty,C:\Users\Light\Videos\空轨道.mp4,194,False,0.0,,,,
empty,C:\Users\Light\Videos\空轨道.mp4,195,False,0.0,,,,
empty,C:\Users\Light\Videos\空轨道.mp4,196,False,0.003647147910669446,2.7119481563568115,69.49223327636719,29.94966697692871,85.82746124267578
empty,C:\Users\Light\Videos\空轨道.mp4,197,False,0.003330565756186843,2.704690933227539,69.4992904663086,29.923877716064453,85.8126449584961
empty,C:\Users\Light\Videos\空轨道.mp4,198,False,0.002626850036904216,2.1090381145477295,23.75082778930664,26.487293243408203,45.94447326660156
empty,C:\Users\Light\Videos\空轨道.mp4,199,False,0.001298211980611086,2.0743467807769775,23.514612197875977,26.174604415893555,46.28337478637695
empty,C:\Users\Light\Videos\空轨道.mp4,200,False,0.00129094033036381,2.0882697105407715,23.52082061767578,26.173051834106445,46.30070114135742
empty,C:\Users\Light\Videos\空轨道.mp4,201,False,0.0012568241218104959,2.680582046508789,69.68216705322266,29.383501052856445,85.61174774169922
empty,C:\Users\Light\Videos\空轨道.mp4,202,False,0.0015858911210671067,2.0049569606781006,23.769878387451172,26.135648727416992,45.83689880371094
empty,C:\Users\Light\Videos\空轨道.mp4,203,False,0.0016044301446527243,2.6825177669525146,69.67985534667969,29.79058265686035,85.73942565917969
empty,C:\Users\Light\Videos\空轨道.mp4,204,False,0.001199238933622837,2.100590467453003,23.560579299926758,26.25883674621582,46.130821228027344
empty,C:\Users\Light\Videos\空轨道.mp4,205,False,0.0013361042365431786,359.4659423828125,5.01269006729126,464.475830078125,109.0
empty,C:\Users\Light\Videos\空轨道.mp4,206,False,0.0036518240813165903,358.7795715332031,9.914376258850098,465.8714294433594,109.0
empty,C:\Users\Light\Videos\空轨道.mp4,207,False,0.003664102405309677,358.771728515625,9.941427230834961,465.8778991699219,109.0
empty,C:\Users\Light\Videos\空轨道.mp4,208,False,0.0016837123548611999,246.76333618164062,0.0,343.356689453125,103.22132873535156
empty,C:\Users\Light\Videos\空轨道.mp4,209,False,0.0039987144991755486,245.3739013671875,0.0,344.0360412597656,100.5949478149414
empty,C:\Users\Light\Videos\空轨道.mp4,210,False,0.004015433136373758,245.3638916015625,0.0,344.0461120605469,100.5744857788086
empty,C:\Users\Light\Videos\空轨道.mp4,211,False,0.006632464472204447,435.74713134765625,17.124197006225586,458.42535400390625,41.3931770324707
empty,C:\Users\Light\Videos\空轨道.mp4,212,False,0.005801730789244175,385.39288330078125,20.675655364990234,408.629150390625,37.354312896728516
empty,C:\Users\Light\Videos\空轨道.mp4,213,False,0.005844973959028721,385.3889465332031,20.679174423217773,408.6319274902344,37.35110855102539
empty,C:\Users\Light\Videos\空轨道.mp4,214,False,0.0023247776553034782,246.87286376953125,0.0,342.8045349121094,104.35372924804688
empty,C:\Users\Light\Videos\空轨道.mp4,215,False,0.010241217911243439,420.1275939941406,33.10615539550781,448.76068115234375,53.069374084472656
empty,C:\Users\Light\Videos\空轨道.mp4,216,False,0.010291792452335358,420.1373291015625,33.11568069458008,448.7597351074219,53.07540512084961
empty,C:\Users\Light\Videos\空轨道.mp4,217,False,0.005252513103187084,417.616943359375,33.63862609863281,447.5387878417969,54.10646057128906
empty,C:\Users\Light\Videos\空轨道.mp4,218,False,0.005565223749727011,417.68218994140625,33.61110305786133,447.5352783203125,54.05146408081055
empty,C:\Users\Light\Videos\空轨道.mp4,219,False,0.0038998222444206476,417.95135498046875,23.734153747558594,440.26751708984375,46.95212936401367
empty,C:\Users\Light\Videos\空轨道.mp4,220,False,0.014381350949406624,374.5442810058594,25.40359878540039,398.2408447265625,42.885433197021484
empty,C:\Users\Light\Videos\空轨道.mp4,221,False,0.013370438478887081,374.5491943359375,25.442033767700195,398.21307373046875,42.87281799316406
empty,C:\Users\Light\Videos\空轨道.mp4,222,False,0.022120250388979912,373.9967956542969,25.23118782043457,397.53704833984375,42.56340789794922
empty,C:\Users\Light\Videos\空轨道.mp4,223,False,0.009326421655714512,371.995849609375,25.240285873413086,395.22625732421875,42.68680191040039
empty,C:\Users\Light\Videos\空轨道.mp4,224,False,0.010218128561973572,372.0086669921875,25.193782806396484,395.2760925292969,42.695743560791016
empty,C:\Users\Light\Videos\空轨道.mp4,225,False,0.009057878516614437,345.5010681152344,19.614299774169922,371.3233337402344,36.72536087036133
empty,C:\Users\Light\Videos\空轨道.mp4,226,False,0.006970367394387722,407.4371337890625,29.522130966186523,432.03619384765625,52.77919387817383
empty,C:\Users\Light\Videos\空轨道.mp4,227,False,0.00790418777614832,407.3987121582031,29.622533798217773,432.0612487792969,52.870540618896484
empty,C:\Users\Light\Videos\空轨道.mp4,228,False,0.008241008035838604,404.869873046875,30.24115562438965,431.44219970703125,53.934879302978516
empty,C:\Users\Light\Videos\空轨道.mp4,229,False,0.0038485429249703884,245.5962677001953,0.0,343.7350158691406,101.36365509033203
empty,C:\Users\Light\Videos\空轨道.mp4,230,False,0.004231680650264025,394.1864929199219,34.49200439453125,424.3292236328125,56.207210540771484
empty,C:\Users\Light\Videos\空轨道.mp4,231,False,0.004210104700177908,394.1870422363281,34.49171447753906,424.3327331542969,56.20526123046875
empty,C:\Users\Light\Videos\空轨道.mp4,232,False,0.004120782483369112,245.58837890625,0.0,343.81610107421875,100.90776062011719
empty,C:\Users\Light\Videos\空轨道.mp4,233,False,0.004732285160571337,245.34567260742188,0.0,344.02923583984375,100.41991424560547
empty,C:\Users\Light\Videos\空轨道.mp4,234,False,0.004726085811853409,245.349609375,0.0,344.0270080566406,100.42412567138672
empty,C:\Users\Light\Videos\空轨道.mp4,235,False,0.003826877335086465,245.7640380859375,0.0,343.64935302734375,101.27970123291016
empty,C:\Users\Light\Videos\空轨道.mp4,236,False,0.0038792388513684273,245.80950927734375,0.0,343.5962829589844,101.21714782714844
empty,C:\Users\Light\Videos\空轨道.mp4,237,False,0.003909279126673937,245.8008575439453,0.0,343.60919189453125,101.1888656616211
empty,C:\Users\Light\Videos\空轨道.mp4,238,False,0.004589862190186977,245.473876953125,0.0,343.92694091796875,100.51782989501953
empty,C:\Users\Light\Videos\空轨道.mp4,239,False,0.00455070286989212,245.5177459716797,0.0,343.8782653808594,100.6102294921875
empty,C:\Users\Light\Videos\空轨道.mp4,240,False,0.004621630534529686,245.48577880859375,0.0,343.9014587402344,100.54635620117188
empty,C:\Users\Light\Videos\空轨道.mp4,241,False,0.004482784774154425,245.57354736328125,0.0,343.8335876464844,100.73676300048828
empty,C:\Users\Light\Videos\空轨道.mp4,242,False,0.004526957403868437,394.2861022949219,34.48508071899414,424.2767028808594,56.13421630859375
empty,C:\Users\Light\Videos\空轨道.mp4,243,False,0.006344361696392298,394.8360900878906,34.639381408691406,424.3362121582031,56.17807388305664
empty,C:\Users\Light\Videos\空轨道.mp4,244,False,0.010834570042788982,395.57012939453125,35.063987731933594,424.56317138671875,56.43696975708008
empty,C:\Users\Light\Videos\空轨道.mp4,245,False,0.010656056925654411,395.548583984375,35.06401062011719,424.5649108886719,56.44313430786133
empty,C:\Users\Light\Videos\空轨道.mp4,246,False,0.009644316509366035,395.53302001953125,35.061004638671875,424.672607421875,56.4882698059082
empty,C:\Users\Light\Videos\空轨道.mp4,247,False,0.005571182817220688,394.587890625,34.93693542480469,424.4450988769531,56.52399444580078
empty,C:\Users\Light\Videos\空轨道.mp4,248,False,0.005685383453965187,394.6181945800781,34.95540237426758,424.4476013183594,56.53641128540039
empty,C:\Users\Light\Videos\空轨道.mp4,249,False,0.003976095002144575,245.7796173095703,0.0,343.6361083984375,101.25079345703125
empty,C:\Users\Light\Videos\空轨道.mp4,250,False,0.004716310650110245,245.57888793945312,0.0,343.7698974609375,100.55715942382812
empty,C:\Users\Light\Videos\空轨道.mp4,251,False,0.004719648975878954,245.57858276367188,0.0,343.7696533203125,100.55514526367188
empty,C:\Users\Light\Videos\空轨道.mp4,252,False,0.0039246273227036,245.75552368164062,0.0,343.6658630371094,101.25758361816406
empty,C:\Users\Light\Videos\空轨道.mp4,253,False,0.0050565944984555244,404.57135009765625,31.012239456176758,427.9158020019531,55.567726135253906
empty,C:\Users\Light\Videos\空轨道.mp4,254,False,0.005444193724542856,344.13372802734375,19.60898780822754,372.8714599609375,41.27730941772461
empty,C:\Users\Light\Videos\空轨道.mp4,255,False,0.005522602237761021,344.07470703125,19.553049087524414,372.790771484375,41.2396125793457
empty,C:\Users\Light\Videos\空轨道.mp4,256,False,0.005406014155596495,245.13230895996094,0.0,344.1210021972656,99.8758544921875
empty,C:\Users\Light\Videos\空轨道.mp4,257,False,0.014968999661505222,343.404052734375,18.78084373474121,371.49658203125,39.77884292602539
empty,C:\Users\Light\Videos\空轨道.mp4,258,False,0.014778952114284039,343.4183349609375,18.78281593322754,371.4699401855469,39.802955627441406
empty,C:\Users\Light\Videos\空轨道.mp4,259,False,0.03190707415342331,379.53997802734375,24.97321128845215,403.3476257324219,42.737789154052734
empty,C:\Users\Light\Videos\空轨道.mp4,260,False,0.0037007571663707495,245.50828552246094,0.0,343.9054260253906,99.86557006835938
empty,C:\Users\Light\Videos\空轨道.mp4,261,False,0.003562238300219178,245.56939697265625,0.0,343.82733154296875,99.97547149658203
empty,C:\Users\Light\Videos\空轨道.mp4,262,False,0.0030674091540277004,246.4152069091797,0.0,343.01312255859375,101.99901580810547
empty,C:\Users\Light\Videos\空轨道.mp4,263,False,0.003191474126651883,246.33067321777344,0.0,343.072509765625,101.7554931640625
empty,C:\Users\Light\Videos\空轨道.mp4,264,False,0.0076669189147651196,390.10357666015625,19.273242950439453,414.00213623046875,36.03805160522461
empty,C:\Users\Light\Videos\空轨道.mp4,265,False,0.003107823431491852,382.3582763671875,7.784828186035156,469.0,109.0
empty,C:\Users\Light\Videos\空轨道.mp4,266,False,0.003099210560321808,382.3616638183594,7.763290882110596,469.0,109.0
empty,C:\Users\Light\Videos\空轨道.mp4,267,False,0.0074781086295843124,380.7226257324219,14.904688835144043,469.0,109.0
empty,C:\Users\Light\Videos\空轨道.mp4,268,False,0.0027853972278535366,382.6169128417969,8.655553817749023,469.0,109.0
empty,C:\Users\Light\Videos\空轨道.mp4,269,False,0.0027696024626493454,382.6165466308594,8.645827293395996,469.0,109.0
empty,C:\Users\Light\Videos\空轨道.mp4,270,False,0.004156786482781172,382.10333251953125,10.709957122802734,469.0,109.0
empty,C:\Users\Light\Videos\空轨道.mp4,271,False,0.009364506229758263,381.55255126953125,15.750986099243164,469.0,109.0
empty,C:\Users\Light\Videos\空轨道.mp4,272,False,0.009366324171423912,381.55426025390625,15.750560760498047,469.0,109.0
empty,C:\Users\Light\Videos\空轨道.mp4,273,False,0.009714053012430668,381.2608642578125,16.075794219970703,469.0,109.0
empty,C:\Users\Light\Videos\空轨道.mp4,274,False,0.010221458040177822,381.8481140136719,16.542285919189453,469.0,109.0
empty,C:\Users\Light\Videos\空轨道.mp4,275,False,0.01022402010858059,381.8543395996094,16.543787002563477,469.0,109.0
empty,C:\Users\Light\Videos\空轨道.mp4,276,False,0.00994784850627184,381.1978759765625,16.166067123413086,469.0,109.0
empty,C:\Users\Light\Videos\空轨道.mp4,277,False,0.009946298785507679,381.2472229003906,16.110397338867188,469.0,109.0
empty,C:\Users\Light\Videos\空轨道.mp4,278,False,0.008860468864440918,380.955078125,15.186691284179688,469.0,109.0
empty,C:\Users\Light\Videos\空轨道.mp4,279,False,0.008816361427307129,380.9547424316406,15.197649955749512,469.0,109.0
empty,C:\Users\Light\Videos\空轨道.mp4,280,False,0.0075767552480101585,380.545654296875,15.04390811920166,469.0,109.0
empty,C:\Users\Light\Videos\空轨道.mp4,281,False,0.007928594946861267,380.3825988769531,15.277299880981445,469.0,109.0
empty,C:\Users\Light\Videos\空轨道.mp4,282,False,0.007680912967771292,380.3417053222656,15.161545753479004,469.0,109.0
empty,C:\Users\Light\Videos\空轨道.mp4,283,False,0.00751136988401413,380.2626037597656,15.00632381439209,469.0,109.0
empty,C:\Users\Light\Videos\空轨道.mp4,284,False,0.006305260118097067,380.5290832519531,13.45518970489502,469.0,109.0
empty,C:\Users\Light\Videos\空轨道.mp4,285,False,0.0063217696733772755,380.5231018066406,13.482621192932129,469.0,109.0
empty,C:\Users\Light\Videos\空轨道.mp4,286,False,0.006431500427424908,380.2176818847656,13.705121040344238,469.0,109.0
empty,C:\Users\Light\Videos\空轨道.mp4,287,False,0.006455789320170879,380.215576171875,13.736407279968262,469.0,109.0
empty,C:\Users\Light\Videos\空轨道.mp4,288,False,0.006757502444088459,380.05279541015625,14.111349105834961,469.0,109.0
empty,C:\Users\Light\Videos\空轨道.mp4,289,False,0.008817107416689396,379.82806396484375,15.612752914428711,469.0,109.0
empty,C:\Users\Light\Videos\空轨道.mp4,290,False,0.008812399581074715,379.82806396484375,15.607150077819824,469.0,109.0
empty,C:\Users\Light\Videos\空轨道.mp4,291,False,0.009268814697861671,380.41387939453125,16.90864372253418,469.0,109.0
empty,C:\Users\Light\Videos\空轨道.mp4,292,False,0.008242699317634106,358.1005554199219,8.500802993774414,465.5986633300781,109.0
empty,C:\Users\Light\Videos\空轨道.mp4,293,False,0.008252563886344433,358.09710693359375,8.482111930847168,465.6014709472656,109.0
empty,C:\Users\Light\Videos\空轨道.mp4,294,False,0.008500722236931324,358.3186950683594,8.936816215515137,465.2593078613281,109.0
empty,C:\Users\Light\Videos\空轨道.mp4,295,False,0.002776664448902011,360.2147216796875,10.449783325195312,463.7978210449219,109.0
empty,C:\Users\Light\Videos\空轨道.mp4,296,False,0.0028708381578326225,360.162841796875,10.503100395202637,463.84783935546875,109.0
empty,C:\Users\Light\Videos\空轨道.mp4,297,False,0.005363489035516977,359.1044616699219,11.950940132141113,464.9139709472656,109.0
empty,C:\Users\Light\Videos\空轨道.mp4,298,False,0.005504540633410215,359.13433837890625,11.99015998840332,464.8536071777344,109.0
empty,C:\Users\Light\Videos\空轨道.mp4,299,False,0.003087584860622883,245.70223999023438,0.0,343.6803894042969,101.55365753173828
empty,C:\Users\Light\Videos\空轨道.mp4,300,False,0.0032163532450795174,385.8451843261719,19.90918731689453,408.2725830078125,37.257408142089844
empty,C:\Users\Light\Videos\空轨道.mp4,301,False,0.0033462336286902428,245.83531188964844,0.0,343.5108947753906,101.98812103271484
empty,C:\Users\Light\Videos\空轨道.mp4,302,False,0.002079661702737212,418.28167724609375,33.224510192871094,449.1928405761719,54.13277053833008
empty,C:\Users\Light\Videos\空轨道.mp4,303,False,0.002145166276022792,418.3135681152344,33.25297164916992,449.16619873046875,54.1644172668457
empty,C:\Users\Light\Videos\空轨道.mp4,304,False,0.004320967942476273,417.5247497558594,33.60955810546875,447.6474609375,54.33238983154297
empty,C:\Users\Light\Videos\空轨道.mp4,305,False,0.0050724768079817295,416.62652587890625,25.444162368774414,440.8162841796875,47.88545227050781
empty,C:\Users\Light\Videos\空轨道.mp4,306,False,0.0050790030509233475,416.597412109375,25.447277069091797,440.8445129394531,47.831729888916016
empty,C:\Users\Light\Videos\空轨道.mp4,307,False,0.023564405739307404,374.3168029785156,25.36756134033203,398.30706787109375,43.04581069946289
empty,C:\Users\Light\Videos\空轨道.mp4,308,False,0.023425498977303505,374.31329345703125,25.36968994140625,398.2903747558594,43.03117752075195
empty,C:\Users\Light\Videos\空轨道.mp4,309,False,0.0056784809567034245,371.3742980957031,25.8023624420166,395.559814453125,44.310279846191406
empty,C:\Users\Light\Videos\空轨道.mp4,310,False,0.006363809108734131,371.0246276855469,26.091537475585938,395.4014587402344,43.421424865722656
empty,C:\Users\Light\Videos\空轨道.mp4,311,False,0.006307811941951513,371.0231018066406,26.083715438842773,395.38165283203125,43.396705627441406
empty,C:\Users\Light\Videos\空轨道.mp4,312,False,0.0034735773224383593,346.8400573730469,21.202816009521484,373.0314025878906,37.96067428588867
empty,C:\Users\Light\Videos\空轨道.mp4,313,False,0.0028740547131747007,246.37159729003906,0.0,343.1446533203125,102.50336456298828
empty,C:\Users\Light\Videos\空轨道.mp4,314,False,0.002912439638748765,246.3293914794922,0.0,343.17510986328125,102.41707611083984
empty,C:\Users\Light\Videos\空轨道.mp4,315,False,0.005348048638552427,244.7556610107422,0.0,344.6234130859375,99.71731567382812
empty,C:\Users\Light\Videos\空轨道.mp4,316,False,0.0038646652828902006,245.1890106201172,0.0,344.29669189453125,100.66133117675781
empty,C:\Users\Light\Videos\空轨道.mp4,317,False,0.0038667514454573393,245.1881561279297,0.0,344.2977294921875,100.6561279296875
empty,C:\Users\Light\Videos\空轨道.mp4,318,False,0.0036034828517585993,245.31570434570312,0.0,344.108154296875,101.00019073486328
empty,C:\Users\Light\Videos\空轨道.mp4,319,False,0.001532706432044506,246.0536651611328,0.0,343.79254150390625,103.63636779785156
empty,C:\Users\Light\Videos\空轨道.mp4,320,False,0.0015390244079753757,246.06890869140625,0.0,343.77508544921875,103.6340103149414
empty,C:\Users\Light\Videos\空轨道.mp4,321,False,0.003927404060959816,394.7460632324219,34.49581527709961,424.88092041015625,56.186500549316406
empty,C:\Users\Light\Videos\空轨道.mp4,322,False,0.0038355549331754446,394.7085266113281,34.46934509277344,424.8781433105469,56.16648864746094
empty,C:\Users\Light\Videos\空轨道.mp4,323,False,0.002202114090323448,246.60568237304688,0.0,343.0138244628906,103.19999694824219
empty,C:\Users\Light\Videos\空轨道.mp4,324,False,0.002383640268817544,393.5484619140625,33.8786735534668,424.5748291015625,55.68096923828125
empty,C:\Users\Light\Videos\空轨道.mp4,325,False,0.004549301229417324,244.8559112548828,0.0,344.6265563964844,100.10460662841797
empty,C:\Users\Light\Videos\空轨道.mp4,326,False,0.0030744122341275215,246.07260131835938,0.0,343.3983459472656,101.91642761230469
empty,C:\Users\Light\Videos\空轨道.mp4,327,False,0.0031878077425062656,245.84425354003906,0.0,343.6016540527344,101.6707992553711
empty,C:\Users\Light\Videos\空轨道.mp4,328,False,0.0030620142351835966,246.1236114501953,0.0,343.34637451171875,102.15715026855469
empty,C:\Users\Light\Videos\空轨道.mp4,329,False,0.0036136209964752197,394.1998291015625,34.3641471862793,424.49432373046875,56.07747268676758
empty,C:\Users\Light\Videos\空轨道.mp4,330,False,0.003652214305475354,394.2135314941406,34.35128402709961,424.4845275878906,56.062320709228516
empty,C:\Users\Light\Videos\空轨道.mp4,331,False,0.0028039016760885715,246.3355255126953,0.0,343.20623779296875,102.52012634277344
empty,C:\Users\Light\Videos\空轨道.mp4,332,False,0.0028196664061397314,246.3369598388672,0.0,343.2023010253906,102.50526428222656
empty,C:\Users\Light\Videos\空轨道.mp4,333,False,0.00395964365452528,245.04824829101562,0.0,344.4529113769531,100.62793731689453
empty,C:\Users\Light\Videos\空轨道.mp4,334,False,0.002986680017784238,405.6695556640625,37.10700607299805,433.4569091796875,54.887718200683594
empty,C:\Users\Light\Videos\空轨道.mp4,335,False,0.003006527666002512,405.6639099121094,37.106712341308594,433.4399719238281,54.88899612426758
empty,C:\Users\Light\Videos\空轨道.mp4,336,False,0.005968047305941582,139.60572814941406,0.0,450.63677978515625,109.0
empty,C:\Users\Light\Videos\空轨道.mp4,337,False,0.007238735910505056,410.6019592285156,29.622467041015625,434.0199279785156,54.205562591552734
empty,C:\Users\Light\Videos\空轨道.mp4,338,False,0.007340004201978445,410.5960388183594,29.628137588500977,434.0152893066406,54.194602966308594
empty,C:\Users\Light\Videos\空轨道.mp4,339,False,0.020647326484322548,411.9126281738281,33.7491569519043,441.8367919921875,53.33434295654297
empty,C:\Users\Light\Videos\空轨道.mp4,340,False,0.0063706254586577415,418.95037841796875,30.220962524414062,444.6556396484375,52.87220001220703
empty,C:\Users\Light\Videos\空轨道.mp4,341,False,0.0063120643608272076,418.9683532714844,30.194583892822266,444.65478515625,52.86482620239258
empty,C:\Users\Light\Videos\空轨道.mp4,342,False,0.020220601931214333,379.3838195800781,25.13571548461914,403.2261657714844,42.68263626098633
empty,C:\Users\Light\Videos\空轨道.mp4,343,False,0.02010953240096569,379.3812561035156,25.13490867614746,403.2214660644531,42.68357467651367
empty,C:\Users\Light\Videos\空轨道.mp4,344,False,0.007225416600704193,359.1209411621094,13.47406005859375,465.2529296875,109.0
empty,C:\Users\Light\Videos\空轨道.mp4,345,False,0.004530705511569977,244.7762908935547,0.0,344.70050048828125,99.66218566894531
empty,C:\Users\Light\Videos\空轨道.mp4,346,False,0.004593169782310724,244.75216674804688,0.0,344.7306823730469,99.60205841064453
empty,C:\Users\Light\Videos\空轨道.mp4,347,False,0.0063320910558104515,389.5970153808594,19.003028869628906,414.1683654785156,36.42094802856445
empty,C:\Users\Light\Videos\空轨道.mp4,348,False,0.002030211966484785,1.9165064096450806,23.679874420166016,26.46864891052246,45.821434020996094
empty,C:\Users\Light\Videos\空轨道.mp4,349,False,0.0018789363093674183,1.9398856163024902,23.714679718017578,26.39949607849121,45.86502456665039
empty,C:\Users\Light\Videos\空轨道.mp4,350,False,0.002692831214517355,2.0180816650390625,24.332761764526367,26.461984634399414,46.214393615722656
empty,C:\Users\Light\Videos\空轨道.mp4,351,False,0.002715927781537175,2.0162956714630127,24.332984924316406,26.465913772583008,46.21183776855469
empty,C:\Users\Light\Videos\空轨道.mp4,352,False,0.0,,,,
empty,C:\Users\Light\Videos\空轨道.mp4,353,False,0.0,,,,
empty,C:\Users\Light\Videos\空轨道.mp4,354,False,0.0,,,,
empty,C:\Users\Light\Videos\空轨道.mp4,355,False,0.0,,,,
empty,C:\Users\Light\Videos\空轨道.mp4,356,False,0.0,,,,
empty,C:\Users\Light\Videos\空轨道.mp4,357,False,0.0015108213992789388,414.69512939453125,76.8348388671875,440.2742614746094,91.60830688476562
empty,C:\Users\Light\Videos\空轨道.mp4,358,False,0.004053004086017609,414.54608154296875,76.45523834228516,441.189697265625,91.42485046386719
empty,C:\Users\Light\Videos\空轨道.mp4,359,False,0.004096812102943659,414.54498291015625,76.4596939086914,441.1958312988281,91.44010925292969
empty,C:\Users\Light\Videos\空轨道.mp4,360,False,0.003396587911993265,415.10284423828125,75.96012115478516,442.26458740234375,90.89962005615234
empty,C:\Users\Light\Videos\空轨道.mp4,361,False,0.003943717572838068,414.8798522949219,75.82715606689453,441.8407897949219,90.66203308105469
empty,C:\Users\Light\Videos\空轨道.mp4,362,False,0.0039476812817156315,414.8812255859375,75.82377624511719,441.824951171875,90.65188598632812
empty,C:\Users\Light\Videos\空轨道.mp4,363,False,0.003725870978087187,414.757568359375,75.86650848388672,441.69500732421875,90.98816680908203
empty,C:\Users\Light\Videos\空轨道.mp4,364,False,0.003985910210758448,415.1189270019531,75.61312866210938,441.9926452636719,90.71084594726562
empty,C:\Users\Light\Videos\空轨道.mp4,365,False,0.004002539440989494,415.10650634765625,75.60961151123047,441.9842529296875,90.7239990234375
empty,C:\Users\Light\Videos\空轨道.mp4,366,False,0.003745914436876774,415.23529052734375,75.86353302001953,442.4623718261719,91.35160827636719
empty,C:\Users\Light\Videos\空轨道.mp4,367,False,0.0035705638583749533,415.2414245605469,75.9102783203125,442.4543762207031,91.37792205810547
empty,C:\Users\Light\Videos\空轨道.mp4,368,False,0.0,,,,
empty,C:\Users\Light\Videos\空轨道.mp4,369,False,0.002320702187716961,415.1836853027344,76.4045639038086,441.64996337890625,91.4830093383789
empty,C:\Users\Light\Videos\空轨道.mp4,370,False,0.00232743751257658,415.17694091796875,76.4031982421875,441.64947509765625,91.48271942138672
empty,C:\Users\Light\Videos\空轨道.mp4,371,False,0.0,,,,
empty,C:\Users\Light\Videos\空轨道.mp4,372,False,0.0,,,,
empty,C:\Users\Light\Videos\空轨道.mp4,373,False,0.0,,,,
empty,C:\Users\Light\Videos\空轨道.mp4,374,False,0.006774021312594414,408.846923828125,75.4349594116211,436.3560485839844,94.48931121826172
empty,C:\Users\Light\Videos\空轨道.mp4,375,False,0.0066991886124014854,408.85589599609375,75.43218231201172,436.3597412109375,94.50078582763672
empty,C:\Users\Light\Videos\空轨道.mp4,376,False,0.0,,,,
empty,C:\Users\Light\Videos\空轨道.mp4,377,False,0.0,,,,
empty,C:\Users\Light\Videos\空轨道.mp4,378,False,0.0,,,,
empty,C:\Users\Light\Videos\空轨道.mp4,379,False,0.0,,,,
empty,C:\Users\Light\Videos\空轨道.mp4,380,False,0.0,,,,
empty,C:\Users\Light\Videos\空轨道.mp4,381,False,0.0,,,,
empty,C:\Users\Light\Videos\空轨道.mp4,382,False,0.0,,,,
empty,C:\Users\Light\Videos\空轨道.mp4,383,False,0.0,,,,
empty,C:\Users\Light\Videos\空轨道.mp4,384,False,0.003514624200761318,2.1630003452301025,23.745786666870117,26.21021270751953,45.187171936035156
empty,C:\Users\Light\Videos\空轨道.mp4,385,False,0.004915296565741301,244.68685913085938,0.0,344.8462219238281,99.30613708496094
empty,C:\Users\Light\Videos\空轨道.mp4,386,False,0.004938185214996338,244.67283630371094,0.0,344.86053466796875,99.29100799560547
empty,C:\Users\Light\Videos\空轨道.mp4,387,False,0.005941025912761688,385.03192138671875,19.15751075744629,408.5329895019531,36.62836456298828
empty,C:\Users\Light\Videos\空轨道.mp4,388,False,0.005940847564488649,385.028564453125,19.152088165283203,408.5286560058594,36.629844665527344
empty,C:\Users\Light\Videos\空轨道.mp4,389,False,0.003902333788573742,245.16189575195312,0.0,344.1484680175781,101.40560913085938
empty,C:\Users\Light\Videos\空轨道.mp4,390,False,0.007448127493262291,357.831298828125,15.100339889526367,466.6261291503906,109.0
empty,C:\Users\Light\Videos\空轨道.mp4,391,False,0.007444640621542931,357.8332824707031,15.097426414489746,466.6252136230469,109.0
empty,C:\Users\Light\Videos\空轨道.mp4,392,False,0.012063990347087383,416.69403076171875,25.117809295654297,441.3369445800781,46.750946044921875
empty,C:\Users\Light\Videos\空轨道.mp4,393,False,0.0212718453258276,374.5222473144531,25.200641632080078,399.0060119628906,43.41837692260742
empty,C:\Users\Light\Videos\空轨道.mp4,394,False,0.020759131759405136,374.5238037109375,25.211824417114258,399.0126953125,43.41440963745117
empty,C:\Users\Light\Videos\空轨道.mp4,395,False,0.047078754752874374,411.87591552734375,33.809715270996094,440.4425964355469,53.323631286621094
empty,C:\Users\Light\Videos\空轨道.mp4,396,False,0.009632616303861141,370.4636535644531,25.37668228149414,395.09515380859375,44.20454406738281
empty,C:\Users\Light\Videos\空轨道.mp4,397,False,0.004753118380904198,408.92303466796875,29.619844436645508,432.66741943359375,53.843597412109375
empty,C:\Users\Light\Videos\空轨道.mp4,398,False,0.004807626362890005,408.9186096191406,29.625133514404297,432.6737365722656,53.85171127319336
empty,C:\Users\Light\Videos\空轨道.mp4,399,False,0.005301609169691801,345.8338928222656,20.592016220092773,372.1065368652344,37.544944763183594
empty,C:\Users\Light\Videos\空轨道.mp4,400,False,0.004994350951164961,346.10357666015625,20.670164108276367,372.2527770996094,37.58790969848633
empty,C:\Users\Light\Videos\空轨道.mp4,401,False,0.005452400539070368,346.04022216796875,20.61648941040039,372.2375183105469,37.6434211730957
empty,C:\Users\Light\Videos\空轨道.mp4,402,False,0.003985511604696512,245.1068572998047,0.0,344.3453674316406,100.55469512939453
empty,C:\Users\Light\Videos\空轨道.mp4,403,False,0.003232003655284643,245.81748962402344,0.0,343.5873107910156,101.68812561035156
empty,C:\Users\Light\Videos\空轨道.mp4,404,False,0.0032499744556844234,245.79293823242188,0.0,343.6091003417969,101.66006469726562
empty,C:\Users\Light\Videos\空轨道.mp4,405,False,0.003683578921481967,400.05743408203125,30.102876663208008,422.6147155761719,55.055580139160156
empty,C:\Users\Light\Videos\空轨道.mp4,406,False,0.00465704221278429,394.3601379394531,34.53541564941406,424.3008117675781,56.17751693725586
empty,C:\Users\Light\Videos\空轨道.mp4,407,False,0.004582209978252649,394.3335266113281,34.529048919677734,424.3044128417969,56.17693328857422
empty,C:\Users\Light\Videos\空轨道.mp4,408,False,0.004389086738228798,244.9531707763672,0.0,344.509765625,100.20808410644531
empty,C:\Users\Light\Videos\空轨道.mp4,409,False,0.004026518668979406,245.1519012451172,0.0,344.3087158203125,100.59391784667969
empty,C:\Users\Light\Videos\空轨道.mp4,410,False,0.0040176380425691605,245.1584014892578,0.0,344.30230712890625,100.60243225097656
empty,C:\Users\Light\Videos\空轨道.mp4,411,False,0.0038123931735754013,245.23919677734375,0.0,344.2478942871094,100.67137145996094
empty,C:\Users\Light\Videos\空轨道.mp4,412,False,0.0038187114987522364,245.2334747314453,0.0,344.25469970703125,100.66356658935547
empty,C:\Users\Light\Videos\空轨道.mp4,413,False,0.005184973124414682,244.81307983398438,0.0,344.58251953125,99.72139739990234
empty,C:\Users\Light\Videos\空轨道.mp4,414,False,0.005823359824717045,139.62725830078125,0.0,450.5920715332031,109.0
empty,C:\Users\Light\Videos\空轨道.mp4,415,False,0.005909576080739498,139.64804077148438,0.0,450.5437316894531,109.0
empty,C:\Users\Light\Videos\空轨道.mp4,416,False,0.0056570181623101234,399.72833251953125,30.463655471801758,423.08642578125,54.98283386230469
empty,C:\Users\Light\Videos\空轨道.mp4,417,False,0.004750287160277367,400.0277099609375,30.18967628479004,422.76385498046875,54.94085693359375
empty,C:\Users\Light\Videos\空轨道.mp4,418,False,0.004837458487600088,400.03509521484375,30.188196182250977,422.77581787109375,54.90863037109375
empty,C:\Users\Light\Videos\空轨道.mp4,419,False,0.004256320185959339,245.06158447265625,0.0,344.48419189453125,100.30783081054688
empty,C:\Users\Light\Videos\空轨道.mp4,420,False,0.002780841663479805,400.44097900390625,29.820337295532227,422.3506774902344,55.21535110473633
empty,C:\Users\Light\Videos\空轨道.mp4,421,False,0.004806311335414648,244.7744903564453,0.0,344.6945495605469,99.95030212402344
empty,C:\Users\Light\Videos\空轨道.mp4,422,False,0.004805596545338631,244.77377319335938,0.0,344.6945495605469,99.94990539550781
empty,C:\Users\Light\Videos\空轨道.mp4,423,False,0.004254650790244341,244.95741271972656,0.0,344.4937438964844,100.453125
empty,C:\Users\Light\Videos\空轨道.mp4,424,False,0.0032235998660326004,245.71612548828125,0.0,343.6587219238281,101.79883575439453
empty,C:\Users\Light\Videos\空轨道.mp4,425,False,0.003179999766871333,245.7890167236328,0.0,343.5921325683594,101.90950775146484
empty,C:\Users\Light\Videos\空轨道.mp4,426,False,0.0021148547530174255,246.60202026367188,0.0,343.02947998046875,103.30317687988281
empty,C:\Users\Light\Videos\空轨道.mp4,427,False,0.0038867187686264515,245.1112060546875,0.0,344.2841796875,100.877685546875
empty,C:\Users\Light\Videos\空轨道.mp4,428,False,0.003932464402168989,245.09744262695312,0.0,344.3040771484375,100.83443450927734
empty,C:\Users\Light\Videos\空轨道.mp4,429,False,0.0037934770807623863,404.2290344238281,36.925987243652344,431.7250671386719,56.83699035644531
empty,C:\Users\Light\Videos\空轨道.mp4,430,False,0.005593317095190287,244.63491821289062,0.0,344.67303466796875,99.70875549316406
empty,C:\Users\Light\Videos\空轨道.mp4,431,False,0.005563306622207165,244.6373748779297,0.0,344.67913818359375,99.6878433227539
empty,C:\Users\Light\Videos\空轨道.mp4,432,False,0.004504449665546417,408.9574279785156,29.54167366027832,432.44720458984375,54.237632751464844
empty,C:\Users\Light\Videos\空轨道.mp4,433,False,0.0044694324024021626,408.95660400390625,29.537281036376953,432.4375305175781,54.234676361083984
empty,C:\Users\Light\Videos\空轨道.mp4,434,False,0.007760331500321627,370.98760986328125,25.571884155273438,395.1210021972656,44.23991012573242
empty,C:\Users\Light\Videos\空轨道.mp4,435,False,0.006619950290769339,374.1979064941406,26.14019203186035,397.9564514160156,43.307106018066406
empty,C:\Users\Light\Videos\空轨道.mp4,436,False,0.006567051634192467,374.1963806152344,26.13848876953125,397.9728698730469,43.32987594604492
empty,C:\Users\Light\Videos\空轨道.mp4,437,False,0.018668456003069878,345.7540588378906,20.046838760375977,371.72003173828125,36.263328552246094
empty,C:\Users\Light\Videos\空轨道.mp4,438,False,0.013908005319535732,420.05963134765625,33.4803352355957,448.2168273925781,53.45556640625
empty,C:\Users\Light\Videos\空轨道.mp4,439,False,0.013991032727062702,420.06304931640625,33.47316360473633,448.2105407714844,53.4427490234375
empty,C:\Users\Light\Videos\空轨道.mp4,440,False,0.004248302895575762,244.9516143798828,0.0,344.3346862792969,100.81878662109375
empty,C:\Users\Light\Videos\空轨道.mp4,441,False,0.0035719226580113173,245.31895446777344,0.0,344.00811767578125,101.26372528076172
empty,C:\Users\Light\Videos\空轨道.mp4,442,False,0.003574694273993373,245.32420349121094,0.0,344.00628662109375,101.25619506835938
empty,C:\Users\Light\Videos\空轨道.mp4,443,False,0.006070056464523077,388.1912536621094,18.964998245239258,411.49957275390625,38.81306838989258
empty,C:\Users\Light\Videos\空轨道.mp4,444,False,0.003066187258809805,245.84503173828125,0.0,343.49224853515625,101.5752182006836
empty,C:\Users\Light\Videos\空轨道.mp4,445,False,0.003057067980989814,245.85726928710938,0.0,343.48321533203125,101.6052474975586
empty,C:\Users\Light\Videos\空轨道.mp4,446,False,0.008555317297577858,2.0665292739868164,24.386369705200195,27.231103897094727,45.51560974121094
empty,C:\Users\Light\Videos\空轨道.mp4,447,False,0.002531185047701001,1.9775842428207397,23.839622497558594,26.460590362548828,45.8961067199707
empty,C:\Users\Light\Videos\空轨道.mp4,448,False,0.0,,,,
empty,C:\Users\Light\Videos\空轨道.mp4,449,False,0.0,,,,
empty,C:\Users\Light\Videos\空轨道.mp4,450,False,0.0010171475587412715,1.9476077556610107,24.28901481628418,25.64967155456543,46.540748596191406
empty,C:\Users\Light\Videos\空轨道.mp4,451,False,0.001907098339870572,1.9652832746505737,24.418439865112305,26.15727996826172,46.19697952270508
empty,C:\Users\Light\Videos\空轨道.mp4,452,False,0.0019376754062250257,1.9600740671157837,24.41758918762207,26.1586971282959,46.18797302246094
empty,C:\Users\Light\Videos\空轨道.mp4,453,False,0.0017693537520244718,1.8472790718078613,24.3048152923584,26.25304412841797,46.69218063354492
empty,C:\Users\Light\Videos\空轨道.mp4,454,False,0.0016268392791971564,2.1174535751342773,24.220256805419922,26.107107162475586,46.12528610229492
empty,C:\Users\Light\Videos\空轨道.mp4,455,False,0.0016795591218397021,2.095144510269165,24.185855865478516,26.11874771118164,46.076541900634766
empty,C:\Users\Light\Videos\空轨道.mp4,456,False,0.0,,,,
empty,C:\Users\Light\Videos\空轨道.mp4,457,False,0.0,,,,
empty,C:\Users\Light\Videos\空轨道.mp4,458,False,0.0018840611446648836,2.1340980529785156,24.421981811523438,26.157817840576172,46.23006057739258
empty,C:\Users\Light\Videos\空轨道.mp4,459,False,0.0015349418390542269,246.28057861328125,0.0,343.60382080078125,102.44955444335938
empty,C:\Users\Light\Videos\空轨道.mp4,460,False,0.0015089546795934439,246.25146484375,0.0,343.65020751953125,102.46178436279297
empty,C:\Users\Light\Videos\空轨道.mp4,461,False,0.003878328949213028,1.8043179512023926,24.01046371459961,26.529712677001953,45.73342514038086
empty,C:\Users\Light\Videos\空轨道.mp4,462,False,0.0024458905681967735,2.3055646419525146,23.98567771911621,26.741546630859375,45.904197692871094
empty,C:\Users\Light\Videos\空轨道.mp4,463,False,0.0023136883974075317,2.3219192028045654,23.98309898376465,26.715877532958984,45.92327117919922
empty,C:\Users\Light\Videos\空轨道.mp4,464,False,0.004254787694662809,1.8956890106201172,23.974336624145508,26.977344512939453,45.41213607788086
empty,C:\Users\Light\Videos\空轨道.mp4,465,False,0.006350852083414793,139.5371551513672,0.0,450.763671875,109.0
empty,C:\Users\Light\Videos\空轨道.mp4,466,False,0.006253340281546116,139.51683044433594,0.0,450.8121032714844,109.0
empty,C:\Users\Light\Videos\空轨道.mp4,467,False,0.004283410497009754,244.930908203125,0.0,344.50640869140625,100.13817596435547
empty,C:\Users\Light\Videos\空轨道.mp4,468,False,0.004248572047799826,244.94061279296875,0.0,344.4908752441406,100.17979431152344
empty,C:\Users\Light\Videos\空轨道.mp4,469,False,0.006627041846513748,385.1614990234375,19.16037940979004,409.36090087890625,36.89026641845703
empty,C:\Users\Light\Videos\空轨道.mp4,470,False,0.005053785163909197,244.7313995361328,0.0,344.62786865234375,99.89566802978516
empty,C:\Users\Light\Videos\空轨道.mp4,471,False,0.00516822375357151,244.82366943359375,0.0,344.5848083496094,100.08656311035156
empty,C:\Users\Light\Videos\空轨道.mp4,472,False,0.003122869646176696,246.0398406982422,0.0,343.2414855957031,102.53832244873047
empty,C:\Users\Light\Videos\空轨道.mp4,473,False,0.0031053461134433746,246.06466674804688,0.0,343.2218933105469,102.5801010131836
empty,C:\Users\Light\Videos\空轨道.mp4,474,False,0.0048530325293540955,345.40557861328125,18.596891403198242,370.2051696777344,37.411128997802734
empty,C:\Users\Light\Videos\空轨道.mp4,475,False,0.00914287194609642,420.06793212890625,32.60546112060547,448.6943054199219,52.72291946411133
empty,C:\Users\Light\Videos\空轨道.mp4,476,False,0.009179230779409409,420.07421875,32.608150482177734,448.6915283203125,52.721214294433594
empty,C:\Users\Light\Videos\空轨道.mp4,477,False,0.005833130795508623,244.76473999023438,0.0,344.3432922363281,100.62620544433594
empty,C:\Users\Light\Videos\空轨道.mp4,478,False,0.005801302380859852,244.77291870117188,0.0,344.34442138671875,100.61773681640625
empty,C:\Users\Light\Videos\空轨道.mp4,479,False,0.004754932131618261,244.9873809814453,0.0,344.3210144042969,100.7681655883789
empty,C:\Users\Light\Videos\空轨道.mp4,480,False,0.00464994041249156,244.9638671875,0.0,344.35369873046875,100.80491638183594
empty,C:\Users\Light\Videos\空轨道.mp4,481,False,0.00468191783875227,244.9480438232422,0.0,344.3706970214844,100.76493835449219
empty,C:\Users\Light\Videos\空轨道.mp4,482,False,0.003977278713136911,417.4425354003906,23.542694091796875,440.1054382324219,48.554832458496094
empty,C:\Users\Light\Videos\空轨道.mp4,483,False,0.007105457130819559,373.84136962890625,24.986814498901367,396.96380615234375,43.348609924316406
empty,C:\Users\Light\Videos\空轨道.mp4,484,False,0.0071946545504033566,373.83697509765625,24.958194732666016,396.9389343261719,43.33173370361328
empty,C:\Users\Light\Videos\空轨道.mp4,485,False,0.0068429382517933846,345.865478515625,20.157012939453125,371.3240051269531,36.562744140625
empty,C:\Users\Light\Videos\空轨道.mp4,486,False,0.005610349588096142,404.1378479003906,29.488447189331055,428.0459289550781,53.82501983642578
empty,C:\Users\Light\Videos\空轨道.mp4,487,False,0.004882193170487881,404.1585693359375,29.5126953125,428.0028991699219,53.82004165649414
empty,C:\Users\Light\Videos\空轨道.mp4,488,False,0.0049595823511481285,244.88214111328125,0.0,344.5450744628906,99.92018127441406
empty,C:\Users\Light\Videos\空轨道.mp4,489,False,0.004074141848832369,245.05572509765625,0.0,344.2867736816406,100.74581909179688
empty,C:\Users\Light\Videos\空轨道.mp4,490,False,0.004071549512445927,245.05819702148438,0.0,344.283935546875,100.75384521484375
empty,C:\Users\Light\Videos\空轨道.mp4,491,False,0.003515716642141342,245.33799743652344,0.0,343.9530944824219,101.25341033935547
empty,C:\Users\Light\Videos\空轨道.mp4,492,False,0.003529961919412017,245.32540893554688,0.0,343.9660339355469,101.23906707763672
empty,C:\Users\Light\Videos\空轨道.mp4,493,False,0.004721495788544416,244.9971466064453,0.0,344.38458251953125,100.17529296875
empty,C:\Users\Light\Videos\空轨道.mp4,494,False,0.002581133274361491,246.77220153808594,0.0,342.8019104003906,103.1526870727539
empty,C:\Users\Light\Videos\空轨道.mp4,495,False,0.00357654201798141,245.36553955078125,0.0,343.9345397949219,101.3666763305664
empty,C:\Users\Light\Videos\空轨道.mp4,496,False,0.0028410644736140966,246.52212524414062,0.0,342.99432373046875,102.61846923828125
empty,C:\Users\Light\Videos\空轨道.mp4,497,False,0.0028981645591557026,246.47488403320312,0.0,343.02081298828125,102.5002212524414
empty,C:\Users\Light\Videos\空轨道.mp4,498,False,0.0047208997420966625,245.00823974609375,0.0,344.4056701660156,100.08361053466797
empty,C:\Users\Light\Videos\空轨道.mp4,499,False,0.004062280524522066,245.11947631835938,0.0,344.2169189453125,100.77616119384766
empty,C:\Users\Light\Videos\空轨道.mp4,500,False,0.004301737993955612,245.0742645263672,0.0,344.28680419921875,100.54016876220703
empty,C:\Users\Light\Videos\空轨道.mp4,501,False,0.003158333944156766,245.968994140625,0.0,343.3427429199219,102.09915161132812
empty,C:\Users\Light\Videos\空轨道.mp4,502,False,0.0031584829557687044,245.97459411621094,0.0,343.3363342285156,102.0986557006836
empty,C:\Users\Light\Videos\空轨道.mp4,503,False,0.0019629180897027254,344.281982421875,18.396623611450195,371.5313720703125,40.143653869628906
empty,C:\Users\Light\Videos\空轨道.mp4,504,False,0.0028435676358640194,246.53253173828125,0.0,342.931884765625,102.83269500732422
empty,C:\Users\Light\Videos\空轨道.mp4,505,False,0.002833554521203041,246.54042053222656,0.0,342.9287109375,102.84060668945312
empty,C:\Users\Light\Videos\空轨道.mp4,506,False,0.0035816493909806013,343.8926086425781,18.716209411621094,371.96868896484375,39.729896545410156
empty,C:\Users\Light\Videos\空轨道.mp4,507,False,0.0037177130579948425,245.2998809814453,0.0,344.0185852050781,101.2743911743164
empty,C:\Users\Light\Videos\空轨道.mp4,508,False,0.0036702684592455626,245.33535766601562,0.0,343.9805603027344,101.30171203613281
empty,C:\Users\Light\Videos\空轨道.mp4,509,False,0.003920662682503462,245.13961791992188,0.0,344.1754150390625,101.00182342529297
empty,C:\Users\Light\Videos\空轨道.mp4,510,False,0.0038965833373367786,245.13027954101562,0.0,344.17108154296875,100.957763671875
empty,C:\Users\Light\Videos\空轨道.mp4,511,False,0.003900039941072464,245.12672424316406,0.0,344.1768493652344,100.95726776123047
empty,C:\Users\Light\Videos\空轨道.mp4,512,False,0.001994783291593194,246.8805694580078,0.0,342.8940734863281,103.7132339477539
empty,C:\Users\Light\Videos\空轨道.mp4,513,False,0.0019200999522581697,246.82489013671875,0.0,342.9678649902344,103.71070861816406
empty,C:\Users\Light\Videos\空轨道.mp4,514,False,0.003975736442953348,245.02032470703125,0.0,344.2833557128906,100.88483428955078
empty,C:\Users\Light\Videos\空轨道.mp4,515,False,0.004435158800333738,400.3675231933594,30.02947998046875,422.5093994140625,54.67752456665039
empty,C:\Users\Light\Videos\空轨道.mp4,516,False,0.004531180486083031,400.35150146484375,30.072105407714844,422.552734375,54.69218063354492
empty,C:\Users\Light\Videos\空轨道.mp4,517,False,0.00424881000071764,245.03414916992188,0.0,344.3719482421875,100.55137634277344
empty,C:\Users\Light\Videos\空轨道.mp4,518,False,0.004229885991662741,245.03953552246094,0.0,344.3658142089844,100.56733703613281
empty,C:\Users\Light\Videos\空轨道.mp4,519,False,0.003063385607674718,245.9626007080078,0.0,343.39111328125,102.14173126220703
empty,C:\Users\Light\Videos\空轨道.mp4,520,False,0.003421989968046546,245.48170471191406,0.0,343.82708740234375,101.42752838134766
empty,C:\Users\Light\Videos\空轨道.mp4,521,False,0.0034455633722245693,245.45249938964844,0.0,343.8555603027344,101.40157318115234
empty,C:\Users\Light\Videos\空轨道.mp4,522,False,0.004219574388116598,244.95306396484375,0.0,344.42852783203125,100.56623840332031
empty,C:\Users\Light\Videos\空轨道.mp4,523,False,0.004237098153680563,244.94827270507812,0.0,344.4347839355469,100.56392669677734
empty,C:\Users\Light\Videos\空轨道.mp4,524,False,0.0022264323197305202,246.78631591796875,0.0,342.90875244140625,103.49102783203125
empty,C:\Users\Light\Videos\空轨道.mp4,525,False,0.006288356613367796,139.73512268066406,0.0,450.4955139160156,109.0
empty,C:\Users\Light\Videos\空轨道.mp4,526,False,0.006297893822193146,139.73728942871094,0.0,450.48663330078125,109.0
empty,C:\Users\Light\Videos\空轨道.mp4,527,False,0.006618427578359842,345.6106872558594,20.58706283569336,371.9786682128906,38.105743408203125
empty,C:\Users\Light\Videos\空轨道.mp4,528,False,0.007038900628685951,343.5546875,18.96914291381836,371.29376220703125,39.6112060546875
empty,C:\Users\Light\Videos\空轨道.mp4,529,False,0.006957600358873606,343.561767578125,18.968292236328125,371.2940979003906,39.607933044433594
empty,C:\Users\Light\Videos\空轨道.mp4,530,False,0.012325892224907875,345.25811767578125,19.773284912109375,371.1083679199219,36.9400634765625
empty,C:\Users\Light\Videos\空轨道.mp4,531,False,0.0405239462852478,345.3063049316406,19.311723709106445,371.33074951171875,36.66554641723633
empty,C:\Users\Light\Videos\空轨道.mp4,532,False,0.04144403710961342,345.3153076171875,19.308317184448242,371.3470458984375,36.679351806640625
empty,C:\Users\Light\Videos\空轨道.mp4,533,False,0.004077569581568241,244.8674774169922,0.0,344.4769592285156,100.39283752441406
empty,C:\Users\Light\Videos\空轨道.mp4,534,False,0.009121355600655079,420.53607177734375,33.35236358642578,448.9499816894531,53.454490661621094
empty,C:\Users\Light\Videos\空轨道.mp4,535,False,0.009064910933375359,420.4771728515625,33.48134231567383,448.9244384765625,53.587860107421875
empty,C:\Users\Light\Videos\空轨道.mp4,536,False,0.005870979744940996,244.5582275390625,0.0,344.56817626953125,100.26778411865234
empty,C:\Users\Light\Videos\空轨道.mp4,537,False,0.0058806948363780975,244.55613708496094,0.0,344.56610107421875,100.27359008789062
empty,C:\Users\Light\Videos\空轨道.mp4,538,False,0.005171740427613258,244.73294067382812,0.0,344.62335205078125,99.90147399902344
empty,C:\Users\Light\Videos\空轨道.mp4,539,False,0.004163232631981373,388.6639404296875,17.940351486206055,411.8236389160156,38.49612808227539
empty,C:\Users\Light\Videos\空轨道.mp4,540,False,0.004222538787871599,388.66583251953125,17.942367553710938,411.8253479003906,38.48469924926758
empty,C:\Users\Light\Videos\空轨道.mp4,541,False,0.0015127572696655989,2.283707857131958,24.129199981689453,26.61260986328125,46.46627426147461
empty,C:\Users\Light\Videos\空轨道.mp4,542,False,0.0014600374270230532,2.3031399250030518,24.147375106811523,26.593019485473633,46.49592590332031
empty,C:\Users\Light\Videos\空轨道.mp4,543,False,0.0012412297073751688,1.5810505151748657,23.46474838256836,25.51026153564453,45.86381530761719
empty,C:\Users\Light\Videos\空轨道.mp4,544,False,0.0,,,,
empty,C:\Users\Light\Videos\空轨道.mp4,545,False,0.0,,,,
empty,C:\Users\Light\Videos\空轨道.mp4,546,False,0.0,,,,
empty,C:\Users\Light\Videos\空轨道.mp4,547,False,0.0,,,,
empty,C:\Users\Light\Videos\空轨道.mp4,548,False,0.0010379375889897346,357.8115539550781,0.0,465.35321044921875,94.60089874267578
empty,C:\Users\Light\Videos\空轨道.mp4,549,False,0.0016805536579340696,358.14349365234375,0.0,464.85504150390625,93.6175537109375
empty,C:\Users\Light\Videos\空轨道.mp4,550,False,0.00163442047778517,358.0921630859375,0.0,464.9357604980469,93.6692123413086
empty,C:\Users\Light\Videos\空轨道.mp4,551,False,0.003074444830417633,357.3161926269531,0.0,465.76947021484375,92.8407974243164
empty,C:\Users\Light\Videos\空轨道.mp4,552,False,0.003093547420576215,357.4237365722656,0.0,465.6770935058594,93.19767761230469
empty,C:\Users\Light\Videos\空轨道.mp4,553,False,0.0031432274263352156,357.39984130859375,0.0,465.7143249511719,93.20722198486328
empty,C:\Users\Light\Videos\空轨道.mp4,554,False,0.00364422588609159,357.39202880859375,0.0,465.8244323730469,93.36009216308594
empty,C:\Users\Light\Videos\空轨道.mp4,555,False,0.0037253459449857473,357.5876159667969,0.0,465.6765441894531,93.36991119384766
empty,C:\Users\Light\Videos\空轨道.mp4,556,False,0.0036501565482467413,357.539306640625,0.0,465.69921875,93.36376953125
empty,C:\Users\Light\Videos\空轨道.mp4,557,False,0.003651884850114584,357.30072021484375,0.0,465.9051818847656,93.18209838867188
empty,C:\Users\Light\Videos\空轨道.mp4,558,False,0.003686872310936451,357.3117980957031,0.0,465.9017333984375,93.1837387084961
empty,C:\Users\Light\Videos\空轨道.mp4,559,False,0.00396748585626483,357.74298095703125,0.0,465.5458068847656,93.35195922851562
empty,C:\Users\Light\Videos\空轨道.mp4,560,False,0.003892862470820546,357.6109619140625,0.0,465.6791076660156,93.20238494873047
empty,C:\Users\Light\Videos\空轨道.mp4,561,False,0.0039021307602524757,357.6218566894531,0.0,465.6706237792969,93.20612335205078
empty,C:\Users\Light\Videos\空轨道.mp4,562,False,0.003390105441212654,357.4997863769531,0.0,465.69219970703125,93.32918548583984
empty,C:\Users\Light\Videos\空轨道.mp4,563,False,0.002866338472813368,357.6248779296875,0.0,465.4222412109375,93.15168762207031
empty,C:\Users\Light\Videos\空轨道.mp4,564,False,0.0029091935139149427,357.60205078125,0.0,465.4566650390625,93.16796112060547
empty,C:\Users\Light\Videos\空轨道.mp4,565,False,0.002339828759431839,361.5220947265625,9.28813648223877,462.3646545410156,109.0
empty,C:\Users\Light\Videos\空轨道.mp4,566,False,0.0022574267350137234,361.7514953613281,8.990020751953125,462.1805114746094,109.0
empty,C:\Users\Light\Videos\空轨道.mp4,567,False,0.0026007439009845257,361.23968505859375,9.432734489440918,462.5264892578125,109.0
empty,C:\Users\Light\Videos\空轨道.mp4,568,False,0.002651019487529993,361.13262939453125,9.477019309997559,462.60943603515625,109.0
empty,C:\Users\Light\Videos\空轨道.mp4,569,False,0.006775231100618839,359.114990234375,11.368536949157715,464.236572265625,109.0
empty,C:\Users\Light\Videos\空轨道.mp4,570,False,0.007868509739637375,359.43817138671875,11.36217212677002,464.03515625,109.0
empty,C:\Users\Light\Videos\空轨道.mp4,571,False,0.0074777486734092236,359.3612365722656,11.606186866760254,464.1187744140625,109.0
empty,C:\Users\Light\Videos\空轨道.mp4,572,False,0.008114582858979702,359.3229064941406,11.813446998596191,464.2764587402344,109.0
empty,C:\Users\Light\Videos\空轨道.mp4,573,False,0.01030105073004961,357.60595703125,12.078214645385742,466.022705078125,109.0
empty,C:\Users\Light\Videos\空轨道.mp4,574,False,0.010296698659658432,357.6190185546875,12.097555160522461,466.0223693847656,109.0
empty,C:\Users\Light\Videos\空轨道.mp4,575,False,0.008897149935364723,358.82403564453125,13.843085289001465,464.9024963378906,109.0
empty,C:\Users\Light\Videos\空轨道.mp4,576,False,0.007932226173579693,358.89642333984375,14.542342185974121,465.18511962890625,109.0
empty,C:\Users\Light\Videos\空轨道.mp4,577,False,0.007851134985685349,358.90069580078125,14.513969421386719,465.21295166015625,109.0
empty,C:\Users\Light\Videos\空轨道.mp4,578,False,0.004181338474154472,245.06057739257812,0.0,344.3010559082031,100.66549682617188
empty,C:\Users\Light\Videos\空轨道.mp4,579,False,0.0037743656430393457,245.32589721679688,0.0,343.9960632324219,101.32232666015625
empty,C:\Users\Light\Videos\空轨道.mp4,580,False,0.0037763030268251896,245.32374572753906,0.0,343.9956970214844,101.31295776367188
empty,C:\Users\Light\Videos\空轨道.mp4,581,False,0.025468068197369576,421.385986328125,32.75021743774414,448.6684875488281,52.48645782470703
empty,C:\Users\Light\Videos\空轨道.mp4,582,False,0.025505438446998596,421.3854064941406,32.75353240966797,448.6647644042969,52.48945999145508
empty,C:\Users\Light\Videos\空轨道.mp4,583,False,0.009455404244363308,417.0021057128906,32.98854064941406,446.3981628417969,53.1811637878418
empty,C:\Users\Light\Videos\空轨道.mp4,584,False,0.005783355329185724,374.6931457519531,24.936994552612305,397.5229187011719,43.31869125366211
empty,C:\Users\Light\Videos\空轨道.mp4,585,False,0.0060813757590949535,374.6664123535156,24.917003631591797,397.54547119140625,43.31425476074219
empty,C:\Users\Light\Videos\空轨道.mp4,586,False,0.010661539621651173,345.6654052734375,20.6088924407959,371.7706298828125,37.14667510986328
empty,C:\Users\Light\Videos\空轨道.mp4,587,False,0.006291839759796858,342.69580078125,19.863557815551758,367.3408203125,34.84330368041992
empty,C:\Users\Light\Videos\空轨道.mp4,588,False,0.006335527636110783,342.6933898925781,19.870616912841797,367.3481140136719,34.85004806518555
empty,C:\Users\Light\Videos\空轨道.mp4,589,False,0.004806433338671923,404.3844299316406,29.190555572509766,430.2214050292969,54.34410858154297
empty,C:\Users\Light\Videos\空轨道.mp4,590,False,0.004738477058708668,343.9613952636719,19.125484466552734,371.7730712890625,39.93684005737305
empty,C:\Users\Light\Videos\空轨道.mp4,591,False,0.0039028115570545197,245.07505798339844,0.0,344.36474609375,100.79583740234375
empty,C:\Users\Light\Videos\空轨道.mp4,592,False,0.003751150332391262,245.17140197753906,0.0,344.25860595703125,100.95854949951172
empty,C:\Users\Light\Videos\空轨道.mp4,593,False,0.0027643246576189995,246.42514038085938,0.0,343.0673828125,102.76907348632812
empty,C:\Users\Light\Videos\空轨道.mp4,594,False,0.003194900695234537,245.92080688476562,0.0,343.5003967285156,101.91427612304688
empty,C:\Users\Light\Videos\空轨道.mp4,595,False,0.0031964206136763096,245.91954040527344,0.0,343.5009460449219,101.90910339355469
empty,C:\Users\Light\Videos\空轨道.mp4,596,False,0.0031987151596695185,245.74008178710938,0.0,343.56085205078125,101.98507690429688
empty,C:\Users\Light\Videos\空轨道.mp4,597,False,0.003398595377802849,245.5005340576172,0.0,343.8577880859375,101.62676239013672
empty,C:\Users\Light\Videos\空轨道.mp4,598,False,0.00338238338008523,245.5128631591797,0.0,343.8379821777344,101.6524887084961
empty,C:\Users\Light\Videos\空轨道.mp4,599,False,0.004153145942837,244.95306396484375,0.0,344.48419189453125,100.7654037475586
empty,C:\Users\Light\Videos\空轨道.mp4,600,False,0.005237066652625799,244.8005828857422,0.0,344.5805969238281,99.88966369628906
empty,C:\Users\Light\Videos\空轨道.mp4,601,False,0.00521853007376194,244.80923461914062,0.0,344.5748596191406,99.88616180419922
empty,C:\Users\Light\Videos\空轨道.mp4,602,False,0.0027547581121325493,246.361328125,0.0,343.1791687011719,102.6915283203125
empty,C:\Users\Light\Videos\空轨道.mp4,603,False,0.0028680942486971617,246.330810546875,0.0,343.2056579589844,102.52823638916016
empty,C:\Users\Light\Videos\空轨道.mp4,604,False,0.00201990595087409,246.6030731201172,0.0,343.0118103027344,103.56261444091797
empty,C:\Users\Light\Videos\空轨道.mp4,605,False,0.0018663968658074737,246.3814697265625,0.0,343.2853698730469,103.36492156982422
empty,C:\Users\Light\Videos\空轨道.mp4,606,False,0.0018671121215447783,246.38319396972656,0.0,343.2840270996094,103.36532592773438
empty,C:\Users\Light\Videos\空轨道.mp4,607,False,0.00371938175521791,245.18614196777344,0.0,344.1941833496094,101.02104949951172
empty,C:\Users\Light\Videos\空轨道.mp4,608,False,0.003184392349794507,400.53533935546875,29.801332473754883,421.9397888183594,55.09392547607422
empty,C:\Users\Light\Videos\空轨道.mp4,609,False,0.0032168470788747072,400.5298156738281,29.8012638092041,421.9496765136719,55.08789825439453
empty,C:\Users\Light\Videos\空轨道.mp4,610,False,0.0035373230930417776,245.209228515625,0.0,344.1174621582031,101.26370239257812
empty,C:\Users\Light\Videos\空轨道.mp4,611,False,0.006124208681285381,139.45864868164062,0.0,450.5677490234375,109.0
empty,C:\Users\Light\Videos\空轨道.mp4,612,False,0.006106953602284193,139.45770263671875,0.0,450.5694580078125,109.0
empty,C:\Users\Light\Videos\空轨道.mp4,613,False,0.004916607867926359,244.7545928955078,0.0,344.7586975097656,99.85496520996094
empty,C:\Users\Light\Videos\空轨道.mp4,614,False,0.0037197989877313375,245.1573486328125,0.0,344.2804870605469,100.9361343383789
empty,C:\Users\Light\Videos\空轨道.mp4,615,False,0.005793903023004532,372.7095031738281,26.004737854003906,396.8008728027344,44.24107360839844
empty,C:\Users\Light\Videos\空轨道.mp4,616,False,0.005885663442313671,372.70123291015625,26.00682258605957,396.80609130859375,44.262386322021484
empty,C:\Users\Light\Videos\空轨道.mp4,617,False,0.00763593427836895,417.18609619140625,28.881614685058594,443.34228515625,52.628543853759766
empty,C:\Users\Light\Videos\空轨道.mp4,618,False,0.0048287673853337765,380.0999755859375,24.311559677124023,402.31744384765625,43.144622802734375
empty,C:\Users\Light\Videos\空轨道.mp4,619,False,0.005149556789547205,380.06640625,24.25983428955078,402.3763732910156,43.135746002197266
empty,C:\Users\Light\Videos\空轨道.mp4,620,False,0.005644605495035648,244.4407501220703,0.0,344.9165344238281,99.52668762207031
empty,C:\Users\Light\Videos\空轨道.mp4,621,False,0.005630091764032841,244.44923400878906,0.0,344.9353942871094,99.75479125976562
empty,C:\Users\Light\Videos\空轨道.mp4,622,False,0.005421926267445087,244.53334045410156,0.0,344.8922424316406,99.67469024658203
empty,C:\Users\Light\Videos\空轨道.mp4,623,False,0.0024250312708318233,2.8175182342529297,23.593523025512695,27.287555694580078,46.49751663208008
empty,C:\Users\Light\Videos\空轨道.mp4,624,False,0.0037809668574482203,2.124521493911743,24.133121490478516,27.254764556884766,45.98736572265625
empty,C:\Users\Light\Videos\空轨道.mp4,625,False,0.003725177375599742,2.1372804641723633,24.144304275512695,27.248645782470703,45.99321746826172
empty,C:\Users\Light\Videos\空轨道.mp4,626,False,0.001342587056569755,445.0271301269531,14.407112121582031,468.5575256347656,37.26032257080078
empty,C:\Users\Light\Videos\空轨道.mp4,627,False,0.0013397857546806335,445.0231018066406,14.402517318725586,468.5642395019531,37.27549362182617
empty,C:\Users\Light\Videos\空轨道.mp4,628,False,0.0,,,,
empty,C:\Users\Light\Videos\空轨道.mp4,629,False,0.0,,,,
empty,C:\Users\Light\Videos\空轨道.mp4,630,False,0.0,,,,
empty,C:\Users\Light\Videos\空轨道.mp4,631,False,0.0,,,,
empty,C:\Users\Light\Videos\空轨道.mp4,632,False,0.0,,,,
empty,C:\Users\Light\Videos\空轨道.mp4,633,False,0.0,,,,
empty,C:\Users\Light\Videos\空轨道.mp4,634,False,0.0,,,,
empty,C:\Users\Light\Videos\空轨道.mp4,635,False,0.0,,,,
empty,C:\Users\Light\Videos\空轨道.mp4,636,False,0.0,,,,
empty,C:\Users\Light\Videos\空轨道.mp4,637,False,0.003005960024893284,357.6999206542969,0.0,465.16302490234375,92.44156646728516
empty,C:\Users\Light\Videos\空轨道.mp4,638,False,0.0043830424547195435,357.92742919921875,0.0,465.14337158203125,93.33460998535156
empty,C:\Users\Light\Videos\空轨道.mp4,639,False,0.006032660603523254,358.3287353515625,0.0,464.989501953125,94.55636596679688
empty,C:\Users\Light\Videos\空轨道.mp4,640,False,0.00612984411418438,358.34820556640625,0.0,464.9830017089844,94.64112091064453
empty,C:\Users\Light\Videos\空轨道.mp4,641,False,0.005799103993922472,358.4926452636719,0.0,464.9499816894531,94.54168701171875
empty,C:\Users\Light\Videos\空轨道.mp4,642,False,0.005857664626091719,358.4079895019531,0.0,465.03436279296875,94.52738952636719
empty,C:\Users\Light\Videos\空轨道.mp4,643,False,0.0059447153471410275,358.41845703125,0.0,465.0276184082031,94.6035385131836
empty,C:\Users\Light\Videos\空轨道.mp4,644,False,0.005397852975875139,358.4556579589844,0.0,464.9663391113281,94.178955078125
empty,C:\Users\Light\Videos\空轨道.mp4,645,False,0.005812544841319323,358.4393310546875,0.0,465.0235900878906,94.5071029663086
empty,C:\Users\Light\Videos\空轨道.mp4,646,False,0.005823154468089342,358.4392395019531,0.0,465.0238342285156,94.51080322265625
empty,C:\Users\Light\Videos\空轨道.mp4,647,False,0.004520935006439686,358.3204040527344,0.0,464.9930419921875,93.98014831542969
empty,C:\Users\Light\Videos\空轨道.mp4,648,False,0.004492087289690971,358.3140869140625,0.0,465.00152587890625,93.9684066772461
empty,C:\Users\Light\Videos\空轨道.mp4,649,False,0.005695661995559931,358.36639404296875,0.0,465.05902099609375,94.31389617919922
empty,C:\Users\Light\Videos\空轨道.mp4,650,False,0.005510533228516579,358.3966979980469,0.0,465.0110778808594,94.05894470214844
empty,C:\Users\Light\Videos\空轨道.mp4,651,False,0.00549202598631382,358.39752197265625,0.0,465.0090026855469,94.0487060546875
empty,C:\Users\Light\Videos\空轨道.mp4,652,False,0.005684218369424343,358.1798400878906,0.0,465.1841735839844,93.6844482421875
empty,C:\Users\Light\Videos\空轨道.mp4,653,False,0.005166024435311556,358.3193664550781,0.0,465.1229553222656,93.47598266601562
empty,C:\Users\Light\Videos\空轨道.mp4,654,False,0.005164117552340031,358.31597900390625,0.0,465.1251525878906,93.47178649902344
empty,C:\Users\Light\Videos\空轨道.mp4,655,False,0.002206645207479596,358.35797119140625,0.0,464.6368103027344,93.20002746582031
empty,C:\Users\Light\Videos\空轨道.mp4,656,False,0.0,,,,
empty,C:\Users\Light\Videos\空轨道.mp4,657,False,0.0,,,,
empty,C:\Users\Light\Videos\空轨道.mp4,658,False,0.002472388092428446,359.4767761230469,10.313365936279297,464.6173400878906,109.0
empty,C:\Users\Light\Videos\空轨道.mp4,659,False,0.0024639838375151157,359.4736022949219,10.308390617370605,464.61895751953125,109.0
empty,C:\Users\Light\Videos\空轨道.mp4,660,False,0.003501442028209567,244.99986267089844,0.0,344.5629577636719,99.05560302734375
empty,C:\Users\Light\Videos\空轨道.mp4,661,False,0.004085675813257694,245.38992309570312,0.0,344.2760925292969,99.3586196899414
empty,C:\Users\Light\Videos\空轨道.mp4,662,False,0.0015150222461670637,2.294665575027466,24.147375106811523,26.427791595458984,46.09978103637695
empty,C:\Users\Light\Videos\空轨道.mp4,663,False,0.005897626746445894,138.9837646484375,0.0,451.2119445800781,109.0
empty,C:\Users\Light\Videos\空轨道.mp4,664,False,0.0058550406247377396,138.8932342529297,0.0,451.2806701660156,109.0
empty,C:\Users\Light\Videos\空轨道.mp4,665,False,0.007219814695417881,138.32896423339844,0.0,451.2760009765625,109.0
empty,C:\Users\Light\Videos\空轨道.mp4,666,False,0.007243297528475523,138.36141967773438,0.0,451.34771728515625,109.0
empty,C:\Users\Light\Videos\空轨道.mp4,667,False,0.007239930331707001,138.404052734375,0.0,451.3167419433594,109.0
empty,C:\Users\Light\Videos\空轨道.mp4,668,False,0.005570189096033573,244.53587341308594,0.0,344.8059997558594,100.36038970947266
empty,C:\Users\Light\Videos\空轨道.mp4,669,False,0.007330261170864105,137.5509033203125,0.0,451.7335205078125,109.0
empty,C:\Users\Light\Videos\空轨道.mp4,670,False,0.007323495112359524,137.55030822753906,0.0,451.7362976074219,109.0
empty,C:\Users\Light\Videos\空轨道.mp4,671,False,0.007840587757527828,137.9940185546875,0.0,451.1513671875,109.0
empty,C:\Users\Light\Videos\空轨道.mp4,672,False,0.007825985550880432,137.9845733642578,0.0,451.167236328125,109.0
empty,C:\Users\Light\Videos\空轨道.mp4,673,False,0.005176507402211428,244.79269409179688,0.0,344.5457458496094,100.40884399414062
empty,C:\Users\Light\Videos\空轨道.mp4,674,False,0.006039483938366175,138.2111358642578,0.0,451.659912109375,109.0
empty,C:\Users\Light\Videos\空轨道.mp4,675,False,0.006155266892164946,416.2603454589844,31.502689361572266,445.0601806640625,50.16946029663086
empty,C:\Users\Light\Videos\空轨道.mp4,676,False,0.014947956427931786,373.5179443359375,25.112653732299805,396.7395324707031,42.40610122680664
empty,C:\Users\Light\Videos\空轨道.mp4,677,False,0.006393855437636375,138.8967742919922,0.0,450.77117919921875,109.0
empty,C:\Users\Light\Videos\空轨道.mp4,678,False,0.006389683112502098,138.8920135498047,0.0,450.7689208984375,109.0
empty,C:\Users\Light\Videos\空轨道.mp4,679,False,0.004554307088255882,244.9212188720703,0.0,344.61907958984375,100.33450317382812
empty,C:\Users\Light\Videos\空轨道.mp4,680,False,0.005107935052365065,244.55557250976562,0.0,344.945556640625,99.73477172851562
empty,C:\Users\Light\Videos\空轨道.mp4,681,False,0.005051609594374895,244.56185913085938,0.0,344.946044921875,99.76344299316406
empty,C:\Users\Light\Videos\空轨道.mp4,682,False,0.004401394631713629,244.92507934570312,0.0,344.6441345214844,100.33721160888672
empty,C:\Users\Light\Videos\空轨道.mp4,683,False,0.004427948500961065,244.91180419921875,0.0,344.65887451171875,100.31471252441406
empty,C:\Users\Light\Videos\空轨道.mp4,684,False,0.004251402337104082,244.9187469482422,0.0,344.6184997558594,100.57367706298828
empty,C:\Users\Light\Videos\空轨道.mp4,685,False,0.0070195747539401054,138.54551696777344,0.0,450.9988708496094,109.0
empty,C:\Users\Light\Videos\空轨道.mp4,686,False,0.0040896981954574585,244.8061981201172,0.0,344.7185974121094,100.70323944091797
empty,C:\Users\Light\Videos\空轨道.mp4,687,False,0.005373230203986168,244.53948974609375,0.0,344.94097900390625,99.77466583251953
empty,C:\Users\Light\Videos\空轨道.mp4,688,False,0.005314282141625881,244.55050659179688,0.0,344.9368896484375,99.78006744384766
empty,C:\Users\Light\Videos\空轨道.mp4,689,False,0.00523867504671216,244.58258056640625,0.0,344.9617919921875,99.83963775634766
empty,C:\Users\Light\Videos\空轨道.mp4,690,False,0.005951329600065947,138.87698364257812,0.0,451.1190490722656,109.0
empty,C:\Users\Light\Videos\空轨道.mp4,691,False,0.005973948631435633,138.88636779785156,0.0,451.1142272949219,109.0
empty,C:\Users\Light\Videos\空轨道.mp4,692,False,0.003466155845671892,245.29434204101562,0.0,344.21826171875,101.50993347167969
empty,C:\Users\Light\Videos\空轨道.mp4,693,False,0.0034408243373036385,245.3218231201172,0.0,344.19061279296875,101.53694152832031
empty,C:\Users\Light\Videos\空轨道.mp4,694,False,0.006933238822966814,138.66885375976562,0.0,450.8979187011719,109.0
empty,C:\Users\Light\Videos\空轨道.mp4,695,False,0.0037863159086555243,245.09458923339844,0.0,344.5042419433594,100.91697692871094
empty,C:\Users\Light\Videos\空轨道.mp4,696,False,0.0037917103618383408,245.0882568359375,0.0,344.51055908203125,100.90592193603516
empty,C:\Users\Light\Videos\空轨道.mp4,697,False,0.006096612196415663,138.905517578125,0.0,450.8623962402344,109.0
empty,C:\Users\Light\Videos\空轨道.mp4,698,False,0.006552102975547314,139.0542449951172,0.0,450.5618591308594,109.0
empty,C:\Users\Light\Videos\空轨道.mp4,699,False,0.006595613434910774,139.02053833007812,0.0,450.5873107910156,109.0
empty,C:\Users\Light\Videos\空轨道.mp4,700,False,0.006054115016013384,138.7771453857422,0.0,450.930908203125,109.0
empty,C:\Users\Light\Videos\空轨道.mp4,701,False,0.005987746641039848,138.80953979492188,0.0,450.8862609863281,109.0
empty,C:\Users\Light\Videos\空轨道.mp4,702,False,0.005986673757433891,138.80984497070312,0.0,450.8866882324219,109.0
empty,C:\Users\Light\Videos\空轨道.mp4,703,False,0.0053093950264155865,244.4972686767578,0.0,345.0448913574219,99.68284606933594
empty,C:\Users\Light\Videos\空轨道.mp4,704,False,0.005310289096087217,244.4944610595703,0.0,345.0486755371094,99.68195343017578
empty,C:\Users\Light\Videos\空轨道.mp4,705,False,0.005356213543564081,244.5295867919922,0.0,345.02349853515625,99.70543670654297
empty,C:\Users\Light\Videos\空轨道.mp4,706,False,0.007595667149871588,402.6085510253906,35.55540084838867,430.5738830566406,59.26293182373047
empty,C:\Users\Light\Videos\空轨道.mp4,707,False,0.007320087403059006,402.616943359375,35.54999923706055,430.5680236816406,59.277923583984375
empty,C:\Users\Light\Videos\空轨道.mp4,708,False,0.006002052221447229,138.84884643554688,0.0,451.103515625,109.0
empty,C:\Users\Light\Videos\空轨道.mp4,709,False,0.00596169987693429,138.972412109375,0.0,450.9298400878906,109.0
empty,C:\Users\Light\Videos\空轨道.mp4,710,False,0.005406701005995274,138.5911865234375,0.0,451.5491027832031,109.0
empty,C:\Users\Light\Videos\空轨道.mp4,711,False,0.006055069155991077,138.9609375,0.0,451.02093505859375,109.0
empty,C:\Users\Light\Videos\空轨道.mp4,712,False,0.006043089088052511,138.96083068847656,0.0,451.02392578125,109.0
empty,C:\Users\Light\Videos\空轨道.mp4,713,False,0.011870848946273327,345.4606628417969,19.948923110961914,371.224365234375,36.71709442138672
empty,C:\Users\Light\Videos\空轨道.mp4,714,False,0.00573686882853508,380.8338623046875,24.527202606201172,402.65338134765625,42.855472564697266
empty,C:\Users\Light\Videos\空轨道.mp4,715,False,0.005660426337271929,380.8540344238281,24.5079288482666,402.641357421875,42.85690689086914
empty,C:\Users\Light\Videos\空轨道.mp4,716,False,0.006092649418860674,140.20050048828125,0.0,450.5235595703125,109.0
empty,C:\Users\Light\Videos\空轨道.mp4,717,False,0.006135385483503342,140.20849609375,0.0,450.49639892578125,109.0
empty,C:\Users\Light\Videos\空轨道.mp4,718,False,0.004189057741314173,244.7890625,0.0,344.6376953125,100.08647918701172
empty,C:\Users\Light\Videos\空轨道.mp4,719,False,0.003614752786234021,389.0492858886719,19.083620071411133,412.3511657714844,38.66773223876953
empty,C:\Users\Light\Videos\空轨道.mp4,720,False,0.003398568369448185,389.0654296875,19.054351806640625,412.3412170410156,38.70090103149414
empty,C:\Users\Light\Videos\空轨道.mp4,721,False,0.007167140953242779,389.8076477050781,17.487529754638672,415.6819763183594,36.33152770996094
empty,C:\Users\Light\Videos\空轨道.mp4,722,False,0.003354497952386737,2.055119037628174,23.83731460571289,26.835941314697266,45.80424499511719
empty,C:\Users\Light\Videos\空轨道.mp4,723,False,0.0034167245030403137,2.041890859603882,23.818578720092773,26.839706420898438,45.769954681396484
empty,C:\Users\Light\Videos\空轨道.mp4,724,False,0.0,,,,
empty,C:\Users\Light\Videos\空轨道.mp4,725,False,0.0,,,,
empty,C:\Users\Light\Videos\空轨道.mp4,726,False,0.0,,,,
empty,C:\Users\Light\Videos\空轨道.mp4,727,False,0.0,,,,
empty,C:\Users\Light\Videos\空轨道.mp4,728,False,0.0,,,,
empty,C:\Users\Light\Videos\空轨道.mp4,729,False,0.0,,,,
empty,C:\Users\Light\Videos\空轨道.mp4,730,False,0.0,,,,
empty,C:\Users\Light\Videos\空轨道.mp4,731,False,0.0,,,,
empty,C:\Users\Light\Videos\空轨道.mp4,732,False,0.0,,,,
empty,C:\Users\Light\Videos\空轨道.mp4,733,False,0.001334078493528068,359.04864501953125,0.0,464.0897521972656,94.7073974609375
empty,C:\Users\Light\Videos\空轨道.mp4,734,False,0.0,,,,
empty,C:\Users\Light\Videos\空轨道.mp4,735,False,0.00139326392672956,244.85171508789062,0.0,344.81561279296875,101.67916107177734
empty,C:\Users\Light\Videos\空轨道.mp4,736,False,0.0014970933552831411,245.00393676757812,0.0,344.6305236816406,101.33483123779297
empty,C:\Users\Light\Videos\空轨道.mp4,737,False,0.0,,,,
empty,C:\Users\Light\Videos\空轨道.mp4,738,False,0.0,,,,
empty,C:\Users\Light\Videos\空轨道.mp4,739,False,0.0015215306775644422,245.1445770263672,0.0,344.4799499511719,101.26750946044922
empty,C:\Users\Light\Videos\空轨道.mp4,740,False,0.0011035616043955088,133.6047821044922,0.0,458.8301086425781,109.0
empty,C:\Users\Light\Videos\空轨道.mp4,741,False,0.001103054964914918,133.60476684570312,0.0,458.8336486816406,109.0
empty,C:\Users\Light\Videos\空轨道.mp4,742,False,0.0013025174848735332,244.71900939941406,0.0,345.0599365234375,101.75071716308594
empty,C:\Users\Light\Videos\空轨道.mp4,743,False,0.0,,,,
empty,C:\Users\Light\Videos\空轨道.mp4,744,False,0.0,,,,
empty,C:\Users\Light\Videos\空轨道.mp4,745,False,0.002027833368629217,245.7127227783203,0.0,343.74859619140625,101.19780731201172
empty,C:\Users\Light\Videos\空轨道.mp4,746,False,0.00371810095384717,244.9201202392578,0.0,344.69964599609375,99.03276062011719
empty,C:\Users\Light\Videos\空轨道.mp4,747,False,0.0036781965754926205,244.9169158935547,0.0,344.687255859375,99.02010345458984
empty,C:\Users\Light\Videos\空轨道.mp4,748,False,0.0032109941821545362,245.29730224609375,0.0,344.2208557128906,99.59515380859375
empty,C:\Users\Light\Videos\空轨道.mp4,749,False,0.0031589006539434195,245.35360717773438,0.0,344.1572570800781,99.65873718261719
empty,C:\Users\Light\Videos\空轨道.mp4,750,False,0.003792456118389964,245.38587951660156,0.0,344.2977294921875,99.36286163330078
empty,C:\Users\Light\Videos\空轨道.mp4,751,False,0.002317924052476883,246.07421875,0.0,343.3822326660156,101.85755920410156
empty,C:\Users\Light\Videos\空轨道.mp4,752,False,0.0023553255014121532,246.06021118164062,0.0,343.39117431640625,101.81636047363281
empty,C:\Users\Light\Videos\空轨道.mp4,753,False,0.002555652754381299,246.08139038085938,0.0,343.4004211425781,102.00257873535156
empty,C:\Users\Light\Videos\空轨道.mp4,754,False,0.003649913938716054,245.22586059570312,0.0,344.248779296875,100.56394958496094
empty,C:\Users\Light\Videos\空轨道.mp4,755,False,0.0036662453785538673,245.2263946533203,0.0,344.251708984375,100.55696105957031
empty,C:\Users\Light\Videos\空轨道.mp4,756,False,0.005738545209169388,138.54554748535156,0.0,451.7052307128906,109.0
empty,C:\Users\Light\Videos\空轨道.mp4,757,False,0.005146110896021128,244.77114868164062,0.0,344.70208740234375,99.65026092529297
empty,C:\Users\Light\Videos\空轨道.mp4,758,False,0.0043494501151144505,245.10548400878906,0.0,344.4374084472656,100.53205871582031
empty,C:\Users\Light\Videos\空轨道.mp4,759,False,0.010037641040980816,420.689208984375,32.3179931640625,448.9927978515625,52.393314361572266
empty,C:\Users\Light\Videos\空轨道.mp4,760,False,0.009957682341337204,420.6749572753906,32.31413650512695,448.9916076660156,52.39820098876953
empty,C:\Users\Light\Videos\空轨道.mp4,761,False,0.00457522738724947,244.91018676757812,0.0,344.4729919433594,100.78268432617188
empty,C:\Users\Light\Videos\空轨道.mp4,762,False,0.004568671341985464,244.91221618652344,0.0,344.4701843261719,100.78923034667969
empty,C:\Users\Light\Videos\空轨道.mp4,763,False,0.008050805889070034,416.534423828125,25.043424606323242,441.2054748535156,47.891658782958984
empty,C:\Users\Light\Videos\空轨道.mp4,764,False,0.009525548666715622,374.1806945800781,25.39837646484375,397.20001220703125,42.200164794921875
empty,C:\Users\Light\Videos\空轨道.mp4,765,False,0.009734312072396278,374.1745300292969,25.41065788269043,397.2039794921875,42.18156051635742
empty,C:\Users\Light\Videos\空轨道.mp4,766,False,0.004523939453065395,244.8495330810547,0.0,344.68292236328125,100.50973510742188
empty,C:\Users\Light\Videos\空轨道.mp4,767,False,0.0031604794785380363,245.9982452392578,0.0,343.4884948730469,102.1085433959961
empty,C:\Users\Light\Videos\空轨道.mp4,768,False,0.003164353547617793,245.99188232421875,0.0,343.4945983886719,102.09856414794922
empty,C:\Users\Light\Videos\空轨道.mp4,769,False,0.004979012534022331,244.5328369140625,0.0,344.9147644042969,99.76345825195312
empty,C:\Users\Light\Videos\空轨道.mp4,770,False,0.006326771806925535,138.9768829345703,0.0,450.6488037109375,109.0
empty,C:\Users\Light\Videos\空轨道.mp4,771,False,0.006257392931729555,138.97323608398438,0.0,450.68951416015625,109.0
empty,C:\Users\Light\Videos\空轨道.mp4,772,False,0.005369505845010281,244.57952880859375,0.0,344.8747863769531,99.59548950195312
empty,C:\Users\Light\Videos\空轨道.mp4,773,False,0.005361130926758051,244.58132934570312,0.0,344.8749694824219,99.59262084960938
empty,C:\Users\Light\Videos\空轨道.mp4,774,False,0.004064962733536959,245.11093139648438,0.0,344.4730224609375,100.54277038574219
empty,C:\Users\Light\Videos\空轨道.mp4,775,False,0.005373293533921242,138.1179656982422,0.0,451.84942626953125,109.0
empty,C:\Users\Light\Videos\空轨道.mp4,776,False,0.0053827702067792416,138.1332244873047,0.0,451.8282165527344,109.0
empty,C:\Users\Light\Videos\空轨道.mp4,777,False,0.0046255034394562244,244.8218231201172,0.0,344.7441101074219,100.12522888183594
empty,C:\Users\Light\Videos\空轨道.mp4,778,False,0.0034681824035942554,245.47117614746094,0.0,344.0062561035156,101.33232116699219
empty,C:\Users\Light\Videos\空轨道.mp4,779,False,0.0034610601142048836,245.4785919189453,0.0,343.9991760253906,101.34455871582031
empty,C:\Users\Light\Videos\空轨道.mp4,780,False,0.004071906674653292,245.0841064453125,0.0,344.4622802734375,100.53968048095703
empty,C:\Users\Light\Videos\空轨道.mp4,781,False,0.0032603153958916664,245.74610900878906,0.0,343.78033447265625,101.70378875732422
empty,C:\Users\Light\Videos\空轨道.mp4,782,False,0.004816443659365177,244.7864990234375,0.0,344.7768249511719,99.99266052246094
empty,C:\Users\Light\Videos\空轨道.mp4,783,False,0.00492814090102911,244.7508087158203,0.0,344.8062744140625,99.92251586914062
empty,C:\Users\Light\Videos\空轨道.mp4,784,False,0.004091575741767883,245.00225830078125,0.0,344.5310974121094,100.49068450927734
empty,C:\Users\Light\Videos\空轨道.mp4,785,False,0.004235607571899891,245.10064697265625,0.0,344.5155334472656,100.38179016113281
empty,C:\Users\Light\Videos\空轨道.mp4,786,False,0.004203451331704855,245.1130828857422,0.0,344.49688720703125,100.41300964355469
empty,C:\Users\Light\Videos\空轨道.mp4,787,False,0.004163934849202633,245.0348663330078,0.0,344.49530029296875,100.43889617919922
empty,C:\Users\Light\Videos\空轨道.mp4,788,False,0.004336397163569927,245.00010681152344,0.0,344.5700988769531,100.31803131103516
empty,C:\Users\Light\Videos\空轨道.mp4,789,False,0.004306744318455458,245.00579833984375,0.0,344.5589294433594,100.34535217285156
empty,C:\Users\Light\Videos\空轨道.mp4,790,False,0.00331667042337358,245.6035614013672,0.0,343.85736083984375,101.6500473022461
empty,C:\Users\Light\Videos\空轨道.mp4,791,False,0.004617785569280386,244.83401489257812,0.0,344.7321472167969,100.05550384521484
empty,C:\Users\Light\Videos\空轨道.mp4,792,False,0.004619781859219074,244.8341522216797,0.0,344.7322692871094,100.05133819580078
empty,C:\Users\Light\Videos\空轨道.mp4,793,False,0.0038034820463508368,245.22128295898438,0.0,344.29925537109375,100.88550567626953
empty,C:\Users\Light\Videos\空轨道.mp4,794,False,0.0037485873326659203,245.26699829101562,0.0,344.25518798828125,100.9727554321289
empty,C:\Users\Light\Videos\空轨道.mp4,795,False,0.004120215307921171,245.02017211914062,0.0,344.54388427734375,100.55599212646484
empty,C:\Users\Light\Videos\空轨道.mp4,796,False,0.004907398950308561,244.71707153320312,0.0,344.8502502441406,99.8416976928711
empty,C:\Users\Light\Videos\空轨道.mp4,797,False,0.00506490096449852,244.67771911621094,0.0,344.8616027832031,99.74300384521484
empty,C:\Users\Light\Videos\空轨道.mp4,798,False,0.004073724150657654,245.02601623535156,0.0,344.513916015625,100.47069549560547
empty,C:\Users\Light\Videos\空轨道.mp4,799,False,0.003869373816996813,245.0103759765625,0.0,344.534912109375,100.66742706298828
empty,C:\Users\Light\Videos\空轨道.mp4,800,False,0.0038651719223707914,245.0004425048828,0.0,344.5357666015625,100.66814422607422
empty,C:\Users\Light\Videos\空轨道.mp4,801,False,0.006257869303226471,139.06988525390625,0.0,450.6595458984375,109.0
empty,C:\Users\Light\Videos\空轨道.mp4,802,False,0.005446992814540863,138.61737060546875,0.0,451.4342346191406,109.0
empty,C:\Users\Light\Videos\空轨道.mp4,803,False,0.005444161593914032,138.62432861328125,0.0,451.4318542480469,109.0
empty,C:\Users\Light\Videos\空轨道.mp4,804,False,0.006322361528873444,138.97006225585938,0.0,450.7865905761719,109.0
empty,C:\Users\Light\Videos\空轨道.mp4,805,False,0.004946260247379541,244.6381378173828,0.0,344.95428466796875,99.56661987304688
empty,C:\Users\Light\Videos\空轨道.mp4,806,False,0.007174425292760134,138.46478271484375,0.0,451.0531921386719,109.0
empty,C:\Users\Light\Videos\空轨道.mp4,807,False,0.00721081392839551,138.46595764160156,0.0,451.0415954589844,109.0
empty,C:\Users\Light\Videos\空轨道.mp4,808,False,0.0069005731493234634,411.0640869140625,29.019376754760742,434.517578125,53.83613586425781
empty,C:\Users\Light\Videos\空轨道.mp4,809,False,0.0065942732617259026,139.0941925048828,0.0,450.72906494140625,109.0
empty,C:\Users\Light\Videos\空轨道.mp4,810,False,0.006608070805668831,139.09902954101562,0.0,450.7240295410156,109.0
empty,C:\Users\Light\Videos\空轨道.mp4,811,False,0.005240094847977161,379.3150939941406,24.055063247680664,401.9477844238281,42.928062438964844
empty,C:\Users\Light\Videos\空轨道.mp4,812,False,0.004228156991302967,244.80532836914062,0.0,344.5107116699219,100.50684356689453
empty,C:\Users\Light\Videos\空轨道.mp4,813,False,0.004139973782002926,244.85299682617188,0.0,344.457763671875,100.6053695678711
empty,C:\Users\Light\Videos\空轨道.mp4,814,False,0.004702975507825613,388.7165222167969,19.039783477783203,411.75970458984375,38.686153411865234
empty,C:\Users\Light\Videos\空轨道.mp4,815,False,0.0014859949005767703,2.0807647705078125,24.288991928100586,26.39906883239746,46.43507766723633
empty,C:\Users\Light\Videos\空轨道.mp4,816,False,0.0014873957261443138,2.103982925415039,24.270771026611328,26.421911239624023,46.438194274902344
empty,C:\Users\Light\Videos\空轨道.mp4,817,False,0.0013607073342427611,1.8266830444335938,24.322608947753906,26.218278884887695,47.02552795410156
empty,C:\Users\Light\Videos\空轨道.mp4,818,False,0.0013886915985494852,1.8127305507659912,24.313980102539062,26.22651481628418,47.027164459228516
empty,C:\Users\Light\Videos\空轨道.mp4,819,False,0.0017230206867679954,245.56500244140625,0.0,344.007080078125,101.61000061035156
empty,C:\Users\Light\Videos\空轨道.mp4,820,False,0.0,,,,
empty,C:\Users\Light\Videos\空轨道.mp4,821,False,0.0,,,,
empty,C:\Users\Light\Videos\空轨道.mp4,822,False,0.0014363876543939114,358.73968505859375,0.0,464.4320373535156,93.50045776367188
empty,C:\Users\Light\Videos\空轨道.mp4,823,False,0.00584076764062047,358.064697265625,0.0,465.1645812988281,94.18827819824219
empty,C:\Users\Light\Videos\空轨道.mp4,824,False,0.0060428231954574585,358.126220703125,0.0,465.1329040527344,94.37920379638672
empty,C:\Users\Light\Videos\空轨道.mp4,825,False,0.003859901800751686,358.3843994140625,0.0,464.96478271484375,93.97046661376953
empty,C:\Users\Light\Videos\空轨道.mp4,826,False,0.0026562362909317017,358.7725524902344,0.0,465.0177917480469,94.18695831298828
empty,C:\Users\Light\Videos\空轨道.mp4,827,False,0.0026317688170820475,358.7599792480469,0.0,465.0346984863281,94.16140747070312
empty,C:\Users\Light\Videos\空轨道.mp4,828,False,0.004219638183712959,140.45343017578125,0.0,450.0233459472656,109.0
empty,C:\Users\Light\Videos\空轨道.mp4,829,False,0.003919892944395542,140.26016235351562,0.0,450.28399658203125,109.0
empty,C:\Users\Light\Videos\空轨道.mp4,830,False,0.004329100251197815,140.29837036132812,0.0,450.0040588378906,109.0
empty,C:\Users\Light\Videos\空轨道.mp4,831,False,0.004396512173116207,140.30384826660156,0.0,449.97265625,109.0
empty,C:\Users\Light\Videos\空轨道.mp4,832,False,0.0035183436702936888,140.61294555664062,0.0,450.1368408203125,109.0
empty,C:\Users\Light\Videos\空轨道.mp4,833,False,0.0035947251599282026,140.9599151611328,0.0,450.03070068359375,109.0
empty,C:\Users\Light\Videos\空轨道.mp4,834,False,0.0035957086365669966,140.97105407714844,0.0,450.02728271484375,109.0
empty,C:\Users\Light\Videos\空轨道.mp4,835,False,0.005963819567114115,358.4744873046875,0.0,464.9166259765625,94.8431167602539
empty,C:\Users\Light\Videos\空轨道.mp4,836,False,0.005165906623005867,358.39593505859375,0.0,464.7438049316406,93.8691635131836
empty,C:\Users\Light\Videos\空轨道.mp4,837,False,0.005314467940479517,358.34649658203125,0.0,464.8036193847656,93.97051239013672
empty,C:\Users\Light\Videos\空轨道.mp4,838,False,0.0067754085175693035,139.71531677246094,0.0,450.3780822753906,109.0
empty,C:\Users\Light\Videos\空轨道.mp4,839,False,0.0067453086376190186,139.72314453125,0.0,450.3815612792969,109.0
empty,C:\Users\Light\Videos\空轨道.mp4,840,False,0.008849081583321095,140.13565063476562,0.0,449.1402893066406,109.0
empty,C:\Users\Light\Videos\空轨道.mp4,841,False,0.008657216094434261,139.81521606445312,0.0,449.6214294433594,109.0
empty,C:\Users\Light\Videos\空轨道.mp4,842,False,0.008627116680145264,139.781982421875,0.0,449.67559814453125,109.0
empty,C:\Users\Light\Videos\空轨道.mp4,843,False,0.008691071532666683,139.8359375,0.0,449.602294921875,109.0
empty,C:\Users\Light\Videos\空轨道.mp4,844,False,0.0088022630661726,139.8147430419922,0.0,449.6518249511719,109.0
empty,C:\Users\Light\Videos\空轨道.mp4,845,False,0.0088003259152174,139.81427001953125,0.0,449.65435791015625,109.0
empty,C:\Users\Light\Videos\空轨道.mp4,846,False,0.008753775618970394,139.8081817626953,0.0,449.60205078125,109.0
empty,C:\Users\Light\Videos\空轨道.mp4,847,False,0.008889969438314438,139.81260681152344,0.0,449.5262145996094,109.0
empty,C:\Users\Light\Videos\空轨道.mp4,848,False,0.008882220834493637,139.8125457763672,0.0,449.53118896484375,109.0
empty,C:\Users\Light\Videos\空轨道.mp4,849,False,0.008903976529836655,139.8355712890625,0.0,449.553955078125,109.0
empty,C:\Users\Light\Videos\空轨道.mp4,850,False,0.008864905685186386,139.82125854492188,0.0,449.671142578125,109.0
empty,C:\Users\Light\Videos\空轨道.mp4,851,False,0.008867350406944752,139.82322692871094,0.0,449.6692810058594,109.0
empty,C:\Users\Light\Videos\空轨道.mp4,852,False,0.009672687388956547,140.26609802246094,0.0,448.7282409667969,109.0
empty,C:\Users\Light\Videos\空轨道.mp4,853,False,0.009191267192363739,139.90045166015625,0.0,449.4338684082031,109.0
empty,C:\Users\Light\Videos\空轨道.mp4,854,False,0.009006942622363567,139.8349151611328,0.0,449.4117736816406,109.0
empty,C:\Users\Light\Videos\空轨道.mp4,855,False,0.009010160341858864,139.83692932128906,0.0,449.411865234375,109.0
empty,C:\Users\Light\Videos\空轨道.mp4,856,False,0.008497985079884529,139.61622619628906,0.0,449.9479064941406,109.0
empty,C:\Users\Light\Videos\空轨道.mp4,857,False,0.00824747048318386,139.55413818359375,0.0,450.1385498046875,109.0
empty,C:\Users\Light\Videos\空轨道.mp4,858,False,0.008246099576354027,139.55105590820312,0.0,450.1421203613281,109.0
empty,C:\Users\Light\Videos\空轨道.mp4,859,False,0.009231112897396088,139.91650390625,0.0,449.3336486816406,109.0
empty,C:\Users\Light\Videos\空轨道.mp4,860,False,0.009104126133024693,139.8397674560547,0.0,449.4170837402344,109.0
empty,C:\Users\Light\Videos\空轨道.mp4,861,False,0.009112649597227573,139.84596252441406,0.0,449.4111022949219,109.0
empty,C:\Users\Light\Videos\空轨道.mp4,862,False,0.009622680023312569,139.89772033691406,0.0,449.1640625,109.0
empty,C:\Users\Light\Videos\空轨道.mp4,863,False,0.009620563127100468,139.89541625976562,0.0,449.1667785644531,109.0
empty,C:\Users\Light\Videos\空轨道.mp4,864,False,0.008439155295491219,139.64178466796875,0.0,449.9897155761719,109.0
empty,C:\Users\Light\Videos\空轨道.mp4,865,False,0.008452655747532845,139.75685119628906,0.0,450.10882568359375,109.0
empty,C:\Users\Light\Videos\空轨道.mp4,866,False,0.008449110202491283,139.7550811767578,0.0,450.1126403808594,109.0
empty,C:\Users\Light\Videos\空轨道.mp4,867,False,0.007681770250201225,140.0132598876953,0.0,450.0950622558594,109.0
empty,C:\Users\Light\Videos\空轨道.mp4,868,False,0.008274410851299763,139.86459350585938,0.0,449.99774169921875,109.0
empty,C:\Users\Light\Videos\空轨道.mp4,869,False,0.008254473097622395,139.85385131835938,0.0,450.0188293457031,109.0
empty,C:\Users\Light\Videos\空轨道.mp4,870,False,0.008321169763803482,139.7148895263672,0.0,450.1134033203125,109.0
empty,C:\Users\Light\Videos\空轨道.mp4,871,False,0.008888866752386093,139.95263671875,0.0,449.5420837402344,109.0
empty,C:\Users\Light\Videos\空轨道.mp4,872,False,0.008890386670827866,139.95220947265625,0.0,449.5427551269531,109.0
empty,C:\Users\Light\Videos\空轨道.mp4,873,False,0.0072835590690374374,140.09384155273438,0.0,450.2569580078125,109.0
empty,C:\Users\Light\Videos\空轨道.mp4,874,False,0.007229170296341181,140.09312438964844,0.0,450.2679138183594,109.0
empty,C:\Users\Light\Videos\空轨道.mp4,875,False,0.00654930155724287,140.1569061279297,0.0,450.3936767578125,109.0
empty,C:\Users\Light\Videos\空轨道.mp4,876,False,0.008035310544073582,139.88580322265625,0.0,449.92822265625,109.0
empty,C:\Users\Light\Videos\空轨道.mp4,877,False,0.007160625886172056,140.05661010742188,0.0,450.2882080078125,109.0
empty,C:\Users\Light\Videos\空轨道.mp4,878,False,0.007658496033400297,139.9381103515625,0.0,450.10693359375,109.0
empty,C:\Users\Light\Videos\空轨道.mp4,879,False,0.007576898206025362,139.92544555664062,0.0,450.1545104980469,109.0
empty,C:\Users\Light\Videos\空轨道.mp4,880,False,0.007855664938688278,140.0081024169922,0.0,449.9133605957031,109.0
empty,C:\Users\Light\Videos\空轨道.mp4,881,False,0.005827830173075199,140.52586364746094,0.0,450.0975341796875,109.0
empty,C:\Users\Light\Videos\空轨道.mp4,882,False,0.005804912652820349,140.54331970214844,0.0,450.08160400390625,109.0
empty,C:\Users\Light\Videos\空轨道.mp4,883,False,0.006097655277699232,139.99307250976562,0.0,450.4336853027344,109.0
empty,C:\Users\Light\Videos\空轨道.mp4,884,False,0.006061714608222246,140.0229949951172,0.0,450.4199523925781,109.0
empty,C:\Users\Light\Videos\空轨道.mp4,885,False,0.0040707774460315704,141.9134063720703,0.0,449.28302001953125,109.0
empty,C:\Users\Light\Videos\空轨道.mp4,886,False,0.005488686263561249,140.7144775390625,0.0,449.746337890625,109.0
empty,C:\Users\Light\Videos\空轨道.mp4,887,False,0.0054883286356925964,140.7121124267578,0.0,449.7488098144531,109.0
empty,C:\Users\Light\Videos\空轨道.mp4,888,False,0.00340816518291831,141.91555786132812,0.0,449.2712707519531,109.0
empty,C:\Users\Light\Videos\空轨道.mp4,889,False,0.0039988369680941105,141.09791564941406,0.0,449.5273742675781,109.0
empty,C:\Users\Light\Videos\空轨道.mp4,890,False,0.003954610787332058,141.06317138671875,0.0,449.5642395019531,109.0
empty,C:\Users\Light\Videos\空轨道.mp4,891,False,0.0027741927187889814,140.9206085205078,0.0,450.0220031738281,109.0
empty,C:\Users\Light\Videos\空轨道.mp4,892,False,0.001892625354230404,139.35899353027344,0.0,451.601318359375,109.0
empty,C:\Users\Light\Videos\空轨道.mp4,893,False,0.001886039157398045,139.3260040283203,0.0,451.6321105957031,109.0
empty,C:\Users\Light\Videos\空轨道.mp4,894,False,0.002734288340434432,140.83096313476562,0.0,450.0202941894531,109.0
empty,C:\Users\Light\Videos\空轨道.mp4,895,False,0.003490776289254427,140.38990783691406,0.0,450.43841552734375,109.0
empty,C:\Users\Light\Videos\空轨道.mp4,896,False,0.0035369398538023233,140.4225311279297,0.0,450.38372802734375,109.0
empty,C:\Users\Light\Videos\空轨道.mp4,897,False,0.005247828550636768,141.29458618164062,0.0,449.24029541015625,109.0
empty,C:\Users\Light\Videos\空轨道.mp4,898,False,0.005234209354966879,141.2950439453125,0.0,449.2384033203125,109.0
empty,C:\Users\Light\Videos\空轨道.mp4,899,False,0.003464669222012162,141.10423278808594,0.0,450.1748046875,109.0
empty,C:\Users\Light\Videos\空轨道.mp4,900,False,0.005465500056743622,140.4962921142578,0.0,450.1208801269531,109.0
empty,C:\Users\Light\Videos\空轨道.mp4,901,False,0.0076456815004348755,139.76609802246094,0.0,450.346435546875,109.0
empty,C:\Users\Light\Videos\空轨道.mp4,902,False,0.008218055590987206,140.04078674316406,0.0,449.76910400390625,109.0
empty,C:\Users\Light\Videos\空轨道.mp4,903,False,0.00820434745401144,140.0390625,0.0,449.77606201171875,109.0
empty,C:\Users\Light\Videos\空轨道.mp4,904,False,0.008037545718252659,139.9185028076172,0.0,450.1411437988281,109.0
empty,C:\Users\Light\Videos\空轨道.mp4,905,False,0.007757050450891256,139.84068298339844,0.0,450.1789855957031,109.0
empty,C:\Users\Light\Videos\空轨道.mp4,906,False,0.007723672315478325,139.85992431640625,0.0,450.17041015625,109.0
empty,C:\Users\Light\Videos\空轨道.mp4,907,False,0.009289790876209736,139.9832763671875,0.0,449.3335266113281,109.0
empty,C:\Users\Light\Videos\空轨道.mp4,908,False,0.009291192516684532,139.9893035888672,0.0,449.32635498046875,109.0
empty,C:\Users\Light\Videos\空轨道.mp4,909,False,0.009608821012079716,139.33998107910156,0.0,449.7891540527344,109.0
empty,C:\Users\Light\Videos\空轨道.mp4,910,False,0.009723796509206295,139.12115478515625,0.0,449.7791442871094,109.0
empty,C:\Users\Light\Videos\空轨道.mp4,911,False,0.009720309637486935,139.1139678955078,0.0,449.7896423339844,109.0
empty,C:\Users\Light\Videos\空轨道.mp4,912,False,0.008280431851744652,138.90304565429688,0.0,450.66986083984375,109.0
empty,C:\Users\Light\Videos\空轨道.mp4,913,False,0.009129100479185581,138.91494750976562,0.0,450.39654541015625,109.0
empty,C:\Users\Light\Videos\空轨道.mp4,914,False,0.009175769053399563,138.90087890625,0.0,450.3853454589844,109.0
empty,C:\Users\Light\Videos\空轨道.mp4,915,False,0.007527756039053202,138.8270721435547,0.0,450.9691162109375,109.0
empty,C:\Users\Light\Videos\空轨道.mp4,916,False,0.009420354850590229,138.7302703857422,0.0,450.3887939453125,109.0
empty,C:\Users\Light\Videos\空轨道.mp4,917,False,0.009417434222996235,138.73031616210938,0.0,450.38922119140625,109.0
empty,C:\Users\Light\Videos\空轨道.mp4,918,False,0.009360304102301598,138.5930633544922,0.0,450.5577087402344,109.0
empty,C:\Users\Light\Videos\空轨道.mp4,919,False,0.009362122043967247,138.59100341796875,0.0,450.56396484375,109.0
empty,C:\Users\Light\Videos\空轨道.mp4,920,False,0.009470511227846146,138.80763244628906,0.0,450.1104736328125,109.0
empty,C:\Users\Light\Videos\空轨道.mp4,921,False,0.010710030794143677,419.77783203125,32.3626594543457,448.1852111816406,52.34941101074219
empty,C:\Users\Light\Videos\空轨道.mp4,922,False,0.010348892770707607,419.7514343261719,32.35759353637695,448.19573974609375,52.35133743286133
empty,C:\Users\Light\Videos\空轨道.mp4,923,False,0.00874996092170477,138.4860382080078,0.0,450.8962097167969,109.0
empty,C:\Users\Light\Videos\空轨道.mp4,924,False,0.008454744704067707,138.5296173095703,0.0,450.9321594238281,109.0
empty,C:\Users\Light\Videos\空轨道.mp4,925,False,0.008438114076852798,138.53590393066406,0.0,450.9306335449219,109.0
empty,C:\Users\Light\Videos\空轨道.mp4,926,False,0.009498256258666515,138.87496948242188,0.0,450.0341491699219,109.0
empty,C:\Users\Light\Videos\空轨道.mp4,927,False,0.009484786540269852,138.86610412597656,0.0,450.048095703125,109.0
empty,C:\Users\Light\Videos\空轨道.mp4,928,False,0.030399203300476074,411.7218017578125,33.1178092956543,440.9696044921875,52.492149353027344
empty,C:\Users\Light\Videos\空轨道.mp4,929,False,0.032237082719802856,411.722900390625,33.05888748168945,440.86920166015625,52.436275482177734
empty,C:\Users\Light\Videos\空轨道.mp4,930,False,0.027901478111743927,411.5417785644531,32.731143951416016,440.9674987792969,52.088768005371094
empty,C:\Users\Light\Videos\空轨道.mp4,931,False,0.020856937393546104,343.728759765625,19.611923217773438,371.4228820800781,40.34941101074219
empty,C:\Users\Light\Videos\空轨道.mp4,932,False,0.020729562267661095,343.73785400390625,19.64202117919922,371.45947265625,40.39304733276367
empty,C:\Users\Light\Videos\空轨道.mp4,933,False,0.02844279445707798,342.54400634765625,20.176353454589844,367.8184814453125,35.784244537353516
empty,C:\Users\Light\Videos\空轨道.mp4,934,False,0.011893072165548801,343.739990234375,19.128711700439453,371.311767578125,39.95759582519531
empty,C:\Users\Light\Videos\空轨道.mp4,935,False,0.011251433752477169,343.7169494628906,19.15435028076172,371.3762512207031,39.99273681640625
empty,C:\Users\Light\Videos\空轨道.mp4,936,False,0.009249977767467499,138.6299285888672,0.0,450.5755310058594,109.0
empty,C:\Users\Light\Videos\空轨道.mp4,937,False,0.010099582374095917,343.9972229003906,18.750497817993164,370.96466064453125,39.953067779541016
empty,C:\Users\Light\Videos\空轨道.mp4,938,False,0.0103848185390234,344.0137634277344,18.72317886352539,370.9351501464844,39.95573425292969
empty,C:\Users\Light\Videos\空轨道.mp4,939,False,0.021811749786138535,343.857177734375,18.88617706298828,371.5172424316406,39.687225341796875
empty,C:\Users\Light\Videos\空轨道.mp4,940,False,0.015622453764081001,345.40765380859375,20.40817642211914,371.0178527832031,36.98575973510742
empty,C:\Users\Light\Videos\空轨道.mp4,941,False,0.0151841314509511,345.4297180175781,20.425813674926758,371.045166015625,36.98331832885742
empty,C:\Users\Light\Videos\空轨道.mp4,942,False,0.036551740020513535,345.08099365234375,19.79383659362793,370.72052001953125,36.872806549072266
empty,C:\Users\Light\Videos\空轨道.mp4,943,False,0.037299610674381256,345.0762634277344,19.7930965423584,370.7213439941406,36.87188720703125
empty,C:\Users\Light\Videos\空轨道.mp4,944,False,0.009454389102756977,138.71542358398438,0.0,450.3721008300781,109.0
empty,C:\Users\Light\Videos\空轨道.mp4,945,False,0.008808999322354794,138.56825256347656,0.0,450.8751525878906,109.0
empty,C:\Users\Light\Videos\空轨道.mp4,946,False,0.008818387053906918,138.56820678710938,0.0,450.86968994140625,109.0
empty,C:\Users\Light\Videos\空轨道.mp4,947,False,0.009245864115655422,138.76141357421875,0.0,450.3309631347656,109.0
empty,C:\Users\Light\Videos\空轨道.mp4,948,False,0.008865473791956902,138.5791473388672,0.0,450.6690673828125,109.0
empty,C:\Users\Light\Videos\空轨道.mp4,949,False,0.00646856939420104,138.95916748046875,0.0,451.094970703125,109.0
empty,C:\Users\Light\Videos\空轨道.mp4,950,False,0.004989264998584986,244.75933837890625,0.0,344.74725341796875,99.35684967041016
empty,C:\Users\Light\Videos\空轨道.mp4,951,False,0.004935204517096281,244.78256225585938,0.0,344.7249755859375,99.40243530273438
empty,C:\Users\Light\Videos\空轨道.mp4,952,False,0.0027943679597228765,2.6433792114257812,23.086936950683594,27.308439254760742,45.367000579833984
empty,C:\Users\Light\Videos\空轨道.mp4,953,False,0.0029119672253727913,2.6667933464050293,23.058542251586914,27.35573387145996,45.31448745727539
empty,C:\Users\Light\Videos\空轨道.mp4,954,False,0.0013755776453763247,2.0142786502838135,23.9171199798584,26.540010452270508,45.56840896606445
empty,C:\Users\Light\Videos\空轨道.mp4,955,False,0.0,,,,
empty,C:\Users\Light\Videos\空轨道.mp4,956,False,0.0,,,,
empty,C:\Users\Light\Videos\空轨道.mp4,957,False,0.0,,,,
empty,C:\Users\Light\Videos\空轨道.mp4,958,False,0.0,,,,
empty,C:\Users\Light\Videos\空轨道.mp4,959,False,0.0,,,,
empty,C:\Users\Light\Videos\空轨道.mp4,960,False,0.0,,,,
empty,C:\Users\Light\Videos\空轨道.mp4,961,False,0.0,,,,
empty,C:\Users\Light\Videos\空轨道.mp4,962,False,0.0,,,,
empty,C:\Users\Light\Videos\空轨道.mp4,963,False,0.0,,,,
empty,C:\Users\Light\Videos\空轨道.mp4,964,False,0.0,,,,
empty,C:\Users\Light\Videos\空轨道.mp4,965,False,0.0,,,,
empty,C:\Users\Light\Videos\空轨道.mp4,966,False,0.0018571594264358282,358.55938720703125,0.0,464.3538818359375,92.35604095458984
empty,C:\Users\Light\Videos\空轨道.mp4,967,False,0.0018699443899095058,358.5480651855469,0.0,464.3588562011719,92.33538055419922
empty,C:\Users\Light\Videos\空轨道.mp4,968,False,0.0,,,,
empty,C:\Users\Light\Videos\空轨道.mp4,969,False,0.0,,,,
empty,C:\Users\Light\Videos\空轨道.mp4,970,False,0.0,,,,
empty,C:\Users\Light\Videos\空轨道.mp4,971,False,0.0,,,,
empty,C:\Users\Light\Videos\空轨道.mp4,972,False,0.0,,,,
empty,C:\Users\Light\Videos\空轨道.mp4,973,False,0.0,,,,
empty,C:\Users\Light\Videos\空轨道.mp4,974,False,0.0,,,,
empty,C:\Users\Light\Videos\空轨道.mp4,975,False,0.0014330791309475899,244.86814880371094,0.0,344.9256591796875,101.0107650756836
empty,C:\Users\Light\Videos\空轨道.mp4,976,False,0.0010973024182021618,244.9001007080078,0.0,345.00885009765625,102.98426055908203
empty,C:\Users\Light\Videos\空轨道.mp4,977,False,0.0010747126070782542,244.86187744140625,0.0,345.05615234375,103.05889129638672
empty,C:\Users\Light\Videos\空轨道.mp4,978,False,0.0023250137455761433,1.767400860786438,23.695226669311523,26.435094833374023,45.43638610839844
empty,C:\Users\Light\Videos\空轨道.mp4,979,False,0.006895003374665976,138.73333740234375,0.0,450.90191650390625,109.0
empty,C:\Users\Light\Videos\空轨道.mp4,980,False,0.006875572260469198,138.74459838867188,0.0,450.8904113769531,109.0
empty,C:\Users\Light\Videos\空轨道.mp4,981,False,0.006666751578450203,138.7725830078125,0.0,450.9904479980469,109.0
empty,C:\Users\Light\Videos\空轨道.mp4,982,False,0.006589177064597607,138.55007934570312,0.0,451.1366882324219,109.0
empty,C:\Users\Light\Videos\空轨道.mp4,983,False,0.006493960507214069,138.5389862060547,0.0,451.1805725097656,109.0
empty,C:\Users\Light\Videos\空轨道.mp4,984,False,0.006126773077994585,138.13397216796875,0.0,451.6656494140625,109.0
empty,C:\Users\Light\Videos\空轨道.mp4,985,False,0.006779760587960482,137.9408721923828,0.0,451.4775695800781,109.0
empty,C:\Users\Light\Videos\空轨道.mp4,986,False,0.006792575120925903,137.92080688476562,0.0,451.48126220703125,109.0
empty,C:\Users\Light\Videos\空轨道.mp4,987,False,0.005707575939595699,244.55421447753906,0.0,344.862060546875,99.96888732910156
empty,C:\Users\Light\Videos\空轨道.mp4,988,False,0.0057091256603598595,244.55406188964844,0.0,344.86212158203125,99.96747589111328
empty,C:\Users\Light\Videos\空轨道.mp4,989,False,0.006903789937496185,375.029541015625,25.64037322998047,397.8472595214844,42.7955436706543
empty,C:\Users\Light\Videos\空轨道.mp4,990,False,0.007867070846259594,373.6908874511719,25.883447647094727,397.04736328125,42.582008361816406
empty,C:\Users\Light\Videos\空轨道.mp4,991,False,0.007736091502010822,373.7042236328125,25.88127326965332,397.0504150390625,42.5786247253418
empty,C:\Users\Light\Videos\空轨道.mp4,992,False,0.006842048838734627,369.48309326171875,25.2589111328125,394.9546813964844,44.378883361816406
empty,C:\Users\Light\Videos\空轨道.mp4,993,False,0.005285497754812241,138.1602020263672,0.0,451.91839599609375,109.0
empty,C:\Users\Light\Videos\空轨道.mp4,994,False,0.005169687792658806,137.92645263671875,0.0,452.19635009765625,109.0
empty,C:\Users\Light\Videos\空轨道.mp4,995,False,0.008167126215994358,138.63134765625,0.0,450.56256103515625,109.0
empty,C:\Users\Light\Videos\空轨道.mp4,996,False,0.006609382573515177,138.92481994628906,0.0,450.6669006347656,109.0
empty,C:\Users\Light\Videos\空轨道.mp4,997,False,0.005887583363801241,138.7734832763672,0.0,451.1789245605469,109.0
empty,C:\Users\Light\Videos\空轨道.mp4,998,False,0.005925104022026062,138.7865753173828,0.0,451.1448059082031,109.0
empty,C:\Users\Light\Videos\空轨道.mp4,999,False,0.00833347998559475,138.7158660888672,0.0,450.330322265625,109.0
empty,C:\Users\Light\Videos\空轨道.mp4,1000,False,0.0038106772117316723,367.383544921875,25.677824020385742,391.4742736816406,48.39400863647461
empty,C:\Users\Light\Videos\空轨道.mp4,1001,False,0.0034707754384726286,245.37265014648438,0.0,344.1827087402344,101.05106353759766
empty,C:\Users\Light\Videos\空轨道.mp4,1002,False,0.005409532226622105,138.44094848632812,0.0,451.6449890136719,109.0
empty,C:\Users\Light\Videos\空轨道.mp4,1003,False,0.008049719966948032,368.33624267578125,24.639999389648438,394.18121337890625,44.538272857666016
empty,C:\Users\Light\Videos\空轨道.mp4,1004,False,0.008148720487952232,368.351806640625,24.651832580566406,394.2003173828125,44.549072265625
empty,C:\Users\Light\Videos\空轨道.mp4,1005,False,0.008956770412623882,410.22698974609375,29.72217559814453,433.86871337890625,53.807559967041016
empty,C:\Users\Light\Videos\空轨道.mp4,1006,False,0.004804165568202734,244.84413146972656,0.0,344.74664306640625,99.71821594238281
empty,C:\Users\Light\Videos\空轨道.mp4,1007,False,0.004777761176228523,244.86050415039062,0.0,344.73193359375,99.73827362060547
empty,C:\Users\Light\Videos\空轨道.mp4,1008,False,0.01158042624592781,416.29400634765625,29.988309860229492,443.7181396484375,53.17405700683594
empty,C:\Users\Light\Videos\空轨道.mp4,1009,False,0.011380365118384361,416.31695556640625,29.945974349975586,443.71185302734375,53.12970733642578
empty,C:\Users\Light\Videos\空轨道.mp4,1010,False,0.006136747542768717,377.97991943359375,24.114654541015625,401.0900573730469,41.93490219116211
empty,C:\Users\Light\Videos\空轨道.mp4,1011,False,0.007434250321239233,380.0336608886719,23.139850616455078,403.4519958496094,42.80329895019531
empty,C:\Users\Light\Videos\空轨道.mp4,1012,False,0.007523120380938053,380.0303039550781,23.144466400146484,403.462890625,42.80567169189453
empty,C:\Users\Light\Videos\空轨道.mp4,1013,False,0.007886571809649467,138.36134338378906,0.0,451.0050048828125,109.0
empty,C:\Users\Light\Videos\空轨道.mp4,1014,False,0.005805266089737415,244.46533203125,0.0,344.9036560058594,99.87872314453125
empty,C:\Users\Light\Videos\空轨道.mp4,1015,False,0.005787891801446676,244.4677734375,0.0,344.9101257324219,99.86241149902344
empty,C:\Users\Light\Videos\空轨道.mp4,1016,False,0.005353025160729885,244.65719604492188,0.0,344.8816223144531,99.27800750732422
empty,C:\Users\Light\Videos\空轨道.mp4,1017,False,0.005374095402657986,244.59637451171875,0.0,344.9692077636719,99.27547454833984
empty,C:\Users\Light\Videos\空轨道.mp4,1018,False,0.0053451876156032085,244.61569213867188,0.0,344.9566650390625,99.26454162597656
empty,C:\Users\Light\Videos\空轨道.mp4,1019,False,0.0030838598031550646,245.58786010742188,0.0,343.8381042480469,101.14962768554688
empty,C:\Users\Light\Videos\空轨道.mp4,1020,False,0.003124330658465624,245.54539489746094,0.0,343.88482666015625,101.0550537109375
empty,C:\Users\Light\Videos\空轨道.mp4,1021,False,0.0018545954953879118,245.6845245361328,0.0,343.92718505859375,102.20890045166016
empty,C:\Users\Light\Videos\空轨道.mp4,1022,False,0.0013881976483389735,245.1822509765625,0.0,344.5171203613281,102.43153381347656
empty,C:\Users\Light\Videos\空轨道.mp4,1023,False,0.002355355303734541,245.6759033203125,0.0,343.77874755859375,100.84185028076172
empty,C:\Users\Light\Videos\空轨道.mp4,1024,False,0.0,,,,
empty,C:\Users\Light\Videos\空轨道.mp4,1025,False,0.0,,,,
empty,C:\Users\Light\Videos\空轨道.mp4,1026,False,0.0,,,,
empty,C:\Users\Light\Videos\空轨道.mp4,1027,False,0.0010090302675962448,133.1905517578125,0.0,459.2125244140625,109.0
empty,C:\Users\Light\Videos\空轨道.mp4,1028,False,0.0010055135935544968,133.1815185546875,0.0,459.2250061035156,109.0
empty,C:\Users\Light\Videos\空轨道.mp4,1029,False,0.001079124165698886,358.98162841796875,0.0,464.0431823730469,94.66315460205078
empty,C:\Users\Light\Videos\空轨道.mp4,1030,False,0.0014471157919615507,244.7587127685547,0.0,344.9653015136719,100.87428283691406
empty,C:\Users\Light\Videos\空轨道.mp4,1031,False,0.001430009608156979,244.73159790039062,0.0,345.0029296875,100.89922332763672
empty,C:\Users\Light\Videos\空轨道.mp4,1032,False,0.0019680215045809746,245.35476684570312,0.0,344.1717224121094,100.44833374023438
empty,C:\Users\Light\Videos\空轨道.mp4,1033,False,0.00198256503790617,245.38377380371094,0.0,344.1383361816406,100.45185089111328
empty,C:\Users\Light\Videos\空轨道.mp4,1034,False,0.0021074044052511454,245.3780059814453,0.0,344.0766296386719,100.255859375
empty,C:\Users\Light\Videos\空轨道.mp4,1035,False,0.004073877353221178,137.96116638183594,0.0,452.94696044921875,109.0
empty,C:\Users\Light\Videos\空轨道.mp4,1036,False,0.004023182671517134,244.8384246826172,0.0,344.898193359375,98.75078582763672
empty,C:\Users\Light\Videos\空轨道.mp4,1037,False,0.003988046199083328,245.0089569091797,0.0,344.7198181152344,98.86409759521484
empty,C:\Users\Light\Videos\空轨道.mp4,1038,False,0.002412723610177636,246.20703125,0.0,343.2781066894531,101.28987884521484
empty,C:\Users\Light\Videos\空轨道.mp4,1039,False,0.0023915644269436598,246.22190856933594,0.0,343.2604064941406,101.32174682617188
empty,C:\Users\Light\Videos\空轨道.mp4,1040,False,0.0024956022389233112,245.8280029296875,0.0,343.6435546875,101.82424926757812
empty,C:\Users\Light\Videos\空轨道.mp4,1041,False,0.007576810661703348,138.48330688476562,0.0,451.0170593261719,109.0
empty,C:\Users\Light\Videos\空轨道.mp4,1042,False,0.007605867460370064,138.49745178222656,0.0,450.9942626953125,109.0
empty,C:\Users\Light\Videos\空轨道.mp4,1043,False,0.005212776828557253,244.70428466796875,0.0,344.8208312988281,99.52498626708984
empty,C:\Users\Light\Videos\空轨道.mp4,1044,False,0.005075719207525253,244.72198486328125,0.0,344.81060791015625,99.56379699707031
empty,C:\Users\Light\Videos\空轨道.mp4,1045,False,0.004640642553567886,244.9351806640625,0.0,344.5084533691406,100.48611450195312
empty,C:\Users\Light\Videos\空轨道.mp4,1046,False,0.015097154304385185,421.1943664550781,31.799571990966797,448.9241027832031,51.63496017456055
empty,C:\Users\Light\Videos\空轨道.mp4,1047,False,0.0062128403224051,138.5386962890625,0.0,451.34722900390625,109.0
empty,C:\Users\Light\Videos\空轨道.mp4,1048,False,0.00539146875962615,244.56674194335938,0.0,345.000732421875,99.52717590332031
empty,C:\Users\Light\Videos\空轨道.mp4,1049,False,0.0054330723360180855,244.56185913085938,0.0,344.9993896484375,99.52645874023438
empty,C:\Users\Light\Videos\空轨道.mp4,1050,False,0.0066419136710464954,373.500244140625,26.055410385131836,397.09912109375,43.164188385009766
empty,C:\Users\Light\Videos\空轨道.mp4,1051,False,0.007702013477683067,369.8576965332031,25.370317459106445,395.0346984863281,44.34273147583008
empty,C:\Users\Light\Videos\空轨道.mp4,1052,False,0.007733126636594534,369.8587951660156,25.368188858032227,395.0342712402344,44.336570739746094
empty,C:\Users\Light\Videos\空轨道.mp4,1053,False,0.006551329046487808,138.81411743164062,0.0,450.75396728515625,109.0
empty,C:\Users\Light\Videos\空轨道.mp4,1054,False,0.006535384804010391,138.82505798339844,0.0,450.7472839355469,109.0
empty,C:\Users\Light\Videos\空轨道.mp4,1055,False,0.004370609764009714,244.94818115234375,0.0,344.6555480957031,100.19391632080078
empty,C:\Users\Light\Videos\空轨道.mp4,1056,False,0.0037930516991764307,245.1409454345703,0.0,344.4012451171875,100.68651580810547
empty,C:\Users\Light\Videos\空轨道.mp4,1057,False,0.0038381118793040514,245.10169982910156,0.0,344.4421081542969,100.61271667480469
empty,C:\Users\Light\Videos\空轨道.mp4,1058,False,0.004314045887440443,244.881591796875,0.0,344.73211669921875,100.15026092529297
empty,C:\Users\Light\Videos\空轨道.mp4,1059,False,0.004053995478898287,245.0816192626953,0.0,344.51611328125,100.39156341552734
empty,C:\Users\Light\Videos\空轨道.mp4,1060,False,0.003971266094595194,245.10523986816406,0.0,344.47894287109375,100.46724700927734
empty,C:\Users\Light\Videos\空轨道.mp4,1061,False,0.0036917557008564472,245.16514587402344,0.0,344.3186340332031,100.76000213623047
empty,C:\Users\Light\Videos\空轨道.mp4,1062,False,0.005353862419724464,138.18588256835938,0.0,451.9154052734375,109.0
empty,C:\Users\Light\Videos\空轨道.mp4,1063,False,0.005280308425426483,244.6061553955078,0.0,345.0065612792969,99.53755187988281
empty,C:\Users\Light\Videos\空轨道.mp4,1064,False,0.0049852412194013596,244.61952209472656,0.0,345.0137023925781,99.58535766601562
empty,C:\Users\Light\Videos\空轨道.mp4,1065,False,0.004935322795063257,244.6317596435547,0.0,345.0047302246094,99.62108612060547
empty,C:\Users\Light\Videos\空轨道.mp4,1066,False,0.006029707379639149,138.89576721191406,0.0,451.001953125,109.0
empty,C:\Users\Light\Videos\空轨道.mp4,1067,False,0.004726681392639875,244.68243408203125,0.0,344.9693603515625,99.74201202392578
empty,C:\Users\Light\Videos\空轨道.mp4,1068,False,0.00472236005589366,244.6900634765625,0.0,344.9642028808594,99.7384033203125
empty,C:\Users\Light\Videos\空轨道.mp4,1069,False,0.0042680916376411915,244.95974731445312,0.0,344.7059631347656,100.0296630859375
empty,C:\Users\Light\Videos\空轨道.mp4,1070,False,0.00857008621096611,370.870849609375,25.677486419677734,394.6995849609375,44.11951446533203
empty,C:\Users\Light\Videos\空轨道.mp4,1071,False,0.010115809738636017,411.0915222167969,34.624813079833984,442.0842590332031,54.688392639160156
empty,C:\Users\Light\Videos\空轨道.mp4,1072,False,0.012960775755345821,416.8457336425781,29.69149398803711,443.099365234375,53.269798278808594
empty,C:\Users\Light\Videos\空轨道.mp4,1073,False,0.012776540592312813,416.8591613769531,29.687728881835938,443.09246826171875,53.27455139160156
empty,C:\Users\Light\Videos\空轨道.mp4,1074,False,0.012551983818411827,377.8591613769531,25.216171264648438,401.3371276855469,42.32822036743164
empty,C:\Users\Light\Videos\空轨道.mp4,1075,False,0.015610039234161377,379.792236328125,25.1391658782959,403.6761779785156,42.869590759277344
empty,C:\Users\Light\Videos\空轨道.mp4,1076,False,0.015483886934816837,379.805908203125,25.12359046936035,403.6693420410156,42.87660598754883
empty,C:\Users\Light\Videos\空轨道.mp4,1077,False,0.005475637502968311,428.7043151855469,24.054479598999023,452.16802978515625,47.41593551635742
empty,C:\Users\Light\Videos\空轨道.mp4,1078,False,0.005538996774703264,428.69183349609375,24.05813217163086,452.1724548339844,47.41936111450195
empty,C:\Users\Light\Videos\空轨道.mp4,1079,False,0.005192483309656382,244.70474243164062,0.0,345.0387878417969,98.62315368652344
empty,C:\Users\Light\Videos\空轨道.mp4,1080,False,0.004381129983812571,244.8687286376953,0.0,344.7418518066406,99.5455551147461
empty,C:\Users\Light\Videos\空轨道.mp4,1081,False,0.004375646356493235,244.86973571777344,0.0,344.7408752441406,99.54896545410156
empty,C:\Users\Light\Videos\空轨道.mp4,1082,False,0.016897447407245636,390.3141784667969,19.288864135742188,414.6783752441406,36.70225524902344
empty,C:\Users\Light\Videos\空轨道.mp4,1083,False,0.00956803560256958,390.7781982421875,17.087778091430664,416.5294494628906,37.22782516479492
empty,C:\Users\Light\Videos\空轨道.mp4,1084,False,0.009593755006790161,390.7769775390625,17.086008071899414,416.53021240234375,37.224308013916016
empty,C:\Users\Light\Videos\空轨道.mp4,1085,False,0.002934075891971588,245.58851623535156,0.0,343.88458251953125,101.37378692626953
empty,C:\Users\Light\Videos\空轨道.mp4,1086,False,0.0023238547146320343,245.697998046875,0.0,343.8684387207031,102.01472473144531
empty,C:\Users\Light\Videos\空轨道.mp4,1087,False,0.0023009669966995716,245.70220947265625,0.0,343.8668212890625,102.03433990478516
empty,C:\Users\Light\Videos\空轨道.mp4,1088,False,0.0,,,,
empty,C:\Users\Light\Videos\空轨道.mp4,1089,False,0.0,,,,
empty,C:\Users\Light\Videos\空轨道.mp4,1090,False,0.001357471919618547,244.81353759765625,0.0,344.86651611328125,102.61508178710938
empty,C:\Users\Light\Videos\空轨道.mp4,1091,False,0.001146936439909041,1.9481441974639893,24.363128662109375,26.21623420715332,47.1742057800293
empty,C:\Users\Light\Videos\空轨道.mp4,1092,False,0.0011814472964033484,1.9507817029953003,24.348562240600586,26.21459197998047,47.16694259643555
empty,C:\Users\Light\Videos\空轨道.mp4,1093,False,0.0017656073905527592,245.808837890625,0.0,343.7663879394531,101.95230865478516
empty,C:\Users\Light\Videos\空轨道.mp4,1094,False,0.0024996851570904255,245.7362823486328,0.0,343.728271484375,100.36092376708984
empty,C:\Users\Light\Videos\空轨道.mp4,1095,False,0.0019036791054531932,245.9342498779297,0.0,343.56072998046875,101.51161193847656
empty,C:\Users\Light\Videos\空轨道.mp4,1096,False,0.002574964426457882,245.80567932128906,0.0,343.652587890625,100.44019317626953
empty,C:\Users\Light\Videos\空轨道.mp4,1097,False,0.0025715671945363283,245.8062286376953,0.0,343.653076171875,100.43858337402344
empty,C:\Users\Light\Videos\空轨道.mp4,1098,False,0.0035600324627012014,245.0907440185547,0.0,344.567138671875,98.9168472290039
empty,C:\Users\Light\Videos\空轨道.mp4,1099,False,0.0035501678939908743,245.1010284423828,0.0,344.5562744140625,98.93110656738281
empty,C:\Users\Light\Videos\空轨道.mp4,1100,False,0.0035287102218717337,245.4796905517578,0.0,344.18902587890625,99.52379608154297
empty,C:\Users\Light\Videos\空轨道.mp4,1101,False,0.00337841990403831,245.23170471191406,0.0,344.3209533691406,99.93197631835938
empty,C:\Users\Light\Videos\空轨道.mp4,1102,False,0.0033766317646950483,245.23150634765625,0.0,344.32037353515625,99.93049621582031
empty,C:\Users\Light\Videos\空轨道.mp4,1103,False,0.0065741268917918205,139.3738250732422,0.0,450.42669677734375,109.0
empty,C:\Users\Light\Videos\空轨道.mp4,1104,False,0.005973860155791044,138.63800048828125,0.0,451.57421875,109.0
empty,C:\Users\Light\Videos\空轨道.mp4,1105,False,0.006012244615703821,138.6390380859375,0.0,451.5586242675781,109.0
empty,C:\Users\Light\Videos\空轨道.mp4,1106,False,0.005560926627367735,138.0921630859375,0.0,452.1012878417969,109.0
empty,C:\Users\Light\Videos\空轨道.mp4,1107,False,0.0041678971610963345,245.10385131835938,0.0,344.2905578613281,101.0891342163086
empty,C:\Users\Light\Videos\空轨道.mp4,1108,False,0.004163247998803854,245.1046600341797,0.0,344.289794921875,101.09378051757812
empty,C:\Users\Light\Videos\空轨道.mp4,1109,False,0.011203370057046413,418.7281494140625,33.19308853149414,447.4149475097656,53.137081146240234
empty,C:\Users\Light\Videos\空轨道.mp4,1110,False,0.012774044647812843,418.8412170410156,33.092864990234375,447.3266906738281,52.97186279296875
empty,C:\Users\Light\Videos\空轨道.mp4,1111,False,0.008665568195283413,416.2432556152344,25.67074203491211,440.74468994140625,47.75416564941406
empty,C:\Users\Light\Videos\空轨道.mp4,1112,False,0.021546896547079086,411.5928039550781,34.007896423339844,441.5321350097656,53.50666427612305
empty,C:\Users\Light\Videos\空轨道.mp4,1113,False,0.019707703962922096,411.53045654296875,34.076541900634766,441.5736083984375,53.62663269042969
empty,C:\Users\Light\Videos\空轨道.mp4,1114,False,0.008564421907067299,370.2493591308594,25.415632247924805,395.061767578125,44.248023986816406
empty,C:\Users\Light\Videos\空轨道.mp4,1115,False,0.007232986390590668,138.40277099609375,0.0,451.0382080078125,109.0
empty,C:\Users\Light\Videos\空轨道.mp4,1116,False,0.007223360240459442,138.40724182128906,0.0,451.0368347167969,109.0
empty,C:\Users\Light\Videos\空轨道.mp4,1117,False,0.0035843795631080866,245.32627868652344,0.0,344.20330810546875,101.09171295166016
empty,C:\Users\Light\Videos\空轨道.mp4,1118,False,0.0047988309524953365,244.69134521484375,0.0,344.9307556152344,99.82325744628906
empty,C:\Users\Light\Videos\空轨道.mp4,1119,False,0.0036377247888594866,245.33497619628906,0.0,344.2291564941406,101.01067352294922
empty,C:\Users\Light\Videos\空轨道.mp4,1120,False,0.0037315706722438335,245.21070861816406,0.0,344.373291015625,100.79853057861328
empty,C:\Users\Light\Videos\空轨道.mp4,1121,False,0.003753683529794216,245.19024658203125,0.0,344.3909912109375,100.7654037475586
empty,C:\Users\Light\Videos\空轨道.mp4,1122,False,0.004520989488810301,244.7882080078125,0.0,344.9200134277344,99.95026397705078
empty,C:\Users\Light\Videos\空轨道.mp4,1123,False,0.004439809359610081,244.835205078125,0.0,344.8731689453125,100.02188873291016
empty,C:\Users\Light\Videos\空轨道.mp4,1124,False,0.004555201157927513,244.80087280273438,0.0,344.8558044433594,100.00113677978516
empty,C:\Users\Light\Videos\空轨道.mp4,1125,False,0.005353531800210476,244.57373046875,0.0,344.99615478515625,99.45077514648438
empty,C:\Users\Light\Videos\空轨道.mp4,1126,False,0.0054031251929700375,138.4799041748047,0.0,451.68341064453125,109.0
empty,C:\Users\Light\Videos\空轨道.mp4,1127,False,0.007116252556443214,138.45828247070312,0.0,451.0794677734375,109.0
empty,C:\Users\Light\Videos\空轨道.mp4,1128,False,0.007380613591521978,403.44287109375,35.4083366394043,431.44586181640625,58.661231994628906
empty,C:\Users\Light\Videos\空轨道.mp4,1129,False,0.007403859402984381,403.4436340332031,35.410152435302734,431.44195556640625,58.665870666503906
empty,C:\Users\Light\Videos\空轨道.mp4,1130,False,0.005358878523111343,405.1220397949219,30.601394653320312,428.76153564453125,54.794891357421875
empty,C:\Users\Light\Videos\空轨道.mp4,1131,False,0.004935859236866236,244.6504669189453,0.0,345.0676574707031,99.5108871459961
empty,C:\Users\Light\Videos\空轨道.mp4,1132,False,0.004934369586408138,244.64907836914062,0.0,345.0686340332031,99.51644134521484
empty,C:\Users\Light\Videos\空轨道.mp4,1133,False,0.005251582711935043,138.3414764404297,0.0,451.8563232421875,109.0
empty,C:\Users\Light\Videos\空轨道.mp4,1134,False,0.005300517193973064,138.42318725585938,0.0,451.75341796875,109.0
empty,C:\Users\Light\Videos\空轨道.mp4,1135,False,0.005248944275081158,371.905517578125,26.24388885498047,395.63043212890625,44.45167541503906
empty,C:\Users\Light\Videos\空轨道.mp4,1136,False,0.020507197827100754,411.7861022949219,34.14789962768555,441.79632568359375,53.67961502075195
empty,C:\Users\Light\Videos\空轨道.mp4,1137,False,0.020685741677880287,411.7794494628906,34.1311149597168,441.7820739746094,53.659061431884766
empty,C:\Users\Light\Videos\空轨道.mp4,1138,False,0.029021456837654114,416.1482238769531,31.305940628051758,444.75140380859375,51.576419830322266
empty,C:\Users\Light\Videos\空轨道.mp4,1139,False,0.007136600557714701,378.50146484375,25.37358856201172,401.3772888183594,42.148258209228516
empty,C:\Users\Light\Videos\空轨道.mp4,1140,False,0.00740788783878088,378.48431396484375,25.373275756835938,401.38629150390625,42.14821243286133
empty,C:\Users\Light\Videos\空轨道.mp4,1141,False,0.004505261313170195,418.7503662109375,35.074432373046875,448.3062744140625,55.79004669189453
empty,C:\Users\Light\Videos\空轨道.mp4,1142,False,0.004972577095031738,244.39186096191406,0.0,345.3630065917969,98.11441040039062
empty,C:\Users\Light\Videos\空轨道.mp4,1143,False,0.004844756331294775,244.6232147216797,0.0,345.0885314941406,98.59442138671875
empty,C:\Users\Light\Videos\空轨道.mp4,1144,False,0.004850747063755989,244.62039184570312,0.0,345.0928955078125,98.59031677246094
empty,C:\Users\Light\Videos\空轨道.mp4,1145,False,0.0043709673918783665,244.85557556152344,0.0,344.68310546875,99.63502502441406
empty,C:\Users\Light\Videos\空轨道.mp4,1146,False,0.009968631900846958,390.76300048828125,17.808975219726562,416.392333984375,37.414241790771484
empty,C:\Users\Light\Videos\空轨道.mp4,1147,False,0.01004769653081894,390.75567626953125,17.81536293029785,416.3992919921875,37.410858154296875
empty,C:\Users\Light\Videos\空轨道.mp4,1148,False,0.0051324921660125256,244.7160186767578,0.0,344.934814453125,99.1297378540039
empty,C:\Users\Light\Videos\空轨道.mp4,1149,False,0.00168609619140625,245.32568359375,0.0,344.3431701660156,102.34052276611328
empty,C:\Users\Light\Videos\空轨道.mp4,1150,False,0.001684218761511147,245.3247833251953,0.0,344.3446960449219,102.342041015625
empty,C:\Users\Light\Videos\空轨道.mp4,1151,False,0.0,,,,
empty,C:\Users\Light\Videos\空轨道.mp4,1152,False,0.0,,,,
empty,C:\Users\Light\Videos\空轨道.mp4,1153,False,0.0,,,,
empty,C:\Users\Light\Videos\空轨道.mp4,1154,False,0.0,,,,
empty,C:\Users\Light\Videos\空轨道.mp4,1155,False,0.0,,,,
empty,C:\Users\Light\Videos\空轨道.mp4,1156,False,0.0,,,,
empty,C:\Users\Light\Videos\空轨道.mp4,1157,False,0.0,,,,
empty,C:\Users\Light\Videos\空轨道.mp4,1158,False,0.0,,,,
empty,C:\Users\Light\Videos\空轨道.mp4,1159,False,0.0,,,,
empty,C:\Users\Light\Videos\空轨道.mp4,1160,False,0.0011141403811052442,244.73199462890625,0.0,345.0701599121094,102.74053955078125
empty,C:\Users\Light\Videos\空轨道.mp4,1161,False,0.0011138423578813672,244.72193908691406,0.0,345.08258056640625,102.7305679321289
empty,C:\Users\Light\Videos\空轨道.mp4,1162,False,0.0,,,,
empty,C:\Users\Light\Videos\空轨道.mp4,1163,False,0.0,,,,
empty,C:\Users\Light\Videos\空轨道.mp4,1164,False,0.0,,,,
empty,C:\Users\Light\Videos\空轨道.mp4,1165,False,0.0018832056084647775,245.4248504638672,0.0,344.033203125,100.77130126953125
empty,C:\Users\Light\Videos\空轨道.mp4,1166,False,0.0,,,,
empty,C:\Users\Light\Videos\空轨道.mp4,1167,False,0.0032807602547109127,244.9906768798828,0.0,344.51593017578125,98.83126068115234
empty,C:\Users\Light\Videos\空轨道.mp4,1168,False,0.003242107341066003,245.038818359375,0.0,344.4581604003906,98.88334655761719
empty,C:\Users\Light\Videos\空轨道.mp4,1169,False,0.004630156792700291,138.18055725097656,0.0,452.439208984375,109.0
empty,C:\Users\Light\Videos\空轨道.mp4,1170,False,0.002846697112545371,245.8392333984375,0.0,343.65753173828125,100.39257049560547
empty,C:\Users\Light\Videos\空轨道.mp4,1171,False,0.002907522488385439,245.7919158935547,0.0,343.7145080566406,100.30662536621094
empty,C:\Users\Light\Videos\空轨道.mp4,1172,False,0.0033549151849001646,1.979217529296875,23.3640079498291,27.04726791381836,45.18029022216797
empty,C:\Users\Light\Videos\空轨道.mp4,1173,False,0.00825808197259903,138.57696533203125,0.0,450.55780029296875,109.0
empty,C:\Users\Light\Videos\空轨道.mp4,1174,False,0.00830585416406393,138.61019897460938,0.0,450.4978332519531,109.0
empty,C:\Users\Light\Videos\空轨道.mp4,1175,False,0.005257769953459501,432.2209777832031,38.23234558105469,459.3623046875,54.91069030761719
empty,C:\Users\Light\Videos\空轨道.mp4,1176,False,0.0061609260737895966,138.23886108398438,0.0,451.4427795410156,109.0
empty,C:\Users\Light\Videos\空轨道.mp4,1177,False,0.006176780443638563,138.2379150390625,0.0,451.4362487792969,109.0
empty,C:\Users\Light\Videos\空轨道.mp4,1178,False,0.012247446924448013,419.4715576171875,33.06106185913086,447.7818603515625,53.16354751586914
empty,C:\Users\Light\Videos\空轨道.mp4,1179,False,0.012710626237094402,419.5179138183594,33.086856842041016,447.7741394042969,53.16926193237305
empty,C:\Users\Light\Videos\空轨道.mp4,1180,False,0.007324991747736931,415.92169189453125,33.941043853759766,446.0791320800781,54.171051025390625
empty,C:\Users\Light\Videos\空轨道.mp4,1181,False,0.010970686562359333,416.0434265136719,31.211902618408203,444.8599548339844,50.68476486206055
empty,C:\Users\Light\Videos\空轨道.mp4,1182,False,0.010553495027124882,416.06488037109375,31.232072830200195,444.86614990234375,50.66813278198242
empty,C:\Users\Light\Videos\空轨道.mp4,1183,False,0.012615923769772053,374.0193176269531,25.416933059692383,397.2848815917969,42.5510368347168
empty,C:\Users\Light\Videos\空轨道.mp4,1184,False,0.01401215698570013,410.2511901855469,30.73503303527832,438.28033447265625,53.18403244018555
empty,C:\Users\Light\Videos\空轨道.mp4,1185,False,0.013363664038479328,410.25494384765625,30.720802307128906,438.238037109375,53.20341873168945
empty,C:\Users\Light\Videos\空轨道.mp4,1186,False,0.009920991025865078,409.0544738769531,29.415409088134766,433.3022766113281,53.33535385131836
empty,C:\Users\Light\Videos\空轨道.mp4,1187,False,0.005167389288544655,244.6466827392578,0.0,344.87933349609375,99.76094818115234
empty,C:\Users\Light\Videos\空轨道.mp4,1188,False,0.005180323496460915,244.64071655273438,0.0,344.8861389160156,99.74943542480469
empty,C:\Users\Light\Videos\空轨道.mp4,1189,False,0.0038397395983338356,404.951171875,29.73638343811035,430.36590576171875,54.45197677612305
empty,C:\Users\Light\Videos\空轨道.mp4,1190,False,0.005797015503048897,138.7657012939453,0.0,451.163818359375,109.0
empty,C:\Users\Light\Videos\空轨道.mp4,1191,False,0.0037714452482759953,244.98692321777344,0.0,344.509033203125,100.85346221923828
empty,C:\Users\Light\Videos\空轨道.mp4,1192,False,0.0038425521925091743,244.93865966796875,0.0,344.56573486328125,100.77105712890625
empty,C:\Users\Light\Videos\空轨道.mp4,1193,False,0.004758032038807869,244.74777221679688,0.0,344.9122314453125,99.93222045898438
empty,C:\Users\Light\Videos\空轨道.mp4,1194,False,0.005887731444090605,138.84933471679688,0.0,451.0819091796875,109.0
empty,C:\Users\Light\Videos\空轨道.mp4,1195,False,0.005881085991859436,138.84820556640625,0.0,451.08563232421875,109.0
empty,C:\Users\Light\Videos\空轨道.mp4,1196,False,0.005833969917148352,138.61744689941406,0.0,451.36260986328125,109.0
empty,C:\Users\Light\Videos\空轨道.mp4,1197,False,0.005420410539954901,138.15179443359375,0.0,451.8733215332031,109.0
empty,C:\Users\Light\Videos\空轨道.mp4,1198,False,0.005403542425483465,138.1337127685547,0.0,451.9028625488281,109.0
empty,C:\Users\Light\Videos\空轨道.mp4,1199,False,0.005209499504417181,244.59117126464844,0.0,344.992431640625,99.56769561767578
empty,C:\Users\Light\Videos\空轨道.mp4,1200,False,0.003726146649569273,245.1856689453125,0.0,344.387939453125,100.95191192626953
empty,C:\Users\Light\Videos\空轨道.mp4,1201,False,0.003605538746342063,245.2910919189453,0.0,344.2843017578125,101.1402359008789
empty,C:\Users\Light\Videos\空轨道.mp4,1202,False,0.005351508501917124,138.12106323242188,0.0,452.00091552734375,109.0
empty,C:\Users\Light\Videos\空轨道.mp4,1203,False,0.005333954934030771,138.1008758544922,0.0,452.0347595214844,109.0
empty,C:\Users\Light\Videos\空轨道.mp4,1204,False,0.0068446979857981205,138.38296508789062,0.0,451.0679016113281,109.0
empty,C:\Users\Light\Videos\空轨道.mp4,1205,False,0.003935981076210737,245.01828002929688,0.0,344.6092529296875,100.62428283691406
empty,C:\Users\Light\Videos\空轨道.mp4,1206,False,0.004116639029234648,244.92385864257812,0.0,344.7013854980469,100.38307189941406
empty,C:\Users\Light\Videos\空轨道.mp4,1207,False,0.003697238629683852,245.193359375,0.0,344.41497802734375,101.06258392333984
empty,C:\Users\Light\Videos\空轨道.mp4,1208,False,0.003007447114214301,245.76760864257812,0.0,343.7449645996094,101.79218292236328
empty,C:\Users\Light\Videos\空轨道.mp4,1209,False,0.0029841719660907984,245.7774200439453,0.0,343.7353515625,101.80184173583984
empty,C:\Users\Light\Videos\空轨道.mp4,1210,False,0.004558658692985773,244.80943298339844,0.0,344.8661804199219,99.9791259765625
empty,C:\Users\Light\Videos\空轨道.mp4,1211,False,0.006701976992189884,138.55096435546875,0.0,450.9298400878906,109.0
empty,C:\Users\Light\Videos\空轨道.mp4,1212,False,0.0065962690860033035,138.64027404785156,0.0,450.8675842285156,109.0
empty,C:\Users\Light\Videos\空轨道.mp4,1213,False,0.004415699280798435,244.7974395751953,0.0,344.8763122558594,100.113525390625
empty,C:\Users\Light\Videos\空轨道.mp4,1214,False,0.0021198312751948833,246.17031860351562,0.0,343.3064880371094,103.1529769897461
empty,C:\Users\Light\Videos\空轨道.mp4,1215,False,0.0048981006257236,244.6595916748047,0.0,345.0028076171875,99.7988510131836
empty,C:\Users\Light\Videos\空轨道.mp4,1216,False,0.004896312486380339,244.6628875732422,0.0,344.9996643066406,99.80328369140625
empty,C:\Users\Light\Videos\空轨道.mp4,1217,False,0.006001128349453211,138.65829467773438,0.0,451.2391052246094,109.0
empty,C:\Users\Light\Videos\空轨道.mp4,1218,False,0.00613592192530632,138.7890625,0.0,451.1296691894531,109.0
empty,C:\Users\Light\Videos\空轨道.mp4,1219,False,0.006096165627241135,138.76332092285156,0.0,451.1512756347656,109.0
empty,C:\Users\Light\Videos\空轨道.mp4,1220,False,0.00623104814440012,138.783203125,0.0,450.94342041015625,109.0
empty,C:\Users\Light\Videos\空轨道.mp4,1221,False,0.0038634431548416615,245.0334930419922,0.0,344.5965270996094,100.75648498535156
empty,C:\Users\Light\Videos\空轨道.mp4,1222,False,0.003863294143229723,245.03228759765625,0.0,344.59735107421875,100.75487518310547
empty,C:\Users\Light\Videos\空轨道.mp4,1223,False,0.005021304823458195,137.4322967529297,0.0,452.70086669921875,109.0
empty,C:\Users\Light\Videos\空轨道.mp4,1224,False,0.00504571245983243,137.49716186523438,0.0,452.62677001953125,109.0
empty,C:\Users\Light\Videos\空轨道.mp4,1225,False,0.00739680789411068,138.17440795898438,0.0,451.1302795410156,109.0
empty,C:\Users\Light\Videos\空轨道.mp4,1226,False,0.004873156547546387,244.67881774902344,0.0,344.9788818359375,99.85774993896484
empty,C:\Users\Light\Videos\空轨道.mp4,1227,False,0.0048514907248318195,244.6901397705078,0.0,344.97137451171875,99.87000274658203
empty,C:\Users\Light\Videos\空轨道.mp4,1228,False,0.005451731849461794,138.21090698242188,0.0,451.7272033691406,109.0
empty,C:\Users\Light\Videos\空轨道.mp4,1229,False,0.005506086628884077,244.55345153808594,0.0,344.9755554199219,99.59488677978516
empty,C:\Users\Light\Videos\空轨道.mp4,1230,False,0.0054583740420639515,244.5630645751953,0.0,344.9754943847656,99.59159088134766
empty,C:\Users\Light\Videos\空轨道.mp4,1231,False,0.003462013555690646,245.39501953125,0.0,344.17266845703125,101.31246948242188
empty,C:\Users\Light\Videos\空轨道.mp4,1232,False,0.005608757492154837,138.44888305664062,0.0,451.5337219238281,109.0
empty,C:\Users\Light\Videos\空轨道.mp4,1233,False,0.005666215438395739,138.4836883544922,0.0,451.4635925292969,109.0
empty,C:\Users\Light\Videos\空轨道.mp4,1234,False,0.005709011107683182,138.58438110351562,0.0,451.5135803222656,109.0
empty,C:\Users\Light\Videos\空轨道.mp4,1235,False,0.005684301257133484,244.35398864746094,0.0,345.14697265625,99.64983367919922
empty,C:\Users\Light\Videos\空轨道.mp4,1236,False,0.0032003838568925858,245.470947265625,0.0,344.0321960449219,101.3732681274414
empty,C:\Users\Light\Videos\空轨道.mp4,1237,False,0.006884304340928793,138.34291076660156,0.0,451.0312805175781,109.0
empty,C:\Users\Light\Videos\空轨道.mp4,1238,False,0.0050832293927669525,244.5955810546875,0.0,345.0946960449219,99.61348724365234
empty,C:\Users\Light\Videos\空轨道.mp4,1239,False,0.004753770772367716,244.65023803710938,0.0,344.96746826171875,99.86666870117188
empty,C:\Users\Light\Videos\空轨道.mp4,1240,False,0.00472587626427412,244.66748046875,0.0,344.9524230957031,99.89382934570312
empty,C:\Users\Light\Videos\空轨道.mp4,1241,False,0.004158480558544397,245.01187133789062,0.0,344.647216796875,100.48627471923828
empty,C:\Users\Light\Videos\空轨道.mp4,1242,False,0.005844192113727331,138.59112548828125,0.0,451.30419921875,109.0
empty,C:\Users\Light\Videos\空轨道.mp4,1243,False,0.005842761602252722,138.58993530273438,0.0,451.3046569824219,109.0
empty,C:\Users\Light\Videos\空轨道.mp4,1244,False,0.005301408004015684,244.4655303955078,0.0,345.1644592285156,99.54600524902344
empty,C:\Users\Light\Videos\空轨道.mp4,1245,False,0.006726474966853857,138.57125854492188,0.0,450.95001220703125,109.0
empty,C:\Users\Light\Videos\空轨道.mp4,1246,False,0.006678225006908178,138.61978149414062,0.0,450.9098815917969,109.0
empty,C:\Users\Light\Videos\空轨道.mp4,1247,False,0.006136964540928602,138.76919555664062,0.0,451.0574035644531,109.0
empty,C:\Users\Light\Videos\空轨道.mp4,1248,False,0.005990757141262293,138.69776916503906,0.0,451.1847839355469,109.0
empty,C:\Users\Light\Videos\空轨道.mp4,1249,False,0.003619247581809759,245.23312377929688,0.0,344.36505126953125,101.15016174316406
empty,C:\Users\Light\Videos\空轨道.mp4,1250,False,0.004964502993971109,137.15957641601562,0.0,453.0013732910156,109.0
empty,C:\Users\Light\Videos\空轨道.mp4,1251,False,0.004842520225793123,244.68789672851562,0.0,345.0218811035156,99.85613250732422
empty,C:\Users\Light\Videos\空轨道.mp4,1252,False,0.004061088431626558,244.97438049316406,0.0,344.65924072265625,100.54835510253906
empty,C:\Users\Light\Videos\空轨道.mp4,1253,False,0.0061037358827888966,138.6430206298828,0.0,451.1775817871094,109.0
empty,C:\Users\Light\Videos\空轨道.mp4,1254,False,0.006087553221732378,138.63931274414062,0.0,451.190185546875,109.0
empty,C:\Users\Light\Videos\空轨道.mp4,1255,False,0.006367184221744537,138.9828338623047,0.0,450.8158264160156,109.0
empty,C:\Users\Light\Videos\空轨道.mp4,1256,False,0.004345128778368235,244.8803253173828,0.0,344.7650451660156,100.25666809082031
empty,C:\Users\Light\Videos\空轨道.mp4,1257,False,0.0043436684645712376,244.8802947998047,0.0,344.7646179199219,100.25801086425781
empty,C:\Users\Light\Videos\空轨道.mp4,1258,False,0.006789743434637785,138.5624237060547,0.0,450.94305419921875,109.0
empty,C:\Users\Light\Videos\空轨道.mp4,1259,False,0.00676235556602478,138.5950469970703,0.0,450.9171447753906,109.0
empty,C:\Users\Light\Videos\空轨道.mp4,1260,False,0.006118963938206434,138.6062774658203,0.0,451.0150146484375,109.0
empty,C:\Users\Light\Videos\空轨道.mp4,1261,False,0.004551953170448542,244.67921447753906,0.0,344.9674987792969,100.07730865478516
empty,C:\Users\Light\Videos\空轨道.mp4,1262,False,0.0037177421618252993,245.16989135742188,0.0,344.4823303222656,100.82781982421875
