video,video_path,frame_id,expected_ball,confidence,x1,y1,x2,y2
normal,C:\Users\Light\Videos\正常往返.mp4,0,True,0.256458580493927,400.0780334472656,38.41506576538086,427.17767333984375,58.167171478271484
normal,C:\Users\Light\Videos\正常往返.mp4,1,True,0.2526887357234955,397.3345031738281,40.003448486328125,424.80963134765625,59.4003791809082
normal,C:\Users\Light\Videos\正常往返.mp4,2,True,0.4045640826225281,399.43157958984375,38.920352935791016,426.8770446777344,59.58513641357422
normal,C:\Users\Light\Videos\正常往返.mp4,3,True,0.16545821726322174,398.93328857421875,40.873992919921875,424.50469970703125,60.41175842285156
normal,C:\Users\Light\Videos\正常往返.mp4,4,True,0.30125200748443604,400.0613708496094,38.79666519165039,426.6535949707031,59.146705627441406
normal,C:\Users\Light\Videos\正常往返.mp4,5,True,0.3721306324005127,400.0329895019531,39.16849136352539,426.6527404785156,59.81391143798828
normal,C:\Users\Light\Videos\正常往返.mp4,6,True,0.21875132620334625,398.9175109863281,40.4169807434082,424.6319274902344,59.74990463256836
normal,C:\Users\Light\Videos\正常往返.mp4,7,True,0.14497750997543335,398.1067810058594,41.30902099609375,424.190185546875,60.368797302246094
normal,C:\Users\Light\Videos\正常往返.mp4,8,True,0.1557294726371765,398.80511474609375,39.16450119018555,424.18408203125,58.458518981933594
normal,C:\Users\Light\Videos\正常往返.mp4,9,True,0.2815001904964447,400.9220886230469,37.071258544921875,427.39007568359375,57.17365646362305
normal,C:\Users\Light\Videos\正常往返.mp4,10,True,0.3980121314525604,400.22637939453125,38.50641632080078,427.087890625,59.10158920288086
normal,C:\Users\Light\Videos\正常往返.mp4,11,True,0.4083586037158966,400.5645446777344,38.29151153564453,426.68927001953125,58.986061096191406
normal,C:\Users\Light\Videos\正常往返.mp4,12,True,0.2773589789867401,398.88128662109375,40.20938491821289,424.47979736328125,60.006134033203125
normal,C:\Users\Light\Videos\正常往返.mp4,13,True,0.15457265079021454,400.7470397949219,37.90126419067383,426.91192626953125,57.61051940917969
normal,C:\Users\Light\Videos\正常往返.mp4,14,True,0.48726505041122437,398.10516357421875,39.11960983276367,424.4075927734375,60.09138870239258
normal,C:\Users\Light\Videos\正常往返.mp4,15,True,0.16251370310783386,398.9424133300781,40.58132553100586,424.3443298339844,59.920928955078125
normal,C:\Users\Light\Videos\正常往返.mp4,16,True,0.14755244553089142,398.9229736328125,40.83894348144531,424.26104736328125,60.062320709228516
normal,C:\Users\Light\Videos\正常往返.mp4,17,True,0.38572341203689575,400.31707763671875,38.605316162109375,426.7638244628906,59.14060974121094
normal,C:\Users\Light\Videos\正常往返.mp4,18,True,0.4737330675125122,398.0256042480469,39.37760925292969,424.374267578125,60.22482681274414
normal,C:\Users\Light\Videos\正常往返.mp4,19,True,0.3165883421897888,400.1106262207031,38.543304443359375,426.7523498535156,58.69437789916992
normal,C:\Users\Light\Videos\正常往返.mp4,20,True,0.29884228110313416,399.92340087890625,38.92757034301758,426.3736267089844,59.4705696105957
normal,C:\Users\Light\Videos\正常往返.mp4,21,True,0.13033513724803925,398.91094970703125,40.43679428100586,424.1058044433594,59.568599700927734
normal,C:\Users\Light\Videos\正常往返.mp4,22,True,0.27845677733421326,401.1696472167969,37.73609161376953,427.18341064453125,57.921138763427734
normal,C:\Users\Light\Videos\正常往返.mp4,23,True,0.36636507511138916,400.52923583984375,38.10713577270508,427.008056640625,58.47936248779297
normal,C:\Users\Light\Videos\正常往返.mp4,24,True,0.21846619248390198,400.3363037109375,38.62022018432617,426.7580261230469,58.55305099487305
normal,C:\Users\Light\Videos\正常往返.mp4,25,True,0.3179234266281128,400.6356506347656,38.26744079589844,426.80267333984375,58.421653747558594
normal,C:\Users\Light\Videos\正常往返.mp4,26,True,0.3771323263645172,400.34246826171875,38.37974548339844,426.8547058105469,58.60930252075195
normal,C:\Users\Light\Videos\正常往返.mp4,27,True,0.36157146096229553,400.1393127441406,38.88505554199219,426.8316955566406,59.266517639160156
normal,C:\Users\Light\Videos\正常往返.mp4,28,True,0.3136965334415436,400.0392150878906,38.72019577026367,426.8947448730469,59.007530212402344
normal,C:\Users\Light\Videos\正常往返.mp4,29,True,0.35100308060646057,400.3959655761719,37.712066650390625,427.4123229980469,57.8089485168457
normal,C:\Users\Light\Videos\正常往返.mp4,30,True,0.44788017868995667,399.9940490722656,38.57472610473633,426.6051025390625,59.34977340698242
normal,C:\Users\Light\Videos\正常往返.mp4,31,True,0.17683656513690948,398.6872863769531,40.09132385253906,424.2496643066406,59.4487190246582
normal,C:\Users\Light\Videos\正常往返.mp4,32,True,0.2738552391529083,400.5775451660156,38.379722595214844,426.9926452636719,58.70260238647461
normal,C:\Users\Light\Videos\正常往返.mp4,33,True,0.10751268267631531,398.99517822265625,40.58737564086914,424.0887145996094,59.817386627197266
normal,C:\Users\Light\Videos\正常往返.mp4,34,True,0.2953372299671173,398.2310791015625,40.45561981201172,424.3460388183594,60.38473129272461
normal,C:\Users\Light\Videos\正常往返.mp4,35,True,0.25266894698143005,399.85968017578125,38.931556701660156,426.79632568359375,59.158424377441406
normal,C:\Users\Light\Videos\正常往返.mp4,36,True,0.30021125078201294,399.6900939941406,38.79216003417969,426.56195068359375,59.15959167480469
normal,C:\Users\Light\Videos\正常往返.mp4,37,True,0.39643314480781555,400.1850891113281,38.296485900878906,426.8882141113281,58.86808776855469
normal,C:\Users\Light\Videos\正常往返.mp4,38,True,0.3902443051338196,400.19732666015625,38.30753707885742,426.89739990234375,58.85959243774414
normal,C:\Users\Light\Videos\正常往返.mp4,39,True,0.4201394319534302,400.29736328125,38.475284576416016,426.9410400390625,58.9814453125
normal,C:\Users\Light\Videos\正常往返.mp4,40,True,0.34404996037483215,400.3914489746094,37.633155822753906,427.3492431640625,57.92291259765625
normal,C:\Users\Light\Videos\正常往返.mp4,41,True,0.3792577385902405,400.5186462402344,38.17689895629883,426.8197021484375,58.719364166259766
normal,C:\Users\Light\Videos\正常往返.mp4,42,True,0.4952288269996643,397.8797607421875,39.672142028808594,424.2712707519531,60.863861083984375
normal,C:\Users\Light\Videos\正常往返.mp4,43,True,0.419595330953598,400.21673583984375,38.34083938598633,426.75140380859375,59.0069694519043
normal,C:\Users\Light\Videos\正常往返.mp4,44,True,0.30257487297058105,400.275634765625,38.36024856567383,426.7828674316406,59.04036331176758
normal,C:\Users\Light\Videos\正常往返.mp4,45,True,0.2655686140060425,399.8515625,38.839134216308594,426.6546325683594,59.20571517944336
normal,C:\Users\Light\Videos\正常往返.mp4,46,True,0.1648087352514267,400.3551940917969,38.25229263305664,426.85479736328125,58.38853073120117
normal,C:\Users\Light\Videos\正常往返.mp4,47,True,0.3935489058494568,400.283203125,38.5122184753418,426.7803039550781,59.08346176147461
normal,C:\Users\Light\Videos\正常往返.mp4,48,True,0.38806575536727905,400.1781005859375,38.45282745361328,427.11419677734375,58.7280158996582
normal,C:\Users\Light\Videos\正常往返.mp4,49,True,0.37293073534965515,399.9003601074219,39.12590789794922,426.61273193359375,59.779937744140625
normal,C:\Users\Light\Videos\正常往返.mp4,50,True,0.194034606218338,399.8611145019531,38.53003692626953,427.185546875,58.47425079345703
normal,C:\Users\Light\Videos\正常往返.mp4,51,True,0.04350997880101204,398.5236511230469,43.01734924316406,423.9841003417969,61.175785064697266
normal,C:\Users\Light\Videos\正常往返.mp4,52,True,0.13624559342861176,400.6523742675781,37.076011657714844,427.1836242675781,56.865230560302734
normal,C:\Users\Light\Videos\正常往返.mp4,53,True,0.22531530261039734,398.40948486328125,41.13109588623047,424.1957092285156,60.794857025146484
normal,C:\Users\Light\Videos\正常往返.mp4,54,True,0.35947397351264954,400.0163269042969,38.46293640136719,427.1247253417969,58.740814208984375
normal,C:\Users\Light\Videos\正常往返.mp4,55,True,0.425814151763916,400.4996337890625,38.60587692260742,426.8937683105469,59.18195724487305
normal,C:\Users\Light\Videos\正常往返.mp4,56,True,0.2556590139865875,398.8170166015625,39.83002853393555,424.4908142089844,59.41440963745117
normal,C:\Users\Light\Videos\正常往返.mp4,57,True,0.24593809247016907,400.1177062988281,39.065128326416016,426.7187194824219,59.45757293701172
normal,C:\Users\Light\Videos\正常往返.mp4,58,True,0.13231004774570465,398.5535888671875,41.41834259033203,424.2489013671875,60.3526611328125
normal,C:\Users\Light\Videos\正常往返.mp4,59,True,0.3074415922164917,400.24169921875,38.25531768798828,427.0218200683594,58.61764144897461
normal,C:\Users\Light\Videos\正常往返.mp4,60,True,0.2716819941997528,400.24755859375,38.14070510864258,427.0670471191406,58.41643142700195
normal,C:\Users\Light\Videos\正常往返.mp4,61,True,0.40695565938949585,400.0860290527344,38.71010971069336,426.722900390625,59.37489700317383
normal,C:\Users\Light\Videos\正常往返.mp4,62,True,0.21749357879161835,400.6365966796875,37.78676223754883,426.720703125,57.900230407714844
normal,C:\Users\Light\Videos\正常往返.mp4,63,True,0.2508170008659363,398.67694091796875,40.18439865112305,424.344482421875,59.9112663269043
normal,C:\Users\Light\Videos\正常往返.mp4,64,True,0.1781526654958725,398.5309143066406,40.35757064819336,423.8705139160156,59.721378326416016
normal,C:\Users\Light\Videos\正常往返.mp4,65,True,0.23921437561511993,398.885986328125,40.29403305053711,424.2210388183594,60.097328186035156
normal,C:\Users\Light\Videos\正常往返.mp4,66,True,0.2282571792602539,399.0502624511719,40.43423843383789,424.5308837890625,60.18907928466797
normal,C:\Users\Light\Videos\正常往返.mp4,67,True,0.4011017084121704,400.5299072265625,38.000030517578125,426.774658203125,58.584224700927734
normal,C:\Users\Light\Videos\正常往返.mp4,68,True,0.4502798616886139,400.044921875,38.45383834838867,426.746337890625,59.032474517822266
normal,C:\Users\Light\Videos\正常往返.mp4,69,True,0.43867114186286926,400.57342529296875,38.29922103881836,427.0636291503906,59.088436126708984
normal,C:\Users\Light\Videos\正常往返.mp4,70,True,0.4593077600002289,400.5087890625,37.9761848449707,426.99560546875,58.601348876953125
normal,C:\Users\Light\Videos\正常往返.mp4,71,True,0.3246667683124542,400.0841064453125,39.050113677978516,426.88385009765625,59.48469161987305
normal,C:\Users\Light\Videos\正常往返.mp4,72,True,0.026615826413035393,399.7979431152344,41.14873504638672,423.9567565917969,59.29950714111328
normal,C:\Users\Light\Videos\正常往返.mp4,73,True,0.47548192739486694,399.8111572265625,38.527347564697266,426.34063720703125,59.72346115112305
normal,C:\Users\Light\Videos\正常往返.mp4,74,True,0.2765742838382721,399.9129333496094,39.07041931152344,426.84527587890625,59.40401077270508
normal,C:\Users\Light\Videos\正常往返.mp4,75,True,0.4590112566947937,400.0480651855469,37.79072952270508,426.5062561035156,58.602176666259766
normal,C:\Users\Light\Videos\正常往返.mp4,76,True,0.4781758785247803,399.58697509765625,38.08568572998047,426.29473876953125,59.30363082885742
normal,C:\Users\Light\Videos\正常往返.mp4,77,True,0.21344730257987976,399.8809509277344,38.978084564208984,426.6211853027344,59.08357238769531
normal,C:\Users\Light\Videos\正常往返.mp4,78,True,0.20719438791275024,399.85723876953125,38.43785858154297,426.6622009277344,58.83881759643555
normal,C:\Users\Light\Videos\正常往返.mp4,79,True,0.17015434801578522,398.3948059082031,40.09064865112305,423.6270446777344,59.50788497924805
normal,C:\Users\Light\Videos\正常往返.mp4,80,True,0.13362066447734833,398.6352844238281,40.99237060546875,423.5615539550781,60.59315490722656
normal,C:\Users\Light\Videos\正常往返.mp4,81,True,0.43827611207962036,400.27496337890625,37.51787185668945,426.8124084472656,58.28310775756836
normal,C:\Users\Light\Videos\正常往返.mp4,82,True,0.12075256556272507,398.4289245605469,39.660396575927734,423.61273193359375,59.066471099853516
normal,C:\Users\Light\Videos\正常往返.mp4,83,True,0.21521347761154175,400.3982238769531,37.46397399902344,426.98175048828125,57.610877990722656
normal,C:\Users\Light\Videos\正常往返.mp4,84,True,0.44670212268829346,399.9955139160156,38.35536193847656,426.76641845703125,59.15214920043945
normal,C:\Users\Light\Videos\正常往返.mp4,85,True,0.2054915875196457,398.6515197753906,39.903629302978516,424.301025390625,59.47819137573242
normal,C:\Users\Light\Videos\正常往返.mp4,86,True,0.3470558524131775,399.87432861328125,38.62678527832031,426.511474609375,59.147422790527344
normal,C:\Users\Light\Videos\正常往返.mp4,87,True,0.22348231077194214,400.50421142578125,37.48362731933594,427.2353210449219,57.65585708618164
normal,C:\Users\Light\Videos\正常往返.mp4,88,True,0.35202938318252563,400.1454162597656,37.86309814453125,426.92779541015625,58.57033157348633
normal,C:\Users\Light\Videos\正常往返.mp4,89,True,0.3328648805618286,399.8319396972656,38.214508056640625,426.5074462890625,58.888572692871094
normal,C:\Users\Light\Videos\正常往返.mp4,90,True,0.14581799507141113,400.2372131347656,37.50774383544922,426.696044921875,57.527976989746094
normal,C:\Users\Light\Videos\正常往返.mp4,91,True,0.12703999876976013,400.5320129394531,37.12107849121094,426.9617004394531,57.05669021606445
normal,C:\Users\Light\Videos\正常往返.mp4,92,True,0.3605561852455139,400.197265625,38.3422737121582,426.8294982910156,59.19258117675781
normal,C:\Users\Light\Videos\正常往返.mp4,93,True,0.08379712700843811,399.0694885253906,39.98823165893555,423.45062255859375,59.85185623168945
normal,C:\Users\Light\Videos\正常往返.mp4,94,True,0.10828939080238342,398.8171081542969,41.2524528503418,423.611572265625,61.01182174682617
normal,C:\Users\Light\Videos\正常往返.mp4,95,True,0.11476869136095047,398.35296630859375,41.529884338378906,423.46441650390625,61.2236328125
normal,C:\Users\Light\Videos\正常往返.mp4,96,True,0.4841662347316742,398.312744140625,38.12423324584961,424.4599914550781,59.663108825683594
normal,C:\Users\Light\Videos\正常往返.mp4,97,True,0.47657510638237,398.0999755859375,39.67691421508789,424.3245544433594,61.37889862060547
normal,C:\Users\Light\Videos\正常往返.mp4,98,True,0.11450615525245667,398.26434326171875,40.774330139160156,423.5865783691406,60.596717834472656
normal,C:\Users\Light\Videos\正常往返.mp4,99,True,0.09271190315485,398.5732727050781,41.17498016357422,423.49432373046875,60.951290130615234
normal,C:\Users\Light\Videos\正常往返.mp4,100,True,0.18979813158512115,398.4126281738281,40.116310119628906,424.24896240234375,60.38634490966797
normal,C:\Users\Light\Videos\正常往返.mp4,101,True,0.2534908950328827,399.80755615234375,38.31795883178711,426.90240478515625,58.932586669921875
normal,C:\Users\Light\Videos\正常往返.mp4,102,True,0.4590439200401306,399.527099609375,38.31300354003906,426.6033935546875,59.44730758666992
normal,C:\Users\Light\Videos\正常往返.mp4,103,True,0.4688902795314789,399.0102233886719,38.13373565673828,426.205322265625,59.56414031982422
normal,C:\Users\Light\Videos\正常往返.mp4,104,True,0.19206896424293518,400.176025390625,37.71542739868164,426.7985534667969,58.05134963989258
normal,C:\Users\Light\Videos\正常往返.mp4,105,True,0.19204051792621613,400.1564025878906,37.71491241455078,426.7957763671875,58.055946350097656
normal,C:\Users\Light\Videos\正常往返.mp4,106,True,0.19522880017757416,399.55047607421875,37.980735778808594,426.9669189453125,58.34767150878906
normal,C:\Users\Light\Videos\正常往返.mp4,107,True,0.016668861731886864,399.5333251953125,41.2222900390625,423.5249328613281,59.569786071777344
normal,C:\Users\Light\Videos\正常往返.mp4,108,True,0.013070792891085148,399.4429931640625,42.872772216796875,423.2324523925781,61.26885986328125
normal,C:\Users\Light\Videos\正常往返.mp4,109,True,0.00618733698502183,399.1065979003906,45.33042526245117,423.6991271972656,63.75115966796875
normal,C:\Users\Light\Videos\正常往返.mp4,110,True,0.1308412402868271,397.9471435546875,41.15388870239258,423.3545227050781,60.829708099365234
normal,C:\Users\Light\Videos\正常往返.mp4,111,True,0.18261104822158813,398.648193359375,40.51393508911133,424.0848083496094,60.63806915283203
normal,C:\Users\Light\Videos\正常往返.mp4,112,True,0.19502335786819458,400.0824279785156,38.23279571533203,427.0528869628906,58.54262924194336
normal,C:\Users\Light\Videos\正常往返.mp4,113,True,0.21971182525157928,400.15411376953125,37.986717224121094,427.1068115234375,58.40739822387695
normal,C:\Users\Light\Videos\正常往返.mp4,114,True,0.36641421914100647,400.29632568359375,37.347389221191406,427.0657958984375,57.83606719970703
normal,C:\Users\Light\Videos\正常往返.mp4,115,True,0.3800102174282074,399.5276794433594,38.58393478393555,426.5341491699219,59.32003402709961
normal,C:\Users\Light\Videos\正常往返.mp4,116,True,0.20827481150627136,398.03521728515625,39.52303695678711,424.0304870605469,59.66178512573242
normal,C:\Users\Light\Videos\正常往返.mp4,117,True,0.16496552526950836,400.35205078125,37.21507263183594,426.7642822265625,57.492679595947266
normal,C:\Users\Light\Videos\正常往返.mp4,118,True,0.3028518855571747,400.08978271484375,37.943599700927734,426.92254638671875,58.400630950927734
normal,C:\Users\Light\Videos\正常往返.mp4,119,True,0.10036884993314743,398.5111389160156,41.48481369018555,423.398681640625,61.06645965576172
normal,C:\Users\Light\Videos\正常往返.mp4,120,True,0.3994520306587219,399.8893737792969,38.121700286865234,426.4825134277344,59.13982391357422
normal,C:\Users\Light\Videos\正常往返.mp4,121,True,0.1916736513376236,399.5683288574219,38.0311164855957,426.8447265625,58.349464416503906
normal,C:\Users\Light\Videos\正常往返.mp4,122,True,0.3832250237464905,400.01922607421875,37.29606628417969,427.1752624511719,58.319793701171875
normal,C:\Users\Light\Videos\正常往返.mp4,123,True,0.38466939330101013,400.1388244628906,37.14947509765625,426.9194030761719,57.818115234375
normal,C:\Users\Light\Videos\正常往返.mp4,124,True,0.07994010299444199,398.66204833984375,40.47431182861328,423.3749694824219,59.76918029785156
normal,C:\Users\Light\Videos\正常往返.mp4,125,True,0.06686844676733017,398.9046325683594,39.94493103027344,423.81951904296875,59.15203857421875
normal,C:\Users\Light\Videos\正常往返.mp4,126,True,0.025717241689562798,399.3694763183594,41.66143798828125,423.8026123046875,60.04336166381836
normal,C:\Users\Light\Videos\正常往返.mp4,127,True,0.027133842930197716,399.408447265625,41.487213134765625,423.8092956542969,59.93766784667969
normal,C:\Users\Light\Videos\正常往返.mp4,128,True,0.25262677669525146,399.66326904296875,38.20455551147461,427.2286682128906,58.78507614135742
normal,C:\Users\Light\Videos\正常往返.mp4,129,True,0.18811747431755066,400.3606872558594,37.89760971069336,426.7444152832031,58.256839752197266
normal,C:\Users\Light\Videos\正常往返.mp4,130,True,0.1493605524301529,399.74957275390625,37.54328536987305,427.1139221191406,57.717891693115234
normal,C:\Users\Light\Videos\正常往返.mp4,131,True,0.1912294328212738,398.3538513183594,39.64271545410156,424.07061767578125,59.753089904785156
normal,C:\Users\Light\Videos\正常往返.mp4,132,True,0.1321987509727478,398.73870849609375,40.11640167236328,423.77191162109375,59.72144317626953
normal,C:\Users\Light\Videos\正常往返.mp4,133,True,0.32426223158836365,400.2694091796875,37.586944580078125,427.39141845703125,58.07400894165039
normal,C:\Users\Light\Videos\正常往返.mp4,134,True,0.21920953691005707,400.2471618652344,36.33293914794922,426.8692321777344,56.682579040527344
normal,C:\Users\Light\Videos\正常往返.mp4,135,True,0.40608227252960205,400.1374816894531,37.287147521972656,427.05029296875,58.19083786010742
normal,C:\Users\Light\Videos\正常往返.mp4,136,True,0.13658718764781952,400.0476989746094,38.35771560668945,426.86798095703125,58.53388977050781
normal,C:\Users\Light\Videos\正常往返.mp4,137,True,0.2900983393192291,399.6502685546875,38.68922424316406,426.87591552734375,59.289241790771484
normal,C:\Users\Light\Videos\正常往返.mp4,138,True,0.1699308604001999,398.07623291015625,40.21626663208008,423.80230712890625,60.21010208129883
normal,C:\Users\Light\Videos\正常往返.mp4,139,True,0.33365148305892944,399.7434387207031,38.64931106567383,427.0302429199219,59.1180419921875
normal,C:\Users\Light\Videos\正常往返.mp4,140,True,0.07788041234016418,398.6517333984375,39.8961181640625,423.6343994140625,59.35221862792969
normal,C:\Users\Light\Videos\正常往返.mp4,141,True,0.41791200637817383,399.91497802734375,37.56000518798828,426.7164306640625,58.3116569519043
normal,C:\Users\Light\Videos\正常往返.mp4,142,True,0.08441999554634094,399.03485107421875,39.5001106262207,423.8798828125,58.863651275634766
normal,C:\Users\Light\Videos\正常往返.mp4,143,True,0.2647852599620819,400.0687561035156,38.48084259033203,427.0476379394531,58.75777816772461
normal,C:\Users\Light\Videos\正常往返.mp4,144,True,0.27070853114128113,400.661376953125,37.3336067199707,427.2135314941406,57.44424819946289
normal,C:\Users\Light\Videos\正常往返.mp4,145,True,0.20674292743206024,398.1475830078125,39.104103088378906,424.2137756347656,58.90188217163086
normal,C:\Users\Light\Videos\正常往返.mp4,146,True,0.39413705468177795,400.0195007324219,38.03889083862305,426.8281555175781,58.7706413269043
normal,C:\Users\Light\Videos\正常往返.mp4,147,True,0.167344868183136,398.5808410644531,40.32036590576172,424.1782531738281,60.17610168457031
normal,C:\Users\Light\Videos\正常往返.mp4,148,True,0.1537937968969345,398.6253967285156,40.35344696044922,424.1094970703125,60.16893005371094
normal,C:\Users\Light\Videos\正常往返.mp4,149,True,0.07814157754182816,399.1396484375,39.445159912109375,423.99786376953125,58.83841323852539
normal,C:\Users\Light\Videos\正常往返.mp4,150,True,0.13957364857196808,400.4526672363281,37.37995147705078,426.8497314453125,57.3922119140625
normal,C:\Users\Light\Videos\正常往返.mp4,151,True,0.388488233089447,400.41851806640625,37.371639251708984,426.7833251953125,58.129295349121094
normal,C:\Users\Light\Videos\正常往返.mp4,152,True,0.1799089014530182,400.5389709472656,38.02123260498047,426.62396240234375,58.113319396972656
normal,C:\Users\Light\Videos\正常往返.mp4,153,True,0.3466106653213501,400.2640075683594,37.76204299926758,427.2950439453125,58.31553649902344
normal,C:\Users\Light\Videos\正常往返.mp4,154,True,0.36963385343551636,400.2396240234375,38.268898010253906,426.88153076171875,59.033058166503906
normal,C:\Users\Light\Videos\正常往返.mp4,155,True,0.3607400357723236,400.1978454589844,38.3641471862793,426.9984130859375,59.06474685668945
normal,C:\Users\Light\Videos\正常往返.mp4,156,True,0.38701072335243225,399.6966552734375,38.43339920043945,426.9122619628906,59.27048110961914
normal,C:\Users\Light\Videos\正常往返.mp4,157,True,0.2842799127101898,400.53955078125,37.209739685058594,427.3839416503906,57.6220817565918
normal,C:\Users\Light\Videos\正常往返.mp4,158,True,0.16709977388381958,400.3375244140625,37.78205871582031,427.3086853027344,57.78037643432617
normal,C:\Users\Light\Videos\正常往返.mp4,159,True,0.14652250707149506,398.3516540527344,39.9703254699707,423.9639587402344,59.48849868774414
normal,C:\Users\Light\Videos\正常往返.mp4,160,True,0.1374305784702301,398.284423828125,40.24114227294922,423.8512878417969,59.68033981323242
normal,C:\Users\Light\Videos\正常往返.mp4,161,True,0.09945632517337799,398.6036071777344,40.84040069580078,423.5779113769531,60.2564697265625
normal,C:\Users\Light\Videos\正常往返.mp4,162,True,0.3648020327091217,400.7304382324219,37.402164459228516,426.8857421875,57.6300163269043
normal,C:\Users\Light\Videos\正常往返.mp4,163,True,0.3650621771812439,400.7346496582031,37.39700698852539,426.88079833984375,57.60437774658203
normal,C:\Users\Light\Videos\正常往返.mp4,164,True,0.14733128249645233,399.2169494628906,40.0451774597168,424.0558166503906,59.432830810546875
normal,C:\Users\Light\Videos\正常往返.mp4,165,True,0.42706671357154846,400.2791748046875,38.21795654296875,426.9120788574219,58.50587463378906
normal,C:\Users\Light\Videos\正常往返.mp4,166,True,0.4259617030620575,400.2677307128906,38.22243881225586,426.9085388183594,58.49677658081055
normal,C:\Users\Light\Videos\正常往返.mp4,167,True,0.13175249099731445,398.2896728515625,41.77342987060547,423.4830627441406,60.825897216796875
normal,C:\Users\Light\Videos\正常往返.mp4,168,True,0.07313107699155807,398.8742980957031,41.97560119628906,423.2730712890625,60.71556854248047
normal,C:\Users\Light\Videos\正常往返.mp4,169,True,0.07447392493486404,398.8569030761719,41.941715240478516,423.30157470703125,60.70669174194336
normal,C:\Users\Light\Videos\正常往返.mp4,170,True,0.09145759046077728,398.5342102050781,42.17689895629883,423.1952209472656,61.16935348510742
normal,C:\Users\Light\Videos\正常往返.mp4,171,True,0.09347997605800629,398.535888671875,42.0806884765625,423.21221923828125,61.09788131713867
normal,C:\Users\Light\Videos\正常往返.mp4,172,True,0.09364358335733414,398.3531494140625,41.89214324951172,423.5836486816406,60.81269836425781
normal,C:\Users\Light\Videos\正常往返.mp4,173,True,0.08837687224149704,398.5762634277344,41.84523391723633,423.298583984375,60.44109344482422
normal,C:\Users\Light\Videos\正常往返.mp4,174,True,0.08395985513925552,398.5674743652344,42.029457092285156,423.23394775390625,60.596317291259766
normal,C:\Users\Light\Videos\正常往返.mp4,175,True,0.0371691957116127,398.6866455078125,44.135921478271484,422.88446044921875,62.556209564208984
normal,C:\Users\Light\Videos\正常往返.mp4,176,True,0.12057224661111832,398.1022644042969,42.23505783081055,423.18890380859375,61.49492263793945
normal,C:\Users\Light\Videos\正常往返.mp4,177,True,0.10840726643800735,398.0955505371094,42.48362350463867,423.1150207519531,61.65011978149414
normal,C:\Users\Light\Videos\正常往返.mp4,178,True,0.11382531374692917,398.0852355957031,41.229347229003906,423.4762878417969,60.08567428588867
normal,C:\Users\Light\Videos\正常往返.mp4,179,True,0.1366022676229477,398.62060546875,40.239864349365234,423.676025390625,59.57888412475586
normal,C:\Users\Light\Videos\正常往返.mp4,180,True,0.13870927691459656,398.8968200683594,41.00243377685547,423.9920654296875,60.071353912353516
normal,C:\Users\Light\Videos\正常往返.mp4,181,True,0.12916134297847748,398.8935241699219,41.06003189086914,423.94000244140625,60.05696487426758
normal,C:\Users\Light\Videos\正常往返.mp4,182,True,0.2266130894422531,400.2476501464844,39.11297607421875,426.841064453125,58.94491195678711
normal,C:\Users\Light\Videos\正常往返.mp4,183,True,0.18922069668769836,398.7342224121094,40.81321334838867,424.22686767578125,59.75936508178711
normal,C:\Users\Light\Videos\正常往返.mp4,184,True,0.1936221867799759,398.73797607421875,40.8780517578125,424.2427978515625,59.84235382080078
normal,C:\Users\Light\Videos\正常往返.mp4,185,True,0.21706612408161163,400.3663330078125,38.57078170776367,426.7178649902344,58.46049118041992
normal,C:\Users\Light\Videos\正常往返.mp4,186,True,0.008517362177371979,399.6075439453125,46.02696990966797,423.5874938964844,63.16783905029297
normal,C:\Users\Light\Videos\正常往返.mp4,187,True,0.009409301914274693,399.6183776855469,45.7308464050293,423.57244873046875,62.82823944091797
normal,C:\Users\Light\Videos\正常往返.mp4,188,True,0.18409429490566254,398.6195983886719,40.68820571899414,424.18914794921875,59.75685501098633
normal,C:\Users\Light\Videos\正常往返.mp4,189,True,0.2232186645269394,400.3222961425781,39.03996276855469,426.8050537109375,59.009098052978516
normal,C:\Users\Light\Videos\正常往返.mp4,190,True,0.21340233087539673,400.3217468261719,39.150291442871094,426.7943115234375,59.09450912475586
normal,C:\Users\Light\Videos\正常往返.mp4,191,True,0.20849914848804474,398.4613952636719,40.23619079589844,424.483642578125,59.81846237182617
normal,C:\Users\Light\Videos\正常往返.mp4,192,True,0.13879677653312683,398.7576599121094,40.28226852416992,424.7598571777344,59.669246673583984
normal,C:\Users\Light\Videos\正常往返.mp4,193,True,0.12533754110336304,398.7247009277344,40.39840316772461,424.6602783203125,59.67781066894531
normal,C:\Users\Light\Videos\正常往返.mp4,194,True,0.19912715256214142,399.6619873046875,38.2941780090332,426.93499755859375,58.25453186035156
normal,C:\Users\Light\Videos\正常往返.mp4,195,True,0.2152976095676422,399.6584167480469,38.30872344970703,426.96771240234375,58.3264045715332
normal,C:\Users\Light\Videos\正常往返.mp4,196,True,0.4224397838115692,399.6224670410156,37.6962890625,426.72216796875,58.41145706176758
normal,C:\Users\Light\Videos\正常往返.mp4,197,True,0.168163001537323,400.42138671875,38.31311798095703,427.1686096191406,58.14890670776367
normal,C:\Users\Light\Videos\正常往返.mp4,198,True,0.17536549270153046,400.5149230957031,38.13725662231445,427.1844482421875,58.031402587890625
normal,C:\Users\Light\Videos\正常往返.mp4,199,True,0.15537932515144348,398.2765197753906,40.092620849609375,424.6394348144531,59.69264602661133
normal,C:\Users\Light\Videos\正常往返.mp4,200,True,0.15429019927978516,398.8764343261719,40.3456916809082,424.8043212890625,59.79241943359375
normal,C:\Users\Light\Videos\正常往返.mp4,201,True,0.153764009475708,398.8795471191406,40.363868713378906,424.8068542480469,59.78231430053711
normal,C:\Users\Light\Videos\正常往返.mp4,202,True,0.14736686646938324,398.9371337890625,40.821529388427734,424.63739013671875,60.15122604370117
normal,C:\Users\Light\Videos\正常往返.mp4,203,True,0.15149325132369995,398.46527099609375,40.084957122802734,424.1168518066406,59.53379440307617
normal,C:\Users\Light\Videos\正常往返.mp4,204,True,0.15208858251571655,400.3339538574219,38.16999816894531,426.82720947265625,57.6365852355957
normal,C:\Users\Light\Videos\正常往返.mp4,205,True,0.15076589584350586,398.8695068359375,39.52561569213867,424.2694396972656,58.66938781738281
normal,C:\Users\Light\Videos\正常往返.mp4,206,True,0.1253311038017273,398.596923828125,40.88410186767578,423.98486328125,59.79228591918945
normal,C:\Users\Light\Videos\正常往返.mp4,207,True,0.030721677467226982,398.7947692871094,44.547977447509766,423.3607482910156,62.64576721191406
normal,C:\Users\Light\Videos\正常往返.mp4,208,True,0.027511779218912125,398.86444091796875,44.66196060180664,423.3372497558594,62.71833419799805
normal,C:\Users\Light\Videos\正常往返.mp4,209,True,0.10929901897907257,398.8883056640625,40.2746467590332,423.9232177734375,59.579647064208984
normal,C:\Users\Light\Videos\正常往返.mp4,210,True,0.04445667564868927,399.1265563964844,42.20085906982422,423.5600280761719,60.84575271606445
normal,C:\Users\Light\Videos\正常往返.mp4,211,True,0.05060715600848198,399.00726318359375,41.948909759521484,423.5496826171875,60.70500946044922
normal,C:\Users\Light\Videos\正常往返.mp4,212,True,0.1817871481180191,397.94012451171875,42.353187561035156,424.2444152832031,62.046531677246094
normal,C:\Users\Light\Videos\正常往返.mp4,213,True,0.3083055019378662,397.47125244140625,40.35918426513672,424.5009460449219,60.306358337402344
normal,C:\Users\Light\Videos\正常往返.mp4,214,True,0.30429166555404663,397.4898986816406,40.35333251953125,424.5103454589844,60.27406311035156
normal,C:\Users\Light\Videos\正常往返.mp4,215,True,0.26272162795066833,397.96832275390625,40.94985580444336,424.3697204589844,60.79671859741211
normal,C:\Users\Light\Videos\正常往返.mp4,216,True,0.2611490488052368,397.9721984863281,40.981544494628906,424.36944580078125,60.7863655090332
normal,C:\Users\Light\Videos\正常往返.mp4,217,True,0.2402748018503189,397.9284973144531,40.58735275268555,424.2992858886719,60.82659149169922
normal,C:\Users\Light\Videos\正常往返.mp4,218,True,0.40593793988227844,399.8614501953125,38.511993408203125,427.0111083984375,59.08543395996094
normal,C:\Users\Light\Videos\正常往返.mp4,219,True,0.4100751280784607,399.8434143066406,38.5029411315918,426.9609375,59.09435272216797
normal,C:\Users\Light\Videos\正常往返.mp4,220,True,0.363254576921463,399.2969665527344,39.232139587402344,426.6156921386719,59.540313720703125
normal,C:\Users\Light\Videos\正常往返.mp4,221,True,0.2366112768650055,397.8119812011719,40.579376220703125,424.0570373535156,60.82426071166992
normal,C:\Users\Light\Videos\正常往返.mp4,222,True,0.24722443521022797,397.7450256347656,40.55727767944336,424.0250244140625,60.86975860595703
normal,C:\Users\Light\Videos\正常往返.mp4,223,True,0.4271199107170105,398.94573974609375,38.85282516479492,426.40716552734375,59.64764404296875
normal,C:\Users\Light\Videos\正常往返.mp4,224,True,0.3138481378555298,397.0929870605469,40.83454895019531,423.9066467285156,61.35729217529297
normal,C:\Users\Light\Videos\正常往返.mp4,225,True,0.31367218494415283,397.0926208496094,40.83269119262695,423.8936462402344,61.349830627441406
normal,C:\Users\Light\Videos\正常往返.mp4,226,True,0.2883979082107544,397.08013916015625,40.80185317993164,423.7633361816406,61.23244094848633
normal,C:\Users\Light\Videos\正常往返.mp4,227,True,0.26339229941368103,397.4728088378906,40.3365478515625,423.79315185546875,60.44844436645508
normal,C:\Users\Light\Videos\正常往返.mp4,228,True,0.1709836721420288,397.9613952636719,40.27587890625,423.7144470214844,60.048336029052734
normal,C:\Users\Light\Videos\正常往返.mp4,229,True,0.1738995909690857,397.9586181640625,40.18760299682617,423.73345947265625,60.03836441040039
normal,C:\Users\Light\Videos\正常往返.mp4,230,True,0.16975869238376617,398.10205078125,40.415435791015625,423.54168701171875,60.104026794433594
normal,C:\Users\Light\Videos\正常往返.mp4,231,True,0.08779024332761765,397.7676696777344,43.01418685913086,423.2176208496094,62.27458953857422
normal,C:\Users\Light\Videos\正常往返.mp4,232,True,0.10760237276554108,397.7120056152344,42.61809158325195,423.31829833984375,62.03801727294922
normal,C:\Users\Light\Videos\正常往返.mp4,233,True,0.16993576288223267,397.8853759765625,41.749874114990234,423.7307434082031,61.00655746459961
normal,C:\Users\Light\Videos\正常往返.mp4,234,True,0.18681426346302032,398.0751953125,41.416526794433594,423.6732482910156,61.07961654663086
normal,C:\Users\Light\Videos\正常往返.mp4,235,True,0.18533235788345337,398.0941162109375,41.3636589050293,423.6516418457031,61.02580642700195
normal,C:\Users\Light\Videos\正常往返.mp4,236,True,0.13361462950706482,398.01861572265625,41.8157844543457,423.2789001464844,61.29962921142578
normal,C:\Users\Light\Videos\正常往返.mp4,237,True,0.1508627086877823,397.7928466796875,42.39168930053711,423.56842041015625,61.73335647583008
normal,C:\Users\Light\Videos\正常往返.mp4,238,True,0.15679222345352173,397.7767639160156,42.47891616821289,423.5779724121094,61.8354606628418
normal,C:\Users\Light\Videos\正常往返.mp4,239,True,0.14573729038238525,398.25775146484375,41.46025085449219,423.5142517089844,60.77507019042969
normal,C:\Users\Light\Videos\正常往返.mp4,240,True,0.13587255775928497,398.2196960449219,41.6182746887207,423.43560791015625,60.859580993652344
normal,C:\Users\Light\Videos\正常往返.mp4,241,True,0.2749166488647461,399.9049377441406,39.30183792114258,426.83209228515625,59.072994232177734
normal,C:\Users\Light\Videos\正常往返.mp4,242,True,0.02932233177125454,398.5090637207031,44.33690643310547,423.3065185546875,62.3493537902832
normal,C:\Users\Light\Videos\正常往返.mp4,243,True,0.029461415484547615,398.5152282714844,44.38966369628906,423.27008056640625,62.390323638916016
normal,C:\Users\Light\Videos\正常往返.mp4,244,True,0.05496989190578461,398.2549743652344,44.00709915161133,423.1523742675781,62.27907180786133
normal,C:\Users\Light\Videos\正常往返.mp4,245,True,0.12270253151655197,397.96722412109375,42.895206451416016,423.4411926269531,61.697296142578125
normal,C:\Users\Light\Videos\正常往返.mp4,246,True,0.12392261624336243,397.9413146972656,42.88666915893555,423.46380615234375,61.702606201171875
normal,C:\Users\Light\Videos\正常往返.mp4,247,True,0.024040043354034424,398.66595458984375,44.49593734741211,423.40423583984375,62.12519454956055
normal,C:\Users\Light\Videos\正常往返.mp4,248,True,0.0023594978265464306,400.00994873046875,49.38934326171875,424.5587158203125,67.46324157714844
normal,C:\Users\Light\Videos\正常往返.mp4,249,True,0.0013818196021020412,400.3265380859375,50.13201141357422,424.7958679199219,68.35539245605469
normal,C:\Users\Light\Videos\正常往返.mp4,250,True,0.0025433157570660114,399.83074951171875,48.72814178466797,424.37432861328125,66.59392547607422
normal,C:\Users\Light\Videos\正常往返.mp4,251,True,0.010367968119680882,399.456298828125,45.01417541503906,423.93927001953125,62.49959945678711
normal,C:\Users\Light\Videos\正常往返.mp4,252,True,0.013402006588876247,399.6461486816406,44.244659423828125,423.7779541015625,61.83698654174805
normal,C:\Users\Light\Videos\正常往返.mp4,253,True,0.01767115108668804,399.513916015625,43.55084991455078,423.7328796386719,61.27607345581055
normal,C:\Users\Light\Videos\正常往返.mp4,254,True,0.01168052852153778,399.2714538574219,46.072059631347656,423.99664306640625,63.638206481933594
normal,C:\Users\Light\Videos\正常往返.mp4,255,True,0.001601675758138299,399.5367736816406,34.82701110839844,426.6596984863281,55.250694274902344
normal,C:\Users\Light\Videos\正常往返.mp4,256,True,0.001571277971379459,399.4897155761719,34.84505081176758,426.68902587890625,55.21992492675781
normal,C:\Users\Light\Videos\正常往返.mp4,257,True,0.0210390854626894,399.22869873046875,44.31278991699219,423.85797119140625,61.96580505371094
normal,C:\Users\Light\Videos\正常往返.mp4,258,True,0.009308898821473122,399.0845031738281,45.94873046875,423.97088623046875,63.4074821472168
normal,C:\Users\Light\Videos\正常往返.mp4,259,True,0.010373718105256557,399.1004943847656,45.602272033691406,423.9390869140625,63.01575469970703
normal,C:\Users\Light\Videos\正常往返.mp4,260,True,0.0028804645407944918,399.6980285644531,47.514564514160156,423.89306640625,65.48793029785156
normal,C:\Users\Light\Videos\正常往返.mp4,261,True,0.0028828484937548637,399.73712158203125,47.538970947265625,423.88946533203125,65.49015045166016
normal,C:\Users\Light\Videos\正常往返.mp4,262,True,0.0017260105814784765,399.38580322265625,34.97754669189453,426.9033508300781,55.119789123535156
normal,C:\Users\Light\Videos\正常往返.mp4,263,True,0.009093401953577995,399.5702819824219,46.31392288208008,423.5131530761719,63.773616790771484
normal,C:\Users\Light\Videos\正常往返.mp4,264,True,0.009234484285116196,399.56573486328125,46.31363296508789,423.5129699707031,63.78049850463867
normal,C:\Users\Light\Videos\正常往返.mp4,265,True,0.005336254369467497,399.8525390625,46.1588134765625,423.75433349609375,63.69452667236328
normal,C:\Users\Light\Videos\正常往返.mp4,266,True,0.024953916668891907,398.9820556640625,44.22917556762695,423.1502685546875,62.00334548950195
normal,C:\Users\Light\Videos\正常往返.mp4,267,True,0.03064177930355072,398.8109436035156,43.84757614135742,423.1068115234375,61.740482330322266
normal,C:\Users\Light\Videos\正常往返.mp4,268,True,0.007693164050579071,399.614990234375,45.522735595703125,423.41375732421875,63.140968322753906
normal,C:\Users\Light\Videos\正常往返.mp4,269,True,0.07452806830406189,397.44793701171875,42.701011657714844,423.0968322753906,60.98988342285156
normal,C:\Users\Light\Videos\正常往返.mp4,270,True,0.07414177805185318,397.4031677246094,42.777748107910156,423.0957946777344,61.040802001953125
normal,C:\Users\Light\Videos\正常往返.mp4,271,True,0.1981598287820816,400.08673095703125,37.47085189819336,426.9111633300781,56.99311065673828
normal,C:\Users\Light\Videos\正常往返.mp4,272,True,0.22338545322418213,400.0736999511719,37.44729995727539,426.921875,57.04682922363281
normal,C:\Users\Light\Videos\正常往返.mp4,273,True,0.2453812211751938,398.0483703613281,40.30048751831055,423.9237060546875,59.719783782958984
normal,C:\Users\Light\Videos\正常往返.mp4,274,True,0.1474200189113617,398.0055236816406,39.42167282104492,423.3934631347656,58.76719284057617
normal,C:\Users\Light\Videos\正常往返.mp4,275,True,0.401517391204834,399.1102294921875,39.18393325805664,426.5252380371094,59.28081512451172
normal,C:\Users\Light\Videos\正常往返.mp4,276,True,0.45089608430862427,398.91168212890625,38.80912399291992,425.9209289550781,59.20717239379883
normal,C:\Users\Light\Videos\正常往返.mp4,277,True,0.4520169496536255,398.91387939453125,38.770755767822266,425.9165954589844,59.17557144165039
normal,C:\Users\Light\Videos\正常往返.mp4,278,True,0.2031501680612564,398.0906982421875,40.59645080566406,423.6582946777344,60.09853744506836
normal,C:\Users\Light\Videos\正常往返.mp4,279,True,0.39385682344436646,399.8426818847656,38.782230377197266,426.728759765625,58.984222412109375
normal,C:\Users\Light\Videos\正常往返.mp4,280,True,0.3933982253074646,399.82080078125,38.818336486816406,426.71038818359375,59.022342681884766
normal,C:\Users\Light\Videos\正常往返.mp4,281,True,0.10757111757993698,397.763671875,40.96617126464844,423.3206787109375,59.657997131347656
normal,C:\Users\Light\Videos\正常往返.mp4,282,True,0.09066417068243027,398.365966796875,40.96455764770508,423.5745849609375,59.82518768310547
normal,C:\Users\Light\Videos\正常往返.mp4,283,True,0.09144376218318939,398.3479919433594,41.00019073486328,423.5767822265625,59.86911392211914
normal,C:\Users\Light\Videos\正常往返.mp4,284,True,0.14600270986557007,399.8104553222656,37.806663513183594,426.47869873046875,57.49991989135742
normal,C:\Users\Light\Videos\正常往返.mp4,285,True,0.14771175384521484,399.7735595703125,37.798057556152344,426.46826171875,57.50211715698242
normal,C:\Users\Light\Videos\正常往返.mp4,286,True,0.287982702255249,400.08489990234375,38.208343505859375,426.833740234375,58.09330368041992
normal,C:\Users\Light\Videos\正常往返.mp4,287,True,0.5482282638549805,398.0453796386719,38.313228607177734,425.2320556640625,59.57344055175781
normal,C:\Users\Light\Videos\正常往返.mp4,288,True,0.5480250120162964,398.03485107421875,38.29245376586914,425.23406982421875,59.549034118652344
normal,C:\Users\Light\Videos\正常往返.mp4,289,True,0.5532765984535217,398.59912109375,38.13534927368164,425.55792236328125,59.72895050048828
normal,C:\Users\Light\Videos\正常往返.mp4,290,True,0.5412238240242004,399.0719909667969,39.268043518066406,426.35540771484375,61.045326232910156
normal,C:\Users\Light\Videos\正常往返.mp4,291,True,0.5404576063156128,399.0421142578125,39.31739044189453,426.3282775878906,61.09714126586914
normal,C:\Users\Light\Videos\正常往返.mp4,292,True,0.5135343074798584,398.6658630371094,39.21174621582031,425.9516906738281,60.14407730102539
normal,C:\Users\Light\Videos\正常往返.mp4,293,True,0.5279327630996704,399.629638671875,38.54733657836914,426.55426025390625,59.58778381347656
normal,C:\Users\Light\Videos\正常往返.mp4,294,True,0.5265371799468994,399.6253967285156,38.56587219238281,426.5533447265625,59.60264205932617
normal,C:\Users\Light\Videos\正常往返.mp4,295,True,0.5370396375656128,400.3978576660156,39.08409118652344,427.172607421875,60.3997917175293
normal,C:\Users\Light\Videos\正常往返.mp4,296,True,0.5375749468803406,400.3936462402344,39.102333068847656,427.16192626953125,60.429866790771484
normal,C:\Users\Light\Videos\正常往返.mp4,297,True,0.4922822415828705,400.18310546875,38.003883361816406,426.921630859375,58.81483840942383
normal,C:\Users\Light\Videos\正常往返.mp4,298,True,0.5782833695411682,401.21478271484375,37.00817108154297,428.2725524902344,58.96765899658203
normal,C:\Users\Light\Videos\正常往返.mp4,299,True,0.5081583857536316,399.9508361816406,37.70937728881836,427.1710205078125,58.891326904296875
normal,C:\Users\Light\Videos\正常往返.mp4,300,True,0.5227174162864685,400.60699462890625,38.38429641723633,427.688232421875,59.22124481201172
normal,C:\Users\Light\Videos\正常往返.mp4,301,True,0.5234243273735046,400.6229553222656,38.472572326660156,427.7077941894531,59.322566986083984
normal,C:\Users\Light\Videos\正常往返.mp4,302,True,0.4915720224380493,401.6688537597656,37.74395751953125,428.8529052734375,58.46320343017578
normal,C:\Users\Light\Videos\正常往返.mp4,303,True,0.5469465255737305,401.8232727050781,36.917964935302734,429.1003723144531,58.49740219116211
normal,C:\Users\Light\Videos\正常往返.mp4,304,True,0.5460783839225769,401.8410949707031,36.9124755859375,429.11517333984375,58.46725845336914
normal,C:\Users\Light\Videos\正常往返.mp4,305,True,0.42303743958473206,405.22711181640625,36.17045593261719,432.70501708984375,56.43031692504883
normal,C:\Users\Light\Videos\正常往返.mp4,306,True,0.4265930652618408,405.24005126953125,36.24349594116211,432.68963623046875,56.50581741333008
normal,C:\Users\Light\Videos\正常往返.mp4,307,True,0.5870102643966675,403.8418884277344,37.08423614501953,432.1330871582031,59.2820930480957
normal,C:\Users\Light\Videos\正常往返.mp4,308,True,0.2943166494369507,406.2776184082031,38.06502151489258,433.81146240234375,57.94353103637695
normal,C:\Users\Light\Videos\正常往返.mp4,309,True,0.29917654395103455,406.2378845214844,38.124481201171875,433.801513671875,58.01271438598633
normal,C:\Users\Light\Videos\正常往返.mp4,310,True,0.032426636666059494,405.2010192871094,38.51699447631836,432.5838317871094,57.80428695678711
normal,C:\Users\Light\Videos\正常往返.mp4,311,True,0.008580227382481098,404.4017639160156,39.15318298339844,431.85504150390625,58.47369384765625
normal,C:\Users\Light\Videos\正常往返.mp4,312,True,0.009278065524995327,404.4281005859375,39.04376983642578,431.90252685546875,58.36669921875
normal,C:\Users\Light\Videos\正常往返.mp4,313,True,0.005833449773490429,407.6125183105469,30.712465286254883,437.9797058105469,51.66725540161133
normal,C:\Users\Light\Videos\正常往返.mp4,314,True,0.0029391408897936344,405.9178466796875,36.92197799682617,433.49932861328125,55.843204498291016
normal,C:\Users\Light\Videos\正常往返.mp4,315,True,0.0024940380826592445,373.16241455078125,26.865758895874023,397.72802734375,48.31337356567383
normal,C:\Users\Light\Videos\正常往返.mp4,316,True,0.003048810176551342,406.05780029296875,38.003841400146484,434.75274658203125,56.88230895996094
normal,C:\Users\Light\Videos\正常往返.mp4,317,True,0.0029628321062773466,405.9693298339844,37.95431137084961,434.68621826171875,56.8382453918457
normal,C:\Users\Light\Videos\正常往返.mp4,318,True,0.007017485331743956,407.49261474609375,38.599422454833984,435.4150085449219,57.0046501159668
normal,C:\Users\Light\Videos\正常往返.mp4,319,True,0.006605277769267559,374.4618225097656,26.22013282775879,398.670654296875,47.49540328979492
normal,C:\Users\Light\Videos\正常往返.mp4,320,True,0.00664962362498045,374.4653625488281,26.220962524414062,398.67803955078125,47.468265533447266
normal,C:\Users\Light\Videos\正常往返.mp4,321,True,0.07173332571983337,411.9994812011719,40.80595397949219,438.84442138671875,59.0147705078125
normal,C:\Users\Light\Videos\正常往返.mp4,322,True,0.04205084219574928,413.3244934082031,38.965309143066406,439.4544372558594,57.59953689575195
normal,C:\Users\Light\Videos\正常往返.mp4,323,True,0.03146865963935852,414.07177734375,37.85260772705078,440.93743896484375,56.63627624511719
normal,C:\Users\Light\Videos\正常往返.mp4,324,True,0.0061331577599048615,374.3497009277344,26.34099769592285,399.6793518066406,47.61555099487305
normal,C:\Users\Light\Videos\正常往返.mp4,325,True,0.006094176787883043,374.33746337890625,26.340974807739258,399.6829833984375,47.63475799560547
normal,C:\Users\Light\Videos\正常往返.mp4,326,True,0.009585217572748661,374.9900817871094,25.047258377075195,399.9089660644531,46.19514465332031
normal,C:\Users\Light\Videos\正常往返.mp4,327,True,0.008764856494963169,374.6979064941406,25.026750564575195,400.7275390625,46.28759002685547
normal,C:\Users\Light\Videos\正常往返.mp4,328,True,0.008654231205582619,374.6897888183594,25.013641357421875,400.7302551269531,46.313697814941406
normal,C:\Users\Light\Videos\正常往返.mp4,329,True,0.01689279079437256,374.7661437988281,23.699125289916992,401.7967224121094,44.8185920715332
normal,C:\Users\Light\Videos\正常往返.mp4,330,True,0.016162553802132607,374.8554382324219,23.74251365661621,401.71160888671875,44.90550231933594
normal,C:\Users\Light\Videos\正常往返.mp4,331,True,0.1441495716571808,416.606689453125,34.83933639526367,443.3255920410156,54.58037185668945
normal,C:\Users\Light\Videos\正常往返.mp4,332,True,0.025214005261659622,376.43524169921875,25.655546188354492,401.2074890136719,46.76049041748047
normal,C:\Users\Light\Videos\正常往返.mp4,333,True,0.025557175278663635,376.4252014160156,25.630332946777344,401.2066955566406,46.711612701416016
normal,C:\Users\Light\Videos\正常往返.mp4,334,True,0.04413456469774246,377.6352844238281,25.4564208984375,401.14935302734375,46.92922592163086
normal,C:\Users\Light\Videos\正常往返.mp4,335,True,0.07077579945325851,378.4519958496094,25.488492965698242,400.998779296875,47.32068634033203
normal,C:\Users\Light\Videos\正常往返.mp4,336,True,0.06934770941734314,378.453369140625,25.505615234375,400.99749755859375,47.3681526184082
normal,C:\Users\Light\Videos\正常往返.mp4,337,True,0.16971038281917572,377.5079040527344,21.24044418334961,403.2619323730469,42.794334411621094
normal,C:\Users\Light\Videos\正常往返.mp4,338,True,0.1397402584552765,379.0788879394531,24.662118911743164,403.132080078125,46.14536666870117
normal,C:\Users\Light\Videos\正常往返.mp4,339,True,0.14201822876930237,379.0953369140625,24.644704818725586,403.0809326171875,46.160987854003906
normal,C:\Users\Light\Videos\正常往返.mp4,340,True,0.35283923149108887,379.7266540527344,24.369157791137695,403.5492858886719,44.8863410949707
normal,C:\Users\Light\Videos\正常往返.mp4,341,True,0.3452247381210327,379.7550354003906,24.395915985107422,403.5791015625,44.86406707763672
normal,C:\Users\Light\Videos\正常往返.mp4,342,True,0.35802534222602844,380.3027648925781,23.773643493652344,403.87225341796875,43.57200622558594
normal,C:\Users\Light\Videos\正常往返.mp4,343,True,0.45194754004478455,380.4928894042969,23.186914443969727,404.3218994140625,42.630821228027344
normal,C:\Users\Light\Videos\正常往返.mp4,344,True,0.4575813114643097,380.5209045410156,23.189985275268555,404.32769775390625,42.62286376953125
normal,C:\Users\Light\Videos\正常往返.mp4,345,True,0.4418357014656067,380.5669860839844,22.89558982849121,404.9405822753906,42.641510009765625
normal,C:\Users\Light\Videos\正常往返.mp4,346,True,0.27543941140174866,380.820556640625,23.02761459350586,405.37408447265625,42.63104248046875
normal,C:\Users\Light\Videos\正常往返.mp4,347,True,0.19466467201709747,380.7337341308594,23.32832908630371,405.8924560546875,43.23758316040039
normal,C:\Users\Light\Videos\正常往返.mp4,348,True,0.07251075655221939,380.5923156738281,23.08904457092285,406.86846923828125,42.36445999145508
normal,C:\Users\Light\Videos\正常往返.mp4,349,True,0.07242799550294876,380.57305908203125,23.064189910888672,406.8783264160156,42.3630485534668
normal,C:\Users\Light\Videos\正常往返.mp4,350,True,0.10986140370368958,380.7017822265625,23.34735679626465,406.94366455078125,42.348236083984375
normal,C:\Users\Light\Videos\正常往返.mp4,351,True,0.1110038012266159,380.6744384765625,23.304887771606445,406.963134765625,42.332435607910156
normal,C:\Users\Light\Videos\正常往返.mp4,352,True,0.10574837028980255,381.1457824707031,23.071495056152344,407.3079833984375,43.39338684082031
normal,C:\Users\Light\Videos\正常往返.mp4,353,True,0.09228476881980896,381.2804260253906,22.707714080810547,407.13238525390625,42.8758659362793
normal,C:\Users\Light\Videos\正常往返.mp4,354,True,0.09448018670082092,381.24310302734375,22.766006469726562,407.15716552734375,42.92510223388672
normal,C:\Users\Light\Videos\正常往返.mp4,355,True,0.05860961228609085,382.61737060546875,22.56833839416504,406.94757080078125,42.72523880004883
normal,C:\Users\Light\Videos\正常往返.mp4,356,True,0.042863331735134125,408.97149658203125,41.8455696105957,440.26751708984375,60.748199462890625
normal,C:\Users\Light\Videos\正常往返.mp4,357,True,0.04558383673429489,408.9695129394531,41.86094665527344,440.2982482910156,60.75160598754883
normal,C:\Users\Light\Videos\正常往返.mp4,358,True,0.07906078547239304,409.13775634765625,40.833473205566406,437.24102783203125,58.721092224121094
normal,C:\Users\Light\Videos\正常往返.mp4,359,True,0.18087105453014374,409.3017883300781,40.88105392456055,434.1883544921875,58.675437927246094
normal,C:\Users\Light\Videos\正常往返.mp4,360,True,0.17327257990837097,409.4123229980469,40.81336975097656,434.218017578125,58.60475540161133
normal,C:\Users\Light\Videos\正常往返.mp4,361,True,0.17406266927719116,404.8973388671875,41.63737106323242,431.0965576171875,60.3790397644043
normal,C:\Users\Light\Videos\正常往返.mp4,362,True,0.1817447543144226,404.8990783691406,41.62421417236328,431.10699462890625,60.361446380615234
normal,C:\Users\Light\Videos\正常往返.mp4,363,True,0.28362560272216797,403.93914794921875,42.2182502746582,429.46722412109375,60.18313980102539
normal,C:\Users\Light\Videos\正常往返.mp4,364,True,0.4393444061279297,398.3720397949219,42.319393157958984,428.2488098144531,61.809329986572266
normal,C:\Users\Light\Videos\正常往返.mp4,365,True,0.43542709946632385,398.3853759765625,42.29216003417969,428.218994140625,61.809486389160156
normal,C:\Users\Light\Videos\正常往返.mp4,366,True,0.6718794107437134,395.6253662109375,40.616241455078125,424.6206359863281,61.30137634277344
normal,C:\Users\Light\Videos\正常往返.mp4,367,True,0.5585673451423645,392.8660888671875,40.308712005615234,420.1352233886719,61.739383697509766
normal,C:\Users\Light\Videos\正常往返.mp4,368,True,0.5604056119918823,392.8364562988281,40.279151916503906,420.127197265625,61.744293212890625
normal,C:\Users\Light\Videos\正常往返.mp4,369,True,0.7166475057601929,387.4869384765625,38.80887985229492,416.8765563964844,60.564109802246094
normal,C:\Users\Light\Videos\正常往返.mp4,370,True,0.7098982334136963,382.6252136230469,38.098548889160156,412.9446105957031,60.853599548339844
normal,C:\Users\Light\Videos\正常往返.mp4,371,True,0.7144112586975098,380.3054504394531,36.94757080078125,409.36724853515625,60.795799255371094
normal,C:\Users\Light\Videos\正常往返.mp4,372,True,0.7214326858520508,375.4722900390625,38.74267578125,405.111083984375,60.71498489379883
normal,C:\Users\Light\Videos\正常往返.mp4,373,True,0.7197319269180298,375.48455810546875,38.717552185058594,405.10589599609375,60.723793029785156
normal,C:\Users\Light\Videos\正常往返.mp4,374,True,0.7646440863609314,368.61346435546875,39.888702392578125,400.1557312011719,61.69252395629883
normal,C:\Users\Light\Videos\正常往返.mp4,375,True,0.7636789679527283,368.6481628417969,39.918731689453125,400.093505859375,61.70830154418945
normal,C:\Users\Light\Videos\正常往返.mp4,376,True,0.7464947700500488,362.9526672363281,40.88475036621094,393.8765563964844,61.82627487182617
normal,C:\Users\Light\Videos\正常往返.mp4,377,True,0.8059590458869934,358.80450439453125,41.008575439453125,388.7534484863281,61.754981994628906
normal,C:\Users\Light\Videos\正常往返.mp4,378,True,0.8053697943687439,358.8645935058594,40.9688835144043,388.7320861816406,61.75244903564453
normal,C:\Users\Light\Videos\正常往返.mp4,379,True,0.7877823710441589,351.6264343261719,41.2018928527832,381.82122802734375,61.714149475097656
normal,C:\Users\Light\Videos\正常往返.mp4,380,True,0.7992745637893677,346.55340576171875,39.67216491699219,375.8767395019531,62.45979690551758
normal,C:\Users\Light\Videos\正常往返.mp4,381,True,0.7976284027099609,346.4826354980469,39.731597900390625,375.9141845703125,62.52299880981445
normal,C:\Users\Light\Videos\正常往返.mp4,382,True,0.7804808020591736,340.8702392578125,40.149749755859375,369.2813415527344,61.24555206298828
normal,C:\Users\Light\Videos\正常往返.mp4,383,True,0.7728939056396484,330.8389587402344,41.66531753540039,361.99700927734375,62.940185546875
normal,C:\Users\Light\Videos\正常往返.mp4,384,True,0.7701364159584045,330.9342346191406,41.67658996582031,361.98492431640625,62.90775680541992
normal,C:\Users\Light\Videos\正常往返.mp4,385,True,0.7858788967132568,323.87603759765625,40.82253646850586,355.35101318359375,61.87226104736328
normal,C:\Users\Light\Videos\正常往返.mp4,386,True,0.7877805829048157,323.8505859375,40.79642868041992,355.3547668457031,61.856101989746094
normal,C:\Users\Light\Videos\正常往返.mp4,387,True,0.8076314926147461,317.6747131347656,40.56769943237305,347.037353515625,62.490657806396484
normal,C:\Users\Light\Videos\正常往返.mp4,388,True,0.8096891045570374,310.8486328125,40.666351318359375,340.70782470703125,62.22369384765625
normal,C:\Users\Light\Videos\正常往返.mp4,389,True,0.8099629282951355,310.869140625,40.66240692138672,340.6916198730469,62.22010803222656
normal,C:\Users\Light\Videos\正常往返.mp4,390,True,0.7642163634300232,303.4868469238281,40.668819427490234,332.92926025390625,61.85525131225586
normal,C:\Users\Light\Videos\正常往返.mp4,391,True,0.7363858222961426,295.24346923828125,41.837188720703125,324.39898681640625,62.40206527709961
normal,C:\Users\Light\Videos\正常往返.mp4,392,True,0.7358815670013428,295.2238464355469,41.84592819213867,324.404541015625,62.43693923950195
normal,C:\Users\Light\Videos\正常往返.mp4,393,True,0.8132199645042419,287.5511779785156,41.453460693359375,318.079345703125,62.5914421081543
normal,C:\Users\Light\Videos\正常往返.mp4,394,True,0.7635197043418884,279.7246398925781,42.31827163696289,310.08148193359375,63.62751770019531
normal,C:\Users\Light\Videos\正常往返.mp4,395,True,0.8076430559158325,271.7301940917969,41.84200668334961,301.4192199707031,63.1607551574707
normal,C:\Users\Light\Videos\正常往返.mp4,396,True,0.8026819825172424,271.7810974121094,41.88192367553711,301.4300231933594,63.190452575683594
normal,C:\Users\Light\Videos\正常往返.mp4,397,True,0.8261975646018982,264.4404602050781,41.377620697021484,294.4882507324219,63.077903747558594
normal,C:\Users\Light\Videos\正常往返.mp4,398,True,0.7777540683746338,258.0996398925781,42.467506408691406,286.6175842285156,63.86335372924805
normal,C:\Users\Light\Videos\正常往返.mp4,399,True,0.7838176488876343,258.1641845703125,42.33541488647461,286.7036437988281,63.79060363769531
normal,C:\Users\Light\Videos\正常往返.mp4,400,True,0.7811131477355957,249.42318725585938,42.39388656616211,279.7507629394531,63.5451774597168
normal,C:\Users\Light\Videos\正常往返.mp4,401,True,0.8149818778038025,242.324462890625,41.204383850097656,272.11553955078125,62.218605041503906
normal,C:\Users\Light\Videos\正常往返.mp4,402,True,0.8150228261947632,242.35037231445312,41.21330261230469,272.11712646484375,62.231605529785156
normal,C:\Users\Light\Videos\正常往返.mp4,403,True,0.8065145015716553,237.0215606689453,41.4185905456543,264.28369140625,63.22433853149414
normal,C:\Users\Light\Videos\正常往返.mp4,404,True,0.7870948910713196,230.45758056640625,40.850059509277344,257.996826171875,63.165531158447266
normal,C:\Users\Light\Videos\正常往返.mp4,405,True,0.7835204005241394,230.03860473632812,40.55088806152344,258.23455810546875,63.37335205078125
normal,C:\Users\Light\Videos\正常往返.mp4,406,True,0.7534173727035522,223.67486572265625,42.55860900878906,249.61065673828125,64.35440826416016
normal,C:\Users\Light\Videos\正常往返.mp4,407,True,0.7542153000831604,223.6901397705078,42.5579833984375,249.60443115234375,64.3780746459961
normal,C:\Users\Light\Videos\正常往返.mp4,408,True,0.7941491603851318,217.13092041015625,41.385826110839844,242.98263549804688,63.05266571044922
normal,C:\Users\Light\Videos\正常往返.mp4,409,True,0.7727321982383728,210.9629364013672,41.34889221191406,236.95010375976562,63.17243194580078
normal,C:\Users\Light\Videos\正常往返.mp4,410,True,0.7677896618843079,210.96621704101562,41.31590270996094,236.94482421875,63.14181900024414
normal,C:\Users\Light\Videos\正常往返.mp4,411,True,0.8167074918746948,204.94544982910156,41.652137756347656,230.27134704589844,64.10041809082031
normal,C:\Users\Light\Videos\正常往返.mp4,412,True,0.8468565940856934,198.2374267578125,41.81493377685547,225.307373046875,63.78199768066406
normal,C:\Users\Light\Videos\正常往返.mp4,413,True,0.846943199634552,198.24118041992188,41.81016159057617,225.3140411376953,63.78538513183594
normal,C:\Users\Light\Videos\正常往返.mp4,414,True,0.8308421969413757,193.3721466064453,42.655113220214844,218.45025634765625,64.05243682861328
normal,C:\Users\Light\Videos\正常往返.mp4,415,True,0.8379898071289062,187.02308654785156,42.43935775756836,213.42230224609375,64.07321166992188
normal,C:\Users\Light\Videos\正常往返.mp4,416,True,0.8404607772827148,187.00314331054688,42.438350677490234,213.35862731933594,64.0646743774414
normal,C:\Users\Light\Videos\正常往返.mp4,417,True,0.7734860777854919,182.5822296142578,41.896846771240234,207.73692321777344,63.68699645996094
normal,C:\Users\Light\Videos\正常往返.mp4,418,True,0.7742887139320374,178.7936248779297,42.38106918334961,202.41290283203125,63.32326126098633
normal,C:\Users\Light\Videos\正常往返.mp4,419,True,0.788565456867218,173.804931640625,42.6602897644043,197.03485107421875,64.08320617675781
normal,C:\Users\Light\Videos\正常往返.mp4,420,True,0.7889854311943054,173.78717041015625,42.65847396850586,197.04696655273438,64.0696029663086
normal,C:\Users\Light\Videos\正常往返.mp4,421,True,0.824816107749939,168.99998474121094,42.13050842285156,192.3606414794922,63.86140441894531
normal,C:\Users\Light\Videos\正常往返.mp4,422,True,0.8325195908546448,164.52169799804688,42.13689422607422,188.58639526367188,63.916465759277344
normal,C:\Users\Light\Videos\正常往返.mp4,423,True,0.8316548466682434,164.5305938720703,42.124324798583984,188.59686279296875,63.93988800048828
normal,C:\Users\Light\Videos\正常往返.mp4,424,True,0.8018483519554138,160.3260040283203,42.57712173461914,183.39450073242188,64.36310577392578
normal,C:\Users\Light\Videos\正常往返.mp4,425,True,0.8091015219688416,157.42990112304688,42.6682014465332,179.7635955810547,64.27099609375
normal,C:\Users\Light\Videos\正常往返.mp4,426,True,0.8082876205444336,157.45037841796875,42.666072845458984,179.77456665039062,64.27599334716797
normal,C:\Users\Light\Videos\正常往返.mp4,427,True,0.7975172400474548,153.2824249267578,42.182594299316406,176.52821350097656,64.640869140625
normal,C:\Users\Light\Videos\正常往返.mp4,428,True,0.8060654401779175,149.89305114746094,41.62334060668945,173.24356079101562,64.31832885742188
normal,C:\Users\Light\Videos\正常往返.mp4,429,True,0.8048202991485596,149.88522338867188,41.61191177368164,173.2437744140625,64.29093933105469
normal,C:\Users\Light\Videos\正常往返.mp4,430,True,0.8131085634231567,146.93191528320312,42.14814758300781,170.3647918701172,63.803558349609375
normal,C:\Users\Light\Videos\正常往返.mp4,431,True,0.8153012990951538,146.93077087402344,42.116477966308594,170.35989379882812,63.76938247680664
normal,C:\Users\Light\Videos\正常往返.mp4,432,True,0.795268714427948,144.03082275390625,41.65310287475586,167.28421020507812,63.70604705810547
normal,C:\Users\Light\Videos\正常往返.mp4,433,True,0.809282660484314,141.1988067626953,42.51618576049805,165.19371032714844,63.66407012939453
normal,C:\Users\Light\Videos\正常往返.mp4,434,True,0.8097517490386963,141.20054626464844,42.520511627197266,165.18658447265625,63.66243362426758
normal,C:\Users\Light\Videos\正常往返.mp4,435,True,0.8310735821723938,139.3830108642578,42.48355484008789,163.0496826171875,64.04461669921875
normal,C:\Users\Light\Videos\正常往返.mp4,436,True,0.7937637567520142,137.4598388671875,42.60950469970703,161.12855529785156,63.4187126159668
normal,C:\Users\Light\Videos\正常往返.mp4,437,True,0.7938986420631409,137.45872497558594,42.608787536621094,161.13128662109375,63.42727279663086
normal,C:\Users\Light\Videos\正常往返.mp4,438,True,0.7645972371101379,135.8182373046875,42.68628692626953,159.740234375,63.3660888671875
normal,C:\Users\Light\Videos\正常往返.mp4,439,True,0.812469482421875,134.73086547851562,42.179969787597656,159.18038940429688,62.573490142822266
normal,C:\Users\Light\Videos\正常往返.mp4,440,True,0.8125423192977905,134.72364807128906,42.183509826660156,159.18736267089844,62.573490142822266
normal,C:\Users\Light\Videos\正常往返.mp4,441,True,0.7993841767311096,133.996337890625,42.24686813354492,158.235107421875,63.29515838623047
normal,C:\Users\Light\Videos\正常往返.mp4,442,True,0.8010562062263489,134.00575256347656,42.21347427368164,158.21099853515625,63.249080657958984
normal,C:\Users\Light\Videos\正常往返.mp4,443,True,0.815579354763031,133.53761291503906,42.22360610961914,157.2322235107422,62.71658706665039
normal,C:\Users\Light\Videos\正常往返.mp4,444,True,0.8153525590896606,133.52931213378906,42.220333099365234,157.23025512695312,62.71232986450195
normal,C:\Users\Light\Videos\正常往返.mp4,445,True,0.7893751263618469,134.08749389648438,42.15412902832031,157.4147186279297,62.8643684387207
normal,C:\Users\Light\Videos\正常往返.mp4,446,True,0.8003236055374146,134.21759033203125,42.30502700805664,157.77590942382812,63.02310562133789
normal,C:\Users\Light\Videos\正常往返.mp4,447,True,0.8002451658248901,134.20668029785156,42.28922653198242,157.78469848632812,63.020751953125
normal,C:\Users\Light\Videos\正常往返.mp4,448,True,0.8135441541671753,133.8662109375,41.96040725708008,158.7916259765625,62.53581619262695
normal,C:\Users\Light\Videos\正常往返.mp4,449,True,0.8171958923339844,134.8041229248047,42.46033477783203,159.4246368408203,63.0836181640625
normal,C:\Users\Light\Videos\正常往返.mp4,450,True,0.8198866248130798,134.80471801757812,42.416725158691406,159.43539428710938,63.039554595947266
normal,C:\Users\Light\Videos\正常往返.mp4,451,True,0.7761716246604919,136.3953399658203,42.238372802734375,160.4789581298828,63.40629577636719
normal,C:\Users\Light\Videos\正常往返.mp4,452,True,0.7760776281356812,136.3975067138672,42.244449615478516,160.48049926757812,63.40156555175781
normal,C:\Users\Light\Videos\正常往返.mp4,453,True,0.7932713627815247,137.97079467773438,42.1920280456543,161.3163604736328,63.55461502075195
normal,C:\Users\Light\Videos\正常往返.mp4,454,True,0.8226382732391357,139.44601440429688,42.38633346557617,163.41561889648438,64.12372589111328
normal,C:\Users\Light\Videos\正常往返.mp4,455,True,0.8222073316574097,139.4427032470703,42.387027740478516,163.4427032470703,64.11384582519531
normal,C:\Users\Light\Videos\正常往返.mp4,456,True,0.8087308406829834,141.2460479736328,42.748992919921875,165.14178466796875,63.67908477783203
normal,C:\Users\Light\Videos\正常往返.mp4,457,True,0.7939246296882629,143.09214782714844,41.813255310058594,167.2593994140625,63.79865264892578
normal,C:\Users\Light\Videos\正常往返.mp4,458,True,0.7938100695610046,143.08804321289062,41.82730484008789,167.25546264648438,63.801856994628906
normal,C:\Users\Light\Videos\正常往返.mp4,459,True,0.8100979924201965,146.2789764404297,41.82979202270508,169.2639923095703,63.95364761352539
normal,C:\Users\Light\Videos\正常往返.mp4,460,True,0.8230299353599548,148.4039764404297,42.29579162597656,171.6774444580078,64.84774780273438
normal,C:\Users\Light\Videos\正常往返.mp4,461,True,0.8227613568305969,148.40609741210938,42.298099517822266,171.67698669433594,64.84270477294922
normal,C:\Users\Light\Videos\正常往返.mp4,462,True,0.8368552327156067,150.88275146484375,41.672691345214844,174.64805603027344,64.5528793334961
normal,C:\Users\Light\Videos\正常往返.mp4,463,True,0.7915650010108948,153.9993896484375,42.330909729003906,177.49163818359375,64.53231048583984
normal,C:\Users\Light\Videos\正常往返.mp4,464,True,0.7915835380554199,153.97479248046875,42.32040023803711,177.4757537841797,64.51807403564453
normal,C:\Users\Light\Videos\正常往返.mp4,465,True,0.808564305305481,157.6427764892578,42.7462158203125,180.09609985351562,64.41453552246094
normal,C:\Users\Light\Videos\正常往返.mp4,466,True,0.8082312941551208,157.64312744140625,42.74229431152344,180.10276794433594,64.4146499633789
normal,C:\Users\Light\Videos\正常往返.mp4,467,True,0.8081979751586914,160.26502990722656,42.51844787597656,183.27200317382812,64.54414367675781
normal,C:\Users\Light\Videos\正常往返.mp4,468,True,0.8169171214103699,163.73524475097656,41.890663146972656,187.3152313232422,63.59609603881836
normal,C:\Users\Light\Videos\正常往返.mp4,469,True,0.8061338663101196,167.19390869140625,42.38397979736328,190.60301208496094,64.43598175048828
normal,C:\Users\Light\Videos\正常往返.mp4,470,True,0.7994769215583801,170.8451690673828,42.517330169677734,194.4193115234375,64.6936264038086
normal,C:\Users\Light\Videos\正常往返.mp4,471,True,0.799242377281189,170.8668212890625,42.50874328613281,194.41458129882812,64.71485137939453
normal,C:\Users\Light\Videos\正常往返.mp4,472,True,0.8178838491439819,174.2074737548828,42.34868240356445,199.03347778320312,64.57450866699219
normal,C:\Users\Light\Videos\正常往返.mp4,473,True,0.7946290373802185,178.57711791992188,42.47340393066406,203.04281616210938,64.07758331298828
normal,C:\Users\Light\Videos\正常往返.mp4,474,True,0.7951681017875671,178.56385803222656,42.46941375732422,203.0614013671875,64.06409454345703
normal,C:\Users\Light\Videos\正常往返.mp4,475,True,0.8001704216003418,181.86236572265625,42.210025787353516,206.77589416503906,64.2094497680664
normal,C:\Users\Light\Videos\正常往返.mp4,476,True,0.8002642393112183,181.84661865234375,42.21412658691406,206.7799530029297,64.21121978759766
normal,C:\Users\Light\Videos\正常往返.mp4,477,True,0.8492226004600525,185.9188690185547,41.926700592041016,211.47300720214844,64.49905395507812
normal,C:\Users\Light\Videos\正常往返.mp4,478,True,0.8079123497009277,190.61141967773438,42.89267349243164,215.18954467773438,64.88699340820312
normal,C:\Users\Light\Videos\正常往返.mp4,479,True,0.8080640435218811,190.6149139404297,42.89220428466797,215.19313049316406,64.88871765136719
normal,C:\Users\Light\Videos\正常往返.mp4,480,True,0.8152499794960022,194.25048828125,42.54639434814453,219.85589599609375,64.69987487792969
normal,C:\Users\Light\Videos\正常往返.mp4,481,True,0.8326753973960876,198.81060791015625,41.42423629760742,224.9322967529297,63.62308120727539
normal,C:\Users\Light\Videos\正常往返.mp4,482,True,0.8327348828315735,198.8373260498047,41.40305709838867,224.95098876953125,63.58366012573242
normal,C:\Users\Light\Videos\正常往返.mp4,483,True,0.8172672986984253,203.951416015625,41.136451721191406,229.33056640625,63.59109878540039
normal,C:\Users\Light\Videos\正常往返.mp4,484,True,0.8180380463600159,208.80848693847656,41.67365264892578,234.01206970214844,63.601768493652344
normal,C:\Users\Light\Videos\正常往返.mp4,485,True,0.8181572556495667,208.80776977539062,41.649898529052734,234.02210998535156,63.56877899169922
normal,C:\Users\Light\Videos\正常往返.mp4,486,True,0.7991582751274109,213.96945190429688,41.048736572265625,237.4288787841797,63.30943298339844
normal,C:\Users\Light\Videos\正常往返.mp4,487,True,0.7994557023048401,214.01248168945312,41.01280975341797,237.43283081054688,63.25338363647461
normal,C:\Users\Light\Videos\正常往返.mp4,488,True,0.8014283776283264,217.2120361328125,41.45332717895508,242.32077026367188,63.31945037841797
normal,C:\Users\Light\Videos\正常往返.mp4,489,True,0.8282181620597839,220.2079315185547,40.964962005615234,247.42105102539062,64.17549896240234
normal,C:\Users\Light\Videos\正常往返.mp4,490,True,0.8277316689491272,220.2080535888672,40.96211624145508,247.41363525390625,64.18766784667969
normal,C:\Users\Light\Videos\正常往返.mp4,491,True,0.817139208316803,228.61770629882812,41.3877067565918,256.5218811035156,63.655174255371094
normal,C:\Users\Light\Videos\正常往返.mp4,492,True,0.81721431016922,228.62344360351562,41.40279006958008,256.5450744628906,63.67863845825195
normal,C:\Users\Light\Videos\正常往返.mp4,493,True,0.8264672160148621,232.52781677246094,40.85570526123047,261.15533447265625,63.768619537353516
normal,C:\Users\Light\Videos\正常往返.mp4,494,True,0.8247842788696289,237.0850067138672,40.5568733215332,264.9698791503906,63.014076232910156
normal,C:\Users\Light\Videos\正常往返.mp4,495,True,0.8235243558883667,237.1245880126953,40.47150802612305,265.0095520019531,62.96609115600586
normal,C:\Users\Light\Videos\正常往返.mp4,496,True,0.807619035243988,241.6241912841797,41.3565559387207,268.6876525878906,63.345088958740234
normal,C:\Users\Light\Videos\正常往返.mp4,497,True,0.8079949617385864,241.61410522460938,41.35747528076172,268.6935119628906,63.35076141357422
normal,C:\Users\Light\Videos\正常往返.mp4,498,True,0.8575103878974915,243.7921142578125,40.8759651184082,272.3669738769531,63.13379669189453
normal,C:\Users\Light\Videos\正常往返.mp4,499,True,0.8389896750450134,248.3273162841797,40.79436492919922,275.68548583984375,62.67958450317383
normal,C:\Users\Light\Videos\正常往返.mp4,500,True,0.8420098423957825,248.32366943359375,40.74557876586914,275.6572570800781,62.5995979309082
normal,C:\Users\Light\Videos\正常往返.mp4,501,True,0.8051065802574158,252.35020446777344,41.07968521118164,278.9326477050781,62.84294128417969
normal,C:\Users\Light\Videos\正常往返.mp4,502,True,0.8371795415878296,254.44528198242188,40.51881790161133,282.787841796875,62.69318771362305
normal,C:\Users\Light\Videos\正常往返.mp4,503,True,0.8375722765922546,254.4409942626953,40.507659912109375,282.7685852050781,62.694488525390625
normal,C:\Users\Light\Videos\正常往返.mp4,504,True,0.7892714142799377,258.2751159667969,41.8330192565918,285.2638854980469,63.94320297241211
normal,C:\Users\Light\Videos\正常往返.mp4,505,True,0.8449601531028748,261.02972412109375,41.09409713745117,287.4423522949219,62.65403747558594
normal,C:\Users\Light\Videos\正常往返.mp4,506,True,0.8450276255607605,261.0235290527344,41.082576751708984,287.4403991699219,62.662506103515625
normal,C:\Users\Light\Videos\正常往返.mp4,507,True,0.8359979391098022,262.6650390625,40.74385070800781,290.14056396484375,62.892940521240234
normal,C:\Users\Light\Videos\正常往返.mp4,508,True,0.8698937892913818,265.70892333984375,40.6175422668457,293.525390625,61.912086486816406
normal,C:\Users\Light\Videos\正常往返.mp4,509,True,0.8699984550476074,265.7363586425781,40.63450622558594,293.5357971191406,61.90099334716797
normal,C:\Users\Light\Videos\正常往返.mp4,510,True,0.8758307099342346,268.2319641113281,40.803890228271484,295.57232666015625,62.265625
normal,C:\Users\Light\Videos\正常往返.mp4,511,True,0.8760860562324524,268.2597961425781,40.78874206542969,295.6022644042969,62.232906341552734
normal,C:\Users\Light\Videos\正常往返.mp4,512,True,0.8309157490730286,272.53619384765625,41.23663330078125,297.8971862792969,61.783714294433594
normal,C:\Users\Light\Videos\正常往返.mp4,513,True,0.8585978150367737,273.17724609375,40.97264862060547,299.73236083984375,62.22254943847656
normal,C:\Users\Light\Videos\正常往返.mp4,514,True,0.841963529586792,274.8774719238281,41.26197814941406,301.9879150390625,62.74173355102539
normal,C:\Users\Light\Videos\正常往返.mp4,515,True,0.8702861666679382,277.7247314453125,41.015769958496094,304.4957580566406,62.19269943237305
normal,C:\Users\Light\Videos\正常往返.mp4,516,True,0.8709622025489807,277.7418212890625,41.02556228637695,304.5074462890625,62.192138671875
normal,C:\Users\Light\Videos\正常往返.mp4,517,True,0.8615915179252625,278.79376220703125,40.80543899536133,305.6994934082031,62.26667785644531
normal,C:\Users\Light\Videos\正常往返.mp4,518,True,0.8635039329528809,280.6293640136719,40.70115661621094,307.29461669921875,62.126407623291016
normal,C:\Users\Light\Videos\正常往返.mp4,519,True,0.8629673719406128,280.59124755859375,40.69438934326172,307.2999267578125,62.120445251464844
normal,C:\Users\Light\Videos\正常往返.mp4,520,True,0.8081479072570801,283.5359802246094,40.73457336425781,308.92474365234375,61.8639030456543
normal,C:\Users\Light\Videos\正常往返.mp4,521,True,0.8092553019523621,283.56787109375,40.7440299987793,308.9415283203125,61.858253479003906
normal,C:\Users\Light\Videos\正常往返.mp4,522,True,0.8387077450752258,284.5342102050781,40.5601692199707,310.54541015625,61.82526397705078
normal,C:\Users\Light\Videos\正常往返.mp4,523,True,0.8493981957435608,284.891357421875,40.862674713134766,311.2763366699219,62.34538650512695
normal,C:\Users\Light\Videos\正常往返.mp4,524,True,0.8497968316078186,284.8610534667969,40.8645133972168,311.27288818359375,62.34852600097656
normal,C:\Users\Light\Videos\正常往返.mp4,525,True,0.8416472673416138,285.0694885253906,40.92567443847656,312.57525634765625,62.71739196777344
normal,C:\Users\Light\Videos\正常往返.mp4,526,True,0.83847576379776,286.1502685546875,41.11814498901367,313.1048583984375,62.52452087402344
normal,C:\Users\Light\Videos\正常往返.mp4,527,True,0.8391359448432922,286.1484069824219,41.083091735839844,313.0691833496094,62.47154235839844
normal,C:\Users\Light\Videos\正常往返.mp4,528,True,0.8048449754714966,287.03363037109375,41.304649353027344,314.041259765625,62.67194366455078
normal,C:\Users\Light\Videos\正常往返.mp4,529,True,0.8154411911964417,288.1631164550781,41.2442512512207,314.93304443359375,62.37344741821289
normal,C:\Users\Light\Videos\正常往返.mp4,530,True,0.8151727318763733,288.1469421386719,41.22650146484375,314.9339904785156,62.3665885925293
normal,C:\Users\Light\Videos\正常往返.mp4,531,True,0.8418562412261963,289.0272216796875,40.80597686767578,315.9283752441406,62.022708892822266
normal,C:\Users\Light\Videos\正常往返.mp4,532,True,0.8414342999458313,288.9848937988281,40.798892974853516,315.92401123046875,62.05439758300781
normal,C:\Users\Light\Videos\正常往返.mp4,533,True,0.8471454977989197,289.1566467285156,41.0776252746582,316.7607116699219,61.78969955444336
normal,C:\Users\Light\Videos\正常往返.mp4,534,True,0.8535553812980652,289.3106689453125,40.92159652709961,316.8320617675781,61.98691940307617
normal,C:\Users\Light\Videos\正常往返.mp4,535,True,0.8536282181739807,289.3194580078125,40.93118667602539,316.82830810546875,61.98221206665039
normal,C:\Users\Light\Videos\正常往返.mp4,536,True,0.8517042994499207,289.1724548339844,41.04279708862305,316.6745910644531,62.026092529296875
normal,C:\Users\Light\Videos\正常往返.mp4,537,True,0.8512004017829895,289.34942626953125,40.89421081542969,316.3091735839844,62.017398834228516
normal,C:\Users\Light\Videos\正常往返.mp4,538,True,0.8509909510612488,289.33453369140625,40.88307189941406,316.3178405761719,62.02763748168945
normal,C:\Users\Light\Videos\正常往返.mp4,539,True,0.8133202195167542,288.754150390625,41.189613342285156,314.852783203125,62.0029411315918
normal,C:\Users\Light\Videos\正常往返.mp4,540,True,0.8132187128067017,288.74835205078125,41.18183517456055,314.8568115234375,62.01972961425781
normal,C:\Users\Light\Videos\正常往返.mp4,541,True,0.7842108011245728,289.0082702636719,41.293331146240234,314.0684814453125,61.98044204711914
normal,C:\Users\Light\Videos\正常往返.mp4,542,True,0.7844080328941345,288.99664306640625,41.28862762451172,314.07598876953125,61.98021697998047
normal,C:\Users\Light\Videos\正常往返.mp4,543,True,0.8170758485794067,287.0733642578125,41.18708038330078,313.55908203125,62.37131881713867
normal,C:\Users\Light\Videos\正常往返.mp4,544,True,0.8355996608734131,285.6065673828125,40.946964263916016,313.0497741699219,62.3758430480957
normal,C:\Users\Light\Videos\正常往返.mp4,545,True,0.835701584815979,285.61083984375,40.94552993774414,313.0516052246094,62.363609313964844
normal,C:\Users\Light\Videos\正常往返.mp4,546,True,0.8497012853622437,284.3456115722656,40.60165023803711,312.26141357421875,62.37131881713867
normal,C:\Users\Light\Videos\正常往返.mp4,547,True,0.841603696346283,284.4664306640625,40.67350387573242,311.326171875,62.24590301513672
normal,C:\Users\Light\Videos\正常往返.mp4,548,True,0.8416904807090759,284.4340515136719,40.672672271728516,311.3402404785156,62.249019622802734
normal,C:\Users\Light\Videos\正常往返.mp4,549,True,0.83538818359375,283.7217712402344,40.498714447021484,310.24114990234375,62.260894775390625
normal,C:\Users\Light\Videos\正常往返.mp4,550,True,0.8042093515396118,283.5517578125,40.66816711425781,308.8408203125,62.16513442993164
normal,C:\Users\Light\Videos\正常往返.mp4,551,True,0.8062170743942261,283.5501708984375,40.67264938354492,308.8803405761719,62.13895797729492
normal,C:\Users\Light\Videos\正常往返.mp4,552,True,0.8530371189117432,280.4111022949219,40.639930725097656,307.0908508300781,62.61528778076172
normal,C:\Users\Light\Videos\正常往返.mp4,553,True,0.8577454090118408,278.22332763671875,40.6382942199707,306.022705078125,62.52714157104492
normal,C:\Users\Light\Videos\正常往返.mp4,554,True,0.8565943837165833,278.2384338378906,40.623008728027344,306.0352478027344,62.5296516418457
normal,C:\Users\Light\Videos\正常往返.mp4,555,True,0.8560850024223328,277.2834167480469,40.40371322631836,305.10369873046875,62.21788787841797
normal,C:\Users\Light\Videos\正常往返.mp4,556,True,0.8549752831459045,277.32720947265625,40.3882942199707,305.1015625,62.213722229003906
normal,C:\Users\Light\Videos\正常往返.mp4,557,True,0.8356663584709167,276.6815185546875,41.046875,303.0387878417969,62.237430572509766
normal,C:\Users\Light\Videos\正常往返.mp4,558,True,0.849822998046875,272.7708740234375,40.706939697265625,300.965576171875,63.141056060791016
normal,C:\Users\Light\Videos\正常往返.mp4,559,True,0.8493891954421997,272.7409973144531,40.69772720336914,300.93463134765625,63.160667419433594
normal,C:\Users\Light\Videos\正常往返.mp4,560,True,0.8381585478782654,272.478515625,40.45420837402344,299.23065185546875,61.755027770996094
normal,C:\Users\Light\Videos\正常往返.mp4,561,True,0.8082149028778076,268.9814147949219,40.67489242553711,297.1892395019531,62.43290328979492
normal,C:\Users\Light\Videos\正常往返.mp4,562,True,0.8116031289100647,268.8875427246094,40.69174575805664,297.19610595703125,62.446083068847656
normal,C:\Users\Light\Videos\正常往返.mp4,563,True,0.8570665717124939,266.49517822265625,40.06682586669922,294.8281555175781,62.560691833496094
normal,C:\Users\Light\Videos\正常往返.mp4,564,True,0.8551771640777588,264.5267333984375,39.89733123779297,293.52459716796875,62.18864059448242
normal,C:\Users\Light\Videos\正常往返.mp4,565,True,0.8408460021018982,262.08917236328125,40.404991149902344,289.84967041015625,63.502933502197266
normal,C:\Users\Light\Videos\正常往返.mp4,566,True,0.8403570055961609,262.1205749511719,40.402347564697266,289.801025390625,63.43009567260742
normal,C:\Users\Light\Videos\正常往返.mp4,567,True,0.847314178943634,260.4356689453125,40.47502899169922,287.7789001464844,62.53617477416992
normal,C:\Users\Light\Videos\正常往返.mp4,568,True,0.8058491349220276,257.858642578125,40.93724060058594,285.65386962890625,63.568172454833984
normal,C:\Users\Light\Videos\正常往返.mp4,569,True,0.8059118986129761,257.8995666503906,40.94102478027344,285.6590576171875,63.58065414428711
normal,C:\Users\Light\Videos\正常往返.mp4,570,True,0.8382987976074219,254.5692138671875,40.05813217163086,283.2247619628906,62.75204086303711
normal,C:\Users\Light\Videos\正常往返.mp4,571,True,0.8137843012809753,252.198974609375,40.948646545410156,280.4427490234375,63.09796142578125
normal,C:\Users\Light\Videos\正常往返.mp4,572,True,0.8137871026992798,252.2046356201172,40.95722961425781,280.4396667480469,63.10479736328125
normal,C:\Users\Light\Videos\正常往返.mp4,573,True,0.8513919711112976,248.77003479003906,40.0957145690918,276.9305114746094,62.464839935302734
normal,C:\Users\Light\Videos\正常往返.mp4,574,True,0.8452271223068237,244.1440887451172,40.174110412597656,273.22003173828125,62.40092086791992
normal,C:\Users\Light\Videos\正常往返.mp4,575,True,0.8441867828369141,244.18353271484375,40.164920806884766,273.2207336425781,62.39303207397461
normal,C:\Users\Light\Videos\正常往返.mp4,576,True,0.8144621849060059,241.5908203125,39.93899154663086,270.2733154296875,62.71259689331055
normal,C:\Users\Light\Videos\正常往返.mp4,577,True,0.8142457008361816,241.59349060058594,39.9164924621582,270.26617431640625,62.72268295288086
normal,C:\Users\Light\Videos\正常往返.mp4,578,True,0.8346389532089233,238.40171813964844,40.348716735839844,266.4637145996094,63.08224868774414
normal,C:\Users\Light\Videos\正常往返.mp4,579,True,0.8213971853256226,235.94476318359375,40.682289123535156,263.3155212402344,63.139713287353516
normal,C:\Users\Light\Videos\正常往返.mp4,580,True,0.8214236497879028,235.9528045654297,40.624332427978516,263.32373046875,63.07835006713867
normal,C:\Users\Light\Videos\正常往返.mp4,581,True,0.8232251405715942,230.8381805419922,40.47684097290039,259.787353515625,63.350624084472656
normal,C:\Users\Light\Videos\正常往返.mp4,582,True,0.8077542781829834,227.5743865966797,41.34360122680664,255.3041229248047,63.29928207397461
normal,C:\Users\Light\Videos\正常往返.mp4,583,True,0.8066787719726562,227.56405639648438,41.3497200012207,255.2732696533203,63.268733978271484
normal,C:\Users\Light\Videos\正常往返.mp4,584,True,0.835865318775177,225.21487426757812,40.80976486206055,251.9547119140625,63.37229919433594
normal,C:\Users\Light\Videos\正常往返.mp4,585,True,0.8503541946411133,221.06210327148438,41.233516693115234,248.65902709960938,64.20748138427734
normal,C:\Users\Light\Videos\正常往返.mp4,586,True,0.851093053817749,221.09228515625,41.253910064697266,248.6525115966797,64.19905090332031
normal,C:\Users\Light\Videos\正常往返.mp4,587,True,0.8168003559112549,218.74977111816406,40.77029800415039,244.19964599609375,62.87900161743164
normal,C:\Users\Light\Videos\正常往返.mp4,588,True,0.8256198763847351,215.3470916748047,40.671573638916016,241.01535034179688,63.19780349731445
normal,C:\Users\Light\Videos\正常往返.mp4,589,True,0.8046444654464722,212.95655822753906,40.8770866394043,237.5265350341797,63.25517654418945
normal,C:\Users\Light\Videos\正常往返.mp4,590,True,0.8044052124023438,212.9792938232422,40.87345504760742,237.5107879638672,63.251277923583984
normal,C:\Users\Light\Videos\正常往返.mp4,591,True,0.8233453631401062,208.01463317871094,40.375431060791016,235.25796508789062,63.17812728881836
normal,C:\Users\Light\Videos\正常往返.mp4,592,True,0.8004164099693298,205.77256774902344,41.48268508911133,231.0606231689453,63.400535583496094
normal,C:\Users\Light\Videos\正常往返.mp4,593,True,0.7996206283569336,205.78643798828125,41.495304107666016,231.05343627929688,63.392982482910156
normal,C:\Users\Light\Videos\正常往返.mp4,594,True,0.8338961005210876,203.83135986328125,41.28564453125,227.65614318847656,62.895565032958984
normal,C:\Users\Light\Videos\正常往返.mp4,595,True,0.8183349967002869,199.83380126953125,41.228050231933594,224.94329833984375,63.41537094116211
normal,C:\Users\Light\Videos\正常往返.mp4,596,True,0.8192699551582336,199.78138732910156,41.203887939453125,224.9322052001953,63.35701370239258
normal,C:\Users\Light\Videos\正常往返.mp4,597,True,0.8365147113800049,197.4388885498047,40.98540115356445,222.56671142578125,63.48222351074219
normal,C:\Users\Light\Videos\正常往返.mp4,598,True,0.8156057000160217,194.4941864013672,42.3827018737793,219.3878173828125,64.54586791992188
normal,C:\Users\Light\Videos\正常往返.mp4,599,True,0.8152742981910706,194.4934844970703,42.37844467163086,219.38510131835938,64.54174041748047
normal,C:\Users\Light\Videos\正常往返.mp4,600,True,0.8477810025215149,191.7474365234375,42.21674728393555,216.3628387451172,63.920658111572266
normal,C:\Users\Light\Videos\正常往返.mp4,601,True,0.8478986024856567,191.76776123046875,42.216949462890625,216.3302764892578,63.91525650024414
normal,C:\Users\Light\Videos\正常往返.mp4,602,True,0.7894235849380493,189.26702880859375,42.247047424316406,214.15249633789062,63.29829406738281
normal,C:\Users\Light\Videos\正常往返.mp4,603,True,0.8442769646644592,186.3408966064453,42.1715202331543,211.9579620361328,64.2105712890625
normal,C:\Users\Light\Videos\正常往返.mp4,604,True,0.8452988862991333,186.2915496826172,42.151058197021484,211.93955993652344,64.23179626464844
normal,C:\Users\Light\Videos\正常往返.mp4,605,True,0.8420516848564148,184.60641479492188,41.3519401550293,209.1814422607422,62.88148880004883
normal,C:\Users\Light\Videos\正常往返.mp4,606,True,0.8231409788131714,182.22398376464844,41.76587677001953,206.9362030029297,63.78529357910156
normal,C:\Users\Light\Videos\正常往返.mp4,607,True,0.824782133102417,182.03131103515625,41.92320251464844,206.99234008789062,63.49479675292969
normal,C:\Users\Light\Videos\正常往返.mp4,608,True,0.8325488567352295,180.53514099121094,41.33232879638672,204.60452270507812,63.22404479980469
normal,C:\Users\Light\Videos\正常往返.mp4,609,True,0.8152936100959778,178.59481811523438,41.48604965209961,202.56590270996094,62.762664794921875
normal,C:\Users\Light\Videos\正常往返.mp4,610,True,0.8152092099189758,178.6232147216797,41.4415168762207,202.5868377685547,62.76999282836914
normal,C:\Users\Light\Videos\正常往返.mp4,611,True,0.8188541531562805,176.2464599609375,42.37651824951172,200.52561950683594,63.84282302856445
normal,C:\Users\Light\Videos\正常往返.mp4,612,True,0.8250569105148315,175.04205322265625,41.973941802978516,198.24761962890625,64.08381652832031
normal,C:\Users\Light\Videos\正常往返.mp4,613,True,0.80800461769104,172.6956787109375,42.19552230834961,196.1386260986328,64.52269744873047
normal,C:\Users\Light\Videos\正常往返.mp4,614,True,0.8078770041465759,172.6943817138672,42.19720458984375,196.1420440673828,64.52325439453125
normal,C:\Users\Light\Videos\正常往返.mp4,615,True,0.8119568228721619,171.3448944091797,42.37828826904297,194.6329803466797,64.57520294189453
normal,C:\Users\Light\Videos\正常往返.mp4,616,True,0.8329456448554993,170.61441040039062,42.32439041137695,193.5196990966797,63.63493728637695
normal,C:\Users\Light\Videos\正常往返.mp4,617,True,0.8332603573799133,170.64801025390625,42.324703216552734,193.5065155029297,63.625030517578125
normal,C:\Users\Light\Videos\正常往返.mp4,618,True,0.8156982660293579,169.48001098632812,41.717647552490234,191.65005493164062,63.23876953125
normal,C:\Users\Light\Videos\正常往返.mp4,619,True,0.8199492692947388,168.13619995117188,41.486541748046875,190.60806274414062,63.08090591430664
normal,C:\Users\Light\Videos\正常往返.mp4,620,True,0.8201941251754761,168.13247680664062,41.489498138427734,190.604248046875,63.07552719116211
normal,C:\Users\Light\Videos\正常往返.mp4,621,True,0.7999798655509949,166.28662109375,41.95863723754883,189.99354553222656,63.91825866699219
normal,C:\Users\Light\Videos\正常往返.mp4,622,True,0.8000107407569885,166.3138885498047,42.00397491455078,190.01426696777344,64.04647827148438
normal,C:\Users\Light\Videos\正常往返.mp4,623,True,0.7991947531700134,165.19122314453125,41.86085510253906,189.31468200683594,64.1198501586914
normal,C:\Users\Light\Videos\正常往返.mp4,624,True,0.8284807801246643,164.72911071777344,41.37705993652344,188.33026123046875,62.646236419677734
normal,C:\Users\Light\Videos\正常往返.mp4,625,True,0.8289075493812561,164.7113494873047,41.3680305480957,188.34397888183594,62.65477752685547
normal,C:\Users\Light\Videos\正常往返.mp4,626,True,0.838512122631073,164.2316131591797,41.4691047668457,187.7300567626953,62.59874725341797
normal,C:\Users\Light\Videos\正常往返.mp4,627,True,0.8120343685150146,164.1366424560547,41.28976821899414,186.94940185546875,62.621788024902344
normal,C:\Users\Light\Videos\正常往返.mp4,628,True,0.8121752738952637,164.1509552001953,41.29505920410156,186.93768310546875,62.62066650390625
normal,C:\Users\Light\Videos\正常往返.mp4,629,True,0.8112823963165283,163.5771026611328,41.332305908203125,186.64305114746094,63.51980972290039
normal,C:\Users\Light\Videos\正常往返.mp4,630,True,0.7986406087875366,163.78550720214844,41.511104583740234,186.46156311035156,63.347957611083984
normal,C:\Users\Light\Videos\正常往返.mp4,631,True,0.7989611625671387,163.76632690429688,41.50211715698242,186.48385620117188,63.36335372924805
normal,C:\Users\Light\Videos\正常往返.mp4,632,True,0.8073322772979736,163.62890625,41.40904235839844,186.5414581298828,63.36530685424805
normal,C:\Users\Light\Videos\正常往返.mp4,633,True,0.8142846822738647,163.83401489257812,41.50402069091797,187.1396484375,62.57234573364258
normal,C:\Users\Light\Videos\正常往返.mp4,634,True,0.8143008351325989,163.84515380859375,41.509376525878906,187.1363067626953,62.57469940185547
normal,C:\Users\Light\Videos\正常往返.mp4,635,True,0.8298516273498535,164.2590789794922,41.37602996826172,187.36851501464844,62.69894790649414
normal,C:\Users\Light\Videos\正常往返.mp4,636,True,0.8145886063575745,164.9746551513672,41.53470230102539,187.74676513671875,62.652557373046875
normal,C:\Users\Light\Videos\正常往返.mp4,637,True,0.8070911169052124,165.26588439941406,41.95166778564453,188.70260620117188,63.90201187133789
normal,C:\Users\Light\Videos\正常往返.mp4,638,True,0.8060528635978699,165.28306579589844,41.90608215332031,188.7002410888672,63.885250091552734
normal,C:\Users\Light\Videos\正常往返.mp4,639,True,0.8030789494514465,165.51123046875,41.77901077270508,189.57301330566406,63.96216583251953
normal,C:\Users\Light\Videos\正常往返.mp4,640,True,0.8058455586433411,166.6952667236328,41.94012451171875,189.99916076660156,63.995445251464844
normal,C:\Users\Light\Videos\正常往返.mp4,641,True,0.8062977194786072,166.70559692382812,41.94559097290039,190.03530883789062,64.00956726074219
normal,C:\Users\Light\Videos\正常往返.mp4,642,True,0.8149886131286621,167.2585906982422,41.89178466796875,190.3553924560547,64.10447692871094
normal,C:\Users\Light\Videos\正常往返.mp4,643,True,0.8289009928703308,168.97760009765625,41.73476791381836,191.3318634033203,63.53984451293945
normal,C:\Users\Light\Videos\正常往返.mp4,644,True,0.8290331959724426,168.9803466796875,41.73514938354492,191.32876586914062,63.53695297241211
normal,C:\Users\Light\Videos\正常往返.mp4,645,True,0.8187680840492249,169.7945098876953,41.87540054321289,192.28758239746094,63.878414154052734
normal,C:\Users\Light\Videos\正常往返.mp4,646,True,0.8192225694656372,169.7952880859375,41.85234069824219,192.27987670898438,63.85109329223633
normal,C:\Users\Light\Videos\正常往返.mp4,647,True,0.8209052085876465,170.5882110595703,42.60829544067383,193.8510284423828,64.00037384033203
normal,C:\Users\Light\Videos\正常往返.mp4,648,True,0.8043063282966614,170.8937225341797,42.571475982666016,194.92735290527344,64.36597442626953
normal,C:\Users\Light\Videos\正常往返.mp4,649,True,0.8056589365005493,170.9221954345703,42.54316711425781,194.8979034423828,64.38199615478516
normal,C:\Users\Light\Videos\正常往返.mp4,650,True,0.8103501200675964,172.3359832763672,42.32539749145508,195.6522979736328,64.57682037353516
normal,C:\Users\Light\Videos\正常往返.mp4,651,True,0.8223119378089905,174.6750030517578,42.205047607421875,197.4640655517578,64.23854064941406
normal,C:\Users\Light\Videos\正常往返.mp4,652,True,0.8222187757492065,174.6748504638672,42.20507049560547,197.46194458007812,64.23493194580078
normal,C:\Users\Light\Videos\正常往返.mp4,653,True,0.8163488507270813,175.85821533203125,42.12253189086914,198.85247802734375,64.10882568359375
normal,C:\Users\Light\Videos\正常往返.mp4,654,True,0.773045003414154,176.89649963378906,42.33510208129883,200.77207946777344,64.39234924316406
normal,C:\Users\Light\Videos\正常往返.mp4,655,True,0.7759700417518616,176.87718200683594,42.32896041870117,200.7917938232422,64.3610610961914
normal,C:\Users\Light\Videos\正常往返.mp4,656,True,0.7970508337020874,179.1728057861328,42.01809310913086,202.35581970214844,63.53957748413086
normal,C:\Users\Light\Videos\正常往返.mp4,657,True,0.7968152165412903,179.21859741210938,41.99207305908203,202.2988739013672,63.52727127075195
normal,C:\Users\Light\Videos\正常往返.mp4,658,True,0.8452951908111572,182.13604736328125,41.935306549072266,205.8611602783203,63.2889289855957
normal,C:\Users\Light\Videos\正常往返.mp4,659,True,0.8454102873802185,182.1353759765625,41.96190643310547,205.86585998535156,63.32274627685547
normal,C:\Users\Light\Videos\正常往返.mp4,660,True,0.8001477122306824,183.5397491455078,41.892860412597656,207.4684295654297,63.781707763671875
normal,C:\Users\Light\Videos\正常往返.mp4,661,True,0.8491644263267517,185.28897094726562,41.74227523803711,210.02410888671875,63.45017623901367
normal,C:\Users\Light\Videos\正常往返.mp4,662,True,0.8504037261009216,185.27520751953125,41.71556091308594,210.04095458984375,63.44390106201172
normal,C:\Users\Light\Videos\正常往返.mp4,663,True,0.8532986640930176,186.8016815185547,42.03788375854492,212.24139404296875,63.62301254272461
normal,C:\Users\Light\Videos\正常往返.mp4,664,True,0.7927832007408142,189.5322265625,42.4651985168457,214.28501892089844,64.33419036865234
normal,C:\Users\Light\Videos\正常往返.mp4,665,True,0.7929555773735046,189.53076171875,42.45973205566406,214.28665161132812,64.33580780029297
normal,C:\Users\Light\Videos\正常往返.mp4,666,True,0.8315534591674805,192.60536193847656,41.80659866333008,215.92979431152344,63.230140686035156
normal,C:\Users\Light\Videos\正常往返.mp4,667,True,0.8318739533424377,192.61790466308594,41.83017349243164,215.89051818847656,63.217411041259766
normal,C:\Users\Light\Videos\正常往返.mp4,668,True,0.8468698263168335,193.62425231933594,41.69664764404297,218.4864959716797,63.86205291748047
normal,C:\Users\Light\Videos\正常往返.mp4,669,True,0.8082728385925293,196.14878845214844,41.35758590698242,220.62400817871094,63.074764251708984
normal,C:\Users\Light\Videos\正常往返.mp4,670,True,0.8080664873123169,196.15542602539062,41.3508186340332,220.6303253173828,63.07270431518555
normal,C:\Users\Light\Videos\正常往返.mp4,671,True,0.8246051073074341,198.0664825439453,40.8402214050293,222.97096252441406,63.171112060546875
normal,C:\Users\Light\Videos\正常往返.mp4,672,True,0.8014100790023804,199.86056518554688,40.648738861083984,224.86373901367188,62.79043197631836
normal,C:\Users\Light\Videos\正常往返.mp4,673,True,0.8021259307861328,199.8555908203125,40.64322280883789,224.8592987060547,62.76667404174805
normal,C:\Users\Light\Videos\正常往返.mp4,674,True,0.8158490061759949,202.91964721679688,40.99154281616211,226.51197814941406,62.14686584472656
normal,C:\Users\Light\Videos\正常往返.mp4,675,True,0.8444951772689819,204.72853088378906,41.00987243652344,229.1825408935547,62.2164306640625
normal,C:\Users\Light\Videos\正常往返.mp4,676,True,0.8436715602874756,204.7523956298828,41.024532318115234,229.17727661132812,62.19272232055664
normal,C:\Users\Light\Videos\正常往返.mp4,677,True,0.8126516938209534,205.6026153564453,40.617271423339844,230.98095703125,63.21145248413086
normal,C:\Users\Light\Videos\正常往返.mp4,678,True,0.7915219068527222,208.61549377441406,40.94227981567383,232.83041381835938,63.573482513427734
normal,C:\Users\Light\Videos\正常往返.mp4,679,True,0.7918234467506409,208.56640625,40.93074035644531,232.85986328125,63.57476043701172
normal,C:\Users\Light\Videos\正常往返.mp4,680,True,0.8262700438499451,209.70089721679688,40.895263671875,234.30123901367188,63.54887771606445
normal,C:\Users\Light\Videos\正常往返.mp4,681,True,0.8260354399681091,209.71849060058594,40.89181137084961,234.28961181640625,63.55196762084961
normal,C:\Users\Light\Videos\正常往返.mp4,682,True,0.8085821270942688,211.64254760742188,40.68621063232422,236.05809020996094,63.74430465698242
normal,C:\Users\Light\Videos\正常往返.mp4,683,True,0.8105427026748657,214.04580688476562,40.537620544433594,237.5454864501953,63.01714324951172
normal,C:\Users\Light\Videos\正常往返.mp4,684,True,0.8211764693260193,215.07835388183594,40.40570831298828,239.20001220703125,63.135746002197266
normal,C:\Users\Light\Videos\正常往返.mp4,685,True,0.8183584213256836,216.43702697753906,40.172271728515625,240.9682159423828,62.35013961791992
normal,C:\Users\Light\Videos\正常往返.mp4,686,True,0.8179366588592529,216.42678833007812,40.167205810546875,240.96697998046875,62.33718490600586
normal,C:\Users\Light\Videos\正常往返.mp4,687,True,0.8050944209098816,216.49095153808594,40.88517761230469,242.1038055419922,62.78456115722656
normal,C:\Users\Light\Videos\正常往返.mp4,688,True,0.8110629916191101,217.8120574951172,40.92300796508789,243.0923614501953,62.926063537597656
normal,C:\Users\Light\Videos\正常往返.mp4,689,True,0.811172604560852,217.8226776123047,40.91836929321289,243.08914184570312,62.925594329833984
normal,C:\Users\Light\Videos\正常往返.mp4,690,True,0.8123800158500671,218.92051696777344,40.85142517089844,243.894775390625,62.97016906738281
normal,C:\Users\Light\Videos\正常往返.mp4,691,True,0.8140794038772583,218.91563415527344,40.871238708496094,243.8912353515625,63.0629997253418
normal,C:\Users\Light\Videos\正常往返.mp4,692,True,0.8219585418701172,219.58566284179688,40.2618522644043,245.81541442871094,62.70878601074219
normal,C:\Users\Light\Videos\正常往返.mp4,693,True,0.8250765800476074,220.67201232910156,40.19739532470703,246.2506103515625,63.18193435668945
normal,C:\Users\Light\Videos\正常往返.mp4,694,True,0.8249119520187378,220.68565368652344,40.187713623046875,246.23377990722656,63.181396484375
normal,C:\Users\Light\Videos\正常往返.mp4,695,True,0.8097483515739441,220.8108673095703,40.25306701660156,246.69992065429688,63.45378494262695
normal,C:\Users\Light\Videos\正常往返.mp4,696,True,0.8372597098350525,220.5110321044922,40.4063606262207,247.5602264404297,63.35226058959961
normal,C:\Users\Light\Videos\正常往返.mp4,697,True,0.836955189704895,220.55230712890625,40.402191162109375,247.51458740234375,63.36552810668945
normal,C:\Users\Light\Videos\正常往返.mp4,698,True,0.8307511210441589,220.5474853515625,40.48542785644531,247.58584594726562,63.595157623291016
normal,C:\Users\Light\Videos\正常往返.mp4,699,True,0.8466578125953674,220.51864624023438,40.33948516845703,247.5972900390625,62.978397369384766
normal,C:\Users\Light\Videos\正常往返.mp4,700,True,0.8471211791038513,220.5330810546875,40.33816146850586,247.5946044921875,62.96232604980469
normal,C:\Users\Light\Videos\正常往返.mp4,701,True,0.8455896973609924,220.06564331054688,40.5888786315918,247.48117065429688,63.13554382324219
normal,C:\Users\Light\Videos\正常往返.mp4,702,True,0.8451916575431824,220.06057739257812,40.581146240234375,247.4770965576172,63.14296340942383
normal,C:\Users\Light\Videos\正常往返.mp4,703,True,0.8397043347358704,220.99920654296875,40.41496658325195,247.4082489013672,62.84164047241211
normal,C:\Users\Light\Videos\正常往返.mp4,704,True,0.8320431113243103,221.0469512939453,40.474266052246094,246.52838134765625,63.00865173339844
normal,C:\Users\Light\Videos\正常往返.mp4,705,True,0.8314313888549805,221.03482055664062,40.472137451171875,246.5362091064453,63.020103454589844
normal,C:\Users\Light\Videos\正常往返.mp4,706,True,0.8189416527748108,219.83192443847656,39.93083572387695,246.8760528564453,63.060420989990234
normal,C:\Users\Light\Videos\正常往返.mp4,707,True,0.8256127834320068,219.92588806152344,40.31117630004883,245.8375701904297,62.89863204956055
normal,C:\Users\Light\Videos\正常往返.mp4,708,True,0.8113520741462708,219.19635009765625,40.6787223815918,244.43699645996094,62.909706115722656
normal,C:\Users\Light\Videos\正常往返.mp4,709,True,0.8135185837745667,218.5314483642578,40.883697509765625,243.52830505371094,63.019073486328125
normal,C:\Users\Light\Videos\正常往返.mp4,710,True,0.8153058290481567,218.5182342529297,40.92273712158203,243.4534149169922,63.123329162597656
normal,C:\Users\Light\Videos\正常往返.mp4,711,True,0.8109583258628845,217.41357421875,40.98508834838867,242.84498596191406,63.09016036987305
normal,C:\Users\Light\Videos\正常往返.mp4,712,True,0.8110123872756958,217.427734375,40.982913970947266,242.81809997558594,63.094398498535156
normal,C:\Users\Light\Videos\正常往返.mp4,713,True,0.8087443113327026,216.62802124023438,40.809268951416016,241.62696838378906,63.19632339477539
normal,C:\Users\Light\Videos\正常往返.mp4,714,True,0.8219369649887085,216.31895446777344,40.098270416259766,241.34803771972656,62.168113708496094
normal,C:\Users\Light\Videos\正常往返.mp4,715,True,0.8219964504241943,216.3200225830078,40.09851837158203,241.34739685058594,62.17064666748047
normal,C:\Users\Light\Videos\正常往返.mp4,716,True,0.816486656665802,215.2370147705078,39.92803192138672,239.9935302734375,62.09357452392578
normal,C:\Users\Light\Videos\正常往返.mp4,717,True,0.8073822855949402,214.30386352539062,40.206787109375,238.25701904296875,62.54726791381836
normal,C:\Users\Light\Videos\正常往返.mp4,718,True,0.807266891002655,214.3009796142578,40.21763229370117,238.24777221679688,62.56098556518555
normal,C:\Users\Light\Videos\正常往返.mp4,719,True,0.8073633313179016,213.28085327148438,40.35678482055664,236.9646759033203,62.91165542602539
normal,C:\Users\Light\Videos\正常往返.mp4,720,True,0.8132906556129456,210.6488494873047,40.30732345581055,235.86659240722656,63.614990234375
normal,C:\Users\Light\Videos\正常往返.mp4,721,True,0.8129398226737976,210.64996337890625,40.304813385009766,235.8558807373047,63.59499740600586
normal,C:\Users\Light\Videos\正常往返.mp4,722,True,0.8261190056800842,209.05685424804688,40.29132080078125,234.59225463867188,62.7452507019043
normal,C:\Users\Light\Videos\正常往返.mp4,723,True,0.8241125345230103,208.1201934814453,40.61252212524414,233.0147247314453,62.71593475341797
normal,C:\Users\Light\Videos\正常往返.mp4,724,True,0.8241698145866394,208.098388671875,40.60978698730469,233.0220489501953,62.72185134887695
normal,C:\Users\Light\Videos\正常往返.mp4,725,True,0.7959886789321899,206.2247314453125,41.30025863647461,231.05426025390625,62.93720245361328
normal,C:\Users\Light\Videos\正常往返.mp4,726,True,0.7957780957221985,206.24600219726562,41.2992057800293,231.0413360595703,62.9310417175293
normal,C:\Users\Light\Videos\正常往返.mp4,727,True,0.81333988904953,204.66519165039062,40.624916076660156,229.42417907714844,62.305965423583984
normal,C:\Users\Light\Videos\正常往返.mp4,728,True,0.8266109228134155,203.3279571533203,40.53744125366211,227.97743225097656,61.850276947021484
normal,C:\Users\Light\Videos\正常往返.mp4,729,True,0.826546847820282,203.37501525878906,40.53103256225586,227.9656982421875,61.815269470214844
normal,C:\Users\Light\Videos\正常往返.mp4,730,True,0.8132443428039551,199.50308227539062,40.85879898071289,224.3448028564453,62.566654205322266
normal,C:\Users\Light\Videos\正常往返.mp4,731,True,0.8136557936668396,199.49879455566406,40.83636474609375,224.34169006347656,62.55739974975586
normal,C:\Users\Light\Videos\正常往返.mp4,732,True,0.8332246541976929,197.9559783935547,40.61776351928711,223.21665954589844,62.498233795166016
normal,C:\Users\Light\Videos\正常往返.mp4,733,True,0.8383393287658691,196.64389038085938,40.965049743652344,221.4867706298828,62.426517486572266
normal,C:\Users\Light\Videos\正常往返.mp4,734,True,0.8380173444747925,196.64852905273438,40.96269989013672,221.4777374267578,62.4321403503418
normal,C:\Users\Light\Videos\正常往返.mp4,735,True,0.7847393751144409,194.04591369628906,41.85614776611328,219.8278350830078,63.18462371826172
normal,C:\Users\Light\Videos\正常往返.mp4,736,True,0.7854498624801636,194.03887939453125,41.869056701660156,219.80641174316406,63.21456527709961
normal,C:\Users\Light\Videos\正常往返.mp4,737,True,0.8329077959060669,193.1892852783203,41.707584381103516,217.52944946289062,63.178192138671875
normal,C:\Users\Light\Videos\正常往返.mp4,738,True,0.8418440818786621,191.62530517578125,41.48916244506836,215.85740661621094,63.08796310424805
normal,C:\Users\Light\Videos\正常往返.mp4,739,True,0.841284990310669,191.64364624023438,41.492008209228516,215.82997131347656,63.08982467651367
normal,C:\Users\Light\Videos\正常往返.mp4,740,True,0.8131148219108582,190.12039184570312,41.39731979370117,214.4468231201172,62.79240417480469
normal,C:\Users\Light\Videos\正常往返.mp4,741,True,0.8360795974731445,187.39944458007812,42.00395202636719,212.72203063964844,63.65645217895508
normal,C:\Users\Light\Videos\正常往返.mp4,742,True,0.8366159796714783,187.38470458984375,42.00625991821289,212.71302795410156,63.65750503540039
normal,C:\Users\Light\Videos\正常往返.mp4,743,True,0.8592107892036438,185.9541778564453,41.42939376831055,211.4156494140625,63.04495620727539
normal,C:\Users\Light\Videos\正常往返.mp4,744,True,0.8496129512786865,184.96218872070312,41.25946807861328,209.8726348876953,63.108604431152344
normal,C:\Users\Light\Videos\正常往返.mp4,745,True,0.8498630523681641,184.96133422851562,41.261016845703125,209.87159729003906,63.104549407958984
normal,C:\Users\Light\Videos\正常往返.mp4,746,True,0.8236575126647949,183.9899139404297,41.407718658447266,208.42889404296875,62.86313247680664
normal,C:\Users\Light\Videos\正常往返.mp4,747,True,0.824059784412384,183.96923828125,41.38965606689453,208.4256591796875,62.84619140625
normal,C:\Users\Light\Videos\正常往返.mp4,748,True,0.8099291920661926,182.5142059326172,41.49147033691406,207.01040649414062,62.94764709472656
normal,C:\Users\Light\Videos\正常往返.mp4,749,True,0.8544127345085144,181.79574584960938,41.547386169433594,205.7373809814453,62.855560302734375
normal,C:\Users\Light\Videos\正常往返.mp4,750,True,0.8555901050567627,181.81712341308594,41.613121032714844,205.7438507080078,62.90748596191406
normal,C:\Users\Light\Videos\正常往返.mp4,751,True,0.8320346474647522,180.63563537597656,41.10962677001953,204.34335327148438,62.99484634399414
normal,C:\Users\Light\Videos\正常往返.mp4,752,True,0.8335468769073486,179.64053344726562,40.84096145629883,203.3785400390625,62.58946990966797
normal,C:\Users\Light\Videos\正常往返.mp4,753,True,0.8336453437805176,179.62838745117188,40.84761428833008,203.3684539794922,62.578643798828125
normal,C:\Users\Light\Videos\正常往返.mp4,754,True,0.8180275559425354,178.16754150390625,41.43208312988281,202.64109802246094,62.76042175292969
normal,C:\Users\Light\Videos\正常往返.mp4,755,True,0.7979908585548401,176.78964233398438,42.19397735595703,201.22479248046875,64.22567749023438
normal,C:\Users\Light\Videos\正常往返.mp4,756,True,0.8267436027526855,176.0543212890625,42.2780876159668,200.16119384765625,63.64788818359375
normal,C:\Users\Light\Videos\正常往返.mp4,757,True,0.8257390856742859,176.07821655273438,42.248348236083984,200.17465209960938,63.654052734375
normal,C:\Users\Light\Videos\正常往返.mp4,758,True,0.829548180103302,175.27459716796875,41.9922981262207,198.67529296875,63.77688980102539
normal,C:\Users\Light\Videos\正常往返.mp4,759,True,0.8180615901947021,174.8950958251953,41.88954162597656,197.52899169921875,63.811424255371094
normal,C:\Users\Light\Videos\正常往返.mp4,760,True,0.8182566165924072,174.89324951171875,41.888084411621094,197.5283203125,63.81270217895508
normal,C:\Users\Light\Videos\正常往返.mp4,761,True,0.8260109424591064,174.01417541503906,41.74552536010742,196.97250366210938,63.47767639160156
normal,C:\Users\Light\Videos\正常往返.mp4,762,True,0.8099204301834106,172.4152374267578,42.17506408691406,195.79373168945312,64.44544219970703
normal,C:\Users\Light\Videos\正常往返.mp4,763,True,0.8097238540649414,172.41644287109375,42.17831039428711,195.7956085205078,64.4422378540039
normal,C:\Users\Light\Videos\正常往返.mp4,764,True,0.814353883266449,171.68894958496094,42.272911071777344,195.02374267578125,64.45552825927734
normal,C:\Users\Light\Videos\正常往返.mp4,765,True,0.8066117763519287,171.04579162597656,42.321250915527344,194.41941833496094,64.3963394165039
normal,C:\Users\Light\Videos\正常往返.mp4,766,True,0.8063971400260925,171.06094360351562,42.32394027709961,194.413818359375,64.39844512939453
normal,C:\Users\Light\Videos\正常往返.mp4,767,True,0.8225094676017761,170.98397827148438,42.21661376953125,194.1002197265625,64.18946075439453
normal,C:\Users\Light\Videos\正常往返.mp4,768,True,0.8417639136314392,170.32296752929688,42.378021240234375,193.6597900390625,63.635719299316406
normal,C:\Users\Light\Videos\正常往返.mp4,769,True,0.8413228392601013,170.3095703125,42.37093734741211,193.6652069091797,63.616851806640625
normal,C:\Users\Light\Videos\正常往返.mp4,770,True,0.8098247051239014,170.2206268310547,42.185821533203125,192.7252197265625,64.17561340332031
normal,C:\Users\Light\Videos\正常往返.mp4,771,True,0.8100464344024658,170.1942138671875,42.166343688964844,192.71926879882812,64.15904998779297
normal,C:\Users\Light\Videos\正常往返.mp4,772,True,0.8202416300773621,169.5970458984375,41.84796905517578,192.42750549316406,64.03395080566406
normal,C:\Users\Light\Videos\正常往返.mp4,773,True,0.8277791142463684,169.45431518554688,41.754356384277344,191.9545135498047,63.71693801879883
normal,C:\Users\Light\Videos\正常往返.mp4,774,True,0.8279720544815063,169.45606994628906,41.75276565551758,191.9473876953125,63.71799087524414
normal,C:\Users\Light\Videos\正常往返.mp4,775,True,0.8284144997596741,168.86965942382812,41.67387771606445,191.4306640625,63.51436233520508
normal,C:\Users\Light\Videos\正常往返.mp4,776,True,0.8302323222160339,168.13453674316406,41.26484680175781,191.36715698242188,63.3212890625
normal,C:\Users\Light\Videos\正常往返.mp4,777,True,0.8305554986000061,168.118896484375,41.253238677978516,191.37701416015625,63.30685806274414
normal,C:\Users\Light\Videos\正常往返.mp4,778,True,0.8242278695106506,168.07627868652344,41.30657958984375,190.91265869140625,63.17014694213867
normal,C:\Users\Light\Videos\正常往返.mp4,779,True,0.8141414523124695,167.13604736328125,41.88577651977539,190.55462646484375,64.01756286621094
normal,C:\Users\Light\Videos\正常往返.mp4,780,True,0.807612955570221,167.13951110839844,41.8272819519043,190.28175354003906,63.76364517211914
normal,C:\Users\Light\Videos\正常往返.mp4,781,True,0.8085438013076782,167.13352966308594,41.84227752685547,190.29562377929688,63.80167770385742
normal,C:\Users\Light\Videos\正常往返.mp4,782,True,0.808908224105835,167.06069946289062,41.59281539916992,190.2364044189453,63.53836441040039
normal,C:\Users\Light\Videos\正常往返.mp4,783,True,0.8078821897506714,166.94137573242188,41.902069091796875,190.2231903076172,63.991546630859375
normal,C:\Users\Light\Videos\正常往返.mp4,784,True,0.8069028258323669,166.9418487548828,41.935306549072266,190.22084045410156,64.0040283203125
normal,C:\Users\Light\Videos\正常往返.mp4,785,True,0.8067854046821594,166.96945190429688,41.73165512084961,190.4757843017578,63.68061065673828
normal,C:\Users\Light\Videos\正常往返.mp4,786,True,0.8073930144309998,167.03907775878906,41.760406494140625,190.57838439941406,63.737422943115234
normal,C:\Users\Light\Videos\正常往返.mp4,787,True,0.8072062134742737,167.04254150390625,41.76762390136719,190.56027221679688,63.74092102050781
normal,C:\Users\Light\Videos\正常往返.mp4,788,True,0.8145707249641418,167.89906311035156,41.67995071411133,190.5550994873047,63.4166259765625
normal,C:\Users\Light\Videos\正常往返.mp4,789,True,0.8192181587219238,168.18423461914062,41.56300735473633,190.6171875,63.12460708618164
normal,C:\Users\Light\Videos\正常往返.mp4,790,True,0.8189989924430847,168.18650817871094,41.54503631591797,190.62661743164062,63.09977722167969
normal,C:\Users\Light\Videos\正常往返.mp4,791,True,0.8280847072601318,168.35720825195312,41.25243377685547,191.07684326171875,63.12438201904297
normal,C:\Users\Light\Videos\正常往返.mp4,792,True,0.8283570408821106,168.3580322265625,41.268096923828125,191.07809448242188,63.15031433105469
normal,C:\Users\Light\Videos\正常往返.mp4,793,True,0.8252903819084167,168.58193969726562,41.31892776489258,191.33355712890625,63.179447174072266
normal,C:\Users\Light\Videos\正常往返.mp4,794,True,0.8174644708633423,168.91746520996094,41.353057861328125,191.58914184570312,63.395023345947266
normal,C:\Users\Light\Videos\正常往返.mp4,795,True,0.817568838596344,168.90682983398438,41.335845947265625,191.58901977539062,63.38377380371094
normal,C:\Users\Light\Videos\正常往返.mp4,796,True,0.8210272192955017,168.95114135742188,41.46372604370117,191.634765625,63.383235931396484
normal,C:\Users\Light\Videos\正常往返.mp4,797,True,0.8186233043670654,168.93223571777344,41.534297943115234,191.7391815185547,63.36447525024414
normal,C:\Users\Light\Videos\正常往返.mp4,798,True,0.8193138241767883,168.93067932128906,41.55242919921875,191.69546508789062,63.33070373535156
normal,C:\Users\Light\Videos\正常往返.mp4,799,True,0.8151953816413879,168.9641876220703,41.34021759033203,192.2987518310547,63.26178741455078
normal,C:\Users\Light\Videos\正常往返.mp4,800,True,0.8157340288162231,169.6414031982422,41.79610824584961,191.9021759033203,63.50127410888672
normal,C:\Users\Light\Videos\正常往返.mp4,801,True,0.8155507445335388,169.63519287109375,41.79294967651367,191.9276123046875,63.5069465637207
normal,C:\Users\Light\Videos\正常往返.mp4,802,True,0.8167676329612732,169.3105010986328,41.62905502319336,192.3101806640625,63.713958740234375
normal,C:\Users\Light\Videos\正常往返.mp4,803,True,0.8157780170440674,169.34527587890625,41.626834869384766,192.31187438964844,63.684444427490234
normal,C:\Users\Light\Videos\正常往返.mp4,804,True,0.8179154396057129,169.81719970703125,41.91022872924805,192.7963104248047,64.24214935302734
normal,C:\Users\Light\Videos\正常往返.mp4,805,True,0.819855809211731,169.76431274414062,41.92253112792969,192.81105041503906,64.30062103271484
normal,C:\Users\Light\Videos\正常往返.mp4,806,True,0.8111408352851868,169.81903076171875,41.90668487548828,192.89463806152344,63.16801834106445
normal,C:\Users\Light\Videos\正常往返.mp4,807,True,0.8165236711502075,169.6735076904297,42.01365661621094,193.0395050048828,63.4166259765625
normal,C:\Users\Light\Videos\正常往返.mp4,808,True,0.8155267834663391,169.64842224121094,41.79899978637695,192.80604553222656,63.97731399536133
normal,C:\Users\Light\Videos\正常往返.mp4,809,True,0.8346712589263916,170.40199279785156,42.2985954284668,193.37025451660156,63.48861312866211
normal,C:\Users\Light\Videos\正常往返.mp4,810,True,0.8444098830223083,170.23057556152344,42.15020751953125,193.564453125,63.590293884277344
normal,C:\Users\Light\Videos\正常往返.mp4,811,True,0.8445826768875122,170.22718811035156,42.15251541137695,193.5663604736328,63.58749008178711
normal,C:\Users\Light\Videos\正常往返.mp4,812,True,0.8542748093605042,170.1294708251953,42.02257537841797,193.7704315185547,63.009368896484375
normal,C:\Users\Light\Videos\正常往返.mp4,813,True,0.8435521125793457,170.42510986328125,42.03360366821289,194.0059356689453,63.09376907348633
normal,C:\Users\Light\Videos\正常往返.mp4,814,True,0.8423362970352173,170.43055725097656,42.0291862487793,194.0113525390625,63.08872604370117
normal,C:\Users\Light\Videos\正常往返.mp4,815,True,0.8264364004135132,170.82913208007812,41.95301055908203,194.3206329345703,64.01779174804688
normal,C:\Users\Light\Videos\正常往返.mp4,816,True,0.8265177011489868,170.83815002441406,41.94417953491211,194.30255126953125,64.01380157470703
normal,C:\Users\Light\Videos\正常往返.mp4,817,True,0.804624080657959,171.07875061035156,42.28413772583008,194.6037139892578,64.60369110107422
normal,C:\Users\Light\Videos\正常往返.mp4,818,True,0.7936402559280396,171.2327117919922,42.21558380126953,194.3927764892578,64.03540802001953
normal,C:\Users\Light\Videos\正常往返.mp4,819,True,0.7934972047805786,171.2401123046875,42.21771240234375,194.38157653808594,64.03874206542969
normal,C:\Users\Light\Videos\正常往返.mp4,820,True,0.8050327897071838,171.37457275390625,42.2288932800293,195.24783325195312,64.18807220458984
normal,C:\Users\Light\Videos\正常往返.mp4,821,True,0.8148776292800903,171.76046752929688,42.48014831542969,195.41390991210938,64.6801528930664
normal,C:\Users\Light\Videos\正常往返.mp4,822,True,0.8145899176597595,171.80007934570312,42.44135284423828,195.40272521972656,64.65440368652344
normal,C:\Users\Light\Videos\正常往返.mp4,823,True,0.8184047937393188,172.45570373535156,42.344581604003906,195.57923889160156,64.66677856445312
normal,C:\Users\Light\Videos\正常往返.mp4,824,True,0.8058375120162964,172.31922912597656,42.2422981262207,196.24339294433594,64.38524627685547
normal,C:\Users\Light\Videos\正常往返.mp4,825,True,0.807449460029602,172.3733367919922,42.2506103515625,196.20863342285156,64.43470764160156
normal,C:\Users\Light\Videos\正常往返.mp4,826,True,0.8263200521469116,173.44412231445312,42.00794219970703,197.48814392089844,63.88441848754883
normal,C:\Users\Light\Videos\正常往返.mp4,827,True,0.8263730406761169,174.53814697265625,41.97152328491211,197.62957763671875,63.98237991333008
normal,C:\Users\Light\Videos\正常往返.mp4,828,True,0.8238221406936646,174.845703125,41.88694381713867,198.25732421875,63.850196838378906
normal,C:\Users\Light\Videos\正常往返.mp4,829,True,0.8238734006881714,174.8476104736328,41.89048385620117,198.25794982910156,63.853736877441406
normal,C:\Users\Light\Videos\正常往返.mp4,830,True,0.8232070207595825,175.49758911132812,42.10630416870117,198.63150024414062,63.82012176513672
normal,C:\Users\Light\Videos\正常往返.mp4,831,True,0.825310230255127,176.21571350097656,42.377235412597656,199.78518676757812,63.50217056274414
normal,C:\Users\Light\Videos\正常往返.mp4,832,True,0.8249843120574951,176.20046997070312,42.37662887573242,199.79742431640625,63.521331787109375
normal,C:\Users\Light\Videos\正常往返.mp4,833,True,0.8171656727790833,176.58370971679688,42.04458236694336,200.82337951660156,63.70640563964844
normal,C:\Users\Light\Videos\正常往返.mp4,834,True,0.7725105881690979,177.21261596679688,41.99765396118164,201.6215362548828,63.803627014160156
normal,C:\Users\Light\Videos\正常往返.mp4,835,True,0.7723646759986877,177.2180633544922,42.00285339355469,201.6166229248047,63.803985595703125
normal,C:\Users\Light\Videos\正常往返.mp4,836,True,0.8041880130767822,178.98593139648438,41.501827239990234,202.40794372558594,63.00022506713867
normal,C:\Users\Light\Videos\正常往返.mp4,837,True,0.8028398156166077,178.99075317382812,41.467132568359375,202.41172790527344,62.932857513427734
normal,C:\Users\Light\Videos\正常往返.mp4,838,True,0.8377055525779724,179.43438720703125,41.186317443847656,203.2970428466797,62.66297912597656
normal,C:\Users\Light\Videos\正常往返.mp4,839,True,0.8352276682853699,180.26864624023438,41.396358489990234,203.97848510742188,62.89421844482422
normal,C:\Users\Light\Videos\正常往返.mp4,840,True,0.8350980281829834,180.27639770507812,41.39700698852539,203.9860382080078,62.88406753540039
normal,C:\Users\Light\Videos\正常往返.mp4,841,True,0.833382785320282,181.24525451660156,41.142662048339844,205.11109924316406,62.378849029541016
normal,C:\Users\Light\Videos\正常往返.mp4,842,True,0.8393779993057251,182.32179260253906,41.67078399658203,205.9491424560547,63.055110931396484
normal,C:\Users\Light\Videos\正常往返.mp4,843,True,0.8394670486450195,182.31263732910156,41.67539978027344,205.958984375,63.055198669433594
normal,C:\Users\Light\Videos\正常往返.mp4,844,True,0.7829440236091614,182.58880615234375,41.89276885986328,206.96554565429688,63.275794982910156
normal,C:\Users\Light\Videos\正常往返.mp4,845,True,0.8286826014518738,184.44760131835938,41.61325454711914,208.575927734375,62.986328125
normal,C:\Users\Light\Videos\正常往返.mp4,846,True,0.8289439082145691,184.4508514404297,41.599361419677734,208.5809783935547,62.97857666015625
normal,C:\Users\Light\Videos\正常往返.mp4,847,True,0.8439748883247375,185.3373565673828,41.693668365478516,210.05142211914062,63.29004669189453
normal,C:\Users\Light\Videos\正常往返.mp4,848,True,0.8439925312995911,185.30792236328125,41.70119857788086,210.07626342773438,63.3052864074707
normal,C:\Users\Light\Videos\正常往返.mp4,849,True,0.8439913988113403,186.00994873046875,41.4849739074707,211.2552032470703,63.45490646362305
normal,C:\Users\Light\Videos\正常往返.mp4,850,True,0.8241544365882874,187.4576416015625,41.918025970458984,212.5623016357422,64.15264129638672
normal,C:\Users\Light\Videos\正常往返.mp4,851,True,0.7961200475692749,189.4775390625,42.079341888427734,213.72882080078125,64.0635757446289
normal,C:\Users\Light\Videos\正常往返.mp4,852,True,0.8211137652397156,191.47030639648438,41.66923904418945,214.416748046875,63.15790939331055
normal,C:\Users\Light\Videos\正常往返.mp4,853,True,0.8210026621818542,191.4674835205078,41.661258697509766,214.40545654296875,63.12326431274414
normal,C:\Users\Light\Videos\正常往返.mp4,854,True,0.8344711065292358,192.23422241210938,41.51076889038086,216.0451202392578,62.9803466796875
normal,C:\Users\Light\Videos\正常往返.mp4,855,True,0.8347284197807312,193.49163818359375,41.84733963012695,217.42417907714844,63.5760383605957
normal,C:\Users\Light\Videos\正常往返.mp4,856,True,0.8345966339111328,193.49241638183594,41.83716583251953,217.4231719970703,63.575096130371094
normal,C:\Users\Light\Videos\正常往返.mp4,857,True,0.790289580821991,194.11651611328125,41.724281311035156,219.27732849121094,63.389869689941406
normal,C:\Users\Light\Videos\正常往返.mp4,858,True,0.805631697177887,196.58840942382812,41.20241165161133,220.40074157714844,62.68534469604492
normal,C:\Users\Light\Videos\正常往返.mp4,859,True,0.8063566088676453,196.5704803466797,41.20169448852539,220.41221618652344,62.688438415527344
normal,C:\Users\Light\Videos\正常往返.mp4,860,True,0.8124174475669861,197.864990234375,40.72016143798828,221.4329376220703,62.81766128540039
normal,C:\Users\Light\Videos\正常往返.mp4,861,True,0.8126408457756042,197.85276794433594,40.7106819152832,221.43739318847656,62.82171630859375
normal,C:\Users\Light\Videos\正常往返.mp4,862,True,0.8047239780426025,198.6943817138672,40.87267303466797,222.7158966064453,62.794822692871094
normal,C:\Users\Light\Videos\正常往返.mp4,863,True,0.8217132091522217,198.9146728515625,40.690311431884766,223.71237182617188,63.085792541503906
normal,C:\Users\Light\Videos\正常往返.mp4,864,True,0.8213538527488708,198.9296417236328,40.698246002197266,223.7216033935547,63.10017776489258
normal,C:\Users\Light\Videos\正常往返.mp4,865,True,0.8069281578063965,199.35691833496094,40.942012786865234,224.89553833007812,63.06712341308594
normal,C:\Users\Light\Videos\正常往返.mp4,866,True,0.802987813949585,200.06365966796875,40.657386779785156,225.5552215576172,62.802669525146484
normal,C:\Users\Light\Videos\正常往返.mp4,867,True,0.8031671047210693,200.03501892089844,40.65438461303711,225.5348663330078,62.83103942871094
normal,C:\Users\Light\Videos\正常往返.mp4,868,True,0.8048197031021118,200.65097045898438,40.807029724121094,226.03921508789062,62.732452392578125
normal,C:\Users\Light\Videos\正常往返.mp4,869,True,0.8113014698028564,201.48443603515625,40.74071502685547,226.7720184326172,62.65708541870117
normal,C:\Users\Light\Videos\正常往返.mp4,870,True,0.8121999502182007,201.49652099609375,40.72944259643555,226.8044891357422,62.65800476074219
normal,C:\Users\Light\Videos\正常往返.mp4,871,True,0.8142752647399902,201.65774536132812,40.603824615478516,226.99655151367188,62.5007438659668
normal,C:\Users\Light\Videos\正常往返.mp4,872,True,0.813870906829834,201.67160034179688,40.6074104309082,226.97621154785156,62.492225646972656
normal,C:\Users\Light\Videos\正常往返.mp4,873,True,0.8026614189147949,202.2442169189453,40.7612190246582,226.5143585205078,62.605201721191406
normal,C:\Users\Light\Videos\正常往返.mp4,874,True,0.802626371383667,201.38262939453125,40.59869384765625,226.2799835205078,62.29834747314453
normal,C:\Users\Light\Videos\正常往返.mp4,875,True,0.8084622025489807,200.40658569335938,40.48414993286133,225.98443603515625,62.3755989074707
normal,C:\Users\Light\Videos\正常往返.mp4,876,True,0.797126829624176,200.3994598388672,40.65584182739258,225.4253692626953,62.53931427001953
normal,C:\Users\Light\Videos\正常往返.mp4,877,True,0.7970107197761536,200.41873168945312,40.66413497924805,225.40769958496094,62.54572296142578
normal,C:\Users\Light\Videos\正常往返.mp4,878,True,0.8008112907409668,199.4457244873047,40.30384826660156,224.91787719726562,62.02766036987305
normal,C:\Users\Light\Videos\正常往返.mp4,879,True,0.8215880393981934,199.1017303466797,40.96247482299805,224.60687255859375,63.168399810791016
normal,C:\Users\Light\Videos\正常往返.mp4,880,True,0.8221257925033569,199.09877014160156,40.96807861328125,224.610595703125,63.16799545288086
normal,C:\Users\Light\Videos\正常往返.mp4,881,True,0.8182729482650757,198.27957153320312,40.57825469970703,223.27249145507812,62.90909957885742
normal,C:\Users\Light\Videos\正常往返.mp4,882,True,0.8190094828605652,198.25205993652344,40.55884552001953,223.27899169921875,62.90497589111328
normal,C:\Users\Light\Videos\正常往返.mp4,883,True,0.8298659324645996,197.2210235595703,40.172786712646484,222.5014190673828,62.466922760009766
normal,C:\Users\Light\Videos\正常往返.mp4,884,True,0.8283928632736206,196.94627380371094,40.40559768676758,221.31100463867188,62.26154708862305
normal,C:\Users\Light\Videos\正常往返.mp4,885,True,0.8273477554321289,196.94656372070312,40.407569885253906,221.3186492919922,62.27866744995117
normal,C:\Users\Light\Videos\正常往返.mp4,886,True,0.8068110346794128,193.71658325195312,41.14393997192383,219.628173828125,62.949462890625
normal,C:\Users\Light\Videos\正常往返.mp4,887,True,0.8341341018676758,193.2986602783203,40.721126556396484,218.05503845214844,62.256683349609375
normal,C:\Users\Light\Videos\正常往返.mp4,888,True,0.833399772644043,193.32708740234375,40.709495544433594,218.05169677734375,62.24406433105469
normal,C:\Users\Light\Videos\正常往返.mp4,889,True,0.8243148922920227,191.3919677734375,40.6075439453125,216.11441040039062,62.3816032409668
normal,C:\Users\Light\Videos\正常往返.mp4,890,True,0.7976773381233215,189.45069885253906,41.368412017822266,214.3029022216797,62.66416549682617
normal,C:\Users\Light\Videos\正常往返.mp4,891,True,0.7984610795974731,189.44110107421875,41.383358001708984,214.3063507080078,62.653297424316406
normal,C:\Users\Light\Videos\正常往返.mp4,892,True,0.8470576405525208,186.1533966064453,41.20794677734375,212.36656188964844,63.28370666503906
normal,C:\Users\Light\Videos\正常往返.mp4,893,True,0.8478918075561523,186.12161254882812,41.2166862487793,212.3453826904297,63.2878303527832
normal,C:\Users\Light\Videos\正常往返.mp4,894,True,0.8550998568534851,184.2195281982422,41.157901763916016,210.0766143798828,62.92689514160156
normal,C:\Users\Light\Videos\正常往返.mp4,895,True,0.8445481061935425,181.4550018310547,41.45090866088867,207.23959350585938,63.580318450927734
normal,C:\Users\Light\Videos\正常往返.mp4,896,True,0.8449713587760925,181.45010375976562,41.44303894042969,207.23440551757812,63.5850944519043
normal,C:\Users\Light\Videos\正常往返.mp4,897,True,0.8627070784568787,179.01205444335938,40.69533157348633,204.798583984375,62.96961212158203
normal,C:\Users\Light\Videos\正常往返.mp4,898,True,0.8401942849159241,175.62017822265625,41.565696716308594,201.2140655517578,63.77704620361328
normal,C:\Users\Light\Videos\正常往返.mp4,899,True,0.8334088921546936,174.083740234375,40.93681335449219,198.0465850830078,63.44905471801758
normal,C:\Users\Light\Videos\正常往返.mp4,900,True,0.8347351551055908,170.46640014648438,42.04256820678711,194.64842224121094,64.35431671142578
normal,C:\Users\Light\Videos\正常往返.mp4,901,True,0.8326755166053772,170.5318603515625,42.03624725341797,194.63645935058594,64.370361328125
normal,C:\Users\Light\Videos\正常往返.mp4,902,True,0.8210289478302002,167.12001037597656,42.15675354003906,190.9367218017578,64.58177185058594
normal,C:\Users\Light\Videos\正常往返.mp4,903,True,0.8305838108062744,162.96221923828125,41.25153732299805,188.38473510742188,63.98735427856445
normal,C:\Users\Light\Videos\正常往返.mp4,904,True,0.8297373652458191,162.9891357421875,41.25393295288086,188.37850952148438,63.98567199707031
normal,C:\Users\Light\Videos\正常往返.mp4,905,True,0.8263927102088928,158.8608856201172,41.38501739501953,183.76329040527344,63.26521682739258
normal,C:\Users\Light\Videos\正常往返.mp4,906,True,0.8247731328010559,158.92562866210938,41.44113540649414,183.74012756347656,63.35374069213867
normal,C:\Users\Light\Videos\正常往返.mp4,907,True,0.819753110408783,156.69786071777344,41.507450103759766,179.7345733642578,62.79751205444336
normal,C:\Users\Light\Videos\正常往返.mp4,908,True,0.8257676362991333,152.58248901367188,41.61294174194336,176.71194458007812,64.16700744628906
normal,C:\Users\Light\Videos\正常往返.mp4,909,True,0.8253713250160217,152.6024932861328,41.62300491333008,176.71006774902344,64.1646499633789
normal,C:\Users\Light\Videos\正常往返.mp4,910,True,0.8042380213737488,148.6030731201172,41.6573371887207,172.2557373046875,63.902347564697266
normal,C:\Users\Light\Videos\正常往返.mp4,911,True,0.8204382061958313,144.8453369140625,41.40133285522461,169.19989013671875,63.83684158325195
normal,C:\Users\Light\Videos\正常往返.mp4,912,True,0.8204712271690369,144.85317993164062,41.403350830078125,169.1920623779297,63.825008392333984
normal,C:\Users\Light\Videos\正常往返.mp4,913,True,0.8051424026489258,139.95571899414062,42.50175094604492,165.02867126464844,63.534847259521484
normal,C:\Users\Light\Videos\正常往返.mp4,914,True,0.7711793780326843,135.56007385253906,41.441829681396484,160.42811584472656,62.8383903503418
normal,C:\Users\Light\Videos\正常往返.mp4,915,True,0.7721536755561829,135.55715942382812,41.43833541870117,160.44203186035156,62.85511016845703
normal,C:\Users\Light\Videos\正常往返.mp4,916,True,0.8093231320381165,132.28977966308594,41.54873275756836,158.08392333984375,63.21880340576172
normal,C:\Users\Light\Videos\正常往返.mp4,917,True,0.8116188049316406,132.28814697265625,41.51710891723633,158.099853515625,63.17149353027344
normal,C:\Users\Light\Videos\正常往返.mp4,918,True,0.7383397221565247,128.43643188476562,42.467464447021484,154.52488708496094,63.16846466064453
normal,C:\Users\Light\Videos\正常往返.mp4,919,True,0.7879085540771484,123.96222686767578,41.730960845947266,150.2447509765625,61.8560791015625
normal,C:\Users\Light\Videos\正常往返.mp4,920,True,0.7857843041419983,123.97482299804688,41.80964660644531,150.2415771484375,61.91903305053711
normal,C:\Users\Light\Videos\正常往返.mp4,921,True,0.8379271030426025,120.67233276367188,42.822593688964844,146.6781463623047,63.20732879638672
normal,C:\Users\Light\Videos\正常往返.mp4,922,True,0.7255536913871765,117.5665512084961,42.38606643676758,142.03756713867188,63.56465530395508
normal,C:\Users\Light\Videos\正常往返.mp4,923,True,0.8415648937225342,114.18267822265625,42.05482482910156,140.19090270996094,63.66671371459961
normal,C:\Users\Light\Videos\正常往返.mp4,924,True,0.8233816027641296,109.15323638916016,42.27766036987305,136.80873107910156,63.749481201171875
normal,C:\Users\Light\Videos\正常往返.mp4,925,True,0.8238147497177124,109.16822814941406,42.26020431518555,136.8070831298828,63.70387268066406
normal,C:\Users\Light\Videos\正常往返.mp4,926,True,0.779813289642334,106.82547760009766,41.97403335571289,134.06129455566406,63.00322723388672
normal,C:\Users\Light\Videos\正常往返.mp4,927,True,0.7820536494255066,106.83358001708984,41.977237701416016,134.07504272460938,62.99598693847656
normal,C:\Users\Light\Videos\正常往返.mp4,928,True,0.818160891532898,103.2964096069336,42.205787658691406,129.93234252929688,63.95774841308594
normal,C:\Users\Light\Videos\正常往返.mp4,929,True,0.7642402648925781,99.91238403320312,43.06340408325195,125.38092803955078,63.81666946411133
normal,C:\Users\Light\Videos\正常往返.mp4,930,True,0.7633249163627625,99.85688018798828,43.110511779785156,125.39485931396484,63.81021499633789
normal,C:\Users\Light\Videos\正常往返.mp4,931,True,0.8518224954605103,97.0751953125,42.15229415893555,123.47859191894531,63.343475341796875
normal,C:\Users\Light\Videos\正常往返.mp4,932,True,0.7967554330825806,93.04273223876953,42.293235778808594,119.81905364990234,62.92171859741211
normal,C:\Users\Light\Videos\正常往返.mp4,933,True,0.7959754467010498,93.04444122314453,42.2917594909668,119.82523345947266,62.952735900878906
normal,C:\Users\Light\Videos\正常往返.mp4,934,True,0.8627205491065979,90.66690826416016,42.19328308105469,117.4605712890625,63.30826950073242
normal,C:\Users\Light\Videos\正常往返.mp4,935,True,0.8046192526817322,87.0223159790039,42.774452209472656,113.07010650634766,62.926109313964844
normal,C:\Users\Light\Videos\正常往返.mp4,936,True,0.8055251836776733,87.01205444335938,42.77763748168945,113.06625366210938,62.9219856262207
normal,C:\Users\Light\Videos\正常往返.mp4,937,True,0.8664899468421936,84.83749389648438,42.25905990600586,110.80680084228516,62.844329833984375
normal,C:\Users\Light\Videos\正常往返.mp4,938,True,0.8655626773834229,84.84046936035156,42.29054641723633,110.8155288696289,62.88599395751953
normal,C:\Users\Light\Videos\正常往返.mp4,939,True,0.7971165180206299,81.99226379394531,42.44370651245117,107.50244903564453,64.13412475585938
normal,C:\Users\Light\Videos\正常往返.mp4,940,True,0.8508949279785156,79.18647766113281,42.11912536621094,105.78453826904297,63.77431106567383
normal,C:\Users\Light\Videos\正常往返.mp4,941,True,0.8511979579925537,79.20377349853516,42.134857177734375,105.74824523925781,63.75248336791992
normal,C:\Users\Light\Videos\正常往返.mp4,942,True,0.8064984679222107,76.0212631225586,42.2403678894043,101.64987182617188,63.1468391418457
normal,C:\Users\Light\Videos\正常往返.mp4,943,True,0.8486346006393433,73.50672912597656,42.06040573120117,99.91252136230469,63.47588348388672
normal,C:\Users\Light\Videos\正常往返.mp4,944,True,0.849312424659729,73.56671142578125,42.02470397949219,99.86971282958984,63.514408111572266
normal,C:\Users\Light\Videos\正常往返.mp4,945,True,0.7746830582618713,70.85888671875,42.739627838134766,96.66783905029297,62.89751434326172
normal,C:\Users\Light\Videos\正常往返.mp4,946,True,0.8413042426109314,68.61371612548828,42.42802047729492,94.26751708984375,63.723819732666016
normal,C:\Users\Light\Videos\正常往返.mp4,947,True,0.8131621479988098,66.28729248046875,42.69614791870117,92.26676940917969,64.03753662109375
normal,C:\Users\Light\Videos\正常往返.mp4,948,True,0.8148660659790039,63.69206237792969,42.92929458618164,89.50682067871094,63.68067932128906
normal,C:\Users\Light\Videos\正常往返.mp4,949,True,0.8150242567062378,63.693843841552734,42.92924880981445,89.50376892089844,63.681575775146484
normal,C:\Users\Light\Videos\正常往返.mp4,950,True,0.8454875946044922,62.01866149902344,41.9500732421875,88.12493896484375,63.29782485961914
normal,C:\Users\Light\Videos\正常往返.mp4,951,True,0.8461216688156128,62.01945877075195,41.947296142578125,88.11736297607422,63.29665756225586
normal,C:\Users\Light\Videos\正常往返.mp4,952,True,0.792505145072937,59.546241760253906,42.52763748168945,86.71414947509766,63.62751770019531
normal,C:\Users\Light\Videos\正常往返.mp4,953,True,0.8200847506523132,57.72693634033203,42.45493698120117,83.63710021972656,63.63822937011719
normal,C:\Users\Light\Videos\正常往返.mp4,954,True,0.8197910785675049,57.723209381103516,42.44758605957031,83.64698791503906,63.642669677734375
normal,C:\Users\Light\Videos\正常往返.mp4,955,True,0.8355521559715271,56.49799346923828,41.73051071166992,81.84765625,63.20488357543945
normal,C:\Users\Light\Videos\正常往返.mp4,956,True,0.8144581317901611,55.2896842956543,42.390167236328125,80.9100112915039,63.70412063598633
normal,C:\Users\Light\Videos\正常往返.mp4,957,True,0.8147844076156616,55.29459762573242,42.39682388305664,80.8992919921875,63.722877502441406
normal,C:\Users\Light\Videos\正常往返.mp4,958,True,0.7762877941131592,53.398014068603516,42.99677276611328,78.36508178710938,63.797237396240234
normal,C:\Users\Light\Videos\正常往返.mp4,959,True,0.8081783652305603,52.59555435180664,42.47602462768555,77.04009246826172,64.16725158691406
normal,C:\Users\Light\Videos\正常往返.mp4,960,True,0.8076025247573853,52.58266067504883,42.49220657348633,77.05514526367188,64.20463562011719
normal,C:\Users\Light\Videos\正常往返.mp4,961,True,0.8229256868362427,51.57854461669922,42.4766731262207,76.14299774169922,64.2068099975586
normal,C:\Users\Light\Videos\正常往返.mp4,962,True,0.8231677412986755,51.564727783203125,42.48149108886719,76.1496810913086,64.19109344482422
normal,C:\Users\Light\Videos\正常往返.mp4,963,True,0.8169083595275879,51.234806060791016,42.59388732910156,75.59124755859375,64.43714904785156
normal,C:\Users\Light\Videos\正常往返.mp4,964,True,0.8479549288749695,50.71626281738281,41.97690200805664,74.92736053466797,63.75189971923828
normal,C:\Users\Light\Videos\正常往返.mp4,965,True,0.848024845123291,50.71553421020508,41.97992706298828,74.93122863769531,63.74636459350586
normal,C:\Users\Light\Videos\正常往返.mp4,966,True,0.8198036551475525,49.8443603515625,42.30961990356445,74.64053344726562,63.69129943847656
normal,C:\Users\Light\Videos\正常往返.mp4,967,True,0.8107224106788635,49.37790298461914,42.46638870239258,74.12211608886719,63.982669830322266
normal,C:\Users\Light\Videos\正常往返.mp4,968,True,0.811137318611145,49.377017974853516,42.45997619628906,74.12871551513672,63.988319396972656
normal,C:\Users\Light\Videos\正常往返.mp4,969,True,0.7832391262054443,48.58462905883789,43.23529815673828,74.03292846679688,64.18820190429688
normal,C:\Users\Light\Videos\正常往返.mp4,970,True,0.7812764048576355,48.658409118652344,43.02754592895508,73.63313293457031,63.848045349121094
normal,C:\Users\Light\Videos\正常往返.mp4,971,True,0.7902838587760925,48.46016311645508,42.91810989379883,73.6578140258789,64.17002868652344
normal,C:\Users\Light\Videos\正常往返.mp4,972,True,0.7903687953948975,48.4630241394043,42.91629409790039,73.66160583496094,64.17686462402344
normal,C:\Users\Light\Videos\正常往返.mp4,973,True,0.7995621562004089,49.387691497802734,42.36358642578125,73.26512145996094,63.996273040771484
normal,C:\Users\Light\Videos\正常往返.mp4,974,True,0.814819872379303,49.74674606323242,42.49420166015625,73.7599105834961,63.94217300415039
normal,C:\Users\Light\Videos\正常往返.mp4,975,True,0.8148191571235657,49.75295639038086,42.48767852783203,73.75689697265625,63.94349670410156
normal,C:\Users\Light\Videos\正常往返.mp4,976,True,0.8254859447479248,50.123130798339844,42.34050369262695,74.11608123779297,63.81877517700195
normal,C:\Users\Light\Videos\正常往返.mp4,977,True,0.8361744284629822,50.52726745605469,42.17291259765625,74.46673583984375,63.76911163330078
normal,C:\Users\Light\Videos\正常往返.mp4,978,True,0.8358569741249084,50.53887176513672,42.178627014160156,74.43185424804688,63.72341537475586
normal,C:\Users\Light\Videos\正常往返.mp4,979,True,0.8345725536346436,51.17328643798828,42.217979431152344,75.11283111572266,63.903961181640625
normal,C:\Users\Light\Videos\正常往返.mp4,980,True,0.8351991772651672,51.254127502441406,42.5936393737793,76.07122039794922,64.01036834716797
normal,C:\Users\Light\Videos\正常往返.mp4,981,True,0.8351944088935852,51.265602111816406,42.588775634765625,76.06298828125,64.01536560058594
normal,C:\Users\Light\Videos\正常往返.mp4,982,True,0.8322304487228394,52.121604919433594,42.39467239379883,76.47868347167969,63.924625396728516
normal,C:\Users\Light\Videos\正常往返.mp4,983,True,0.8321940302848816,52.115684509277344,42.3952751159668,76.4805908203125,63.9238395690918
normal,C:\Users\Light\Videos\正常往返.mp4,984,True,0.7905446887016296,53.17982864379883,42.37703323364258,77.43077087402344,64.10433959960938
normal,C:\Users\Light\Videos\正常往返.mp4,985,True,0.8023149967193604,55.124080657958984,42.06607437133789,80.20652770996094,63.47926712036133
normal,C:\Users\Light\Videos\正常往返.mp4,986,True,0.8022010326385498,55.128990173339844,42.07136535644531,80.21745300292969,63.491817474365234
normal,C:\Users\Light\Videos\正常往返.mp4,987,True,0.809982419013977,56.28290557861328,42.16172790527344,81.50836944580078,63.47007751464844
normal,C:\Users\Light\Videos\正常往返.mp4,988,True,0.8015300631523132,57.243568420410156,42.406124114990234,83.3692398071289,63.62433624267578
normal,C:\Users\Light\Videos\正常往返.mp4,989,True,0.8017718195915222,57.2214241027832,42.399375915527344,83.37822723388672,63.60087203979492
normal,C:\Users\Light\Videos\正常往返.mp4,990,True,0.7953557968139648,58.75722885131836,42.15408706665039,85.7642822265625,63.46306228637695
normal,C:\Users\Light\Videos\正常往返.mp4,991,True,0.8321539759635925,61.483341217041016,42.238037109375,87.82440185546875,63.650421142578125
normal,C:\Users\Light\Videos\正常往返.mp4,992,True,0.8314587473869324,61.480411529541016,42.25323486328125,87.81163787841797,63.65472412109375
normal,C:\Users\Light\Videos\正常往返.mp4,993,True,0.8428958654403687,62.918514251708984,42.5157356262207,89.08091735839844,63.60441207885742
normal,C:\Users\Light\Videos\正常往返.mp4,994,True,0.7922050356864929,66.14183807373047,42.80094528198242,91.34395599365234,64.0816421508789
normal,C:\Users\Light\Videos\正常往返.mp4,995,True,0.792176365852356,66.15562438964844,42.835479736328125,91.3714370727539,64.0854721069336
normal,C:\Users\Light\Videos\正常往返.mp4,996,True,0.8650142550468445,67.96293640136719,42.35890197753906,93.69904327392578,63.730003356933594
normal,C:\Users\Light\Videos\正常往返.mp4,997,True,0.7974130511283875,70.27879333496094,42.64581298828125,95.5233383178711,63.984554290771484
normal,C:\Users\Light\Videos\正常往返.mp4,998,True,0.8452027440071106,72.89202880859375,41.673606872558594,98.83782958984375,62.451080322265625
normal,C:\Users\Light\Videos\正常往返.mp4,999,True,0.8452585935592651,72.90650177001953,41.6697998046875,98.82327270507812,62.44870376586914
normal,C:\Users\Light\Videos\正常往返.mp4,1000,True,0.8289645314216614,75.05059051513672,42.38471984863281,100.35693359375,63.11615753173828
normal,C:\Users\Light\Videos\正常往返.mp4,1001,True,0.8290919065475464,77.71443939208984,42.38413619995117,104.69535064697266,63.42919921875
normal,C:\Users\Light\Videos\正常往返.mp4,1002,True,0.8290605545043945,77.71566009521484,42.40312194824219,104.68584442138672,63.418643951416016
normal,C:\Users\Light\Videos\正常往返.mp4,1003,True,0.8463305234909058,79.79362487792969,41.99003601074219,107.02507781982422,62.69211196899414
normal,C:\Users\Light\Videos\正常往返.mp4,1004,True,0.8030651807785034,83.20132446289062,42.32122802734375,109.29508972167969,63.09269332885742
normal,C:\Users\Light\Videos\正常往返.mp4,1005,True,0.8023577928543091,83.21320343017578,42.327640533447266,109.26187133789062,63.09009552001953
normal,C:\Users\Light\Videos\正常往返.mp4,1006,True,0.8504133820533752,85.52154541015625,42.236873626708984,111.18038177490234,62.84258270263672
normal,C:\Users\Light\Videos\正常往返.mp4,1007,True,0.8502610921859741,85.52235412597656,42.228759765625,111.18379211425781,62.85239791870117
normal,C:\Users\Light\Videos\正常往返.mp4,1008,True,0.7948098182678223,87.82833862304688,42.11656951904297,113.43296813964844,62.69525146484375
normal,C:\Users\Light\Videos\正常往返.mp4,1009,True,0.8394035696983337,90.54248809814453,42.04088592529297,117.00904083251953,62.963714599609375
normal,C:\Users\Light\Videos\正常往返.mp4,1010,True,0.8396382331848145,90.52210998535156,42.03566360473633,117.03282928466797,62.968177795410156
normal,C:\Users\Light\Videos\正常往返.mp4,1011,True,0.8300577402114868,92.01288604736328,42.26128005981445,118.73831176757812,62.67622375488281
normal,C:\Users\Light\Videos\正常往返.mp4,1012,True,0.8245759606361389,95.26789093017578,42.45204544067383,121.25053405761719,63.01226043701172
normal,C:\Users\Light\Videos\正常往返.mp4,1013,True,0.8244344592094421,95.26420593261719,42.457603454589844,121.24736022949219,63.0058479309082
normal,C:\Users\Light\Videos\正常往返.mp4,1014,True,0.8456991910934448,97.43939208984375,41.81661605834961,123.2217025756836,63.1512336730957
normal,C:\Users\Light\Videos\正常往返.mp4,1015,True,0.8402400016784668,98.0196762084961,42.14875030517578,123.83866882324219,62.50233459472656
normal,C:\Users\Light\Videos\正常往返.mp4,1016,True,0.8401039838790894,98.0246353149414,42.14639663696289,123.83184051513672,62.5031623840332
normal,C:\Users\Light\Videos\正常往返.mp4,1017,True,0.7949169874191284,99.68061065673828,42.67340087890625,125.18449401855469,63.08444595336914
normal,C:\Users\Light\Videos\正常往返.mp4,1018,True,0.7951962947845459,99.68006134033203,42.67183303833008,125.1725845336914,63.07884216308594
normal,C:\Users\Light\Videos\正常往返.mp4,1019,True,0.8286423683166504,102.63409423828125,42.03019714355469,128.9395751953125,63.463871002197266
normal,C:\Users\Light\Videos\正常往返.mp4,1020,True,0.8279616236686707,102.63838958740234,42.03884506225586,128.9566650390625,63.476016998291016
normal,C:\Users\Light\Videos\正常往返.mp4,1021,True,0.8302789330482483,103.11243438720703,41.328407287597656,129.93894958496094,63.7537841796875
normal,C:\Users\Light\Videos\正常往返.mp4,1022,True,0.8400155305862427,103.37914276123047,41.46607971191406,129.53297424316406,63.260040283203125
normal,C:\Users\Light\Videos\正常往返.mp4,1023,True,0.8395885229110718,103.39017486572266,41.4496955871582,129.5361328125,63.28430938720703
normal,C:\Users\Light\Videos\正常往返.mp4,1024,True,0.8364694714546204,103.48303985595703,41.35897445678711,129.56044006347656,63.50237274169922
normal,C:\Users\Light\Videos\正常往返.mp4,1025,True,0.8334031701087952,103.38355255126953,40.98954772949219,129.8485565185547,63.40564727783203
normal,C:\Users\Light\Videos\正常往返.mp4,1026,True,0.8334643840789795,103.37682342529297,41.008663177490234,129.841552734375,63.416202545166016
normal,C:\Users\Light\Videos\正常往返.mp4,1027,True,0.8377773761749268,102.9391860961914,41.393131256103516,129.34921264648438,63.70515060424805
normal,C:\Users\Light\Videos\正常往返.mp4,1028,True,0.8384943604469299,102.92765045166016,41.39815139770508,129.410400390625,63.74885177612305
normal,C:\Users\Light\Videos\正常往返.mp4,1029,True,0.8029056787490845,102.56598663330078,42.028045654296875,127.68569946289062,63.17050552368164
normal,C:\Users\Light\Videos\正常往返.mp4,1030,True,0.79276043176651,100.74861907958984,42.40529251098633,126.76227569580078,63.12126922607422
normal,C:\Users\Light\Videos\正常往返.mp4,1031,True,0.7935774326324463,100.7716064453125,42.41329574584961,126.77743530273438,63.1282844543457
normal,C:\Users\Light\Videos\正常往返.mp4,1032,True,0.8324132561683655,98.8032455444336,42.225128173828125,124.38721466064453,62.67387008666992
normal,C:\Users\Light\Videos\正常往返.mp4,1033,True,0.8489104509353638,97.58402252197266,41.9749755859375,123.17635345458984,63.18135452270508
normal,C:\Users\Light\Videos\正常往返.mp4,1034,True,0.8489901423454285,97.57540893554688,41.979591369628906,123.14942169189453,63.1513671875
normal,C:\Users\Light\Videos\正常往返.mp4,1035,True,0.8232871890068054,95.74305725097656,42.28436279296875,121.81108093261719,63.01799774169922
normal,C:\Users\Light\Videos\正常往返.mp4,1036,True,0.8471953272819519,92.15104675292969,42.00538635253906,118.65897369384766,62.39558792114258
normal,C:\Users\Light\Videos\正常往返.mp4,1037,True,0.8472055792808533,92.14383697509766,42.01374435424805,118.66271209716797,62.38960647583008
normal,C:\Users\Light\Videos\正常往返.mp4,1038,True,0.8415611386299133,90.53627014160156,41.493019104003906,117.73275756835938,63.339149475097656
normal,C:\Users\Light\Videos\正常往返.mp4,1039,True,0.8160967826843262,86.82949829101562,42.29924392700195,113.17839050292969,62.73762893676758
normal,C:\Users\Light\Videos\正常往返.mp4,1040,True,0.8162176609039307,86.82267761230469,42.30052185058594,113.18167114257812,62.7531623840332
normal,C:\Users\Light\Videos\正常往返.mp4,1041,True,0.8487609624862671,84.50239562988281,42.110652923583984,111.0528335571289,62.62089157104492
normal,C:\Users\Light\Videos\正常往返.mp4,1042,True,0.8486757874488831,84.50320434570312,42.11103439331055,111.04332733154297,62.61665344238281
normal,C:\Users\Light\Videos\正常往返.mp4,1043,True,0.8021809458732605,77.49671173095703,42.47066879272461,104.64140319824219,63.27283477783203
normal,C:\Users\Light\Videos\正常往返.mp4,1044,True,0.7999380826950073,77.49781036376953,42.49128723144531,104.56885528564453,63.302642822265625
normal,C:\Users\Light\Videos\正常往返.mp4,1045,True,0.8390814661979675,73.61410522460938,41.98066711425781,100.26881408691406,62.93307876586914
normal,C:\Users\Light\Videos\正常往返.mp4,1046,True,0.7891997694969177,69.26297760009766,42.419212341308594,96.4194107055664,63.05921173095703
normal,C:\Users\Light\Videos\正常往返.mp4,1047,True,0.7856684923171997,69.25780487060547,42.46802520751953,96.33586120605469,63.050113677978516
normal,C:\Users\Light\Videos\正常往返.mp4,1048,True,0.7927607893943787,65.98462677001953,42.636085510253906,93.36479187011719,63.43722152709961
normal,C:\Users\Light\Videos\正常往返.mp4,1049,True,0.8116808533668518,62.161529541015625,42.333465576171875,88.82881164550781,64.04889678955078
normal,C:\Users\Light\Videos\正常往返.mp4,1050,True,0.8127413988113403,62.167015075683594,42.28303909301758,88.88277435302734,63.998111724853516
normal,C:\Users\Light\Videos\正常往返.mp4,1051,True,0.8039688467979431,57.002952575683594,41.97403335571289,84.74754333496094,63.767276763916016
normal,C:\Users\Light\Videos\正常往返.mp4,1052,True,0.8032870888710022,57.01268005371094,41.978111267089844,84.73007202148438,63.76974105834961
normal,C:\Users\Light\Videos\正常往返.mp4,1053,True,0.7429021596908569,53.04690933227539,42.657936096191406,78.84413146972656,63.08762741088867
normal,C:\Users\Light\Videos\正常往返.mp4,1054,True,0.787554919719696,50.02947235107422,42.76811218261719,75.1600112915039,64.35826110839844
normal,C:\Users\Light\Videos\正常往返.mp4,1055,True,0.7875450849533081,50.01247787475586,42.766475677490234,75.17568969726562,64.3597640991211
normal,C:\Users\Light\Videos\正常往返.mp4,1056,True,0.812285840511322,45.45808029174805,42.22026443481445,71.35382843017578,64.52273559570312
normal,C:\Users\Light\Videos\正常往返.mp4,1057,True,0.7962009906768799,40.6806526184082,42.58852767944336,66.65738677978516,64.1370849609375
normal,C:\Users\Light\Videos\正常往返.mp4,1058,True,0.795341968536377,40.70082092285156,42.61060333251953,66.6290283203125,64.14073944091797
normal,C:\Users\Light\Videos\正常往返.mp4,1059,True,0.7849620580673218,37.51042175292969,42.6534309387207,63.11521530151367,64.01382446289062
normal,C:\Users\Light\Videos\正常往返.mp4,1060,True,0.8291993737220764,32.02811050415039,42.447025299072266,59.570289611816406,64.41229248046875
normal,C:\Users\Light\Videos\正常往返.mp4,1061,True,0.8293250799179077,32.03112030029297,42.44964599609375,59.578948974609375,64.41168975830078
normal,C:\Users\Light\Videos\正常往返.mp4,1062,True,0.8047255277633667,28.23180389404297,42.86817932128906,55.64793014526367,64.1644287109375
normal,C:\Users\Light\Videos\正常往返.mp4,1063,True,0.8048827648162842,28.236858367919922,42.853004455566406,55.63795471191406,64.16036987304688
normal,C:\Users\Light\Videos\正常往返.mp4,1064,True,0.7931516766548157,24.325265884399414,43.21689987182617,52.82632827758789,64.63125610351562
normal,C:\Users\Light\Videos\正常往返.mp4,1065,True,0.800326943397522,19.363513946533203,42.57064437866211,49.25581741333008,64.66361999511719
normal,C:\Users\Light\Videos\正常往返.mp4,1066,True,0.7994109988212585,19.362899780273438,42.569122314453125,49.26180648803711,64.67921447753906
normal,C:\Users\Light\Videos\正常往返.mp4,1067,True,0.6569616794586182,13.2611665725708,44.2205696105957,43.7965202331543,64.353759765625
normal,C:\Users\Light\Videos\正常往返.mp4,1068,True,0.6567404270172119,13.253232955932617,44.21826171875,43.78858184814453,64.34548950195312
normal,C:\Users\Light\Videos\正常往返.mp4,1069,True,0.3796595335006714,9.528425216674805,42.243080139160156,36.30342102050781,62.87752151489258
normal,C:\Users\Light\Videos\正常往返.mp4,1070,True,0.4875389039516449,12.199507713317871,43.123756408691406,38.65382385253906,63.646949768066406
normal,C:\Users\Light\Videos\正常往返.mp4,1071,True,0.48403581976890564,12.226129531860352,43.15497589111328,38.66950225830078,63.65916442871094
normal,C:\Users\Light\Videos\正常往返.mp4,1072,True,0.5824921727180481,12.777030944824219,44.64842224121094,42.66561508178711,64.76861572265625
normal,C:\Users\Light\Videos\正常往返.mp4,1073,True,0.5803745985031128,12.753011703491211,44.66910934448242,42.660091400146484,64.77787017822266
normal,C:\Users\Light\Videos\正常往返.mp4,1074,True,0.7433942556381226,14.82568645477295,43.534759521484375,44.34043884277344,64.72872161865234
normal,C:\Users\Light\Videos\正常往返.mp4,1075,True,0.7701543569564819,15.8693265914917,42.505157470703125,44.54127883911133,64.27182006835938
normal,C:\Users\Light\Videos\正常往返.mp4,1076,True,0.7698681354522705,15.877123832702637,42.50612258911133,44.511741638183594,64.26404571533203
normal,C:\Users\Light\Videos\正常往返.mp4,1077,True,0.7673118710517883,17.092500686645508,42.417083740234375,45.74983596801758,64.14887237548828
normal,C:\Users\Light\Videos\正常往返.mp4,1078,True,0.8000850677490234,18.542163848876953,41.76769256591797,47.20917892456055,64.34532928466797
normal,C:\Users\Light\Videos\正常往返.mp4,1079,True,0.7998330593109131,18.534809112548828,41.771724700927734,47.22300720214844,64.34860229492188
normal,C:\Users\Light\Videos\正常往返.mp4,1080,True,0.8242409229278564,20.063106536865234,42.14213943481445,48.87812423706055,63.86397933959961
normal,C:\Users\Light\Videos\正常往返.mp4,1081,True,0.8211978077888489,21.175477981567383,42.209285736083984,50.18198776245117,63.87751770019531
normal,C:\Users\Light\Videos\正常往返.mp4,1082,True,0.8212751150131226,21.151487350463867,42.232032775878906,50.20402145385742,63.886592864990234
normal,C:\Users\Light\Videos\正常往返.mp4,1083,True,0.8043133616447449,23.908010482788086,42.16461944580078,51.70647430419922,64.59515380859375
normal,C:\Users\Light\Videos\正常往返.mp4,1084,True,0.807010293006897,25.897085189819336,41.88570785522461,52.72185516357422,64.19539642333984
normal,C:\Users\Light\Videos\正常往返.mp4,1085,True,0.808424174785614,25.880674362182617,41.885440826416016,52.699806213378906,64.15958404541016
normal,C:\Users\Light\Videos\正常往返.mp4,1086,True,0.8236236572265625,26.787179946899414,41.25373077392578,53.62394332885742,63.68363571166992
normal,C:\Users\Light\Videos\正常往返.mp4,1087,True,0.8232463002204895,26.793006896972656,41.24584197998047,53.61803436279297,63.695289611816406
normal,C:\Users\Light\Videos\正常往返.mp4,1088,True,0.8227040767669678,27.754592895507812,41.82179260253906,54.56608963012695,64.33726501464844
normal,C:\Users\Light\Videos\正常往返.mp4,1089,True,0.8050834536552429,29.180770874023438,42.5605583190918,56.20429611206055,64.34591674804688
normal,C:\Users\Light\Videos\正常往返.mp4,1090,True,0.8039917945861816,29.145816802978516,42.603050231933594,56.26827621459961,64.30136108398438
normal,C:\Users\Light\Videos\正常往返.mp4,1091,True,0.8301469683647156,30.862491607666016,42.01802444458008,57.591678619384766,64.04412078857422
normal,C:\Users\Light\Videos\正常往返.mp4,1092,True,0.8412332534790039,31.789430618286133,41.46699905395508,58.60144805908203,63.848854064941406
normal,C:\Users\Light\Videos\正常往返.mp4,1093,True,0.8609218597412109,32.44797897338867,41.8420295715332,59.7307014465332,64.21805572509766
normal,C:\Users\Light\Videos\正常往返.mp4,1094,True,0.8359139561653137,33.28173065185547,42.167083740234375,59.89644241333008,64.36318969726562
normal,C:\Users\Light\Videos\正常往返.mp4,1095,True,0.8356339931488037,33.28014373779297,42.17165756225586,59.90196228027344,64.36139678955078
normal,C:\Users\Light\Videos\正常往返.mp4,1096,True,0.8181232213973999,34.806827545166016,42.26598358154297,60.8462028503418,63.630455017089844
normal,C:\Users\Light\Videos\正常往返.mp4,1097,True,0.8186107873916626,34.81547927856445,42.300140380859375,60.85153579711914,63.60643005371094
normal,C:\Users\Light\Videos\正常往返.mp4,1098,True,0.8074195981025696,36.418148040771484,42.24191665649414,62.64631652832031,64.07357025146484
normal,C:\Users\Light\Videos\正常往返.mp4,1099,True,0.8049819469451904,38.20161437988281,42.086177825927734,63.170143127441406,64.15082550048828
normal,C:\Users\Light\Videos\正常往返.mp4,1100,True,0.8047159910202026,38.21464157104492,42.09027862548828,63.16335678100586,64.15953826904297
normal,C:\Users\Light\Videos\正常往返.mp4,1101,True,0.8278310894966125,38.8856315612793,41.322242736816406,63.920875549316406,63.94900894165039
normal,C:\Users\Light\Videos\正常往返.mp4,1102,True,0.834391176700592,39.65943908691406,41.81435012817383,64.24473571777344,64.38517761230469
normal,C:\Users\Light\Videos\正常往返.mp4,1103,True,0.8347706198692322,39.6644287109375,41.82356262207031,64.24171447753906,64.41984558105469
normal,C:\Users\Light\Videos\正常往返.mp4,1104,True,0.7984263300895691,39.8740234375,42.80320739746094,65.33692169189453,64.38390350341797
normal,C:\Users\Light\Videos\正常往返.mp4,1105,True,0.8140265345573425,40.583763122558594,42.30146408081055,65.62393951416016,64.43647766113281
normal,C:\Users\Light\Videos\正常往返.mp4,1106,True,0.8143188953399658,40.594844818115234,42.293975830078125,65.61930084228516,64.44257354736328
normal,C:\Users\Light\Videos\正常往返.mp4,1107,True,0.8079366087913513,40.944366455078125,42.29489517211914,66.97557067871094,64.14403533935547
normal,C:\Users\Light\Videos\正常往返.mp4,1108,True,0.8076472878456116,40.949249267578125,42.29718017578125,66.98709106445312,64.1419677734375
normal,C:\Users\Light\Videos\正常往返.mp4,1109,True,0.8101120591163635,42.44731140136719,42.148529052734375,68.16001892089844,64.40442657470703
normal,C:\Users\Light\Videos\正常往返.mp4,1110,True,0.807929515838623,43.36597442626953,42.137142181396484,69.91036224365234,64.97130584716797
normal,C:\Users\Light\Videos\正常往返.mp4,1111,True,0.8073350191116333,43.3662223815918,42.14021301269531,69.90352630615234,64.9784927368164
normal,C:\Users\Light\Videos\正常往返.mp4,1112,True,0.823928713798523,44.281402587890625,41.77815628051758,70.11308288574219,64.65055084228516
normal,C:\Users\Light\Videos\正常往返.mp4,1113,True,0.8589815497398376,44.456661224365234,41.74312973022461,70.35596466064453,64.07442474365234
normal,C:\Users\Light\Videos\正常往返.mp4,1114,True,0.8587476015090942,44.46608352661133,41.73853302001953,70.3526840209961,64.08403778076172
normal,C:\Users\Light\Videos\正常往返.mp4,1115,True,0.8389538526535034,45.32374572753906,42.07432174682617,70.40023803710938,64.33753204345703
normal,C:\Users\Light\Videos\正常往返.mp4,1116,True,0.8291164636611938,45.56791687011719,42.51519775390625,71.49706268310547,63.89885330200195
normal,C:\Users\Light\Videos\正常往返.mp4,1117,True,0.829065203666687,45.98763656616211,42.20235824584961,71.1941146850586,64.06830596923828
normal,C:\Users\Light\Videos\正常往返.mp4,1118,True,0.8287190198898315,46.001155853271484,42.19471740722656,71.19229125976562,64.09172058105469
normal,C:\Users\Light\Videos\正常往返.mp4,1119,True,0.8236991167068481,46.72013473510742,42.06865310668945,71.80978393554688,64.49152374267578
normal,C:\Users\Light\Videos\正常往返.mp4,1120,True,0.8222697973251343,46.88288879394531,42.08900451660156,72.0052719116211,63.90653991699219
normal,C:\Users\Light\Videos\正常往返.mp4,1121,True,0.8210042715072632,46.95000076293945,42.08929443359375,72.02497863769531,63.94869613647461
normal,C:\Users\Light\Videos\正常往返.mp4,1122,True,0.804075300693512,47.50982666015625,42.092342376708984,72.02257537841797,64.01718139648438
normal,C:\Users\Light\Videos\正常往返.mp4,1123,True,0.8175086379051208,47.65439224243164,42.419952392578125,72.30021667480469,63.61342239379883
normal,C:\Users\Light\Videos\正常往返.mp4,1124,True,0.8171858191490173,47.67146682739258,42.42512893676758,72.2836685180664,63.612548828125
normal,C:\Users\Light\Videos\正常往返.mp4,1125,True,0.7928787469863892,49.079830169677734,42.351036071777344,73.54188537597656,63.917789459228516
normal,C:\Users\Light\Videos\正常往返.mp4,1126,True,0.8204248547554016,49.533939361572266,42.28467559814453,74.18726348876953,63.82789611816406
normal,C:\Users\Light\Videos\正常往返.mp4,1127,True,0.8201606869697571,49.530517578125,42.29370880126953,74.19383239746094,63.82209396362305
normal,C:\Users\Light\Videos\正常往返.mp4,1128,True,0.8214719295501709,49.84523391723633,42.27084732055664,74.7108154296875,63.88825225830078
normal,C:\Users\Light\Videos\正常往返.mp4,1129,True,0.8380175232887268,49.886253356933594,42.0393180847168,74.7646713256836,63.558738708496094
normal,C:\Users\Light\Videos\正常往返.mp4,1130,True,0.8381266593933105,49.87378692626953,42.04377746582031,74.77140045166016,63.555355072021484
normal,C:\Users\Light\Videos\正常往返.mp4,1131,True,0.8410803079605103,50.181175231933594,41.983177185058594,75.08502960205078,63.77225112915039
normal,C:\Users\Light\Videos\正常往返.mp4,1132,True,0.841185986995697,50.173763275146484,41.97793197631836,75.0969467163086,63.77731704711914
normal,C:\Users\Light\Videos\正常往返.mp4,1133,True,0.8451536297798157,50.531558990478516,41.97750473022461,75.14997863769531,63.73713302612305
normal,C:\Users\Light\Videos\正常往返.mp4,1134,True,0.8437955379486084,50.407535552978516,41.96674728393555,75.38751220703125,63.59621047973633
normal,C:\Users\Light\Videos\正常往返.mp4,1135,True,0.8435238003730774,50.42591857910156,41.971656799316406,75.3590087890625,63.598114013671875
normal,C:\Users\Light\Videos\正常往返.mp4,1136,True,0.8327223062515259,50.756649017333984,41.99030303955078,75.31452178955078,64.06135559082031
normal,C:\Users\Light\Videos\正常往返.mp4,1137,True,0.8367730975151062,50.776432037353516,41.919795989990234,75.4354019165039,63.77803421020508
normal,C:\Users\Light\Videos\正常往返.mp4,1138,True,0.8384267091751099,50.77063751220703,41.9316291809082,75.4366455078125,63.72097396850586
normal,C:\Users\Light\Videos\正常往返.mp4,1139,True,0.8432813286781311,50.91192626953125,42.06775665283203,75.40294647216797,63.725948333740234
normal,C:\Users\Light\Videos\正常往返.mp4,1140,True,0.8432292342185974,50.91910171508789,42.06269073486328,75.43795776367188,63.753963470458984
normal,C:\Users\Light\Videos\正常往返.mp4,1141,True,0.8394324779510498,51.12661361694336,42.14014434814453,75.69287872314453,63.89564895629883
normal,C:\Users\Light\Videos\正常往返.mp4,1142,True,0.8393537998199463,51.127845764160156,42.15359115600586,75.68804168701172,63.88825225830078
normal,C:\Users\Light\Videos\正常往返.mp4,1143,True,0.8432419896125793,51.028411865234375,42.14579391479492,75.80921173095703,63.658714294433594
normal,C:\Users\Light\Videos\正常往返.mp4,1144,True,0.838944137096405,51.27427673339844,42.296173095703125,76.05792999267578,63.94907760620117
normal,C:\Users\Light\Videos\正常往返.mp4,1145,True,0.8379164934158325,51.299652099609375,42.321632385253906,76.0232925415039,63.96834945678711
normal,C:\Users\Light\Videos\正常往返.mp4,1146,True,0.832348108291626,51.52510070800781,42.34998321533203,75.97742462158203,63.913238525390625
normal,C:\Users\Light\Videos\正常往返.mp4,1147,True,0.8312490582466125,51.66008758544922,42.05841064453125,76.07217407226562,63.66510009765625
normal,C:\Users\Light\Videos\正常往返.mp4,1148,True,0.8313050866127014,51.665618896484375,42.056732177734375,76.06587982177734,63.65553283691406
normal,C:\Users\Light\Videos\正常往返.mp4,1149,True,0.8256906867027283,51.76120376586914,42.646820068359375,76.72911071777344,63.574180603027344
normal,C:\Users\Light\Videos\正常往返.mp4,1150,True,0.818030595779419,52.435546875,42.464996337890625,76.8187255859375,63.864383697509766
normal,C:\Users\Light\Videos\正常往返.mp4,1151,True,0.8189948797225952,52.39704513549805,42.47031021118164,76.85636138916016,63.86351013183594
normal,C:\Users\Light\Videos\正常往返.mp4,1152,True,0.8062775135040283,52.80870819091797,42.33548355102539,77.24057006835938,63.90420913696289
normal,C:\Users\Light\Videos\正常往返.mp4,1153,True,0.8045250773429871,52.80500030517578,42.342342376708984,77.21868896484375,63.96091079711914
normal,C:\Users\Light\Videos\正常往返.mp4,1154,True,0.8060309886932373,52.945430755615234,42.36589431762695,77.31083679199219,63.46514892578125
normal,C:\Users\Light\Videos\正常往返.mp4,1155,True,0.7668050527572632,54.475318908691406,42.159507751464844,78.96297454833984,63.22792434692383
normal,C:\Users\Light\Videos\正常往返.mp4,1156,True,0.7666012048721313,54.47958755493164,42.15715408325195,78.95353698730469,63.231712341308594
normal,C:\Users\Light\Videos\正常往返.mp4,1157,True,0.7955876588821411,55.23246765136719,41.94471740722656,79.54899597167969,62.80712890625
normal,C:\Users\Light\Videos\正常往返.mp4,1158,True,0.835902988910675,55.64932632446289,41.80659866333008,81.19514465332031,63.32086181640625
normal,C:\Users\Light\Videos\正常往返.mp4,1159,True,0.8359322547912598,55.64924240112305,41.802677154541016,81.1750717163086,63.303226470947266
normal,C:\Users\Light\Videos\正常往返.mp4,1160,True,0.8290780186653137,56.117149353027344,42.07562255859375,81.85861206054688,63.366493225097656
normal,C:\Users\Light\Videos\正常往返.mp4,1161,True,0.8214266896247864,56.628841400146484,42.047183990478516,82.47406768798828,62.94863510131836
normal,C:\Users\Light\Videos\正常往返.mp4,1162,True,0.8212276697158813,56.625762939453125,42.0496711730957,82.48043823242188,62.95206069946289
normal,C:\Users\Light\Videos\正常往返.mp4,1163,True,0.84458988904953,57.32322311401367,42.06639099121094,83.34148406982422,63.1088981628418
normal,C:\Users\Light\Videos\正常往返.mp4,1164,True,0.790283739566803,57.87915802001953,42.55609893798828,84.96836853027344,63.84365463256836
normal,C:\Users\Light\Videos\正常往返.mp4,1165,True,0.7959381937980652,59.39568328857422,42.30625915527344,85.72025299072266,63.34549331665039
normal,C:\Users\Light\Videos\正常往返.mp4,1166,True,0.7959948182106018,59.39753341674805,42.30498123168945,85.71210479736328,63.35116195678711
normal,C:\Users\Light\Videos\正常往返.mp4,1167,True,0.8419538736343384,61.484397888183594,41.75520706176758,87.14248657226562,63.20071792602539
normal,C:\Users\Light\Videos\正常往返.mp4,1168,True,0.8316309452056885,62.04235076904297,42.28456497192383,88.34527587890625,63.45831298828125
normal,C:\Users\Light\Videos\正常往返.mp4,1169,True,0.8311989903450012,62.036598205566406,42.286983489990234,88.35567474365234,63.451141357421875
normal,C:\Users\Light\Videos\正常往返.mp4,1170,True,0.8471410274505615,62.79091262817383,42.59334945678711,88.870361328125,63.7090950012207
normal,C:\Users\Light\Videos\正常往返.mp4,1171,True,0.8063735961914062,64.4991683959961,42.345211029052734,90.041748046875,64.1048812866211
normal,C:\Users\Light\Videos\正常往返.mp4,1172,True,0.80631023645401,64.50042724609375,42.347023010253906,90.042236328125,64.1050796508789
normal,C:\Users\Light\Videos\正常往返.mp4,1173,True,0.7988476157188416,65.98297119140625,42.636871337890625,91.77436828613281,63.51304244995117
normal,C:\Users\Light\Videos\正常往返.mp4,1174,True,0.8511978387832642,67.36329650878906,42.169212341308594,92.68231964111328,63.21965408325195
normal,C:\Users\Light\Videos\正常往返.mp4,1175,True,0.851003885269165,67.34893035888672,42.171634674072266,92.67456817626953,63.20037841796875
normal,C:\Users\Light\Videos\正常往返.mp4,1176,True,0.8588440418243408,68.05537414550781,41.96724319458008,94.04389190673828,63.53300857543945
normal,C:\Users\Light\Videos\正常往返.mp4,1177,True,0.8587055802345276,68.0503158569336,41.96318435668945,94.05329895019531,63.529579162597656
normal,C:\Users\Light\Videos\正常往返.mp4,1178,True,0.8288496732711792,68.91171264648438,42.20332336425781,95.18013000488281,63.18083572387695
normal,C:\Users\Light\Videos\正常往返.mp4,1179,True,0.7715122103691101,70.81578063964844,42.18140411376953,96.32835388183594,63.052284240722656
normal,C:\Users\Light\Videos\正常往返.mp4,1180,True,0.7715093493461609,70.77136993408203,42.22111892700195,95.93009948730469,63.422119140625
normal,C:\Users\Light\Videos\正常往返.mp4,1181,True,0.8089525699615479,72.13846588134766,41.90908432006836,97.64999389648438,62.33254623413086
normal,C:\Users\Light\Videos\正常往返.mp4,1182,True,0.8402846455574036,73.05208587646484,41.57154846191406,98.81492614746094,62.27958679199219
normal,C:\Users\Light\Videos\正常往返.mp4,1183,True,0.840264081954956,73.08028411865234,41.57493209838867,98.80716705322266,62.297943115234375
normal,C:\Users\Light\Videos\正常往返.mp4,1184,True,0.8476104736328125,74.078125,41.569419860839844,99.57321166992188,63.042266845703125
normal,C:\Users\Light\Videos\正常往返.mp4,1185,True,0.8585903644561768,74.1952896118164,41.878379821777344,100.5904312133789,62.851905822753906
normal,C:\Users\Light\Videos\正常往返.mp4,1186,True,0.859561026096344,74.17485046386719,41.87327194213867,100.57616424560547,62.863380432128906
normal,C:\Users\Light\Videos\正常往返.mp4,1187,True,0.8553332090377808,75.14186096191406,42.1666374206543,100.6030502319336,62.56109619140625
normal,C:\Users\Light\Videos\正常往返.mp4,1188,True,0.8274346590042114,75.27672576904297,41.85115051269531,101.52037811279297,62.598724365234375
normal,C:\Users\Light\Videos\正常往返.mp4,1189,True,0.802126944065094,76.42123413085938,41.94371032714844,101.81011962890625,63.069183349609375
normal,C:\Users\Light\Videos\正常往返.mp4,1190,True,0.8012341856956482,76.42648315429688,41.93891525268555,101.82019805908203,63.066673278808594
normal,C:\Users\Light\Videos\正常往返.mp4,1191,True,0.8200005292892456,77.228271484375,42.332523345947266,103.27239227294922,63.326534271240234
normal,C:\Users\Light\Videos\正常往返.mp4,1192,True,0.8264479041099548,77.83206176757812,42.215335845947266,103.81035614013672,63.554298400878906
normal,C:\Users\Light\Videos\正常往返.mp4,1193,True,0.8256402015686035,77.79552459716797,42.23048400878906,103.85450744628906,63.61669158935547
normal,C:\Users\Light\Videos\正常往返.mp4,1194,True,0.8311663866043091,77.904541015625,42.168922424316406,103.85011291503906,63.55230712890625
normal,C:\Users\Light\Videos\正常往返.mp4,1195,True,0.8327405452728271,78.4284439086914,42.0648193359375,104.42228698730469,63.92740249633789
normal,C:\Users\Light\Videos\正常往返.mp4,1196,True,0.8332626819610596,78.42101287841797,42.072933197021484,104.4186019897461,63.91552734375
normal,C:\Users\Light\Videos\正常往返.mp4,1197,True,0.830903172492981,78.03469848632812,42.1026725769043,104.23081970214844,63.80815505981445
normal,C:\Users\Light\Videos\正常往返.mp4,1198,True,0.8312172293663025,78.0164566040039,42.110294342041016,104.21196746826172,63.77996063232422
normal,C:\Users\Light\Videos\正常往返.mp4,1199,True,0.8241419792175293,78.07044982910156,42.028133392333984,103.92601013183594,63.668846130371094
normal,C:\Users\Light\Videos\正常往返.mp4,1200,True,0.8071116805076599,77.62934112548828,42.260765075683594,103.52750396728516,63.69703674316406
normal,C:\Users\Light\Videos\正常往返.mp4,1201,True,0.8065545558929443,77.61653900146484,42.2734260559082,103.53778839111328,63.688453674316406
normal,C:\Users\Light\Videos\正常往返.mp4,1202,True,0.78260338306427,76.72138977050781,42.4273681640625,102.78181457519531,63.543609619140625
normal,C:\Users\Light\Videos\正常往返.mp4,1203,True,0.8123837113380432,76.32658386230469,41.75996017456055,101.55245971679688,62.97669219970703
normal,C:\Users\Light\Videos\正常往返.mp4,1204,True,0.8118984699249268,76.33576965332031,41.75260925292969,101.5518798828125,62.9905891418457
normal,C:\Users\Light\Videos\正常往返.mp4,1205,True,0.8348890542984009,75.39730834960938,41.94799041748047,101.36505889892578,62.70040512084961
normal,C:\Users\Light\Videos\正常往返.mp4,1206,True,0.8624056577682495,74.91714477539062,42.2930793762207,100.60575103759766,62.87306213378906
normal,C:\Users\Light\Videos\正常往返.mp4,1207,True,0.8623359203338623,74.91560363769531,42.28718566894531,100.60619354248047,62.8760871887207
normal,C:\Users\Light\Videos\正常往返.mp4,1208,True,0.8554398417472839,74.12850952148438,41.756080627441406,100.65339660644531,62.15134811401367
normal,C:\Users\Light\Videos\正常往返.mp4,1209,True,0.8553237318992615,74.1161880493164,41.755184173583984,100.65798950195312,62.18514633178711
normal,C:\Users\Light\Videos\正常往返.mp4,1210,True,0.8460654020309448,73.9605484008789,41.55321502685547,99.61355590820312,62.97962951660156
normal,C:\Users\Light\Videos\正常往返.mp4,1211,True,0.8517459034919739,73.1731948852539,41.642906188964844,98.70525360107422,62.68559265136719
normal,C:\Users\Light\Videos\正常往返.mp4,1212,True,0.8249020576477051,72.43370056152344,41.97824478149414,97.8288345336914,62.49417495727539
normal,C:\Users\Light\Videos\正常往返.mp4,1213,True,0.7841848731040955,71.43101501464844,42.166996002197266,96.36419677734375,62.76145553588867
normal,C:\Users\Light\Videos\正常往返.mp4,1214,True,0.7846947908401489,71.41880798339844,42.17707824707031,96.36194610595703,62.759483337402344
normal,C:\Users\Light\Videos\正常往返.mp4,1215,True,0.8292509317398071,69.75865936279297,42.135528564453125,95.36846160888672,62.66974639892578
normal,C:\Users\Light\Videos\正常往返.mp4,1216,True,0.8367129564285278,69.17622375488281,42.394447326660156,94.76734161376953,63.26707458496094
normal,C:\Users\Light\Videos\正常往返.mp4,1217,True,0.8390333652496338,69.16163635253906,42.39955520629883,94.78646087646484,63.27585983276367
normal,C:\Users\Light\Videos\正常往返.mp4,1218,True,0.8467862606048584,68.6215591430664,41.91022872924805,93.72055053710938,63.31768035888672
normal,C:\Users\Light\Videos\正常往返.mp4,1219,True,0.8552052974700928,67.80948638916016,41.79658126831055,93.04191589355469,63.2432975769043
normal,C:\Users\Light\Videos\正常往返.mp4,1220,True,0.8551884889602661,67.80778503417969,41.78553009033203,93.0417709350586,63.24139404296875
normal,C:\Users\Light\Videos\正常往返.mp4,1221,True,0.8507305979728699,66.96668243408203,42.27680969238281,92.48898315429688,62.90694808959961
normal,C:\Users\Light\Videos\正常往返.mp4,1222,True,0.8511884212493896,66.96037292480469,42.29756164550781,92.47770690917969,62.892337799072266
normal,C:\Users\Light\Videos\正常往返.mp4,1223,True,0.811592161655426,66.70844268798828,42.310447692871094,91.52628326416016,63.41230010986328
normal,C:\Users\Light\Videos\正常往返.mp4,1224,True,0.7885910868644714,65.05320739746094,42.4294319152832,91.2195053100586,63.68803024291992
normal,C:\Users\Light\Videos\正常往返.mp4,1225,True,0.7880808711051941,65.81048583984375,42.37212371826172,91.1131591796875,63.72144317626953
normal,C:\Users\Light\Videos\正常往返.mp4,1226,True,0.8009114265441895,64.73434448242188,42.24745178222656,89.73976135253906,63.7517204284668
normal,C:\Users\Light\Videos\正常往返.mp4,1227,True,0.8160625696182251,64.05510711669922,42.45280456542969,89.57017517089844,63.564430236816406
normal,C:\Users\Light\Videos\正常往返.mp4,1228,True,0.8161116242408752,64.06523132324219,42.43848419189453,89.57862854003906,63.56991958618164
normal,C:\Users\Light\Videos\正常往返.mp4,1229,True,0.8360996842384338,63.59400177001953,42.61008834838867,89.3665542602539,63.39903259277344
normal,C:\Users\Light\Videos\正常往返.mp4,1230,True,0.8450000882148743,63.5943603515625,42.668270111083984,88.9383544921875,63.53085708618164
normal,C:\Users\Light\Videos\正常往返.mp4,1231,True,0.8447861671447754,63.59364318847656,42.6785774230957,88.92644500732422,63.52637481689453
normal,C:\Users\Light\Videos\正常往返.mp4,1232,True,0.8416599035263062,63.0643424987793,42.573646545410156,89.2238998413086,63.53282928466797
normal,C:\Users\Light\Videos\正常往返.mp4,1233,True,0.8413311839103699,63.06265640258789,42.572593688964844,89.22664642333984,63.537872314453125
normal,C:\Users\Light\Videos\正常往返.mp4,1234,True,0.8395102024078369,62.731658935546875,42.60152816772461,88.80115509033203,63.524314880371094
normal,C:\Users\Light\Videos\正常往返.mp4,1235,True,0.8474267721176147,62.6028938293457,42.628578186035156,88.79637908935547,63.397579193115234
normal,C:\Users\Light\Videos\正常往返.mp4,1236,True,0.8375869989395142,62.98755645751953,42.30406188964844,88.3456802368164,63.46696472167969
normal,C:\Users\Light\Videos\正常往返.mp4,1237,True,0.8372300267219543,63.00813674926758,42.42992401123047,88.75346374511719,63.807884216308594
normal,C:\Users\Light\Videos\正常往返.mp4,1238,True,0.8369476795196533,63.02079772949219,42.430912017822266,88.77147674560547,63.82881546020508
normal,C:\Users\Light\Videos\正常往返.mp4,1239,True,0.8416891098022461,62.55052947998047,42.543190002441406,89.03359985351562,63.26992416381836
normal,C:\Users\Light\Videos\正常往返.mp4,1240,True,0.8540101051330566,62.83026885986328,42.63691711425781,88.83374786376953,63.26893615722656
normal,C:\Users\Light\Videos\正常往返.mp4,1241,True,0.8535898327827454,62.8427734375,42.63151550292969,88.83446502685547,63.25797653198242
normal,C:\Users\Light\Videos\正常往返.mp4,1242,True,0.8424966931343079,62.94093322753906,42.82328796386719,88.8831787109375,63.45808792114258
normal,C:\Users\Light\Videos\正常往返.mp4,1243,True,0.8425397872924805,62.929542541503906,42.81136703491211,88.88068389892578,63.46154022216797
normal,C:\Users\Light\Videos\正常往返.mp4,1244,True,0.8419082760810852,63.24422073364258,42.59292221069336,89.10506439208984,63.799705505371094
normal,C:\Users\Light\Videos\正常往返.mp4,1245,True,0.8372434973716736,63.58835220336914,42.484764099121094,89.21243286132812,63.36165237426758
normal,C:\Users\Light\Videos\正常往返.mp4,1246,True,0.836702287197113,63.57057571411133,42.482948303222656,89.23823547363281,63.357505798339844
normal,C:\Users\Light\Videos\正常往返.mp4,1247,True,0.8226446509361267,63.81418228149414,42.500274658203125,89.47175598144531,63.559410095214844
normal,C:\Users\Light\Videos\正常往返.mp4,1248,True,0.8255485892295837,64.03084564208984,42.992828369140625,89.29710388183594,63.667476654052734
normal,C:\Users\Light\Videos\正常往返.mp4,1249,True,0.8258984088897705,64.02677917480469,42.97954177856445,89.31526184082031,63.65755081176758
normal,C:\Users\Light\Videos\正常往返.mp4,1250,True,0.8274933099746704,64.14469909667969,42.52761459350586,89.39627838134766,63.482940673828125
normal,C:\Users\Light\Videos\正常往返.mp4,1251,True,0.8273712396621704,64.20021057128906,42.640052795410156,89.4944076538086,63.63468933105469
normal,C:\Users\Light\Videos\正常往返.mp4,1252,True,0.8281548619270325,64.17829895019531,42.6373176574707,89.49807739257812,63.617210388183594
normal,C:\Users\Light\Videos\正常往返.mp4,1253,True,0.8072047233581543,64.3013916015625,42.832767486572266,89.81539916992188,63.65214920043945
normal,C:\Users\Light\Videos\正常往返.mp4,1254,True,0.8098525404930115,64.32196807861328,42.85491180419922,89.78352355957031,63.64372253417969
normal,C:\Users\Light\Videos\正常往返.mp4,1255,True,0.8156688809394836,64.48937225341797,42.64581298828125,89.74838256835938,63.69840621948242
normal,C:\Users\Light\Videos\正常往返.mp4,1256,True,0.7790708541870117,64.42041778564453,42.766632080078125,90.02529907226562,63.62285614013672
normal,C:\Users\Light\Videos\正常往返.mp4,1257,True,0.7789306640625,64.43669128417969,42.75789260864258,90.00028228759766,63.61380386352539
normal,C:\Users\Light\Videos\正常往返.mp4,1258,True,0.7888834476470947,65.66768646240234,42.6533203125,90.6303939819336,63.458221435546875
normal,C:\Users\Light\Videos\正常往返.mp4,1259,True,0.7888064384460449,66.04515075683594,42.409664154052734,90.97106170654297,63.3614501953125
normal,C:\Users\Light\Videos\正常往返.mp4,1260,True,0.8178080320358276,66.73240661621094,42.262489318847656,91.52532196044922,63.17380142211914
normal,C:\Users\Light\Videos\正常往返.mp4,1261,True,0.8296234607696533,67.11022186279297,42.40092468261719,92.0015640258789,63.396949768066406
normal,C:\Users\Light\Videos\正常往返.mp4,1262,True,0.8315479755401611,67.10292053222656,42.40278244018555,92.05400085449219,63.3819580078125
normal,C:\Users\Light\Videos\正常往返.mp4,1263,True,0.8393444418907166,67.33666229248047,42.29144287109375,91.85913848876953,63.20257568359375
normal,C:\Users\Light\Videos\正常往返.mp4,1264,True,0.8564116954803467,67.62850189208984,42.29552459716797,92.64450073242188,63.45178985595703
normal,C:\Users\Light\Videos\正常往返.mp4,1265,True,0.8564567565917969,67.6272964477539,42.277191162109375,92.6357421875,63.455467224121094
normal,C:\Users\Light\Videos\正常往返.mp4,1266,True,0.859339714050293,67.82365417480469,41.95341491699219,92.90143585205078,63.4257698059082
normal,C:\Users\Light\Videos\正常往返.mp4,1267,True,0.8591850399971008,67.82151794433594,41.9488410949707,92.90332794189453,63.432987213134766
normal,C:\Users\Light\Videos\正常往返.mp4,1268,True,0.8535704612731934,68.17198944091797,42.17869186401367,93.3480224609375,63.884979248046875
normal,C:\Users\Light\Videos\正常往返.mp4,1269,True,0.8516601920127869,68.57500457763672,41.83716583251953,93.71540069580078,63.40114212036133
normal,C:\Users\Light\Videos\正常往返.mp4,1270,True,0.8511708378791809,68.5884017944336,41.83806228637695,93.71443939208984,63.397239685058594
normal,C:\Users\Light\Videos\正常往返.mp4,1271,True,0.8477033972740173,69.15884399414062,42.545230865478516,94.50100708007812,63.06743621826172
normal,C:\Users\Light\Videos\正常往返.mp4,1272,True,0.8359269499778748,69.98543548583984,42.459327697753906,94.52208709716797,63.13025665283203
normal,C:\Users\Light\Videos\正常往返.mp4,1273,True,0.8359812498092651,70.01329803466797,42.442138671875,94.48690032958984,63.07841873168945
normal,C:\Users\Light\Videos\正常往返.mp4,1274,True,0.8110384941101074,70.750732421875,42.29068374633789,95.10140991210938,63.44632339477539
normal,C:\Users\Light\Videos\正常往返.mp4,1275,True,0.7971704006195068,72.37191772460938,42.54399871826172,96.18879699707031,62.94298553466797
normal,C:\Users\Light\Videos\正常往返.mp4,1276,True,0.7978280186653137,72.36608123779297,42.54536437988281,96.20467376708984,62.94247055053711
normal,C:\Users\Light\Videos\正常往返.mp4,1277,True,0.8368163704872131,72.79619598388672,42.27665328979492,97.58982849121094,62.49751663208008
normal,C:\Users\Light\Videos\正常往返.mp4,1278,True,0.8362249135971069,72.8025131225586,42.28303909301758,97.57331085205078,62.48615264892578
normal,C:\Users\Light\Videos\正常往返.mp4,1279,True,0.8593069911003113,73.52034759521484,42.115875244140625,98.46890258789062,62.62118148803711
normal,C:\Users\Light\Videos\正常往返.mp4,1280,True,0.8435882925987244,74.4227066040039,41.972755432128906,99.07886505126953,62.182411193847656
normal,C:\Users\Light\Videos\正常往返.mp4,1281,True,0.8438184857368469,74.4048843383789,41.973201751708984,99.08699798583984,62.19061279296875
normal,C:\Users\Light\Videos\正常往返.mp4,1282,True,0.7922428846359253,76.91681671142578,42.25825500488281,102.51563262939453,62.98534393310547
normal,C:\Users\Light\Videos\正常往返.mp4,1283,True,0.7919818162918091,76.92146301269531,42.25933074951172,102.51988983154297,62.98404312133789
normal,C:\Users\Light\Videos\正常往返.mp4,1284,True,0.852408230304718,78.92652893066406,41.757808685302734,105.00825500488281,63.08323669433594
normal,C:\Users\Light\Videos\正常往返.mp4,1285,True,0.8443335294723511,79.81771087646484,42.431583404541016,106.2351303100586,63.07893371582031
normal,C:\Users\Light\Videos\正常往返.mp4,1286,True,0.8442455530166626,79.80728149414062,42.435752868652344,106.22039794921875,63.062034606933594
normal,C:\Users\Light\Videos\正常往返.mp4,1287,True,0.8454140424728394,81.18636322021484,42.40155029296875,107.2414321899414,62.926761627197266
normal,C:\Users\Light\Videos\正常往返.mp4,1288,True,0.8437350988388062,81.18917846679688,42.4124870300293,107.30934143066406,62.9561653137207
normal,C:\Users\Light\Videos\正常往返.mp4,1289,True,0.8386465907096863,83.88882446289062,42.4180908203125,109.5406265258789,62.84258270263672
normal,C:\Users\Light\Videos\正常往返.mp4,1290,True,0.8691307902336121,85.40279388427734,42.48877716064453,110.77030944824219,62.788570404052734
normal,C:\Users\Light\Videos\正常往返.mp4,1291,True,0.8684256076812744,85.41521453857422,42.52219009399414,110.76724243164062,62.783931732177734
normal,C:\Users\Light\Videos\正常往返.mp4,1292,True,0.839524507522583,86.86026000976562,42.81470489501953,112.3553466796875,62.4617919921875
normal,C:\Users\Light\Videos\正常往返.mp4,1293,True,0.8147540092468262,89.67373657226562,42.809078216552734,114.30864715576172,62.2494010925293
normal,C:\Users\Light\Videos\正常往返.mp4,1294,True,0.8137076497077942,89.6849594116211,42.81120681762695,114.30335235595703,62.2689208984375
normal,C:\Users\Light\Videos\正常往返.mp4,1295,True,0.8665192723274231,91.28103637695312,42.40507125854492,117.08763122558594,63.07030487060547
normal,C:\Users\Light\Videos\正常往返.mp4,1296,True,0.8297432065010071,92.96532440185547,42.55818557739258,118.77245330810547,62.670799255371094
normal,C:\Users\Light\Videos\正常往返.mp4,1297,True,0.8295250535011292,92.97731018066406,42.5777702331543,118.79535675048828,62.70186233520508
normal,C:\Users\Light\Videos\正常往返.mp4,1298,True,0.851862907409668,96.56110382080078,42.19590377807617,122.24950408935547,62.930747985839844
normal,C:\Users\Light\Videos\正常往返.mp4,1299,True,0.8519934415817261,96.56103515625,42.19527816772461,122.2499771118164,62.930973052978516
normal,C:\Users\Light\Videos\正常往返.mp4,1300,True,0.8364762663841248,97.86666870117188,42.26567077636719,124.17948913574219,62.587520599365234
normal,C:\Users\Light\Videos\正常往返.mp4,1301,True,0.782087504863739,101.2140121459961,42.819679260253906,126.63016510009766,63.510955810546875
normal,C:\Users\Light\Videos\正常往返.mp4,1302,True,0.7833172082901001,101.17378234863281,42.833194732666016,126.66864013671875,63.49246597290039
normal,C:\Users\Light\Videos\正常往返.mp4,1303,True,0.8519326448440552,103.19397735595703,42.15852355957031,129.3692169189453,63.3727912902832
normal,C:\Users\Light\Videos\正常往返.mp4,1304,True,0.7788928747177124,105.52346801757812,42.19843673706055,131.4992218017578,63.029335021972656
normal,C:\Users\Light\Videos\正常往返.mp4,1305,True,0.7795724272727966,105.5132064819336,42.2138557434082,131.4878387451172,63.01611328125
normal,C:\Users\Light\Videos\正常往返.mp4,1306,True,0.8269271850585938,108.40713500976562,41.49953842163086,135.1685791015625,62.87162780761719
normal,C:\Users\Light\Videos\正常往返.mp4,1307,True,0.8536038994789124,109.70602416992188,41.560543060302734,136.29872131347656,62.54769515991211
normal,C:\Users\Light\Videos\正常往返.mp4,1308,True,0.8116637468338013,113.31575012207031,42.251461029052734,138.36923217773438,63.57388687133789
normal,C:\Users\Light\Videos\正常往返.mp4,1309,True,0.8391727209091187,115.05379486083984,42.351707458496094,140.46482849121094,64.04181671142578
normal,C:\Users\Light\Videos\正常往返.mp4,1310,True,0.8393234014511108,115.05088806152344,42.359352111816406,140.45738220214844,64.03287506103516
normal,C:\Users\Light\Videos\正常往返.mp4,1311,True,0.8260533213615417,116.54439544677734,42.161705017089844,140.78265380859375,62.8438835144043
normal,C:\Users\Light\Videos\正常往返.mp4,1312,True,0.8263142704963684,116.54387664794922,42.166927337646484,140.78858947753906,62.83597183227539
normal,C:\Users\Light\Videos\正常往返.mp4,1313,True,0.7652470469474792,118.32829284667969,41.45756149291992,142.84140014648438,62.050498962402344
normal,C:\Users\Light\Videos\正常往返.mp4,1314,True,0.8214472532272339,120.42645263671875,41.87430191040039,144.79937744140625,62.60408020019531
normal,C:\Users\Light\Videos\正常往返.mp4,1315,True,0.8212319016456604,120.43476867675781,41.85150909423828,144.8119354248047,62.57205581665039
normal,C:\Users\Light\Videos\正常往返.mp4,1316,True,0.8289309144020081,121.77210998535156,41.7286491394043,145.96714782714844,62.48733901977539
normal,C:\Users\Light\Videos\正常往返.mp4,1317,True,0.8197640180587769,121.847412109375,41.566551208496094,147.51239013671875,62.00583267211914
normal,C:\Users\Light\Videos\正常往返.mp4,1318,True,0.8222260475158691,121.84423828125,41.59330749511719,147.5142059326172,62.02317810058594
normal,C:\Users\Light\Videos\正常往返.mp4,1319,True,0.806164026260376,123.70962524414062,41.747074127197266,147.30690002441406,62.41781997680664
normal,C:\Users\Light\Videos\正常往返.mp4,1320,True,0.7796028256416321,124.4730224609375,41.187889099121094,148.34361267089844,62.99587631225586
normal,C:\Users\Light\Videos\正常往返.mp4,1321,True,0.781342625617981,124.47589111328125,41.125606536865234,148.35104370117188,62.9862174987793
normal,C:\Users\Light\Videos\正常往返.mp4,1322,True,0.7736971974372864,124.86257934570312,40.79911804199219,149.02667236328125,62.5272331237793
normal,C:\Users\Light\Videos\正常往返.mp4,1323,True,0.7734717130661011,124.86385345458984,40.81254196166992,149.01815795898438,62.52671813964844
normal,C:\Users\Light\Videos\正常往返.mp4,1324,True,0.7715821266174316,125.34449005126953,40.63134765625,149.55532836914062,62.54570007324219
normal,C:\Users\Light\Videos\正常往返.mp4,1325,True,0.7748764753341675,125.33837127685547,40.59354019165039,149.65542602539062,62.56477355957031
normal,C:\Users\Light\Videos\正常往返.mp4,1326,True,0.7747623920440674,125.32884979248047,40.602684020996094,149.66481018066406,62.562442779541016
normal,C:\Users\Light\Videos\正常往返.mp4,1327,True,0.7633474469184875,125.23534393310547,40.97343444824219,149.33509826660156,61.69971466064453
normal,C:\Users\Light\Videos\正常往返.mp4,1328,True,0.7691743969917297,124.76923370361328,41.178428649902344,148.69601440429688,62.60188674926758
normal,C:\Users\Light\Videos\正常往返.mp4,1329,True,0.7689828276634216,124.77336120605469,41.17255783081055,148.67498779296875,62.593727111816406
normal,C:\Users\Light\Videos\正常往返.mp4,1330,True,0.7638384699821472,124.3386001586914,41.30489730834961,148.11935424804688,61.84754180908203
normal,C:\Users\Light\Videos\正常往返.mp4,1331,True,0.8171963691711426,122.96957397460938,41.82667922973633,147.40354919433594,62.1909294128418
normal,C:\Users\Light\Videos\正常往返.mp4,1332,True,0.806398868560791,121.72661590576172,41.360992431640625,146.79197692871094,61.821163177490234
normal,C:\Users\Light\Videos\正常往返.mp4,1333,True,0.806432843208313,121.72037506103516,41.35323715209961,146.79461669921875,61.82582473754883
normal,C:\Users\Light\Videos\正常往返.mp4,1334,True,0.8343424201011658,120.65778350830078,41.59310531616211,145.67041015625,62.164573669433594
normal,C:\Users\Light\Videos\正常往返.mp4,1335,True,0.7757939100265503,119.61485290527344,41.416324615478516,144.5351104736328,62.31114196777344
normal,C:\Users\Light\Videos\正常往返.mp4,1336,True,0.7762147188186646,119.60608673095703,41.42466354370117,144.53729248046875,62.30379104614258
normal,C:\Users\Light\Videos\正常往返.mp4,1337,True,0.773408830165863,117.6497573852539,41.191001892089844,142.51358032226562,61.826473236083984
normal,C:\Users\Light\Videos\正常往返.mp4,1338,True,0.8294928669929504,115.68330383300781,41.777889251708984,141.2921905517578,62.70708465576172
normal,C:\Users\Light\Videos\正常往返.mp4,1339,True,0.8297988176345825,115.69058227539062,41.78734588623047,141.27146911621094,62.713626861572266
normal,C:\Users\Light\Videos\正常往返.mp4,1340,True,0.851769745349884,114.69435119628906,41.72470474243164,139.51480102539062,63.02561569213867
normal,C:\Users\Light\Videos\正常往返.mp4,1341,True,0.7895686626434326,112.92504119873047,42.31437301635742,137.3661346435547,63.218017578125
normal,C:\Users\Light\Videos\正常往返.mp4,1342,True,0.7883774042129517,112.95439147949219,42.31840515136719,137.3682098388672,63.2719841003418
normal,C:\Users\Light\Videos\正常往返.mp4,1343,True,0.8579866886138916,109.9450912475586,41.65996170043945,135.9772186279297,62.26401138305664
normal,C:\Users\Light\Videos\正常往返.mp4,1344,True,0.8511173129081726,109.08195495605469,41.043983459472656,135.13243103027344,62.494869232177734
normal,C:\Users\Light\Videos\正常往返.mp4,1345,True,0.8509891629219055,109.10359191894531,41.04887008666992,135.17303466796875,62.56730270385742
normal,C:\Users\Light\Videos\正常往返.mp4,1346,True,0.8083951473236084,107.04899597167969,41.821746826171875,133.55169677734375,62.78213882446289
normal,C:\Users\Light\Videos\正常往返.mp4,1347,True,0.8086983561515808,107.06017303466797,41.81648254394531,133.54470825195312,62.78189468383789
normal,C:\Users\Light\Videos\正常往返.mp4,1348,True,0.8261975049972534,104.31121826171875,42.12714767456055,130.4664306640625,62.97409439086914
normal,C:\Users\Light\Videos\正常往返.mp4,1349,True,0.8315306305885315,103.40795135498047,41.677330017089844,129.05332946777344,62.97720718383789
normal,C:\Users\Light\Videos\正常往返.mp4,1350,True,0.8311193585395813,103.40707397460938,41.67506408691406,129.06228637695312,62.980098724365234
normal,C:\Users\Light\Videos\正常往返.mp4,1351,True,0.8095912933349609,102.12169647216797,42.163631439208984,127.20606994628906,62.922142028808594
normal,C:\Users\Light\Videos\正常往返.mp4,1352,True,0.7962406277656555,99.37916564941406,42.708587646484375,124.5291748046875,62.748680114746094
normal,C:\Users\Light\Videos\正常往返.mp4,1353,True,0.7959532737731934,99.36919403076172,42.701595306396484,124.53260803222656,62.766204833984375
normal,C:\Users\Light\Videos\正常往返.mp4,1354,True,0.8486262559890747,96.8774185180664,42.138553619384766,122.04711151123047,62.79549789428711
normal,C:\Users\Light\Videos\正常往返.mp4,1355,True,0.8495786190032959,96.8980484008789,42.13945007324219,121.99252319335938,62.78859329223633
normal,C:\Users\Light\Videos\正常往返.mp4,1356,True,0.7652873396873474,94.5684585571289,42.550743103027344,119.79224395751953,62.86125183105469
normal,C:\Users\Light\Videos\正常往返.mp4,1357,True,0.7614940404891968,94.5848388671875,42.59747314453125,119.77550506591797,62.8990592956543
normal,C:\Users\Light\Videos\正常往返.mp4,1358,True,0.8223133087158203,92.54317474365234,42.48862075805664,118.20161437988281,62.730953216552734
normal,C:\Users\Light\Videos\正常往返.mp4,1359,True,0.8578532338142395,91.661376953125,42.33592987060547,116.77163696289062,63.178035736083984
normal,C:\Users\Light\Videos\正常往返.mp4,1360,True,0.857851505279541,91.66234588623047,42.344154357910156,116.77503967285156,63.154930114746094
normal,C:\Users\Light\Videos\正常往返.mp4,1361,True,0.8535742163658142,90.57242584228516,42.349693298339844,116.14144134521484,62.78395462036133
normal,C:\Users\Light\Videos\正常往返.mp4,1362,True,0.8133673667907715,89.73289489746094,43.06829071044922,114.60287475585938,63.154415130615234
normal,C:\Users\Light\Videos\正常往返.mp4,1363,True,0.8129290342330933,89.72468566894531,43.062686920166016,114.59789276123047,63.16691970825195
normal,C:\Users\Light\Videos\正常往返.mp4,1364,True,0.79326993227005,88.75312805175781,42.949127197265625,113.34090423583984,62.654754638671875
normal,C:\Users\Light\Videos\正常往返.mp4,1365,True,0.82715904712677,87.9740982055664,42.68982696533203,112.27034759521484,62.330326080322266
normal,C:\Users\Light\Videos\正常往返.mp4,1366,True,0.8276386857032776,87.971435546875,42.69343566894531,112.28006744384766,62.33357620239258
normal,C:\Users\Light\Videos\正常往返.mp4,1367,True,0.8346479535102844,87.1545639038086,42.97734451293945,112.1133804321289,62.817481994628906
normal,C:\Users\Light\Videos\正常往返.mp4,1368,True,0.8348371386528015,87.12613677978516,42.9814453125,112.12416076660156,62.8288459777832
normal,C:\Users\Light\Videos\正常往返.mp4,1369,True,0.840030312538147,86.910888671875,42.72846603393555,111.39266204833984,63.597599029541016
normal,C:\Users\Light\Videos\正常往返.mp4,1370,True,0.8345297574996948,86.80194091796875,42.66141128540039,111.37838745117188,62.0073356628418
normal,C:\Users\Light\Videos\正常往返.mp4,1371,True,0.8347737789154053,86.779052734375,42.65367889404297,111.40289306640625,62.00126266479492
normal,C:\Users\Light\Videos\正常往返.mp4,1372,True,0.8393005728721619,86.77940368652344,42.7242317199707,111.02498626708984,63.01626968383789
normal,C:\Users\Light\Videos\正常往返.mp4,1373,True,0.843316912651062,86.77395629882812,42.674476623535156,110.73800659179688,62.97135925292969
normal,C:\Users\Light\Videos\正常往返.mp4,1374,True,0.8433294892311096,86.78983306884766,42.6864013671875,110.72720336914062,62.9964599609375
normal,C:\Users\Light\Videos\正常往返.mp4,1375,True,0.8400839567184448,86.6738052368164,42.55946350097656,111.48734283447266,62.17414093017578
normal,C:\Users\Light\Videos\正常往返.mp4,1376,True,0.840690553188324,86.77681732177734,42.81660842895508,111.36709594726562,62.347740173339844
normal,C:\Users\Light\Videos\正常往返.mp4,1377,True,0.8404449820518494,86.79759979248047,42.811744689941406,111.34986114501953,62.352020263671875
normal,C:\Users\Light\Videos\正常往返.mp4,1378,True,0.8400288224220276,86.48394012451172,42.6865348815918,111.73411560058594,62.45361328125
normal,C:\Users\Light\Videos\正常往返.mp4,1379,True,0.8544092774391174,86.83556365966797,42.46701431274414,111.96253967285156,62.149375915527344
normal,C:\Users\Light\Videos\正常往返.mp4,1380,True,0.8358561396598816,87.37259674072266,42.87398147583008,112.38825225830078,62.77530288696289
normal,C:\Users\Light\Videos\正常往返.mp4,1381,True,0.8363662958145142,87.37921142578125,42.8783073425293,112.37095642089844,62.773983001708984
normal,C:\Users\Light\Videos\正常往返.mp4,1382,True,0.8129879236221313,88.32247161865234,42.86654281616211,112.66702270507812,62.51044845581055
normal,C:\Users\Light\Videos\正常往返.mp4,1383,True,0.7898737192153931,88.92556762695312,42.983665466308594,113.22383880615234,62.7855224609375
normal,C:\Users\Light\Videos\正常往返.mp4,1384,True,0.7893157005310059,88.90108489990234,42.99350357055664,113.24456024169922,62.789581298828125
normal,C:\Users\Light\Videos\正常往返.mp4,1385,True,0.8245445489883423,90.03648376464844,42.582008361816406,114.77518463134766,62.59323501586914
normal,C:\Users\Light\Videos\正常往返.mp4,1386,True,0.8493502736091614,90.5304946899414,42.34733963012695,115.57870483398438,62.800785064697266
normal,C:\Users\Light\Videos\正常往返.mp4,1387,True,0.8496660590171814,90.52559661865234,42.34915542602539,115.5892105102539,62.79206848144531
normal,C:\Users\Light\Videos\正常往返.mp4,1388,True,0.857452392578125,91.2454833984375,42.124637603759766,116.79950714111328,62.925010681152344
normal,C:\Users\Light\Videos\正常往返.mp4,1389,True,0.8360331654548645,92.4469985961914,42.35820770263672,117.01915740966797,63.19022750854492
normal,C:\Users\Light\Videos\正常往返.mp4,1390,True,0.8356184959411621,92.46110534667969,42.36475372314453,117.01040649414062,63.18135452270508
normal,C:\Users\Light\Videos\正常往返.mp4,1391,True,0.8239825963973999,92.85591125488281,42.53491973876953,118.55821228027344,62.996124267578125
normal,C:\Users\Light\Videos\正常往返.mp4,1392,True,0.8240311145782471,92.86354064941406,42.537139892578125,118.55087280273438,62.99332046508789
normal,C:\Users\Light\Videos\正常往返.mp4,1393,True,0.7784382700920105,94.6505355834961,42.49693298339844,120.4474105834961,63.247154235839844
normal,C:\Users\Light\Videos\正常往返.mp4,1394,True,0.8369377851486206,96.38195037841797,42.080936431884766,122.05773162841797,62.8242073059082
normal,C:\Users\Light\Videos\正常往返.mp4,1395,True,0.8371171355247498,96.37578582763672,42.08974075317383,122.05782318115234,62.8198356628418
normal,C:\Users\Light\Videos\正常往返.mp4,1396,True,0.8436909914016724,97.52996826171875,41.758750915527344,122.94165802001953,62.85490798950195
normal,C:\Users\Light\Videos\正常往返.mp4,1397,True,0.846750795841217,98.20558166503906,42.4592399597168,124.03595733642578,62.68220901489258
normal,C:\Users\Light\Videos\正常往返.mp4,1398,True,0.8466179370880127,98.20639038085938,42.459999084472656,124.04120635986328,62.69498062133789
normal,C:\Users\Light\Videos\正常往返.mp4,1399,True,0.7939551472663879,99.95835876464844,42.593929290771484,125.2725601196289,63.006141662597656
normal,C:\Users\Light\Videos\正常往返.mp4,1400,True,0.8225585222244263,102.32113647460938,42.425777435302734,127.40727233886719,63.35076141357422
normal,C:\Users\Light\Videos\正常往返.mp4,1401,True,0.8225817680358887,102.31936645507812,42.429161071777344,127.4102783203125,63.353023529052734
normal,C:\Users\Light\Videos\正常往返.mp4,1402,True,0.8340444564819336,103.57476043701172,42.0854377746582,129.41806030273438,63.37532424926758
normal,C:\Users\Light\Videos\正常往返.mp4,1403,True,0.8337652087211609,103.581298828125,42.07075881958008,129.435302734375,63.37736129760742
normal,C:\Users\Light\Videos\正常往返.mp4,1404,True,0.7778719663619995,106.82896423339844,42.27268600463867,132.58486938476562,63.312278747558594
normal,C:\Users\Light\Videos\正常往返.mp4,1405,True,0.7765495777130127,106.8660659790039,42.32355880737305,132.58163452148438,63.324249267578125
normal,C:\Users\Light\Videos\正常往返.mp4,1406,True,0.8189593553543091,108.93435668945312,41.51887893676758,135.11880493164062,63.5518798828125
normal,C:\Users\Light\Videos\正常往返.mp4,1407,True,0.851370632648468,109.3547592163086,41.566436767578125,135.86439514160156,62.73211669921875
normal,C:\Users\Light\Videos\正常往返.mp4,1408,True,0.8525331616401672,109.3763198852539,41.56224822998047,135.87811279296875,62.73124313354492
normal,C:\Users\Light\Videos\正常往返.mp4,1409,True,0.801593542098999,111.71055603027344,41.54658126831055,136.86830139160156,62.94856643676758
normal,C:\Users\Light\Videos\正常往返.mp4,1410,True,0.801952600479126,114.23015594482422,42.355831146240234,138.73194885253906,63.816402435302734
normal,C:\Users\Light\Videos\正常往返.mp4,1411,True,0.8023009896278381,114.24820709228516,42.354129791259766,138.7235107421875,63.83329772949219
normal,C:\Users\Light\Videos\正常往返.mp4,1412,True,0.8321069478988647,115.5467300415039,42.11237716674805,140.1197052001953,64.20306396484375
normal,C:\Users\Light\Videos\正常往返.mp4,1413,True,0.8315491080284119,115.5420150756836,42.11715316772461,140.13174438476562,64.21119689941406
normal,C:\Users\Light\Videos\正常往返.mp4,1414,True,0.8259202241897583,115.86830139160156,41.54664993286133,140.7097625732422,62.95634460449219
normal,C:\Users\Light\Videos\正常往返.mp4,1415,True,0.815618097782135,116.70377349853516,41.97797775268555,141.67050170898438,62.78641891479492
normal,C:\Users\Light\Videos\正常往返.mp4,1416,True,0.8159452080726624,116.69856262207031,41.96103286743164,141.68614196777344,62.77113723754883
normal,C:\Users\Light\Videos\正常往返.mp4,1417,True,0.7462568879127502,118.41030883789062,42.75753402709961,143.00856018066406,63.418418884277344
normal,C:\Users\Light\Videos\正常往返.mp4,1418,True,0.7995818853378296,120.3211898803711,42.36452865600586,143.7273712158203,62.3103141784668
normal,C:\Users\Light\Videos\正常往返.mp4,1419,True,0.7984358072280884,120.32015991210938,42.36822509765625,143.7261199951172,62.317283630371094
normal,C:\Users\Light\Videos\正常往返.mp4,1420,True,0.8497084379196167,120.93952178955078,42.24982833862305,145.87144470214844,62.671852111816406
normal,C:\Users\Light\Videos\正常往返.mp4,1421,True,0.8184009194374084,122.16703033447266,42.583106994628906,146.27577209472656,62.605491638183594
normal,C:\Users\Light\Videos\正常往返.mp4,1422,True,0.8181641101837158,122.1512222290039,42.571834564208984,146.29725646972656,62.61371994018555
normal,C:\Users\Light\Videos\正常往返.mp4,1423,True,0.7968164682388306,123.06840515136719,42.083961486816406,147.6187744140625,62.089359283447266
normal,C:\Users\Light\Videos\正常往返.mp4,1424,True,0.796667218208313,123.07548522949219,42.0854606628418,147.6156463623047,62.083824157714844
normal,C:\Users\Light\Videos\正常往返.mp4,1425,True,0.7660114765167236,124.39280700683594,41.90821075439453,149.21717834472656,62.36421203613281
normal,C:\Users\Light\Videos\正常往返.mp4,1426,True,0.777785062789917,125.58220672607422,41.5415153503418,150.0411376953125,62.496124267578125
normal,C:\Users\Light\Videos\正常往返.mp4,1427,True,0.7787048816680908,125.51203918457031,41.5357551574707,150.05374145507812,62.47624588012695
normal,C:\Users\Light\Videos\正常往返.mp4,1428,True,0.8138303756713867,126.6644287109375,41.75527572631836,150.98941040039062,62.906253814697266
normal,C:\Users\Light\Videos\正常往返.mp4,1429,True,0.8143120408058167,126.63717651367188,41.77941131591797,150.98780822753906,62.9264030456543
normal,C:\Users\Light\Videos\正常往返.mp4,1430,True,0.8224873542785645,126.9681396484375,41.442771911621094,151.83456420898438,62.908897399902344
normal,C:\Users\Light\Videos\正常往返.mp4,1431,True,0.8046740293502808,127.7348861694336,41.37522506713867,152.3438262939453,63.149864196777344
normal,C:\Users\Light\Videos\正常往返.mp4,1432,True,0.8049805164337158,127.72882080078125,41.365966796875,152.36074829101562,63.13231658935547
normal,C:\Users\Light\Videos\正常往返.mp4,1433,True,0.8056702017784119,127.64986419677734,41.87028884887695,152.55747985839844,63.10921096801758
normal,C:\Users\Light\Videos\正常往返.mp4,1434,True,0.8050805330276489,127.50214385986328,41.135108947753906,152.91183471679688,62.04642105102539
normal,C:\Users\Light\Videos\正常往返.mp4,1435,True,0.8057786822319031,127.49291229248047,41.14165115356445,152.94171142578125,62.0465087890625
normal,C:\Users\Light\Videos\正常往返.mp4,1436,True,0.7996498942375183,127.35462188720703,41.003597259521484,153.01097106933594,62.056907653808594
normal,C:\Users\Light\Videos\正常往返.mp4,1437,True,0.8004149198532104,127.34658813476562,41.03009033203125,153.01687622070312,62.046600341796875
normal,C:\Users\Light\Videos\正常往返.mp4,1438,True,0.8064908981323242,127.08087921142578,41.108909606933594,153.29095458984375,62.131290435791016
normal,C:\Users\Light\Videos\正常往返.mp4,1439,True,0.8103944063186646,127.28702545166016,41.24001693725586,153.14410400390625,62.085304260253906
normal,C:\Users\Light\Videos\正常往返.mp4,1440,True,0.8110588788986206,127.28228759765625,41.23584747314453,153.1529998779297,62.082881927490234
normal,C:\Users\Light\Videos\正常往返.mp4,1441,True,0.8048405051231384,127.77821350097656,41.549339294433594,152.4644317626953,62.9080696105957
normal,C:\Users\Light\Videos\正常往返.mp4,1442,True,0.8204053640365601,127.57632446289062,41.65937805175781,152.13528442382812,63.004974365234375
normal,C:\Users\Light\Videos\正常往返.mp4,1443,True,0.8194829821586609,127.58903503417969,41.649627685546875,152.11476135253906,63.01154327392578
normal,C:\Users\Light\Videos\正常往返.mp4,1444,True,0.838352382183075,126.9708480834961,41.69680404663086,152.00267028808594,62.95732879638672
normal,C:\Users\Light\Videos\正常往返.mp4,1445,True,0.8040310740470886,126.63822937011719,41.28618240356445,151.26499938964844,62.50385665893555
normal,C:\Users\Light\Videos\正常往返.mp4,1446,True,0.8042380213737488,126.64042663574219,41.2934455871582,151.25924682617188,62.49794006347656
normal,C:\Users\Light\Videos\正常往返.mp4,1447,True,0.8125702738761902,126.43751525878906,41.261375427246094,150.76412963867188,62.43879699707031
normal,C:\Users\Light\Videos\正常往返.mp4,1448,True,0.8126619458198547,126.43218231201172,41.25274658203125,150.7775115966797,62.44536590576172
normal,C:\Users\Light\Videos\正常往返.mp4,1449,True,0.7900537848472595,125.88534545898438,41.20200729370117,150.33749389648438,62.37763595581055
normal,C:\Users\Light\Videos\正常往返.mp4,1450,True,0.7644345760345459,125.26631927490234,41.56903839111328,149.21710205078125,62.445743560791016
normal,C:\Users\Light\Videos\正常往返.mp4,1451,True,0.7715470194816589,124.41873168945312,41.578495025634766,148.7275390625,62.38093185424805
normal,C:\Users\Light\Videos\正常往返.mp4,1452,True,0.8214455842971802,123.18260192871094,42.1253547668457,147.58425903320312,62.08073043823242
normal,C:\Users\Light\Videos\正常往返.mp4,1453,True,0.8202985525131226,123.16944885253906,42.130104064941406,147.57191467285156,62.08319854736328
normal,C:\Users\Light\Videos\正常往返.mp4,1454,True,0.8090896010398865,122.87139892578125,42.35697555541992,146.55126953125,62.38191604614258
normal,C:\Users\Light\Videos\正常往返.mp4,1455,True,0.8273918628692627,121.69566345214844,42.334991455078125,146.29689025878906,62.45966339111328
normal,C:\Users\Light\Videos\正常往返.mp4,1456,True,0.8267009258270264,121.69621276855469,42.32196807861328,146.3030242919922,62.47084426879883
normal,C:\Users\Light\Videos\正常往返.mp4,1457,True,0.8347755074501038,121.209716796875,42.0828857421875,145.74400329589844,62.63480758666992
normal,C:\Users\Light\Videos\正常往返.mp4,1458,True,0.8349024057388306,121.23817443847656,42.0669059753418,145.7220458984375,62.59619140625
normal,C:\Users\Light\Videos\正常往返.mp4,1459,True,0.8109002113342285,120.78462982177734,42.06089782714844,144.5242156982422,62.36540222167969
normal,C:\Users\Light\Videos\正常往返.mp4,1460,True,0.803455114364624,120.0124282836914,42.31999588012695,144.05812072753906,62.428802490234375
normal,C:\Users\Light\Videos\正常往返.mp4,1461,True,0.8031721711158752,120.02783203125,42.30110549926758,144.06549072265625,62.430572509765625
normal,C:\Users\Light\Videos\正常往返.mp4,1462,True,0.7589351534843445,119.31819915771484,42.15928649902344,143.14356994628906,62.050880432128906
normal,C:\Users\Light\Videos\正常往返.mp4,1463,True,0.7433460354804993,118.75019073486328,42.673377990722656,142.59674072265625,63.01068878173828
normal,C:\Users\Light\Videos\正常往返.mp4,1464,True,0.7433289289474487,118.7413558959961,42.68523406982422,142.60787963867188,63.006187438964844
normal,C:\Users\Light\Videos\正常往返.mp4,1465,True,0.7576195001602173,117.98655700683594,42.45986557006836,141.78981018066406,63.254638671875
normal,C:\Users\Light\Videos\正常往返.mp4,1466,True,0.7566001415252686,117.49219512939453,42.17692184448242,141.7948760986328,62.94955062866211
normal,C:\Users\Light\Videos\正常往返.mp4,1467,True,0.7544421553611755,117.53665924072266,42.15583419799805,141.7615509033203,62.949798583984375
normal,C:\Users\Light\Videos\正常往返.mp4,1468,True,0.78263920545578,117.5316390991211,42.333106994628906,141.6315460205078,62.99592208862305
normal,C:\Users\Light\Videos\正常往返.mp4,1469,True,0.7794880867004395,117.57180786132812,42.33620071411133,141.6021270751953,62.99977493286133
normal,C:\Users\Light\Videos\正常往返.mp4,1470,True,0.7348898649215698,117.98094940185547,42.19413375854492,141.4994659423828,63.0113639831543
normal,C:\Users\Light\Videos\正常往返.mp4,1471,True,0.7546712160110474,118.35743713378906,42.255027770996094,141.28057861328125,63.11748123168945
normal,C:\Users\Light\Videos\正常往返.mp4,1472,True,0.7541202306747437,118.3071060180664,42.265445709228516,141.3285369873047,63.145694732666016
normal,C:\Users\Light\Videos\正常往返.mp4,1473,True,0.7479029893875122,119.03091430664062,42.353477478027344,141.96224975585938,63.51230239868164
normal,C:\Users\Light\Videos\正常往返.mp4,1474,True,0.7542628645896912,118.8261489868164,42.44861602783203,143.1804656982422,62.92832946777344
normal,C:\Users\Light\Videos\正常往返.mp4,1475,True,0.7825460433959961,120.73033142089844,42.26618576049805,143.2960662841797,62.56418991088867
normal,C:\Users\Light\Videos\正常往返.mp4,1476,True,0.8190807104110718,121.61492919921875,42.15119552612305,144.14404296875,62.31871795654297
normal,C:\Users\Light\Videos\正常往返.mp4,1477,True,0.8187023401260376,121.61483764648438,42.143306732177734,144.14234924316406,62.32557678222656
normal,C:\Users\Light\Videos\正常往返.mp4,1478,True,0.8330978751182556,121.9124755859375,42.72091293334961,145.68504333496094,62.59462356567383
normal,C:\Users\Light\Videos\正常往返.mp4,1479,True,0.799104630947113,122.86112213134766,42.32423400878906,147.21295166015625,62.304039001464844
normal,C:\Users\Light\Videos\正常往返.mp4,1480,True,0.7993898391723633,122.87364196777344,42.3126220703125,147.2132110595703,62.28951644897461
normal,C:\Users\Light\Videos\正常往返.mp4,1481,True,0.7480306625366211,125.28916931152344,42.05635070800781,148.57135009765625,62.18891143798828
normal,C:\Users\Light\Videos\正常往返.mp4,1482,True,0.7462390065193176,125.33717346191406,42.05377197265625,148.5693817138672,62.20399475097656
normal,C:\Users\Light\Videos\正常往返.mp4,1483,True,0.8470059633255005,126.29288482666016,42.072418212890625,150.77239990234375,62.6086540222168
normal,C:\Users\Light\Videos\正常往返.mp4,1484,True,0.8067070245742798,128.19049072265625,42.260921478271484,152.40301513671875,62.94578552246094
normal,C:\Users\Light\Videos\正常往返.mp4,1485,True,0.8035129308700562,128.233154296875,42.24904251098633,152.4191436767578,62.97214126586914
normal,C:\Users\Light\Videos\正常往返.mp4,1486,True,0.7502952218055725,129.64183044433594,41.91878890991211,155.1915283203125,62.180484771728516
normal,C:\Users\Light\Videos\正常往返.mp4,1487,True,0.8062871098518372,132.2411346435547,41.565696716308594,156.4609375,62.307132720947266
normal,C:\Users\Light\Videos\正常往返.mp4,1488,True,0.8058294653892517,132.25831604003906,41.568119049072266,156.42691040039062,62.29915237426758
normal,C:\Users\Light\Videos\正常往返.mp4,1489,True,0.817822277545929,134.27874755859375,42.33048629760742,159.0790557861328,63.00360870361328
normal,C:\Users\Light\Videos\正常往返.mp4,1490,True,0.7904152870178223,137.20355224609375,42.49565505981445,161.26589965820312,63.63381576538086
normal,C:\Users\Light\Videos\正常往返.mp4,1491,True,0.7896760106086731,137.21389770507812,42.48765563964844,161.26089477539062,63.634422302246094
normal,C:\Users\Light\Videos\正常往返.mp4,1492,True,0.814784824848175,139.86891174316406,41.965919494628906,163.7611541748047,63.87108612060547
normal,C:\Users\Light\Videos\正常往返.mp4,1493,True,0.814926266670227,139.87173461914062,41.9636116027832,163.75900268554688,63.87617111206055
normal,C:\Users\Light\Videos\正常往返.mp4,1494,True,0.7970481514930725,142.5204620361328,41.6584358215332,166.47894287109375,63.82998275756836
normal,C:\Users\Light\Videos\正常往返.mp4,1495,True,0.823208749294281,144.83285522460938,41.6079216003418,168.3984375,64.03450775146484
normal,C:\Users\Light\Videos\正常往返.mp4,1496,True,0.8234159350395203,144.82749938964844,41.60590362548828,168.404541015625,64.03544616699219
normal,C:\Users\Light\Videos\正常往返.mp4,1497,True,0.8497832417488098,146.7855682373047,41.61888122558594,170.7163543701172,63.447486877441406
normal,C:\Users\Light\Videos\正常往返.mp4,1498,True,0.8119561672210693,149.32102966308594,41.24335479736328,172.73165893554688,63.58814239501953
normal,C:\Users\Light\Videos\正常往返.mp4,1499,True,0.8359596133232117,151.08203125,40.85252380371094,174.65591430664062,63.65633773803711
normal,C:\Users\Light\Videos\正常往返.mp4,1500,True,0.8218096494674683,152.54307556152344,41.09111404418945,176.24221801757812,62.40457534790039
normal,C:\Users\Light\Videos\正常往返.mp4,1501,True,0.8218681812286377,152.54486083984375,41.09084701538086,176.23719787597656,62.40721893310547
normal,C:\Users\Light\Videos\正常往返.mp4,1502,True,0.8120090365409851,154.2461700439453,40.5545654296875,177.60108947753906,62.820777893066406
normal,C:\Users\Light\Videos\正常往返.mp4,1503,True,0.8115885853767395,154.22877502441406,40.543426513671875,177.5748291015625,62.80264663696289
normal,C:\Users\Light\Videos\正常往返.mp4,1504,True,0.8035516142845154,155.5657958984375,40.77634811401367,179.07437133789062,62.88801193237305
normal,C:\Users\Light\Videos\正常往返.mp4,1505,True,0.8326809406280518,157.12828063964844,40.5249137878418,179.868896484375,62.41183853149414
normal,C:\Users\Light\Videos\正常往返.mp4,1506,True,0.8328783512115479,157.13552856445312,40.53889846801758,179.88665771484375,62.42555236816406
normal,C:\Users\Light\Videos\正常往返.mp4,1507,True,0.8239300847053528,157.26597595214844,40.41658020019531,179.94918823242188,62.12739181518555
normal,C:\Users\Light\Videos\正常往返.mp4,1508,True,0.8255664706230164,157.38143920898438,40.572044372558594,179.90379333496094,62.053096771240234
normal,C:\Users\Light\Videos\正常往返.mp4,1509,True,0.8253280520439148,157.38475036621094,40.56978225708008,179.9021759033203,62.05002975463867
normal,C:\Users\Light\Videos\正常往返.mp4,1510,True,0.8283674120903015,157.0196533203125,40.70095443725586,179.75473022460938,62.48966979980469
normal,C:\Users\Light\Videos\正常往返.mp4,1511,True,0.8193278908729553,156.5835723876953,41.014984130859375,179.24327087402344,62.198997497558594
normal,C:\Users\Light\Videos\正常往返.mp4,1512,True,0.8182802200317383,156.5860595703125,41.00104522705078,179.24493408203125,62.228084564208984
normal,C:\Users\Light\Videos\正常往返.mp4,1513,True,0.805500328540802,154.9986114501953,40.97755813598633,178.0468292236328,62.949371337890625
normal,C:\Users\Light\Videos\正常往返.mp4,1514,True,0.8053764700889587,155.0064697265625,40.98073959350586,178.03672790527344,62.9482536315918
normal,C:\Users\Light\Videos\正常往返.mp4,1515,True,0.8173616528511047,153.51368713378906,41.46939468383789,176.64329528808594,63.25519943237305
normal,C:\Users\Light\Videos\正常往返.mp4,1516,True,0.8243253231048584,151.51837158203125,40.52065658569336,174.97203063964844,63.003318786621094
normal,C:\Users\Light\Videos\正常往返.mp4,1517,True,0.8241114020347595,151.51498413085938,40.518707275390625,174.9750518798828,62.99540710449219
normal,C:\Users\Light\Videos\正常往返.mp4,1518,True,0.8078384399414062,149.15081787109375,40.5705680847168,173.2228240966797,62.768558502197266
normal,C:\Users\Light\Videos\正常往返.mp4,1519,True,0.8398794531822205,146.39610290527344,41.01664352416992,171.05606079101562,62.74704360961914
normal,C:\Users\Light\Videos\正常往返.mp4,1520,True,0.839662492275238,146.4049530029297,41.01406478881836,171.05650329589844,62.75477600097656
normal,C:\Users\Light\Videos\正常往返.mp4,1521,True,0.8232230544090271,143.80459594726562,40.20756912231445,168.2263946533203,62.51035690307617
normal,C:\Users\Light\Videos\正常往返.mp4,1522,True,0.828773558139801,140.0295867919922,41.02309799194336,165.54495239257812,62.70683670043945
normal,C:\Users\Light\Videos\正常往返.mp4,1523,True,0.7738230228424072,136.55746459960938,40.76370620727539,161.11912536621094,62.36869430541992
normal,C:\Users\Light\Videos\正常往返.mp4,1524,True,0.8240046501159668,132.7430419921875,40.082515716552734,157.7870330810547,62.58485412597656
normal,C:\Users\Light\Videos\正常往返.mp4,1525,True,0.8238685727119446,132.75534057617188,40.07917404174805,157.78541564941406,62.58962631225586
normal,C:\Users\Light\Videos\正常往返.mp4,1526,True,0.7940890789031982,128.3882598876953,39.94703674316406,155.51834106445312,61.94301223754883
normal,C:\Users\Light\Videos\正常往返.mp4,1527,True,0.7946104407310486,128.3412628173828,39.91559600830078,155.51553344726562,61.924346923828125
normal,C:\Users\Light\Videos\正常往返.mp4,1528,True,0.7910407185554504,124.74393463134766,40.642127990722656,152.05848693847656,61.84518814086914
normal,C:\Users\Light\Videos\正常往返.mp4,1529,True,0.8365685939788818,120.84111785888672,41.61478042602539,146.95704650878906,61.66952896118164
normal,C:\Users\Light\Videos\正常往返.mp4,1530,True,0.8361147046089172,120.84756469726562,41.625064849853516,146.94125366210938,61.6700439453125
normal,C:\Users\Light\Videos\正常往返.mp4,1531,True,0.7886634469032288,116.14920806884766,42.24399948120117,142.80606079101562,62.25092315673828
normal,C:\Users\Light\Videos\正常往返.mp4,1532,True,0.8110823035240173,112.23123168945312,42.386985778808594,138.93251037597656,63.45037841796875
normal,C:\Users\Light\Videos\正常往返.mp4,1533,True,0.8106943964958191,112.21575164794922,42.38090896606445,138.93115234375,63.44883346557617
normal,C:\Users\Light\Videos\正常往返.mp4,1534,True,0.8178406357765198,108.00987243652344,41.54696273803711,136.29949951171875,62.97382354736328
normal,C:\Users\Light\Videos\正常往返.mp4,1535,True,0.8191385865211487,103.25691223144531,41.81155014038086,130.17098999023438,62.19041442871094
normal,C:\Users\Light\Videos\正常往返.mp4,1536,True,0.8172786831855774,103.22516632080078,41.80915069580078,130.16441345214844,62.17057800292969
normal,C:\Users\Light\Videos\正常往返.mp4,1537,True,0.7540867328643799,99.35199737548828,42.54222869873047,125.49404907226562,63.045650482177734
normal,C:\Users\Light\Videos\正常往返.mp4,1538,True,0.7548543810844421,99.36312866210938,42.62138366699219,125.47268676757812,63.122432708740234
normal,C:\Users\Light\Videos\正常往返.mp4,1539,True,0.7888858914375305,95.21238708496094,43.08433532714844,122.31035614013672,63.465843200683594
normal,C:\Users\Light\Videos\正常往返.mp4,1540,True,0.8484603762626648,90.85372161865234,42.7762451171875,117.46542358398438,63.63959884643555
normal,C:\Users\Light\Videos\正常往返.mp4,1541,True,0.8473718166351318,90.85914611816406,42.78852844238281,117.4666976928711,63.63287353515625
normal,C:\Users\Light\Videos\正常往返.mp4,1542,True,0.825924813747406,86.86457824707031,42.78189468383789,112.13700103759766,62.937225341796875
normal,C:\Users\Light\Videos\正常往返.mp4,1543,True,0.7972990870475769,82.72962951660156,42.63245391845703,109.84700012207031,63.36514663696289
normal,C:\Users\Light\Videos\正常往返.mp4,1544,True,0.7965165972709656,82.75601959228516,42.63191604614258,109.96686553955078,63.43744659423828
normal,C:\Users\Light\Videos\正常往返.mp4,1545,True,0.8294975161552429,78.81925201416016,42.41970443725586,106.2268295288086,64.00532531738281
normal,C:\Users\Light\Videos\正常往返.mp4,1546,True,0.8240615725517273,75.1312255859375,42.48808288574219,100.84756469726562,63.24125671386719
normal,C:\Users\Light\Videos\正常往返.mp4,1547,True,0.7992878556251526,72.16046905517578,42.13261413574219,97.8438491821289,62.587318420410156
normal,C:\Users\Light\Videos\正常往返.mp4,1548,True,0.7993146777153015,72.16053771972656,42.13178634643555,97.84327697753906,62.58855056762695
normal,C:\Users\Light\Videos\正常往返.mp4,1549,True,0.8216378688812256,68.20159912109375,42.735076904296875,94.44039916992188,64.35135650634766
normal,C:\Users\Light\Videos\正常往返.mp4,1550,True,0.7939246296882629,64.95132446289062,42.92875671386719,91.88218688964844,64.32684326171875
normal,C:\Users\Light\Videos\正常往返.mp4,1551,True,0.7939863801002502,64.94970703125,42.91810989379883,91.92459106445312,64.32986450195312
normal,C:\Users\Light\Videos\正常往返.mp4,1552,True,0.8310567140579224,62.31126403808594,41.80404281616211,88.67010498046875,63.42377471923828
normal,C:\Users\Light\Videos\正常往返.mp4,1553,True,0.7876346111297607,59.33452224731445,42.34819030761719,86.52737426757812,63.31526184082031
normal,C:\Users\Light\Videos\正常往返.mp4,1554,True,0.7876600027084351,59.335609436035156,42.34791946411133,86.52438354492188,63.31606674194336
normal,C:\Users\Light\Videos\正常往返.mp4,1555,True,0.7849841117858887,56.74247360229492,42.30278396606445,82.82273864746094,64.26258850097656
normal,C:\Users\Light\Videos\正常往返.mp4,1556,True,0.8090722560882568,54.6933479309082,42.282188415527344,80.45631408691406,63.54298400878906
normal,C:\Users\Light\Videos\正常往返.mp4,1557,True,0.8081514239311218,54.711280822753906,42.298011779785156,80.44445037841797,63.57328414916992
normal,C:\Users\Light\Videos\正常往返.mp4,1558,True,0.8306615948677063,51.92830276489258,42.46795654296875,77.1484146118164,63.62220764160156
normal,C:\Users\Light\Videos\正常往返.mp4,1559,True,0.8294508457183838,51.95405197143555,42.46309280395508,77.1135025024414,63.63047790527344
normal,C:\Users\Light\Videos\正常往返.mp4,1560,True,0.8482197523117065,50.507930755615234,42.04794692993164,75.48519897460938,63.71111297607422
normal,C:\Users\Light\Videos\正常往返.mp4,1561,True,0.809197187423706,48.76164627075195,42.675865173339844,74.0246353149414,64.27587890625
normal,C:\Users\Light\Videos\正常往返.mp4,1562,True,0.8097386360168457,48.7581787109375,42.6498908996582,74.03536224365234,64.27782440185547
normal,C:\Users\Light\Videos\正常往返.mp4,1563,True,0.7913200855255127,46.657371520996094,42.376407623291016,71.85664367675781,64.31585693359375
normal,C:\Users\Light\Videos\正常往返.mp4,1564,True,0.8409598469734192,44.79322814941406,42.07067108154297,70.77583312988281,64.1796875
normal,C:\Users\Light\Videos\正常往返.mp4,1565,True,0.8414585590362549,44.786556243896484,42.07954406738281,70.7925796508789,64.16189575195312
normal,C:\Users\Light\Videos\正常往返.mp4,1566,True,0.8082840442657471,43.79358673095703,42.09958267211914,69.60597229003906,64.7529296875
normal,C:\Users\Light\Videos\正常往返.mp4,1567,True,0.8023502230644226,42.17710876464844,42.33308410644531,68.10869598388672,64.21171569824219
normal,C:\Users\Light\Videos\正常往返.mp4,1568,True,0.8024171590805054,42.158939361572266,42.35123825073242,68.06620788574219,64.20853424072266
normal,C:\Users\Light\Videos\正常往返.mp4,1569,True,0.7995995283126831,40.7202033996582,42.29913330078125,66.52268981933594,64.01612854003906
normal,C:\Users\Light\Videos\正常往返.mp4,1570,True,0.8004695177078247,40.275001525878906,42.662574768066406,66.00028991699219,64.35061645507812
normal,C:\Users\Light\Videos\正常往返.mp4,1571,True,0.8409436941146851,39.30781555175781,42.20966720581055,65.28496551513672,64.13688659667969
normal,C:\Users\Light\Videos\正常往返.mp4,1572,True,0.8407108187675476,39.305850982666016,42.21641159057617,65.27216339111328,64.10297393798828
normal,C:\Users\Light\Videos\正常往返.mp4,1573,True,0.8229342699050903,39.3759765625,42.200408935546875,64.90186309814453,64.41938018798828
normal,C:\Users\Light\Videos\正常往返.mp4,1574,True,0.8286266326904297,39.258583068847656,42.12501907348633,64.69288635253906,64.27392578125
normal,C:\Users\Light\Videos\正常往返.mp4,1575,True,0.8297408819198608,39.240474700927734,42.12163543701172,64.71067810058594,64.28305053710938
normal,C:\Users\Light\Videos\正常往返.mp4,1576,True,0.8353520631790161,39.11539840698242,42.072509765625,64.81354522705078,64.24736785888672
normal,C:\Users\Light\Videos\正常往返.mp4,1577,True,0.8272431492805481,39.299522399902344,42.26802444458008,64.62018585205078,64.25575256347656
normal,C:\Users\Light\Videos\正常往返.mp4,1578,True,0.829082727432251,39.26950454711914,42.23846435546875,64.62647247314453,64.23358917236328
normal,C:\Users\Light\Videos\正常往返.mp4,1579,True,0.8374890685081482,39.441226959228516,42.45058822631836,64.86961364746094,63.95553207397461
normal,C:\Users\Light\Videos\正常往返.mp4,1580,True,0.816449761390686,40.109100341796875,41.97658920288086,65.55674743652344,64.44790649414062
normal,C:\Users\Light\Videos\正常往返.mp4,1581,True,0.8164494037628174,40.09284210205078,41.97214889526367,65.55982208251953,64.3996353149414
normal,C:\Users\Light\Videos\正常往返.mp4,1582,True,0.7991035580635071,40.50944519042969,42.302852630615234,66.25572204589844,64.05992126464844
normal,C:\Users\Light\Videos\正常往返.mp4,1583,True,0.7999179363250732,40.507877349853516,42.30267333984375,66.24813842773438,64.05557250976562
normal,C:\Users\Light\Videos\正常往返.mp4,1584,True,0.7956898212432861,41.109195709228516,42.25625991821289,67.12810516357422,63.56586456298828
normal,C:\Users\Light\Videos\正常往返.mp4,1585,True,0.8087399005889893,43.186790466308594,41.96708679199219,68.90337371826172,64.19537353515625
normal,C:\Users\Light\Videos\正常往返.mp4,1586,True,0.8084959983825684,43.18621826171875,41.96213150024414,68.90425872802734,64.19988250732422
normal,C:\Users\Light\Videos\正常往返.mp4,1587,True,0.8213551044464111,44.06856918334961,42.0380859375,69.62086486816406,64.59317779541016
normal,C:\Users\Light\Videos\正常往返.mp4,1588,True,0.8391571044921875,45.228511810302734,41.95462417602539,70.58943939208984,64.34571075439453
normal,C:\Users\Light\Videos\正常往返.mp4,1589,True,0.8400410413742065,45.24620819091797,41.92625045776367,70.58097839355469,64.34427642822266
normal,C:\Users\Light\Videos\正常往返.mp4,1590,True,0.8046655058860779,46.556583404541016,42.58160400390625,71.79638671875,64.1728286743164
normal,C:\Users\Light\Videos\正常往返.mp4,1591,True,0.8039693236351013,47.75362777709961,42.50376892089844,73.64779663085938,64.31014251708984
normal,C:\Users\Light\Videos\正常往返.mp4,1592,True,0.8039095401763916,47.74501037597656,42.52107238769531,73.654052734375,64.32072448730469
normal,C:\Users\Light\Videos\正常往返.mp4,1593,True,0.8328297138214111,50.1463737487793,42.262176513671875,74.61759185791016,63.87989044189453
normal,C:\Users\Light\Videos\正常往返.mp4,1594,True,0.8268576264381409,51.82159423828125,42.292362213134766,75.32962036132812,64.15812683105469
normal,C:\Users\Light\Videos\正常往返.mp4,1595,True,0.7999603152275085,52.7297477722168,42.48288345336914,77.1542739868164,64.37442016601562
normal,C:\Users\Light\Videos\正常往返.mp4,1596,True,0.7991454005241394,52.7314453125,42.474342346191406,77.1620101928711,64.37493896484375
normal,C:\Users\Light\Videos\正常往返.mp4,1597,True,0.809691846370697,54.835960388183594,42.081539154052734,80.32011413574219,63.1754150390625
normal,C:\Users\Light\Videos\正常往返.mp4,1598,True,0.8250442147254944,56.96501541137695,41.91796112060547,81.70497131347656,63.53599166870117
normal,C:\Users\Light\Videos\正常往返.mp4,1599,True,0.8244463205337524,56.97267150878906,41.9130744934082,81.71321868896484,63.54862976074219
normal,C:\Users\Light\Videos\正常往返.mp4,1600,True,0.7799715399742126,58.57949447631836,42.51555633544922,85.02544403076172,63.68101501464844
normal,C:\Users\Light\Videos\正常往返.mp4,1601,True,0.8363251090049744,61.67381286621094,42.15298843383789,87.57633209228516,64.01207733154297
normal,C:\Users\Light\Videos\正常往返.mp4,1602,True,0.8358758091926575,61.66374206542969,42.147003173828125,87.60195922851562,64.01348876953125
normal,C:\Users\Light\Videos\正常往返.mp4,1603,True,0.8404959440231323,62.98326873779297,42.305206298828125,89.53912353515625,63.66707229614258
normal,C:\Users\Light\Videos\正常往返.mp4,1604,True,0.8376736044883728,63.018917083740234,42.31423568725586,89.58140563964844,63.724334716796875
normal,C:\Users\Light\Videos\正常往返.mp4,1605,True,0.8213120698928833,66.30754089355469,42.564056396484375,92.25321197509766,63.77912902832031
normal,C:\Users\Light\Videos\正常往返.mp4,1606,True,0.8522557020187378,68.4026107788086,42.297630310058594,94.397705078125,64.0477523803711
normal,C:\Users\Light\Videos\正常往返.mp4,1607,True,0.850254237651825,68.44684600830078,42.28604507446289,94.38896179199219,64.0805892944336
normal,C:\Users\Light\Videos\正常往返.mp4,1608,True,0.7896482348442078,71.16954803466797,42.25309753417969,96.41018676757812,63.14585494995117
normal,C:\Users\Light\Videos\正常往返.mp4,1609,True,0.8421873450279236,74.1181411743164,42.07376480102539,99.73335266113281,63.317256927490234
normal,C:\Users\Light\Videos\正常往返.mp4,1610,True,0.8430171608924866,74.0962905883789,42.088645935058594,99.76005554199219,63.36077880859375
normal,C:\Users\Light\Videos\正常往返.mp4,1611,True,0.7985074520111084,76.99440002441406,42.39350509643555,103.78799438476562,63.26008224487305
normal,C:\Users\Light\Videos\正常往返.mp4,1612,True,0.8370651006698608,79.11660766601562,42.13227844238281,106.96366882324219,63.062862396240234
normal,C:\Users\Light\Videos\正常往返.mp4,1613,True,0.8404883146286011,79.11434936523438,42.10783004760742,107.00333404541016,63.01784133911133
normal,C:\Users\Light\Videos\正常往返.mp4,1614,True,0.8023183941841125,83.4974136352539,43.02604293823242,109.66303253173828,63.552730560302734
normal,C:\Users\Light\Videos\正常往返.mp4,1615,True,0.8424698114395142,86.24317932128906,42.47459030151367,111.9150390625,63.28065872192383
normal,C:\Users\Light\Videos\正常往返.mp4,1616,True,0.8418458700180054,86.24720001220703,42.44700241088867,111.87923431396484,63.24742126464844
normal,C:\Users\Light\Videos\正常往返.mp4,1617,True,0.8254399299621582,89.1059341430664,42.36594009399414,115.49066162109375,62.41912078857422
normal,C:\Users\Light\Videos\正常往返.mp4,1618,True,0.8275551795959473,91.89958190917969,42.306392669677734,118.7242202758789,63.49950408935547
normal,C:\Users\Light\Videos\正常往返.mp4,1619,True,0.8300602436065674,95.72152709960938,42.335391998291016,122.5918197631836,63.06127166748047
normal,C:\Users\Light\Videos\正常往返.mp4,1620,True,0.8302512764930725,95.71942138671875,42.33005905151367,122.58583068847656,63.03948974609375
normal,C:\Users\Light\Videos\正常往返.mp4,1621,True,0.8353632092475891,98.01397705078125,42.25334548950195,124.89073944091797,62.82759094238281
normal,C:\Users\Light\Videos\正常往返.mp4,1622,True,0.8099860548973083,102.34480285644531,42.45542907714844,128.76414489746094,63.54697036743164
normal,C:\Users\Light\Videos\正常往返.mp4,1623,True,0.8100414872169495,102.35089874267578,42.45341110229492,128.75592041015625,63.54634475708008
normal,C:\Users\Light\Videos\正常往返.mp4,1624,True,0.7847455739974976,104.49754333496094,42.2962646484375,131.42886352539062,63.333614349365234
normal,C:\Users\Light\Videos\正常往返.mp4,1625,True,0.8241831064224243,108.67544555664062,41.750545501708984,135.8023681640625,63.53289794921875
normal,C:\Users\Light\Videos\正常往返.mp4,1626,True,0.8242111206054688,108.6654281616211,41.76374816894531,135.8123321533203,63.5391960144043
normal,C:\Users\Light\Videos\正常往返.mp4,1627,True,0.7970480918884277,111.56477355957031,42.018653869628906,137.5897216796875,63.051387786865234
normal,C:\Users\Light\Videos\正常往返.mp4,1628,True,0.798799455165863,111.54779815673828,42.02692413330078,137.5587615966797,63.00358581542969
normal,C:\Users\Light\Videos\正常往返.mp4,1629,True,0.8546561598777771,114.96649169921875,41.758121490478516,141.35372924804688,63.34208679199219
normal,C:\Users\Light\Videos\正常往返.mp4,1630,True,0.7245373129844666,118.47856903076172,43.23713684082031,143.35328674316406,63.405330657958984
normal,C:\Users\Light\Videos\正常往返.mp4,1631,True,0.7255603075027466,118.49464416503906,43.248409271240234,143.32373046875,63.451297760009766
normal,C:\Users\Light\Videos\正常往返.mp4,1632,True,0.8310575485229492,121.04901123046875,42.20375061035156,146.89437866210938,61.91143798828125
normal,C:\Users\Light\Videos\正常往返.mp4,1633,True,0.7913218140602112,124.0214614868164,41.54902267456055,149.6581573486328,61.7215690612793
normal,C:\Users\Light\Videos\正常往返.mp4,1634,True,0.7914129495620728,124.01467895507812,41.5518684387207,149.6709442138672,61.71522521972656
normal,C:\Users\Light\Videos\正常往返.mp4,1635,True,0.7913573384284973,127.38558197021484,42.889400482177734,153.4618377685547,63.70429992675781
normal,C:\Users\Light\Videos\正常往返.mp4,1636,True,0.7731338143348694,130.33676147460938,41.59458541870117,156.39439392089844,62.74802780151367
normal,C:\Users\Light\Videos\正常往返.mp4,1637,True,0.7729979157447815,130.32598876953125,41.56758117675781,156.3865966796875,62.745361328125
normal,C:\Users\Light\Videos\正常往返.mp4,1638,True,0.8079650402069092,133.29478454589844,40.730201721191406,157.73452758789062,62.76947784423828
normal,C:\Users\Light\Videos\正常往返.mp4,1639,True,0.8077146410942078,133.28610229492188,40.75465393066406,157.7401885986328,62.76936340332031
normal,C:\Users\Light\Videos\正常往返.mp4,1640,True,0.7913157939910889,135.83436584472656,41.8098030090332,159.74693298339844,63.57189178466797
normal,C:\Users\Light\Videos\正常往返.mp4,1641,True,0.8391227126121521,139.211181640625,42.1356201171875,163.27403259277344,64.3714828491211
normal,C:\Users\Light\Videos\正常往返.mp4,1642,True,0.83902907371521,139.1998748779297,42.14093017578125,163.27108764648438,64.36626434326172
normal,C:\Users\Light\Videos\正常往返.mp4,1643,True,0.8038061857223511,141.3441162109375,40.83894348144531,165.99510192871094,63.19444274902344
normal,C:\Users\Light\Videos\正常往返.mp4,1644,True,0.8172417879104614,144.34078979492188,40.73387908935547,167.9359893798828,63.142669677734375
normal,C:\Users\Light\Videos\正常往返.mp4,1645,True,0.8407143354415894,146.29208374023438,41.82706069946289,170.1224365234375,63.780765533447266
normal,C:\Users\Light\Videos\正常往返.mp4,1646,True,0.8264357447624207,148.27694702148438,41.737972259521484,171.77288818359375,64.24981689453125
normal,C:\Users\Light\Videos\正常往返.mp4,1647,True,0.8257915377616882,148.26608276367188,41.731719970703125,171.79270935058594,64.23741912841797
normal,C:\Users\Light\Videos\正常往返.mp4,1648,True,0.8262101411819458,150.64321899414062,40.71549987792969,173.6962127685547,62.87216567993164
normal,C:\Users\Light\Videos\正常往返.mp4,1649,True,0.8270159959793091,150.66571044921875,40.735939025878906,173.70208740234375,62.880863189697266
normal,C:\Users\Light\Videos\正常往返.mp4,1650,True,0.8333175182342529,151.56539916992188,41.136878967285156,174.96897888183594,63.819583892822266
normal,C:\Users\Light\Videos\正常往返.mp4,1651,True,0.8239657282829285,153.4491424560547,42.2161865234375,176.03160095214844,63.54246520996094
normal,C:\Users\Light\Videos\正常往返.mp4,1652,True,0.8249149918556213,153.43077087402344,42.21941375732422,176.0356903076172,63.54676818847656
normal,C:\Users\Light\Videos\正常往返.mp4,1653,True,0.8003286719322205,154.43475341796875,41.594181060791016,177.4415740966797,63.611717224121094
normal,C:\Users\Light\Videos\正常往返.mp4,1654,True,0.7977500557899475,155.52488708496094,41.29165267944336,178.14727783203125,62.9321403503418
normal,C:\Users\Light\Videos\正常往返.mp4,1655,True,0.7994235754013062,155.51773071289062,41.239566802978516,178.1580352783203,62.92487716674805
normal,C:\Users\Light\Videos\正常往返.mp4,1656,True,0.8290643095970154,156.75660705566406,41.387908935546875,179.07342529296875,63.01544189453125
normal,C:\Users\Light\Videos\正常往返.mp4,1657,True,0.8265975117683411,156.87899780273438,41.181053161621094,179.83633422851562,62.83758544921875
normal,C:\Users\Light\Videos\正常往返.mp4,1658,True,0.8265008926391602,156.8760528564453,41.18983840942383,179.86825561523438,62.85927963256836
normal,C:\Users\Light\Videos\正常往返.mp4,1659,True,0.8256641030311584,157.7081298828125,41.091495513916016,179.67398071289062,62.23422622680664
normal,C:\Users\Light\Videos\正常往返.mp4,1660,True,0.8233217597007751,157.7350311279297,41.36018753051758,179.74464416503906,62.703407287597656
normal,C:\Users\Light\Videos\正常往返.mp4,1661,True,0.8234136700630188,157.7271728515625,41.359378814697266,179.7450714111328,62.706321716308594
normal,C:\Users\Light\Videos\正常往返.mp4,1662,True,0.8267810344696045,157.297119140625,41.12587356567383,179.80088806152344,62.69218063354492
normal,C:\Users\Light\Videos\正常往返.mp4,1663,True,0.827457070350647,157.27540588378906,41.13829040527344,179.80181884765625,62.67156219482422
normal,C:\Users\Light\Videos\正常往返.mp4,1664,True,0.8323009014129639,157.455078125,40.93130111694336,179.51864624023438,62.194557189941406
normal,C:\Users\Light\Videos\正常往返.mp4,1665,True,0.8313487768173218,157.08836364746094,41.0386962890625,179.29067993164062,62.393795013427734
normal,C:\Users\Light\Videos\正常往返.mp4,1666,True,0.831386923789978,157.09307861328125,41.03721618652344,179.29139709472656,62.386356353759766
normal,C:\Users\Light\Videos\正常往返.mp4,1667,True,0.7975488305091858,155.3275146484375,41.5562858581543,178.33349609375,63.25853729248047
normal,C:\Users\Light\Videos\正常往返.mp4,1668,True,0.797686755657196,155.32371520996094,41.55265426635742,178.3361053466797,63.25759506225586
normal,C:\Users\Light\Videos\正常往返.mp4,1669,True,0.8044941425323486,154.1773223876953,41.49873352050781,177.6063232421875,63.8159065246582
normal,C:\Users\Light\Videos\正常往返.mp4,1670,True,0.814461350440979,153.4697265625,41.665897369384766,176.5417022705078,63.745601654052734
normal,C:\Users\Light\Videos\正常往返.mp4,1671,True,0.8148998022079468,153.46035766601562,41.676116943359375,176.54722595214844,63.76864242553711
normal,C:\Users\Light\Videos\正常往返.mp4,1672,True,0.8246315717697144,152.51283264160156,41.22002410888672,175.6005859375,62.48969268798828
normal,C:\Users\Light\Videos\正常往返.mp4,1673,True,0.8228369951248169,152.5101318359375,41.23365020751953,175.56430053710938,62.456302642822266
normal,C:\Users\Light\Videos\正常往返.mp4,1674,True,0.8306012153625488,151.2703399658203,40.73500061035156,174.56494140625,63.257999420166016
normal,C:\Users\Light\Videos\正常往返.mp4,1675,True,0.8108360767364502,149.48529052734375,41.239479064941406,172.9853515625,63.571353912353516
normal,C:\Users\Light\Videos\正常往返.mp4,1676,True,0.8120785355567932,149.49571228027344,41.229190826416016,172.99644470214844,63.59710693359375
normal,C:\Users\Light\Videos\正常往返.mp4,1677,True,0.8156076669692993,148.0125274658203,41.26827621459961,171.50550842285156,63.475276947021484
normal,C:\Users\Light\Videos\正常往返.mp4,1678,True,0.8335064053535461,147.25732421875,41.66571807861328,170.3102569580078,62.96765899658203
normal,C:\Users\Light\Videos\正常往返.mp4,1679,True,0.8335756659507751,147.26121520996094,41.67887496948242,170.2956085205078,62.964725494384766
normal,C:\Users\Light\Videos\正常往返.mp4,1680,True,0.8285143375396729,146.3776397705078,41.445865631103516,169.4169158935547,62.786128997802734
normal,C:\Users\Light\Videos\正常往返.mp4,1681,True,0.8109523057937622,144.99710083007812,41.14353561401367,167.75979614257812,62.96277618408203
normal,C:\Users\Light\Videos\正常往返.mp4,1682,True,0.8110055327415466,145.0072784423828,41.149139404296875,167.75860595703125,62.964210510253906
normal,C:\Users\Light\Videos\正常往返.mp4,1683,True,0.7993649840354919,143.39874267578125,41.358909606933594,166.59848022460938,63.5405387878418
normal,C:\Users\Light\Videos\正常往返.mp4,1684,True,0.7993214726448059,143.39334106445312,41.36446762084961,166.60218811035156,63.536865234375
normal,C:\Users\Light\Videos\正常往返.mp4,1685,True,0.7810962200164795,141.50086975097656,41.38427734375,164.95469665527344,63.199798583984375
normal,C:\Users\Light\Videos\正常往返.mp4,1686,True,0.8175150752067566,140.89956665039062,42.1073112487793,163.97389221191406,63.07254409790039
normal,C:\Users\Light\Videos\正常往返.mp4,1687,True,0.8190313577651978,140.89773559570312,42.15011978149414,163.99017333984375,63.12386703491211
normal,C:\Users\Light\Videos\正常往返.mp4,1688,True,0.7946038842201233,140.56019592285156,42.358253479003906,163.15565490722656,64.0843505859375
normal,C:\Users\Light\Videos\正常往返.mp4,1689,True,0.8182004690170288,140.193603515625,42.14702606201172,162.50408935546875,63.68083572387695
normal,C:\Users\Light\Videos\正常往返.mp4,1690,True,0.8181092739105225,140.1742401123047,42.14108657836914,162.46688842773438,63.667232513427734
normal,C:\Users\Light\Videos\正常往返.mp4,1691,True,0.8278313279151917,139.25299072265625,42.20861053466797,162.0194091796875,63.63157272338867
normal,C:\Users\Light\Videos\正常往返.mp4,1692,True,0.8269287347793579,138.9640350341797,42.29124450683594,161.5009002685547,63.908512115478516
normal,C:\Users\Light\Videos\正常往返.mp4,1693,True,0.8180942535400391,139.2161102294922,41.86314010620117,161.4568634033203,63.29452896118164
normal,C:\Users\Light\Videos\正常往返.mp4,1694,True,0.8184795379638672,139.21929931640625,41.87710189819336,161.4607696533203,63.303157806396484
normal,C:\Users\Light\Videos\正常往返.mp4,1695,True,0.8144667148590088,139.09292602539062,42.1313362121582,161.36813354492188,63.52467346191406
normal,C:\Users\Light\Videos\正常往返.mp4,1696,True,0.8309857845306396,139.2913360595703,42.41941452026367,161.87222290039062,63.88370132446289
normal,C:\Users\Light\Videos\正常往返.mp4,1697,True,0.830871045589447,139.3121337890625,42.42429733276367,161.8560333251953,63.87796401977539
normal,C:\Users\Light\Videos\正常往返.mp4,1698,True,0.8188488483428955,139.99252319335938,42.0843620300293,162.3592987060547,63.65326690673828
normal,C:\Users\Light\Videos\正常往返.mp4,1699,True,0.8018282651901245,140.5778350830078,42.15374755859375,162.99179077148438,63.80364990234375
normal,C:\Users\Light\Videos\正常往返.mp4,1700,True,0.8022482991218567,140.5675506591797,42.13642501831055,162.9899444580078,63.79878616333008
normal,C:\Users\Light\Videos\正常往返.mp4,1701,True,0.8207769989967346,141.0166473388672,42.19913101196289,163.9991912841797,62.92931365966797
normal,C:\Users\Light\Videos\正常往返.mp4,1702,True,0.8147233724594116,141.9134063720703,42.179656982421875,164.34890747070312,62.942291259765625
normal,C:\Users\Light\Videos\正常往返.mp4,1703,True,0.8141231536865234,141.93133544921875,42.16990661621094,164.34205627441406,62.9460334777832
normal,C:\Users\Light\Videos\正常往返.mp4,1704,True,0.7836064100265503,143.06369018554688,41.82954788208008,165.85061645507812,63.582984924316406
normal,C:\Users\Light\Videos\正常往返.mp4,1705,True,0.8043932914733887,143.86514282226562,41.861820220947266,166.97760009765625,63.959632873535156
normal,C:\Users\Light\Videos\正常往返.mp4,1706,True,0.8040925860404968,143.8642578125,41.87031173706055,166.98500061035156,63.965301513671875
normal,C:\Users\Light\Videos\正常往返.mp4,1707,True,0.8111361861228943,145.0211944580078,41.04106903076172,168.03358459472656,63.13278579711914
normal,C:\Users\Light\Videos\正常往返.mp4,1708,True,0.8109721541404724,145.02523803710938,41.021705627441406,168.02369689941406,63.10562515258789
normal,C:\Users\Light\Videos\正常往返.mp4,1709,True,0.8252759575843811,147.0767364501953,42.116031646728516,169.44065856933594,63.35275650024414
normal,C:\Users\Light\Videos\正常往返.mp4,1710,True,0.8129105567932129,147.91627502441406,41.93974304199219,170.89259338378906,64.06431579589844
normal,C:\Users\Light\Videos\正常往返.mp4,1711,True,0.8127588033676147,147.92315673828125,41.9463996887207,170.8920135498047,64.06635284423828
normal,C:\Users\Light\Videos\正常往返.mp4,1712,True,0.8093797564506531,149.6468505859375,41.411842346191406,172.472412109375,63.605979919433594
normal,C:\Users\Light\Videos\正常往返.mp4,1713,True,0.837393581867218,151.4041748046875,41.413414001464844,174.3073272705078,63.85528564453125
normal,C:\Users\Light\Videos\正常往返.mp4,1714,True,0.8374531865119934,151.40170288085938,41.408302307128906,174.31227111816406,63.85506057739258
normal,C:\Users\Light\Videos\正常往返.mp4,1715,True,0.7992011904716492,155.6345977783203,42.23877716064453,178.1209259033203,63.99342727661133
normal,C:\Users\Light\Videos\正常往返.mp4,1716,True,0.7992760539054871,155.63148498535156,42.23411560058594,178.12081909179688,63.993831634521484
normal,C:\Users\Light\Videos\正常往返.mp4,1717,True,0.8197991847991943,158.33473205566406,42.322418212890625,179.804931640625,63.43242645263672
normal,C:\Users\Light\Videos\正常往返.mp4,1718,True,0.8205822706222534,158.32986450195312,42.33108901977539,179.7943878173828,63.44258117675781
normal,C:\Users\Light\Videos\正常往返.mp4,1719,True,0.7906951904296875,159.79115295410156,42.50493621826172,182.4260711669922,63.9384765625
normal,C:\Users\Light\Videos\正常往返.mp4,1720,True,0.8218126893043518,162.56993103027344,41.8969841003418,185.64938354492188,63.34150314331055
normal,C:\Users\Light\Videos\正常往返.mp4,1721,True,0.8212553262710571,162.59620666503906,41.8880615234375,185.61732482910156,63.31138229370117
normal,C:\Users\Light\Videos\正常往返.mp4,1722,True,0.8185390830039978,164.91087341308594,42.23897933959961,188.09014892578125,63.000179290771484
normal,C:\Users\Light\Videos\正常往返.mp4,1723,True,0.8046038746833801,168.00389099121094,41.96051788330078,190.32107543945312,63.341796875
normal,C:\Users\Light\Videos\正常往返.mp4,1724,True,0.8044154644012451,167.99925231933594,41.94711685180664,190.31832885742188,63.34004592895508
normal,C:\Users\Light\Videos\正常往返.mp4,1725,True,0.8156083226203918,170.44923400878906,42.586219787597656,193.2714385986328,63.578125
normal,C:\Users\Light\Videos\正常往返.mp4,1726,True,0.8018628358840942,172.4092559814453,42.38566207885742,195.40953063964844,64.31651306152344
normal,C:\Users\Light\Videos\正常往返.mp4,1727,True,0.8020309805870056,172.40357971191406,42.38557052612305,195.41775512695312,64.32919311523438
normal,C:\Users\Light\Videos\正常往返.mp4,1728,True,0.8068751096725464,175.78323364257812,42.42700958251953,198.95628356933594,64.16624450683594
normal,C:\Users\Light\Videos\正常往返.mp4,1729,True,0.807237446308136,175.7750244140625,42.4318962097168,198.95684814453125,64.16041564941406
normal,C:\Users\Light\Videos\正常往返.mp4,1730,True,0.7881109714508057,178.46688842773438,42.1783561706543,202.1273956298828,63.287471771240234
normal,C:\Users\Light\Videos\正常往返.mp4,1731,True,0.8336893320083618,180.39617919921875,41.404605865478516,204.87249755859375,63.52281188964844
normal,C:\Users\Light\Videos\正常往返.mp4,1732,True,0.8331639766693115,180.41607666015625,41.40644454956055,204.85623168945312,63.528236389160156
normal,C:\Users\Light\Videos\正常往返.mp4,1733,True,0.8292869925498962,182.02513122558594,41.66885757446289,207.33035278320312,64.32103729248047
normal,C:\Users\Light\Videos\正常往返.mp4,1734,True,0.8444995880126953,184.81358337402344,41.197837829589844,209.99896240234375,63.035499572753906
normal,C:\Users\Light\Videos\正常往返.mp4,1735,True,0.8455039262771606,184.75180053710938,41.244384765625,210.0148468017578,63.049373626708984
normal,C:\Users\Light\Videos\正常往返.mp4,1736,True,0.844143271446228,186.40956115722656,41.27396774291992,212.4795684814453,63.14681625366211
normal,C:\Users\Light\Videos\正常往返.mp4,1737,True,0.8091034889221191,189.18077087402344,40.55884552001953,214.46104431152344,62.0406608581543
normal,C:\Users\Light\Videos\正常往返.mp4,1738,True,0.8100230693817139,189.14199829101562,40.5845947265625,214.47816467285156,62.016075134277344
normal,C:\Users\Light\Videos\正常往返.mp4,1739,True,0.8339460492134094,191.14590454101562,40.28919219970703,216.2761993408203,61.86643600463867
normal,C:\Users\Light\Videos\正常往返.mp4,1740,True,0.8202617764472961,192.10231018066406,40.17131042480469,217.7919921875,61.964866638183594
normal,C:\Users\Light\Videos\正常往返.mp4,1741,True,0.8240269422531128,193.22470092773438,40.07305908203125,219.32911682128906,61.976966857910156
normal,C:\Users\Light\Videos\正常往返.mp4,1742,True,0.8237910866737366,193.1963653564453,40.073036193847656,219.3404998779297,61.97609329223633
normal,C:\Users\Light\Videos\正常往返.mp4,1743,True,0.8138604164123535,194.4236297607422,40.89887237548828,220.1729736328125,62.90524673461914
normal,C:\Users\Light\Videos\正常往返.mp4,1744,True,0.8110652565956116,195.48941040039062,39.78135299682617,220.64041137695312,62.13550567626953
normal,C:\Users\Light\Videos\正常往返.mp4,1745,True,0.8106542229652405,195.50013732910156,39.794281005859375,220.64764404296875,62.15260314941406
normal,C:\Users\Light\Videos\正常往返.mp4,1746,True,0.8041447401046753,195.36578369140625,40.879371643066406,220.4591064453125,62.69681930541992
normal,C:\Users\Light\Videos\正常往返.mp4,1747,True,0.8105948567390442,195.04673767089844,40.80539321899414,220.49154663085938,62.842918395996094
normal,C:\Users\Light\Videos\正常往返.mp4,1748,True,0.8102440237998962,195.0441436767578,40.815120697021484,220.50262451171875,62.817771911621094
normal,C:\Users\Light\Videos\正常往返.mp4,1749,True,0.8136950731277466,194.7186737060547,40.852210998535156,220.28187561035156,62.8758430480957
normal,C:\Users\Light\Videos\正常往返.mp4,1750,True,0.8143472671508789,193.84255981445312,40.941226959228516,219.9209747314453,62.95329666137695
normal,C:\Users\Light\Videos\正常往返.mp4,1751,True,0.8137791156768799,193.8574981689453,40.95344161987305,219.9039306640625,62.94408416748047
normal,C:\Users\Light\Videos\正常往返.mp4,1752,True,0.8342821002006531,193.3212432861328,40.38582992553711,218.66180419921875,62.0086555480957
normal,C:\Users\Light\Videos\正常往返.mp4,1753,True,0.8350643515586853,193.314697265625,40.387332916259766,218.65664672851562,61.98142623901367
normal,C:\Users\Light\Videos\正常往返.mp4,1754,True,0.8424920439720154,192.0825958251953,40.48576354980469,217.6780548095703,62.66205978393555
normal,C:\Users\Light\Videos\正常往返.mp4,1755,True,0.8437633514404297,191.3477020263672,40.50595474243164,216.18405151367188,62.075801849365234
normal,C:\Users\Light\Videos\正常往返.mp4,1756,True,0.8433030247688293,191.35330200195312,40.51586151123047,216.21017456054688,62.108253479003906
normal,C:\Users\Light\Videos\正常往返.mp4,1757,True,0.79734206199646,189.17193603515625,41.349788665771484,214.16879272460938,63.02684783935547
normal,C:\Users\Light\Videos\正常往返.mp4,1758,True,0.8393210172653198,187.38523864746094,41.39268112182617,212.35215759277344,62.76203536987305
normal,C:\Users\Light\Videos\正常往返.mp4,1759,True,0.8390379548072815,187.39102172851562,41.395103454589844,212.34713745117188,62.759525299072266
normal,C:\Users\Light\Videos\正常往返.mp4,1760,True,0.8626994490623474,185.1358642578125,40.980133056640625,210.37901306152344,63.01420974731445
normal,C:\Users\Light\Videos\正常往返.mp4,1761,True,0.8083395957946777,182.6575927734375,41.033138275146484,208.16497802734375,63.0733528137207
normal,C:\Users\Light\Videos\正常往返.mp4,1762,True,0.8076142072677612,182.68392944335938,41.033538818359375,208.15098571777344,63.06075668334961
normal,C:\Users\Light\Videos\正常往返.mp4,1763,True,0.8616548180580139,179.9231414794922,40.71684646606445,206.1810302734375,63.22191619873047
normal,C:\Users\Light\Videos\正常往返.mp4,1764,True,0.8151037096977234,177.17279052734375,40.969173431396484,203.01747131347656,62.210514068603516
normal,C:\Users\Light\Videos\正常往返.mp4,1765,True,0.8431046605110168,174.39256286621094,41.02634811401367,199.1058349609375,62.88014602661133
normal,C:\Users\Light\Videos\正常往返.mp4,1766,True,0.8431286811828613,174.37428283691406,41.00761032104492,199.11209106445312,62.85818099975586
normal,C:\Users\Light\Videos\正常往返.mp4,1767,True,0.7894846796989441,171.72018432617188,41.94919967651367,195.55062866210938,63.58511734008789
normal,C:\Users\Light\Videos\正常往返.mp4,1768,True,0.827722430229187,169.2960968017578,41.56968688964844,192.48016357421875,63.105018615722656
normal,C:\Users\Light\Videos\正常往返.mp4,1769,True,0.8278953433036804,169.28785705566406,41.56029510498047,192.47146606445312,63.0919075012207
normal,C:\Users\Light\Videos\正常往返.mp4,1770,True,0.7996476292610168,166.33221435546875,41.90574645996094,190.1835479736328,63.580970764160156
normal,C:\Users\Light\Videos\正常往返.mp4,1771,True,0.8231830596923828,163.16690063476562,41.548397064208984,186.95509338378906,63.623931884765625
normal,C:\Users\Light\Videos\正常往返.mp4,1772,True,0.8239264488220215,163.13922119140625,41.54351043701172,186.9891357421875,63.61039733886719
normal,C:\Users\Light\Videos\正常往返.mp4,1773,True,0.7822446823120117,160.584228515625,42.34904098510742,183.1553192138672,63.79705810546875
normal,C:\Users\Light\Videos\正常往返.mp4,1774,True,0.7825206518173218,160.57591247558594,42.341915130615234,183.14852905273438,63.78916931152344
normal,C:\Users\Light\Videos\正常往返.mp4,1775,True,0.8064789772033691,158.46682739257812,42.69429016113281,180.26792907714844,64.00304412841797
normal,C:\Users\Light\Videos\正常往返.mp4,1776,True,0.7936366200447083,155.44482421875,42.583194732666016,178.03077697753906,64.36917877197266
normal,C:\Users\Light\Videos\正常往返.mp4,1777,True,0.7935460209846497,155.45889282226562,42.601436614990234,178.0480499267578,64.3733901977539
normal,C:\Users\Light\Videos\正常往返.mp4,1778,True,0.8166614770889282,152.14244079589844,41.77970504760742,175.9068145751953,64.61359405517578
normal,C:\Users\Light\Videos\正常往返.mp4,1779,True,0.8164895176887512,150.24951171875,41.568721771240234,173.34689331054688,63.93461990356445
normal,C:\Users\Light\Videos\正常往返.mp4,1780,True,0.8164158463478088,150.25746154785156,41.54220962524414,173.34121704101562,63.90178680419922
normal,C:\Users\Light\Videos\正常往返.mp4,1781,True,0.8119055032730103,148.0537109375,42.06363296508789,170.98155212402344,64.14136505126953
normal,C:\Users\Light\Videos\正常往返.mp4,1782,True,0.8099343180656433,146.7255859375,42.165042877197266,169.28536987304688,63.53968811035156
normal,C:\Users\Light\Videos\正常往返.mp4,1783,True,0.809891402721405,146.729248046875,42.174747467041016,169.28292846679688,63.54280471801758
normal,C:\Users\Light\Videos\正常往返.mp4,1784,True,0.8114870190620422,145.23965454101562,41.846065521240234,167.78314208984375,63.391483306884766
normal,C:\Users\Light\Videos\正常往返.mp4,1785,True,0.8113604187965393,145.2403106689453,41.83992385864258,167.7747802734375,63.40022277832031
normal,C:\Users\Light\Videos\正常往返.mp4,1786,True,0.7894737720489502,143.5487060546875,41.94460678100586,166.55421447753906,63.93027114868164
normal,C:\Users\Light\Videos\正常往返.mp4,1787,True,0.7903010249137878,142.25726318359375,41.82988357543945,166.0663299560547,63.99600601196289
normal,C:\Users\Light\Videos\正常往返.mp4,1788,True,0.7547941207885742,141.4982147216797,42.39915466308594,165.4869842529297,64.29270935058594
normal,C:\Users\Light\Videos\正常往返.mp4,1789,True,0.7993426322937012,141.42068481445312,42.64014434814453,165.17613220214844,63.60183334350586
normal,C:\Users\Light\Videos\正常往返.mp4,1790,True,0.7988095283508301,141.4222412109375,42.64213562011719,165.1695556640625,63.61153793334961
normal,C:\Users\Light\Videos\正常往返.mp4,1791,True,0.8201476335525513,141.07179260253906,42.529361724853516,164.9003448486328,63.479984283447266
normal,C:\Users\Light\Videos\正常往返.mp4,1792,True,0.8075165748596191,141.62127685546875,42.740074157714844,164.6731719970703,63.40419006347656
normal,C:\Users\Light\Videos\正常往返.mp4,1793,True,0.8079299330711365,141.624267578125,42.729496002197266,164.65676879882812,63.3741569519043
normal,C:\Users\Light\Videos\正常往返.mp4,1794,True,0.7935234308242798,141.91610717773438,42.45979690551758,165.0215606689453,63.30607223510742
normal,C:\Users\Light\Videos\正常往返.mp4,1795,True,0.7674439549446106,142.05111694335938,42.16607666015625,165.96669006347656,63.63605499267578
normal,C:\Users\Light\Videos\正常往返.mp4,1796,True,0.7670049667358398,142.04685974121094,42.152000427246094,165.9602813720703,63.631080627441406
normal,C:\Users\Light\Videos\正常往返.mp4,1797,True,0.7828362584114075,143.00567626953125,41.77775573730469,166.1879119873047,63.459075927734375
normal,C:\Users\Light\Videos\正常往返.mp4,1798,True,0.7829980850219727,142.98582458496094,41.787166595458984,166.2073516845703,63.46391677856445
normal,C:\Users\Light\Videos\正常往返.mp4,1799,True,0.7903380393981934,144.39797973632812,41.690059661865234,167.0834197998047,62.84937286376953
normal,C:\Users\Light\Videos\正常往返.mp4,1800,True,0.8094989657402039,145.7012176513672,42.328311920166016,168.0055694580078,63.78081130981445
normal,C:\Users\Light\Videos\正常往返.mp4,1801,True,0.8107781410217285,145.68612670898438,42.359867095947266,167.98764038085938,63.81214141845703
normal,C:\Users\Light\Videos\正常往返.mp4,1802,True,0.8175123333930969,146.10189819335938,42.164127349853516,169.266845703125,64.19393920898438
normal,C:\Users\Light\Videos\正常往返.mp4,1803,True,0.8173056244850159,147.9235382080078,42.221744537353516,170.48130798339844,63.755062103271484
normal,C:\Users\Light\Videos\正常往返.mp4,1804,True,0.8185632824897766,147.9180450439453,42.207984924316406,170.46807861328125,63.75071334838867
normal,C:\Users\Light\Videos\正常往返.mp4,1805,True,0.8188403248786926,149.23486328125,42.00453567504883,172.15841674804688,64.42027282714844
normal,C:\Users\Light\Videos\正常往返.mp4,1806,True,0.8397086262702942,150.94590759277344,41.85525131225586,174.11801147460938,64.4720230102539
normal,C:\Users\Light\Videos\正常往返.mp4,1807,True,0.8398858308792114,150.9472198486328,41.85316848754883,174.11732482910156,64.47128295898438
normal,C:\Users\Light\Videos\正常往返.mp4,1808,True,0.8011513352394104,153.1115264892578,42.5350341796875,175.69845581054688,64.01146697998047
normal,C:\Users\Light\Videos\正常往返.mp4,1809,True,0.8010059595108032,153.1011505126953,42.53229904174805,175.69737243652344,64.01021575927734
normal,C:\Users\Light\Videos\正常往返.mp4,1810,True,0.8281587362289429,157.88217163085938,42.735145568847656,179.71432495117188,64.15021514892578
normal,C:\Users\Light\Videos\正常往返.mp4,1811,True,0.8282427787780762,157.87855529785156,42.7254638671875,179.7186279296875,64.14806365966797
normal,C:\Users\Light\Videos\正常往返.mp4,1812,True,0.8030380606651306,159.6067657470703,42.313812255859375,182.45204162597656,63.867340087890625
normal,C:\Users\Light\Videos\正常往返.mp4,1813,True,0.8259977102279663,162.48046875,42.012447357177734,185.47567749023438,63.711875915527344
normal,C:\Users\Light\Videos\正常往返.mp4,1814,True,0.8260071873664856,162.4783477783203,42.00834274291992,185.46176147460938,63.71418380737305
normal,C:\Users\Light\Videos\正常往返.mp4,1815,True,0.8206329941749573,164.8020477294922,42.562599182128906,188.3777313232422,63.49650192260742
normal,C:\Users\Light\Videos\正常往返.mp4,1816,True,0.8216677308082581,168.3043975830078,42.31634521484375,190.7898406982422,63.773014068603516
normal,C:\Users\Light\Videos\正常往返.mp4,1817,True,0.8219719529151917,168.302490234375,42.31937026977539,190.79251098632812,63.76832962036133
normal,C:\Users\Light\Videos\正常往返.mp4,1818,True,0.8160326480865479,170.49024963378906,43.0009880065918,194.090576171875,63.998313903808594
normal,C:\Users\Light\Videos\正常往返.mp4,1819,True,0.8150125741958618,170.49505615234375,42.993412017822266,194.07760620117188,63.98356628417969
normal,C:\Users\Light\Videos\正常往返.mp4,1820,True,0.8114711046218872,173.5062255859375,42.386962890625,197.06759643554688,64.10234832763672
normal,C:\Users\Light\Videos\正常往返.mp4,1821,True,0.8197391629219055,176.48526000976562,42.467262268066406,200.4990997314453,64.10613250732422
normal,C:\Users\Light\Videos\正常往返.mp4,1822,True,0.8207035660743713,176.48594665527344,42.46208572387695,200.50831604003906,64.09867095947266
normal,C:\Users\Light\Videos\正常往返.mp4,1823,True,0.8430404663085938,179.74993896484375,41.93019485473633,203.8119354248047,63.18901824951172
normal,C:\Users\Light\Videos\正常往返.mp4,1824,True,0.818363606929779,182.39418029785156,41.974456787109375,207.0673065185547,63.94304656982422
normal,C:\Users\Light\Videos\正常往返.mp4,1825,True,0.8182858228683472,182.3925018310547,41.97611618041992,207.07925415039062,63.94519805908203
normal,C:\Users\Light\Videos\正常往返.mp4,1826,True,0.8538429141044617,184.85842895507812,41.93548583984375,210.1869659423828,63.62065887451172
normal,C:\Users\Light\Videos\正常往返.mp4,1827,True,0.8268568515777588,187.99375915527344,41.88400650024414,213.35203552246094,63.76227569580078
normal,C:\Users\Light\Videos\正常往返.mp4,1828,True,0.8253111839294434,188.00921630859375,41.908233642578125,213.36715698242188,63.744686126708984
normal,C:\Users\Light\Videos\正常往返.mp4,1829,True,0.839723527431488,191.50372314453125,40.97235870361328,216.4872283935547,62.87393569946289
normal,C:\Users\Light\Videos\正常往返.mp4,1830,True,0.8407902121543884,191.4480438232422,40.97031784057617,216.54551696777344,62.81999206542969
normal,C:\Users\Light\Videos\正常往返.mp4,1831,True,0.8115326762199402,192.9862823486328,41.12535858154297,219.72315979003906,62.818603515625
normal,C:\Users\Light\Videos\正常往返.mp4,1832,True,0.8503543734550476,196.7853240966797,40.21315002441406,222.65577697753906,62.34193420410156
normal,C:\Users\Light\Videos\正常往返.mp4,1833,True,0.8501415252685547,196.7952117919922,40.20631408691406,222.6810302734375,62.333351135253906
normal,C:\Users\Light\Videos\正常往返.mp4,1834,True,0.8044312000274658,199.90646362304688,40.11160659790039,224.18898010253906,62.42192077636719
normal,C:\Users\Light\Videos\正常往返.mp4,1835,True,0.8043724298477173,203.27894592285156,40.47944259643555,226.26805114746094,61.93006134033203
normal,C:\Users\Light\Videos\正常往返.mp4,1836,True,0.8223257064819336,204.49905395507812,40.416019439697266,228.49102783203125,62.07439041137695
normal,C:\Users\Light\Videos\正常往返.mp4,1837,True,0.8042309880256653,205.67332458496094,40.86583709716797,230.62518310546875,63.15105438232422
normal,C:\Users\Light\Videos\正常往返.mp4,1838,True,0.8042508363723755,205.67446899414062,40.86189270019531,230.61927795410156,63.15907669067383
normal,C:\Users\Light\Videos\正常往返.mp4,1839,True,0.7998437881469727,207.4759521484375,40.88237762451172,232.16622924804688,63.18014144897461
normal,C:\Users\Light\Videos\正常往返.mp4,1840,True,0.8240439295768738,208.79782104492188,40.217811584472656,233.85195922851562,62.490970611572266
normal,C:\Users\Light\Videos\正常往返.mp4,1841,True,0.8234524726867676,208.80178833007812,40.240291595458984,233.8354949951172,62.56432342529297
normal,C:\Users\Light\Videos\正常往返.mp4,1842,True,0.8220374584197998,209.41136169433594,40.07691192626953,234.6507110595703,62.34756088256836
normal,C:\Users\Light\Videos\正常往返.mp4,1843,True,0.8228380680084229,209.38526916503906,40.09369659423828,234.66961669921875,62.38236618041992
normal,C:\Users\Light\Videos\正常往返.mp4,1844,True,0.7982789278030396,210.12904357910156,39.747108459472656,234.99855041503906,62.82402801513672
normal,C:\Users\Light\Videos\正常往返.mp4,1845,True,0.8070403933525085,210.60658264160156,39.30058288574219,235.20545959472656,62.409461975097656
normal,C:\Users\Light\Videos\正常往返.mp4,1846,True,0.806093156337738,210.6011962890625,39.29374694824219,235.22512817382812,62.40446472167969
normal,C:\Users\Light\Videos\正常往返.mp4,1847,True,0.8065005540847778,210.49977111816406,39.41703414916992,235.23727416992188,62.388484954833984
normal,C:\Users\Light\Videos\正常往返.mp4,1848,True,0.8082334399223328,210.69456481933594,39.24984359741211,235.15574645996094,62.328243255615234
normal,C:\Users\Light\Videos\正常往返.mp4,1849,True,0.8081157803535461,210.693603515625,39.246639251708984,235.17208862304688,62.322750091552734
normal,C:\Users\Light\Videos\正常往返.mp4,1850,True,0.8070680499076843,210.2310028076172,39.325775146484375,235.39532470703125,62.38395690917969
normal,C:\Users\Light\Videos\正常往返.mp4,1851,True,0.804178774356842,209.81680297851562,39.67007827758789,234.58380126953125,62.81459045410156
normal,C:\Users\Light\Videos\正常往返.mp4,1852,True,0.8044201135635376,209.8292236328125,39.64379119873047,234.6170196533203,62.80546951293945
normal,C:\Users\Light\Videos\正常往返.mp4,1853,True,0.8294742107391357,208.97010803222656,40.00634002685547,234.46937561035156,62.50401306152344
normal,C:\Users\Light\Videos\正常往返.mp4,1854,True,0.8295332789421082,208.97409057617188,40.002281188964844,234.47390747070312,62.50726318359375
normal,C:\Users\Light\Videos\正常往返.mp4,1855,True,0.819174587726593,209.0623016357422,40.01729965209961,233.32164001464844,62.036624908447266
normal,C:\Users\Light\Videos\正常往返.mp4,1856,True,0.7953371405601501,207.5872344970703,40.506446838378906,231.685791015625,62.50336456298828
normal,C:\Users\Light\Videos\正常往返.mp4,1857,True,0.7963600754737854,207.5948486328125,40.511783599853516,231.6468048095703,62.548099517822266
normal,C:\Users\Light\Videos\正常往返.mp4,1858,True,0.8060439229011536,206.04734802246094,40.514156341552734,229.96971130371094,62.74159622192383
normal,C:\Users\Light\Videos\正常往返.mp4,1859,True,0.8093636631965637,205.6969451904297,40.51182556152344,228.79241943359375,61.74290466308594
normal,C:\Users\Light\Videos\正常往返.mp4,1860,True,0.8247804045677185,203.5687713623047,40.345420837402344,227.1905975341797,61.573631286621094
normal,C:\Users\Light\Videos\正常往返.mp4,1861,True,0.7994414567947388,200.72036743164062,40.359745025634766,225.00674438476562,62.14375305175781
normal,C:\Users\Light\Videos\正常往返.mp4,1862,True,0.7998301982879639,200.72593688964844,40.36153793334961,225.01893615722656,62.146846771240234
normal,C:\Users\Light\Videos\正常往返.mp4,1863,True,0.8250609636306763,199.1621551513672,40.761444091796875,223.4573974609375,62.57727813720703
normal,C:\Users\Light\Videos\正常往返.mp4,1864,True,0.8257890343666077,199.1353759765625,40.75371170043945,223.46360778808594,62.57362365722656
normal,C:\Users\Light\Videos\正常往返.mp4,1865,True,0.833168625831604,196.47645568847656,40.45201110839844,221.8203125,62.386356353759766
normal,C:\Users\Light\Videos\正常往返.mp4,1866,True,0.8308849930763245,193.1881866455078,40.653377532958984,219.32080078125,62.787227630615234
normal,C:\Users\Light\Videos\正常往返.mp4,1867,True,0.8309380412101746,193.18406677246094,40.65593338012695,219.32891845703125,62.789737701416016
normal,C:\Users\Light\Videos\正常往返.mp4,1868,True,0.8421375155448914,191.2818145751953,40.574893951416016,216.4267120361328,61.906280517578125
normal,C:\Users\Light\Videos\正常往返.mp4,1869,True,0.7916842103004456,188.35000610351562,41.64570617675781,214.01255798339844,63.12339782714844
normal,C:\Users\Light\Videos\正常往返.mp4,1870,True,0.7910858988761902,188.3749237060547,41.679996490478516,214.00494384765625,63.15777587890625
normal,C:\Users\Light\Videos\正常往返.mp4,1871,True,0.8529452085494995,185.26832580566406,40.86083984375,211.3943634033203,63.00015640258789
normal,C:\Users\Light\Videos\正常往返.mp4,1872,True,0.7938122153282166,182.56288146972656,41.7548942565918,208.1109619140625,63.31980895996094
normal,C:\Users\Light\Videos\正常往返.mp4,1873,True,0.79397052526474,182.5013885498047,41.747276306152344,208.11439514160156,63.30694580078125
normal,C:\Users\Light\Videos\正常往返.mp4,1874,True,0.8642787933349609,180.89767456054688,41.53734588623047,206.08790588378906,62.6223030090332
normal,C:\Users\Light\Videos\正常往返.mp4,1875,True,0.8645811676979065,180.88308715820312,41.5517578125,206.1350860595703,62.66813278198242
normal,C:\Users\Light\Videos\正常往返.mp4,1876,True,0.8428280353546143,179.1408233642578,41.53131866455078,202.9091796875,62.4951171875
normal,C:\Users\Light\Videos\正常往返.mp4,1877,True,0.7786755561828613,176.9425506591797,42.62801742553711,200.70806884765625,64.29270935058594
normal,C:\Users\Light\Videos\正常往返.mp4,1878,True,0.7779400944709778,176.96543884277344,42.627235412597656,200.6819305419922,64.33069610595703
normal,C:\Users\Light\Videos\正常往返.mp4,1879,True,0.8068934082984924,175.31951904296875,42.625125885009766,198.3151397705078,64.73997497558594
normal,C:\Users\Light\Videos\正常往返.mp4,1880,True,0.7973062992095947,173.21646118164062,42.809146881103516,196.0446319580078,64.5993881225586
normal,C:\Users\Light\Videos\正常往返.mp4,1881,True,0.7980666756629944,173.21926879882812,42.79984664916992,196.0496063232422,64.6105728149414
normal,C:\Users\Light\Videos\正常往返.mp4,1882,True,0.7954601645469666,171.98580932617188,43.27232360839844,193.853271484375,64.007568359375
normal,C:\Users\Light\Videos\正常往返.mp4,1883,True,0.7975701689720154,171.9837188720703,43.27191925048828,193.84103393554688,63.984710693359375
normal,C:\Users\Light\Videos\正常往返.mp4,1884,True,0.8180807828903198,171.3907470703125,42.966854095458984,193.31898498535156,63.622230529785156
normal,C:\Users\Light\Videos\正常往返.mp4,1885,True,0.8204262852668762,171.2730712890625,42.911521911621094,193.25436401367188,63.63130569458008
normal,C:\Users\Light\Videos\正常往返.mp4,1886,True,0.8198723793029785,171.2753448486328,42.927703857421875,193.25819396972656,63.639686584472656
normal,C:\Users\Light\Videos\正常往返.mp4,1887,True,0.812724769115448,171.3235626220703,42.842044830322266,193.2681121826172,63.52090835571289
normal,C:\Users\Light\Videos\正常往返.mp4,1888,True,0.8131142854690552,171.3187713623047,42.83612823486328,193.2562255859375,63.514991760253906
normal,C:\Users\Light\Videos\正常往返.mp4,1889,True,0.7955099940299988,171.5817108154297,43.14296340942383,193.70416259765625,64.06404876708984
normal,C:\Users\Light\Videos\正常往返.mp4,1890,True,0.7938907742500305,171.968017578125,43.19379425048828,194.24371337890625,64.47592163085938
normal,C:\Users\Light\Videos\正常往返.mp4,1891,True,0.7944691777229309,171.9877471923828,43.20540237426758,194.23934936523438,64.48614501953125
normal,C:\Users\Light\Videos\正常往返.mp4,1892,True,0.797511637210846,172.98622131347656,42.987430572509766,195.27125549316406,64.47982025146484
normal,C:\Users\Light\Videos\正常往返.mp4,1893,True,0.7875908613204956,175.24807739257812,43.07700729370117,197.31224060058594,64.50611114501953
normal,C:\Users\Light\Videos\正常往返.mp4,1894,True,0.7872650623321533,175.2451934814453,43.07756805419922,197.3141632080078,64.50590515136719
normal,C:\Users\Light\Videos\正常往返.mp4,1895,True,0.7525368332862854,176.69683837890625,43.27021408081055,199.54945373535156,64.20752716064453
normal,C:\Users\Light\Videos\正常往返.mp4,1896,True,0.7780882716178894,178.84254455566406,42.98476028442383,201.73829650878906,64.66487121582031
normal,C:\Users\Light\Videos\正常往返.mp4,1897,True,0.7779763340950012,178.83094787597656,42.99052047729492,201.73529052734375,64.66991424560547
normal,C:\Users\Light\Videos\正常往返.mp4,1898,True,0.8083775639533997,181.86253356933594,42.7968635559082,203.7882843017578,63.86994171142578
normal,C:\Users\Light\Videos\正常往返.mp4,1899,True,0.8078759908676147,181.86741638183594,42.79549789428711,203.79185485839844,63.87489318847656
normal,C:\Users\Light\Videos\正常往返.mp4,1900,True,0.7901341915130615,183.72999572753906,42.67595672607422,206.772216796875,64.30509948730469
normal,C:\Users\Light\Videos\正常往返.mp4,1901,True,0.8031184673309326,187.34066772460938,42.942718505859375,210.66783142089844,63.93722152709961
normal,C:\Users\Light\Videos\正常往返.mp4,1902,True,0.8027310967445374,187.34056091308594,42.94325637817383,210.6766815185547,63.93238067626953
normal,C:\Users\Light\Videos\正常往返.mp4,1903,True,0.7642198204994202,190.78201293945312,43.62328338623047,214.40850830078125,64.29290771484375
normal,C:\Users\Light\Videos\正常往返.mp4,1904,True,0.7589669823646545,194.50694274902344,43.126895904541016,218.37094116210938,63.95573043823242
normal,C:\Users\Light\Videos\正常往返.mp4,1905,True,0.7590498924255371,194.4969024658203,43.13426971435547,218.38331604003906,63.955753326416016
normal,C:\Users\Light\Videos\正常往返.mp4,1906,True,0.7875325679779053,199.18289184570312,42.56049346923828,223.62774658203125,64.30196380615234
normal,C:\Users\Light\Videos\正常往返.mp4,1907,True,0.7878552079200745,199.19082641601562,42.55363464355469,223.6306610107422,64.2999496459961
normal,C:\Users\Light\Videos\正常往返.mp4,1908,True,0.811554491519928,204.1199951171875,42.69171142578125,228.5221405029297,64.14913940429688
normal,C:\Users\Light\Videos\正常往返.mp4,1909,True,0.7376290559768677,208.90682983398438,43.03346252441406,236.55320739746094,64.51177978515625
normal,C:\Users\Light\Videos\正常往返.mp4,1910,True,0.7387350797653198,208.89767456054688,43.115509033203125,236.4755096435547,64.57840728759766
normal,C:\Users\Light\Videos\正常往返.mp4,1911,True,0.779615044593811,216.76304626464844,42.604305267333984,242.0174102783203,64.61834716796875
normal,C:\Users\Light\Videos\正常往返.mp4,1912,True,0.7782707214355469,216.76535034179688,42.73606491088867,241.96139526367188,64.73338317871094
normal,C:\Users\Light\Videos\正常往返.mp4,1913,True,0.7610785961151123,224.6401824951172,43.17588424682617,251.28781127929688,65.21524810791016
normal,C:\Users\Light\Videos\正常往返.mp4,1914,True,0.7612573504447937,224.64987182617188,43.17729949951172,251.3076171875,65.22782135009766
normal,C:\Users\Light\Videos\正常往返.mp4,1915,True,0.7774837017059326,231.48703002929688,41.90538787841797,260.011474609375,64.17455291748047
normal,C:\Users\Light\Videos\正常往返.mp4,1916,True,0.7779483795166016,231.47604370117188,41.91139221191406,260.0184631347656,64.16326141357422
normal,C:\Users\Light\Videos\正常往返.mp4,1917,True,0.7986348867416382,238.60354614257812,43.23659896850586,269.1642150878906,65.12786865234375
normal,C:\Users\Light\Videos\正常往返.mp4,1918,True,0.7978647351264954,238.6211395263672,43.215171813964844,269.1275634765625,65.08331298828125
normal,C:\Users\Light\Videos\正常往返.mp4,1919,True,0.7663519382476807,246.91018676757812,42.48005676269531,277.5868835449219,63.65434265136719
normal,C:\Users\Light\Videos\正常往返.mp4,1920,True,0.7668384313583374,246.90574645996094,42.47609329223633,277.5806579589844,63.650691986083984
normal,C:\Users\Light\Videos\正常往返.mp4,1921,True,0.7668801546096802,246.90760803222656,42.47629165649414,277.5783996582031,63.65003967285156
normal,C:\Users\Light\Videos\正常往返.mp4,1922,True,0.7321354150772095,254.13906860351562,43.00291442871094,285.6368713378906,64.31283569335938
normal,C:\Users\Light\Videos\正常往返.mp4,1923,True,0.7316312789916992,254.13063049316406,43.01069259643555,285.6426696777344,64.30936431884766
normal,C:\Users\Light\Videos\正常往返.mp4,1924,True,0.7834795713424683,262.3385925292969,43.097267150878906,292.3111267089844,64.19979095458984
normal,C:\Users\Light\Videos\正常往返.mp4,1925,True,0.7842859029769897,262.355712890625,43.0789794921875,292.278076171875,64.18907928466797
normal,C:\Users\Light\Videos\正常往返.mp4,1926,True,0.7927212119102478,271.4915466308594,42.894691467285156,300.9736022949219,63.30537796020508
normal,C:\Users\Light\Videos\正常往返.mp4,1927,True,0.7916454076766968,271.40264892578125,42.907711029052734,300.9844970703125,63.385677337646484
normal,C:\Users\Light\Videos\正常往返.mp4,1928,True,0.7364733219146729,279.79046630859375,42.9871826171875,309.0037536621094,64.5001449584961
normal,C:\Users\Light\Videos\正常往返.mp4,1929,True,0.7369115948677063,279.76336669921875,42.980369567871094,308.98980712890625,64.494140625
normal,C:\Users\Light\Videos\正常往返.mp4,1930,True,0.7072359919548035,287.3902587890625,44.45985412597656,317.4239807128906,65.27627563476562
normal,C:\Users\Light\Videos\正常往返.mp4,1931,True,0.7386230230331421,296.2192687988281,43.601097106933594,324.69866943359375,64.17408752441406
normal,C:\Users\Light\Videos\正常往返.mp4,1932,True,0.7379650473594666,296.2341613769531,43.59688186645508,324.6845397949219,64.16763305664062
normal,C:\Users\Light\Videos\正常往返.mp4,1933,True,0.7289652228355408,304.20623779296875,43.00282669067383,334.0194091796875,63.84699249267578
normal,C:\Users\Light\Videos\正常往返.mp4,1934,True,0.7290908694267273,304.2135009765625,43.00145721435547,334.0146484375,63.847103118896484
normal,C:\Users\Light\Videos\正常往返.mp4,1935,True,0.7433494925498962,310.8164978027344,42.715309143066406,341.5182189941406,63.94858169555664
normal,C:\Users\Light\Videos\正常往返.mp4,1936,True,0.739156186580658,310.8197937011719,42.705291748046875,341.5215759277344,63.905216217041016
normal,C:\Users\Light\Videos\正常往返.mp4,1937,True,0.7805699706077576,317.32470703125,42.026790618896484,348.30181884765625,63.54585266113281
normal,C:\Users\Light\Videos\正常往返.mp4,1938,True,0.7815869450569153,317.3361511230469,41.840126037597656,349.0542297363281,63.42417907714844
normal,C:\Users\Light\Videos\正常往返.mp4,1939,True,0.7752190828323364,324.52471923828125,40.98161315917969,354.802978515625,62.89202117919922
normal,C:\Users\Light\Videos\正常往返.mp4,1940,True,0.780794084072113,324.5684509277344,41.01460266113281,354.7616882324219,62.974586486816406
normal,C:\Users\Light\Videos\正常往返.mp4,1941,True,0.7948749661445618,330.3764953613281,40.69873809814453,359.9609069824219,62.646034240722656
normal,C:\Users\Light\Videos\正常往返.mp4,1942,True,0.7948334813117981,330.3764953613281,40.69768524169922,359.961181640625,62.646728515625
normal,C:\Users\Light\Videos\正常往返.mp4,1943,True,0.7935633659362793,330.3863525390625,40.73076248168945,359.9572448730469,62.6616096496582
normal,C:\Users\Light\Videos\正常往返.mp4,1944,True,0.8226501941680908,335.7723693847656,40.21070861816406,365.7054138183594,62.223670959472656
normal,C:\Users\Light\Videos\正常往返.mp4,1945,True,0.8225188255310059,335.7895812988281,40.268394470214844,365.68896484375,62.2666130065918
normal,C:\Users\Light\Videos\正常往返.mp4,1946,True,0.8092791438102722,342.28228759765625,40.20860290527344,371.70977783203125,62.745094299316406
normal,C:\Users\Light\Videos\正常往返.mp4,1947,True,0.8084920048713684,342.25244140625,40.21135711669922,371.7242736816406,62.75376510620117
normal,C:\Users\Light\Videos\正常往返.mp4,1948,True,0.839776337146759,347.2120666503906,40.27639389038086,376.3612365722656,62.22172164916992
normal,C:\Users\Light\Videos\正常往返.mp4,1949,True,0.839802622795105,347.2359313964844,40.268821716308594,376.3452453613281,62.218135833740234
normal,C:\Users\Light\Videos\正常往返.mp4,1950,True,0.8155936002731323,348.7252197265625,41.534523010253906,379.20269775390625,62.59074783325195
normal,C:\Users\Light\Videos\正常往返.mp4,1951,True,0.8164898753166199,348.7935791015625,41.43132019042969,379.229248046875,62.511924743652344
normal,C:\Users\Light\Videos\正常往返.mp4,1952,True,0.8165930509567261,353.4836730957031,41.144386291503906,382.3958435058594,61.634498596191406
normal,C:\Users\Light\Videos\正常往返.mp4,1953,True,0.8165130019187927,353.45770263671875,41.13905334472656,382.3739929199219,61.64714050292969
normal,C:\Users\Light\Videos\正常往返.mp4,1954,True,0.7532167434692383,359.2207946777344,40.35588836669922,386.49505615234375,60.82659149169922
normal,C:\Users\Light\Videos\正常往返.mp4,1955,True,0.7855122685432434,359.8934631347656,40.43105697631836,388.7398376464844,61.84142303466797
normal,C:\Users\Light\Videos\正常往返.mp4,1956,True,0.7853729724884033,359.894775390625,40.429420471191406,388.7379150390625,61.8421630859375
normal,C:\Users\Light\Videos\正常往返.mp4,1957,True,0.5048112869262695,363.1725769042969,41.61105728149414,391.6524658203125,61.6289176940918
normal,C:\Users\Light\Videos\正常往返.mp4,1958,True,0.4973612129688263,363.1807556152344,41.62139129638672,391.66253662109375,61.63857650756836
normal,C:\Users\Light\Videos\正常往返.mp4,1959,True,0.735467791557312,364.23773193359375,40.6934928894043,392.43927001953125,61.909507751464844
normal,C:\Users\Light\Videos\正常往返.mp4,1960,True,0.735056459903717,364.2310791015625,40.698402404785156,392.4386901855469,61.91136932373047
normal,C:\Users\Light\Videos\正常往返.mp4,1961,True,0.7374678254127502,364.66705322265625,40.786746978759766,393.4263916015625,61.97349166870117
normal,C:\Users\Light\Videos\正常往返.mp4,1962,True,0.7413806319236755,364.6796875,40.80171585083008,393.43145751953125,62.042564392089844
normal,C:\Users\Light\Videos\正常往返.mp4,1963,True,0.7398014664649963,365.82379150390625,40.11736297607422,394.2705993652344,61.11980056762695
normal,C:\Users\Light\Videos\正常往返.mp4,1964,True,0.7389209270477295,365.8470153808594,40.115325927734375,394.3139343261719,61.091941833496094
normal,C:\Users\Light\Videos\正常往返.mp4,1965,True,0.7564859986305237,366.2856140136719,40.30597686767578,395.12066650390625,60.61025619506836
normal,C:\Users\Light\Videos\正常往返.mp4,1966,True,0.7564859986305237,366.2856140136719,40.30597686767578,395.12066650390625,60.61025619506836
normal,C:\Users\Light\Videos\正常往返.mp4,1967,True,0.7564027905464172,366.27996826171875,40.293025970458984,395.108642578125,60.60805892944336
normal,C:\Users\Light\Videos\正常往返.mp4,1968,True,0.7307296395301819,366.06890869140625,39.825008392333984,394.2474060058594,60.33192825317383
normal,C:\Users\Light\Videos\正常往返.mp4,1969,True,0.7283132076263428,366.06427001953125,39.80725860595703,394.2461242675781,60.32032012939453
normal,C:\Users\Light\Videos\正常往返.mp4,1970,True,0.7532035708427429,364.5390930175781,40.63322830200195,392.5135498046875,62.13673782348633
normal,C:\Users\Light\Videos\正常往返.mp4,1971,True,0.7532705068588257,364.5426025390625,40.629127502441406,392.5086669921875,62.13909149169922
normal,C:\Users\Light\Videos\正常往返.mp4,1972,True,0.7375788688659668,364.1139831542969,40.54728317260742,391.63458251953125,61.905879974365234
normal,C:\Users\Light\Videos\正常往返.mp4,1973,True,0.7378183603286743,364.1178894042969,40.54383087158203,391.64581298828125,61.91376876831055
normal,C:\Users\Light\Videos\正常往返.mp4,1974,True,0.7489252090454102,360.9257507324219,40.94640350341797,389.9311828613281,61.106082916259766
normal,C:\Users\Light\Videos\正常往返.mp4,1975,True,0.7470045685768127,360.96685791015625,40.95138168334961,389.98138427734375,61.1101188659668
normal,C:\Users\Light\Videos\正常往返.mp4,1976,True,0.7682294249534607,359.8937683105469,40.216556549072266,388.563720703125,61.45426559448242
normal,C:\Users\Light\Videos\正常往返.mp4,1977,True,0.7696889042854309,359.88043212890625,40.234439849853516,388.52288818359375,61.45408630371094
normal,C:\Users\Light\Videos\正常往返.mp4,1978,True,0.736662745475769,357.9768981933594,41.7305793762207,386.1421203613281,62.50455093383789
normal,C:\Users\Light\Videos\正常往返.mp4,1979,True,0.8265420198440552,354.0428161621094,41.37004852294922,382.2533264160156,61.83151626586914
normal,C:\Users\Light\Videos\正常往返.mp4,1980,True,0.8265755772590637,354.0694580078125,41.341495513916016,382.2294616699219,61.81215286254883
normal,C:\Users\Light\Videos\正常往返.mp4,1981,True,0.7500417828559875,350.7476806640625,42.06867599487305,379.3495178222656,63.31633758544922
normal,C:\Users\Light\Videos\正常往返.mp4,1982,True,0.7500742673873901,350.6878662109375,42.067508697509766,379.3717956542969,63.33005142211914
normal,C:\Users\Light\Videos\正常往返.mp4,1983,True,0.8278226256370544,347.7578125,40.30057907104492,376.53594970703125,62.5329475402832
normal,C:\Users\Light\Videos\正常往返.mp4,1984,True,0.8274813294410706,347.74603271484375,40.30543899536133,376.54412841796875,62.54467010498047
normal,C:\Users\Light\Videos\正常往返.mp4,1985,True,0.7927202582359314,342.68212890625,41.82060623168945,372.7892150878906,63.35997009277344
normal,C:\Users\Light\Videos\正常往返.mp4,1986,True,0.7935279607772827,342.6716613769531,41.83208084106445,372.7862548828125,63.353294372558594
normal,C:\Users\Light\Videos\正常往返.mp4,1987,True,0.7745644450187683,340.5925598144531,40.86894989013672,368.9867858886719,61.5609016418457
normal,C:\Users\Light\Videos\正常往返.mp4,1988,True,0.7761572003364563,340.5655822753906,40.87159729003906,369.0155944824219,61.57456970214844
normal,C:\Users\Light\Videos\正常往返.mp4,1989,True,0.7745270133018494,340.59442138671875,40.868770599365234,368.98529052734375,61.56045150756836
normal,C:\Users\Light\Videos\正常往返.mp4,1990,True,0.8156230449676514,335.1925964355469,41.219085693359375,364.62030029296875,61.968135833740234
normal,C:\Users\Light\Videos\正常往返.mp4,1991,True,0.8149811029434204,335.1761169433594,41.203128814697266,364.6168212890625,61.9649543762207
normal,C:\Users\Light\Videos\正常往返.mp4,1992,True,0.832530677318573,330.6117858886719,40.7254524230957,358.4708557128906,62.68659973144531
normal,C:\Users\Light\Videos\正常往返.mp4,1993,True,0.8289121389389038,330.5375061035156,40.849609375,358.4617919921875,62.87974166870117
normal,C:\Users\Light\Videos\正常往返.mp4,1994,True,0.8094430565834045,324.6518249511719,41.34675979614258,353.6651611328125,63.41674041748047
normal,C:\Users\Light\Videos\正常往返.mp4,1995,True,0.8090943098068237,324.6416931152344,41.352745056152344,353.6749572753906,63.433345794677734
normal,C:\Users\Light\Videos\正常往返.mp4,1996,True,0.8042261004447937,318.4356384277344,41.15391159057617,348.1304016113281,63.140968322753906
normal,C:\Users\Light\Videos\正常往返.mp4,1997,True,0.8030696511268616,318.4342956542969,41.153778076171875,348.2240905761719,63.147735595703125
normal,C:\Users\Light\Videos\正常往返.mp4,1998,True,0.7485683560371399,311.5840148925781,41.541648864746094,343.3828430175781,63.552284240722656
normal,C:\Users\Light\Videos\正常往返.mp4,1999,True,0.7483591437339783,311.60772705078125,41.534881591796875,343.37469482421875,63.5427360534668
normal,C:\Users\Light\Videos\正常往返.mp4,2000,True,0.7484384179115295,306.9026184082031,42.81293487548828,336.0085144042969,63.472476959228516
normal,C:\Users\Light\Videos\正常往返.mp4,2001,True,0.7489601969718933,306.88055419921875,42.77360153198242,336.0373840332031,63.44511032104492
normal,C:\Users\Light\Videos\正常往返.mp4,2002,True,0.7457558512687683,300.1699523925781,41.83279800415039,331.40362548828125,63.15790939331055
normal,C:\Users\Light\Videos\正常往返.mp4,2003,True,0.7500969767570496,300.1559753417969,41.80164337158203,331.387451171875,63.14908218383789
normal,C:\Users\Light\Videos\正常往返.mp4,2004,True,0.7267730832099915,292.72198486328125,42.749732971191406,323.78851318359375,63.53643798828125
normal,C:\Users\Light\Videos\正常往返.mp4,2005,True,0.7072889804840088,284.9020690917969,43.365196228027344,316.50262451171875,64.05857849121094
normal,C:\Users\Light\Videos\正常往返.mp4,2006,True,0.7071890830993652,284.9000244140625,43.357933044433594,316.5385437011719,64.06588745117188
normal,C:\Users\Light\Videos\正常往返.mp4,2007,True,0.7445226311683655,277.707763671875,42.720890045166016,308.5212707519531,63.90705490112305
normal,C:\Users\Light\Videos\正常往返.mp4,2008,True,0.7432512044906616,277.6838073730469,42.75726318359375,308.50701904296875,63.90393829345703
normal,C:\Users\Light\Videos\正常往返.mp4,2009,True,0.7701030373573303,270.86871337890625,42.81136703491211,301.1982727050781,63.41331100463867
normal,C:\Users\Light\Videos\正常往返.mp4,2010,True,0.7689194083213806,270.8807373046875,42.79240417480469,301.201416015625,63.38977813720703
normal,C:\Users\Light\Videos\正常往返.mp4,2011,True,0.7909636497497559,263.3424377441406,42.42884826660156,293.4584045410156,63.443790435791016
normal,C:\Users\Light\Videos\正常往返.mp4,2012,True,0.7912877798080444,263.3352966308594,42.42420959472656,293.4612121582031,63.44896697998047
normal,C:\Users\Light\Videos\正常往返.mp4,2013,True,0.790921151638031,263.344970703125,42.43037414550781,293.45697021484375,63.442623138427734
normal,C:\Users\Light\Videos\正常往返.mp4,2014,True,0.7556067705154419,256.7117004394531,42.58232116699219,286.50152587890625,64.30330657958984
normal,C:\Users\Light\Videos\正常往返.mp4,2015,True,0.7567376494407654,256.7335510253906,42.54487228393555,286.5629577636719,64.24707794189453
normal,C:\Users\Light\Videos\正常往返.mp4,2016,True,0.7749194502830505,248.01617431640625,42.696754455566406,280.1068115234375,63.99699020385742
normal,C:\Users\Light\Videos\正常往返.mp4,2017,True,0.7724856734275818,247.9363555908203,42.68922424316406,280.1316833496094,63.9544563293457
normal,C:\Users\Light\Videos\正常往返.mp4,2018,True,0.7782133221626282,241.66433715820312,43.02301788330078,270.9304504394531,64.99254608154297
normal,C:\Users\Light\Videos\正常往返.mp4,2019,True,0.7789903879165649,241.65158081054688,43.017616271972656,270.9297790527344,65.00086212158203
normal,C:\Users\Light\Videos\正常往返.mp4,2020,True,0.7582054734230042,235.29324340820312,42.433937072753906,264.5548400878906,64.28692626953125
normal,C:\Users\Light\Videos\正常往返.mp4,2021,True,0.7587366700172424,235.2179412841797,42.43008041381836,264.5487365722656,64.32453155517578
normal,C:\Users\Light\Videos\正常往返.mp4,2022,True,0.7967669367790222,228.97579956054688,42.92934036254883,255.31871032714844,64.76435852050781
normal,C:\Users\Light\Videos\正常往返.mp4,2023,True,0.7958047389984131,228.949951171875,42.95188522338867,255.3247528076172,64.76587677001953
normal,C:\Users\Light\Videos\正常往返.mp4,2024,True,0.698408305644989,222.5921173095703,43.03052520751953,248.06350708007812,65.51776123046875
normal,C:\Users\Light\Videos\正常往返.mp4,2025,True,0.6964538097381592,222.60772705078125,43.055179595947266,248.06947326660156,65.5186538696289
normal,C:\Users\Light\Videos\正常往返.mp4,2026,True,0.7819766402244568,217.05198669433594,42.453521728515625,241.54664611816406,64.38374328613281
normal,C:\Users\Light\Videos\正常往返.mp4,2027,True,0.7813522219657898,217.0718994140625,42.46242141723633,241.54782104492188,64.37901306152344
normal,C:\Users\Light\Videos\正常往返.mp4,2028,True,0.7599920630455017,212.62530517578125,42.417911529541016,236.67044067382812,64.88690185546875
normal,C:\Users\Light\Videos\正常往返.mp4,2029,True,0.7801632881164551,206.24862670898438,43.0558967590332,230.07977294921875,64.57899475097656
normal,C:\Users\Light\Videos\正常往返.mp4,2030,True,0.7801633477210999,206.24806213378906,43.05587387084961,230.05474853515625,64.58394622802734
normal,C:\Users\Light\Videos\正常往返.mp4,2031,True,0.8032115697860718,202.13426208496094,42.29106521606445,226.82574462890625,63.58390426635742
normal,C:\Users\Light\Videos\正常往返.mp4,2032,True,0.7972804307937622,202.1912078857422,42.33355712890625,226.80831909179688,63.584354400634766
normal,C:\Users\Light\Videos\正常往返.mp4,2033,True,0.7821330428123474,198.2941131591797,42.43014907836914,222.09779357910156,64.57560729980469
normal,C:\Users\Light\Videos\正常往返.mp4,2034,True,0.7824903726577759,198.2811737060547,42.43104553222656,222.1034393310547,64.5761489868164
normal,C:\Users\Light\Videos\正常往返.mp4,2035,True,0.7824903726577759,198.2811737060547,42.43104553222656,222.1034393310547,64.5761489868164
normal,C:\Users\Light\Videos\正常往返.mp4,2036,True,0.7692365050315857,194.34930419921875,43.12393569946289,217.8201141357422,64.22502899169922
normal,C:\Users\Light\Videos\正常往返.mp4,2037,True,0.7704014778137207,194.37962341308594,43.1065673828125,217.7826690673828,64.24764251708984
normal,C:\Users\Light\Videos\正常往返.mp4,2038,True,0.8306376338005066,191.4656982421875,42.932926177978516,215.71279907226562,63.72724914550781
normal,C:\Users\Light\Videos\正常往返.mp4,2039,True,0.8306245803833008,191.44610595703125,42.95145797729492,215.6754608154297,63.749412536621094
normal,C:\Users\Light\Videos\正常往返.mp4,2040,True,0.723135769367218,188.25054931640625,43.25831604003906,213.5519256591797,64.10713958740234
normal,C:\Users\Light\Videos\正常往返.mp4,2041,True,0.7222987413406372,188.26126098632812,43.26360321044922,213.56138610839844,64.09620666503906
normal,C:\Users\Light\Videos\正常往返.mp4,2042,True,0.7944691777229309,187.214111328125,42.626380920410156,210.9445343017578,64.1630630493164
normal,C:\Users\Light\Videos\正常往返.mp4,2043,True,0.7944875359535217,187.21864318847656,42.61674499511719,210.9458465576172,64.15557098388672
normal,C:\Users\Light\Videos\正常往返.mp4,2044,True,0.8280693888664246,186.1632080078125,42.45305252075195,210.00344848632812,63.66624450683594
normal,C:\Users\Light\Videos\正常往返.mp4,2045,True,0.8284107446670532,186.15216064453125,42.45206832885742,210.01377868652344,63.66987609863281
normal,C:\Users\Light\Videos\正常往返.mp4,2046,True,0.8188539743423462,185.41957092285156,42.51519775390625,209.0655517578125,63.90723419189453
normal,C:\Users\Light\Videos\正常往返.mp4,2047,True,0.818161129951477,185.42298889160156,42.510894775390625,209.05360412597656,63.915348052978516
normal,C:\Users\Light\Videos\正常往返.mp4,2048,True,0.8251256346702576,185.38302612304688,42.15224838256836,209.00669860839844,63.42770004272461
normal,C:\Users\Light\Videos\正常往返.mp4,2049,True,0.825856626033783,185.38711547851562,42.13888931274414,209.01502990722656,63.424652099609375
normal,C:\Users\Light\Videos\正常往返.mp4,2050,True,0.8285576701164246,185.42568969726562,42.237388610839844,209.15122985839844,63.63628005981445
normal,C:\Users\Light\Videos\正常往返.mp4,2051,True,0.8317779898643494,185.4399871826172,42.23579788208008,209.26454162597656,63.639530181884766
normal,C:\Users\Light\Videos\正常往返.mp4,2052,True,0.836331844329834,186.0876922607422,42.12701416015625,210.2889404296875,63.7080192565918
normal,C:\Users\Light\Videos\正常往返.mp4,2053,True,0.8018468618392944,186.96987915039062,42.65623474121094,210.5414276123047,64.29412078857422
normal,C:\Users\Light\Videos\正常往返.mp4,2054,True,0.8022798895835876,186.96661376953125,42.66506576538086,210.54507446289062,64.28434753417969
normal,C:\Users\Light\Videos\正常往返.mp4,2055,True,0.7473157048225403,187.93186950683594,43.071651458740234,211.69793701171875,64.51729583740234
normal,C:\Users\Light\Videos\正常往返.mp4,2056,True,0.7466108202934265,187.94744873046875,43.07286071777344,211.6934814453125,64.51962280273438
normal,C:\Users\Light\Videos\正常往返.mp4,2057,True,0.7453972697257996,190.16891479492188,43.168399810791016,213.7363739013672,64.0177230834961
normal,C:\Users\Light\Videos\正常往返.mp4,2058,True,0.7452842593193054,190.1666717529297,43.171470642089844,213.74456787109375,64.01640319824219
normal,C:\Users\Light\Videos\正常往返.mp4,2059,True,0.7452842593193054,190.1666717529297,43.171470642089844,213.74456787109375,64.01640319824219
normal,C:\Users\Light\Videos\正常往返.mp4,2060,True,0.7987040281295776,192.92359924316406,43.11929702758789,215.79092407226562,63.93128204345703
normal,C:\Users\Light\Videos\正常往返.mp4,2061,True,0.798416793346405,192.91928100585938,43.12082290649414,215.7811279296875,63.94409942626953
normal,C:\Users\Light\Videos\正常往返.mp4,2062,True,0.7637710571289062,195.09523010253906,42.96057891845703,218.17959594726562,64.03536224365234
normal,C:\Users\Light\Videos\正常往返.mp4,2063,True,0.7636159062385559,195.10682678222656,42.94997787475586,218.17343139648438,64.0300064086914
normal,C:\Users\Light\Videos\正常往返.mp4,2064,True,0.7917737364768982,198.65737915039062,42.27772903442383,222.2411651611328,64.19306945800781
normal,C:\Users\Light\Videos\正常往返.mp4,2065,True,0.7911429405212402,198.67922973632812,42.28523635864258,222.2217254638672,64.20716857910156
normal,C:\Users\Light\Videos\正常往返.mp4,2066,True,0.7692463994026184,202.14874267578125,42.58839416503906,225.76416015625,63.44919204711914
normal,C:\Users\Light\Videos\正常往返.mp4,2067,True,0.7671685218811035,202.15248107910156,42.60204315185547,225.75535583496094,63.47337341308594
normal,C:\Users\Light\Videos\正常往返.mp4,2068,True,0.7853684425354004,205.18585205078125,42.55166244506836,229.1375732421875,64.24114227294922
normal,C:\Users\Light\Videos\正常往返.mp4,2069,True,0.7843055725097656,205.18264770507812,42.56270980834961,229.1122283935547,64.21507263183594
normal,C:\Users\Light\Videos\正常往返.mp4,2070,True,0.8086256384849548,209.95779418945312,41.94841766357422,234.92587280273438,63.95165252685547
normal,C:\Users\Light\Videos\正常往返.mp4,2071,True,0.8081671595573425,209.92849731445312,41.9488639831543,234.930419921875,63.903289794921875
normal,C:\Users\Light\Videos\正常往返.mp4,2072,True,0.8027780055999756,215.18014526367188,41.35740661621094,239.49301147460938,63.68206787109375
normal,C:\Users\Light\Videos\正常往返.mp4,2073,True,0.8024308681488037,215.20594787597656,41.401222229003906,239.4626922607422,63.725521087646484
normal,C:\Users\Light\Videos\正常往返.mp4,2074,True,0.783069372177124,219.4368133544922,42.588844299316406,243.5299530029297,64.65760803222656
normal,C:\Users\Light\Videos\正常往返.mp4,2075,True,0.7349877953529358,224.08432006835938,42.95652389526367,249.48348999023438,64.8758544921875
normal,C:\Users\Light\Videos\正常往返.mp4,2076,True,0.7349122166633606,224.0753936767578,42.95724105834961,249.4876251220703,64.87459564208984
normal,C:\Users\Light\Videos\正常往返.mp4,2077,True,0.7785559892654419,229.24412536621094,43.03834915161133,254.9650421142578,64.65507507324219
normal,C:\Users\Light\Videos\正常往返.mp4,2078,True,0.7765008211135864,229.22854614257812,43.02557373046875,254.967041015625,64.62738037109375
normal,C:\Users\Light\Videos\正常往返.mp4,2079,True,0.7432147860527039,234.3613739013672,42.91806411743164,262.7322692871094,64.92398834228516
normal,C:\Users\Light\Videos\正常往返.mp4,2080,True,0.7432147860527039,234.3613739013672,42.91806411743164,262.7322692871094,64.92398834228516
normal,C:\Users\Light\Videos\正常往返.mp4,2081,True,0.7434093952178955,234.36941528320312,42.92591094970703,262.7168273925781,64.9269027709961
normal,C:\Users\Light\Videos\正常往返.mp4,2082,True,0.8029059171676636,239.63233947753906,43.452239990234375,268.4810485839844,65.46887969970703
normal,C:\Users\Light\Videos\正常往返.mp4,2083,True,0.8034441471099854,239.6689910888672,43.42359924316406,268.4754943847656,65.47775268554688
normal,C:\Users\Light\Videos\正常往返.mp4,2084,True,0.7460765838623047,244.8744659423828,42.788753509521484,274.3080139160156,64.31986999511719
normal,C:\Users\Light\Videos\正常往返.mp4,2085,True,0.7459564805030823,244.87460327148438,42.794063568115234,274.30499267578125,64.31859588623047
normal,C:\Users\Light\Videos\正常往返.mp4,2086,True,0.7829638719558716,250.28494262695312,42.83926773071289,280.5782470703125,63.83556365966797
normal,C:\Users\Light\Videos\正常往返.mp4,2087,True,0.782516598701477,250.30653381347656,42.84206771850586,280.5500183105469,63.83720016479492
normal,C:\Users\Light\Videos\正常往返.mp4,2088,True,0.7560588121414185,255.86532592773438,42.67478942871094,284.79827880859375,65.07676696777344
normal,C:\Users\Light\Videos\正常往返.mp4,2089,True,0.7497567534446716,255.82669067382812,42.74099349975586,284.79345703125,65.12710571289062
normal,C:\Users\Light\Videos\正常往返.mp4,2090,True,0.8154196739196777,260.5490417480469,42.686222076416016,288.7941589355469,64.73638916015625
normal,C:\Users\Light\Videos\正常往返.mp4,2091,True,0.8152146935462952,260.5489807128906,42.68731689453125,288.795166015625,64.74066925048828
normal,C:\Users\Light\Videos\正常往返.mp4,2092,True,0.8448948264122009,265.3025207519531,41.14456558227539,293.8777160644531,62.60912322998047
normal,C:\Users\Light\Videos\正常往返.mp4,2093,True,0.8445683717727661,265.3004455566406,41.131187438964844,293.8837890625,62.6234016418457
normal,C:\Users\Light\Videos\正常往返.mp4,2094,True,0.8219408988952637,270.9061584472656,41.24496841430664,297.9833679199219,62.55067443847656
normal,C:\Users\Light\Videos\正常往返.mp4,2095,True,0.8213382959365845,270.8909606933594,41.25388717651367,297.9631042480469,62.53933334350586
normal,C:\Users\Light\Videos\正常往返.mp4,2096,True,0.8373827934265137,273.0174560546875,41.847679138183594,300.91796875,63.29287338256836
normal,C:\Users\Light\Videos\正常往返.mp4,2097,True,0.8373904824256897,273.0143737792969,41.84212112426758,300.9158630371094,63.277496337890625
normal,C:\Users\Light\Videos\正常往返.mp4,2098,True,0.8342174291610718,277.5594482421875,40.799320220947266,304.447998046875,62.98704528808594
normal,C:\Users\Light\Videos\正常往返.mp4,2099,True,0.830569863319397,278.3975524902344,41.07045364379883,305.9068603515625,63.203495025634766
normal,C:\Users\Light\Videos\正常往返.mp4,2100,True,0.830513596534729,278.39874267578125,41.06792068481445,305.90081787109375,63.20669937133789
normal,C:\Users\Light\Videos\正常往返.mp4,2101,True,0.8061822056770325,282.8052673339844,40.37623977661133,309.0973815917969,61.78880310058594
normal,C:\Users\Light\Videos\正常往返.mp4,2102,True,0.8046074509620667,282.7839660644531,40.373748779296875,309.0880126953125,61.80908203125
normal,C:\Users\Light\Videos\正常往返.mp4,2103,True,0.8061668872833252,282.8082580566406,40.37455749511719,309.1009216308594,61.79030227661133
normal,C:\Users\Light\Videos\正常往返.mp4,2104,True,0.8323593139648438,283.5593566894531,40.500308990478516,310.4129638671875,61.79933547973633
normal,C:\Users\Light\Videos\正常往返.mp4,2105,True,0.8326263427734375,283.6221618652344,40.48197555541992,310.4416809082031,61.754241943359375
normal,C:\Users\Light\Videos\正常往返.mp4,2106,True,0.8314230442047119,284.2366027832031,40.59306716918945,311.2812805175781,61.93239212036133
normal,C:\Users\Light\Videos\正常往返.mp4,2107,True,0.8314619660377502,284.18994140625,40.61893081665039,311.2659912109375,61.94825744628906
normal,C:\Users\Light\Videos\正常往返.mp4,2108,True,0.8300716876983643,284.69415283203125,40.76164627075195,311.0519104003906,61.84377670288086
normal,C:\Users\Light\Videos\正常往返.mp4,2109,True,0.830048680305481,284.69195556640625,40.75956344604492,311.05328369140625,61.865806579589844
normal,C:\Users\Light\Videos\正常往返.mp4,2110,True,0.8276426792144775,284.5150451660156,40.4732551574707,310.9546203613281,61.83561706542969
normal,C:\Users\Light\Videos\正常往返.mp4,2111,True,0.8279291391372681,284.5280456542969,40.48381423950195,310.9471435546875,61.82986068725586
normal,C:\Users\Light\Videos\正常往返.mp4,2112,True,0.835745096206665,284.4329528808594,40.786590576171875,310.5717468261719,61.647342681884766
normal,C:\Users\Light\Videos\正常往返.mp4,2113,True,0.8351312875747681,284.42596435546875,40.77513885498047,310.5859375,61.65341567993164
normal,C:\Users\Light\Videos\正常往返.mp4,2114,True,0.8127201795578003,283.253173828125,40.642059326171875,309.3854675292969,61.87882614135742
normal,C:\Users\Light\Videos\正常往返.mp4,2115,True,0.8122047185897827,283.2327575683594,40.647727966308594,309.36444091796875,61.88364791870117
normal,C:\Users\Light\Videos\正常往返.mp4,2116,True,0.8304429054260254,279.7729187011719,41.10770034790039,307.8525390625,62.52873611450195
normal,C:\Users\Light\Videos\正常往返.mp4,2117,True,0.8323065638542175,279.7965393066406,41.13239669799805,307.77947998046875,62.59403991699219
normal,C:\Users\Light\Videos\正常往返.mp4,2118,True,0.8396226763725281,277.9947814941406,41.100616455078125,305.52386474609375,62.99717712402344
normal,C:\Users\Light\Videos\正常往返.mp4,2119,True,0.8395651578903198,278.00885009765625,41.10254669189453,305.5270690917969,63.00788879394531
normal,C:\Users\Light\Videos\正常往返.mp4,2120,True,0.8371026515960693,277.5628967285156,41.01406478881836,303.7938537597656,62.64657211303711
normal,C:\Users\Light\Videos\正常往返.mp4,2121,True,0.8369364142417908,277.5874938964844,41.000484466552734,303.7875671386719,62.614078521728516
normal,C:\Users\Light\Videos\正常往返.mp4,2122,True,0.845028281211853,273.25048828125,41.9475212097168,300.2806396484375,63.38859176635742
normal,C:\Users\Light\Videos\正常往返.mp4,2123,True,0.8451359272003174,273.23297119140625,41.94330596923828,300.2952575683594,63.3957633972168
normal,C:\Users\Light\Videos\正常往返.mp4,2124,True,0.8381009101867676,271.2918395996094,41.178138732910156,298.2864074707031,62.381019592285156
normal,C:\Users\Light\Videos\正常往返.mp4,2125,True,0.8439954519271851,265.71142578125,41.30021286010742,294.18798828125,62.929359436035156
normal,C:\Users\Light\Videos\正常往返.mp4,2126,True,0.8443565368652344,265.7179870605469,41.28414535522461,294.1758728027344,62.90078353881836
normal,C:\Users\Light\Videos\正常往返.mp4,2127,True,0.8440039157867432,265.710693359375,41.3004150390625,294.188720703125,62.9288444519043
normal,C:\Users\Light\Videos\正常往返.mp4,2128,True,0.798107385635376,261.3673400878906,42.38404846191406,289.9209289550781,64.27388000488281
normal,C:\Users\Light\Videos\正常往返.mp4,2129,True,0.79775071144104,261.3930358886719,42.38673782348633,289.9109191894531,64.26747131347656
normal,C:\Users\Light\Videos\正常往返.mp4,2130,True,0.8048043847084045,258.81536865234375,41.4784049987793,287.09112548828125,63.86832809448242
normal,C:\Users\Light\Videos\正常往返.mp4,2131,True,0.8059778213500977,258.8226318359375,41.467044830322266,287.08184814453125,63.84275817871094
normal,C:\Users\Light\Videos\正常往返.mp4,2132,True,0.8121689558029175,254.48065185546875,41.657493591308594,281.864990234375,63.77982711791992
normal,C:\Users\Light\Videos\正常往返.mp4,2133,True,0.8121447563171387,254.48605346679688,41.657562255859375,281.8590087890625,63.77635192871094
normal,C:\Users\Light\Videos\正常往返.mp4,2134,True,0.8126997947692871,248.06866455078125,41.2235221862793,276.771728515625,63.071807861328125
normal,C:\Users\Light\Videos\正常往返.mp4,2135,True,0.8126130700111389,248.06411743164062,41.22614288330078,276.77203369140625,63.07698440551758
normal,C:\Users\Light\Videos\正常往返.mp4,2136,True,0.8102685809135437,242.3105010986328,42.00771713256836,270.68096923828125,64.13479614257812
normal,C:\Users\Light\Videos\正常往返.mp4,2137,True,0.8119406700134277,242.30709838867188,41.983062744140625,270.7165222167969,64.08576202392578
normal,C:\Users\Light\Videos\正常往返.mp4,2138,True,0.8028827905654907,236.54122924804688,42.183197021484375,265.7456970214844,64.28912353515625
normal,C:\Users\Light\Videos\正常往返.mp4,2139,True,0.8029021620750427,236.54490661621094,42.182456970214844,265.7398986816406,64.29075622558594
normal,C:\Users\Light\Videos\正常往返.mp4,2140,True,0.7662391066551208,230.98171997070312,42.174659729003906,260.1387939453125,64.46794128417969
normal,C:\Users\Light\Videos\正常往返.mp4,2141,True,0.7664878964424133,231.0052947998047,42.16013717651367,260.0950012207031,64.47305297851562
normal,C:\Users\Light\Videos\正常往返.mp4,2142,True,0.7760317921638489,226.39109802246094,42.292789459228516,253.40797424316406,64.21247863769531
normal,C:\Users\Light\Videos\正常往返.mp4,2143,True,0.7735055088996887,226.38565063476562,42.313228607177734,253.39759826660156,64.21875
normal,C:\Users\Light\Videos\正常往返.mp4,2144,True,0.7866846323013306,220.68814086914062,42.442745208740234,247.40054321289062,64.86973571777344
normal,C:\Users\Light\Videos\正常往返.mp4,2145,True,0.7862197160720825,220.68496704101562,42.43169403076172,247.40896606445312,64.87984466552734
normal,C:\Users\Light\Videos\正常往返.mp4,2146,True,0.7667697072029114,215.8027801513672,42.78005599975586,241.43612670898438,64.1075439453125
normal,C:\Users\Light\Videos\正常往返.mp4,2147,True,0.78005051612854,210.3662872314453,41.967041015625,236.73529052734375,64.51500701904297
normal,C:\Users\Light\Videos\正常往返.mp4,2148,True,0.7820383906364441,210.3722686767578,41.99720764160156,236.718017578125,64.49089050292969
normal,C:\Users\Light\Videos\正常往返.mp4,2149,True,0.782037615776062,210.372314453125,41.99713897705078,236.7179718017578,64.49091339111328
normal,C:\Users\Light\Videos\正常往返.mp4,2150,True,0.7947560548782349,205.40989685058594,42.76990509033203,231.06179809570312,64.37399291992188
normal,C:\Users\Light\Videos\正常往返.mp4,2151,True,0.7942454218864441,205.40420532226562,42.76300048828125,231.06434631347656,64.37215423583984
normal,C:\Users\Light\Videos\正常往返.mp4,2152,True,0.7758451700210571,200.94937133789062,42.7461051940918,226.8799285888672,63.361900329589844
normal,C:\Users\Light\Videos\正常往返.mp4,2153,True,0.7743690609931946,200.942138671875,42.72700881958008,226.85655212402344,63.35190200805664
normal,C:\Users\Light\Videos\正常往返.mp4,2154,True,0.8358141779899597,196.2465362548828,42.18552780151367,223.01388549804688,63.658512115478516
normal,C:\Users\Light\Videos\正常往返.mp4,2155,True,0.8350086212158203,196.23800659179688,42.208770751953125,222.96588134765625,63.69264602661133
normal,C:\Users\Light\Videos\正常往返.mp4,2156,True,0.8154863119125366,191.5047607421875,43.07386779785156,217.51483154296875,63.800376892089844
normal,C:\Users\Light\Videos\正常往返.mp4,2157,True,0.8159140944480896,191.5023193359375,43.078800201416016,217.51556396484375,63.79414749145508
normal,C:\Users\Light\Videos\正常往返.mp4,2158,True,0.7474304437637329,187.0692138671875,43.38469314575195,212.9057159423828,64.44723510742188
normal,C:\Users\Light\Videos\正常往返.mp4,2159,True,0.7486677765846252,187.07008361816406,43.384178161621094,212.89605712890625,64.43623352050781
normal,C:\Users\Light\Videos\正常往返.mp4,2160,True,0.8049169778823853,184.3197784423828,42.926448822021484,209.598876953125,63.84098434448242
normal,C:\Users\Light\Videos\正常往返.mp4,2161,True,0.8048250079154968,184.29840087890625,42.93783187866211,209.60572814941406,63.83206558227539
normal,C:\Users\Light\Videos\正常往返.mp4,2162,True,0.8134211301803589,180.21347045898438,42.84794235229492,206.23452758789062,63.78144073486328
normal,C:\Users\Light\Videos\正常往返.mp4,2163,True,0.812351644039154,180.22177124023438,42.84639358520508,206.2339630126953,63.821083068847656
normal,C:\Users\Light\Videos\正常往返.mp4,2164,True,0.7385955452919006,177.44320678710938,42.55601119995117,202.27999877929688,62.78135681152344
normal,C:\Users\Light\Videos\正常往返.mp4,2165,True,0.7366315126419067,177.40057373046875,42.534542083740234,202.26016235351562,62.75800323486328
normal,C:\Users\Light\Videos\正常往返.mp4,2166,True,0.8226829767227173,173.96514892578125,42.834651947021484,198.85476684570312,64.25048828125
normal,C:\Users\Light\Videos\正常往返.mp4,2167,True,0.8234656453132629,173.94839477539062,42.824161529541016,198.87548828125,64.2070541381836
normal,C:\Users\Light\Videos\正常往返.mp4,2168,True,0.7940494418144226,170.8396453857422,43.031490325927734,195.046875,64.53150177001953
normal,C:\Users\Light\Videos\正常往返.mp4,2169,True,0.7940986156463623,170.85247802734375,43.032386779785156,195.03286743164062,64.53060913085938
normal,C:\Users\Light\Videos\正常往返.mp4,2170,True,0.8202295303344727,169.2045440673828,42.64070129394531,192.6410369873047,64.38880920410156
normal,C:\Users\Light\Videos\正常往返.mp4,2171,True,0.772509753704071,165.55868530273438,42.83601760864258,190.97840881347656,64.43876647949219
normal,C:\Users\Light\Videos\正常往返.mp4,2172,True,0.7722206711769104,165.5750732421875,42.83675765991211,190.95382690429688,64.43843078613281
normal,C:\Users\Light\Videos\正常往返.mp4,2173,True,0.7722206711769104,165.5750732421875,42.83675765991211,190.95382690429688,64.43843078613281
normal,C:\Users\Light\Videos\正常往返.mp4,2174,True,0.7760687470436096,163.6793670654297,42.452537536621094,188.3686981201172,63.794189453125
normal,C:\Users\Light\Videos\正常往返.mp4,2175,True,0.7763264179229736,163.69281005859375,42.454105377197266,188.3773193359375,63.78495788574219
normal,C:\Users\Light\Videos\正常往返.mp4,2176,True,0.8371168971061707,161.24566650390625,42.51259994506836,186.1560821533203,63.693607330322266
normal,C:\Users\Light\Videos\正常往返.mp4,2177,True,0.8359911441802979,161.24925231933594,42.513092041015625,186.12669372558594,63.68809509277344
normal,C:\Users\Light\Videos\正常往返.mp4,2178,True,0.7817860245704651,159.16087341308594,42.98283386230469,183.0647735595703,64.17961883544922
normal,C:\Users\Light\Videos\正常往返.mp4,2179,True,0.7816284894943237,159.16737365722656,42.98644256591797,183.05401611328125,64.17359161376953
normal,C:\Users\Light\Videos\正常往返.mp4,2180,True,0.7860576510429382,158.3118896484375,42.30244827270508,182.12559509277344,63.29130172729492
normal,C:\Users\Light\Videos\正常往返.mp4,2181,True,0.7858432531356812,158.32351684570312,42.2985954284668,182.1166534423828,63.29331970214844
normal,C:\Users\Light\Videos\正常往返.mp4,2182,True,0.8193368315696716,157.49234008789062,42.61154556274414,179.74891662597656,64.28659057617188
normal,C:\Users\Light\Videos\正常往返.mp4,2183,True,0.8189995288848877,157.4874267578125,42.605003356933594,179.7554473876953,64.28556060791016
normal,C:\Users\Light\Videos\正常往返.mp4,2184,True,0.7949603796005249,156.49215698242188,42.398101806640625,178.57015991210938,63.69004440307617
normal,C:\Users\Light\Videos\正常往返.mp4,2185,True,0.7956410050392151,156.48338317871094,42.39097213745117,178.58041381835938,63.687984466552734
normal,C:\Users\Light\Videos\正常往返.mp4,2186,True,0.7577164769172668,154.57644653320312,42.85625457763672,178.4998321533203,64.02484893798828
normal,C:\Users\Light\Videos\正常往返.mp4,2187,True,0.7576730847358704,154.5854949951172,42.854373931884766,178.48329162597656,64.02386474609375
normal,C:\Users\Light\Videos\正常往返.mp4,2188,True,0.7536607384681702,153.8981170654297,42.565086364746094,177.524658203125,64.54277801513672
normal,C:\Users\Light\Videos\正常往返.mp4,2189,True,0.7507257461547852,153.87327575683594,42.57880401611328,177.50221252441406,64.4903335571289
normal,C:\Users\Light\Videos\正常往返.mp4,2190,True,0.7799747586250305,153.48973083496094,42.63839340209961,176.57704162597656,63.951629638671875
normal,C:\Users\Light\Videos\正常往返.mp4,2191,True,0.7798946499824524,153.482177734375,42.643638610839844,176.5864715576172,63.9487190246582
normal,C:\Users\Light\Videos\正常往返.mp4,2192,True,0.7644234895706177,153.00990295410156,42.427818298339844,176.83120727539062,63.654457092285156
normal,C:\Users\Light\Videos\正常往返.mp4,2193,True,0.76308673620224,153.0228729248047,42.444087982177734,176.83712768554688,63.71245574951172
normal,C:\Users\Light\Videos\正常往返.mp4,2194,True,0.7729467153549194,153.28179931640625,42.475486755371094,176.59837341308594,64.13166046142578
normal,C:\Users\Light\Videos\正常往返.mp4,2195,True,0.7733251452445984,153.27084350585938,42.477054595947266,176.6232147216797,64.14784240722656
normal,C:\Users\Light\Videos\正常往返.mp4,2196,True,0.7649903297424316,153.33096313476562,42.49930953979492,176.51492309570312,64.01568603515625
normal,C:\Users\Light\Videos\正常往返.mp4,2197,True,0.7647809982299805,153.34078979492188,42.51071548461914,176.50399780273438,64.00942993164062
normal,C:\Users\Light\Videos\正常往返.mp4,2198,True,0.7835593819618225,153.2837371826172,42.4731559753418,176.66009521484375,63.866580963134766
normal,C:\Users\Light\Videos\正常往返.mp4,2199,True,0.7841037511825562,153.30116271972656,42.47627258300781,176.63511657714844,63.856204986572266
normal,C:\Users\Light\Videos\正常往返.mp4,2200,True,0.7783583998680115,153.33676147460938,42.33366775512695,176.65005493164062,63.82373046875
normal,C:\Users\Light\Videos\正常往返.mp4,2201,True,0.7773547768592834,153.36734008789062,42.33893585205078,176.6122589111328,63.84602737426758
normal,C:\Users\Light\Videos\正常往返.mp4,2202,True,0.749662458896637,153.29019165039062,42.502044677734375,177.41891479492188,64.24597930908203
normal,C:\Users\Light\Videos\正常往返.mp4,2203,True,0.7499010562896729,153.29600524902344,42.499176025390625,177.41171264648438,64.25077819824219
normal,C:\Users\Light\Videos\正常往返.mp4,2204,True,0.7533488273620605,153.4188232421875,42.478355407714844,177.3415985107422,64.27616882324219
normal,C:\Users\Light\Videos\正常往返.mp4,2205,True,0.7526844143867493,153.43185424804688,42.508766174316406,177.35301208496094,64.33997344970703
normal,C:\Users\Light\Videos\正常往返.mp4,2206,True,0.7588650584220886,154.44879150390625,42.640411376953125,177.70445251464844,64.4433364868164
normal,C:\Users\Light\Videos\正常往返.mp4,2207,True,0.7583286762237549,154.44630432128906,42.64036560058594,177.6953582763672,64.44880676269531
normal,C:\Users\Light\Videos\正常往返.mp4,2208,True,0.7751626968383789,155.063232421875,42.53091049194336,178.2637481689453,64.2840347290039
normal,C:\Users\Light\Videos\正常往返.mp4,2209,True,0.7750245928764343,155.04698181152344,42.53371047973633,178.31085205078125,64.27227020263672
normal,C:\Users\Light\Videos\正常往返.mp4,2210,True,0.7774150371551514,155.6284942626953,42.74341583251953,178.8413848876953,64.25001525878906
normal,C:\Users\Light\Videos\正常往返.mp4,2211,True,0.7778366208076477,155.62667846679688,42.7324104309082,178.8675537109375,64.25250244140625
normal,C:\Users\Light\Videos\正常往返.mp4,2212,True,0.8458987474441528,156.71041870117188,42.22385025024414,180.37301635742188,63.66823959350586
normal,C:\Users\Light\Videos\正常往返.mp4,2213,True,0.8456658720970154,156.70895385742188,42.227481842041016,180.36376953125,63.67671203613281
normal,C:\Users\Light\Videos\正常往返.mp4,2214,True,0.7908205389976501,158.2749786376953,42.57304382324219,180.6884765625,63.8787956237793
normal,C:\Users\Light\Videos\正常往返.mp4,2215,True,0.7912425398826599,158.28309631347656,42.56206130981445,180.6817169189453,63.88130569458008
normal,C:\Users\Light\Videos\正常往返.mp4,2216,True,0.7670455574989319,158.67388916015625,42.742225646972656,181.57334899902344,63.823951721191406
normal,C:\Users\Light\Videos\正常往返.mp4,2217,True,0.7668952345848083,158.69271850585938,42.73942565917969,181.56051635742188,63.819942474365234
normal,C:\Users\Light\Videos\正常往返.mp4,2218,True,0.7793594002723694,159.7486114501953,42.595184326171875,183.0089874267578,63.96902084350586
normal,C:\Users\Light\Videos\正常往返.mp4,2219,True,0.7788888812065125,159.74758911132812,42.59843444824219,182.99290466308594,63.9720458984375
normal,C:\Users\Light\Videos\正常往返.mp4,2220,True,0.8120737671852112,161.5469207763672,42.30511474609375,185.39810180664062,63.60777282714844
normal,C:\Users\Light\Videos\正常往返.mp4,2221,True,0.8133596181869507,161.52317810058594,42.31827163696289,185.417724609375,63.59892272949219
normal,C:\Users\Light\Videos\正常往返.mp4,2222,True,0.814153254032135,163.03787231445312,42.222015380859375,187.1378631591797,64.15792846679688
normal,C:\Users\Light\Videos\正常往返.mp4,2223,True,0.8150218725204468,163.04684448242188,42.20733642578125,187.12240600585938,64.16194152832031
normal,C:\Users\Light\Videos\正常往返.mp4,2224,True,0.8045040369033813,164.21017456054688,42.35695266723633,188.97781372070312,63.83800506591797
normal,C:\Users\Light\Videos\正常往返.mp4,2225,True,0.8053234219551086,164.1956787109375,42.35242462158203,188.98846435546875,63.82935333251953
normal,C:\Users\Light\Videos\正常往返.mp4,2226,True,0.7822501063346863,166.1533660888672,42.527191162109375,190.60711669921875,64.2094497680664
normal,C:\Users\Light\Videos\正常往返.mp4,2227,True,0.7827292084693909,166.1440887451172,42.51887512207031,190.58311462402344,64.24506378173828
normal,C:\Users\Light\Videos\正常往返.mp4,2228,True,0.8464511036872864,168.31951904296875,42.58144760131836,192.23800659179688,64.06514739990234
normal,C:\Users\Light\Videos\正常往返.mp4,2229,True,0.8460829854011536,168.3297882080078,42.58292770385742,192.2259063720703,64.06407165527344
normal,C:\Users\Light\Videos\正常往返.mp4,2230,True,0.7778518199920654,169.65963745117188,42.88626480102539,192.88233947753906,64.07122039794922
normal,C:\Users\Light\Videos\正常往返.mp4,2231,True,0.778106153011322,169.66290283203125,42.88449478149414,192.8839569091797,64.07939910888672
normal,C:\Users\Light\Videos\正常往返.mp4,2232,True,0.7788296341896057,171.05665588378906,43.06844711303711,194.7208251953125,64.19275665283203
normal,C:\Users\Light\Videos\正常往返.mp4,2233,True,0.7790389657020569,171.06826782226562,43.07346725463867,194.71417236328125,64.1971435546875
normal,C:\Users\Light\Videos\正常往返.mp4,2234,True,0.8087602853775024,173.59458923339844,42.74271774291992,197.31126403808594,63.64515686035156
normal,C:\Users\Light\Videos\正常往返.mp4,2235,True,0.8085929751396179,173.5865936279297,42.753456115722656,197.3079376220703,63.64786911010742
normal,C:\Users\Light\Videos\正常往返.mp4,2236,True,0.7815077900886536,175.0868377685547,42.673492431640625,200.3649444580078,63.94696807861328
normal,C:\Users\Light\Videos\正常往返.mp4,2237,True,0.7817339301109314,175.0983123779297,42.67024230957031,200.35279846191406,63.946903228759766
normal,C:\Users\Light\Videos\正常往返.mp4,2238,True,0.7592734098434448,177.36497497558594,42.050411224365234,202.26467895507812,62.38893127441406
normal,C:\Users\Light\Videos\正常往返.mp4,2239,True,0.75909823179245,177.36349487304688,42.074031829833984,202.25125122070312,62.40045166015625
normal,C:\Users\Light\Videos\正常往返.mp4,2240,True,0.8400275707244873,180.0032501220703,42.3399658203125,205.24981689453125,63.5909423828125
normal,C:\Users\Light\Videos\正常往返.mp4,2241,True,0.8396982550621033,180.01202392578125,42.345252990722656,205.22744750976562,63.58762741088867
normal,C:\Users\Light\Videos\正常往返.mp4,2242,True,0.8396982550621033,180.01202392578125,42.345252990722656,205.22744750976562,63.58762741088867
normal,C:\Users\Light\Videos\正常往返.mp4,2243,True,0.7804245352745056,182.05422973632812,42.574275970458984,206.5812530517578,63.809654235839844
normal,C:\Users\Light\Videos\正常往返.mp4,2244,True,0.8367501497268677,184.57350158691406,42.3654899597168,209.37335205078125,63.41512680053711
normal,C:\Users\Light\Videos\正常往返.mp4,2245,True,0.8390368223190308,184.56915283203125,42.33245849609375,209.4677734375,63.441795349121094
normal,C:\Users\Light\Videos\正常往返.mp4,2246,True,0.8105388283729553,186.60951232910156,42.81815719604492,211.10708618164062,64.12798309326172
normal,C:\Users\Light\Videos\正常往返.mp4,2247,True,0.8109939694404602,186.59988403320312,42.81136703491211,211.10467529296875,64.13755798339844
normal,C:\Users\Light\Videos\正常往返.mp4,2248,True,0.7436923980712891,189.74708557128906,43.17705154418945,214.4633026123047,63.69105529785156
normal,C:\Users\Light\Videos\正常往返.mp4,2249,True,0.7443414330482483,189.7232666015625,43.17306137084961,214.4471435546875,63.667747497558594
normal,C:\Users\Light\Videos\正常往返.mp4,2250,True,0.8206772208213806,192.37649536132812,42.77384948730469,216.46998596191406,63.42258834838867
normal,C:\Users\Light\Videos\正常往返.mp4,2251,True,0.8205942511558533,192.37936401367188,42.76923370361328,216.4706268310547,63.425411224365234
normal,C:\Users\Light\Videos\正常往返.mp4,2252,True,0.7851965427398682,194.69517517089844,42.62203598022461,219.8131866455078,64.02307891845703
normal,C:\Users\Light\Videos\正常往返.mp4,2253,True,0.7849530577659607,194.70315551757812,42.6406135559082,219.79197692871094,64.01996612548828
normal,C:\Users\Light\Videos\正常往返.mp4,2254,True,0.8168136477470398,198.26727294921875,42.048439025878906,222.96238708496094,64.02657318115234
normal,C:\Users\Light\Videos\正常往返.mp4,2255,True,0.8171176910400391,198.25674438476562,42.047786712646484,222.9674835205078,64.01534271240234
normal,C:\Users\Light\Videos\正常往返.mp4,2256,True,0.7576425671577454,201.5425262451172,42.463741302490234,225.2042999267578,63.565773010253906
normal,C:\Users\Light\Videos\正常往返.mp4,2257,True,0.7574511766433716,201.55126953125,42.484474182128906,225.2106170654297,63.58744812011719
normal,C:\Users\Light\Videos\正常往返.mp4,2258,True,0.8138288855552673,204.96377563476562,42.286224365234375,227.76239013671875,63.20403289794922
normal,C:\Users\Light\Videos\正常往返.mp4,2259,True,0.8135500550270081,204.982421875,42.30036544799805,227.75674438476562,63.2054443359375
normal,C:\Users\Light\Videos\正常往返.mp4,2260,True,0.7690416574478149,207.17990112304688,42.518585205078125,231.6056365966797,64.10877990722656
normal,C:\Users\Light\Videos\正常往返.mp4,2261,True,0.7686346769332886,207.16188049316406,42.51224136352539,231.6591033935547,64.11207580566406
normal,C:\Users\Light\Videos\正常往返.mp4,2262,True,0.7915261387825012,211.15243530273438,41.91240310668945,234.67694091796875,63.935943603515625
normal,C:\Users\Light\Videos\正常往返.mp4,2263,True,0.792034924030304,211.1351318359375,41.913700103759766,234.6880645751953,63.94060516357422
normal,C:\Users\Light\Videos\正常往返.mp4,2264,True,0.8012369275093079,214.66957092285156,41.46773910522461,238.17491149902344,63.75568771362305
normal,C:\Users\Light\Videos\正常往返.mp4,2265,True,0.8016471862792969,214.68255615234375,41.45173645019531,238.17843627929688,63.7550163269043
normal,C:\Users\Light\Videos\正常往返.mp4,2266,True,0.8012362122535706,214.66928100585938,41.46738052368164,238.17515563964844,63.75550842285156
normal,C:\Users\Light\Videos\正常往返.mp4,2267,True,0.7815929055213928,217.2509307861328,42.17658615112305,240.48411560058594,64.04486083984375
normal,C:\Users\Light\Videos\正常往返.mp4,2268,True,0.8142433166503906,220.63314819335938,42.58785629272461,244.8837890625,64.67952728271484
normal,C:\Users\Light\Videos\正常往返.mp4,2269,True,0.8126144409179688,220.64126586914062,42.61701583862305,244.88011169433594,64.69886779785156
normal,C:\Users\Light\Videos\正常往返.mp4,2270,True,0.7410386800765991,222.61093139648438,42.82378005981445,248.31785583496094,65.1067123413086
normal,C:\Users\Light\Videos\正常往返.mp4,2271,True,0.737535834312439,222.4877471923828,42.874610900878906,248.3254852294922,65.07439422607422
normal,C:\Users\Light\Videos\正常往返.mp4,2272,True,0.8282377123832703,227.31028747558594,42.135372161865234,251.82476806640625,63.92511749267578
normal,C:\Users\Light\Videos\正常往返.mp4,2273,True,0.8310496211051941,227.29058837890625,42.133399963378906,251.80923461914062,63.9556884765625
normal,C:\Users\Light\Videos\正常往返.mp4,2274,True,0.8131545782089233,228.6983642578125,42.60544967651367,254.88427734375,64.63782501220703
normal,C:\Users\Light\Videos\正常往返.mp4,2275,True,0.8133193254470825,228.71095275878906,42.59536361694336,254.8689422607422,64.63477325439453
normal,C:\Users\Light\Videos\正常往返.mp4,2276,True,0.8038117289543152,232.15982055664062,41.55308151245117,259.03509521484375,64.1209945678711
normal,C:\Users\Light\Videos\正常往返.mp4,2277,True,0.8044112324714661,232.1814422607422,41.52952575683594,259.0506286621094,64.1072998046875
normal,C:\Users\Light\Videos\正常往返.mp4,2278,True,0.8097776770591736,235.95260620117188,42.0395393371582,262.6875,63.80647277832031
normal,C:\Users\Light\Videos\正常往返.mp4,2279,True,0.8094044923782349,235.9049072265625,42.03243637084961,262.6893005371094,63.792198181152344
normal,C:\Users\Light\Videos\正常往返.mp4,2280,True,0.8218029737472534,238.10894775390625,42.29370880126953,264.56500244140625,64.42024993896484
normal,C:\Users\Light\Videos\正常往返.mp4,2281,True,0.821913480758667,238.10084533691406,42.2941780090332,264.5736999511719,64.4192886352539
normal,C:\Users\Light\Videos\正常往返.mp4,2282,True,0.8206561803817749,239.2082061767578,42.36228561401367,266.7577209472656,64.69308471679688
normal,C:\Users\Light\Videos\正常往返.mp4,2283,True,0.8203980922698975,239.20901489257812,42.36387634277344,266.7575378417969,64.68549346923828
normal,C:\Users\Light\Videos\正常往返.mp4,2284,True,0.8293641209602356,242.1929931640625,41.95585632324219,268.9825744628906,63.789127349853516
normal,C:\Users\Light\Videos\正常往返.mp4,2285,True,0.829549252986908,242.18080139160156,41.97183609008789,268.9819641113281,63.77399826049805
normal,C:\Users\Light\Videos\正常往返.mp4,2286,True,0.8387170433998108,243.38963317871094,41.00059509277344,269.64044189453125,63.20521926879883
normal,C:\Users\Light\Videos\正常往返.mp4,2287,True,0.8388736844062805,243.39566040039062,41.001068115234375,269.63177490234375,63.20304870605469
normal,C:\Users\Light\Videos\正常往返.mp4,2288,True,0.8388736844062805,243.39566040039062,41.001068115234375,269.63177490234375,63.20304870605469
normal,C:\Users\Light\Videos\正常往返.mp4,2289,True,0.8407777547836304,243.8570556640625,41.142189025878906,270.25640869140625,63.271915435791016
normal,C:\Users\Light\Videos\正常往返.mp4,2290,True,0.8417103886604309,243.875244140625,41.15521240234375,270.2502136230469,63.25149917602539
normal,C:\Users\Light\Videos\正常往返.mp4,2291,True,0.8391842842102051,244.01416015625,41.3243293762207,270.66802978515625,63.70250701904297
normal,C:\Users\Light\Videos\正常往返.mp4,2292,True,0.8459798097610474,243.70423889160156,41.499046325683594,270.68603515625,63.87610626220703
normal,C:\Users\Light\Videos\正常往返.mp4,2293,True,0.8461906909942627,243.71775817871094,41.50700378417969,270.68487548828125,63.869178771972656
normal,C:\Users\Light\Videos\正常往返.mp4,2294,True,0.8393600583076477,243.3402099609375,41.08609390258789,270.3556213378906,63.413177490234375
normal,C:\Users\Light\Videos\正常往返.mp4,2295,True,0.8397409319877625,243.33082580566406,41.10023498535156,270.3381042480469,63.421669006347656
normal,C:\Users\Light\Videos\正常往返.mp4,2296,True,0.8425614237785339,243.1456756591797,41.05342102050781,269.481201171875,62.93196105957031
normal,C:\Users\Light\Videos\正常往返.mp4,2297,True,0.8426241874694824,243.12075805664062,41.06027603149414,269.4906311035156,62.937965393066406
normal,C:\Users\Light\Videos\正常往返.mp4,2298,True,0.8136783242225647,241.683837890625,41.52004623413086,267.9332580566406,63.97276306152344
normal,C:\Users\Light\Videos\正常往返.mp4,2299,True,0.8134679198265076,241.69248962402344,41.52829360961914,267.92694091796875,63.98065185546875
normal,C:\Users\Light\Videos\正常往返.mp4,2300,True,0.8202794194221497,239.0331268310547,42.24341583251953,266.1465148925781,64.56924438476562
normal,C:\Users\Light\Videos\正常往返.mp4,2301,True,0.820216953754425,239.03250122070312,42.24090576171875,266.14825439453125,64.56646728515625
normal,C:\Users\Light\Videos\正常往返.mp4,2302,True,0.8444821834564209,237.43756103515625,41.9659423828125,264.6051330566406,64.37092590332031
normal,C:\Users\Light\Videos\正常往返.mp4,2303,True,0.8451869487762451,237.44488525390625,41.98322296142578,264.59130859375,64.36839294433594
normal,C:\Users\Light\Videos\正常往返.mp4,2304,True,0.7929829359054565,235.25233459472656,42.38756561279297,262.6560363769531,64.26758575439453
normal,C:\Users\Light\Videos\正常往返.mp4,2305,True,0.7903041243553162,234.4206085205078,42.11235427856445,263.2840881347656,64.60429382324219
normal,C:\Users\Light\Videos\正常往返.mp4,2306,True,0.8087616562843323,231.78053283691406,41.45657730102539,259.469970703125,64.05152130126953
normal,C:\Users\Light\Videos\正常往返.mp4,2307,True,0.8096712231636047,231.77914428710938,41.44301986694336,259.456787109375,64.04217529296875
normal,C:\Users\Light\Videos\正常往返.mp4,2308,True,0.8217261433601379,228.07217407226562,42.1381721496582,255.55752563476562,64.2401123046875
normal,C:\Users\Light\Videos\正常往返.mp4,2309,True,0.8217261433601379,228.07217407226562,42.1381721496582,255.55752563476562,64.2401123046875
normal,C:\Users\Light\Videos\正常往返.mp4,2310,True,0.8218247294425964,228.0511474609375,42.13629150390625,255.55685424804688,64.236572265625
normal,C:\Users\Light\Videos\正常往返.mp4,2311,True,0.8342662453651428,225.3086395263672,41.60083770751953,252.3827667236328,63.84468460083008
normal,C:\Users\Light\Videos\正常往返.mp4,2312,True,0.8351494669914246,225.3081817626953,41.60023498535156,252.36813354492188,63.80436706542969
normal,C:\Users\Light\Videos\正常往返.mp4,2313,True,0.7608842849731445,220.8002471923828,42.415916442871094,247.9717559814453,65.30467224121094
normal,C:\Users\Light\Videos\正常往返.mp4,2314,True,0.7611786723136902,220.803466796875,42.40480041503906,247.95701599121094,65.30538940429688
normal,C:\Users\Light\Videos\正常往返.mp4,2315,True,0.7869516611099243,216.3533477783203,42.01148223876953,243.6536407470703,63.471736907958984
normal,C:\Users\Light\Videos\正常往返.mp4,2316,True,0.823113203048706,213.60289001464844,41.01276397705078,240.37606811523438,62.723533630371094
normal,C:\Users\Light\Videos\正常往返.mp4,2317,True,0.8236914277076721,213.5986785888672,41.03768539428711,240.36485290527344,62.7669677734375
normal,C:\Users\Light\Videos\正常往返.mp4,2318,True,0.7684957981109619,208.5706024169922,41.940975189208984,235.64337158203125,64.59539794921875
normal,C:\Users\Light\Videos\正常往返.mp4,2319,True,0.7700148820877075,208.5582275390625,41.93804168701172,235.63592529296875,64.56130981445312
normal,C:\Users\Light\Videos\正常往返.mp4,2320,True,0.8008782267570496,202.94662475585938,42.118675231933594,230.3916015625,63.158226013183594
normal,C:\Users\Light\Videos\正常往返.mp4,2321,True,0.798407793045044,202.98812866210938,42.109352111816406,230.41209411621094,63.14813995361328
normal,C:\Users\Light\Videos\正常往返.mp4,2322,True,0.7776439785957336,197.77239990234375,42.69926452636719,226.4105682373047,63.93553924560547
normal,C:\Users\Light\Videos\正常往返.mp4,2323,True,0.7769677639007568,197.79180908203125,42.701168060302734,226.4263458251953,63.958736419677734
normal,C:\Users\Light\Videos\正常往返.mp4,2324,True,0.8044635057449341,191.59095764160156,42.66286849975586,220.64830017089844,63.722633361816406
normal,C:\Users\Light\Videos\正常往返.mp4,2325,True,0.8048351407051086,191.57728576660156,42.66970443725586,220.63821411132812,63.71261215209961
normal,C:\Users\Light\Videos\正常往返.mp4,2326,True,0.7588218450546265,186.41734313964844,43.1616325378418,214.56777954101562,64.08222198486328
normal,C:\Users\Light\Videos\正常往返.mp4,2327,True,0.7566849589347839,186.43386840820312,43.15167999267578,214.6288604736328,64.09069061279297
normal,C:\Users\Light\Videos\正常往返.mp4,2328,True,0.7749416828155518,180.90646362304688,42.914390563964844,209.17613220214844,63.99114227294922
normal,C:\Users\Light\Videos\正常往返.mp4,2329,True,0.7753596305847168,180.8863525390625,42.88362121582031,209.17135620117188,63.984798431396484
normal,C:\Users\Light\Videos\正常往返.mp4,2330,True,0.7565973401069641,175.1040802001953,42.257198333740234,204.10264587402344,63.426509857177734
normal,C:\Users\Light\Videos\正常往返.mp4,2331,True,0.7563490867614746,175.12838745117188,42.2756462097168,204.13027954101562,63.40291213989258
normal,C:\Users\Light\Videos\正常往返.mp4,2332,True,0.7740734219551086,170.27780151367188,43.238929748535156,195.7661590576172,64.15615844726562
normal,C:\Users\Light\Videos\正常往返.mp4,2333,True,0.7740734219551086,170.27780151367188,43.238929748535156,195.7661590576172,64.15615844726562
normal,C:\Users\Light\Videos\正常往返.mp4,2334,True,0.7743764519691467,170.2720947265625,43.245338439941406,195.79946899414062,64.15611267089844
normal,C:\Users\Light\Videos\正常往返.mp4,2335,True,0.7636767625808716,164.31344604492188,42.98848342895508,191.90325927734375,64.51731872558594
normal,C:\Users\Light\Videos\正常往返.mp4,2336,True,0.7628535032272339,164.32164001464844,42.997806549072266,191.92955017089844,64.49454498291016
normal,C:\Users\Light\Videos\正常往返.mp4,2337,True,0.7709418535232544,157.72727966308594,42.81120681762695,183.9597625732422,63.743408203125
normal,C:\Users\Light\Videos\正常往返.mp4,2338,True,0.7693842649459839,157.67822265625,42.80712890625,183.9708251953125,63.69392395019531
normal,C:\Users\Light\Videos\正常往返.mp4,2339,True,0.740431010723114,152.34104919433594,42.96815490722656,178.4993438720703,64.74642944335938
normal,C:\Users\Light\Videos\正常往返.mp4,2340,True,0.7726934552192688,145.95709228515625,42.768985748291016,171.2117156982422,63.85210037231445
normal,C:\Users\Light\Videos\正常往返.mp4,2341,True,0.7725353240966797,145.97410583496094,42.77499008178711,171.1962890625,63.86052703857422
normal,C:\Users\Light\Videos\正常往返.mp4,2342,True,0.7340065240859985,138.94366455078125,42.679473876953125,166.52720642089844,64.32054138183594
normal,C:\Users\Light\Videos\正常往返.mp4,2343,True,0.7349366545677185,138.91339111328125,42.673736572265625,166.52249145507812,64.29436492919922
normal,C:\Users\Light\Videos\正常往返.mp4,2344,True,0.7310398817062378,132.643798828125,43.303897857666016,159.45162963867188,63.62583541870117
normal,C:\Users\Light\Videos\正常往返.mp4,2345,True,0.7300223708152771,132.68499755859375,43.35755157470703,159.3894500732422,63.646053314208984
normal,C:\Users\Light\Videos\正常往返.mp4,2346,True,0.6881905198097229,126.75872802734375,42.906612396240234,155.5560302734375,63.48188781738281
normal,C:\Users\Light\Videos\正常往返.mp4,2347,True,0.6859850883483887,126.73250579833984,42.96026611328125,155.45697021484375,63.501522064208984
normal,C:\Users\Light\Videos\正常往返.mp4,2348,True,0.6459027528762817,120.9156265258789,44.22023391723633,147.98744201660156,63.165260314941406
normal,C:\Users\Light\Videos\正常往返.mp4,2349,True,0.6473334431648254,120.9025650024414,44.214473724365234,148.017822265625,63.170169830322266
normal,C:\Users\Light\Videos\正常往返.mp4,2350,True,0.7021273970603943,115.02359771728516,43.9050178527832,142.094970703125,64.16967010498047
normal,C:\Users\Light\Videos\正常往返.mp4,2351,True,0.699967622756958,115.02867889404297,43.867008209228516,142.05941772460938,64.11341857910156
normal,C:\Users\Light\Videos\正常往返.mp4,2352,True,0.7528607249259949,108.96343231201172,43.79138946533203,139.55494689941406,64.77903747558594
normal,C:\Users\Light\Videos\正常往返.mp4,2353,True,0.7525128722190857,108.9847640991211,43.769046783447266,139.58038330078125,64.76704406738281
normal,C:\Users\Light\Videos\正常往返.mp4,2354,True,0.7231295704841614,105.96627044677734,42.63205337524414,135.90736389160156,63.65932083129883
normal,C:\Users\Light\Videos\正常往返.mp4,2355,True,0.7238091826438904,105.96762084960938,42.63447189331055,135.91305541992188,63.666133880615234
normal,C:\Users\Light\Videos\正常往返.mp4,2356,True,0.7231311798095703,105.96600341796875,42.632389068603516,135.90675354003906,63.65898513793945
normal,C:\Users\Light\Videos\正常往返.mp4,2357,True,0.5952052474021912,103.74388885498047,44.27045440673828,133.67381286621094,65.01188659667969
normal,C:\Users\Light\Videos\正常往返.mp4,2358,True,0.5946595072746277,103.75694274902344,44.24961471557617,133.64683532714844,64.9938735961914
normal,C:\Users\Light\Videos\正常往返.mp4,2359,True,0.6111567616462708,100.11825561523438,43.43879318237305,131.48609924316406,64.04607391357422
normal,C:\Users\Light\Videos\正常往返.mp4,2360,True,0.6116399168968201,100.06864929199219,43.40022277832031,131.58108520507812,64.05303955078125
normal,C:\Users\Light\Videos\正常往返.mp4,2361,True,0.6506076455116272,98.25776672363281,44.14997100830078,129.80068969726562,64.51749420166016
normal,C:\Users\Light\Videos\正常往返.mp4,2362,True,0.6598933935165405,98.2835922241211,44.112388610839844,129.883544921875,64.55355834960938
normal,C:\Users\Light\Videos\正常往返.mp4,2363,True,0.6916627883911133,98.16897583007812,44.37507247924805,129.50527954101562,64.60637664794922
normal,C:\Users\Light\Videos\正常往返.mp4,2364,True,0.5898138284683228,99.37592315673828,44.13298416137695,130.53652954101562,64.19763946533203
normal,C:\Users\Light\Videos\正常往返.mp4,2365,True,0.586874783039093,99.37657165527344,44.133277893066406,130.5260772705078,64.19318389892578
normal,C:\Users\Light\Videos\正常往返.mp4,2366,True,0.5130282640457153,105.131103515625,43.040836334228516,131.25181579589844,62.2321662902832
normal,C:\Users\Light\Videos\正常往返.mp4,2367,True,0.5180037021636963,105.14031219482422,43.00419235229492,131.29531860351562,62.21354293823242
normal,C:\Users\Light\Videos\正常往返.mp4,2368,True,0.5856224298477173,107.14100646972656,45.191810607910156,138.4464111328125,64.0903091430664
normal,C:\Users\Light\Videos\正常往返.mp4,2369,True,0.576951801776886,107.1292953491211,45.20296859741211,138.5172119140625,64.09842681884766
normal,C:\Users\Light\Videos\正常往返.mp4,2370,True,0.4586219787597656,111.51700592041016,44.58412551879883,142.31057739257812,63.80042266845703
normal,C:\Users\Light\Videos\正常往返.mp4,2371,True,0.4589465260505676,111.51844787597656,44.57722091674805,142.3036651611328,63.792083740234375
normal,C:\Users\Light\Videos\正常往返.mp4,2372,True,0.3312963545322418,119.4402084350586,46.37409591674805,149.37515258789062,64.45741271972656
normal,C:\Users\Light\Videos\正常往返.mp4,2373,True,0.32667985558509827,119.44998168945312,46.3400993347168,149.3433380126953,64.48280334472656
normal,C:\Users\Light\Videos\正常往返.mp4,2374,True,0.5723036527633667,129.6593475341797,44.924442291259766,159.74343872070312,63.71138000488281
normal,C:\Users\Light\Videos\正常往返.mp4,2375,True,0.5715880990028381,129.6451416015625,44.972042083740234,159.67514038085938,63.702415466308594
normal,C:\Users\Light\Videos\正常往返.mp4,2376,True,0.7988368272781372,139.64346313476562,46.0278205871582,169.83779907226562,64.7856216430664
normal,C:\Users\Light\Videos\正常往返.mp4,2377,True,0.7989067435264587,139.61935424804688,46.033424377441406,169.8574981689453,64.79149627685547
normal,C:\Users\Light\Videos\正常往返.mp4,2378,True,0.790547251701355,152.28582763671875,46.0119743347168,182.95474243164062,66.4527816772461
normal,C:\Users\Light\Videos\正常往返.mp4,2379,True,0.7960615158081055,152.4442138671875,45.9969596862793,183.075927734375,66.52830505371094
normal,C:\Users\Light\Videos\正常往返.mp4,2380,True,0.7905409932136536,152.2844696044922,46.01219940185547,182.95558166503906,66.45246887207031
normal,C:\Users\Light\Videos\正常往返.mp4,2381,True,0.7407930493354797,165.6983642578125,46.18772506713867,197.28123474121094,65.42530822753906
normal,C:\Users\Light\Videos\正常往返.mp4,2382,True,0.7380871772766113,165.64395141601562,46.184608459472656,197.363037109375,65.39234161376953
normal,C:\Users\Light\Videos\正常往返.mp4,2383,True,0.7603621482849121,177.61000061035156,46.321922302246094,214.90762329101562,65.49272155761719
normal,C:\Users\Light\Videos\正常往返.mp4,2384,True,0.7612674236297607,177.54360961914062,46.30672836303711,214.89947509765625,65.4498291015625
normal,C:\Users\Light\Videos\正常往返.mp4,2385,True,0.7820949554443359,194.64126586914062,45.85047912597656,234.19859313964844,65.69120025634766
normal,C:\Users\Light\Videos\正常往返.mp4,2386,True,0.7819060683250427,194.66433715820312,45.828895568847656,234.17523193359375,65.65204620361328
normal,C:\Users\Light\Videos\正常往返.mp4,2387,True,0.7772204279899597,214.29959106445312,46.03514862060547,250.68849182128906,66.49590301513672
normal,C:\Users\Light\Videos\正常往返.mp4,2388,True,0.7290602326393127,233.80514526367188,46.07237243652344,272.6612548828125,67.1410140991211
normal,C:\Users\Light\Videos\正常往返.mp4,2389,True,0.7294630408287048,233.79714965820312,46.052764892578125,272.6855773925781,67.12091064453125
normal,C:\Users\Light\Videos\正常往返.mp4,2390,True,0.739254355430603,253.51321411132812,47.44376754760742,290.2174987792969,66.34867858886719
normal,C:\Users\Light\Videos\正常往返.mp4,2391,True,0.7429923415184021,253.60638427734375,47.4484748840332,290.1611633300781,66.355224609375
normal,C:\Users\Light\Videos\正常往返.mp4,2392,True,0.6040916442871094,276.8471374511719,47.7088737487793,313.147705078125,66.16860961914062
normal,C:\Users\Light\Videos\正常往返.mp4,2393,True,0.5693588852882385,276.9752197265625,47.754615783691406,313.32110595703125,66.09879302978516
normal,C:\Users\Light\Videos\正常往返.mp4,2394,True,0.6716166138648987,299.252685546875,47.846412658691406,341.0939636230469,66.28790283203125
normal,C:\Users\Light\Videos\正常往返.mp4,2395,True,0.667704701423645,299.2384033203125,47.87343978881836,341.1240234375,66.32196807861328
normal,C:\Users\Light\Videos\正常往返.mp4,2396,True,0.6994447112083435,321.6182861328125,47.71530532836914,363.8166198730469,66.16526794433594
normal,C:\Users\Light\Videos\正常往返.mp4,2397,True,0.6992961764335632,321.6287841796875,47.724674224853516,363.8122863769531,66.16365051269531
normal,C:\Users\Light\Videos\正常往返.mp4,2398,True,0.6941631436347961,347.8741149902344,48.256988525390625,388.83795166015625,65.65218353271484
normal,C:\Users\Light\Videos\正常往返.mp4,2399,True,0.6915439367294312,347.78173828125,48.25517272949219,388.9239196777344,65.6803970336914
normal,C:\Users\Light\Videos\正常往返.mp4,2400,True,0.006383681204169989,374.8226013183594,48.55915832519531,412.8585205078125,66.55098724365234
normal,C:\Users\Light\Videos\正常往返.mp4,2401,True,0.006420516408979893,374.8121337890625,48.569400787353516,412.8534240722656,66.54397583007812
normal,C:\Users\Light\Videos\正常往返.mp4,2402,True,0.006420516408979893,374.8121337890625,48.569400787353516,412.8534240722656,66.54397583007812
normal,C:\Users\Light\Videos\正常往返.mp4,2403,True,0.0064803012646734715,402.29364013671875,32.72184371948242,428.55731201171875,53.006263732910156
normal,C:\Users\Light\Videos\正常往返.mp4,2404,True,0.006316658109426498,402.3378601074219,32.70624542236328,428.55108642578125,53.01437759399414
normal,C:\Users\Light\Videos\正常往返.mp4,2405,True,0.049434415996074677,377.9620666503906,48.99006271362305,406.591064453125,65.24165344238281
normal,C:\Users\Light\Videos\正常往返.mp4,2406,True,0.050331100821495056,377.9461669921875,48.98616409301758,406.6131591796875,65.23721313476562
normal,C:\Users\Light\Videos\正常往返.mp4,2407,True,0.297901451587677,368.03179931640625,47.65530776977539,395.1047058105469,66.28124237060547
normal,C:\Users\Light\Videos\正常往返.mp4,2408,True,0.29450052976608276,368.1086730957031,47.642826080322266,395.09832763671875,66.2349624633789
normal,C:\Users\Light\Videos\正常往返.mp4,2409,True,0.34653693437576294,364.09527587890625,43.178955078125,390.4457702636719,63.5129508972168
normal,C:\Users\Light\Videos\正常往返.mp4,2410,True,0.3501235842704773,364.0830383300781,43.15715026855469,390.40875244140625,63.518978118896484
normal,C:\Users\Light\Videos\正常往返.mp4,2411,True,0.7269201278686523,359.8736267089844,46.333152770996094,386.0831604003906,66.25101470947266
normal,C:\Users\Light\Videos\正常往返.mp4,2412,True,0.7241156101226807,356.71417236328125,46.5534553527832,383.1795349121094,65.80847930908203
normal,C:\Users\Light\Videos\正常往返.mp4,2413,True,0.7247970104217529,356.70745849609375,46.553565979003906,383.1700439453125,65.81141662597656
normal,C:\Users\Light\Videos\正常往返.mp4,2414,True,0.7149631977081299,354.1418762207031,45.641963958740234,380.81622314453125,65.35731506347656
normal,C:\Users\Light\Videos\正常往返.mp4,2415,True,0.714845597743988,354.15625,45.6412239074707,380.8331604003906,65.34823608398438
normal,C:\Users\Light\Videos\正常往返.mp4,2416,True,0.7462713122367859,355.3039245605469,46.1037712097168,380.12646484375,66.57622528076172
normal,C:\Users\Light\Videos\正常往返.mp4,2417,True,0.7478238344192505,355.3202209472656,46.08812713623047,380.08111572265625,66.6049575805664
normal,C:\Users\Light\Videos\正常往返.mp4,2418,True,0.7529705762863159,355.0331726074219,45.951934814453125,380.7245178222656,66.11654663085938
normal,C:\Users\Light\Videos\正常往返.mp4,2419,True,0.7527405023574829,355.0396423339844,45.95283126831055,380.7229309082031,66.11152648925781
normal,C:\Users\Light\Videos\正常往返.mp4,2420,True,0.7016712427139282,357.0354309082031,46.01663589477539,384.1669616699219,65.13176727294922
normal,C:\Users\Light\Videos\正常往返.mp4,2421,True,0.7027043700218201,357.0194091796875,46.04010009765625,384.1522216796875,65.14228057861328
normal,C:\Users\Light\Videos\正常往返.mp4,2422,True,0.7016683220863342,360.43426513671875,45.395751953125,387.93359375,66.32208251953125
normal,C:\Users\Light\Videos\正常往返.mp4,2423,True,0.7028537392616272,360.48388671875,45.41791915893555,387.8665466308594,66.31891632080078
normal,C:\Users\Light\Videos\正常往返.mp4,2424,True,0.5739796161651611,365.0625305175781,46.02300262451172,391.4776611328125,65.14266204833984
normal,C:\Users\Light\Videos\正常往返.mp4,2425,True,0.5714371800422668,365.08673095703125,46.0199089050293,391.48486328125,65.12804412841797
normal,C:\Users\Light\Videos\正常往返.mp4,2426,True,0.5714371800422668,365.08673095703125,46.0199089050293,391.48486328125,65.12804412841797
normal,C:\Users\Light\Videos\正常往返.mp4,2427,True,0.5242029428482056,368.1504211425781,46.69834518432617,395.7190246582031,65.50849914550781
normal,C:\Users\Light\Videos\正常往返.mp4,2428,True,0.5214653611183167,368.1693420410156,46.67167663574219,395.699462890625,65.4955062866211
normal,C:\Users\Light\Videos\正常往返.mp4,2429,True,0.15574343502521515,375.2234802246094,47.93007278442383,403.85595703125,65.01410675048828
normal,C:\Users\Light\Videos\正常往返.mp4,2430,True,0.16801337897777557,375.14495849609375,47.950401306152344,403.866943359375,65.02488708496094
normal,C:\Users\Light\Videos\正常往返.mp4,2431,True,0.00815520528703928,382.3807067871094,46.92317581176758,410.8103942871094,63.7181510925293
normal,C:\Users\Light\Videos\正常往返.mp4,2432,True,0.006496925838291645,382.242919921875,46.84933090209961,410.8132629394531,63.66994094848633
normal,C:\Users\Light\Videos\正常往返.mp4,2433,True,0.0036142701283097267,401.7635498046875,32.555686950683594,428.6783447265625,52.88219451904297
normal,C:\Users\Light\Videos\正常往返.mp4,2434,True,0.003521198406815529,401.73291015625,32.54669952392578,428.7201843261719,52.882530212402344
normal,C:\Users\Light\Videos\正常往返.mp4,2435,True,0.4312171936035156,401.9543151855469,36.14143371582031,428.5378723144531,56.507568359375
normal,C:\Users\Light\Videos\正常往返.mp4,2436,True,0.003838227828964591,401.60162353515625,32.481773376464844,428.51397705078125,53.36601257324219
normal,C:\Users\Light\Videos\正常往返.mp4,2437,True,0.004186940845102072,401.5876770019531,32.4375114440918,428.5407409667969,53.37943649291992
normal,C:\Users\Light\Videos\正常往返.mp4,2438,True,0.004709060303866863,391.97613525390625,47.43749237060547,419.5080261230469,64.77410125732422
normal,C:\Users\Light\Videos\正常往返.mp4,2439,True,0.0045863487757742405,402.098388671875,32.05230712890625,428.82275390625,52.755592346191406
normal,C:\Users\Light\Videos\正常往返.mp4,2440,True,0.0028790230862796307,401.5484924316406,31.96588706970215,428.9435119628906,52.63367462158203
normal,C:\Users\Light\Videos\正常往返.mp4,2441,True,0.0029619026463478804,401.6625671386719,31.980409622192383,428.8994445800781,52.59602355957031
normal,C:\Users\Light\Videos\正常往返.mp4,2442,True,0.0031083791982382536,401.2989807128906,32.44394302368164,428.96990966796875,53.22450637817383
normal,C:\Users\Light\Videos\正常往返.mp4,2443,True,0.003118035150691867,401.2442321777344,32.443519592285156,428.98797607421875,53.25227355957031
normal,C:\Users\Light\Videos\正常往返.mp4,2444,True,0.006154501810669899,240.39663696289062,70.21851348876953,268.88006591796875,88.06861877441406
normal,C:\Users\Light\Videos\正常往返.mp4,2445,True,0.0062739187851548195,240.39414978027344,70.22344970703125,268.8828125,88.0665054321289
normal,C:\Users\Light\Videos\正常往返.mp4,2446,True,0.24938926100730896,401.78607177734375,36.710594177246094,428.6327819824219,56.680179595947266
normal,C:\Users\Light\Videos\正常往返.mp4,2447,True,0.24938926100730896,401.78607177734375,36.710594177246094,428.6327819824219,56.680179595947266
normal,C:\Users\Light\Videos\正常往返.mp4,2448,True,0.2509332001209259,401.7833557128906,36.715702056884766,428.6326904296875,56.69779586791992
normal,C:\Users\Light\Videos\正常往返.mp4,2449,True,0.16846413910388947,402.2581787109375,35.60114288330078,428.96014404296875,55.024696350097656
normal,C:\Users\Light\Videos\正常往返.mp4,2450,True,0.16605499386787415,402.2899169921875,35.549686431884766,428.94696044921875,54.97162628173828
normal,C:\Users\Light\Videos\正常往返.mp4,2451,True,0.4364120066165924,401.8767395019531,36.760345458984375,428.30194091796875,57.374839782714844
normal,C:\Users\Light\Videos\正常往返.mp4,2452,True,0.427326500415802,401.8717041015625,36.8462028503418,428.3511657714844,57.38481521606445
normal,C:\Users\Light\Videos\正常往返.mp4,2453,True,0.42440515756607056,402.2229919433594,35.396392822265625,428.8875732421875,55.59860610961914
normal,C:\Users\Light\Videos\正常往返.mp4,2454,True,0.42467236518859863,402.1668701171875,35.47512435913086,428.8591613769531,55.67899703979492
normal,C:\Users\Light\Videos\正常往返.mp4,2455,True,0.36012932658195496,402.59619140625,35.577003479003906,428.9249572753906,55.62135696411133
normal,C:\Users\Light\Videos\正常往返.mp4,2456,True,0.3497932255268097,402.5984191894531,35.651119232177734,428.91015625,55.65916442871094
normal,C:\Users\Light\Videos\正常往返.mp4,2457,True,0.42830944061279297,402.6279296875,35.15791320800781,429.1711120605469,55.17097854614258
normal,C:\Users\Light\Videos\正常往返.mp4,2458,True,0.4272122383117676,402.63104248046875,35.187339782714844,429.1594543457031,55.179649353027344
normal,C:\Users\Light\Videos\正常往返.mp4,2459,True,0.5113586783409119,402.2242126464844,35.2901611328125,428.6389465332031,56.080631256103516
normal,C:\Users\Light\Videos\正常往返.mp4,2460,True,0.45705074071884155,402.56378173828125,34.856727600097656,428.90142822265625,55.334869384765625
normal,C:\Users\Light\Videos\正常往返.mp4,2461,True,0.45437905192375183,402.5903015136719,34.90849685668945,428.89129638671875,55.3729248046875
normal,C:\Users\Light\Videos\正常往返.mp4,2462,True,0.4579788148403168,402.08551025390625,36.465614318847656,428.521484375,57.0388298034668
normal,C:\Users\Light\Videos\正常往返.mp4,2463,True,0.45687034726142883,402.085205078125,36.487510681152344,428.5204772949219,57.04109191894531
normal,C:\Users\Light\Videos\正常往返.mp4,2464,True,0.46184080839157104,402.0709228515625,35.423309326171875,428.8739013671875,56.09566879272461
normal,C:\Users\Light\Videos\正常往返.mp4,2465,True,0.45958036184310913,402.0981140136719,35.37754440307617,428.86236572265625,56.02067947387695
normal,C:\Users\Light\Videos\正常往返.mp4,2466,True,0.4312494993209839,401.8676452636719,36.26321792602539,428.447509765625,56.88425827026367
normal,C:\Users\Light\Videos\正常往返.mp4,2467,True,0.43043962121009827,401.8787841796875,36.15412139892578,428.4408264160156,56.78349685668945
normal,C:\Users\Light\Videos\正常往返.mp4,2468,True,0.48718103766441345,401.8078918457031,35.61084747314453,427.97698974609375,56.292442321777344
normal,C:\Users\Light\Videos\正常往返.mp4,2469,True,0.48662230372428894,401.8070373535156,35.62104415893555,427.9737243652344,56.26727294921875
normal,C:\Users\Light\Videos\正常往返.mp4,2470,True,0.4255889058113098,402.49676513671875,35.28995895385742,428.396484375,55.824222564697266
normal,C:\Users\Light\Videos\正常往返.mp4,2471,True,0.4255889058113098,402.49676513671875,35.28995895385742,428.396484375,55.824222564697266
normal,C:\Users\Light\Videos\正常往返.mp4,2472,True,0.4214930832386017,402.4929504394531,35.29345703125,428.4064025878906,55.79975128173828
normal,C:\Users\Light\Videos\正常往返.mp4,2473,True,0.38059350848197937,402.6247253417969,36.17536544799805,428.79266357421875,56.50442886352539
normal,C:\Users\Light\Videos\正常往返.mp4,2474,True,0.39077234268188477,402.60076904296875,36.1932487487793,428.7565002441406,56.570228576660156
normal,C:\Users\Light\Videos\正常往返.mp4,2475,True,0.4629592001438141,402.1050109863281,35.77790069580078,428.40869140625,56.56267547607422
normal,C:\Users\Light\Videos\正常往返.mp4,2476,True,0.4623167812824249,402.1041259765625,35.80945587158203,428.40185546875,56.566307067871094
normal,C:\Users\Light\Videos\正常往返.mp4,2477,True,0.4279066026210785,402.3602294921875,36.12016677856445,428.4542236328125,56.75151443481445
normal,C:\Users\Light\Videos\正常往返.mp4,2478,True,0.43287354707717896,402.36260986328125,36.004119873046875,428.4462890625,56.69337844848633
normal,C:\Users\Light\Videos\正常往返.mp4,2479,True,0.4598139524459839,402.4555358886719,35.22212219238281,428.6553039550781,55.80631637573242
normal,C:\Users\Light\Videos\正常往返.mp4,2480,True,0.46134933829307556,402.42608642578125,35.24240493774414,428.6429748535156,55.84138870239258
normal,C:\Users\Light\Videos\正常往返.mp4,2481,True,0.3220188617706299,402.772216796875,35.00062942504883,428.9725036621094,54.866092681884766
normal,C:\Users\Light\Videos\正常往返.mp4,2482,True,0.3224126696586609,402.7789611816406,34.994869232177734,428.95989990234375,54.86929702758789
normal,C:\Users\Light\Videos\正常往返.mp4,2483,True,0.46949464082717896,402.0955505371094,35.9235725402832,428.54974365234375,56.69956588745117
normal,C:\Users\Light\Videos\正常往返.mp4,2484,True,0.46366244554519653,402.2240295410156,36.02827835083008,428.4190368652344,56.847389221191406
normal,C:\Users\Light\Videos\正常往返.mp4,2485,True,0.4654817581176758,402.1957092285156,36.0391731262207,428.41455078125,56.890377044677734
normal,C:\Users\Light\Videos\正常往返.mp4,2486,True,0.4739703834056854,402.5061340332031,34.80491256713867,428.7232971191406,55.650108337402344
normal,C:\Users\Light\Videos\正常往返.mp4,2487,True,0.47250112891197205,402.5072021484375,34.815513610839844,428.7492980957031,55.63982391357422
normal,C:\Users\Light\Videos\正常往返.mp4,2488,True,0.45972779393196106,402.3471374511719,35.81035232543945,428.681640625,56.32090377807617
normal,C:\Users\Light\Videos\正常往返.mp4,2489,True,0.46174556016921997,402.326171875,35.81465530395508,428.65484619140625,56.35895919799805
normal,C:\Users\Light\Videos\正常往返.mp4,2490,True,0.47527220845222473,402.3363952636719,35.2545051574707,428.6685485839844,55.96465301513672
fast,C:\Users\Light\Videos\高速运动.mp4,0,True,0.4125678837299347,402.86480712890625,37.711483001708984,429.0518493652344,57.549068450927734
fast,C:\Users\Light\Videos\高速运动.mp4,1,True,0.5140872597694397,400.6090087890625,39.18987274169922,427.566650390625,59.486751556396484
fast,C:\Users\Light\Videos\高速运动.mp4,2,True,0.5121704339981079,400.5640563964844,39.11869430541992,427.6002197265625,59.39159393310547
fast,C:\Users\Light\Videos\高速运动.mp4,3,True,0.4515390992164612,400.7788391113281,39.144622802734375,427.782470703125,58.78543472290039
fast,C:\Users\Light\Videos\高速运动.mp4,4,True,0.4147077798843384,402.7265625,39.08102035522461,429.01983642578125,58.864051818847656
fast,C:\Users\Light\Videos\高速运动.mp4,5,True,0.42462071776390076,402.6942443847656,39.01979064941406,429.0208740234375,58.84437561035156
fast,C:\Users\Light\Videos\高速运动.mp4,6,True,0.47897881269454956,400.5770568847656,38.87411880493164,427.6235046386719,58.531246185302734
fast,C:\Users\Light\Videos\高速运动.mp4,7,True,0.36596643924713135,402.83648681640625,37.63113784790039,428.7309875488281,57.19149398803711
fast,C:\Users\Light\Videos\高速运动.mp4,8,True,0.3641416132450104,402.8420715332031,37.65556716918945,428.6949157714844,57.19593048095703
fast,C:\Users\Light\Videos\高速运动.mp4,9,True,0.2763046622276306,402.7451171875,38.561031341552734,429.1306457519531,57.65599060058594
fast,C:\Users\Light\Videos\高速运动.mp4,10,True,0.38742053508758545,402.54656982421875,38.16159439086914,428.581298828125,57.99679946899414
fast,C:\Users\Light\Videos\高速运动.mp4,11,True,0.3704499304294586,402.6571960449219,38.249603271484375,429.1415710449219,57.86177444458008
fast,C:\Users\Light\Videos\高速运动.mp4,12,True,0.33935877680778503,402.6152648925781,38.402469635009766,429.2018737792969,57.88380432128906
fast,C:\Users\Light\Videos\高速运动.mp4,13,True,0.2698742151260376,402.3033447265625,38.16468811035156,429.0921936035156,57.67389678955078
fast,C:\Users\Light\Videos\高速运动.mp4,14,True,0.42852380871772766,402.4822082519531,36.82625961303711,429.0099792480469,56.84340286254883
fast,C:\Users\Light\Videos\高速运动.mp4,15,True,0.43057066202163696,402.4783935546875,36.81393051147461,428.99810791015625,56.85294723510742
fast,C:\Users\Light\Videos\高速运动.mp4,16,True,0.33436980843544006,402.368408203125,38.481021881103516,429.0519714355469,57.88158416748047
fast,C:\Users\Light\Videos\高速运动.mp4,17,True,0.15260857343673706,400.41412353515625,41.0434684753418,427.1363525390625,58.96183395385742
fast,C:\Users\Light\Videos\高速运动.mp4,18,True,0.15737706422805786,400.42327880859375,41.036521911621094,427.1374206542969,59.004638671875
fast,C:\Users\Light\Videos\高速运动.mp4,19,True,0.13547153770923615,400.6352844238281,40.982643127441406,426.94171142578125,58.92911148071289
fast,C:\Users\Light\Videos\高速运动.mp4,20,True,0.13143928349018097,400.63262939453125,41.01496124267578,426.9516296386719,58.92561721801758
fast,C:\Users\Light\Videos\高速运动.mp4,21,True,0.2628452181816101,402.5684814453125,38.811946868896484,429.3077392578125,57.71291732788086
fast,C:\Users\Light\Videos\高速运动.mp4,22,True,0.466290146112442,400.579345703125,39.60389709472656,428.0590515136719,59.135074615478516
fast,C:\Users\Light\Videos\高速运动.mp4,23,True,0.45653945207595825,400.57867431640625,39.6525764465332,428.0511169433594,59.131351470947266
fast,C:\Users\Light\Videos\高速运动.mp4,24,True,0.4397270083427429,401.22003173828125,39.254058837890625,427.6629943847656,58.829830169677734
fast,C:\Users\Light\Videos\高速运动.mp4,25,True,0.498757928609848,400.54302978515625,38.535640716552734,427.59881591796875,58.57438659667969
fast,C:\Users\Light\Videos\高速运动.mp4,26,True,0.49973881244659424,400.5130615234375,38.5398063659668,427.61077880859375,58.585323333740234
fast,C:\Users\Light\Videos\高速运动.mp4,27,True,0.051425378769636154,400.6073913574219,41.83743667602539,426.64031982421875,59.224876403808594
fast,C:\Users\Light\Videos\高速运动.mp4,28,True,0.38613471388816833,402.6497802734375,38.522056579589844,429.09814453125,57.98582077026367
fast,C:\Users\Light\Videos\高速运动.mp4,29,True,0.3926570415496826,402.62109375,38.5145263671875,429.13507080078125,57.97353744506836
fast,C:\Users\Light\Videos\高速运动.mp4,30,True,0.2672802805900574,402.3071594238281,37.93960952758789,428.4423828125,57.08118438720703
fast,C:\Users\Light\Videos\高速运动.mp4,31,True,0.26017439365386963,402.3393859863281,38.02336120605469,428.4565124511719,57.12275695800781
fast,C:\Users\Light\Videos\高速运动.mp4,32,True,0.3025203049182892,402.1950988769531,37.2188835144043,428.9291687011719,56.34965515136719
fast,C:\Users\Light\Videos\高速运动.mp4,33,True,0.30005213618278503,402.1915283203125,37.19743347167969,428.9383850097656,56.33927917480469
fast,C:\Users\Light\Videos\高速运动.mp4,34,True,0.379351407289505,402.4452209472656,37.77248764038086,429.2574462890625,57.4474983215332
fast,C:\Users\Light\Videos\高速运动.mp4,35,True,0.3361789584159851,402.31671142578125,38.63014602661133,428.8897705078125,58.116546630859375
fast,C:\Users\Light\Videos\高速运动.mp4,36,True,0.30762016773223877,402.2567443847656,38.737586975097656,428.9178161621094,58.11448287963867
fast,C:\Users\Light\Videos\高速运动.mp4,37,True,0.28437045216560364,400.3041687011719,40.0037841796875,427.7047424316406,58.66288757324219
fast,C:\Users\Light\Videos\高速运动.mp4,38,True,0.2476305514574051,402.5177917480469,37.63423156738281,428.9851379394531,56.65469741821289
fast,C:\Users\Light\Videos\高速运动.mp4,39,True,0.24068154394626617,402.4988708496094,37.67105484008789,428.9171142578125,56.70698165893555
fast,C:\Users\Light\Videos\高速运动.mp4,40,True,0.298046350479126,402.3575439453125,38.78433609008789,429.07940673828125,57.81403732299805
fast,C:\Users\Light\Videos\高速运动.mp4,41,True,0.3009280860424042,402.35845947265625,38.75080871582031,429.07061767578125,57.80982208251953
fast,C:\Users\Light\Videos\高速运动.mp4,42,True,0.07963734120130539,400.76885986328125,42.18232345581055,426.7354431152344,59.57872772216797
fast,C:\Users\Light\Videos\高速运动.mp4,43,True,0.2061709761619568,402.4969482421875,38.118743896484375,428.7450256347656,57.47470474243164
fast,C:\Users\Light\Videos\高速运动.mp4,44,True,0.20817062258720398,402.51824951171875,38.07125473022461,428.7671203613281,57.433536529541016
fast,C:\Users\Light\Videos\高速运动.mp4,45,True,0.4378800094127655,402.7285461425781,38.438507080078125,429.0047607421875,58.228580474853516
fast,C:\Users\Light\Videos\高速运动.mp4,46,True,0.25740256905555725,402.6836853027344,38.1080322265625,428.85888671875,57.4967155456543
fast,C:\Users\Light\Videos\高速运动.mp4,47,True,0.2538281977176666,402.67718505859375,38.12351608276367,428.863037109375,57.49830627441406
fast,C:\Users\Light\Videos\高速运动.mp4,48,True,0.2793210744857788,402.5977478027344,39.05398941040039,429.216796875,58.48516845703125
fast,C:\Users\Light\Videos\高速运动.mp4,49,True,0.04316505044698715,400.3597717285156,42.53290557861328,426.6194152832031,59.76247787475586
fast,C:\Users\Light\Videos\高速运动.mp4,50,True,0.04477834329009056,400.3490905761719,42.51177215576172,426.6319580078125,59.740360260009766
fast,C:\Users\Light\Videos\高速运动.mp4,51,True,0.22767657041549683,400.1188659667969,39.70634078979492,427.509033203125,58.2001838684082
fast,C:\Users\Light\Videos\高速运动.mp4,52,True,0.29136109352111816,402.36669921875,37.337684631347656,429.0633544921875,56.71220397949219
fast,C:\Users\Light\Videos\高速运动.mp4,53,True,0.2894000709056854,402.3705139160156,37.36081314086914,429.0821533203125,56.72345733642578
fast,C:\Users\Light\Videos\高速运动.mp4,54,True,0.3245845139026642,402.5731506347656,39.01165771484375,428.87188720703125,58.464927673339844
fast,C:\Users\Light\Videos\高速运动.mp4,55,True,0.3341468870639801,402.56005859375,39.0684700012207,428.8547668457031,58.551326751708984
fast,C:\Users\Light\Videos\高速运动.mp4,56,True,0.25201454758644104,400.009033203125,40.46812438964844,427.2401428222656,58.90741729736328
fast,C:\Users\Light\Videos\高速运动.mp4,57,True,0.36789244413375854,402.3287658691406,38.11457443237305,429.0825500488281,57.65556716918945
fast,C:\Users\Light\Videos\高速运动.mp4,58,True,0.17773295938968658,401.5791015625,39.09538650512695,429.1466064453125,58.02642822265625
fast,C:\Users\Light\Videos\高速运动.mp4,59,True,0.4568922817707062,402.16058349609375,37.88201141357422,428.7737121582031,57.81112289428711
fast,C:\Users\Light\Videos\高速运动.mp4,60,True,0.4598881006240845,402.1318664550781,37.84743118286133,428.7315368652344,57.83916091918945
fast,C:\Users\Light\Videos\高速运动.mp4,61,True,0.5374695658683777,399.61968994140625,39.061431884765625,427.05224609375,59.831504821777344
fast,C:\Users\Light\Videos\高速运动.mp4,62,True,0.5530291199684143,399.9382019042969,38.11777877807617,427.2696533203125,59.39851760864258
fast,C:\Users\Light\Videos\高速运动.mp4,63,True,0.5542636513710022,399.895263671875,38.12560272216797,427.25,59.42947006225586
fast,C:\Users\Light\Videos\高速运动.mp4,64,True,0.5479040741920471,400.38983154296875,39.095855712890625,427.3967590332031,60.54853439331055
fast,C:\Users\Light\Videos\高速运动.mp4,65,True,0.5477846264839172,400.3971862792969,39.074249267578125,427.38214111328125,60.561038970947266
fast,C:\Users\Light\Videos\高速运动.mp4,66,True,0.5531966090202332,400.1455383300781,38.32109451293945,427.1720275878906,60.52280807495117
fast,C:\Users\Light\Videos\高速运动.mp4,67,True,0.5534263253211975,400.8659362792969,38.604373931884766,427.4505615234375,60.499141693115234
fast,C:\Users\Light\Videos\高速运动.mp4,68,True,0.5534045696258545,400.8869934082031,38.61674499511719,427.460693359375,60.51205062866211
fast,C:\Users\Light\Videos\高速运动.mp4,69,True,0.5629578828811646,399.8558044433594,37.64790344238281,427.846435546875,59.93235778808594
fast,C:\Users\Light\Videos\高速运动.mp4,70,True,0.55379718542099,400.2884521484375,38.48951721191406,427.396484375,60.61484909057617
fast,C:\Users\Light\Videos\高速运动.mp4,71,True,0.5528468489646912,400.31536865234375,38.527706146240234,427.371337890625,60.55075454711914
fast,C:\Users\Light\Videos\高速运动.mp4,72,True,0.5421721339225769,399.2997131347656,40.38479995727539,426.9887390136719,62.866294860839844
fast,C:\Users\Light\Videos\高速运动.mp4,73,True,0.5118069052696228,399.2652893066406,39.82426834106445,426.46728515625,60.76619338989258
fast,C:\Users\Light\Videos\高速运动.mp4,74,True,0.5110558867454529,399.1902770996094,39.80687713623047,426.45135498046875,60.724151611328125
fast,C:\Users\Light\Videos\高速运动.mp4,75,True,0.42547330260276794,401.3804931640625,38.5430793762207,428.9167785644531,58.836734771728516
fast,C:\Users\Light\Videos\高速运动.mp4,76,True,0.4231862425804138,401.3338317871094,38.4982795715332,428.915771484375,58.80219650268555
fast,C:\Users\Light\Videos\高速运动.mp4,77,True,0.5386533737182617,398.72467041015625,37.84236526489258,427.8995056152344,59.13077163696289
fast,C:\Users\Light\Videos\高速运动.mp4,78,True,0.566859245300293,397.2110900878906,37.941200256347656,426.8826599121094,60.09378433227539
fast,C:\Users\Light\Videos\高速运动.mp4,79,True,0.567237913608551,397.31597900390625,37.835262298583984,426.8734130859375,59.952571868896484
fast,C:\Users\Light\Videos\高速运动.mp4,80,True,0.555025041103363,396.5347595214844,38.60173034667969,425.2083740234375,61.265113830566406
fast,C:\Users\Light\Videos\高速运动.mp4,81,True,0.547748327255249,396.21881103515625,39.18610763549805,425.2969055175781,61.105926513671875
fast,C:\Users\Light\Videos\高速运动.mp4,82,True,0.5513953566551208,395.727783203125,39.91498947143555,425.98883056640625,61.846107482910156
fast,C:\Users\Light\Videos\高速运动.mp4,83,True,0.555433452129364,395.13409423828125,39.37151336669922,425.2127380371094,60.676998138427734
fast,C:\Users\Light\Videos\高速运动.mp4,84,True,0.5547738671302795,395.23651123046875,39.431129455566406,425.1514587402344,60.82585144042969
fast,C:\Users\Light\Videos\高速运动.mp4,85,True,0.5363349914550781,397.316162109375,38.276363372802734,424.93841552734375,59.80573272705078
fast,C:\Users\Light\Videos\高速运动.mp4,86,True,0.5350399017333984,397.255126953125,38.37611389160156,424.8803405761719,59.89082717895508
fast,C:\Users\Light\Videos\高速运动.mp4,87,True,0.5439939498901367,396.53997802734375,39.48079299926758,424.6588439941406,61.70966720581055
fast,C:\Users\Light\Videos\高速运动.mp4,88,True,0.5148082971572876,396.2050476074219,40.20891571044922,424.11236572265625,61.66482162475586
fast,C:\Users\Light\Videos\高速运动.mp4,89,True,0.5192350149154663,396.13714599609375,40.29815673828125,424.09619140625,61.850074768066406
fast,C:\Users\Light\Videos\高速运动.mp4,90,True,0.5415688753128052,396.25225830078125,39.8372688293457,424.4098815917969,61.880977630615234
fast,C:\Users\Light\Videos\高速运动.mp4,91,True,0.4075012505054474,398.468505859375,39.45587158203125,426.4289855957031,59.82993698120117
fast,C:\Users\Light\Videos\高速运动.mp4,92,True,0.4106467068195343,398.4627685546875,39.433998107910156,426.4379577636719,59.818416595458984
fast,C:\Users\Light\Videos\高速运动.mp4,93,True,0.009924187324941158,397.28338623046875,46.22441101074219,424.5635681152344,63.944435119628906
fast,C:\Users\Light\Videos\高速运动.mp4,94,True,0.01181873120367527,394.48492431640625,44.43757629394531,425.2390441894531,63.33177947998047
fast,C:\Users\Light\Videos\高速运动.mp4,95,True,0.011757340282201767,394.4424743652344,44.5109977722168,425.18896484375,63.37799072265625
fast,C:\Users\Light\Videos\高速运动.mp4,96,True,0.047188736498355865,397.47308349609375,46.946842193603516,424.4412841796875,64.7941665649414
fast,C:\Users\Light\Videos\高速运动.mp4,97,True,0.02972280979156494,396.34637451171875,48.439327239990234,424.4433898925781,64.93622589111328
fast,C:\Users\Light\Videos\高速运动.mp4,98,True,0.02826596423983574,396.31805419921875,48.41790008544922,424.4391784667969,64.9343490600586
fast,C:\Users\Light\Videos\高速运动.mp4,99,True,0.3744007647037506,395.685546875,45.017852783203125,423.6128845214844,63.87023162841797
fast,C:\Users\Light\Videos\高速运动.mp4,100,True,0.3782634437084198,395.6861267089844,44.99949645996094,423.6124572753906,63.85954284667969
fast,C:\Users\Light\Videos\高速运动.mp4,101,True,0.4777773320674896,395.98370361328125,42.75798034667969,423.5506591796875,62.419097900390625
fast,C:\Users\Light\Videos\高速运动.mp4,102,True,0.16828370094299316,397.1884765625,42.746124267578125,423.7622375488281,61.4682502746582
fast,C:\Users\Light\Videos\高速运动.mp4,103,True,0.17055954039096832,397.17657470703125,42.809078216552734,423.7640686035156,61.53273010253906
fast,C:\Users\Light\Videos\高速运动.mp4,104,True,0.4180096685886383,399.0576477050781,40.85447311401367,425.63885498046875,60.949249267578125
fast,C:\Users\Light\Videos\高速运动.mp4,105,True,0.4359337389469147,399.09368896484375,39.88888168334961,425.5488586425781,60.17280960083008
fast,C:\Users\Light\Videos\高速运动.mp4,106,True,0.4118231534957886,398.8845520019531,39.70582580566406,425.49481201171875,59.97850036621094
fast,C:\Users\Light\Videos\高速运动.mp4,107,True,0.11500077694654465,397.32305908203125,40.557769775390625,423.31243896484375,59.1558723449707
fast,C:\Users\Light\Videos\高速运动.mp4,108,True,0.10730677098035812,397.32574462890625,40.52330017089844,423.3096618652344,59.06165313720703
fast,C:\Users\Light\Videos\高速运动.mp4,109,True,0.3857976198196411,398.8828125,38.056217193603516,425.59783935546875,58.4641227722168
fast,C:\Users\Light\Videos\高速运动.mp4,110,True,0.37798792123794556,398.8513488769531,38.1243896484375,425.55023193359375,58.52526092529297
fast,C:\Users\Light\Videos\高速运动.mp4,111,True,0.5092217326164246,396.8359680175781,38.958946228027344,423.74591064453125,59.9432258605957
fast,C:\Users\Light\Videos\高速运动.mp4,112,True,0.32943934202194214,398.9431457519531,39.27095413208008,425.58636474609375,59.48137283325195
fast,C:\Users\Light\Videos\高速运动.mp4,113,True,0.3675389289855957,398.8767395019531,39.090858459472656,425.48492431640625,59.39791488647461
fast,C:\Users\Light\Videos\高速运动.mp4,114,True,0.25490760803222656,399.5,37.900970458984375,426.1880798339844,57.276790618896484
fast,C:\Users\Light\Videos\高速运动.mp4,115,True,0.3388575315475464,399.13348388671875,39.28581237792969,426.0783996582031,59.015869140625
fast,C:\Users\Light\Videos\高速运动.mp4,116,True,0.31997644901275635,399.16259765625,39.14401626586914,426.11553955078125,58.841529846191406
fast,C:\Users\Light\Videos\高速运动.mp4,117,True,0.37837597727775574,399.2659606933594,38.43534851074219,426.1835021972656,58.24294662475586
fast,C:\Users\Light\Videos\高速运动.mp4,118,True,0.15747997164726257,399.5068664550781,37.983646392822266,426.191162109375,57.13692092895508
fast,C:\Users\Light\Videos\高速运动.mp4,119,True,0.11688234657049179,399.3414611816406,37.89745330810547,426.11639404296875,56.99402618408203
fast,C:\Users\Light\Videos\高速运动.mp4,120,True,0.3919505476951599,399.2681884765625,39.24594497680664,425.9880676269531,59.23838806152344
fast,C:\Users\Light\Videos\高速运动.mp4,121,True,0.38559800386428833,399.3134460449219,39.24690628051758,426.0135192871094,59.19816207885742
fast,C:\Users\Light\Videos\高速运动.mp4,122,True,0.39354366064071655,399.845458984375,38.26616668701172,426.3736877441406,58.43525695800781
fast,C:\Users\Light\Videos\高速运动.mp4,123,True,0.45922189950942993,398.8636169433594,38.230506896972656,425.6537780761719,58.635189056396484
fast,C:\Users\Light\Videos\高速运动.mp4,124,True,0.46003881096839905,398.8480529785156,38.25088119506836,425.6654968261719,58.65533447265625
fast,C:\Users\Light\Videos\高速运动.mp4,125,True,0.33276891708374023,400.0413513183594,38.42216873168945,426.1166687011719,58.4364013671875
fast,C:\Users\Light\Videos\高速运动.mp4,126,True,0.31507939100265503,399.75067138671875,38.50442123413086,426.3531188964844,58.46226119995117
fast,C:\Users\Light\Videos\高速运动.mp4,127,True,0.29161763191223145,399.74908447265625,38.540321350097656,426.36785888671875,58.402828216552734
fast,C:\Users\Light\Videos\高速运动.mp4,128,True,0.4366697072982788,399.9498596191406,38.2093505859375,426.3800964355469,58.436622619628906
fast,C:\Users\Light\Videos\高速运动.mp4,129,True,0.4981953799724579,396.591064453125,38.48402404785156,423.96160888671875,59.25015640258789
fast,C:\Users\Light\Videos\高速运动.mp4,130,True,0.47792428731918335,397.2269287109375,38.686580657958984,424.45751953125,59.21617889404297
fast,C:\Users\Light\Videos\高速运动.mp4,131,True,0.4796563982963562,397.2243347167969,38.70121383666992,424.4571533203125,59.23314666748047
fast,C:\Users\Light\Videos\高速运动.mp4,132,True,0.43439388275146484,399.87841796875,37.1270866394043,426.150146484375,57.75242614746094
fast,C:\Users\Light\Videos\高速运动.mp4,133,True,0.40221261978149414,399.4523620605469,39.10923385620117,426.4266662597656,59.27935791015625
fast,C:\Users\Light\Videos\高速运动.mp4,134,True,0.41514623165130615,399.4339294433594,39.05183792114258,426.3601989746094,59.291439056396484
fast,C:\Users\Light\Videos\高速运动.mp4,135,True,0.3609081208705902,400.518798828125,38.144493103027344,426.8839416503906,58.105430603027344
fast,C:\Users\Light\Videos\高速运动.mp4,136,True,0.2992704212665558,399.9438171386719,38.67008590698242,426.6947021484375,58.53106689453125
fast,C:\Users\Light\Videos\高速运动.mp4,137,True,0.30332672595977783,399.9096984863281,38.68617630004883,426.6777038574219,58.544063568115234
fast,C:\Users\Light\Videos\高速运动.mp4,138,True,0.5599563717842102,397.4403076171875,38.61905288696289,427.3584899902344,62.253299713134766
fast,C:\Users\Light\Videos\高速运动.mp4,139,True,0.5555989146232605,399.37353515625,38.545860290527344,427.02911376953125,60.15488052368164
fast,C:\Users\Light\Videos\高速运动.mp4,140,True,0.5555173754692078,399.3404541015625,38.56309127807617,427.03460693359375,60.168304443359375
fast,C:\Users\Light\Videos\高速运动.mp4,141,True,0.5483570694923401,401.3633728027344,38.88882064819336,429.2933044433594,59.71178436279297
fast,C:\Users\Light\Videos\高速运动.mp4,142,True,0.5762487053871155,404.418212890625,39.488929748535156,432.33074951171875,60.687374114990234
fast,C:\Users\Light\Videos\高速运动.mp4,143,True,0.576478898525238,404.38287353515625,39.531959533691406,432.3542785644531,60.716060638427734
fast,C:\Users\Light\Videos\高速运动.mp4,144,True,0.012974346056580544,403.8995361328125,40.29132080078125,431.271240234375,59.4050178527832
fast,C:\Users\Light\Videos\高速运动.mp4,145,True,0.007324960548430681,405.6117248535156,43.37019348144531,433.9737243652344,65.20372772216797
fast,C:\Users\Light\Videos\高速运动.mp4,146,True,0.35418501496315,410.5436096191406,40.35788345336914,437.96551513671875,59.7263069152832
fast,C:\Users\Light\Videos\高速运动.mp4,147,True,0.46830829977989197,412.7452087402344,37.401512145996094,440.62249755859375,57.869842529296875
fast,C:\Users\Light\Videos\高速运动.mp4,148,True,0.4725289046764374,412.746826171875,37.23356246948242,440.57867431640625,57.73882293701172
fast,C:\Users\Light\Videos\高速运动.mp4,149,True,0.10750005394220352,415.4323425292969,37.200103759765625,443.1697692871094,56.47968673706055
fast,C:\Users\Light\Videos\高速运动.mp4,150,True,0.3087051212787628,380.4745178222656,24.409879684448242,403.91241455078125,43.60363006591797
fast,C:\Users\Light\Videos\高速运动.mp4,151,True,0.2947736084461212,380.4647216796875,24.40613555908203,403.9532470703125,43.62422561645508
fast,C:\Users\Light\Videos\高速运动.mp4,152,True,0.29381263256073,423.3966369628906,40.426639556884766,448.85888671875,59.25522232055664
fast,C:\Users\Light\Videos\高速运动.mp4,153,True,0.038085125386714935,384.367919921875,22.514148712158203,408.4599304199219,40.90297317504883
fast,C:\Users\Light\Videos\高速运动.mp4,154,True,0.03524807095527649,385.4833679199219,22.15437889099121,410.3233947753906,40.07471466064453
fast,C:\Users\Light\Videos\高速运动.mp4,155,True,0.03438333421945572,385.48162841796875,22.13620376586914,410.34765625,40.0842399597168
fast,C:\Users\Light\Videos\高速运动.mp4,156,True,0.011615513823926449,384.9615173339844,22.519817352294922,412.2028503417969,40.43540573120117
fast,C:\Users\Light\Videos\高速运动.mp4,157,True,0.04136278107762337,390.4947814941406,20.732805252075195,412.6319885253906,39.98052215576172
fast,C:\Users\Light\Videos\高速运动.mp4,158,True,0.04993034154176712,390.5191955566406,20.624916076660156,412.4732666015625,39.934757232666016
fast,C:\Users\Light\Videos\高速运动.mp4,159,True,0.09996887296438217,421.8676452636719,43.00273513793945,451.8878479003906,60.90021514892578
fast,C:\Users\Light\Videos\高速运动.mp4,160,True,0.6183974146842957,419.6440124511719,40.88820266723633,448.86822509765625,58.73565673828125
fast,C:\Users\Light\Videos\高速运动.mp4,161,True,0.6191028952598572,419.63360595703125,40.89369201660156,448.8768310546875,58.73321533203125
fast,C:\Users\Light\Videos\高速运动.mp4,162,True,0.34322845935821533,415.69793701171875,41.911930084228516,443.0265197753906,59.02814865112305
fast,C:\Users\Light\Videos\高速运动.mp4,163,True,0.6260476112365723,411.31842041015625,41.77497482299805,439.2926025390625,60.938873291015625
fast,C:\Users\Light\Videos\高速运动.mp4,164,True,0.6241252422332764,411.2987365722656,41.77327346801758,439.3052062988281,60.94169616699219
fast,C:\Users\Light\Videos\高速运动.mp4,165,True,0.30513477325439453,407.81658935546875,41.10639953613281,434.6731872558594,59.133907318115234
fast,C:\Users\Light\Videos\高速运动.mp4,166,True,0.27898192405700684,407.8004150390625,41.149898529052734,434.7317810058594,59.08256530761719
fast,C:\Users\Light\Videos\高速运动.mp4,167,True,0.7237337231636047,397.6933898925781,41.19136047363281,429.7169494628906,61.430240631103516
fast,C:\Users\Light\Videos\高速运动.mp4,168,True,0.72477126121521,393.11700439453125,38.38886642456055,422.5865783691406,60.473365783691406
fast,C:\Users\Light\Videos\高速运动.mp4,169,True,0.7221218347549438,393.12890625,38.37492752075195,422.5394287109375,60.47130584716797
fast,C:\Users\Light\Videos\高速运动.mp4,170,True,0.69051194190979,385.9030456542969,37.62959289550781,416.73138427734375,60.207275390625
fast,C:\Users\Light\Videos\高速运动.mp4,171,True,0.5774269104003906,380.02996826171875,37.745548248291016,407.0130615234375,59.67397689819336
fast,C:\Users\Light\Videos\高速运动.mp4,172,True,0.5770096182823181,379.9427185058594,37.79212188720703,407.0086975097656,59.796566009521484
fast,C:\Users\Light\Videos\高速运动.mp4,173,True,0.6959969401359558,369.31927490234375,39.46844482421875,400.6337585449219,59.81175994873047
fast,C:\Users\Light\Videos\高速运动.mp4,174,True,0.7030155658721924,356.4970397949219,39.440677642822266,391.5170593261719,59.87458038330078
fast,C:\Users\Light\Videos\高速运动.mp4,175,True,0.7081733345985413,356.4241027832031,39.38587951660156,391.57257080078125,59.81736373901367
fast,C:\Users\Light\Videos\高速运动.mp4,176,True,0.7546198964118958,347.5969543457031,39.61748123168945,381.9017639160156,61.659576416015625
fast,C:\Users\Light\Videos\高速运动.mp4,177,True,0.7739245891571045,335.8330993652344,40.03482437133789,371.23760986328125,62.3758430480957
fast,C:\Users\Light\Videos\高速运动.mp4,178,True,0.7700967788696289,324.28460693359375,40.05138397216797,359.4034423828125,62.62221145629883
fast,C:\Users\Light\Videos\高速运动.mp4,179,True,0.7696495652198792,324.3764343261719,40.07081604003906,359.3380126953125,62.64244842529297
fast,C:\Users\Light\Videos\高速运动.mp4,180,True,0.7464823722839355,311.91656494140625,40.40909194946289,347.6616516113281,63.161720275878906
fast,C:\Users\Light\Videos\高速运动.mp4,181,True,0.7613532543182373,300.0115966796875,40.68047332763672,333.37908935546875,62.70109939575195
fast,C:\Users\Light\Videos\高速运动.mp4,182,True,0.7616279721260071,299.9537048339844,40.67527389526367,333.4058532714844,62.71257400512695
fast,C:\Users\Light\Videos\高速运动.mp4,183,True,0.7866455316543579,282.1547546386719,40.4869499206543,320.1428527832031,63.2052001953125
fast,C:\Users\Light\Videos\高速运动.mp4,184,True,0.7894167900085449,267.4847717285156,39.350067138671875,304.8350524902344,62.137657165527344
fast,C:\Users\Light\Videos\高速运动.mp4,185,True,0.7886192798614502,267.5826110839844,39.36638259887695,304.80841064453125,62.12026596069336
fast,C:\Users\Light\Videos\高速运动.mp4,186,True,0.7698811292648315,251.6272735595703,38.65421676635742,288.5028991699219,61.721588134765625
fast,C:\Users\Light\Videos\高速运动.mp4,187,True,0.785559892654419,232.88058471679688,39.32171630859375,273.3899841308594,62.39966583251953
fast,C:\Users\Light\Videos\高速运动.mp4,188,True,0.7843095660209656,232.85340881347656,39.37158203125,273.3614196777344,62.42443084716797
fast,C:\Users\Light\Videos\高速运动.mp4,189,True,0.7688018679618835,217.5343017578125,39.17505645751953,255.4785614013672,62.313385009765625
fast,C:\Users\Light\Videos\高速运动.mp4,190,True,0.7657179832458496,217.5042266845703,39.14457702636719,255.4618377685547,62.41208267211914
fast,C:\Users\Light\Videos\高速运动.mp4,191,True,0.7705928683280945,199.3811798095703,41.10404586791992,234.49681091308594,62.924495697021484
fast,C:\Users\Light\Videos\高速运动.mp4,192,True,0.7506253123283386,178.7828826904297,41.32415008544922,219.2004852294922,63.95297622680664
fast,C:\Users\Light\Videos\高速运动.mp4,193,True,0.7476105093955994,178.75230407714844,41.443599700927734,218.9719696044922,64.01693725585938
fast,C:\Users\Light\Videos\高速运动.mp4,194,True,0.7434386014938354,158.1763458251953,40.415592193603516,198.04476928710938,62.99238204956055
fast,C:\Users\Light\Videos\高速运动.mp4,195,True,0.781758189201355,135.55238342285156,40.640533447265625,177.68856811523438,62.98984909057617
fast,C:\Users\Light\Videos\高速运动.mp4,196,True,0.7874913811683655,135.9920654296875,40.887733459472656,178.09059143066406,63.16685104370117
fast,C:\Users\Light\Videos\高速运动.mp4,197,True,0.7577570676803589,116.0672378540039,41.5322380065918,156.39149475097656,63.130592346191406
fast,C:\Users\Light\Videos\高速运动.mp4,198,True,0.805465042591095,94.3899154663086,41.862918853759766,136.01756286621094,63.486549377441406
fast,C:\Users\Light\Videos\高速运动.mp4,199,True,0.8112744688987732,94.26294708251953,41.77161407470703,135.9490509033203,63.39331817626953
fast,C:\Users\Light\Videos\高速运动.mp4,200,True,0.7633436918258667,70.39360809326172,42.55928421020508,114.99378967285156,62.31121063232422
fast,C:\Users\Light\Videos\高速运动.mp4,201,True,0.6395227313041687,48.64907455444336,44.023170471191406,91.70611572265625,63.5449333190918
fast,C:\Users\Light\Videos\高速运动.mp4,202,True,0.6681599020957947,27.196866989135742,44.7587776184082,65.2430648803711,63.99887466430664
fast,C:\Users\Light\Videos\高速运动.mp4,203,True,0.6773017048835754,27.04346466064453,44.70048522949219,65.46437072753906,63.91714096069336
fast,C:\Users\Light\Videos\高速运动.mp4,204,True,0.014725301414728165,12.666300773620605,48.33361053466797,40.16420364379883,65.70594787597656
fast,C:\Users\Light\Videos\高速运动.mp4,205,True,0.37028196454048157,19.77039337158203,44.43125915527344,46.30882263183594,63.225547790527344
fast,C:\Users\Light\Videos\高速运动.mp4,206,True,0.36910995841026306,19.784503936767578,44.44120788574219,46.31348419189453,63.22227478027344
fast,C:\Users\Light\Videos\高速运动.mp4,207,True,0.7496647834777832,30.16301155090332,42.861228942871094,61.5300178527832,63.5760383605957
fast,C:\Users\Light\Videos\高速运动.mp4,208,True,0.7660391330718994,43.35978698730469,42.60121536254883,72.68415832519531,63.77661895751953
fast,C:\Users\Light\Videos\高速运动.mp4,209,True,0.7614242434501648,43.339134216308594,42.63100051879883,72.74413299560547,63.75898361206055
fast,C:\Users\Light\Videos\高速运动.mp4,210,True,0.8145385384559631,52.34373092651367,42.01616668701172,83.18875885009766,62.17831039428711
fast,C:\Users\Light\Videos\高速运动.mp4,211,True,0.813837468624115,52.31595993041992,42.04140090942383,83.22344207763672,62.20641326904297
fast,C:\Users\Light\Videos\高速运动.mp4,212,True,0.7889479398727417,62.430294036865234,42.185081481933594,89.85940551757812,63.469852447509766
fast,C:\Users\Light\Videos\高速运动.mp4,213,True,0.7548370361328125,70.3904800415039,42.4065055847168,97.7270736694336,63.15672302246094
fast,C:\Users\Light\Videos\高速运动.mp4,214,True,0.7566618919372559,70.383056640625,42.37071228027344,97.66239929199219,63.11864471435547
fast,C:\Users\Light\Videos\高速运动.mp4,215,True,0.7869752049446106,77.81371307373047,42.84323501586914,108.31584167480469,63.178707122802734
fast,C:\Users\Light\Videos\高速运动.mp4,216,True,0.7347599864006042,86.07270812988281,43.44293975830078,115.54862213134766,63.125972747802734
fast,C:\Users\Light\Videos\高速运动.mp4,217,True,0.7359545826911926,86.1207504272461,43.4678840637207,115.47642517089844,63.14768981933594
fast,C:\Users\Light\Videos\高速运动.mp4,218,True,0.8177987337112427,95.6190414428711,42.96261978149414,125.0790023803711,62.856231689453125
fast,C:\Users\Light\Videos\高速运动.mp4,219,True,0.7116034626960754,106.41310119628906,44.33816146850586,134.0963592529297,64.00457000732422
fast,C:\Users\Light\Videos\高速运动.mp4,220,True,0.7163538336753845,106.40148162841797,44.2999267578125,134.0563201904297,64.01227569580078
fast,C:\Users\Light\Videos\高速运动.mp4,221,True,0.692054033279419,116.78784942626953,43.99835968017578,144.75611877441406,64.64997100830078
fast,C:\Users\Light\Videos\高速运动.mp4,222,True,0.5827896595001221,125.51822662353516,45.512672424316406,154.9561767578125,64.05994415283203
fast,C:\Users\Light\Videos\高速运动.mp4,223,True,0.5862432718276978,126.39643096923828,44.68024826049805,155.87657165527344,64.27153015136719
fast,C:\Users\Light\Videos\高速运动.mp4,224,True,0.7447411417961121,138.38357543945312,45.31614685058594,168.4277801513672,64.7646713256836
fast,C:\Users\Light\Videos\高速运动.mp4,225,True,0.7821314930915833,150.87205505371094,45.37150192260742,179.640380859375,65.18645477294922
fast,C:\Users\Light\Videos\高速运动.mp4,226,True,0.7745246887207031,162.30410766601562,45.55859375,191.7290496826172,64.24683380126953
fast,C:\Users\Light\Videos\高速运动.mp4,227,True,0.7733043432235718,162.27781677246094,45.564598083496094,191.8058319091797,64.2116470336914
fast,C:\Users\Light\Videos\高速运动.mp4,228,True,0.7269330620765686,175.13169860839844,46.45769119262695,205.5381622314453,64.91666412353516
fast,C:\Users\Light\Videos\高速运动.mp4,229,True,0.7101990580558777,189.78562927246094,46.29489517211914,221.81781005859375,64.79505920410156
fast,C:\Users\Light\Videos\高速运动.mp4,230,True,0.7129433751106262,189.8103485107422,46.31407928466797,221.68359375,64.82002258300781
fast,C:\Users\Light\Videos\高速运动.mp4,231,True,0.7030937671661377,204.12266540527344,46.06170654296875,236.1466827392578,65.14833068847656
fast,C:\Users\Light\Videos\高速运动.mp4,232,True,0.7397375106811523,219.45928955078125,46.42066955566406,252.5844268798828,65.49164581298828
fast,C:\Users\Light\Videos\高速运动.mp4,233,True,0.7397996783256531,219.46945190429688,46.43220901489258,252.5435028076172,65.48091125488281
fast,C:\Users\Light\Videos\高速运动.mp4,234,True,0.7443206906318665,235.62539672851562,46.29989242553711,272.0940246582031,65.17037963867188
fast,C:\Users\Light\Videos\高速运动.mp4,235,True,0.7421874403953552,236.79452514648438,45.63692092895508,271.4883728027344,64.9266357421875
fast,C:\Users\Light\Videos\高速运动.mp4,236,True,0.7218415141105652,253.65110778808594,46.05899429321289,288.1966247558594,65.82270812988281
fast,C:\Users\Light\Videos\高速运动.mp4,237,True,0.7665170431137085,272.9326477050781,47.130279541015625,305.8637390136719,66.22819519042969
fast,C:\Users\Light\Videos\高速运动.mp4,238,True,0.7640647888183594,272.9957580566406,47.12534713745117,305.767822265625,66.18516540527344
fast,C:\Users\Light\Videos\高速运动.mp4,239,True,0.7298104763031006,290.19818115234375,46.67951965332031,325.8629455566406,65.89370727539062
fast,C:\Users\Light\Videos\高速运动.mp4,240,True,0.7262231111526489,309.0720520019531,47.20127868652344,348.1097412109375,66.39417266845703
fast,C:\Users\Light\Videos\高速运动.mp4,241,True,0.7151975035667419,309.18634033203125,47.15504455566406,348.0546569824219,66.34874725341797
fast,C:\Users\Light\Videos\高速运动.mp4,242,True,0.754196047782898,331.54779052734375,46.558250427246094,368.8540954589844,66.17858123779297
fast,C:\Users\Light\Videos\高速运动.mp4,243,True,0.7160719037055969,352.7611999511719,46.34413528442383,390.4111328125,64.7154769897461
fast,C:\Users\Light\Videos\高速运动.mp4,244,True,0.7166507244110107,352.79656982421875,46.37459182739258,390.4289855957031,64.6878433227539
fast,C:\Users\Light\Videos\高速运动.mp4,245,True,0.4897193908691406,376.0779113769531,47.51972198486328,415.2408447265625,64.9839859008789
fast,C:\Users\Light\Videos\高速运动.mp4,246,True,0.47248509526252747,376.08758544921875,47.47285842895508,414.98114013671875,64.9126968383789
fast,C:\Users\Light\Videos\高速运动.mp4,247,True,0.13238166272640228,378.69049072265625,24.096769332885742,402.97747802734375,42.913246154785156
fast,C:\Users\Light\Videos\高速运动.mp4,248,True,0.23268422484397888,380.51275634765625,23.770483016967773,404.5602111816406,41.859130859375
fast,C:\Users\Light\Videos\高速运动.mp4,249,True,0.4966811239719391,397.2784729003906,44.01353073120117,426.8776550292969,61.95376968383789
fast,C:\Users\Light\Videos\高速运动.mp4,250,True,0.6097533106803894,386.9444274902344,41.252410888671875,417.12066650390625,61.15435791015625
fast,C:\Users\Light\Videos\高速运动.mp4,251,True,0.6113307476043701,386.9334411621094,41.2385368347168,417.1076354980469,61.157249450683594
fast,C:\Users\Light\Videos\高速运动.mp4,252,True,0.6339385509490967,376.4927062988281,36.378501892089844,407.05999755859375,56.42356872558594
fast,C:\Users\Light\Videos\高速运动.mp4,253,True,0.6527532339096069,367.2310791015625,36.062747955322266,393.4053955078125,55.96680450439453
fast,C:\Users\Light\Videos\高速运动.mp4,254,True,0.6494714021682739,367.25634765625,36.071983337402344,393.42474365234375,55.93919372558594
fast,C:\Users\Light\Videos\高速运动.mp4,255,True,0.7134131789207458,355.8201904296875,37.51780700683594,387.4287109375,59.414005279541016
fast,C:\Users\Light\Videos\高速运动.mp4,256,True,0.7135770916938782,355.82781982421875,37.501399993896484,387.46514892578125,59.4301872253418
fast,C:\Users\Light\Videos\高速运动.mp4,257,True,0.7198827862739563,343.8055114746094,37.5506591796875,377.72735595703125,59.55891799926758
fast,C:\Users\Light\Videos\高速运动.mp4,258,True,0.5961787104606628,333.2643737792969,35.94999694824219,359.23828125,57.17641067504883
fast,C:\Users\Light\Videos\高速运动.mp4,259,True,0.595341682434082,333.2763366699219,35.948272705078125,359.23077392578125,57.183650970458984
fast,C:\Users\Light\Videos\高速运动.mp4,260,True,0.6793443560600281,318.3893737792969,36.81207275390625,351.3485412597656,58.76595687866211
fast,C:\Users\Light\Videos\高速运动.mp4,261,True,0.7961605787277222,305.42523193359375,37.26457977294922,337.5511474609375,59.74428176879883
fast,C:\Users\Light\Videos\高速运动.mp4,262,True,0.7962915897369385,305.4598388671875,37.25615310668945,337.52557373046875,59.74481964111328
fast,C:\Users\Light\Videos\高速运动.mp4,263,True,0.6797634363174438,288.5183410644531,38.97279357910156,323.29571533203125,59.75770568847656
fast,C:\Users\Light\Videos\高速运动.mp4,264,True,0.7485266923904419,270.7576599121094,37.19396209716797,308.15087890625,59.64869689941406
fast,C:\Users\Light\Videos\高速运动.mp4,265,True,0.7491679191589355,270.7371520996094,37.17573928833008,308.18896484375,59.660282135009766
fast,C:\Users\Light\Videos\高速运动.mp4,266,True,0.7927621603012085,254.08689880371094,37.32374572753906,291.4659729003906,60.21689224243164
fast,C:\Users\Light\Videos\高速运动.mp4,267,True,0.8133801817893982,234.35629272460938,37.162384033203125,277.5674133300781,60.009002685546875
fast,C:\Users\Light\Videos\高速运动.mp4,268,True,0.8099616169929504,234.43862915039062,37.14763641357422,277.5434875488281,59.981529235839844
fast,C:\Users\Light\Videos\高速运动.mp4,269,True,0.7887324690818787,217.83029174804688,37.32627868652344,258.26373291015625,60.104766845703125
fast,C:\Users\Light\Videos\高速运动.mp4,270,True,0.7938788533210754,217.8226318359375,37.46522903442383,258.2689208984375,60.20301818847656
fast,C:\Users\Light\Videos\高速运动.mp4,271,True,0.742203950881958,202.42294311523438,39.11690139770508,236.5634002685547,61.36419677734375
fast,C:\Users\Light\Videos\高速运动.mp4,272,True,0.792591392993927,180.78395080566406,39.033687591552734,222.062744140625,62.43032455444336
fast,C:\Users\Light\Videos\高速运动.mp4,273,True,0.7715083360671997,161.57998657226562,40.516624450683594,201.18316650390625,62.81595993041992
fast,C:\Users\Light\Videos\高速运动.mp4,274,True,0.7962594628334045,140.8921661376953,39.68410873413086,181.495361328125,61.58492660522461
fast,C:\Users\Light\Videos\高速运动.mp4,275,True,0.7975464463233948,140.90988159179688,39.71205520629883,181.5244903564453,61.59965133666992
fast,C:\Users\Light\Videos\高速运动.mp4,276,True,0.688350260257721,123.57080078125,42.35843276977539,160.2105712890625,63.29197692871094
fast,C:\Users\Light\Videos\高速运动.mp4,277,True,0.7783344984054565,101.99555206298828,42.18424987792969,141.63548278808594,62.04751968383789
fast,C:\Users\Light\Videos\高速运动.mp4,278,True,0.7689664363861084,102.22077941894531,42.224727630615234,141.5404510498047,62.030574798583984
fast,C:\Users\Light\Videos\高速运动.mp4,279,True,0.7353262901306152,76.4712905883789,41.4379997253418,122.77591705322266,61.80413055419922
fast,C:\Users\Light\Videos\高速运动.mp4,280,True,0.7359446883201599,76.4623031616211,41.42105484008789,122.79222106933594,61.811973571777344
fast,C:\Users\Light\Videos\高速运动.mp4,281,True,0.7095080614089966,55.929443359375,43.36436462402344,98.68894958496094,63.77998352050781
fast,C:\Users\Light\Videos\高速运动.mp4,282,True,0.7096019983291626,37.20746612548828,43.47783279418945,74.068115234375,63.98874282836914
fast,C:\Users\Light\Videos\高速运动.mp4,283,True,0.7087235450744629,37.20308303833008,43.49060821533203,74.07093811035156,63.99824523925781
fast,C:\Users\Light\Videos\高速运动.mp4,284,True,0.3459647595882416,20.825454711914062,45.458885192871094,47.73131561279297,63.94752883911133
fast,C:\Users\Light\Videos\高速运动.mp4,285,True,0.024465573951601982,12.80675983428955,49.146427154541016,41.79352951049805,66.01114654541016
fast,C:\Users\Light\Videos\高速运动.mp4,286,True,0.02503887750208378,12.811594009399414,49.105098724365234,41.78847885131836,66.0008316040039
fast,C:\Users\Light\Videos\高速运动.mp4,287,True,0.765453040599823,25.85755157470703,43.664676666259766,53.899681091308594,64.51090240478516
fast,C:\Users\Light\Videos\高速运动.mp4,288,True,0.7961845397949219,38.50154113769531,41.81293869018555,65.82611846923828,63.627384185791016
fast,C:\Users\Light\Videos\高速运动.mp4,289,True,0.7960399389266968,38.50154495239258,41.815853118896484,65.82139587402344,63.62630844116211
fast,C:\Users\Light\Videos\高速运动.mp4,290,True,0.7650479674339294,49.26652908325195,43.099822998046875,75.25392150878906,64.17182159423828
fast,C:\Users\Light\Videos\高速运动.mp4,291,True,0.7658045291900635,49.287506103515625,43.09473419189453,75.16590118408203,64.14889526367188
fast,C:\Users\Light\Videos\高速运动.mp4,292,True,0.7820921540260315,57.79902648925781,42.51017761230469,85.62428283691406,63.09141540527344
fast,C:\Users\Light\Videos\高速运动.mp4,293,True,0.7978065013885498,66.0090560913086,43.03818893432617,94.9645004272461,63.376441955566406
fast,C:\Users\Light\Videos\高速运动.mp4,294,True,0.8039595484733582,65.9710464477539,43.00910186767578,94.96283721923828,63.31956481933594
fast,C:\Users\Light\Videos\高速运动.mp4,295,True,0.7684360146522522,74.82823944091797,43.1455192565918,103.17324829101562,62.437339782714844
fast,C:\Users\Light\Videos\高速运动.mp4,296,True,0.7680583000183105,84.33363342285156,43.46792984008789,112.74156951904297,63.863643646240234
fast,C:\Users\Light\Videos\高速运动.mp4,297,True,0.7375789284706116,94.45757293701172,45.042415618896484,122.73027801513672,63.279964447021484
fast,C:\Users\Light\Videos\高速运动.mp4,298,True,0.7343924641609192,104.5619888305664,44.63571548461914,134.22874450683594,63.907188415527344
fast,C:\Users\Light\Videos\高速运动.mp4,299,True,0.7355156540870667,104.57376861572266,44.64860153198242,134.2142333984375,63.9099006652832
fast,C:\Users\Light\Videos\高速运动.mp4,300,True,0.7324653267860413,116.34678649902344,44.581459045410156,145.09588623046875,65.02275848388672
fast,C:\Users\Light\Videos\高速运动.mp4,301,True,0.7329310178756714,116.33871459960938,44.574195861816406,145.10272216796875,65.0334243774414
fast,C:\Users\Light\Videos\高速运动.mp4,302,True,0.7434679865837097,127.183349609375,45.110748291015625,158.03903198242188,63.86066436767578
fast,C:\Users\Light\Videos\高速运动.mp4,303,True,0.812867283821106,139.1727752685547,46.16703796386719,169.13999938964844,64.61717987060547
fast,C:\Users\Light\Videos\高速运动.mp4,304,True,0.8125910758972168,139.16986083984375,46.159645080566406,169.15443420410156,64.61686706542969
fast,C:\Users\Light\Videos\高速运动.mp4,305,True,0.7735251784324646,151.93099975585938,45.8444938659668,183.1840362548828,65.05801391601562
fast,C:\Users\Light\Videos\高速运动.mp4,306,True,0.7514453530311584,166.36500549316406,44.960838317871094,198.0810089111328,64.51519012451172
fast,C:\Users\Light\Videos\高速运动.mp4,307,True,0.75173419713974,166.30433654785156,44.94866943359375,198.11453247070312,64.5097885131836
fast,C:\Users\Light\Videos\高速运动.mp4,308,True,0.7193039655685425,179.1443634033203,45.89032745361328,213.15753173828125,64.46009826660156
fast,C:\Users\Light\Videos\高速运动.mp4,309,True,0.7657588124275208,196.52896118164062,45.18064880371094,229.4293975830078,64.74575805664062
fast,C:\Users\Light\Videos\高速运动.mp4,310,True,0.765626072883606,196.52108764648438,45.20736312866211,229.45115661621094,64.72432708740234
fast,C:\Users\Light\Videos\高速运动.mp4,311,True,0.7471054196357727,213.77371215820312,45.86648178100586,243.85255432128906,65.8236083984375
fast,C:\Users\Light\Videos\高速运动.mp4,312,True,0.6913207173347473,227.16200256347656,45.56123733520508,264.30224609375,65.3219985961914
fast,C:\Users\Light\Videos\高速运动.mp4,313,True,0.6920551061630249,227.12860107421875,45.57441711425781,264.3858947753906,65.35525512695312
fast,C:\Users\Light\Videos\高速运动.mp4,314,True,0.7705022096633911,244.57669067382812,46.01567459106445,283.0834655761719,65.53026580810547
fast,C:\Users\Light\Videos\高速运动.mp4,315,True,0.7722283601760864,244.67599487304688,46.04588317871094,283.12738037109375,65.5462646484375
fast,C:\Users\Light\Videos\高速运动.mp4,316,True,0.7182847857475281,260.6142272949219,45.882503509521484,301.22650146484375,65.14653778076172
fast,C:\Users\Light\Videos\高速运动.mp4,317,True,0.7338088154792786,284.6214904785156,46.85517883300781,317.0085144042969,65.64444732666016
fast,C:\Users\Light\Videos\高速运动.mp4,318,True,0.741270124912262,284.57012939453125,46.86178970336914,316.9824523925781,65.73908996582031
fast,C:\Users\Light\Videos\高速运动.mp4,319,True,0.7729809880256653,304.82513427734375,47.32700729370117,340.00494384765625,66.3170394897461
fast,C:\Users\Light\Videos\高速运动.mp4,320,True,0.7134076356887817,321.88470458984375,46.35013961791992,360.3188171386719,66.27423095703125
fast,C:\Users\Light\Videos\高速运动.mp4,321,True,0.7667579650878906,342.54205322265625,46.17158889770508,379.7292175292969,65.35283660888672
fast,C:\Users\Light\Videos\高速运动.mp4,322,True,0.7656124234199524,365.42486572265625,46.29969024658203,403.164306640625,65.5047836303711
fast,C:\Users\Light\Videos\高速运动.mp4,323,True,0.761955738067627,365.431396484375,46.362464904785156,403.16656494140625,65.51062774658203
fast,C:\Users\Light\Videos\高速运动.mp4,324,True,0.07026844471693039,389.0855407714844,45.37309646606445,430.023193359375,65.37199401855469
fast,C:\Users\Light\Videos\高速运动.mp4,325,True,0.06888381391763687,389.0981140136719,45.385398864746094,430.01629638671875,65.38349151611328
fast,C:\Users\Light\Videos\高速运动.mp4,326,True,0.22854872047901154,379.59417724609375,24.512388229370117,404.03436279296875,43.7984733581543
fast,C:\Users\Light\Videos\高速运动.mp4,327,True,0.061200618743896484,399.0426940917969,43.15768814086914,434.2070617675781,60.107704162597656
fast,C:\Users\Light\Videos\高速运动.mp4,328,True,0.05646815150976181,399.0794982910156,43.14399337768555,434.2347412109375,60.113372802734375
fast,C:\Users\Light\Videos\高速运动.mp4,329,True,0.5863438844680786,392.6885681152344,44.428409576416016,423.2335510253906,63.89907455444336
fast,C:\Users\Light\Videos\高速运动.mp4,330,True,0.7597423195838928,380.305419921875,42.13196563720703,415.52142333984375,62.38021469116211
fast,C:\Users\Light\Videos\高速运动.mp4,331,True,0.7604897618293762,380.2674560546875,42.15484619140625,415.4861755371094,62.400901794433594
fast,C:\Users\Light\Videos\高速运动.mp4,332,True,0.5898858308792114,369.6551513671875,39.43661880493164,395.4674987792969,59.381553649902344
fast,C:\Users\Light\Videos\高速运动.mp4,333,True,0.6076573133468628,358.27105712890625,37.30897521972656,390.5320129394531,57.216976165771484
fast,C:\Users\Light\Videos\高速运动.mp4,334,True,0.6080769300460815,358.289306640625,37.301422119140625,390.531494140625,57.20848083496094
fast,C:\Users\Light\Videos\高速运动.mp4,335,True,0.7803806662559509,345.5743103027344,38.779518127441406,379.1979675292969,60.97065353393555
fast,C:\Users\Light\Videos\高速运动.mp4,336,True,0.7797445058822632,345.61767578125,38.79096984863281,379.3095703125,61.0161247253418
fast,C:\Users\Light\Videos\高速运动.mp4,337,True,0.7887977361679077,332.9023742675781,38.655426025390625,367.80023193359375,61.38187789916992
fast,C:\Users\Light\Videos\高速运动.mp4,338,True,0.7729111313819885,322.4853210449219,37.742279052734375,354.1456604003906,60.56523132324219
fast,C:\Users\Light\Videos\高速运动.mp4,339,True,0.7720041871070862,322.4434509277344,37.810630798339844,354.2097473144531,60.55528259277344
fast,C:\Users\Light\Videos\高速运动.mp4,340,True,0.780030369758606,309.5462646484375,39.284759521484375,342.1010437011719,61.850074768066406
fast,C:\Users\Light\Videos\高速运动.mp4,341,True,0.7332744002342224,296.51995849609375,41.54117965698242,328.3729553222656,62.78677749633789
fast,C:\Users\Light\Videos\高速运动.mp4,342,True,0.7386744022369385,296.4853820800781,41.559959411621094,328.4730224609375,62.896324157714844
fast,C:\Users\Light\Videos\高速运动.mp4,343,True,0.8039024472236633,279.24078369140625,40.20893859863281,316.16534423828125,62.892269134521484
fast,C:\Users\Light\Videos\高速运动.mp4,344,True,0.7647395730018616,264.59967041015625,39.76451873779297,301.6289978027344,61.48080062866211
fast,C:\Users\Light\Videos\高速运动.mp4,345,True,0.7779703736305237,249.78262329101562,39.2671012878418,287.6162109375,61.828739166259766
fast,C:\Users\Light\Videos\高速运动.mp4,346,True,0.7782894372940063,249.7779541015625,39.22608947753906,287.6047668457031,61.78109359741211
fast,C:\Users\Light\Videos\高速运动.mp4,347,True,0.7849429249763489,235.89747619628906,38.71022415161133,272.3858337402344,60.64129638671875
fast,C:\Users\Light\Videos\高速运动.mp4,348,True,0.7786211371421814,218.7003936767578,39.16459274291992,255.7458953857422,61.41901397705078
fast,C:\Users\Light\Videos\高速运动.mp4,349,True,0.7783344388008118,218.70245361328125,39.17902374267578,255.73635864257812,61.430938720703125
fast,C:\Users\Light\Videos\高速运动.mp4,350,True,0.7721198797225952,203.38046264648438,39.19049835205078,240.83668518066406,62.04603958129883
fast,C:\Users\Light\Videos\高速运动.mp4,351,True,0.7893223762512207,185.00514221191406,40.41850662231445,223.20738220214844,62.99018478393555
fast,C:\Users\Light\Videos\高速运动.mp4,352,True,0.7911041378974915,184.9365997314453,40.40024185180664,223.1833038330078,62.994956970214844
fast,C:\Users\Light\Videos\高速运动.mp4,353,True,0.7406903505325317,168.65414428710938,41.070518493652344,205.01324462890625,63.19661331176758
fast,C:\Users\Light\Videos\高速运动.mp4,354,True,0.7857074737548828,149.95220947265625,40.93114471435547,187.67286682128906,62.547157287597656
fast,C:\Users\Light\Videos\高速运动.mp4,355,True,0.7859064340591431,149.94154357910156,40.923343658447266,187.69113159179688,62.54644012451172
fast,C:\Users\Light\Videos\高速运动.mp4,356,True,0.7823994755744934,131.1639404296875,41.80561065673828,169.61375427246094,62.94784927368164
fast,C:\Users\Light\Videos\高速运动.mp4,357,True,0.7266656756401062,114.5826416015625,42.26069641113281,151.92564392089844,62.41526412963867
fast,C:\Users\Light\Videos\高速运动.mp4,358,True,0.7264026999473572,114.59801483154297,42.254310607910156,151.93240356445312,62.39529800415039
fast,C:\Users\Light\Videos\高速运动.mp4,359,True,0.7685091495513916,93.00297546386719,41.26744842529297,133.77818298339844,62.43317413330078
fast,C:\Users\Light\Videos\高速运动.mp4,360,True,0.7600128054618835,92.77534484863281,41.25592803955078,133.5679931640625,62.600990295410156
fast,C:\Users\Light\Videos\高速运动.mp4,361,True,0.7432425618171692,73.5478744506836,42.82904815673828,113.07755279541016,62.387386322021484
fast,C:\Users\Light\Videos\高速运动.mp4,362,True,0.7886537909507751,54.46736145019531,44.757164001464844,92.29537200927734,64.06001281738281
fast,C:\Users\Light\Videos\高速运动.mp4,363,True,0.7859995365142822,54.60112762451172,44.7587776184082,92.24264526367188,64.03388214111328
fast,C:\Users\Light\Videos\高速运动.mp4,364,True,0.7624374032020569,34.880287170410156,42.7050666809082,71.47539520263672,63.73511505126953
fast,C:\Users\Light\Videos\高速运动.mp4,365,True,0.21869304776191711,21.019838333129883,45.87046813964844,47.543861389160156,63.990177154541016
fast,C:\Users\Light\Videos\高速运动.mp4,366,True,0.25759679079055786,21.153141021728516,45.54514694213867,47.53023147583008,63.77292251586914
fast,C:\Users\Light\Videos\高速运动.mp4,367,True,0.03759736567735672,391.8635559082031,17.427690505981445,414.0120849609375,36.23233413696289
fast,C:\Users\Light\Videos\高速运动.mp4,368,True,0.7845639586448669,24.706296920776367,43.04829788208008,53.140594482421875,64.48784637451172
fast,C:\Users\Light\Videos\高速运动.mp4,369,True,0.7864286303520203,37.466758728027344,42.0931282043457,64.16987609863281,63.940155029296875
fast,C:\Users\Light\Videos\高速运动.mp4,370,True,0.787038266658783,37.46242141723633,42.084251403808594,64.16368103027344,63.97650909423828
fast,C:\Users\Light\Videos\高速运动.mp4,371,True,0.7822086811065674,48.26044464111328,42.837562561035156,74.65972137451172,63.94591522216797
fast,C:\Users\Light\Videos\高速运动.mp4,372,True,0.8227531909942627,56.14567947387695,42.33443069458008,84.70594787597656,62.346641540527344
fast,C:\Users\Light\Videos\高速运动.mp4,373,True,0.8228949308395386,56.137386322021484,42.33140563964844,84.71163940429688,62.342899322509766
fast,C:\Users\Light\Videos\高速运动.mp4,374,True,0.7745451331138611,66.13911437988281,43.35499572753906,94.91817474365234,64.06814575195312
fast,C:\Users\Light\Videos\高速运动.mp4,375,True,0.7279391288757324,74.80587768554688,43.502933502197266,103.3149185180664,62.23402404785156
fast,C:\Users\Light\Videos\高速运动.mp4,376,True,0.7267166376113892,74.80005645751953,43.513916015625,103.32554626464844,62.227928161621094
fast,C:\Users\Light\Videos\高速运动.mp4,377,True,0.734420657157898,84.85566711425781,43.534690856933594,113.75819396972656,63.471961975097656
fast,C:\Users\Light\Videos\高速运动.mp4,378,True,0.7393016815185547,94.76776123046875,44.312095642089844,124.53237915039062,63.71508026123047
fast,C:\Users\Light\Videos\高速运动.mp4,379,True,0.7343632578849792,94.7958984375,44.29521942138672,124.58931732177734,63.69990539550781
fast,C:\Users\Light\Videos\高速运动.mp4,380,True,0.7307007908821106,106.70616149902344,45.57356262207031,136.4413604736328,64.73983764648438
fast,C:\Users\Light\Videos\高速运动.mp4,381,True,0.7157213687896729,108.07324981689453,44.841697692871094,135.339599609375,64.57623291015625
fast,C:\Users\Light\Videos\高速运动.mp4,382,True,0.7271159887313843,118.06977081298828,45.46758270263672,148.1350555419922,64.88701629638672
fast,C:\Users\Light\Videos\高速运动.mp4,383,True,0.6687222719192505,132.26773071289062,44.97831726074219,162.15675354003906,64.24002075195312
fast,C:\Users\Light\Videos\高速运动.mp4,384,True,0.6677144169807434,132.20150756835938,44.96514129638672,162.1799774169922,64.22415161132812
fast,C:\Users\Light\Videos\高速运动.mp4,385,True,0.726513683795929,143.466064453125,44.80214309692383,175.28326416015625,64.30902099609375
fast,C:\Users\Light\Videos\高速运动.mp4,386,True,0.7661160826683044,157.60987854003906,46.1609001159668,187.90406799316406,65.01171112060547
fast,C:\Users\Light\Videos\高速运动.mp4,387,True,0.7657040357589722,157.61277770996094,46.16571807861328,187.80874633789062,64.9873046875
fast,C:\Users\Light\Videos\高速运动.mp4,388,True,0.7614532113075256,172.34925842285156,44.808082580566406,205.29940795898438,64.87188720703125
fast,C:\Users\Light\Videos\高速运动.mp4,389,True,0.7736791372299194,187.45187377929688,44.75736618041992,221.659423828125,65.21874237060547
fast,C:\Users\Light\Videos\高速运动.mp4,390,True,0.7760830521583557,187.30064392089844,44.70117950439453,221.91758728027344,65.24830627441406
fast,C:\Users\Light\Videos\高速运动.mp4,391,True,0.6385892629623413,202.879638671875,45.48237228393555,234.7733612060547,64.71753692626953
fast,C:\Users\Light\Videos\高速运动.mp4,392,True,0.6533684134483337,202.73768615722656,45.47325134277344,234.83041381835938,64.77538299560547
fast,C:\Users\Light\Videos\高速运动.mp4,393,True,0.6915909051895142,234.37925720214844,46.06166076660156,271.4510803222656,65.30902099609375
fast,C:\Users\Light\Videos\高速运动.mp4,394,True,0.692419171333313,234.3528289794922,46.06466293334961,271.4948425292969,65.29776763916016
fast,C:\Users\Light\Videos\高速运动.mp4,395,True,0.7322866916656494,250.59109497070312,45.75807571411133,288.4177551269531,65.82748413085938
fast,C:\Users\Light\Videos\高速运动.mp4,396,True,0.7187682390213013,269.44921875,46.196197509765625,305.5738830566406,65.09478759765625
fast,C:\Users\Light\Videos\高速运动.mp4,397,True,0.7170224785804749,269.43914794921875,46.18880081176758,305.5890808105469,65.07376861572266
fast,C:\Users\Light\Videos\高速运动.mp4,398,True,0.7001388669013977,289.1147155761719,46.57900619506836,323.30950927734375,65.72313690185547
fast,C:\Users\Light\Videos\高速运动.mp4,399,True,0.7805092334747314,307.4703674316406,46.32447814941406,344.7658996582031,65.09935760498047
fast,C:\Users\Light\Videos\高速运动.mp4,400,True,0.7802017331123352,307.3941345214844,46.31739807128906,344.9978942871094,65.10393524169922
fast,C:\Users\Light\Videos\高速运动.mp4,401,True,0.7927179336547852,325.4870910644531,46.61118698120117,364.44659423828125,66.17463684082031
fast,C:\Users\Light\Videos\高速运动.mp4,402,True,0.7605356574058533,346.8204345703125,46.5582275390625,384.28350830078125,65.00604248046875
fast,C:\Users\Light\Videos\高速运动.mp4,403,True,0.7589488625526428,346.8177185058594,46.571990966796875,384.2426452636719,65.00666809082031
fast,C:\Users\Light\Videos\高速运动.mp4,404,True,0.6969000697135925,366.89202880859375,47.2957649230957,405.25299072265625,65.25357055664062
fast,C:\Users\Light\Videos\高速运动.mp4,405,True,0.6897979974746704,366.9817810058594,47.17597579956055,405.1996765136719,65.13145446777344
fast,C:\Users\Light\Videos\高速运动.mp4,406,True,0.07268026471138,389.5807189941406,46.07098388671875,431.0277099609375,64.59324645996094
fast,C:\Users\Light\Videos\高速运动.mp4,407,True,0.029960956424474716,377.69317626953125,25.455659866333008,402.0748596191406,45.15532302856445
fast,C:\Users\Light\Videos\高速运动.mp4,408,True,0.029965335503220558,377.7132568359375,25.450998306274414,402.1400146484375,45.105255126953125
fast,C:\Users\Light\Videos\高速运动.mp4,409,True,0.31254443526268005,380.6478576660156,24.062435150146484,403.75726318359375,43.38576889038086
fast,C:\Users\Light\Videos\高速运动.mp4,410,True,0.43962639570236206,388.9600830078125,45.73557662963867,420.0515441894531,63.967071533203125
fast,C:\Users\Light\Videos\高速运动.mp4,411,True,0.45134955644607544,388.927490234375,45.76145935058594,420.0889587402344,63.992061614990234
fast,C:\Users\Light\Videos\高速运动.mp4,412,True,0.7147917747497559,380.07391357421875,42.04496383666992,411.52069091796875,62.87097930908203
fast,C:\Users\Light\Videos\高速运动.mp4,413,True,0.7031083106994629,370.9989318847656,41.315185546875,405.7226257324219,61.300636291503906
fast,C:\Users\Light\Videos\高速运动.mp4,414,True,0.6989607810974121,371.0213928222656,41.19416427612305,405.80328369140625,61.243892669677734
fast,C:\Users\Light\Videos\高速运动.mp4,415,True,0.767600417137146,364.7401123046875,42.23707580566406,395.7588806152344,61.6575813293457
fast,C:\Users\Light\Videos\高速运动.mp4,416,True,0.7679380774497986,364.74237060546875,42.203277587890625,395.7748107910156,61.63893508911133
fast,C:\Users\Light\Videos\高速运动.mp4,417,True,0.7035425901412964,346.73858642578125,38.698974609375,381.4674377441406,60.08737564086914
fast,C:\Users\Light\Videos\高速运动.mp4,418,True,0.6992325186729431,346.72601318359375,38.743595123291016,381.5119934082031,60.089820861816406
fast,C:\Users\Light\Videos\高速运动.mp4,419,True,0.7871818542480469,337.37640380859375,36.48515701293945,370.5379943847656,59.349124908447266
fast,C:\Users\Light\Videos\高速运动.mp4,420,True,0.7528132200241089,323.38531494140625,38.05036544799805,359.96453857421875,60.83409881591797
fast,C:\Users\Light\Videos\高速运动.mp4,421,True,0.7537534236907959,323.40240478515625,38.04458236694336,359.94036865234375,60.8371467590332
fast,C:\Users\Light\Videos\高速运动.mp4,422,True,0.7481924891471863,310.84857177734375,38.60072326660156,348.078125,61.33681106567383
fast,C:\Users\Light\Videos\高速运动.mp4,423,True,0.7211241722106934,297.4130859375,39.348609924316406,333.110107421875,61.5600471496582
fast,C:\Users\Light\Videos\高速运动.mp4,424,True,0.7211661338806152,297.36956787109375,39.34202194213867,333.12109375,61.567623138427734
fast,C:\Users\Light\Videos\高速运动.mp4,425,True,0.726815938949585,281.717529296875,39.412593841552734,317.47479248046875,62.142093658447266
fast,C:\Users\Light\Videos\高速运动.mp4,426,True,0.7253015041351318,282.00018310546875,39.31604766845703,317.3381652832031,62.01959228515625
fast,C:\Users\Light\Videos\高速运动.mp4,427,True,0.7803028225898743,265.5475158691406,39.44081115722656,301.1777038574219,62.63798904418945
fast,C:\Users\Light\Videos\高速运动.mp4,428,True,0.8225757479667664,248.1352996826172,39.285118103027344,286.78192138671875,62.769432067871094
fast,C:\Users\Light\Videos\高速运动.mp4,429,True,0.821816086769104,248.1453857421875,39.28303527832031,286.77520751953125,62.752376556396484
fast,C:\Users\Light\Videos\高速运动.mp4,430,True,0.7805593609809875,230.6082305908203,38.94175338745117,268.6966857910156,61.70729064941406
fast,C:\Users\Light\Videos\高速运动.mp4,431,True,0.8018642663955688,212.02943420410156,41.36540603637695,249.861572265625,63.49199676513672
fast,C:\Users\Light\Videos\高速运动.mp4,432,True,0.8011622428894043,212.27500915527344,41.340553283691406,249.7384033203125,63.42993927001953
fast,C:\Users\Light\Videos\高速运动.mp4,433,True,0.7515607476234436,193.02191162109375,41.091922760009766,230.17361450195312,62.92864227294922
fast,C:\Users\Light\Videos\高速运动.mp4,434,True,0.7566471695899963,173.19322204589844,41.414154052734375,212.99253845214844,62.80659103393555
fast,C:\Users\Light\Videos\高速运动.mp4,435,True,0.7578887343406677,173.17678833007812,41.43299865722656,213.06678771972656,62.84785079956055
fast,C:\Users\Light\Videos\高速运动.mp4,436,True,0.7380156517028809,154.875732421875,41.021820068359375,193.34425354003906,63.25750732421875
fast,C:\Users\Light\Videos\高速运动.mp4,437,True,0.7368288636207581,154.8921661376953,41.095619201660156,193.30911254882812,63.29939270019531
fast,C:\Users\Light\Videos\高速运动.mp4,438,True,0.7458496689796448,134.19493103027344,41.794742584228516,173.7133331298828,62.791038513183594
fast,C:\Users\Light\Videos\高速运动.mp4,439,True,0.6879006028175354,115.79398345947266,42.93718338012695,153.40151977539062,62.99359130859375
fast,C:\Users\Light\Videos\高速运动.mp4,440,True,0.6924472451210022,115.7724609375,42.910377502441406,153.40821838378906,62.99005126953125
fast,C:\Users\Light\Videos\高速运动.mp4,441,True,0.7481757998466492,70.23468780517578,43.00721740722656,111.25080108642578,63.12790298461914
fast,C:\Users\Light\Videos\高速运动.mp4,442,True,0.7520292401313782,70.23893737792969,42.97541809082031,111.2496566772461,63.121246337890625
fast,C:\Users\Light\Videos\高速运动.mp4,443,True,0.3028233051300049,46.84858703613281,44.162410736083984,89.37667846679688,62.42210006713867
fast,C:\Users\Light\Videos\高速运动.mp4,444,True,0.47710639238357544,27.736034393310547,45.2188835144043,62.247955322265625,64.66543579101562
fast,C:\Users\Light\Videos\高速运动.mp4,445,True,0.4754745662212372,27.691917419433594,45.21986770629883,62.266510009765625,64.67359161376953
fast,C:\Users\Light\Videos\高速运动.mp4,446,True,0.015750152990221977,13.161940574645996,48.47101593017578,40.640655517578125,65.73236846923828
fast,C:\Users\Light\Videos\高速运动.mp4,447,True,0.10135095566511154,21.965770721435547,47.482093811035156,47.175689697265625,65.00960540771484
fast,C:\Users\Light\Videos\高速运动.mp4,448,True,0.10208731144666672,21.970674514770508,47.487831115722656,47.2131462097168,65.02753448486328
fast,C:\Users\Light\Videos\高速运动.mp4,449,True,0.80362868309021,31.740468978881836,42.41226577758789,61.264774322509766,62.66468048095703
fast,C:\Users\Light\Videos\高速运动.mp4,450,True,0.807013213634491,31.711519241333008,42.49370574951172,61.225067138671875,62.67579650878906
fast,C:\Users\Light\Videos\高速运动.mp4,451,True,0.8291246294975281,44.88092803955078,41.69938278198242,72.37723541259766,63.1501350402832
fast,C:\Users\Light\Videos\高速运动.mp4,452,True,0.8237236142158508,54.143646240234375,42.023067474365234,83.60523223876953,61.57163619995117
fast,C:\Users\Light\Videos\高速运动.mp4,453,True,0.8240426778793335,54.14170837402344,42.08032989501953,83.54936981201172,61.56972885131836
fast,C:\Users\Light\Videos\高速运动.mp4,454,True,0.7378538250923157,63.662506103515625,43.5848274230957,91.23490905761719,63.825767517089844
fast,C:\Users\Light\Videos\高速运动.mp4,455,True,0.7840702533721924,72.57730865478516,43.15385437011719,100.6270980834961,63.01124954223633
fast,C:\Users\Light\Videos\高速运动.mp4,456,True,0.7819774150848389,72.61212921142578,43.30105209350586,100.68790435791016,63.02653503417969
fast,C:\Users\Light\Videos\高速运动.mp4,457,True,0.7495347857475281,81.18937683105469,43.0651969909668,110.0943832397461,63.29856491088867
fast,C:\Users\Light\Videos\高速运动.mp4,458,True,0.7436259984970093,89.86359405517578,43.378440856933594,119.80228424072266,62.049110412597656
fast,C:\Users\Light\Videos\高速运动.mp4,459,True,0.7535943388938904,89.73882293701172,42.98989486694336,119.95348358154297,61.69355392456055
fast,C:\Users\Light\Videos\高速运动.mp4,460,True,0.6766618490219116,99.4293441772461,44.81310272216797,129.99671936035156,63.28556442260742
fast,C:\Users\Light\Videos\高速运动.mp4,461,True,0.6867977976799011,99.45088195800781,44.786949157714844,129.94859313964844,63.30073928833008
fast,C:\Users\Light\Videos\高速运动.mp4,462,True,0.6479071974754333,109.47566223144531,44.82473373413086,138.84112548828125,63.97859191894531
fast,C:\Users\Light\Videos\高速运动.mp4,463,True,0.6674187779426575,120.42240142822266,46.512508392333984,148.8441619873047,65.2730941772461
fast,C:\Users\Light\Videos\高速运动.mp4,464,True,0.6671488285064697,120.4300765991211,46.51849365234375,148.83731079101562,65.26885986328125
fast,C:\Users\Light\Videos\高速运动.mp4,465,True,0.7528548240661621,142.55023193359375,45.11390686035156,173.2743682861328,65.09317779541016
fast,C:\Users\Light\Videos\高速运动.mp4,466,True,0.7534588575363159,142.59788513183594,45.09907150268555,173.316162109375,65.06825256347656
fast,C:\Users\Light\Videos\高速运动.mp4,467,True,0.7596912980079651,155.5814208984375,45.262874603271484,185.55621337890625,64.81112670898438
fast,C:\Users\Light\Videos\高速运动.mp4,468,True,0.7528282403945923,168.4687957763672,44.752479553222656,199.78848266601562,64.75595092773438
fast,C:\Users\Light\Videos\高速运动.mp4,469,True,0.7529679536819458,168.48861694335938,44.74750518798828,199.79196166992188,64.75788116455078
fast,C:\Users\Light\Videos\高速运动.mp4,470,True,0.7737419605255127,180.00717163085938,44.724735260009766,215.17434692382812,63.882625579833984
fast,C:\Users\Light\Videos\高速运动.mp4,471,True,0.7711266875267029,179.9911346435547,44.73103332519531,215.2313690185547,63.8765983581543
fast,C:\Users\Light\Videos\高速运动.mp4,472,True,0.7646802663803101,196.30636596679688,44.75019454956055,229.64051818847656,65.02013397216797
fast,C:\Users\Light\Videos\高速运动.mp4,473,True,0.7697080969810486,212.86489868164062,45.01525115966797,242.98951721191406,65.5736312866211
fast,C:\Users\Light\Videos\高速运动.mp4,474,True,0.7652093172073364,212.8802947998047,45.08468246459961,242.99267578125,65.57815551757812
fast,C:\Users\Light\Videos\高速运动.mp4,475,True,0.7696511745452881,225.45654296875,45.32728576660156,260.7204895019531,64.5889892578125
fast,C:\Users\Light\Videos\高速运动.mp4,476,True,0.7983260154724121,241.15382385253906,45.2144889831543,278.85595703125,64.53315734863281
fast,C:\Users\Light\Videos\高速运动.mp4,477,True,0.7966533303260803,241.18392944335938,45.22731018066406,278.888916015625,64.5488510131836
fast,C:\Users\Light\Videos\高速运动.mp4,478,True,0.7705191969871521,258.1939697265625,46.15601348876953,293.5284423828125,65.64640045166016
fast,C:\Users\Light\Videos\高速运动.mp4,479,True,0.7252347469329834,277.58251953125,46.173828125,312.0148620605469,66.02159118652344
fast,C:\Users\Light\Videos\高速运动.mp4,480,True,0.7318355441093445,277.96856689453125,46.390769958496094,311.58428955078125,66.1781997680664
fast,C:\Users\Light\Videos\高速运动.mp4,481,True,0.7616443634033203,294.4577331542969,47.16268539428711,329.50732421875,66.61299896240234
fast,C:\Users\Light\Videos\高速运动.mp4,482,True,0.7623007297515869,294.4608459472656,47.15784454345703,329.4945068359375,66.62442779541016
fast,C:\Users\Light\Videos\高速运动.mp4,483,True,0.7656229138374329,313.6835021972656,46.689693450927734,347.3788757324219,66.00374603271484
fast,C:\Users\Light\Videos\高速运动.mp4,484,True,0.7589016556739807,332.5595397949219,47.15986251831055,367.07342529296875,66.88937377929688
fast,C:\Users\Light\Videos\高速运动.mp4,485,True,0.7589898705482483,332.47265625,47.02898025512695,367.05303955078125,66.82833099365234
fast,C:\Users\Light\Videos\高速运动.mp4,486,True,0.7266143560409546,350.03033447265625,47.098567962646484,386.9816589355469,65.2618408203125
fast,C:\Users\Light\Videos\高速运动.mp4,487,True,0.6583510637283325,369.80792236328125,47.91897964477539,406.2297668457031,66.1661605834961
fast,C:\Users\Light\Videos\高速运动.mp4,488,True,0.663153886795044,369.78143310546875,47.90956497192383,406.17889404296875,66.20552062988281
fast,C:\Users\Light\Videos\高速运动.mp4,489,True,0.0014173536328598857,403.4903564453125,31.090208053588867,432.2314758300781,51.5860595703125
fast,C:\Users\Light\Videos\高速运动.mp4,490,True,0.0014480495592579246,403.54095458984375,30.998905181884766,432.2543640136719,51.524383544921875
fast,C:\Users\Light\Videos\高速运动.mp4,491,True,0.25981006026268005,382.4957275390625,47.76938247680664,413.49365234375,64.95785522460938
fast,C:\Users\Light\Videos\高速运动.mp4,492,True,0.7267835736274719,375.5238952636719,46.403724670410156,405.13189697265625,66.11907958984375
fast,C:\Users\Light\Videos\高速运动.mp4,493,True,0.7263512015342712,375.5289306640625,46.401371002197266,405.1442565917969,66.10565185546875
fast,C:\Users\Light\Videos\高速运动.mp4,494,True,0.8017200231552124,372.6328430175781,42.91786575317383,402.2422790527344,64.0799560546875
fast,C:\Users\Light\Videos\高速运动.mp4,495,True,0.80552077293396,372.64984130859375,42.87223434448242,402.2406005859375,64.08345794677734
fast,C:\Users\Light\Videos\高速运动.mp4,496,True,0.7257789373397827,371.96917724609375,43.870235443115234,400.41357421875,66.03084564208984
fast,C:\Users\Light\Videos\高速运动.mp4,497,True,0.6045808792114258,371.18878173828125,44.88528823852539,400.04052734375,65.53398132324219
fast,C:\Users\Light\Videos\高速运动.mp4,498,True,0.6199706792831421,371.14385986328125,44.866397857666016,400.0187072753906,65.5952377319336
fast,C:\Users\Light\Videos\高速运动.mp4,499,True,0.6911023855209351,368.2640075683594,43.433685302734375,396.24395751953125,63.138099670410156
fast,C:\Users\Light\Videos\高速运动.mp4,500,True,0.7645127177238464,367.49041748046875,40.90879821777344,394.2889404296875,60.27273941040039
fast,C:\Users\Light\Videos\高速运动.mp4,501,True,0.7650814652442932,367.492919921875,40.922019958496094,394.27197265625,60.2782096862793
fast,C:\Users\Light\Videos\高速运动.mp4,502,True,0.7441262006759644,362.73016357421875,39.793968200683594,391.28338623046875,61.36542892456055
fast,C:\Users\Light\Videos\高速运动.mp4,503,True,0.7727416157722473,356.3111877441406,38.194671630859375,386.5375061035156,61.07719802856445
fast,C:\Users\Light\Videos\高速运动.mp4,504,True,0.7732402086257935,356.2962951660156,38.19122314453125,386.5433349609375,61.07630157470703
fast,C:\Users\Light\Videos\高速运动.mp4,505,True,0.7494938969612122,347.5140380859375,37.60294723510742,380.3114318847656,60.09618377685547
fast,C:\Users\Light\Videos\高速运动.mp4,506,True,0.7484738230705261,347.48828125,37.599159240722656,380.34906005859375,60.0948600769043
fast,C:\Users\Light\Videos\高速运动.mp4,507,True,0.791533887386322,339.3318786621094,37.23017883300781,370.9844055175781,60.214088439941406
fast,C:\Users\Light\Videos\高速运动.mp4,508,True,0.8184133768081665,329.119873046875,38.03169631958008,360.074462890625,61.19902420043945
fast,C:\Users\Light\Videos\高速运动.mp4,509,True,0.8179779052734375,328.8790283203125,38.046958923339844,360.07391357421875,61.227508544921875
fast,C:\Users\Light\Videos\高速运动.mp4,510,True,0.8048595786094666,316.13861083984375,39.31118392944336,351.71087646484375,62.93086242675781
fast,C:\Users\Light\Videos\高速运动.mp4,511,True,0.824009120464325,304.2083740234375,40.241634368896484,338.33135986328125,63.447330474853516
fast,C:\Users\Light\Videos\高速运动.mp4,512,True,0.8238674998283386,304.1845703125,40.243743896484375,338.3536376953125,63.460060119628906
fast,C:\Users\Light\Videos\高速运动.mp4,513,True,0.7688363790512085,275.4328308105469,40.55877685546875,312.0625305175781,63.18791961669922
fast,C:\Users\Light\Videos\高速运动.mp4,514,True,0.7672328948974609,275.51654052734375,40.53522491455078,312.01220703125,63.18803024291992
fast,C:\Users\Light\Videos\高速运动.mp4,515,True,0.8026168346405029,260.72454833984375,39.24128341674805,298.3839416503906,61.53447723388672
fast,C:\Users\Light\Videos\高速运动.mp4,516,True,0.805589497089386,260.62591552734375,39.207664489746094,298.3931884765625,61.507179260253906
fast,C:\Users\Light\Videos\高速运动.mp4,517,True,0.8014424443244934,244.14849853515625,39.473575592041016,282.8114013671875,62.75349807739258
fast,C:\Users\Light\Videos\高速运动.mp4,518,True,0.7574626207351685,226.11170959472656,40.88669967651367,266.9030456542969,63.80656051635742
fast,C:\Users\Light\Videos\高速运动.mp4,519,True,0.7581527829170227,226.11180114746094,40.84429931640625,266.87969970703125,63.762142181396484
fast,C:\Users\Light\Videos\高速运动.mp4,520,True,0.7953763604164124,213.1304931640625,41.72269058227539,248.45643615722656,63.81391143798828
fast,C:\Users\Light\Videos\高速运动.mp4,521,True,0.7406063079833984,196.84823608398438,41.32634353637695,229.38465881347656,62.82191848754883
fast,C:\Users\Light\Videos\高速运动.mp4,522,True,0.7413484454154968,196.87742614746094,41.31982421875,229.38082885742188,62.835880279541016
fast,C:\Users\Light\Videos\高速运动.mp4,523,True,0.7502878308296204,175.8559112548828,41.491943359375,213.10098266601562,62.77357864379883
fast,C:\Users\Light\Videos\高速运动.mp4,524,True,0.7297115325927734,157.8693389892578,41.5163688659668,195.3304901123047,63.126869201660156
fast,C:\Users\Light\Videos\高速运动.mp4,525,True,0.7298249006271362,157.8470916748047,41.50769805908203,195.4479217529297,63.14249038696289
fast,C:\Users\Light\Videos\高速运动.mp4,526,True,0.8024625778198242,137.08799743652344,41.81493377685547,177.55406188964844,62.7143669128418
fast,C:\Users\Light\Videos\高速运动.mp4,527,True,0.8013331890106201,137.10748291015625,41.892948150634766,177.50999450683594,62.730167388916016
fast,C:\Users\Light\Videos\高速运动.mp4,528,True,0.6993691325187683,121.97742462158203,42.96627426147461,157.3688201904297,63.49618911743164
fast,C:\Users\Light\Videos\高速运动.mp4,529,True,0.6771116852760315,100.42557525634766,42.03373718261719,137.30557250976562,63.079246520996094
fast,C:\Users\Light\Videos\高速运动.mp4,530,True,0.6888182163238525,100.37617492675781,42.030174255371094,137.47596740722656,63.1181755065918
fast,C:\Users\Light\Videos\高速运动.mp4,531,True,0.8222312331199646,76.21186828613281,42.513092041015625,118.95120239257812,63.146907806396484
fast,C:\Users\Light\Videos\高速运动.mp4,532,True,0.7320160269737244,57.005523681640625,43.340431213378906,95.99630737304688,63.50154495239258
fast,C:\Users\Light\Videos\高速运动.mp4,533,True,0.7317363023757935,56.99138259887695,43.34135055541992,95.97659301757812,63.501522064208984
fast,C:\Users\Light\Videos\高速运动.mp4,534,True,0.7138485908508301,37.54006576538086,43.96754455566406,75.87017822265625,64.07003021240234
fast,C:\Users\Light\Videos\高速运动.mp4,535,True,0.37192976474761963,21.53857421875,45.0755615234375,48.50617218017578,64.02422332763672
fast,C:\Users\Light\Videos\高速运动.mp4,536,True,0.18694092333316803,14.043949127197266,46.024906158447266,40.46721649169922,64.4523696899414
fast,C:\Users\Light\Videos\高速运动.mp4,537,True,0.7780568599700928,25.167415618896484,43.14946365356445,53.56935501098633,64.59344482421875
fast,C:\Users\Light\Videos\高速运动.mp4,538,True,0.7759764790534973,24.97815704345703,43.09222412109375,53.613887786865234,64.5179214477539
fast,C:\Users\Light\Videos\高速运动.mp4,539,True,0.790656328201294,37.179107666015625,42.09133529663086,65.18867492675781,63.65589141845703
fast,C:\Users\Light\Videos\高速运动.mp4,540,True,0.789844274520874,37.135562896728516,42.083309173583984,65.17536163330078,63.61918258666992
fast,C:\Users\Light\Videos\高速运动.mp4,541,True,0.7758126854896545,48.768463134765625,42.95103454589844,75.13345336914062,64.0430679321289
fast,C:\Users\Light\Videos\高速运动.mp4,542,True,0.7501622438430786,57.63065719604492,42.2493782043457,85.86518859863281,61.97391891479492
fast,C:\Users\Light\Videos\高速运动.mp4,543,True,0.7524619698524475,57.71015548706055,42.23588562011719,85.865966796875,62.022239685058594
fast,C:\Users\Light\Videos\高速运动.mp4,544,True,0.7797048687934875,66.74884796142578,42.70840835571289,96.67139434814453,63.53733444213867
fast,C:\Users\Light\Videos\高速运动.mp4,545,True,0.7889851331710815,76.22496795654297,43.92648696899414,107.23074340820312,63.00782012939453
fast,C:\Users\Light\Videos\高速运动.mp4,546,True,0.7956726551055908,76.14694213867188,43.87155532836914,107.15509033203125,63.01420974731445
fast,C:\Users\Light\Videos\高速运动.mp4,547,True,0.7267985343933105,87.38653564453125,44.655147552490234,117.73450469970703,63.91949462890625
fast,C:\Users\Light\Videos\高速运动.mp4,548,True,0.27648690342903137,97.73253631591797,45.73445510864258,128.1417694091797,62.44995880126953
fast,C:\Users\Light\Videos\高速运动.mp4,549,True,0.27886468172073364,97.74339294433594,45.734588623046875,128.0880889892578,62.47142791748047
fast,C:\Users\Light\Videos\高速运动.mp4,550,True,0.6383332014083862,109.9288101196289,45.67031478881836,140.74977111816406,63.57962417602539
fast,C:\Users\Light\Videos\高速运动.mp4,551,True,0.6367486119270325,109.93055725097656,45.69135665893555,140.7425994873047,63.58027648925781
fast,C:\Users\Light\Videos\高速运动.mp4,552,True,0.5924931764602661,122.12528228759766,46.200679779052734,153.43243408203125,64.03311920166016
fast,C:\Users\Light\Videos\高速运动.mp4,553,True,0.6471638679504395,138.2876739501953,46.77265930175781,169.56942749023438,64.61590576171875
fast,C:\Users\Light\Videos\高速运动.mp4,554,True,0.6458173394203186,138.28439331054688,46.7784423828125,169.56878662109375,64.61863708496094
fast,C:\Users\Light\Videos\高速运动.mp4,555,True,0.7547696828842163,151.5333709716797,45.56639099121094,184.06289672851562,65.45503234863281
fast,C:\Users\Light\Videos\高速运动.mp4,556,True,0.7671816349029541,167.2745361328125,45.530086517333984,200.6483612060547,65.38765716552734
fast,C:\Users\Light\Videos\高速运动.mp4,557,True,0.765112578868866,167.2500762939453,45.5300407409668,200.62954711914062,65.39541625976562
fast,C:\Users\Light\Videos\高速运动.mp4,558,True,0.7011061906814575,182.7584686279297,46.7403678894043,217.7647247314453,66.22465515136719
fast,C:\Users\Light\Videos\高速运动.mp4,559,True,0.7936816215515137,198.29940795898438,46.3195915222168,233.69943237304688,66.60845184326172
fast,C:\Users\Light\Videos\高速运动.mp4,560,True,0.6912386417388916,217.01052856445312,46.87189865112305,251.1131591796875,66.63180541992188
fast,C:\Users\Light\Videos\高速运动.mp4,561,True,0.6905989050865173,217.041015625,46.865352630615234,251.06982421875,66.61943054199219
fast,C:\Users\Light\Videos\高速运动.mp4,562,True,0.7303194999694824,234.19619750976562,47.306766510009766,269.5745849609375,66.256591796875
fast,C:\Users\Light\Videos\高速运动.mp4,563,True,0.6969344019889832,251.45143127441406,46.72407150268555,289.1339111328125,66.21611785888672
fast,C:\Users\Light\Videos\高速运动.mp4,564,True,0.6968420147895813,251.4462432861328,46.724700927734375,289.1288146972656,66.22235107421875
fast,C:\Users\Light\Videos\高速运动.mp4,565,True,0.759515106678009,271.40008544921875,47.82993698120117,312.3605041503906,67.53125762939453
fast,C:\Users\Light\Videos\高速运动.mp4,566,True,0.7571931481361389,295.1199951171875,48.45927047729492,333.58978271484375,68.37999725341797
fast,C:\Users\Light\Videos\高速运动.mp4,567,True,0.7570229768753052,295.13616943359375,48.45797348022461,333.5762634277344,68.38529205322266
fast,C:\Users\Light\Videos\高速运动.mp4,568,True,0.74099200963974,316.4303283691406,47.91339874267578,352.8040771484375,67.18258666992188
fast,C:\Users\Light\Videos\高速运动.mp4,569,True,0.7900714874267578,336.7668151855469,48.32646179199219,378.1251525878906,67.84284210205078
fast,C:\Users\Light\Videos\高速运动.mp4,570,True,0.78972327709198,336.7744140625,48.326194763183594,378.13519287109375,67.84181213378906
fast,C:\Users\Light\Videos\高速运动.mp4,571,True,0.7376180291175842,361.5846862792969,48.56626510620117,401.753173828125,67.42195892333984
fast,C:\Users\Light\Videos\高速运动.mp4,572,True,0.7363885641098022,361.60992431640625,48.57316589355469,401.734375,67.4215087890625
fast,C:\Users\Light\Videos\高速运动.mp4,573,True,0.0017790028359740973,370.2837219238281,29.708280563354492,396.47821044921875,49.36186599731445
fast,C:\Users\Light\Videos\高速运动.mp4,574,True,0.004041364416480064,410.7388000488281,32.31010437011719,441.37493896484375,53.298824310302734
fast,C:\Users\Light\Videos\高速运动.mp4,575,True,0.0039015330839902163,410.6735534667969,32.366783142089844,441.35870361328125,53.35689163208008
fast,C:\Users\Light\Videos\高速运动.mp4,576,True,0.14629195630550385,390.45361328125,47.046302795410156,422.76739501953125,64.5148696899414
fast,C:\Users\Light\Videos\高速运动.mp4,577,True,0.6597422361373901,379.5628356933594,45.34736633300781,414.40960693359375,65.11538696289062
fast,C:\Users\Light\Videos\高速运动.mp4,578,True,0.6558201313018799,379.6029968261719,45.32121276855469,414.381103515625,65.07520294189453
fast,C:\Users\Light\Videos\高速运动.mp4,579,True,0.6618905067443848,371.86456298828125,41.03855895996094,405.1109924316406,61.856056213378906
fast,C:\Users\Light\Videos\高速运动.mp4,580,True,0.7059985399246216,363.7472229003906,40.27525329589844,395.79150390625,58.510154724121094
fast,C:\Users\Light\Videos\高速运动.mp4,581,True,0.7041793465614319,363.75494384765625,40.28448486328125,395.7857666015625,58.50343322753906
fast,C:\Users\Light\Videos\高速运动.mp4,582,True,0.6227140426635742,359.0,40.96406555175781,387.6772766113281,61.25704574584961
fast,C:\Users\Light\Videos\高速运动.mp4,583,True,0.7609893083572388,348.32879638671875,40.787418365478516,380.0527038574219,62.439605712890625
fast,C:\Users\Light\Videos\高速运动.mp4,584,True,0.7608646154403687,348.33880615234375,40.78620910644531,380.054443359375,62.43987274169922
fast,C:\Users\Light\Videos\高速运动.mp4,585,True,0.784750759601593,340.173095703125,38.122955322265625,369.7918395996094,60.34515380859375
fast,C:\Users\Light\Videos\高速运动.mp4,586,True,0.7414581179618835,331.24664306640625,37.1808967590332,361.4534912109375,59.04706573486328
fast,C:\Users\Light\Videos\高速运动.mp4,587,True,0.7751450538635254,317.58807373046875,38.53384780883789,352.188720703125,61.835506439208984
fast,C:\Users\Light\Videos\高速运动.mp4,588,True,0.7745212912559509,317.6125183105469,38.540077209472656,352.1750793457031,61.83922576904297
fast,C:\Users\Light\Videos\高速运动.mp4,589,True,0.7968387007713318,306.9932861328125,39.5184211730957,340.59783935546875,62.50269317626953
fast,C:\Users\Light\Videos\高速运动.mp4,590,True,0.7729566097259521,295.1033020019531,39.66304016113281,324.4256286621094,61.952293395996094
fast,C:\Users\Light\Videos\高速运动.mp4,591,True,0.7728646993637085,295.1075744628906,39.6662483215332,324.43017578125,61.95262908935547
fast,C:\Users\Light\Videos\高速运动.mp4,592,True,0.7448784708976746,280.56353759765625,39.15473175048828,312.2183532714844,62.03034973144531
fast,C:\Users\Light\Videos\高速运动.mp4,593,True,0.7813271880149841,263.5682067871094,39.16210174560547,300.06732177734375,61.67873764038086
fast,C:\Users\Light\Videos\高速运动.mp4,594,True,0.7812994122505188,263.5639953613281,39.16246032714844,300.0668029785156,61.6793212890625
fast,C:\Users\Light\Videos\高速运动.mp4,595,True,0.7973560094833374,249.08290100097656,39.81517028808594,285.7579040527344,62.986083984375
fast,C:\Users\Light\Videos\高速运动.mp4,596,True,0.7971500158309937,249.05441284179688,39.811180114746094,285.76849365234375,62.973175048828125
fast,C:\Users\Light\Videos\高速运动.mp4,597,True,0.7616780996322632,233.5017852783203,39.44444274902344,270.0841369628906,61.678916931152344
fast,C:\Users\Light\Videos\高速运动.mp4,598,True,0.7607183456420898,218.98391723632812,39.34693145751953,252.15872192382812,61.45792007446289
fast,C:\Users\Light\Videos\高速运动.mp4,599,True,0.762424886226654,218.96575927734375,39.33798599243164,252.220703125,61.44534683227539
fast,C:\Users\Light\Videos\高速运动.mp4,600,True,0.7566021084785461,203.1444091796875,39.719139099121094,237.20176696777344,61.87046813964844
fast,C:\Users\Light\Videos\高速运动.mp4,601,True,0.8087486028671265,183.35328674316406,39.90434646606445,222.13418579101562,62.441959381103516
fast,C:\Users\Light\Videos\高速运动.mp4,602,True,0.8125969171524048,183.23387145996094,39.87297058105469,222.3973388671875,62.45988845825195
fast,C:\Users\Light\Videos\高速运动.mp4,603,True,0.7549102306365967,166.55335998535156,40.870765686035156,203.9744110107422,62.68319320678711
fast,C:\Users\Light\Videos\高速运动.mp4,604,True,0.770057737827301,148.76522827148438,41.20487594604492,185.8467559814453,62.715736389160156
fast,C:\Users\Light\Videos\高速运动.mp4,605,True,0.7701256275177002,148.81829833984375,41.213905334472656,185.79266357421875,62.7049560546875
fast,C:\Users\Light\Videos\高速运动.mp4,606,True,0.7741860151290894,131.32208251953125,42.807979583740234,168.86398315429688,63.54914474487305
fast,C:\Users\Light\Videos\高速运动.mp4,607,True,0.7741522789001465,131.223876953125,42.895408630371094,168.91934204101562,63.6126823425293
fast,C:\Users\Light\Videos\高速运动.mp4,608,True,0.7071754336357117,115.31661224365234,42.593326568603516,149.7335662841797,63.23054504394531
fast,C:\Users\Light\Videos\高速运动.mp4,609,True,0.7451822757720947,94.78535461425781,42.073875427246094,133.01182556152344,62.32916259765625
fast,C:\Users\Light\Videos\高速运动.mp4,610,True,0.7012373805046082,73.76384735107422,43.80609130859375,113.25462341308594,63.40947723388672
fast,C:\Users\Light\Videos\高速运动.mp4,611,True,0.779939591884613,54.803829193115234,42.7761344909668,94.64967346191406,63.65105056762695
fast,C:\Users\Light\Videos\高速运动.mp4,612,True,0.7793286442756653,54.85771179199219,42.74565505981445,94.62247467041016,63.567142486572266
fast,C:\Users\Light\Videos\高速运动.mp4,613,True,0.6261342167854309,37.25059509277344,43.101524353027344,71.39958190917969,63.802303314208984
fast,C:\Users\Light\Videos\高速运动.mp4,614,True,0.19016757607460022,388.7448425292969,19.64305305480957,408.739013671875,38.17194747924805
fast,C:\Users\Light\Videos\高速运动.mp4,615,True,0.19437216222286224,388.7570495605469,19.66203498840332,408.743408203125,38.12952423095703
fast,C:\Users\Light\Videos\高速运动.mp4,616,True,0.09758245944976807,17.807132720947266,47.85882568359375,44.24839782714844,65.58678436279297
fast,C:\Users\Light\Videos\高速运动.mp4,617,True,0.10269499570131302,17.754192352294922,47.75315856933594,44.22117233276367,65.51348114013672
fast,C:\Users\Light\Videos\高速运动.mp4,618,True,0.7567342519760132,26.067781448364258,43.49168395996094,56.70408248901367,64.42787170410156
fast,C:\Users\Light\Videos\高速运动.mp4,619,True,0.6313767433166504,39.47075653076172,43.31913757324219,67.69599914550781,62.98939895629883
fast,C:\Users\Light\Videos\高速运动.mp4,620,True,0.6463110446929932,39.40824890136719,43.3580436706543,67.67767333984375,63.028663635253906
fast,C:\Users\Light\Videos\高速运动.mp4,621,True,0.7232713103294373,51.378807067871094,42.90571594238281,78.6497802734375,63.42814636230469
fast,C:\Users\Light\Videos\高速运动.mp4,622,True,0.7513996362686157,61.369049072265625,42.65988540649414,92.24592590332031,62.21831512451172
fast,C:\Users\Light\Videos\高速运动.mp4,623,True,0.7516617178916931,61.385353088378906,42.61497497558594,92.27163696289062,62.12100601196289
fast,C:\Users\Light\Videos\高速运动.mp4,624,True,0.7221671342849731,73.53507232666016,44.33773422241211,100.68684387207031,63.96532440185547
fast,C:\Users\Light\Videos\高速运动.mp4,625,True,0.7026920318603516,83.94526672363281,44.045623779296875,112.7434310913086,63.26008224487305
fast,C:\Users\Light\Videos\高速运动.mp4,626,True,0.7018100619316101,83.88502502441406,44.051048278808594,112.78315734863281,63.257930755615234
fast,C:\Users\Light\Videos\高速运动.mp4,627,True,0.6164177656173706,94.88027954101562,44.487308502197266,126.13394927978516,63.5039176940918
fast,C:\Users\Light\Videos\高速运动.mp4,628,True,0.6228829622268677,108.30785369873047,44.79360580444336,138.61753845214844,63.53352355957031
fast,C:\Users\Light\Videos\高速运动.mp4,629,True,0.6147735714912415,108.37127685546875,44.82229232788086,138.72059631347656,63.55723571777344
fast,C:\Users\Light\Videos\高速运动.mp4,630,True,0.6017512083053589,120.87316131591797,45.75563430786133,152.22459411621094,64.28968048095703
fast,C:\Users\Light\Videos\高速运动.mp4,631,True,0.6056491732597351,120.92195129394531,45.828941345214844,152.26058959960938,64.25438690185547
fast,C:\Users\Light\Videos\高速运动.mp4,632,True,0.5871325135231018,133.96018981933594,45.77141189575195,168.12310791015625,64.05315399169922
fast,C:\Users\Light\Videos\高速运动.mp4,633,True,0.7774682641029358,150.19891357421875,45.313392639160156,181.841552734375,65.25523376464844
fast,C:\Users\Light\Videos\高速运动.mp4,634,True,0.7589042782783508,164.84115600585938,44.883338928222656,197.71788024902344,64.91397094726562
fast,C:\Users\Light\Videos\高速运动.mp4,635,True,0.740253210067749,178.0667724609375,45.74102020263672,212.91595458984375,64.48529052734375
fast,C:\Users\Light\Videos\高速运动.mp4,636,True,0.740660548210144,178.060546875,45.747947692871094,212.91285705566406,64.49261474609375
fast,C:\Users\Light\Videos\高速运动.mp4,637,True,0.7421737313270569,194.8778533935547,45.25906753540039,231.26930236816406,64.7878189086914
fast,C:\Users\Light\Videos\高速运动.mp4,638,True,0.7615249752998352,214.27285766601562,45.65944290161133,245.81301879882812,65.92916107177734
fast,C:\Users\Light\Videos\高速运动.mp4,639,True,0.7616416811943054,214.25424194335938,45.651084899902344,245.87405395507812,65.9203109741211
fast,C:\Users\Light\Videos\高速运动.mp4,640,True,0.76524817943573,230.1068878173828,45.55348205566406,267.4982604980469,65.12751007080078
fast,C:\Users\Light\Videos\高速运动.mp4,641,True,0.7642560601234436,230.1129913330078,45.54682922363281,267.4903564453125,65.1309814453125
fast,C:\Users\Light\Videos\高速运动.mp4,642,True,0.8189194798469543,247.78631591796875,45.22067642211914,286.1760559082031,65.79859161376953
fast,C:\Users\Light\Videos\高速运动.mp4,643,True,0.7938913106918335,265.4664611816406,46.14196014404297,304.5331726074219,66.41670227050781
fast,C:\Users\Light\Videos\高速运动.mp4,644,True,0.7973954081535339,265.38238525390625,46.06466293334961,304.6386413574219,66.38337707519531
fast,C:\Users\Light\Videos\高速运动.mp4,645,True,0.7755647301673889,285.1258850097656,47.4324951171875,321.6902770996094,66.59379577636719
fast,C:\Users\Light\Videos\高速运动.mp4,646,True,0.764579176902771,306.67462158203125,47.54840850830078,343.039794921875,66.4994888305664
fast,C:\Users\Light\Videos\高速运动.mp4,647,True,0.7652941942214966,306.60394287109375,47.54524612426758,343.0745544433594,66.50995635986328
fast,C:\Users\Light\Videos\高速运动.mp4,648,True,0.7758399248123169,325.22332763671875,47.34284973144531,363.788818359375,67.04466247558594
fast,C:\Users\Light\Videos\高速运动.mp4,649,True,0.7128159403800964,345.24627685546875,47.16779708862305,384.49615478515625,66.1498031616211
fast,C:\Users\Light\Videos\高速运动.mp4,650,True,0.7128555178642273,345.2083740234375,47.161991119384766,384.5207214355469,66.15233612060547
fast,C:\Users\Light\Videos\高速运动.mp4,651,True,0.6032676100730896,367.0303649902344,47.46757125854492,405.0962219238281,65.52403259277344
fast,C:\Users\Light\Videos\高速运动.mp4,652,True,0.6161181926727295,367.16082763671875,47.48904037475586,404.8323059082031,65.57136535644531
fast,C:\Users\Light\Videos\高速运动.mp4,653,True,0.0013335226103663445,369.85211181640625,29.818880081176758,396.0289306640625,49.6516227722168
fast,C:\Users\Light\Videos\高速运动.mp4,654,True,0.004502305295318365,374.29949951171875,26.318092346191406,398.2411193847656,47.86270523071289
fast,C:\Users\Light\Videos\高速运动.mp4,655,True,0.004314165562391281,374.2537536621094,26.350679397583008,398.2630310058594,47.869606018066406
fast,C:\Users\Light\Videos\高速运动.mp4,656,True,0.2694461941719055,389.90350341796875,46.85459518432617,420.3141784667969,64.4998550415039
fast,C:\Users\Light\Videos\高速运动.mp4,657,True,0.6617476940155029,381.4128112792969,45.624752044677734,413.67401123046875,67.01302337646484
fast,C:\Users\Light\Videos\高速运动.mp4,658,True,0.7929543852806091,377.996826171875,40.37126159667969,406.4564514160156,63.218509674072266
fast,C:\Users\Light\Videos\高速运动.mp4,659,True,0.8228026628494263,373.5159606933594,41.258304595947266,402.0206604003906,61.622196197509766
fast,C:\Users\Light\Videos\高速运动.mp4,660,True,0.8235560655593872,373.480224609375,41.25082015991211,401.99237060546875,61.60942077636719
fast,C:\Users\Light\Videos\高速运动.mp4,661,True,0.6404145956039429,367.91650390625,43.52602005004883,396.0614013671875,63.26665115356445
fast,C:\Users\Light\Videos\高速运动.mp4,662,True,0.6405762434005737,367.9005432128906,43.52566146850586,396.0660705566406,63.259613037109375
fast,C:\Users\Light\Videos\高速运动.mp4,663,True,0.7097710371017456,360.6885986328125,41.04008483886719,391.438232421875,61.745750427246094
fast,C:\Users\Light\Videos\高速运动.mp4,664,True,0.6749485731124878,354.14215087890625,38.74467086791992,383.43402099609375,60.387351989746094
fast,C:\Users\Light\Videos\高速运动.mp4,665,True,0.6649612784385681,354.1947326660156,38.821407318115234,383.47711181640625,60.47224807739258
fast,C:\Users\Light\Videos\高速运动.mp4,666,True,0.7023357152938843,341.4332580566406,39.91926956176758,375.224609375,61.768184661865234
fast,C:\Users\Light\Videos\高速运动.mp4,667,True,0.777031660079956,328.72467041015625,40.70299530029297,363.6163635253906,63.49555969238281
fast,C:\Users\Light\Videos\高速运动.mp4,668,True,0.7772493362426758,328.75,40.69364929199219,363.59075927734375,63.49347686767578
fast,C:\Users\Light\Videos\高速运动.mp4,669,True,0.7725926637649536,316.74713134765625,39.33576965332031,353.3116455078125,62.610042572021484
fast,C:\Users\Light\Videos\高速运动.mp4,670,True,0.7907063364982605,305.78094482421875,39.400718688964844,338.4244079589844,62.49798583984375
fast,C:\Users\Light\Videos\高速运动.mp4,671,True,0.7905347943305969,305.7997741699219,39.378665924072266,338.42724609375,62.46894073486328
fast,C:\Users\Light\Videos\高速运动.mp4,672,True,0.7666780352592468,290.8532409667969,39.707862854003906,324.4842529296875,61.52056121826172
fast,C:\Users\Light\Videos\高速运动.mp4,673,True,0.7581852674484253,275.1044616699219,40.56501007080078,310.29669189453125,62.81687545776367
fast,C:\Users\Light\Videos\高速运动.mp4,674,True,0.7584661841392517,275.0816955566406,40.55994415283203,310.3147888183594,62.82463073730469
fast,C:\Users\Light\Videos\高速运动.mp4,675,True,0.7901186347007751,256.63372802734375,39.98619079589844,294.91131591796875,62.6041259765625
fast,C:\Users\Light\Videos\高速运动.mp4,676,True,0.7885761260986328,256.6876525878906,39.960262298583984,295.24456787109375,62.60692596435547
fast,C:\Users\Light\Videos\高速运动.mp4,677,True,0.7646222114562988,241.91893005371094,39.986167907714844,279.6741638183594,63.17514419555664
fast,C:\Users\Light\Videos\高速运动.mp4,678,True,0.783052921295166,221.7295379638672,40.377044677734375,262.94561767578125,63.25360870361328
fast,C:\Users\Light\Videos\高速运动.mp4,679,True,0.7862288355827332,224.07691955566406,39.4368896484375,262.4637145996094,62.69435501098633
fast,C:\Users\Light\Videos\高速运动.mp4,680,True,0.8102831840515137,208.17709350585938,41.02782440185547,244.64816284179688,64.20143127441406
fast,C:\Users\Light\Videos\高速运动.mp4,681,True,0.7472104430198669,186.35520935058594,41.35868453979492,224.74365234375,63.38513946533203
fast,C:\Users\Light\Videos\高速运动.mp4,682,True,0.7245974540710449,167.9993438720703,41.432350158691406,207.30906677246094,63.58363723754883
fast,C:\Users\Light\Videos\高速运动.mp4,683,True,0.7840368151664734,149.14242553710938,41.45429229736328,188.3153076171875,63.38733673095703
fast,C:\Users\Light\Videos\高速运动.mp4,684,True,0.7849254608154297,149.07913208007812,41.42448425292969,188.3232879638672,63.39249038696289
fast,C:\Users\Light\Videos\高速运动.mp4,685,True,0.7608479261398315,128.23202514648438,41.87046813964844,168.85850524902344,63.181331634521484
fast,C:\Users\Light\Videos\高速运动.mp4,686,True,0.7617140412330627,128.2181396484375,41.854713439941406,168.86668395996094,63.18843460083008
fast,C:\Users\Light\Videos\高速运动.mp4,687,True,0.563025176525116,109.5362319946289,44.06465148925781,148.57708740234375,63.054237365722656
fast,C:\Users\Light\Videos\高速运动.mp4,688,True,0.822986364364624,87.47239685058594,42.453121185302734,129.9761199951172,63.2812385559082
fast,C:\Users\Light\Videos\高速运动.mp4,689,True,0.8237795233726501,87.54586791992188,42.50706481933594,129.92234802246094,63.239891052246094
fast,C:\Users\Light\Videos\高速运动.mp4,690,True,0.746734619140625,65.89601135253906,43.50060272216797,107.43756866455078,64.43750762939453
fast,C:\Users\Light\Videos\高速运动.mp4,691,True,0.7674928903579712,46.28417205810547,42.62181091308594,86.41429901123047,62.678306579589844
fast,C:\Users\Light\Videos\高速运动.mp4,692,True,0.7674626708030701,46.385005950927734,42.85325241088867,86.61165618896484,62.71781921386719
fast,C:\Users\Light\Videos\高速运动.mp4,693,True,0.7052229046821594,27.814348220825195,43.954524993896484,63.03534698486328,64.00936126708984
fast,C:\Users\Light\Videos\高速运动.mp4,694,True,0.15365441143512726,15.520648956298828,45.8144416809082,41.2750358581543,63.81048583984375
fast,C:\Users\Light\Videos\高速运动.mp4,695,True,0.15604208409786224,15.492273330688477,45.8109016418457,41.273094177246094,63.80510711669922
fast,C:\Users\Light\Videos\高速运动.mp4,696,True,0.38985854387283325,23.09998893737793,44.78511047363281,49.2579345703125,63.45116424560547
fast,C:\Users\Light\Videos\高速运动.mp4,697,True,0.381782591342926,23.093196868896484,44.80554962158203,49.2469482421875,63.42861557006836
fast,C:\Users\Light\Videos\高速运动.mp4,698,True,0.7330983877182007,34.41508865356445,42.84552001953125,63.15926742553711,63.186283111572266
fast,C:\Users\Light\Videos\高速运动.mp4,699,True,0.7623099088668823,48.79915237426758,42.13239288330078,76.92180633544922,63.348453521728516
fast,C:\Users\Light\Videos\高速运动.mp4,700,True,0.7681550979614258,48.838134765625,42.180240631103516,76.76222229003906,63.32709503173828
fast,C:\Users\Light\Videos\高速运动.mp4,701,True,0.7829626798629761,58.945457458496094,42.66537857055664,89.82630920410156,63.08892822265625
fast,C:\Users\Light\Videos\高速运动.mp4,702,True,0.750983715057373,71.18758392333984,43.29509353637695,99.48657989501953,63.84580612182617
fast,C:\Users\Light\Videos\高速运动.mp4,703,True,0.7482655644416809,71.1686019897461,43.330322265625,99.37091827392578,63.91671371459961
fast,C:\Users\Light\Videos\高速运动.mp4,704,True,0.7494038343429565,81.08766174316406,43.868263244628906,111.46395874023438,64.11489868164062
fast,C:\Users\Light\Videos\高速运动.mp4,705,True,0.6876155734062195,91.52632904052734,44.50590896606445,122.82299041748047,63.54636764526367
fast,C:\Users\Light\Videos\高速运动.mp4,706,True,0.7169411182403564,104.25183868408203,45.94498825073242,135.55923461914062,64.01480865478516
fast,C:\Users\Light\Videos\高速运动.mp4,707,True,0.7162249088287354,104.26133728027344,45.91376876831055,135.58575439453125,64.0020980834961
fast,C:\Users\Light\Videos\高速运动.mp4,708,True,0.7036726474761963,116.77948760986328,44.60165023803711,148.46726989746094,65.10987091064453
fast,C:\Users\Light\Videos\高速运动.mp4,709,True,0.49665695428848267,132.32443237304688,45.37793731689453,161.1114959716797,64.27033996582031
fast,C:\Users\Light\Videos\高速运动.mp4,710,True,0.49815186858177185,132.313232421875,45.39689636230469,161.1160888671875,64.28522491455078
fast,C:\Users\Light\Videos\高速运动.mp4,711,True,0.7826531529426575,142.82827758789062,44.89860153198242,177.07778930664062,65.33963012695312
fast,C:\Users\Light\Videos\高速运动.mp4,712,True,0.7232013940811157,157.2220001220703,45.590755462646484,190.7552947998047,64.59176635742188
fast,C:\Users\Light\Videos\高速运动.mp4,713,True,0.7220208048820496,157.2170867919922,45.57603073120117,190.78512573242188,64.5755615234375
fast,C:\Users\Light\Videos\高速运动.mp4,714,True,0.7938123941421509,173.94854736328125,46.136470794677734,205.88125610351562,65.0812759399414
fast,C:\Users\Light\Videos\高速运动.mp4,715,True,0.7810297608375549,190.21913146972656,46.58442687988281,223.2909698486328,65.04035186767578
fast,C:\Users\Light\Videos\高速运动.mp4,716,True,0.7818603515625,190.22103881835938,46.55636978149414,223.31295776367188,65.01721954345703
fast,C:\Users\Light\Videos\高速运动.mp4,717,True,0.7250032424926758,206.92405700683594,45.69987487792969,241.0112762451172,66.14167022705078
fast,C:\Users\Light\Videos\高速运动.mp4,718,True,0.7514784336090088,224.9490966796875,46.45215606689453,258.2297668457031,65.92147827148438
fast,C:\Users\Light\Videos\高速运动.mp4,719,True,0.752251148223877,224.94349670410156,46.45569610595703,258.2264099121094,65.93819427490234
fast,C:\Users\Light\Videos\高速运动.mp4,720,True,0.795836865901947,239.24034118652344,45.55337142944336,280.1419982910156,65.79942321777344
fast,C:\Users\Light\Videos\高速运动.mp4,721,True,0.7967337369918823,239.26271057128906,45.55921936035156,280.22003173828125,65.79998779296875
fast,C:\Users\Light\Videos\高速运动.mp4,722,True,0.7513444423675537,257.68865966796875,47.2501106262207,295.5448303222656,66.26264190673828
fast,C:\Users\Light\Videos\高速运动.mp4,723,True,0.7514486312866211,278.0875549316406,47.13227462768555,314.3959045410156,66.72943115234375
fast,C:\Users\Light\Videos\高速运动.mp4,724,True,0.7512980103492737,278.05145263671875,47.191932678222656,314.3528137207031,66.78783416748047
fast,C:\Users\Light\Videos\高速运动.mp4,725,True,0.744574785232544,298.24359130859375,48.247528076171875,339.30731201171875,67.90326690673828
fast,C:\Users\Light\Videos\高速运动.mp4,726,True,0.7464670538902283,317.73492431640625,47.146728515625,359.7424011230469,66.93913269042969
fast,C:\Users\Light\Videos\高速运动.mp4,727,True,0.7447363138198853,317.6841735839844,47.15195083618164,360.1143493652344,67.07312774658203
fast,C:\Users\Light\Videos\高速运动.mp4,728,True,0.7360551953315735,342.079833984375,47.73186492919922,377.8739929199219,66.99311828613281
fast,C:\Users\Light\Videos\高速运动.mp4,729,True,0.6954654455184937,364.2635803222656,46.783103942871094,403.9713439941406,66.0763168334961
fast,C:\Users\Light\Videos\高速运动.mp4,730,True,0.019682426005601883,388.8685302734375,46.482479095458984,430.99029541015625,66.45574188232422
fast,C:\Users\Light\Videos\高速运动.mp4,731,True,0.02181669883430004,388.7989501953125,46.519771575927734,430.9617919921875,66.4563217163086
fast,C:\Users\Light\Videos\高速运动.mp4,732,True,0.006020084023475647,376.7725830078125,27.258899688720703,401.6055908203125,48.631526947021484
fast,C:\Users\Light\Videos\高速运动.mp4,733,True,0.12540261447429657,393.6646728515625,44.21240997314453,430.4070129394531,62.136287689208984
fast,C:\Users\Light\Videos\高速运动.mp4,734,True,0.11713741719722748,393.699951171875,44.196048736572266,430.3813171386719,62.10917282104492
fast,C:\Users\Light\Videos\高速运动.mp4,735,True,0.47996053099632263,384.2117004394531,46.22042465209961,416.8578796386719,64.89306640625
fast,C:\Users\Light\Videos\高速运动.mp4,736,True,0.5772213935852051,375.01318359375,42.532432556152344,407.76446533203125,62.488216400146484
fast,C:\Users\Light\Videos\高速运动.mp4,737,True,0.5779967308044434,375.0254211425781,42.529945373535156,407.75201416015625,62.48689270019531
fast,C:\Users\Light\Videos\高速运动.mp4,738,True,0.6026769280433655,366.5643615722656,39.937110900878906,392.6839599609375,59.6391487121582
fast,C:\Users\Light\Videos\高速运动.mp4,739,True,0.5380972027778625,351.90087890625,41.92531204223633,386.323974609375,61.928245544433594
fast,C:\Users\Light\Videos\高速运动.mp4,740,True,0.5334556698799133,351.9722595214844,41.916770935058594,386.2679138183594,61.90984344482422
fast,C:\Users\Light\Videos\高速运动.mp4,741,True,0.7646276950836182,343.92681884765625,41.339927673339844,377.0404357910156,63.30690002441406
fast,C:\Users\Light\Videos\高速运动.mp4,742,True,0.764235258102417,343.98406982421875,41.35166931152344,376.9866943359375,63.32796859741211
fast,C:\Users\Light\Videos\高速运动.mp4,743,True,0.742592453956604,331.25469970703125,39.80613708496094,366.31451416015625,61.448150634765625
fast,C:\Users\Light\Videos\高速运动.mp4,744,True,0.7537712454795837,322.139404296875,38.832454681396484,355.5732421875,61.23291015625
fast,C:\Users\Light\Videos\高速运动.mp4,745,True,0.7572715282440186,322.1143493652344,38.82734680175781,355.557861328125,61.23716735839844
fast,C:\Users\Light\Videos\高速运动.mp4,746,True,0.7903158664703369,309.40594482421875,40.42363739013672,343.00970458984375,62.83193588256836
fast,C:\Users\Light\Videos\高速运动.mp4,747,True,0.6836291551589966,296.46026611328125,41.671119689941406,329.6103210449219,63.03706741333008
fast,C:\Users\Light\Videos\高速运动.mp4,748,True,0.6872188448905945,296.48590087890625,41.629905700683594,329.5099182128906,62.94282913208008
fast,C:\Users\Light\Videos\高速运动.mp4,749,True,0.7821202874183655,281.0566711425781,41.07038497924805,315.45025634765625,62.818267822265625
fast,C:\Users\Light\Videos\高速运动.mp4,750,True,0.7713306546211243,268.11614990234375,40.88920974731445,301.3236389160156,62.57823944091797
fast,C:\Users\Light\Videos\高速运动.mp4,751,True,0.7716740965843201,268.09417724609375,40.86601638793945,301.3318176269531,62.558990478515625
fast,C:\Users\Light\Videos\高速运动.mp4,752,True,0.7719277143478394,251.2684783935547,40.41039276123047,288.1683654785156,63.342220306396484
fast,C:\Users\Light\Videos\高速运动.mp4,753,True,0.78711998462677,236.3918914794922,40.54634094238281,274.1871032714844,62.00193405151367
fast,C:\Users\Light\Videos\高速运动.mp4,754,True,0.7839572429656982,219.12298583984375,40.86713790893555,257.2106628417969,63.785160064697266
fast,C:\Users\Light\Videos\高速运动.mp4,755,True,0.7833694219589233,219.09413146972656,40.835941314697266,257.1972351074219,63.77386474609375
fast,C:\Users\Light\Videos\高速运动.mp4,756,True,0.7575315237045288,206.88177490234375,41.55314636230469,238.79592895507812,63.91075134277344
fast,C:\Users\Light\Videos\高速运动.mp4,757,True,0.790389358997345,185.77264404296875,41.598106384277344,225.24020385742188,63.538902282714844
fast,C:\Users\Light\Videos\高速运动.mp4,758,True,0.7912119030952454,185.82009887695312,41.56876754760742,225.26223754882812,63.50562286376953
fast,C:\Users\Light\Videos\高速运动.mp4,759,True,0.7557885646820068,169.07077026367188,41.868385314941406,208.46141052246094,63.370460510253906
fast,C:\Users\Light\Videos\高速运动.mp4,760,True,0.7809853553771973,151.3443603515625,41.78483581542969,189.39430236816406,63.1894645690918
fast,C:\Users\Light\Videos\高速运动.mp4,761,True,0.7787509560585022,151.32781982421875,41.840126037597656,189.43930053710938,63.19213104248047
fast,C:\Users\Light\Videos\高速运动.mp4,762,True,0.7137005925178528,133.10260009765625,42.48908996582031,174.4048614501953,64.32540893554688
fast,C:\Users\Light\Videos\高速运动.mp4,763,True,0.7355315685272217,116.57740783691406,42.77180862426758,154.7552490234375,63.630855560302734
fast,C:\Users\Light\Videos\高速运动.mp4,764,True,0.722180962562561,116.80711364746094,43.00470733642578,154.47203063964844,63.682132720947266
fast,C:\Users\Light\Videos\高速运动.mp4,765,True,0.7187352776527405,97.19428253173828,42.45314407348633,137.05897521972656,62.88928985595703
fast,C:\Users\Light\Videos\高速运动.mp4,766,True,0.7197014689445496,97.18389129638672,42.50466537475586,137.02569580078125,62.91996765136719
fast,C:\Users\Light\Videos\高速运动.mp4,767,True,0.7798902988433838,79.5824966430664,43.331600189208984,116.040283203125,63.27545928955078
fast,C:\Users\Light\Videos\高速运动.mp4,768,True,0.7185806035995483,61.251953125,45.377017974853516,95.99243927001953,63.49950408935547
fast,C:\Users\Light\Videos\高速运动.mp4,769,True,0.7196779251098633,61.23313903808594,45.36278533935547,95.99620056152344,63.507102966308594
fast,C:\Users\Light\Videos\高速运动.mp4,770,True,0.7005044221878052,42.196651458740234,43.082096099853516,78.89861297607422,63.65248489379883
fast,C:\Users\Light\Videos\高速运动.mp4,771,True,0.6921126842498779,24.48433494567871,45.16841125488281,56.69955825805664,65.89200592041016
fast,C:\Users\Light\Videos\高速运动.mp4,772,True,0.6897130608558655,24.5186824798584,45.20079803466797,56.620967864990234,65.9090576171875
fast,C:\Users\Light\Videos\高速运动.mp4,773,True,0.5553500056266785,14.561176300048828,43.44022750854492,40.42692947387695,64.23562622070312
fast,C:\Users\Light\Videos\高速运动.mp4,774,True,0.48225557804107666,25.09526252746582,43.78034210205078,52.093017578125,63.18050003051758
fast,C:\Users\Light\Videos\高速运动.mp4,775,True,0.47758710384368896,25.105356216430664,43.81866455078125,52.07855987548828,63.166831970214844
fast,C:\Users\Light\Videos\高速运动.mp4,776,True,0.6561142802238464,36.41946029663086,43.32319641113281,63.47843933105469,63.86301803588867
fast,C:\Users\Light\Videos\高速运动.mp4,777,True,0.7545623183250427,49.14082336425781,42.967708587646484,76.20722198486328,64.02760314941406
fast,C:\Users\Light\Videos\高速运动.mp4,778,True,0.7042832970619202,58.026363372802734,43.31172180175781,87.81137084960938,62.7843132019043
fast,C:\Users\Light\Videos\高速运动.mp4,779,True,0.6994868516921997,57.98424530029297,43.35493087768555,87.72506713867188,62.7052001953125
fast,C:\Users\Light\Videos\高速运动.mp4,780,True,0.7615861892700195,70.62088012695312,44.636409759521484,98.89208984375,64.47565460205078
fast,C:\Users\Light\Videos\高速运动.mp4,781,True,0.6892935037612915,79.70684814453125,44.0656623840332,110.6458740234375,63.156272888183594
fast,C:\Users\Light\Videos\高速运动.mp4,782,True,0.6842082738876343,79.64344787597656,44.07319259643555,110.61203002929688,63.137001037597656
fast,C:\Users\Light\Videos\高速运动.mp4,783,True,0.7482780814170837,92.28378295898438,45.374149322509766,123.45442199707031,63.73114776611328
fast,C:\Users\Light\Videos\高速运动.mp4,784,True,0.49659600853919983,105.5050048828125,45.68914031982422,138.40306091308594,63.54112243652344
fast,C:\Users\Light\Videos\高速运动.mp4,785,True,0.5461378693580627,105.48857879638672,45.59736633300781,138.23829650878906,63.55925369262695
fast,C:\Users\Light\Videos\高速运动.mp4,786,True,0.4874618947505951,120.74179077148438,46.97268295288086,150.76333618164062,64.15802001953125
fast,C:\Users\Light\Videos\高速运动.mp4,787,True,0.4879952669143677,120.72981262207031,46.96577835083008,150.76736450195312,64.15147399902344
fast,C:\Users\Light\Videos\高速运动.mp4,788,True,0.49703967571258545,135.77587890625,47.23684310913086,168.08087158203125,64.98986053466797
fast,C:\Users\Light\Videos\高速运动.mp4,789,True,0.7795636653900146,150.4308624267578,45.63145446777344,183.83546447753906,65.72860717773438
fast,C:\Users\Light\Videos\高速运动.mp4,790,True,0.7803806662559509,150.46128845214844,45.62717056274414,183.7751922607422,65.73252868652344
fast,C:\Users\Light\Videos\高速运动.mp4,791,True,0.781654417514801,166.83685302734375,45.40541076660156,201.51095581054688,65.58472442626953
fast,C:\Users\Light\Videos\高速运动.mp4,792,True,0.7762622833251953,183.14370727539062,46.37089157104492,219.4998016357422,66.44003295898438
fast,C:\Users\Light\Videos\高速运动.mp4,793,True,0.7769672870635986,183.155517578125,46.38734436035156,219.48696899414062,66.44424438476562
fast,C:\Users\Light\Videos\高速运动.mp4,794,True,0.7575926780700684,200.41746520996094,46.41389846801758,236.56077575683594,65.92508697509766
fast,C:\Users\Light\Videos\高速运动.mp4,795,True,0.7518039345741272,218.87977600097656,47.47568130493164,255.2943115234375,66.67346954345703
fast,C:\Users\Light\Videos\高速运动.mp4,796,True,0.7495486736297607,218.8175506591797,47.50035858154297,255.33123779296875,66.6972427368164
fast,C:\Users\Light\Videos\高速运动.mp4,797,True,0.6837579607963562,237.45523071289062,46.676673889160156,277.1599426269531,66.18834686279297
fast,C:\Users\Light\Videos\高速运动.mp4,798,True,0.6831296682357788,237.47152709960938,46.688236236572266,277.104248046875,66.19377136230469
fast,C:\Users\Light\Videos\高速运动.mp4,799,True,0.7614529728889465,256.57373046875,47.696006774902344,295.723388671875,67.03121948242188
fast,C:\Users\Light\Videos\高速运动.mp4,800,True,0.7731671929359436,280.06182861328125,48.50481033325195,317.7945251464844,68.02554321289062
fast,C:\Users\Light\Videos\高速运动.mp4,801,True,0.812568724155426,300.17291259765625,48.87392807006836,341.33428955078125,68.14459228515625
fast,C:\Users\Light\Videos\高速运动.mp4,802,True,0.803806483745575,324.5425109863281,48.54163360595703,364.1843566894531,68.1351547241211
fast,C:\Users\Light\Videos\高速运动.mp4,803,True,0.8035842776298523,324.46453857421875,48.542598724365234,364.26959228515625,68.16278839111328
fast,C:\Users\Light\Videos\高速运动.mp4,804,True,0.7872681617736816,346.1156005859375,48.57560729980469,388.27252197265625,67.38688659667969
fast,C:\Users\Light\Videos\高速运动.mp4,805,True,0.5399444103240967,370.8912353515625,49.01729202270508,415.42364501953125,67.51705169677734
fast,C:\Users\Light\Videos\高速运动.mp4,806,True,0.564583420753479,370.8497619628906,49.053955078125,415.2852783203125,67.58881378173828
fast,C:\Users\Light\Videos\高速运动.mp4,807,True,0.14779773354530334,403.08905029296875,43.55253219604492,434.8229064941406,62.14677810668945
fast,C:\Users\Light\Videos\高速运动.mp4,808,True,0.00507648941129446,396.3798522949219,41.507965087890625,425.2570495605469,60.73752975463867
fast,C:\Users\Light\Videos\高速运动.mp4,809,True,0.0053529636934399605,396.3628845214844,41.52504348754883,425.25128173828125,60.7473030090332
fast,C:\Users\Light\Videos\高速运动.mp4,810,True,0.3216555714607239,381.1726989746094,45.85267639160156,409.00048828125,64.28327178955078
fast,C:\Users\Light\Videos\高速运动.mp4,811,True,0.34350040555000305,381.0531311035156,45.66764831542969,408.9390563964844,64.22554016113281
fast,C:\Users\Light\Videos\高速运动.mp4,812,True,0.6753765344619751,371.7922058105469,46.01513671875,405.2141418457031,65.96871948242188
fast,C:\Users\Light\Videos\高速运动.mp4,813,True,0.6707589030265808,361.427001953125,43.94499969482422,392.44635009765625,62.90571594238281
fast,C:\Users\Light\Videos\高速运动.mp4,814,True,0.6720523834228516,361.42962646484375,43.93937301635742,392.440673828125,62.88951110839844
fast,C:\Users\Light\Videos\高速运动.mp4,815,True,0.6457129716873169,352.8516540527344,42.57727813720703,383.26904296875,60.34391784667969
fast,C:\Users\Light\Videos\高速运动.mp4,816,True,0.7882869243621826,345.4832763671875,41.40030288696289,377.05621337890625,61.735774993896484
fast,C:\Users\Light\Videos\高速运动.mp4,817,True,0.7883642911911011,345.4978942871094,41.42011260986328,377.0562438964844,61.725196838378906
fast,C:\Users\Light\Videos\高速运动.mp4,818,True,0.754393458366394,335.3531494140625,42.375152587890625,369.6007995605469,62.869476318359375
fast,C:\Users\Light\Videos\高速运动.mp4,819,True,0.7559121251106262,330.41607666015625,40.75599670410156,358.0668640136719,60.98318099975586
fast,C:\Users\Light\Videos\高速运动.mp4,820,True,0.7559279799461365,330.40020751953125,40.77184295654297,358.0599670410156,61.02430725097656
fast,C:\Users\Light\Videos\高速运动.mp4,821,True,0.741093099117279,320.5053405761719,40.10997009277344,351.5298767089844,60.634281158447266
fast,C:\Users\Light\Videos\高速运动.mp4,822,True,0.7382479310035706,320.51629638671875,40.16561508178711,351.5552062988281,60.67383575439453
fast,C:\Users\Light\Videos\高速运动.mp4,823,True,0.7715297341346741,311.8607177734375,40.83768844604492,341.810302734375,62.48754119873047
fast,C:\Users\Light\Videos\高速运动.mp4,824,True,0.758063793182373,300.9431457519531,41.53972244262695,333.95477294921875,63.052913665771484
fast,C:\Users\Light\Videos\高速运动.mp4,825,True,0.7452412843704224,290.52655029296875,42.11083221435547,323.0157470703125,62.79022979736328
fast,C:\Users\Light\Videos\高速运动.mp4,826,True,0.7411693930625916,278.484130859375,42.30598831176758,311.8970947265625,62.858360290527344
fast,C:\Users\Light\Videos\高速运动.mp4,827,True,0.7396345138549805,278.4865417480469,42.3172607421875,311.90234375,62.882633209228516
fast,C:\Users\Light\Videos\高速运动.mp4,828,True,0.7648011445999146,266.5736999511719,41.95491409301758,301.43267822265625,63.663265228271484
fast,C:\Users\Light\Videos\高速运动.mp4,829,True,0.7868974208831787,255.22120666503906,41.83360290527344,288.671630859375,63.83271789550781
fast,C:\Users\Light\Videos\高速运动.mp4,830,True,0.7890719771385193,255.05535888671875,41.69514465332031,288.6642150878906,63.79838180541992
fast,C:\Users\Light\Videos\高速运动.mp4,831,True,0.770509660243988,246.6083221435547,41.46977615356445,277.2265625,62.15625762939453
fast,C:\Users\Light\Videos\高速运动.mp4,832,True,0.7713496088981628,246.62850952148438,41.450950622558594,277.2052001953125,62.12577819824219
fast,C:\Users\Light\Videos\高速运动.mp4,833,True,0.7564125657081604,231.05067443847656,41.87627410888672,265.2196044921875,63.10717010498047
fast,C:\Users\Light\Videos\高速运动.mp4,834,True,0.7586395740509033,218.9292755126953,42.29933166503906,253.44418334960938,64.24676513671875
fast,C:\Users\Light\Videos\高速运动.mp4,835,True,0.7579842209815979,218.92665100097656,42.31863021850586,253.43125915527344,64.25350952148438
fast,C:\Users\Light\Videos\高速运动.mp4,836,True,0.7681267857551575,208.02035522460938,40.73457336425781,239.4703369140625,62.99500274658203
fast,C:\Users\Light\Videos\高速运动.mp4,837,True,0.7454850673675537,194.81861877441406,40.74833297729492,227.37643432617188,61.44664764404297
fast,C:\Users\Light\Videos\高速运动.mp4,838,True,0.7457721829414368,194.8213653564453,40.765098571777344,227.35865783691406,61.46381378173828
fast,C:\Users\Light\Videos\高速运动.mp4,839,True,0.7126834392547607,180.6905517578125,42.40818405151367,217.28533935546875,63.25015640258789
fast,C:\Users\Light\Videos\高速运动.mp4,840,True,0.7525755167007446,168.77706909179688,42.92826461791992,202.9714813232422,63.69515609741211
fast,C:\Users\Light\Videos\高速运动.mp4,841,True,0.7527122497558594,168.85043334960938,42.96958923339844,202.9462890625,63.75893783569336
fast,C:\Users\Light\Videos\高速运动.mp4,842,True,0.7638270854949951,156.16476440429688,40.66034698486328,189.87918090820312,61.298240661621094
fast,C:\Users\Light\Videos\高速运动.mp4,843,True,0.7695574760437012,156.31564331054688,40.746944427490234,189.91456604003906,61.31724548339844
fast,C:\Users\Light\Videos\高速运动.mp4,844,True,0.7897287607192993,142.2539825439453,41.90556716918945,175.32069396972656,63.0621452331543
fast,C:\Users\Light\Videos\高速运动.mp4,845,True,0.7571486234664917,131.28858947753906,43.343387603759766,161.34365844726562,64.11597442626953
fast,C:\Users\Light\Videos\高速运动.mp4,846,True,0.7564495801925659,131.3223419189453,43.36907196044922,161.2978515625,64.11646270751953
fast,C:\Users\Light\Videos\高速运动.mp4,847,True,0.584786057472229,117.73811340332031,44.703758239746094,149.0256805419922,63.9708366394043
fast,C:\Users\Light\Videos\高速运动.mp4,848,True,0.7406121492385864,105.97981262207031,43.05320739746094,137.1460418701172,63.498138427734375
fast,C:\Users\Light\Videos\高速运动.mp4,849,True,0.6655462384223938,91.24744415283203,43.11741638183594,123.37623596191406,62.84244918823242
fast,C:\Users\Light\Videos\高速运动.mp4,850,True,0.7409406304359436,78.99413299560547,43.180301666259766,111.49769592285156,63.1091423034668
fast,C:\Users\Light\Videos\高速运动.mp4,851,True,0.7405862212181091,78.81385040283203,43.156768798828125,111.56843566894531,63.056297302246094
fast,C:\Users\Light\Videos\高速运动.mp4,852,True,0.6737304329872131,68.966064453125,43.71324157714844,97.33805084228516,63.27207565307617
fast,C:\Users\Light\Videos\高速运动.mp4,853,True,0.6753717660903931,56.48941421508789,42.74319076538086,85.01557159423828,62.77396011352539
fast,C:\Users\Light\Videos\高速运动.mp4,854,True,0.6664190888404846,56.10267639160156,43.270172119140625,86.2126693725586,63.02895736694336
fast,C:\Users\Light\Videos\高速运动.mp4,855,True,0.7555636763572693,46.786415100097656,42.97216796875,74.69696807861328,64.06455993652344
fast,C:\Users\Light\Videos\高速运动.mp4,856,True,0.754560112953186,46.78916549682617,42.98424530029297,74.66482543945312,64.05467987060547
fast,C:\Users\Light\Videos\高速运动.mp4,857,True,0.7319138050079346,36.299354553222656,43.29758071899414,62.838539123535156,64.2469482421875
fast,C:\Users\Light\Videos\高速运动.mp4,858,True,0.7676894068717957,26.731611251831055,42.53657913208008,55.11879348754883,63.854881286621094
fast,C:\Users\Light\Videos\高速运动.mp4,859,True,0.7672181725502014,26.745332717895508,42.536827087402344,55.10791015625,63.84419250488281
fast,C:\Users\Light\Videos\高速运动.mp4,860,True,0.7131139636039734,17.852930068969727,44.131370544433594,46.10558319091797,64.52327728271484
fast,C:\Users\Light\Videos\高速运动.mp4,861,True,0.7488328814506531,15.076200485229492,43.80069351196289,42.5100212097168,64.70008087158203
fast,C:\Users\Light\Videos\高速运动.mp4,862,True,0.7491333484649658,15.04537296295166,43.798316955566406,42.52484893798828,64.7012939453125
fast,C:\Users\Light\Videos\高速运动.mp4,863,True,0.7562410831451416,18.265310287475586,42.98065948486328,47.55429458618164,65.13862609863281
fast,C:\Users\Light\Videos\高速运动.mp4,864,True,0.802288830280304,25.25242805480957,42.32107162475586,52.58979034423828,64.00144958496094
fast,C:\Users\Light\Videos\高速运动.mp4,865,True,0.8030835390090942,25.273136138916016,42.36381149291992,52.58677673339844,64.00098419189453
fast,C:\Users\Light\Videos\高速运动.mp4,866,True,0.8129115104675293,31.297182083129883,42.18911361694336,58.7125244140625,64.23475646972656
fast,C:\Users\Light\Videos\高速运动.mp4,867,True,0.8117780089378357,31.301132202148438,42.1815185546875,58.71080017089844,64.25355529785156
fast,C:\Users\Light\Videos\高速运动.mp4,868,True,0.7833549380302429,38.975852966308594,42.74895095825195,65.2412109375,64.44864654541016
fast,C:\Users\Light\Videos\高速运动.mp4,869,True,0.7507016658782959,47.720672607421875,43.42904281616211,74.04463958740234,63.831932067871094
fast,C:\Users\Light\Videos\高速运动.mp4,870,True,0.7511416673660278,47.704402923583984,43.422767639160156,74.0569076538086,63.83623504638672
fast,C:\Users\Light\Videos\高速运动.mp4,871,True,0.7673864960670471,55.112632751464844,42.89466857910156,84.3157958984375,63.750667572021484
fast,C:\Users\Light\Videos\高速运动.mp4,872,True,0.7314406037330627,64.4407958984375,43.59128189086914,96.65483856201172,63.52070617675781
fast,C:\Users\Light\Videos\高速运动.mp4,873,True,0.7269808650016785,75.76245880126953,44.348289489746094,106.39948272705078,63.2926025390625
fast,C:\Users\Light\Videos\高速运动.mp4,874,True,0.579619824886322,87.6901626586914,46.474857330322266,119.12226104736328,63.66490173339844
fast,C:\Users\Light\Videos\高速运动.mp4,875,True,0.6131979823112488,87.5506591796875,46.04740905761719,119.10823059082031,63.51803970336914
fast,C:\Users\Light\Videos\高速运动.mp4,876,True,0.511938214302063,98.13639831542969,44.770050048828125,135.34521484375,63.38468933105469
fast,C:\Users\Light\Videos\高速运动.mp4,877,True,0.5177863836288452,98.15093231201172,44.774173736572266,135.35650634765625,63.394508361816406
fast,C:\Users\Light\Videos\高速运动.mp4,878,True,0.7127346992492676,115.5469970703125,45.158416748046875,146.2205810546875,64.91343688964844
fast,C:\Users\Light\Videos\高速运动.mp4,879,True,0.6149061918258667,128.73092651367188,46.96943283081055,160.91671752929688,64.77672576904297
fast,C:\Users\Light\Videos\高速运动.mp4,880,True,0.613349437713623,128.69113159179688,46.9572639465332,160.96609497070312,64.77271270751953
fast,C:\Users\Light\Videos\高速运动.mp4,881,True,0.7729967832565308,141.7703399658203,45.596893310546875,175.21456909179688,65.51134490966797
fast,C:\Users\Light\Videos\高速运动.mp4,882,True,0.7464233040809631,156.4919891357422,45.531005859375,190.1560821533203,64.85298919677734
fast,C:\Users\Light\Videos\高速运动.mp4,883,True,0.7468209862709045,156.48452758789062,45.53306579589844,190.15777587890625,64.85075378417969
fast,C:\Users\Light\Videos\高速运动.mp4,884,True,0.7689351439476013,174.2010498046875,46.58281326293945,206.5436248779297,65.90910339355469
fast,C:\Users\Light\Videos\高速运动.mp4,885,True,0.7728511691093445,190.33255004882812,46.84787368774414,225.24302673339844,65.70890808105469
fast,C:\Users\Light\Videos\高速运动.mp4,886,True,0.7727569341659546,190.46864318847656,46.844017028808594,225.11514282226562,65.7399673461914
fast,C:\Users\Light\Videos\高速运动.mp4,887,True,0.790463387966156,206.30857849121094,45.22047424316406,243.87066650390625,65.67970275878906
fast,C:\Users\Light\Videos\高速运动.mp4,888,True,0.7913514971733093,206.3018341064453,45.22731018066406,243.8710479736328,65.69155883789062
fast,C:\Users\Light\Videos\高速运动.mp4,889,True,0.7937670350074768,224.02125549316406,44.8817024230957,261.6415710449219,64.90960693359375
fast,C:\Users\Light\Videos\高速运动.mp4,890,True,0.8400819301605225,239.84283447265625,44.768367767333984,284.6728820800781,65.32181549072266
fast,C:\Users\Light\Videos\高速运动.mp4,891,True,0.8400107026100159,239.82615661621094,44.77094650268555,284.70159912109375,65.32434844970703
fast,C:\Users\Light\Videos\高速运动.mp4,892,True,0.7265818119049072,258.6965637207031,44.464942932128906,304.1357421875,65.81072235107422
fast,C:\Users\Light\Videos\高速运动.mp4,893,True,0.8060235381126404,282.4273376464844,45.09819793701172,322.1340026855469,65.44581604003906
fast,C:\Users\Light\Videos\高速运动.mp4,894,True,0.8058516979217529,282.3417053222656,45.098262786865234,322.1076354980469,65.45614624023438
fast,C:\Users\Light\Videos\高速运动.mp4,895,True,0.751153826713562,305.65118408203125,43.967498779296875,344.60186767578125,64.7490463256836
fast,C:\Users\Light\Videos\高速运动.mp4,896,True,0.7545208930969238,325.51861572265625,43.45033645629883,365.8920593261719,63.845603942871094
fast,C:\Users\Light\Videos\高速运动.mp4,897,True,0.8068150281906128,346.97601318359375,41.5024528503418,389.3310546875,62.10179901123047
fast,C:\Users\Light\Videos\高速运动.mp4,898,True,0.8019082546234131,368.775634765625,40.06182861328125,411.5421142578125,60.61289978027344
fast,C:\Users\Light\Videos\高速运动.mp4,899,True,0.8028209209442139,368.74981689453125,40.05378341674805,411.5631103515625,60.61767578125
fast,C:\Users\Light\Videos\高速运动.mp4,900,True,0.6384579539299011,391.492431640625,39.655757904052734,431.6408386230469,59.974422454833984
fast,C:\Users\Light\Videos\高速运动.mp4,901,True,0.6380088925361633,391.5141296386719,39.65938949584961,431.63348388671875,59.957435607910156
fast,C:\Users\Light\Videos\高速运动.mp4,902,True,0.15081164240837097,415.2831726074219,40.63930130004883,451.4941711425781,58.97917938232422
fast,C:\Users\Light\Videos\高速运动.mp4,903,True,0.018370429053902626,443.8829650878906,29.428407669067383,466.9732666015625,49.80812072753906
fast,C:\Users\Light\Videos\高速运动.mp4,904,True,0.018450595438480377,443.8717956542969,29.50458335876465,466.9600524902344,49.88577651977539
fast,C:\Users\Light\Videos\高速运动.mp4,905,True,0.010758857242763042,426.14117431640625,40.97318649291992,458.4067077636719,58.9897575378418
fast,C:\Users\Light\Videos\高速运动.mp4,906,True,0.6761870980262756,411.78204345703125,41.20234298706055,442.5279235839844,59.72016525268555
fast,C:\Users\Light\Videos\高速运动.mp4,907,True,0.6774702072143555,411.7815246582031,41.18484115600586,442.55096435546875,59.712791442871094
fast,C:\Users\Light\Videos\高速运动.mp4,908,True,0.5496616363525391,397.583251953125,39.6756591796875,429.2350769042969,59.616153717041016
fast,C:\Users\Light\Videos\高速运动.mp4,909,True,0.7326387166976929,386.0719299316406,38.85578536987305,418.452392578125,58.92815017700195
fast,C:\Users\Light\Videos\高速运动.mp4,910,True,0.7334521412849426,386.05621337890625,38.875057220458984,418.4579162597656,58.938011169433594
fast,C:\Users\Light\Videos\高速运动.mp4,911,True,0.7142123579978943,368.8678894042969,41.4265251159668,405.64892578125,61.459041595458984
fast,C:\Users\Light\Videos\高速运动.mp4,912,True,0.7134891748428345,368.8816223144531,41.428428649902344,405.6445007324219,61.454132080078125
fast,C:\Users\Light\Videos\高速运动.mp4,913,True,0.7470345497131348,355.3288269042969,39.936279296875,393.9516906738281,61.21702194213867
fast,C:\Users\Light\Videos\高速运动.mp4,914,True,0.7632235288619995,342.9658508300781,38.56764221191406,379.9134216308594,61.20964813232422
fast,C:\Users\Light\Videos\高速运动.mp4,915,True,0.7612143754959106,342.8704833984375,38.57024383544922,380.01898193359375,61.20283508300781
fast,C:\Users\Light\Videos\高速运动.mp4,916,True,0.8016937375068665,327.7564392089844,38.27362823486328,362.4759826660156,61.471656799316406
fast,C:\Users\Light\Videos\高速运动.mp4,917,True,0.7272617220878601,313.1019287109375,38.80587387084961,348.6484375,60.720184326171875
fast,C:\Users\Light\Videos\高速运动.mp4,918,True,0.7285109162330627,313.09417724609375,38.79982376098633,348.6515808105469,60.7244873046875
fast,C:\Users\Light\Videos\高速运动.mp4,919,True,0.7734453082084656,295.3603820800781,39.4864387512207,333.27947998046875,61.27873992919922
fast,C:\Users\Light\Videos\高速运动.mp4,920,True,0.7563212513923645,277.73822021484375,39.42866516113281,314.36944580078125,62.363136291503906
fast,C:\Users\Light\Videos\高速运动.mp4,921,True,0.7929686903953552,260.8517761230469,39.1177978515625,297.93585205078125,61.349002838134766
fast,C:\Users\Light\Videos\高速运动.mp4,922,True,0.7930743098258972,260.9354248046875,39.18724822998047,297.859375,61.44185256958008
fast,C:\Users\Light\Videos\高速运动.mp4,923,True,0.8008191585540771,243.8907928466797,40.62592315673828,281.7884216308594,63.24466323852539
fast,C:\Users\Light\Videos\高速运动.mp4,924,True,0.8114436864852905,224.22344970703125,41.278114318847656,264.0766906738281,62.312599182128906
fast,C:\Users\Light\Videos\高速运动.mp4,925,True,0.8120108842849731,224.23809814453125,41.28755187988281,264.0436706542969,62.32279586791992
fast,C:\Users\Light\Videos\高速运动.mp4,926,True,0.7822103500366211,210.49217224121094,41.4243049621582,245.19583129882812,62.71553421020508
fast,C:\Users\Light\Videos\高速运动.mp4,927,True,0.73851478099823,191.9058837890625,42.041805267333984,229.69387817382812,63.86750030517578
fast,C:\Users\Light\Videos\高速运动.mp4,928,True,0.7386992573738098,191.88400268554688,42.044898986816406,229.7068328857422,63.87399673461914
fast,C:\Users\Light\Videos\高速运动.mp4,929,True,0.7809498906135559,174.50051879882812,43.060062408447266,213.14808654785156,64.24945831298828
fast,C:\Users\Light\Videos\高速运动.mp4,930,True,0.7450758218765259,159.08580017089844,42.729923248291016,195.82632446289062,64.1728744506836
fast,C:\Users\Light\Videos\高速运动.mp4,931,True,0.7446339726448059,159.10061645507812,42.72010803222656,195.85826110839844,64.14736938476562
fast,C:\Users\Light\Videos\高速运动.mp4,932,True,0.7828117609024048,142.63397216796875,44.12061309814453,179.01791381835938,65.02108001708984
fast,C:\Users\Light\Videos\高速运动.mp4,933,True,0.502628743648529,132.90553283691406,43.736167907714844,159.93353271484375,62.77156066894531
fast,C:\Users\Light\Videos\高速运动.mp4,934,True,0.5043328404426575,132.94313049316406,43.74423599243164,159.90805053710938,62.80329513549805
fast,C:\Users\Light\Videos\高速运动.mp4,935,True,0.5465521812438965,115.08552551269531,44.47446823120117,145.8970947265625,64.25875854492188
fast,C:\Users\Light\Videos\高速运动.mp4,936,True,0.5511659979820251,115.06800079345703,44.459877014160156,145.92677307128906,64.25577545166016
fast,C:\Users\Light\Videos\高速运动.mp4,937,True,0.6849160194396973,97.99116516113281,45.179325103759766,131.7185821533203,64.85917663574219
fast,C:\Users\Light\Videos\高速运动.mp4,938,True,0.7074922919273376,84.91681671142578,44.74154281616211,116.74158477783203,64.3310317993164
fast,C:\Users\Light\Videos\高速运动.mp4,939,True,0.7100869417190552,84.92715454101562,44.75389099121094,116.70848083496094,64.34544372558594
fast,C:\Users\Light\Videos\高速运动.mp4,940,True,0.6799319386482239,72.39570617675781,44.963592529296875,101.55540466308594,64.05205535888672
fast,C:\Users\Light\Videos\高速运动.mp4,941,True,0.7435845136642456,58.415645599365234,43.04821014404297,90.28153228759766,62.63850402832031
fast,C:\Users\Light\Videos\高速运动.mp4,942,True,0.7441326975822449,58.45195388793945,43.046058654785156,90.24999237060547,62.66244125366211
fast,C:\Users\Light\Videos\高速运动.mp4,943,True,0.7523811459541321,49.114013671875,42.95907974243164,76.98249053955078,64.1266860961914
fast,C:\Users\Light\Videos\高速运动.mp4,944,True,0.7446256279945374,37.090396881103516,42.667640686035156,65.34777069091797,63.9156608581543
fast,C:\Users\Light\Videos\高速运动.mp4,945,True,0.7580816745758057,27.464937210083008,43.07810592651367,55.53364944458008,63.64199447631836
fast,C:\Users\Light\Videos\高速运动.mp4,946,True,0.7584335207939148,27.500600814819336,43.0938835144043,55.45315170288086,63.65176773071289
fast,C:\Users\Light\Videos\高速运动.mp4,947,True,0.7300013899803162,18.688478469848633,44.208152770996094,47.019615173339844,64.9162368774414
fast,C:\Users\Light\Videos\高速运动.mp4,948,True,0.7393965125083923,15.228140830993652,44.24967956542969,41.9779167175293,64.5777587890625
fast,C:\Users\Light\Videos\高速运动.mp4,949,True,0.739518404006958,15.21799373626709,44.24526596069336,41.99626922607422,64.57666015625
fast,C:\Users\Light\Videos\高速运动.mp4,950,True,0.7543427348136902,18.30201530456543,42.72770309448242,47.233001708984375,65.09320068359375
fast,C:\Users\Light\Videos\高速运动.mp4,951,True,0.7845914959907532,25.144811630249023,41.72945785522461,52.32986831665039,63.96110916137695
fast,C:\Users\Light\Videos\高速运动.mp4,952,True,0.7853784561157227,25.141176223754883,41.7274169921875,52.310550689697266,63.9328498840332
fast,C:\Users\Light\Videos\高速运动.mp4,953,True,0.8218124508857727,30.8212833404541,41.988197326660156,58.0825080871582,63.904075622558594
fast,C:\Users\Light\Videos\高速运动.mp4,954,True,0.7763514518737793,38.36915588378906,42.5684700012207,64.3849105834961,64.55875396728516
fast,C:\Users\Light\Videos\高速运动.mp4,955,True,0.7726971507072449,38.37556457519531,42.560672760009766,64.3819808959961,64.61738586425781
fast,C:\Users\Light\Videos\高速运动.mp4,956,True,0.8197032809257507,45.70097351074219,42.84110641479492,72.86195373535156,63.635250091552734
fast,C:\Users\Light\Videos\高速运动.mp4,957,True,0.81895911693573,45.71742630004883,42.85242462158203,72.87467956542969,63.637691497802734
fast,C:\Users\Light\Videos\高速运动.mp4,958,True,0.7612976431846619,55.07249069213867,43.34843063354492,81.85547637939453,64.14952087402344
fast,C:\Users\Light\Videos\高速运动.mp4,959,True,0.6938525438308716,62.61688995361328,42.84682083129883,92.83174133300781,62.90058517456055
fast,C:\Users\Light\Videos\高速运动.mp4,960,True,0.6921786069869995,62.566585540771484,42.877769470214844,92.80892181396484,62.955108642578125
fast,C:\Users\Light\Videos\高速运动.mp4,961,True,0.7340572476387024,73.08653259277344,43.65781784057617,103.23131561279297,63.103294372558594
fast,C:\Users\Light\Videos\高速运动.mp4,962,True,0.7198413014411926,84.30026245117188,44.5017204284668,114.3257064819336,64.03321075439453
fast,C:\Users\Light\Videos\高速运动.mp4,963,True,0.7200735211372375,84.29545593261719,44.49470520019531,114.334716796875,64.03125762939453
fast,C:\Users\Light\Videos\高速运动.mp4,964,True,0.6959866285324097,95.11995697021484,44.27964401245117,126.48743438720703,63.5382080078125
fast,C:\Users\Light\Videos\高速运动.mp4,965,True,0.6974766850471497,108.49392700195312,44.41857147216797,138.91954040527344,64.27444458007812
fast,C:\Users\Light\Videos\高速运动.mp4,966,True,0.7148363590240479,108.47990417480469,44.37545394897461,138.73477172851562,64.24661254882812
fast,C:\Users\Light\Videos\高速运动.mp4,967,True,0.531003475189209,120.84698486328125,45.76972961425781,151.2392578125,64.17562866210938
fast,C:\Users\Light\Videos\高速运动.mp4,968,True,0.5648974180221558,120.7459945678711,45.653079986572266,151.20518493652344,64.17601013183594
fast,C:\Users\Light\Videos\高速运动.mp4,969,True,0.7827633023262024,143.88758850097656,42.824161529541016,176.70071411132812,64.61628723144531
fast,C:\Users\Light\Videos\高速运动.mp4,970,True,0.7829349637031555,143.87771606445312,42.81439208984375,176.67796325683594,64.61099243164062
fast,C:\Users\Light\Videos\高速运动.mp4,971,True,0.7968459725379944,154.6446533203125,42.394020080566406,187.7057647705078,63.86861801147461
fast,C:\Users\Light\Videos\高速运动.mp4,972,True,0.7776260375976562,168.17352294921875,42.51380920410156,198.4087371826172,63.666175842285156
fast,C:\Users\Light\Videos\高速运动.mp4,973,True,0.7763609886169434,168.1862030029297,42.54269790649414,198.40377807617188,63.68179702758789
fast,C:\Users\Light\Videos\高速运动.mp4,974,True,0.7424831390380859,177.83847045898438,43.53818893432617,209.81265258789062,64.10382843017578
fast,C:\Users\Light\Videos\高速运动.mp4,975,True,0.7687425017356873,189.68408203125,41.052276611328125,221.07301330566406,62.53969192504883
fast,C:\Users\Light\Videos\高速运动.mp4,976,True,0.7685661911964417,189.68052673339844,41.05182647705078,221.00405883789062,62.54269790649414
fast,C:\Users\Light\Videos\高速运动.mp4,977,True,0.7738474607467651,202.22421264648438,40.466758728027344,230.33651733398438,62.216251373291016
fast,C:\Users\Light\Videos\高速运动.mp4,978,True,0.8261975646018982,211.036376953125,40.087646484375,241.22109985351562,63.56886672973633
fast,C:\Users\Light\Videos\高速运动.mp4,979,True,0.8261103630065918,211.05931091308594,40.087982177734375,241.20870971679688,63.56745529174805
fast,C:\Users\Light\Videos\高速运动.mp4,980,True,0.7780231833457947,218.19189453125,39.0389518737793,250.03546142578125,62.00672912597656
fast,C:\Users\Light\Videos\高速运动.mp4,981,True,0.7780997157096863,218.1919403076172,39.0355224609375,250.0421905517578,62.008094787597656
fast,C:\Users\Light\Videos\高速运动.mp4,982,True,0.8010619282722473,225.8087158203125,38.822303771972656,257.87335205078125,62.29729080200195
fast,C:\Users\Light\Videos\高速运动.mp4,983,True,0.783667802810669,231.79702758789062,38.40159606933594,264.1321105957031,61.36054229736328
fast,C:\Users\Light\Videos\高速运动.mp4,984,True,0.7837685942649841,231.78579711914062,38.40314483642578,264.1410217285156,61.35908508300781
fast,C:\Users\Light\Videos\高速运动.mp4,985,True,0.8275343775749207,238.7288055419922,37.47421646118164,268.3902587890625,61.53553009033203
fast,C:\Users\Light\Videos\高速运动.mp4,986,True,0.8284483551979065,242.92718505859375,37.16865921020508,271.2930603027344,61.92544174194336
fast,C:\Users\Light\Videos\高速运动.mp4,987,True,0.8286354541778564,242.92567443847656,37.16500473022461,271.2935485839844,61.923404693603516
fast,C:\Users\Light\Videos\高速运动.mp4,988,True,0.8187318444252014,244.93939208984375,36.50763702392578,273.8016662597656,61.24375915527344
fast,C:\Users\Light\Videos\高速运动.mp4,989,True,0.8327063322067261,245.8212127685547,36.97507095336914,274.1863708496094,61.83709716796875
fast,C:\Users\Light\Videos\高速运动.mp4,990,True,0.8330661058425903,245.77828979492188,36.975830078125,274.17828369140625,61.83230209350586
fast,C:\Users\Light\Videos\高速运动.mp4,991,True,0.8308484554290771,245.94522094726562,37.183204650878906,273.6078186035156,62.221473693847656
fast,C:\Users\Light\Videos\高速运动.mp4,992,True,0.8310152888298035,245.99073791503906,37.18295669555664,273.5937194824219,62.22822189331055
fast,C:\Users\Light\Videos\高速运动.mp4,993,True,0.8188188076019287,239.8433074951172,37.56278610229492,268.6619567871094,61.621681213378906
fast,C:\Users\Light\Videos\高速运动.mp4,994,True,0.819571852684021,239.80984497070312,37.52522277832031,268.6145324707031,61.5999870300293
fast,C:\Users\Light\Videos\高速运动.mp4,995,True,0.8181976675987244,234.00125122070312,37.30357360839844,263.40264892578125,61.181026458740234
fast,C:\Users\Light\Videos\高速运动.mp4,996,True,0.8205748200416565,224.8526611328125,38.14644241333008,258.71160888671875,62.40766906738281
fast,C:\Users\Light\Videos\高速运动.mp4,997,True,0.8208714127540588,224.80870056152344,38.14792251586914,258.72314453125,62.416587829589844
fast,C:\Users\Light\Videos\高速运动.mp4,998,True,0.7903798222541809,217.88824462890625,37.22802734375,252.270263671875,61.299560546875
fast,C:\Users\Light\Videos\高速运动.mp4,999,True,0.8149506449699402,209.7944793701172,38.9791145324707,241.76551818847656,62.466026306152344
fast,C:\Users\Light\Videos\高速运动.mp4,1000,True,0.814176619052887,209.83534240722656,38.99695587158203,241.70986938476562,62.49798583984375
fast,C:\Users\Light\Videos\高速运动.mp4,1001,True,0.8103539347648621,201.0125732421875,38.840633392333984,230.62123107910156,61.793663024902344
fast,C:\Users\Light\Videos\高速运动.mp4,1002,True,0.8072340488433838,201.09628295898438,38.934181213378906,230.50225830078125,61.79048156738281
fast,C:\Users\Light\Videos\高速运动.mp4,1003,True,0.8195675611495972,187.95840454101562,39.02519226074219,220.7374725341797,62.4033203125
fast,C:\Users\Light\Videos\高速运动.mp4,1004,True,0.8065349459648132,173.95191955566406,40.12559127807617,209.29251098632812,62.846214294433594
fast,C:\Users\Light\Videos\高速运动.mp4,1005,True,0.8082315325737,174.02017211914062,40.135093688964844,209.22251892089844,62.91649627685547
fast,C:\Users\Light\Videos\高速运动.mp4,1006,True,0.7745205760002136,161.20973205566406,40.41962814331055,195.6733856201172,63.007530212402344
fast,C:\Users\Light\Videos\高速运动.mp4,1007,True,0.7737972736358643,147.35440063476562,39.787269592285156,182.6198272705078,62.743255615234375
fast,C:\Users\Light\Videos\高速运动.mp4,1008,True,0.7756156325340271,147.5424346923828,39.8443717956543,182.66357421875,62.78866195678711
fast,C:\Users\Light\Videos\高速运动.mp4,1009,True,0.7689012885093689,130.90830993652344,41.02033996582031,167.28414916992188,62.6844482421875
fast,C:\Users\Light\Videos\高速运动.mp4,1010,True,0.7462099194526672,118.12152862548828,41.99102020263672,152.9942169189453,63.23500442504883
fast,C:\Users\Light\Videos\高速运动.mp4,1011,True,0.7532752752304077,118.11071014404297,41.895503997802734,153.09837341308594,63.208648681640625
fast,C:\Users\Light\Videos\高速运动.mp4,1012,True,0.7067117691040039,101.68231201171875,41.6068229675293,134.86058044433594,62.22163009643555
fast,C:\Users\Light\Videos\高速运动.mp4,1013,True,0.7221731543540955,101.63761901855469,41.539947509765625,134.9724578857422,62.279273986816406
fast,C:\Users\Light\Videos\高速运动.mp4,1014,True,0.7457418441772461,82.23263549804688,42.61488342285156,123.66996002197266,62.4825439453125
fast,C:\Users\Light\Videos\高速运动.mp4,1015,True,0.7872623205184937,66.08383178710938,41.82829284667969,106.2168960571289,62.285099029541016
fast,C:\Users\Light\Videos\高速运动.mp4,1016,True,0.7870405912399292,66.06723022460938,41.85664367675781,106.22193908691406,62.30233383178711
fast,C:\Users\Light\Videos\高速运动.mp4,1017,True,0.7283470034599304,32.6069450378418,43.561607360839844,66.87073516845703,63.99026870727539
fast,C:\Users\Light\Videos\高速运动.mp4,1018,True,0.72858065366745,32.62621307373047,43.56254959106445,66.8655014038086,63.98551559448242
fast,C:\Users\Light\Videos\高速运动.mp4,1019,True,0.06942339986562729,379.5424499511719,24.70254898071289,407.6900939941406,42.45376968383789
fast,C:\Users\Light\Videos\高速运动.mp4,1020,True,0.2093578726053238,378.9875793457031,25.485645294189453,403.805908203125,44.5476188659668
fast,C:\Users\Light\Videos\高速运动.mp4,1021,True,0.21386314928531647,378.9559020996094,25.502656936645508,403.841796875,44.55382537841797
fast,C:\Users\Light\Videos\高速运动.mp4,1022,True,0.6725802421569824,27.459980010986328,43.917633056640625,57.76892852783203,65.55623626708984
fast,C:\Users\Light\Videos\高速运动.mp4,1023,True,0.70509272813797,39.37198257446289,43.46169662475586,67.43997955322266,63.614295959472656
fast,C:\Users\Light\Videos\高速运动.mp4,1024,True,0.7074022889137268,39.35344314575195,43.46676254272461,67.45150756835938,63.621421813964844
fast,C:\Users\Light\Videos\高速运动.mp4,1025,True,0.7591303586959839,50.76688766479492,42.96894073486328,77.62080383300781,64.08145904541016
fast,C:\Users\Light\Videos\高速运动.mp4,1026,True,0.7584383487701416,50.8604736328125,42.93819046020508,77.6658706665039,64.08172607421875
fast,C:\Users\Light\Videos\高速运动.mp4,1027,True,0.7566264271736145,58.71707534790039,42.83518981933594,89.14495849609375,63.17326354980469
fast,C:\Users\Light\Videos\高速运动.mp4,1028,True,0.7187525629997253,70.38951873779297,43.7479133605957,98.7970962524414,64.10315704345703
fast,C:\Users\Light\Videos\高速运动.mp4,1029,True,0.7214741706848145,70.40087890625,43.717926025390625,98.80713653564453,64.10736846923828
fast,C:\Users\Light\Videos\高速运动.mp4,1030,True,0.7388840317726135,81.55609130859375,44.80635452270508,112.3772964477539,64.11991882324219
fast,C:\Users\Light\Videos\高速运动.mp4,1031,True,0.7094351053237915,91.83834075927734,43.795494079589844,123.64573669433594,63.569786071777344
fast,C:\Users\Light\Videos\高速运动.mp4,1032,True,0.7174488306045532,91.82103729248047,43.779579162597656,123.75431823730469,63.60757064819336
fast,C:\Users\Light\Videos\高速运动.mp4,1033,True,0.714867353439331,104.506591796875,44.67988967895508,135.58079528808594,64.90621948242188
fast,C:\Users\Light\Videos\高速运动.mp4,1034,True,0.7319284081459045,116.85454559326172,45.74064254760742,147.56085205078125,65.14801788330078
fast,C:\Users\Light\Videos\高速运动.mp4,1035,True,0.7271435856819153,116.87026977539062,45.691246032714844,147.55747985839844,65.08283996582031
fast,C:\Users\Light\Videos\高速运动.mp4,1036,True,0.6457790732383728,132.2174530029297,44.573814392089844,162.93238830566406,64.43560028076172
fast,C:\Users\Light\Videos\高速运动.mp4,1037,True,0.6465520262718201,132.20936584472656,44.542015075683594,162.9473419189453,64.43226623535156
fast,C:\Users\Light\Videos\高速运动.mp4,1038,True,0.7799013257026672,143.0034942626953,44.10154342651367,178.09463500976562,65.6460189819336
fast,C:\Users\Light\Videos\高速运动.mp4,1039,True,0.7825509905815125,157.59376525878906,43.818843841552734,191.47080993652344,63.85490417480469
fast,C:\Users\Light\Videos\高速运动.mp4,1040,True,0.7815650105476379,157.610595703125,43.81357955932617,191.45022583007812,63.855777740478516
fast,C:\Users\Light\Videos\高速运动.mp4,1041,True,0.7695578932762146,187.22970581054688,45.079795837402344,222.75442504882812,65.37008666992188
fast,C:\Users\Light\Videos\高速运动.mp4,1042,True,0.7701506614685059,187.24114990234375,45.07941436767578,222.7425079345703,65.37029266357422
fast,C:\Users\Light\Videos\高速运动.mp4,1043,True,0.6829327344894409,202.1993865966797,44.86520767211914,237.78305053710938,64.93399047851562
fast,C:\Users\Light\Videos\高速运动.mp4,1044,True,0.7772402167320251,219.4175567626953,45.9797477722168,253.14381408691406,65.41751098632812
fast,C:\Users\Light\Videos\高速运动.mp4,1045,True,0.7763410806655884,219.40211486816406,45.912109375,253.21177673339844,65.37645721435547
fast,C:\Users\Light\Videos\高速运动.mp4,1046,True,0.7608417272567749,234.488037109375,45.44774627685547,271.7334289550781,65.52890014648438
fast,C:\Users\Light\Videos\高速运动.mp4,1047,True,0.7588515877723694,234.599853515625,45.44871139526367,271.9848937988281,65.49857330322266
fast,C:\Users\Light\Videos\高速运动.mp4,1048,True,0.719499945640564,250.2779541015625,45.13499450683594,288.9789123535156,64.58509063720703
fast,C:\Users\Light\Videos\高速运动.mp4,1049,True,0.7793816924095154,269.1199035644531,45.75563430786133,304.8531188964844,66.11634063720703
fast,C:\Users\Light\Videos\高速运动.mp4,1050,True,0.7769346833229065,269.2132873535156,45.79169464111328,304.8490295410156,66.07333374023438
fast,C:\Users\Light\Videos\高速运动.mp4,1051,True,0.7460606694221497,285.8666076660156,46.73976135253906,322.0271301269531,66.32476806640625
fast,C:\Users\Light\Videos\高速运动.mp4,1052,True,0.7622711062431335,306.2867126464844,47.15152359008789,341.5369873046875,66.44410705566406
fast,C:\Users\Light\Videos\高速运动.mp4,1053,True,0.7621065378189087,306.21484375,47.08816909790039,341.69854736328125,66.39746856689453
fast,C:\Users\Light\Videos\高速运动.mp4,1054,True,0.7199060916900635,321.7359924316406,46.39543151855469,360.6808166503906,66.58796691894531
fast,C:\Users\Light\Videos\高速运动.mp4,1055,True,0.7896849513053894,340.6679992675781,46.60977554321289,379.9206848144531,66.65435028076172
fast,C:\Users\Light\Videos\高速运动.mp4,1056,True,0.7902251482009888,340.6653747558594,46.64762878417969,379.93402099609375,66.7109375
fast,C:\Users\Light\Videos\高速运动.mp4,1057,True,0.7502008080482483,363.0442810058594,45.78770446777344,400.6148376464844,65.67943572998047
fast,C:\Users\Light\Videos\高速运动.mp4,1058,True,0.7500381469726562,363.0569763183594,45.796356201171875,400.60772705078125,65.6762924194336
fast,C:\Users\Light\Videos\高速运动.mp4,1059,True,0.7081868052482605,380.91156005859375,47.286685943603516,420.7522888183594,66.2554702758789
fast,C:\Users\Light\Videos\高速运动.mp4,1060,True,0.030388526618480682,378.9140625,25.717872619628906,404.9527282714844,45.28777313232422
fast,C:\Users\Light\Videos\高速运动.mp4,1061,True,0.031137779355049133,378.9273376464844,25.721548080444336,404.9488830566406,45.26383972167969
fast,C:\Users\Light\Videos\高速运动.mp4,1062,True,0.09724111109972,408.7696533203125,45.192256927490234,444.46258544921875,63.183685302734375
fast,C:\Users\Light\Videos\高速运动.mp4,1063,True,0.3540787994861603,401.7864074707031,46.451595306396484,431.7740478515625,65.28308868408203
fast,C:\Users\Light\Videos\高速运动.mp4,1064,True,0.3586653769016266,402.4237060546875,46.724185943603516,432.8345642089844,65.05711364746094
fast,C:\Users\Light\Videos\高速运动.mp4,1065,True,0.6392823457717896,385.7854919433594,36.856266021728516,417.8092346191406,58.843727111816406
fast,C:\Users\Light\Videos\高速运动.mp4,1066,True,0.6414498090744019,385.78564453125,36.835201263427734,417.8593444824219,58.848968505859375
fast,C:\Users\Light\Videos\高速运动.mp4,1067,True,0.6335914731025696,376.32843017578125,37.04880142211914,410.7617492675781,59.14410400390625
fast,C:\Users\Light\Videos\高速运动.mp4,1068,True,0.6065273284912109,368.820556640625,38.17078399658203,394.6072082519531,59.19477844238281
fast,C:\Users\Light\Videos\高速运动.mp4,1069,True,0.6069927215576172,368.814453125,38.17190170288086,394.60565185546875,59.19688415527344
fast,C:\Users\Light\Videos\高速运动.mp4,1070,True,0.5944908261299133,355.63031005859375,35.949302673339844,383.26348876953125,58.207130432128906
fast,C:\Users\Light\Videos\高速运动.mp4,1071,True,0.5947186350822449,355.6480712890625,35.91521453857422,383.33685302734375,58.13825988769531
fast,C:\Users\Light\Videos\高速运动.mp4,1072,True,0.6291983127593994,343.4700012207031,37.97652053833008,370.05450439453125,60.1407585144043
fast,C:\Users\Light\Videos\高速运动.mp4,1073,True,0.7401429414749146,321.8021240234375,38.752403259277344,361.5556945800781,61.818115234375
fast,C:\Users\Light\Videos\高速运动.mp4,1074,True,0.7400319576263428,321.7911376953125,38.78570556640625,361.4500427246094,61.814083099365234
fast,C:\Users\Light\Videos\高速运动.mp4,1075,True,0.7837729454040527,304.7169494628906,39.34619140625,344.1357727050781,62.5972900390625
fast,C:\Users\Light\Videos\高速运动.mp4,1076,True,0.7362260222434998,287.7139587402344,38.39505386352539,325.9688720703125,61.21966552734375
fast,C:\Users\Light\Videos\高速运动.mp4,1077,True,0.7410056591033936,287.6561279296875,38.38330841064453,325.873291015625,61.17470932006836
fast,C:\Users\Light\Videos\高速运动.mp4,1078,True,0.7396167516708374,270.60321044921875,38.57024383544922,309.4793701171875,61.95616912841797
fast,C:\Users\Light\Videos\高速运动.mp4,1079,True,0.7644551992416382,248.49632263183594,38.35634994506836,290.24322509765625,61.8354606628418
fast,C:\Users\Light\Videos\高速运动.mp4,1080,True,0.7658078670501709,248.3571014404297,38.345008850097656,290.3207702636719,61.86656951904297
fast,C:\Users\Light\Videos\高速运动.mp4,1081,True,0.8245514035224915,227.0336456298828,37.94967269897461,271.5972595214844,60.88934326171875
fast,C:\Users\Light\Videos\高速运动.mp4,1082,True,0.8245416879653931,227.029052734375,37.9485969543457,271.6098937988281,60.90615463256836
fast,C:\Users\Light\Videos\高速运动.mp4,1083,True,0.8166416883468628,208.54981994628906,39.662391662597656,249.6370391845703,63.548763275146484
fast,C:\Users\Light\Videos\高速运动.mp4,1084,True,0.8124041557312012,187.8328857421875,39.32187271118164,232.0808563232422,61.941062927246094
fast,C:\Users\Light\Videos\高速运动.mp4,1085,True,0.8121404051780701,187.83682250976562,39.34634780883789,232.0831756591797,61.96379089355469
fast,C:\Users\Light\Videos\高速运动.mp4,1086,True,0.7100051641464233,166.9200439453125,41.22686004638672,209.26564025878906,63.37837219238281
fast,C:\Users\Light\Videos\高速运动.mp4,1087,True,0.7963507771492004,145.81211853027344,41.002925872802734,188.2401885986328,62.36609649658203
fast,C:\Users\Light\Videos\高速运动.mp4,1088,True,0.7960200905799866,145.8143310546875,40.98515319824219,188.07183837890625,62.35011672973633
fast,C:\Users\Light\Videos\高速运动.mp4,1089,True,0.7177731394767761,102.0317153930664,43.198856353759766,142.74154663085938,64.08282470703125
fast,C:\Users\Light\Videos\高速运动.mp4,1090,True,0.7138432860374451,101.98686981201172,43.19498062133789,142.71839904785156,64.05160522460938
fast,C:\Users\Light\Videos\高速运动.mp4,1091,True,0.7735767960548401,80.60491180419922,41.58479309082031,122.85186767578125,61.8594856262207
fast,C:\Users\Light\Videos\高速运动.mp4,1092,True,0.7654383778572083,80.59588623046875,41.80377197265625,122.73645782470703,62.02199172973633
fast,C:\Users\Light\Videos\高速运动.mp4,1093,True,0.786209225654602,58.74751281738281,43.54437255859375,101.18428802490234,64.19454956054688
fast,C:\Users\Light\Videos\高速运动.mp4,1094,True,0.5411335825920105,38.230255126953125,43.97247314453125,78.75296020507812,64.27141571044922
fast,C:\Users\Light\Videos\高速运动.mp4,1095,True,0.5437740087509155,37.98271179199219,44.008331298828125,78.83655548095703,64.29611206054688
fast,C:\Users\Light\Videos\高速运动.mp4,1096,True,0.01315915398299694,373.81005859375,26.047565460205078,399.54339599609375,46.06309509277344
fast,C:\Users\Light\Videos\高速运动.mp4,1097,True,0.038573525846004486,22.482074737548828,49.734275817871094,48.58545684814453,67.09872436523438
fast,C:\Users\Light\Videos\高速运动.mp4,1098,True,0.04065608233213425,22.464004516601562,49.7869873046875,48.5716438293457,67.14502716064453
fast,C:\Users\Light\Videos\高速运动.mp4,1099,True,0.16595512628555298,35.5824089050293,44.717628479003906,62.891685485839844,63.056251525878906
fast,C:\Users\Light\Videos\高速运动.mp4,1100,True,0.622887134552002,49.35616683959961,44.0634880065918,81.30644226074219,63.48251724243164
fast,C:\Users\Light\Videos\高速运动.mp4,1101,True,0.6386092305183411,49.49538040161133,44.07124328613281,81.4289321899414,63.587806701660156
fast,C:\Users\Light\Videos\高速运动.mp4,1102,True,0.7416418790817261,61.39221954345703,44.16642379760742,100.4210205078125,63.209075927734375
fast,C:\Users\Light\Videos\高速运动.mp4,1103,True,0.7421700358390808,61.37371063232422,44.16082000732422,100.41511535644531,63.2213134765625
fast,C:\Users\Light\Videos\高速运动.mp4,1104,True,0.6290797591209412,78.7485580444336,45.93564224243164,115.33900451660156,63.534690856933594
fast,C:\Users\Light\Videos\高速运动.mp4,1105,True,0.2700752913951874,95.406494140625,45.97624969482422,132.0477294921875,63.484039306640625
fast,C:\Users\Light\Videos\高速运动.mp4,1106,True,0.2700996696949005,95.42434692382812,45.9853515625,132.0491485595703,63.48103713989258
fast,C:\Users\Light\Videos\高速运动.mp4,1107,True,0.370917946100235,115.42164611816406,46.686981201171875,141.98675537109375,64.8992919921875
fast,C:\Users\Light\Videos\高速运动.mp4,1108,True,0.5070815682411194,128.03807067871094,46.28680419921875,161.26251220703125,64.0027084350586
fast,C:\Users\Light\Videos\高速运动.mp4,1109,True,0.5081137418746948,128.08892822265625,46.270198822021484,161.2960205078125,63.95033264160156
fast,C:\Users\Light\Videos\高速运动.mp4,1110,True,0.8075783252716064,142.7750701904297,45.5792350769043,178.6886749267578,65.54218292236328
fast,C:\Users\Light\Videos\高速运动.mp4,1111,True,0.7941885590553284,158.7754364013672,45.44707489013672,196.69583129882812,65.81378936767578
fast,C:\Users\Light\Videos\高速运动.mp4,1112,True,0.749160647392273,177.07595825195312,46.779788970947266,212.48699951171875,66.38591003417969
fast,C:\Users\Light\Videos\高速运动.mp4,1113,True,0.7855894565582275,195.0157012939453,45.736000061035156,231.50160217285156,66.56636047363281
fast,C:\Users\Light\Videos\高速运动.mp4,1114,True,0.7858652472496033,195.00222778320312,45.75350570678711,231.5144805908203,66.59712982177734
fast,C:\Users\Light\Videos\高速运动.mp4,1115,True,0.7611320614814758,214.9258270263672,46.502628326416016,249.0299835205078,67.04248809814453
fast,C:\Users\Light\Videos\高速运动.mp4,1116,True,0.7598767280578613,214.9672393798828,46.472328186035156,249.10317993164062,67.02196502685547
fast,C:\Users\Light\Videos\高速运动.mp4,1117,True,0.8102536201477051,230.8358154296875,46.782432556152344,272.1946716308594,66.98653411865234
fast,C:\Users\Light\Videos\高速运动.mp4,1118,True,0.7657989263534546,251.28790283203125,45.86782455444336,291.82635498046875,66.64798736572266
fast,C:\Users\Light\Videos\高速运动.mp4,1119,True,0.7627306580543518,251.17588806152344,45.90188980102539,291.89532470703125,66.68263244628906
fast,C:\Users\Light\Videos\高速运动.mp4,1120,True,0.7493150234222412,271.1875305175781,45.86311721801758,314.3578796386719,66.78186798095703
fast,C:\Users\Light\Videos\高速运动.mp4,1121,True,0.775073230266571,293.3432922363281,46.167152404785156,337.039306640625,65.79249572753906
fast,C:\Users\Light\Videos\高速运动.mp4,1122,True,0.7767881751060486,293.3807067871094,46.1644172668457,336.91656494140625,65.80953216552734
fast,C:\Users\Light\Videos\高速运动.mp4,1123,True,0.7979668378829956,317.0102844238281,44.98616409301758,360.4270324707031,65.80451202392578
fast,C:\Users\Light\Videos\高速运动.mp4,1124,True,0.7563096284866333,340.63726806640625,42.41990661621094,385.6231384277344,63.886077880859375
fast,C:\Users\Light\Videos\高速运动.mp4,1125,True,0.750832200050354,340.5618591308594,42.47907257080078,385.7482604980469,63.940670013427734
fast,C:\Users\Light\Videos\高速运动.mp4,1126,True,0.7560750842094421,365.2782287597656,41.030784606933594,411.063720703125,62.473018646240234
fast,C:\Users\Light\Videos\高速运动.mp4,1127,True,0.7558004260063171,365.27020263671875,41.03009033203125,411.0903625488281,62.461341857910156
fast,C:\Users\Light\Videos\高速运动.mp4,1128,True,0.7433558106422424,390.945068359375,39.82599639892578,432.3740539550781,60.78755187988281
fast,C:\Users\Light\Videos\高速运动.mp4,1129,True,0.007990355603396893,394.90142822265625,16.056610107421875,418.9872741699219,35.82996368408203
fast,C:\Users\Light\Videos\高速运动.mp4,1130,True,0.00813373364508152,394.79339599609375,16.055667877197266,418.9656677246094,35.81288528442383
fast,C:\Users\Light\Videos\高速运动.mp4,1131,True,0.012281413190066814,396.2772521972656,15.886350631713867,418.5695495605469,36.901695251464844
fast,C:\Users\Light\Videos\高速运动.mp4,1132,True,0.05799848213791847,416.9665222167969,37.651084899902344,456.26885986328125,57.56087875366211
fast,C:\Users\Light\Videos\高速运动.mp4,1133,True,0.060797564685344696,416.98297119140625,37.6447868347168,456.2445068359375,57.545841217041016
fast,C:\Users\Light\Videos\高速运动.mp4,1134,True,0.6789658665657043,399.81243896484375,40.457435607910156,436.2788391113281,60.02442169189453
fast,C:\Users\Light\Videos\高速运动.mp4,1135,True,0.5541360378265381,386.71343994140625,38.52949905395508,413.96429443359375,59.128841400146484
fast,C:\Users\Light\Videos\高速运动.mp4,1136,True,0.7782853841781616,365.4066467285156,39.39311981201172,402.2074890136719,59.55934143066406
fast,C:\Users\Light\Videos\高速运动.mp4,1137,True,0.7710977792739868,365.2552185058594,39.40564727783203,402.0498046875,59.59903335571289
fast,C:\Users\Light\Videos\高速运动.mp4,1138,True,0.7502108812332153,349.1235046386719,42.28420639038086,386.912353515625,62.764007568359375
fast,C:\Users\Light\Videos\高速运动.mp4,1139,True,0.7566719651222229,335.2408142089844,42.927589416503906,373.626708984375,64.73885345458984
fast,C:\Users\Light\Videos\高速运动.mp4,1140,True,0.7591531872749329,335.26336669921875,42.89522933959961,373.4736633300781,64.74095916748047
fast,C:\Users\Light\Videos\高速运动.mp4,1141,True,0.6958587169647217,324.7733154296875,43.08926773071289,356.57940673828125,63.75925064086914
fast,C:\Users\Light\Videos\高速运动.mp4,1142,True,0.7247015833854675,310.8222351074219,44.15385055541992,346.2846374511719,63.86507797241211
fast,C:\Users\Light\Videos\高速运动.mp4,1143,True,0.7089185118675232,310.8565673828125,44.3123893737793,346.39984130859375,64.03778076171875
fast,C:\Users\Light\Videos\高速运动.mp4,1144,True,0.7650895118713379,302.3063049316406,46.958518981933594,333.53216552734375,66.47122955322266
fast,C:\Users\Light\Videos\高速运动.mp4,1145,True,0.7517706155776978,292.4256591796875,46.305877685546875,321.60064697265625,66.00594329833984
fast,C:\Users\Light\Videos\高速运动.mp4,1146,True,0.7460169196128845,292.3761901855469,46.32465744018555,321.590087890625,65.99760437011719
fast,C:\Users\Light\Videos\高速运动.mp4,1147,True,0.779603898525238,282.3428039550781,45.83945083618164,313.23486328125,66.36766052246094
fast,C:\Users\Light\Videos\高速运动.mp4,1148,True,0.7793973088264465,282.3658142089844,45.836605072021484,313.2270812988281,66.39803314208984
fast,C:\Users\Light\Videos\高速运动.mp4,1149,True,0.768964946269989,275.9542236328125,45.694339752197266,305.1801452636719,65.5487289428711
fast,C:\Users\Light\Videos\高速运动.mp4,1150,True,0.7875586748123169,269.5023193359375,46.05906295776367,297.5517272949219,66.29816436767578
fast,C:\Users\Light\Videos\高速运动.mp4,1151,True,0.787605881690979,269.4783630371094,46.058006286621094,297.5611572265625,66.29258728027344
fast,C:\Users\Light\Videos\高速运动.mp4,1152,True,0.7864001393318176,261.39691162109375,45.38533020019531,289.5813903808594,66.07978820800781
fast,C:\Users\Light\Videos\高速运动.mp4,1153,True,0.7574690580368042,256.3416748046875,45.40164566040039,284.3531188964844,66.0418701171875
fast,C:\Users\Light\Videos\高速运动.mp4,1154,True,0.7483827471733093,256.3671569824219,45.34416198730469,284.3603820800781,66.03207397460938
fast,C:\Users\Light\Videos\高速运动.mp4,1155,True,0.8118115067481995,253.4717559814453,45.71314239501953,280.6291198730469,66.85932159423828
fast,C:\Users\Light\Videos\高速运动.mp4,1156,True,0.8251746296882629,250.33595275878906,46.0921630859375,276.0530090332031,66.54507446289062
fast,C:\Users\Light\Videos\高速运动.mp4,1157,True,0.8252323865890503,250.3479766845703,46.08528137207031,276.05279541015625,66.54756164550781
fast,C:\Users\Light\Videos\高速运动.mp4,1158,True,0.7725507616996765,247.80242919921875,45.47452926635742,271.9170227050781,66.11479949951172
fast,C:\Users\Light\Videos\高速运动.mp4,1159,True,0.8158266544342041,244.5999298095703,45.888240814208984,270.9345703125,66.36132049560547
fast,C:\Users\Light\Videos\高速运动.mp4,1160,True,0.8071480989456177,244.19960021972656,45.45379638671875,269.4630126953125,66.852783203125
fast,C:\Users\Light\Videos\高速运动.mp4,1161,True,0.80753493309021,244.16981506347656,45.4589958190918,269.481689453125,66.85869598388672
fast,C:\Users\Light\Videos\高速运动.mp4,1162,True,0.8027101755142212,243.9231719970703,45.351871490478516,269.27606201171875,66.29168701171875
fast,C:\Users\Light\Videos\高速运动.mp4,1163,True,0.7913184762001038,244.0048370361328,44.88136672973633,269.5604248046875,65.94247436523438
fast,C:\Users\Light\Videos\高速运动.mp4,1164,True,0.7907418012619019,244.0316619873047,44.877872467041016,269.6018371582031,65.91495513916016
fast,C:\Users\Light\Videos\高速运动.mp4,1165,True,0.8112061023712158,244.91964721679688,45.405792236328125,271.190185546875,66.66340637207031
fast,C:\Users\Light\Videos\高速运动.mp4,1166,True,0.7917448282241821,247.55282592773438,45.881004333496094,272.11767578125,66.5246810913086
fast,C:\Users\Light\Videos\高速运动.mp4,1167,True,0.7907605171203613,247.57102966308594,45.879905700683594,272.1192626953125,66.53178405761719
fast,C:\Users\Light\Videos\高速运动.mp4,1168,True,0.8037038445472717,249.902587890625,45.24934005737305,275.3511657714844,65.81201934814453
fast,C:\Users\Light\Videos\高速运动.mp4,1169,True,0.7938655614852905,253.24266052246094,45.543643951416016,279.27679443359375,66.48722839355469
fast,C:\Users\Light\Videos\高速运动.mp4,1170,True,0.7943495512008667,253.22276306152344,45.524169921875,279.33642578125,66.45600891113281
fast,C:\Users\Light\Videos\高速运动.mp4,1171,True,0.8459993600845337,256.55169677734375,45.84362030029297,283.3809509277344,67.17231750488281
fast,C:\Users\Light\Videos\高速运动.mp4,1172,True,0.846296489238739,256.5671081542969,45.85657501220703,283.3693542480469,67.16478729248047
fast,C:\Users\Light\Videos\高速运动.mp4,1173,True,0.8178516626358032,261.2535400390625,45.72520065307617,287.4293518066406,66.33148956298828
fast,C:\Users\Light\Videos\高速运动.mp4,1174,True,0.8082630634307861,265.69390869140625,45.185218811035156,293.5540466308594,65.51222229003906
fast,C:\Users\Light\Videos\高速运动.mp4,1175,True,0.8094739317893982,265.6963806152344,45.20458221435547,293.5765380859375,65.54153442382812
fast,C:\Users\Light\Videos\高速运动.mp4,1176,True,0.7996158003807068,272.12384033203125,45.391448974609375,299.6357421875,65.87098693847656
fast,C:\Users\Light\Videos\高速运动.mp4,1177,True,0.7708401679992676,278.1533203125,46.10348129272461,307.3362121582031,67.05347442626953
fast,C:\Users\Light\Videos\高速运动.mp4,1178,True,0.7733360528945923,278.15478515625,46.09225082397461,307.31549072265625,67.01274871826172
fast,C:\Users\Light\Videos\高速运动.mp4,1179,True,0.7475664019584656,286.9548645019531,47.03422546386719,314.76153564453125,66.25159454345703
fast,C:\Users\Light\Videos\高速运动.mp4,1180,True,0.7834427952766418,295.7646789550781,46.15675354003906,324.0371398925781,66.37071228027344
fast,C:\Users\Light\Videos\高速运动.mp4,1181,True,0.7835291028022766,295.7806701660156,46.15798568725586,324.0443420410156,66.36920928955078
fast,C:\Users\Light\Videos\高速运动.mp4,1182,True,0.779210090637207,303.6592102050781,46.3193244934082,334.94580078125,66.80867767333984
fast,C:\Users\Light\Videos\高速运动.mp4,1183,True,0.780543863773346,303.5754699707031,46.33608627319336,335.15283203125,66.83377838134766
fast,C:\Users\Light\Videos\高速运动.mp4,1184,True,0.7615775465965271,314.6008605957031,45.62226486206055,345.6546936035156,66.3355941772461
fast,C:\Users\Light\Videos\高速运动.mp4,1185,True,0.6254275441169739,324.1622619628906,44.527042388916016,357.44915771484375,65.70805358886719
fast,C:\Users\Light\Videos\高速运动.mp4,1186,True,0.740800142288208,334.8174133300781,43.230525970458984,370.0745849609375,64.53900909423828
fast,C:\Users\Light\Videos\高速运动.mp4,1187,True,0.737526535987854,345.2193603515625,42.597293853759766,381.0698547363281,62.51936721801758
fast,C:\Users\Light\Videos\高速运动.mp4,1188,True,0.7387725710868835,345.1808166503906,42.597808837890625,381.0804748535156,62.525169372558594
fast,C:\Users\Light\Videos\高速运动.mp4,1189,True,0.6915936470031738,357.25238037109375,40.927894592285156,392.337158203125,61.39855194091797
fast,C:\Users\Light\Videos\高速运动.mp4,1190,True,0.750842809677124,368.56884765625,40.36779022216797,401.3821716308594,61.0275993347168
fast,C:\Users\Light\Videos\高速运动.mp4,1191,True,0.7610422372817993,368.5083923339844,40.3861198425293,401.4866943359375,61.046695709228516
fast,C:\Users\Light\Videos\高速运动.mp4,1192,True,0.7175021767616272,375.5364685058594,39.42108917236328,409.42083740234375,60.44293212890625
fast,C:\Users\Light\Videos\高速运动.mp4,1193,True,0.7195589542388916,375.5837097167969,39.447444915771484,409.3760986328125,60.41267776489258
fast,C:\Users\Light\Videos\高速运动.mp4,1194,True,0.7365013360977173,385.14361572265625,35.951541900634766,413.87237548828125,58.54581069946289
fast,C:\Users\Light\Videos\高速运动.mp4,1195,True,0.7846688032150269,390.84716796875,34.50135040283203,418.3359375,56.709651947021484
fast,C:\Users\Light\Videos\高速运动.mp4,1196,True,0.7848372459411621,390.8158874511719,34.49195861816406,418.3327941894531,56.717201232910156
fast,C:\Users\Light\Videos\高速运动.mp4,1197,True,0.7219500541687012,394.1123352050781,36.85700607299805,420.4364318847656,59.327789306640625
fast,C:\Users\Light\Videos\高速运动.mp4,1198,True,0.7557278871536255,396.2577209472656,38.71627426147461,423.0207214355469,60.910858154296875
fast,C:\Users\Light\Videos\高速运动.mp4,1199,True,0.75551438331604,396.26922607421875,38.72891616821289,423.01458740234375,60.913726806640625
fast,C:\Users\Light\Videos\高速运动.mp4,1200,True,0.7539917826652527,395.3578186035156,38.52230453491211,422.68817138671875,60.99882507324219
fast,C:\Users\Light\Videos\高速运动.mp4,1201,True,0.6219442486763,395.8619384765625,39.98630142211914,423.562255859375,60.952430725097656
fast,C:\Users\Light\Videos\高速运动.mp4,1202,True,0.6215818524360657,395.8924560546875,39.9739990234375,423.5479736328125,60.94828796386719
fast,C:\Users\Light\Videos\高速运动.mp4,1203,True,0.7965847849845886,396.5460510253906,41.38044738769531,423.9557800292969,60.959224700927734
fast,C:\Users\Light\Videos\高速运动.mp4,1204,True,0.7801936268806458,396.8094787597656,41.70249557495117,424.0040283203125,61.09333419799805
fast,C:\Users\Light\Videos\高速运动.mp4,1205,True,0.7790138125419617,396.82525634765625,41.69888687133789,423.9959716796875,61.09600067138672
fast,C:\Users\Light\Videos\高速运动.mp4,1206,True,0.7580552101135254,395.700439453125,39.87234115600586,421.99755859375,60.346946716308594
fast,C:\Users\Light\Videos\高速运动.mp4,1207,True,0.7537917494773865,395.67169189453125,39.90113830566406,421.98675537109375,60.32917404174805
fast,C:\Users\Light\Videos\高速运动.mp4,1208,True,0.800758421421051,388.9971008300781,40.942527770996094,417.0908203125,60.741966247558594
fast,C:\Users\Light\Videos\高速运动.mp4,1209,True,0.8022567629814148,388.9246826171875,40.97060775756836,417.0907287597656,60.76525115966797
fast,C:\Users\Light\Videos\高速运动.mp4,1210,True,0.7841535210609436,386.8397216796875,41.15155792236328,413.591064453125,61.97474670410156
fast,C:\Users\Light\Videos\高速运动.mp4,1211,True,0.817955493927002,384.52008056640625,40.71171188354492,411.309814453125,61.6988639831543
fast,C:\Users\Light\Videos\高速运动.mp4,1212,True,0.8189701437950134,384.5112609863281,40.73029327392578,411.3475036621094,61.66755676269531
fast,C:\Users\Light\Videos\高速运动.mp4,1213,True,0.7863450646400452,381.40966796875,41.09239196777344,407.5065002441406,62.187744140625
fast,C:\Users\Light\Videos\高速运动.mp4,1214,True,0.8130139708518982,376.621826171875,41.81731033325195,405.0545654296875,63.30002212524414
fast,C:\Users\Light\Videos\高速运动.mp4,1215,True,0.8159765005111694,376.6344909667969,41.81795883178711,405.05877685546875,63.25934600830078
fast,C:\Users\Light\Videos\高速运动.mp4,1216,True,0.7958853840827942,373.6308288574219,41.503170013427734,402.3561096191406,63.92751693725586
fast,C:\Users\Light\Videos\高速运动.mp4,1217,True,0.7970285415649414,373.60992431640625,41.56574249267578,402.36279296875,63.9181022644043
fast,C:\Users\Light\Videos\高速运动.mp4,1218,True,0.7779254913330078,371.0908203125,43.10517883300781,399.2818298339844,64.9151840209961
fast,C:\Users\Light\Videos\高速运动.mp4,1219,True,0.7799414992332458,370.55816650390625,44.374107360839844,396.77789306640625,65.66278076171875
fast,C:\Users\Light\Videos\高速运动.mp4,1220,True,0.780208170413971,370.5631408691406,44.371036529541016,396.7734375,65.66450500488281
fast,C:\Users\Light\Videos\高速运动.mp4,1221,True,0.7633882164955139,368.5764465332031,44.80171585083008,394.8577575683594,65.87496948242188
fast,C:\Users\Light\Videos\高速运动.mp4,1222,True,0.7598626017570496,367.36492919921875,43.36880111694336,394.2665100097656,64.9356460571289
fast,C:\Users\Light\Videos\高速运动.mp4,1223,True,0.7606704235076904,367.35626220703125,43.37711715698242,394.259033203125,64.94812774658203
fast,C:\Users\Light\Videos\高速运动.mp4,1224,True,0.7679080963134766,367.8191833496094,45.66114807128906,393.4379577636719,66.95864868164062
fast,C:\Users\Light\Videos\高速运动.mp4,1225,True,0.7892324924468994,368.6614990234375,46.420040130615234,393.7439270019531,67.39419555664062
fast,C:\Users\Light\Videos\高速运动.mp4,1226,True,0.7890458106994629,368.65032958984375,46.417598724365234,393.7430725097656,67.39685821533203
fast,C:\Users\Light\Videos\高速运动.mp4,1227,True,0.7411760687828064,371.3103332519531,46.001129150390625,396.90277099609375,66.68384552001953
fast,C:\Users\Light\Videos\高速运动.mp4,1228,True,0.7407411932945251,371.3061828613281,45.98492431640625,396.8989562988281,66.69215393066406
fast,C:\Users\Light\Videos\高速运动.mp4,1229,True,0.7528123259544373,372.80804443359375,46.45079040527344,400.3022155761719,66.5573959350586
fast,C:\Users\Light\Videos\高速运动.mp4,1230,True,0.6842836141586304,378.1198425292969,47.64744186401367,404.6665344238281,66.38319396972656
fast,C:\Users\Light\Videos\高速运动.mp4,1231,True,0.6823349595069885,378.1325378417969,47.64795684814453,404.70172119140625,66.34642028808594
fast,C:\Users\Light\Videos\高速运动.mp4,1232,True,0.5406362414360046,382.154541015625,48.045467376708984,408.4111328125,66.00372314453125
fast,C:\Users\Light\Videos\高速运动.mp4,1233,True,0.12326119840145111,385.1959228515625,46.83399963378906,413.75946044921875,65.18144989013672
fast,C:\Users\Light\Videos\高速运动.mp4,1234,True,0.32786300778388977,393.657958984375,44.24094009399414,421.3937072753906,63.590450286865234
fast,C:\Users\Light\Videos\高速运动.mp4,1235,True,0.4723251461982727,399.88580322265625,39.56295394897461,426.7458801269531,60.22482681274414
fast,C:\Users\Light\Videos\高速运动.mp4,1236,True,0.4881591200828552,397.5829772949219,40.332332611083984,425.0039978027344,60.961978912353516
fast,C:\Users\Light\Videos\高速运动.mp4,1237,True,0.2848275601863861,396.1809387207031,41.544002532958984,423.15057373046875,61.2593994140625
fast,C:\Users\Light\Videos\高速运动.mp4,1238,True,0.25398749113082886,396.15875244140625,41.890438079833984,423.047607421875,61.44200897216797
fast,C:\Users\Light\Videos\高速运动.mp4,1239,True,0.22968533635139465,393.928955078125,45.9887809753418,421.1284484863281,64.54209899902344
fast,C:\Users\Light\Videos\高速运动.mp4,1240,True,0.17250017821788788,393.5598449707031,45.94931411743164,420.47381591796875,64.6061782836914
fast,C:\Users\Light\Videos\高速运动.mp4,1241,True,0.17422184348106384,393.5646057128906,45.961952209472656,420.4715576171875,64.62289428710938
fast,C:\Users\Light\Videos\高速运动.mp4,1242,True,0.018370384350419044,392.9532165527344,44.33838653564453,422.7547302246094,63.81308364868164
fast,C:\Users\Light\Videos\高速运动.mp4,1243,True,0.030166365206241608,395.6112365722656,48.102012634277344,422.41082763671875,65.93785858154297
fast,C:\Users\Light\Videos\高速运动.mp4,1244,True,0.02702149748802185,395.7425842285156,48.1919059753418,422.4780578613281,66.0205307006836
fast,C:\Users\Light\Videos\高速运动.mp4,1245,True,0.3092920482158661,396.51983642578125,42.33740997314453,423.3804626464844,61.967376708984375
fast,C:\Users\Light\Videos\高速运动.mp4,1246,True,0.12872451543807983,397.8137512207031,41.767086029052734,424.0021057128906,60.50301742553711
fast,C:\Users\Light\Videos\高速运动.mp4,1247,True,0.12290440499782562,397.857177734375,41.76957321166992,423.9871826171875,60.4582633972168
fast,C:\Users\Light\Videos\高速运动.mp4,1248,True,0.018226779997348785,399.509033203125,41.64631271362305,424.06854248046875,59.1662483215332
fast,C:\Users\Light\Videos\高速运动.mp4,1249,True,0.08392062783241272,397.6170654296875,42.34982681274414,424.50439453125,60.89723205566406
fast,C:\Users\Light\Videos\高速运动.mp4,1250,True,0.043136000633239746,397.8885803222656,43.48955535888672,424.5218811035156,61.55507278442383
fast,C:\Users\Light\Videos\高速运动.mp4,1251,True,0.15736277401447296,400.5706787109375,38.169639587402344,426.98809814453125,58.25410461425781
fast,C:\Users\Light\Videos\高速运动.mp4,1252,True,0.14582353830337524,400.6094055175781,38.22837829589844,426.9529724121094,58.286399841308594
fast,C:\Users\Light\Videos\高速运动.mp4,1253,True,0.03372596204280853,400.33319091796875,39.59047317504883,424.55419921875,57.513858795166016
fast,C:\Users\Light\Videos\高速运动.mp4,1254,True,0.028026403859257698,400.4820251464844,40.75575256347656,424.4331359863281,57.991153717041016
fast,C:\Users\Light\Videos\高速运动.mp4,1255,True,0.024753771722316742,400.54437255859375,40.994476318359375,424.4623107910156,58.14323806762695
fast,C:\Users\Light\Videos\高速运动.mp4,1256,True,0.008664319291710854,401.2525329589844,34.26710510253906,426.0537414550781,54.444759368896484
fast,C:\Users\Light\Videos\高速运动.mp4,1257,True,0.0159384123980999,400.08740234375,42.438777923583984,424.1959228515625,59.80609130859375
fast,C:\Users\Light\Videos\高速运动.mp4,1258,True,0.04126477986574173,399.8275451660156,41.000797271728516,424.3388977050781,59.2192497253418
fast,C:\Users\Light\Videos\高速运动.mp4,1259,True,0.013499336317181587,400.1349792480469,44.45028305053711,424.23388671875,61.80585479736328
fast,C:\Users\Light\Videos\高速运动.mp4,1260,True,0.01339151430875063,400.1565856933594,44.46364212036133,424.224853515625,61.819976806640625
fast,C:\Users\Light\Videos\高速运动.mp4,1261,True,0.007721415255218744,400.3902282714844,43.90663146972656,424.3860778808594,61.02679443359375
fast,C:\Users\Light\Videos\高速运动.mp4,1262,True,0.007693014107644558,400.39508056640625,43.86129379272461,424.39306640625,61.01108169555664
fast,C:\Users\Light\Videos\高速运动.mp4,1263,True,0.059949807822704315,399.9611511230469,40.25434112548828,424.3627014160156,58.56172561645508
fast,C:\Users\Light\Videos\高速运动.mp4,1264,True,0.16123397648334503,401.28466796875,37.46995544433594,426.7306213378906,56.99709701538086
fast,C:\Users\Light\Videos\高速运动.mp4,1265,True,0.15599289536476135,401.2751770019531,37.50400161743164,426.7393798828125,57.02903366088867
fast,C:\Users\Light\Videos\高速运动.mp4,1266,True,0.0791817158460617,401.1056213378906,36.42818832397461,426.703125,55.79862976074219
fast,C:\Users\Light\Videos\高速运动.mp4,1267,True,0.1396716982126236,400.8110656738281,38.160160064697266,426.8086853027344,57.82472610473633
fast,C:\Users\Light\Videos\高速运动.mp4,1268,True,0.13632923364639282,399.02154541015625,39.96467590332031,424.3598937988281,58.93830108642578
fast,C:\Users\Light\Videos\高速运动.mp4,1269,True,0.054206810891628265,399.87347412109375,39.85593795776367,424.29681396484375,58.30213165283203
fast,C:\Users\Light\Videos\高速运动.mp4,1270,True,0.10034279525279999,401.30242919921875,36.01918029785156,426.847412109375,55.46425247192383
fast,C:\Users\Light\Videos\高速运动.mp4,1271,True,0.09811908006668091,401.2269287109375,36.09932327270508,426.8134460449219,55.555419921875
fast,C:\Users\Light\Videos\高速运动.mp4,1272,True,0.049130793660879135,399.7212219238281,41.562740325927734,424.04486083984375,59.26850891113281
fast,C:\Users\Light\Videos\高速运动.mp4,1273,True,0.04585527256131172,399.70208740234375,41.742523193359375,424.0267333984375,59.39764404296875
fast,C:\Users\Light\Videos\高速运动.mp4,1274,True,0.09959505498409271,399.8360595703125,39.774539947509766,424.34661865234375,58.49590301513672
fast,C:\Users\Light\Videos\高速运动.mp4,1275,True,0.027506660670042038,400.03546142578125,40.417476654052734,424.3404846191406,58.20325469970703
fast,C:\Users\Light\Videos\高速运动.mp4,1276,True,0.028985818848013878,400.0199890136719,40.32478332519531,424.3406982421875,58.14180374145508
fast,C:\Users\Light\Videos\高速运动.mp4,1277,True,0.02751869708299637,400.0392761230469,41.92947769165039,424.46539306640625,59.32695770263672
fast,C:\Users\Light\Videos\高速运动.mp4,1278,True,0.07992956787347794,399.7153015136719,40.267295837402344,424.32098388671875,58.4765625
fast,C:\Users\Light\Videos\高速运动.mp4,1279,True,0.08512385934591293,399.6749572753906,40.08961868286133,424.2958679199219,58.38203048706055
fast,C:\Users\Light\Videos\高速运动.mp4,1280,True,0.08696252852678299,399.6331787109375,39.710533142089844,424.4126892089844,57.9742546081543
fast,C:\Users\Light\Videos\高速运动.mp4,1281,True,0.0787452757358551,401.1800537109375,37.20731735229492,426.5424499511719,56.77313995361328
fast,C:\Users\Light\Videos\高速运动.mp4,1282,True,0.04573643580079079,400.26593017578125,39.84470748901367,424.4434814453125,57.951507568359375
fast,C:\Users\Light\Videos\高速运动.mp4,1283,True,0.041412658989429474,400.3179931640625,39.946678161621094,424.4537353515625,57.98418426513672
fast,C:\Users\Light\Videos\高速运动.mp4,1284,True,0.07893155515193939,401.4653015136719,36.862117767333984,426.6224060058594,56.14524459838867
fast,C:\Users\Light\Videos\高速运动.mp4,1285,True,0.02066483534872532,400.0220642089844,42.4583625793457,424.236083984375,59.79658889770508
fast,C:\Users\Light\Videos\高速运动.mp4,1286,True,0.022509541362524033,399.9936828613281,42.335750579833984,424.2272644042969,59.68428421020508
fast,C:\Users\Light\Videos\高速运动.mp4,1287,True,0.02114384062588215,399.55780029296875,41.92818069458008,424.35064697265625,59.173980712890625
fast,C:\Users\Light\Videos\高速运动.mp4,1288,True,0.049923356622457504,400.1530456542969,40.04430389404297,424.2562561035156,58.20632553100586
fast,C:\Users\Light\Videos\高速运动.mp4,1289,True,0.048520736396312714,400.1539611816406,39.9856071472168,424.24212646484375,58.14148712158203
fast,C:\Users\Light\Videos\高速运动.mp4,1290,True,0.08911201357841492,399.8748779296875,39.200538635253906,424.5078125,57.673763275146484
fast,C:\Users\Light\Videos\高速运动.mp4,1291,True,0.04169037938117981,400.0895690917969,41.29994583129883,424.18328857421875,59.32996368408203
fast,C:\Users\Light\Videos\高速运动.mp4,1292,True,0.04149055480957031,400.0693054199219,41.29967498779297,424.1849060058594,59.355018615722656
fast,C:\Users\Light\Videos\高速运动.mp4,1293,True,0.05532482638955116,401.1918029785156,36.893558502197266,426.56817626953125,56.443695068359375
fast,C:\Users\Light\Videos\高速运动.mp4,1294,True,0.0167403481900692,400.4680480957031,42.37349319458008,424.63330078125,59.65936279296875
fast,C:\Users\Light\Videos\高速运动.mp4,1295,True,0.0165557861328125,400.454833984375,42.43436050415039,424.5898742675781,59.719783782958984
fast,C:\Users\Light\Videos\高速运动.mp4,1296,True,0.06558969616889954,400.207763671875,39.81635665893555,424.8285217285156,57.7422981262207
fast,C:\Users\Light\Videos\高速运动.mp4,1297,True,0.07164880633354187,400.1786193847656,39.62819290161133,424.85467529296875,57.651981353759766
fast,C:\Users\Light\Videos\高速运动.mp4,1298,True,0.10690246522426605,399.60198974609375,39.820682525634766,424.2918395996094,58.32645034790039
fast,C:\Users\Light\Videos\高速运动.mp4,1299,True,0.04178952798247337,400.0328674316406,41.07224655151367,424.2872314453125,58.724632263183594
fast,C:\Users\Light\Videos\高速运动.mp4,1300,True,0.040292609483003616,400.0391845703125,41.19485855102539,424.2898864746094,58.80327224731445
fast,C:\Users\Light\Videos\高速运动.mp4,1301,True,0.1344902366399765,401.2583923339844,36.47130584716797,427.017822265625,55.9478874206543
fast,C:\Users\Light\Videos\高速运动.mp4,1302,True,0.09463821351528168,399.2010803222656,40.55732345581055,424.279296875,58.936283111572266
fast,C:\Users\Light\Videos\高速运动.mp4,1303,True,0.09359577298164368,399.1955261230469,40.53995132446289,424.2796630859375,58.93281173706055
fast,C:\Users\Light\Videos\高速运动.mp4,1304,True,0.012566483579576015,400.5488586425781,42.059913635253906,423.9476623535156,59.46465301513672
fast,C:\Users\Light\Videos\高速运动.mp4,1305,True,0.012980043888092041,400.51806640625,42.048885345458984,423.95513916015625,59.4658203125
fast,C:\Users\Light\Videos\高速运动.mp4,1306,True,0.03008827194571495,399.8497619628906,41.95509338378906,424.15557861328125,59.628055572509766
fast,C:\Users\Light\Videos\高速运动.mp4,1307,True,0.031099895015358925,399.83636474609375,41.815338134765625,424.16180419921875,59.495155334472656
fast,C:\Users\Light\Videos\高速运动.mp4,1308,True,0.22555214166641235,400.9543151855469,38.190975189208984,426.93572998046875,57.86504364013672
fast,C:\Users\Light\Videos\高速运动.mp4,1309,True,0.0079165268689394,400.2366638183594,45.339229583740234,424.43670654296875,62.5135383605957
fast,C:\Users\Light\Videos\高速运动.mp4,1310,True,0.008758608251810074,400.18804931640625,45.000953674316406,424.4307556152344,62.17095947265625
fast,C:\Users\Light\Videos\高速运动.mp4,1311,True,0.014885242097079754,400.1338195800781,43.77606201171875,424.1062316894531,60.92912292480469
fast,C:\Users\Light\Videos\高速运动.mp4,1312,True,0.031220950186252594,399.8144836425781,42.22073745727539,424.1103515625,60.141475677490234
fast,C:\Users\Light\Videos\高速运动.mp4,1313,True,0.03224753588438034,399.80029296875,42.18855285644531,424.11712646484375,60.13031768798828
fast,C:\Users\Light\Videos\高速运动.mp4,1314,True,0.05053652450442314,399.51409912109375,41.124507904052734,424.36676025390625,58.967525482177734
fast,C:\Users\Light\Videos\高速运动.mp4,1315,True,0.05145677924156189,400.8256530761719,37.54658126831055,426.5429382324219,56.988380432128906
fast,C:\Users\Light\Videos\高速运动.mp4,1316,True,0.04792320355772972,399.6811828613281,40.59990310668945,424.4495849609375,58.371429443359375
fast,C:\Users\Light\Videos\高速运动.mp4,1317,True,0.30189189314842224,401.2309875488281,37.14521789550781,427.17462158203125,56.91816711425781
fast,C:\Users\Light\Videos\高速运动.mp4,1318,True,0.2924799621105194,401.24542236328125,37.161869049072266,427.1777648925781,56.88138961791992
fast,C:\Users\Light\Videos\高速运动.mp4,1319,True,0.10170181840658188,401.2276916503906,37.28634262084961,426.71002197265625,56.7956428527832
fast,C:\Users\Light\Videos\高速运动.mp4,1320,True,0.15566329658031464,401.49139404296875,37.05915832519531,427.2728576660156,56.455101013183594
fast,C:\Users\Light\Videos\高速运动.mp4,1321,True,0.11780373752117157,401.5078125,37.11653137207031,427.1817932128906,56.41924285888672
fast,C:\Users\Light\Videos\高速运动.mp4,1322,True,0.1466003954410553,399.4336853027344,39.56098175048828,424.55535888671875,58.21376419067383
empty,C:\Users\Light\Videos\空轨道.mp4,0,False,0.02973632700741291,26.686229705810547,48.81863784790039,52.963191986083984,65.76309204101562
empty,C:\Users\Light\Videos\空轨道.mp4,1,False,0.032586339861154556,26.731582641601562,48.66762924194336,52.98283004760742,65.60298919677734
empty,C:\Users\Light\Videos\空轨道.mp4,2,False,0.03713054955005646,26.060150146484375,49.29263687133789,52.605167388916016,66.31692504882812
empty,C:\Users\Light\Videos\空轨道.mp4,3,False,0.09484986960887909,26.0954647064209,48.02391052246094,52.451332092285156,65.21479797363281
empty,C:\Users\Light\Videos\空轨道.mp4,4,False,0.11003527790307999,26.186662673950195,47.800514221191406,52.48957824707031,65.02999877929688
empty,C:\Users\Light\Videos\空轨道.mp4,5,False,0.1591247022151947,27.501367568969727,46.07181167602539,53.75260925292969,63.5186882019043
empty,C:\Users\Light\Videos\空轨道.mp4,6,False,0.17592047154903412,27.668970108032227,45.812828063964844,53.95466995239258,63.32774353027344
empty,C:\Users\Light\Videos\空轨道.mp4,7,False,0.011636030860245228,27.17151641845703,49.439208984375,52.96149444580078,66.11141204833984
empty,C:\Users\Light\Videos\空轨道.mp4,8,False,0.08726535737514496,25.501008987426758,47.52832794189453,52.19497299194336,64.63450622558594
empty,C:\Users\Light\Videos\空轨道.mp4,9,False,0.08789242058992386,25.344745635986328,47.61297607421875,52.04600524902344,64.72766876220703
empty,C:\Users\Light\Videos\空轨道.mp4,10,False,0.43496838212013245,25.203392028808594,44.645172119140625,51.819786071777344,63.31508255004883
empty,C:\Users\Light\Videos\空轨道.mp4,11,False,0.25673675537109375,25.739795684814453,44.08219909667969,52.59316635131836,61.87434387207031
empty,C:\Users\Light\Videos\空轨道.mp4,12,False,0.2551935017108917,25.733705520629883,44.10851287841797,52.59134292602539,61.886043548583984
empty,C:\Users\Light\Videos\空轨道.mp4,13,False,0.03127226233482361,22.768095016479492,44.25653839111328,49.97589874267578,62.49700164794922
empty,C:\Users\Light\Videos\空轨道.mp4,14,False,0.02902577631175518,22.7867488861084,44.29795455932617,50.08087921142578,62.4870491027832
empty,C:\Users\Light\Videos\空轨道.mp4,15,False,0.010546345263719559,22.59000587463379,44.0268669128418,49.309993743896484,62.05311965942383
empty,C:\Users\Light\Videos\空轨道.mp4,16,False,0.00937039963901043,22.57546615600586,44.02606201171875,49.30811309814453,62.036312103271484
empty,C:\Users\Light\Videos\空轨道.mp4,17,False,0.005092998500913382,22.861955642700195,42.994712829589844,49.25825881958008,61.71100997924805
empty,C:\Users\Light\Videos\空轨道.mp4,18,False,0.20906926691532135,20.555160522460938,44.24613952636719,46.96794128417969,61.8179817199707
empty,C:\Users\Light\Videos\空轨道.mp4,19,False,0.2129313349723816,20.48828887939453,44.2655029296875,46.91910171508789,61.87773132324219
empty,C:\Users\Light\Videos\空轨道.mp4,20,False,0.0050507658161222935,22.558391571044922,41.329010009765625,49.055782318115234,60.488426208496094
empty,C:\Users\Light\Videos\空轨道.mp4,21,False,0.0,,,,
empty,C:\Users\Light\Videos\空轨道.mp4,22,False,0.0,,,,
empty,C:\Users\Light\Videos\空轨道.mp4,23,False,0.002798807807266712,18.99727439880371,41.94194030761719,43.76007843017578,59.6711540222168
empty,C:\Users\Light\Videos\空轨道.mp4,24,False,0.012493404559791088,20.756027221679688,44.44658660888672,45.5240364074707,60.72663879394531
empty,C:\Users\Light\Videos\空轨道.mp4,25,False,0.009979529306292534,20.952699661254883,44.75808334350586,45.74845504760742,61.104156494140625
empty,C:\Users\Light\Videos\空轨道.mp4,26,False,0.0038645530585199594,22.893798828125,36.50812911987305,49.0722770690918,55.53074645996094
empty,C:\Users\Light\Videos\空轨道.mp4,27,False,0.00392281636595726,22.922819137573242,36.50590896606445,49.054203033447266,55.49665832519531
empty,C:\Users\Light\Videos\空轨道.mp4,28,False,0.0011550318449735641,258.9613342285156,2.5195395946502686,467.6083984375,109.0
empty,C:\Users\Light\Videos\空轨道.mp4,29,False,0.002292926423251629,253.0450897216797,0.0,469.0,109.0
empty,C:\Users\Light\Videos\空轨道.mp4,30,False,0.002263541566208005,253.1441650390625,0.0,469.0,109.0
empty,C:\Users\Light\Videos\空轨道.mp4,31,False,0.001953096012584865,254.19403076171875,0.0,469.0,109.0
empty,C:\Users\Light\Videos\空轨道.mp4,32,False,0.0,,,,
empty,C:\Users\Light\Videos\空轨道.mp4,33,False,0.0,,,,
empty,C:\Users\Light\Videos\空轨道.mp4,34,False,0.0017085120780393481,255.5464630126953,0.054392337799072266,469.0,109.0
empty,C:\Users\Light\Videos\空轨道.mp4,35,False,0.0,,,,
empty,C:\Users\Light\Videos\空轨道.mp4,36,False,0.0,,,,
empty,C:\Users\Light\Videos\空轨道.mp4,37,False,0.0,,,,
empty,C:\Users\Light\Videos\空轨道.mp4,38,False,0.0,,,,
empty,C:\Users\Light\Videos\空轨道.mp4,39,False,0.0,,,,
empty,C:\Users\Light\Videos\空轨道.mp4,40,False,0.0,,,,
empty,C:\Users\Light\Videos\空轨道.mp4,41,False,0.0013074984308332205,304.096435546875,1.1414210796356201,469.0,109.0
empty,C:\Users\Light\Videos\空轨道.mp4,42,False,0.004465925041586161,266.1951599121094,0.0,469.0,109.0
empty,C:\Users\Light\Videos\空轨道.mp4,43,False,0.0045904964208602905,265.7456970214844,0.0,469.0,109.0
empty,C:\Users\Light\Videos\空轨道.mp4,44,False,0.0,,,,
empty,C:\Users\Light\Videos\空轨道.mp4,45,False,0.0,,,,
empty,C:\Users\Light\Videos\空轨道.mp4,46,False,0.0,,,,
empty,C:\Users\Light\Videos\空轨道.mp4,47,False,0.0,,,,
empty,C:\Users\Light\Videos\空轨道.mp4,48,False,0.0,,,,
empty,C:\Users\Light\Videos\空轨道.mp4,49,False,0.0,,,,
empty,C:\Users\Light\Videos\空轨道.mp4,50,False,0.0,,,,
empty,C:\Users\Light\Videos\空轨道.mp4,51,False,0.0,,,,
empty,C:\Users\Light\Videos\空轨道.mp4,52,False,0.0,,,,
empty,C:\Users\Light\Videos\空轨道.mp4,53,False,0.0,,,,
empty,C:\Users\Light\Videos\空轨道.mp4,54,False,0.0,,,,
empty,C:\Users\Light\Videos\空轨道.mp4,55,False,0.0,,,,
empty,C:\Users\Light\Videos\空轨道.mp4,56,False,0.0,,,,
empty,C:\Users\Light\Videos\空轨道.mp4,57,False,0.0,,,,
empty,C:\Users\Light\Videos\空轨道.mp4,58,False,0.0011163769522681832,55.300838470458984,65.7519760131836,79.58456420898438,82.79164123535156
empty,C:\Users\Light\Videos\空轨道.mp4,59,False,0.0,,,,
empty,C:\Users\Light\Videos\空轨道.mp4,60,False,0.0,,,,
empty,C:\Users\Light\Videos\空轨道.mp4,61,False,0.0,,,,
empty,C:\Users\Light\Videos\空轨道.mp4,62,False,0.0,,,,
empty,C:\Users\Light\Videos\空轨道.mp4,63,False,0.0,,,,
empty,C:\Users\Light\Videos\空轨道.mp4,64,False,0.0,,,,
empty,C:\Users\Light\Videos\空轨道.mp4,65,False,0.0,,,,
empty,C:\Users\Light\Videos\空轨道.mp4,66,False,0.0010145746637135744,56.14984893798828,65.58329010009766,79.67398834228516,82.66580200195312
empty,C:\Users\Light\Videos\空轨道.mp4,67,False,0.0010159455705434084,56.168617248535156,65.5853500366211,79.65020751953125,82.6661605834961
empty,C:\Users\Light\Videos\空轨道.mp4,68,False,0.001069116173312068,395.741455078125,31.03682518005371,426.369873046875,53.65283203125
empty,C:\Users\Light\Videos\空轨道.mp4,69,False,0.0,,,,
empty,C:\Users\Light\Videos\空轨道.mp4,70,False,0.0,,,,
empty,C:\Users\Light\Videos\空轨道.mp4,71,False,0.0,,,,
empty,C:\Users\Light\Videos\空轨道.mp4,72,False,0.0,,,,
empty,C:\Users\Light\Videos\空轨道.mp4,73,False,0.0010086472611874342,395.36090087890625,30.793079376220703,426.8382568359375,54.12190246582031
empty,C:\Users\Light\Videos\空轨道.mp4,74,False,0.001026054611429572,109.52574157714844,25.605390548706055,131.01821899414062,39.132564544677734
empty,C:\Users\Light\Videos\空轨道.mp4,75,False,0.0010437271557748318,109.5580825805664,25.639097213745117,130.98345947265625,39.11656188964844
empty,C:\Users\Light\Videos\空轨道.mp4,76,False,0.0017998337280005217,109.76029205322266,25.74835205078125,131.1733856201172,39.002872467041016
empty,C:\Users\Light\Videos\空轨道.mp4,77,False,0.0011295205913484097,55.6528434753418,65.7020492553711,80.03010559082031,82.69921875
empty,C:\Users\Light\Videos\空轨道.mp4,78,False,0.001175177050754428,55.634971618652344,65.70982360839844,80.0257797241211,82.69538116455078
empty,C:\Users\Light\Videos\空轨道.mp4,79,False,0.0013521445216611028,395.4537353515625,31.142786026000977,426.6400146484375,54.27178955078125
empty,C:\Users\Light\Videos\空轨道.mp4,80,False,0.001641494920477271,109.39769744873047,25.84662628173828,131.11920166015625,39.29907989501953
empty,C:\Users\Light\Videos\空轨道.mp4,81,False,0.0017959886463358998,109.43680572509766,25.74563980102539,131.1865692138672,39.249595642089844
empty,C:\Users\Light\Videos\空轨道.mp4,82,False,0.0011680010939016938,109.40245819091797,26.18077850341797,130.8817138671875,39.240543365478516
empty,C:\Users\Light\Videos\空轨道.mp4,83,False,0.0011954486835747957,109.40095520019531,26.189653396606445,130.90415954589844,39.256229400634766
empty,C:\Users\Light\Videos\空轨道.mp4,84,False,0.0,,,,
empty,C:\Users\Light\Videos\空轨道.mp4,85,False,0.0010358531726524234,55.85105895996094,65.30731201171875,80.32962799072266,83.02881622314453
empty,C:\Users\Light\Videos\空轨道.mp4,86,False,0.0010122825624421239,398.8737487792969,33.92365264892578,426.5390319824219,54.819007873535156
empty,C:\Users\Light\Videos\空轨道.mp4,87,False,0.0,,,,
empty,C:\Users\Light\Videos\空轨道.mp4,88,False,0.0,,,,
empty,C:\Users\Light\Videos\空轨道.mp4,89,False,0.001206739922054112,399.3128356933594,33.71236038208008,426.1686096191406,55.067325592041016
empty,C:\Users\Light\Videos\空轨道.mp4,90,False,0.0,,,,
empty,C:\Users\Light\Videos\空轨道.mp4,91,False,0.0,,,,
empty,C:\Users\Light\Videos\空轨道.mp4,92,False,0.0012660197680816054,109.83502197265625,25.99527931213379,130.83026123046875,38.95849609375
empty,C:\Users\Light\Videos\空轨道.mp4,93,False,0.001348239602521062,394.8805847167969,30.913496017456055,427.07916259765625,54.83913040161133
empty,C:\Users\Light\Videos\空轨道.mp4,94,False,0.001334024011157453,394.9034118652344,30.910581588745117,427.0672607421875,54.8299446105957
empty,C:\Users\Light\Videos\空轨道.mp4,95,False,0.0011027319123968482,396.054931640625,30.697002410888672,426.45361328125,53.96638870239258
empty,C:\Users\Light\Videos\空轨道.mp4,96,False,0.0011020166566595435,395.92279052734375,30.71495246887207,426.51214599609375,53.9833984375
empty,C:\Users\Light\Videos\空轨道.mp4,97,False,0.0010362137109041214,395.72796630859375,31.06941032409668,426.6160888671875,54.30527114868164
empty,C:\Users\Light\Videos\空轨道.mp4,98,False,0.001244621817022562,109.42349243164062,25.96123695373535,131.10011291503906,39.11140823364258
empty,C:\Users\Light\Videos\空轨道.mp4,99,False,0.0013410014798864722,109.47872161865234,25.976253509521484,131.1110076904297,39.096527099609375
empty,C:\Users\Light\Videos\空轨道.mp4,100,False,0.0020427072886377573,401.4298400878906,42.507110595703125,425.5022277832031,60.544837951660156
empty,C:\Users\Light\Videos\空轨道.mp4,101,False,0.0,,,,
empty,C:\Users\Light\Videos\空轨道.mp4,102,False,0.0010960530489683151,55.79978942871094,65.53495025634766,80.5111083984375,82.5781021118164
empty,C:\Users\Light\Videos\空轨道.mp4,103,False,0.0013593293260782957,109.6978988647461,26.65300750732422,130.49249267578125,39.253787994384766
empty,C:\Users\Light\Videos\空轨道.mp4,104,False,0.0,,,,
empty,C:\Users\Light\Videos\空轨道.mp4,105,False,0.0,,,,
empty,C:\Users\Light\Videos\空轨道.mp4,106,False,0.001047808793373406,109.38865661621094,26.416927337646484,131.22509765625,39.41873550415039
empty,C:\Users\Light\Videos\空轨道.mp4,107,False,0.0010160100646317005,109.40225982666016,26.40829849243164,131.19677734375,39.388458251953125
empty,C:\Users\Light\Videos\空轨道.mp4,108,False,0.0,,,,
empty,C:\Users\Light\Videos\空轨道.mp4,109,False,0.0012419397244229913,109.87100219726562,26.12560272216797,131.18910217285156,38.85309600830078
empty,C:\Users\Light\Videos\空轨道.mp4,110,False,0.0,,,,
empty,C:\Users\Light\Videos\空轨道.mp4,111,False,0.0,,,,
empty,C:\Users\Light\Videos\空轨道.mp4,112,False,0.0,,,,
empty,C:\Users\Light\Videos\空轨道.mp4,113,False,0.0,,,,
empty,C:\Users\Light\Videos\空轨道.mp4,114,False,0.0014364873059093952,109.9081802368164,25.861305236816406,131.1455841064453,38.93272399902344
empty,C:\Users\Light\Videos\空轨道.mp4,115,False,0.0014768096152693033,109.9253921508789,25.841291427612305,131.18312072753906,38.9299201965332
empty,C:\Users\Light\Videos\空轨道.mp4,116,False,0.0,,,,
empty,C:\Users\Light\Videos\空轨道.mp4,117,False,0.0,,,,
empty,C:\Users\Light\Videos\空轨道.mp4,118,False,0.0,,,,
empty,C:\Users\Light\Videos\空轨道.mp4,119,False,0.0033834027126431465,401.1047668457031,42.7474479675293,425.4122009277344,60.76845932006836
empty,C:\Users\Light\Videos\空轨道.mp4,120,False,0.0035780686885118484,401.06341552734375,42.644222259521484,425.4078063964844,60.63923263549805
empty,C:\Users\Light\Videos\空轨道.mp4,121,False,0.0,,,,
empty,C:\Users\Light\Videos\空轨道.mp4,122,False,0.005164034198969603,400.75433349609375,41.44768142700195,425.1845703125,59.344261169433594
empty,C:\Users\Light\Videos\空轨道.mp4,123,False,0.005282169207930565,400.72332763671875,41.35453796386719,425.1844787597656,59.268375396728516
empty,C:\Users\Light\Videos\空轨道.mp4,124,False,0.0,,,,
empty,C:\Users\Light\Videos\空轨道.mp4,125,False,0.0011295188451185822,401.5804138183594,44.095760345458984,425.87432861328125,62.544288635253906
empty,C:\Users\Light\Videos\空轨道.mp4,126,False,0.0012011624639853835,401.55450439453125,44.07361602783203,425.8591613769531,62.50489044189453
empty,C:\Users\Light\Videos\空轨道.mp4,127,False,0.0011914889328181744,111.03758239746094,24.357906341552734,131.486572265625,39.49134826660156
empty,C:\Users\Light\Videos\空轨道.mp4,128,False,0.0011918764794245362,111.04676055908203,24.353134155273438,131.48460388183594,39.4897575378418
empty,C:\Users\Light\Videos\空轨道.mp4,129,False,0.0020329919643700123,401.1953430175781,42.25737762451172,425.63580322265625,60.58443832397461
empty,C:\Users\Light\Videos\空轨道.mp4,130,False,0.0,,,,
empty,C:\Users\Light\Videos\空轨道.mp4,131,False,0.0,,,,
empty,C:\Users\Light\Videos\空轨道.mp4,132,False,0.010608714073896408,400.6270751953125,40.667449951171875,425.4806213378906,58.55937194824219
empty,C:\Users\Light\Videos\空轨道.mp4,133,False,0.0,,,,
empty,C:\Users\Light\Videos\空轨道.mp4,134,False,0.0,,,,
empty,C:\Users\Light\Videos\空轨道.mp4,135,False,0.0014188054483383894,401.4484558105469,43.31727981567383,425.78277587890625,61.72470474243164
empty,C:\Users\Light\Videos\空轨道.mp4,136,False,0.0012815977679565549,401.50994873046875,43.46635818481445,425.82867431640625,61.879478454589844
empty,C:\Users\Light\Videos\空轨道.mp4,137,False,0.007645008619874716,400.9147033691406,41.129417419433594,425.2846374511719,58.96499252319336
empty,C:\Users\Light\Videos\空轨道.mp4,138,False,0.00612633628770709,401.05621337890625,41.2554817199707,425.3910827636719,59.29508972167969
empty,C:\Users\Light\Videos\空轨道.mp4,139,False,0.005593688227236271,401.1160888671875,41.44097900390625,425.3918762207031,59.47162628173828
empty,C:\Users\Light\Videos\空轨道.mp4,140,False,0.0014309142716228962,109.67488861083984,26.179792404174805,131.01199340820312,39.06734848022461
empty,C:\Users\Light\Videos\空轨道.mp4,141,False,0.0014399740612134337,109.66924285888672,26.168025970458984,131.0140838623047,39.06553268432617
empty,C:\Users\Light\Videos\空轨道.mp4,142,False,0.0,,,,
empty,C:\Users\Light\Videos\空轨道.mp4,143,False,0.0,,,,
empty,C:\Users\Light\Videos\空轨道.mp4,144,False,0.0,,,,
empty,C:\Users\Light\Videos\空轨道.mp4,145,False,0.003473374992609024,401.0868225097656,42.510894775390625,425.496826171875,60.62639236450195
empty,C:\Users\Light\Videos\空轨道.mp4,146,False,0.002632932970300317,401.3570556640625,42.5534553527832,425.67974853515625,60.57150650024414
empty,C:\Users\Light\Videos\空轨道.mp4,147,False,0.002639101818203926,401.36114501953125,42.52665328979492,425.6809387207031,60.55465316772461
empty,C:\Users\Light\Videos\空轨道.mp4,148,False,0.015949832275509834,400.8143615722656,40.936431884765625,425.21368408203125,58.87922668457031
empty,C:\Users\Light\Videos\空轨道.mp4,149,False,0.001708853873424232,110.93563842773438,23.944866180419922,131.70620727539062,39.25360870361328
empty,C:\Users\Light\Videos\空轨道.mp4,150,False,0.0016372989630326629,110.96250915527344,23.956497192382812,131.6992645263672,39.25484085083008
empty,C:\Users\Light\Videos\空轨道.mp4,151,False,0.008750597015023232,400.9435729980469,41.40642166137695,425.42779541015625,59.23307800292969
empty,C:\Users\Light\Videos\空轨道.mp4,152,False,0.008290517143905163,400.9452819824219,41.38871383666992,425.4366760253906,59.213043212890625
empty,C:\Users\Light\Videos\空轨道.mp4,153,False,0.0028387741185724735,401.5145568847656,42.951637268066406,425.7056579589844,61.206398010253906
empty,C:\Users\Light\Videos\空轨道.mp4,154,False,0.018891608342528343,400.9354248046875,39.99966049194336,425.62115478515625,58.4961051940918
empty,C:\Users\Light\Videos\空轨道.mp4,155,False,0.018018115311861038,400.9315490722656,40.01902389526367,425.6168518066406,58.498077392578125
empty,C:\Users\Light\Videos\空轨道.mp4,156,False,0.0025896013248711824,401.44012451171875,41.99144744873047,426.1630554199219,60.343379974365234
empty,C:\Users\Light\Videos\空轨道.mp4,157,False,0.0027184048667550087,401.58709716796875,42.254981994628906,425.9153137207031,60.62318801879883
empty,C:\Users\Light\Videos\空轨道.mp4,158,False,0.0021452612709254026,399.7953186035156,33.88727951049805,427.1905822753906,55.37586212158203
empty,C:\Users\Light\Videos\空轨道.mp4,159,False,0.0012642914662137628,109.52536010742188,26.656705856323242,130.91177368164062,39.30531311035156
empty,C:\Users\Light\Videos\空轨道.mp4,160,False,0.0012718611396849155,109.5245590209961,26.66329574584961,130.93490600585938,39.30903244018555
empty,C:\Users\Light\Videos\空轨道.mp4,161,False,0.0010802904143929482,399.3711853027344,34.04323959350586,427.78143310546875,55.35791015625
empty,C:\Users\Light\Videos\空轨道.mp4,162,False,0.0010196731891483068,399.3424072265625,34.04803466796875,427.7801818847656,55.3749885559082
empty,C:\Users\Light\Videos\空轨道.mp4,163,False,0.0022516250610351562,400.6357727050781,33.155818939208984,428.0675354003906,55.66693878173828
empty,C:\Users\Light\Videos\空轨道.mp4,164,False,0.005488802213221788,401.5269470214844,35.42485427856445,429.3880920410156,55.83661651611328
empty,C:\Users\Light\Videos\空轨道.mp4,165,False,0.005753770004957914,401.5657653808594,35.39701843261719,429.4685974121094,55.81218719482422
empty,C:\Users\Light\Videos\空轨道.mp4,166,False,0.003263546619564295,408.00750732421875,34.35549545288086,432.1268615722656,57.80381774902344
empty,C:\Users\Light\Videos\空轨道.mp4,167,False,0.01033643539994955,409.38372802734375,36.69757080078125,433.5709533691406,57.599021911621094
empty,C:\Users\Light\Videos\空轨道.mp4,168,False,0.011476116254925728,409.3495178222656,36.64026641845703,433.5739440917969,57.61769104003906
empty,C:\Users\Light\Videos\空轨道.mp4,169,False,0.0017875554040074348,406.31146240234375,31.558246612548828,436.0859069824219,53.98837661743164
empty,C:\Users\Light\Videos\空轨道.mp4,170,False,0.0023265290074050426,371.70001220703125,28.704050064086914,395.8743591308594,49.02208709716797
empty,C:\Users\Light\Videos\空轨道.mp4,171,False,0.0022977697663009167,371.6949157714844,28.710325241088867,395.8701477050781,49.023162841796875
empty,C:\Users\Light\Videos\空轨道.mp4,172,False,0.006052094046026468,374.39276123046875,26.656370162963867,398.995849609375,48.07570266723633
empty,C:\Users\Light\Videos\空轨道.mp4,173,False,0.0058742063120007515,374.3515625,26.656841278076172,399.0709228515625,48.01377868652344
empty,C:\Users\Light\Videos\空轨道.mp4,174,False,0.003803839208558202,375.9656677246094,26.72075843811035,400.58148193359375,45.867713928222656
empty,C:\Users\Light\Videos\空轨道.mp4,175,False,0.03750312328338623,378.08575439453125,26.855539321899414,401.98602294921875,47.98666000366211
empty,C:\Users\Light\Videos\空轨道.mp4,176,False,0.03861447423696518,378.08551025390625,26.86454963684082,402.0122375488281,47.982177734375
empty,C:\Users\Light\Videos\空轨道.mp4,177,False,0.4065284729003906,380.33575439453125,24.47547721862793,403.6229248046875,43.791683197021484
empty,C:\Users\Light\Videos\空轨道.mp4,178,False,0.11668212711811066,380.2575988769531,24.640670776367188,406.9088134765625,42.72420883178711
empty,C:\Users\Light\Videos\空轨道.mp4,179,False,0.1214890107512474,380.2448425292969,24.676193237304688,406.909423828125,42.737857818603516
empty,C:\Users\Light\Videos\空轨道.mp4,180,False,0.0799991711974144,383.76409912109375,22.7878360748291,408.406005859375,41.37051773071289
empty,C:\Users\Light\Videos\空轨道.mp4,181,False,0.08635443449020386,387.2545471191406,20.73329734802246,409.17193603515625,41.60547637939453
empty,C:\Users\Light\Videos\空轨道.mp4,182,False,0.1020258367061615,389.251708984375,19.597400665283203,411.3224792480469,39.61745834350586
empty,C:\Users\Light\Videos\空轨道.mp4,183,False,0.04091119021177292,392.0643310546875,20.194169998168945,412.19805908203125,39.669944763183594
empty,C:\Users\Light\Videos\空轨道.mp4,184,False,0.04241853952407837,392.0718994140625,20.184219360351562,412.15875244140625,39.69307327270508
empty,C:\Users\Light\Videos\空轨道.mp4,185,False,0.12753257155418396,392.96221923828125,17.428251266479492,414.59991455078125,36.75014877319336
empty,C:\Users\Light\Videos\空轨道.mp4,186,False,0.12293200939893723,392.947021484375,17.405885696411133,414.63726806640625,36.73992919921875
empty,C:\Users\Light\Videos\空轨道.mp4,187,False,0.06402347981929779,393.1416320800781,17.37130355834961,415.87713623046875,36.40324401855469
empty,C:\Users\Light\Videos\空轨道.mp4,188,False,0.024863911792635918,392.7625732421875,16.803691864013672,417.3416442871094,35.880455017089844
empty,C:\Users\Light\Videos\空轨道.mp4,189,False,0.02494300715625286,392.7631530761719,16.79721450805664,417.3536071777344,35.892757415771484
empty,C:\Users\Light\Videos\空轨道.mp4,190,False,0.005606305319815874,394.3176574707031,15.484291076660156,417.23809814453125,36.31940460205078
empty,C:\Users\Light\Videos\空轨道.mp4,191,False,0.0019723258446902037,445.0163269042969,15.78018856048584,467.7402648925781,35.69916915893555
empty,C:\Users\Light\Videos\空轨道.mp4,192,False,0.0020265954080969095,445.0400085449219,15.74087905883789,467.7565002441406,35.66591262817383
empty,C:\Users\Light\Videos\空轨道.mp4,193,False,0.0010933156590908766,444.7814636230469,15.736284255981445,468.0823669433594,35.59363555908203
empty,C:\Users\Light\Videos\空轨道.mp4,194,False,0.0015736999921500683,395.04180908203125,15.348254203796387,417.8183898925781,35.646705627441406
empty,C:\Users\Light\Videos\空轨道.mp4,195,False,0.0015537921572104096,395.03070068359375,15.34540843963623,417.81488037109375,35.64152908325195
empty,C:\Users\Light\Videos\空轨道.mp4,196,False,0.0020076476503163576,394.6703796386719,15.196014404296875,417.5738525390625,36.11122512817383
empty,C:\Users\Light\Videos\空轨道.mp4,197,False,0.0021316243801265955,394.6502380371094,15.147134780883789,417.54425048828125,36.13814163208008
empty,C:\Users\Light\Videos\空轨道.mp4,198,False,0.0,,,,
empty,C:\Users\Light\Videos\空轨道.mp4,199,False,0.0,,,,
empty,C:\Users\Light\Videos\空轨道.mp4,200,False,0.0,,,,
empty,C:\Users\Light\Videos\空轨道.mp4,201,False,0.0,,,,
empty,C:\Users\Light\Videos\空轨道.mp4,202,False,0.0017719058087095618,395.4467468261719,15.397133827209473,417.32989501953125,34.860897064208984
empty,C:\Users\Light\Videos\空轨道.mp4,203,False,0.0017337591852992773,395.4119567871094,15.389177322387695,417.2192687988281,34.788082122802734
empty,C:\Users\Light\Videos\空轨道.mp4,204,False,0.0020864978432655334,445.3875732421875,15.801321983337402,466.590576171875,35.082340240478516
empty,C:\Users\Light\Videos\空轨道.mp4,205,False,0.0027186612132936716,391.73565673828125,16.744077682495117,417.9621276855469,36.475250244140625
empty,C:\Users\Light\Videos\空轨道.mp4,206,False,0.008170763030648232,392.4491882324219,16.91482925415039,416.5242614746094,35.89894485473633
empty,C:\Users\Light\Videos\空轨道.mp4,207,False,0.008233972825109959,392.4394836425781,16.899141311645508,416.5299072265625,35.911495208740234
empty,C:\Users\Light\Videos\空轨道.mp4,208,False,0.0803481861948967,392.4943542480469,16.567230224609375,415.401611328125,35.6963005065918
empty,C:\Users\Light\Videos\空轨道.mp4,209,False,0.025860950350761414,391.9815368652344,17.933290481567383,413.50604248046875,36.592979431152344
empty,C:\Users\Light\Videos\空轨道.mp4,210,False,0.02428874559700489,391.9788513183594,17.922870635986328,413.5482482910156,36.54127502441406
empty,C:\Users\Light\Videos\空轨道.mp4,211,False,0.02468978241086006,388.02716064453125,18.85175323486328,412.6693115234375,37.18522262573242
empty,C:\Users\Light\Videos\空轨道.mp4,212,False,0.13381105661392212,387.1915283203125,20.55160903930664,409.54638671875,40.30097961425781
empty,C:\Users\Light\Videos\空轨道.mp4,213,False,0.13098737597465515,387.17694091796875,20.572675704956055,409.5666198730469,40.31380081176758
empty,C:\Users\Light\Videos\空轨道.mp4,214,False,0.028826816007494926,380.57659912109375,23.664365768432617,407.79705810546875,43.48133087158203
empty,C:\Users\Light\Videos\空轨道.mp4,215,False,0.3881029486656189,379.56475830078125,23.96808433532715,405.27227783203125,42.416748046875
empty,C:\Users\Light\Videos\空轨道.mp4,216,False,0.4119390845298767,379.59130859375,23.940025329589844,405.2651062011719,42.478511810302734
empty,C:\Users\Light\Videos\空轨道.mp4,217,False,0.06942994147539139,378.340576171875,24.68887710571289,403.34625244140625,42.86918640136719
empty,C:\Users\Light\Videos\空轨道.mp4,218,False,0.06932202726602554,378.3309326171875,24.750396728515625,403.346923828125,42.96589279174805
empty,C:\Users\Light\Videos\空轨道.mp4,219,False,0.02877098135650158,376.9009094238281,25.060503005981445,401.9345703125,43.911495208740234
empty,C:\Users\Light\Videos\空轨道.mp4,220,False,0.03438476100564003,374.5887756347656,24.887800216674805,400.9410095214844,44.77033996582031
empty,C:\Users\Light\Videos\空轨道.mp4,221,False,0.03444493189454079,374.60589599609375,24.844680786132812,400.927490234375,44.74528503417969
empty,C:\Users\Light\Videos\空轨道.mp4,222,False,0.017843585461378098,374.37274169921875,25.552095413208008,398.9292907714844,46.060272216796875
empty,C:\Users\Light\Videos\空轨道.mp4,223,False,0.0018641455098986626,372.85943603515625,27.067258834838867,395.85687255859375,46.44375228881836
empty,C:\Users\Light\Videos\空轨道.mp4,224,False,0.001864711637608707,372.8268737792969,27.14796257019043,395.9335021972656,46.59953308105469
empty,C:\Users\Light\Videos\空轨道.mp4,225,False,0.00270101404748857,370.1466369628906,27.252758026123047,394.5689697265625,45.72298049926758
empty,C:\Users\Light\Videos\空轨道.mp4,226,False,0.0037866404745727777,370.01666259765625,27.632518768310547,393.0772399902344,45.550838470458984
empty,C:\Users\Light\Videos\空轨道.mp4,227,False,0.0037248609587550163,369.9724426269531,27.58216094970703,393.1400451660156,45.52813720703125
empty,C:\Users\Light\Videos\空轨道.mp4,228,False,0.0,,,,
empty,C:\Users\Light\Videos\空轨道.mp4,229,False,0.006966584362089634,401.09649658203125,34.92194366455078,428.74761962890625,55.01654052734375
empty,C:\Users\Light\Videos\空轨道.mp4,230,False,0.0,,,,
empty,C:\Users\Light\Videos\空轨道.mp4,231,False,0.0,,,,
empty,C:\Users\Light\Videos\空轨道.mp4,232,False,0.0,,,,
empty,C:\Users\Light\Videos\空轨道.mp4,233,False,0.0,,,,
empty,C:\Users\Light\Videos\空轨道.mp4,234,False,0.0,,,,
empty,C:\Users\Light\Videos\空轨道.mp4,235,False,0.0,,,,
empty,C:\Users\Light\Videos\空轨道.mp4,236,False,0.0010732008377090096,109.98160552978516,26.187637329101562,131.1510467529297,38.99348068237305
empty,C:\Users\Light\Videos\空轨道.mp4,237,False,0.0010463193757459521,109.97905731201172,26.213275909423828,131.1730194091797,39.012306213378906
empty,C:\Users\Light\Videos\空轨道.mp4,238,False,0.0,,,,
empty,C:\Users\Light\Videos\空轨道.mp4,239,False,0.0013549757422879338,406.3172607421875,31.734468460083008,427.60150146484375,55.246212005615234
empty,C:\Users\Light\Videos\空轨道.mp4,240,False,0.0010883380891755223,400.1554870605469,33.61861038208008,427.7060241699219,54.63010025024414
empty,C:\Users\Light\Videos\空轨道.mp4,241,False,0.0,,,,
empty,C:\Users\Light\Videos\空轨道.mp4,242,False,0.0010306717595085502,400.7607421875,33.57661437988281,427.2694091796875,54.149200439453125
empty,C:\Users\Light\Videos\空轨道.mp4,243,False,0.0,,,,
empty,C:\Users\Light\Videos\空轨道.mp4,244,False,0.0011959827970713377,401.33245849609375,33.52573776245117,426.7354431152344,54.228267669677734
empty,C:\Users\Light\Videos\空轨道.mp4,245,False,0.0011841217055916786,401.3370666503906,33.54990005493164,426.72259521484375,54.20854568481445
empty,C:\Users\Light\Videos\空轨道.mp4,246,False,0.0014133293880149722,401.05657958984375,33.438602447509766,427.1770935058594,53.8857307434082
empty,C:\Users\Light\Videos\空轨道.mp4,247,False,0.0015196402091532946,111.65525817871094,24.005891799926758,131.75344848632812,39.45560073852539
empty,C:\Users\Light\Videos\空轨道.mp4,248,False,0.0013384433696046472,111.7325439453125,23.987627029418945,131.68016052246094,39.4232177734375
empty,C:\Users\Light\Videos\空轨道.mp4,249,False,0.0,,,,
empty,C:\Users\Light\Videos\空轨道.mp4,250,False,0.0,,,,
empty,C:\Users\Light\Videos\空轨道.mp4,251,False,0.0,,,,
empty,C:\Users\Light\Videos\空轨道.mp4,252,False,0.0,,,,
empty,C:\Users\Light\Videos\空轨道.mp4,253,False,0.0011832009768113494,109.78131103515625,25.663883209228516,131.29156494140625,38.7437744140625
empty,C:\Users\Light\Videos\空轨道.mp4,254,False,0.0,,,,
empty,C:\Users\Light\Videos\空轨道.mp4,255,False,0.0,,,,
empty,C:\Users\Light\Videos\空轨道.mp4,256,False,0.0019407953368499875,373.1993408203125,27.10015869140625,397.5253601074219,48.01935958862305
empty,C:\Users\Light\Videos\空轨道.mp4,257,False,0.00413934700191021,374.6058654785156,27.339759826660156,401.6390075683594,47.65896224975586
empty,C:\Users\Light\Videos\空轨道.mp4,258,False,0.004470835439860821,374.6284484863281,27.265869140625,401.6475524902344,47.45024490356445
empty,C:\Users\Light\Videos\空轨道.mp4,259,False,0.24426932632923126,379.44244384765625,24.965120315551758,405.4897155761719,44.34730529785156
empty,C:\Users\Light\Videos\空轨道.mp4,260,False,0.0668262392282486,383.10455322265625,23.19289779663086,409.408203125,41.68297576904297
empty,C:\Users\Light\Videos\空轨道.mp4,261,False,0.06901552528142929,383.1058044433594,23.120038986206055,409.4263000488281,41.66740036010742
empty,C:\Users\Light\Videos\空轨道.mp4,262,False,0.009298605844378471,384.2928466796875,22.805875778198242,413.0577087402344,41.0317268371582
empty,C:\Users\Light\Videos\空轨道.mp4,263,False,0.010075665079057217,384.2765808105469,22.784271240234375,412.9839782714844,40.97677230834961
empty,C:\Users\Light\Videos\空轨道.mp4,264,False,0.08611766248941422,391.87200927734375,20.794681549072266,413.47161865234375,40.8447265625
empty,C:\Users\Light\Videos\空轨道.mp4,265,False,0.08986280113458633,391.3058776855469,19.574607849121094,417.62298583984375,37.686832427978516
empty,C:\Users\Light\Videos\空轨道.mp4,266,False,0.09284025430679321,391.2624206542969,19.572256088256836,417.568115234375,37.704872131347656
empty,C:\Users\Light\Videos\空轨道.mp4,267,False,0.016517380252480507,395.2025451660156,17.530649185180664,417.8433837890625,36.23045349121094
empty,C:\Users\Light\Videos\空轨道.mp4,268,False,0.011269386857748032,396.4244689941406,16.23052215576172,419.1889953613281,35.411094665527344
empty,C:\Users\Light\Videos\空轨道.mp4,269,False,0.011093703098595142,396.4541015625,16.224180221557617,419.1841125488281,35.38561248779297
empty,C:\Users\Light\Videos\空轨道.mp4,270,False,0.012416481040418148,396.7305908203125,15.133687973022461,419.7689208984375,37.79913330078125
empty,C:\Users\Light\Videos\空轨道.mp4,271,False,0.002766328165307641,290.5650329589844,0.0,469.0,109.0
empty,C:\Users\Light\Videos\空轨道.mp4,272,False,0.0027129233349114656,290.7276611328125,0.0,469.0,109.0
empty,C:\Users\Light\Videos\空轨道.mp4,273,False,0.007184154354035854,277.5218505859375,0.0,469.0,109.0
empty,C:\Users\Light\Videos\空轨道.mp4,274,False,0.009216279722750187,269.6990051269531,0.0,469.0,109.0
empty,C:\Users\Light\Videos\空轨道.mp4,275,False,0.009237765334546566,269.6160888671875,0.0,469.0,109.0
empty,C:\Users\Light\Videos\空轨道.mp4,276,False,0.007203374523669481,278.35833740234375,0.0,469.0,109.0
empty,C:\Users\Light\Videos\空轨道.mp4,277,False,0.005830629263073206,449.5901794433594,36.582332611083984,469.0,58.1554069519043
empty,C:\Users\Light\Videos\空轨道.mp4,278,False,0.003178307320922613,292.1884765625,0.0,469.0,109.0
empty,C:\Users\Light\Videos\空轨道.mp4,279,False,0.0032778456807136536,291.88006591796875,0.0,469.0,109.0
empty,C:\Users\Light\Videos\空轨道.mp4,280,False,0.003386443480849266,291.7450256347656,0.0,469.0,109.0
empty,C:\Users\Light\Videos\空轨道.mp4,281,False,0.0034557620529085398,291.3437805175781,0.0,469.0,109.0
empty,C:\Users\Light\Videos\空轨道.mp4,282,False,0.003553213784471154,291.0773620605469,0.0,469.0,109.0
empty,C:\Users\Light\Videos\空轨道.mp4,283,False,0.0033517235424369574,291.6080627441406,0.0,469.0,109.0
empty,C:\Users\Light\Videos\空轨道.mp4,284,False,0.002563398564234376,450.01385498046875,35.65250778198242,469.0,57.63938522338867
empty,C:\Users\Light\Videos\空轨道.mp4,285,False,0.002615343313664198,450.0022277832031,35.58854675292969,469.0,57.61038589477539
empty,C:\Users\Light\Videos\空轨道.mp4,286,False,0.004103654529899359,289.2218017578125,0.0,469.0,109.0
empty,C:\Users\Light\Videos\空轨道.mp4,287,False,0.004072630312293768,289.3359680175781,0.0,469.0,109.0
empty,C:\Users\Light\Videos\空轨道.mp4,288,False,0.002682345686480403,293.366943359375,0.0,469.0,109.0
empty,C:\Users\Light\Videos\空轨道.mp4,289,False,0.0029347077943384647,292.85833740234375,0.0,469.0,109.0
empty,C:\Users\Light\Videos\空轨道.mp4,290,False,0.0028526633977890015,293.07171630859375,0.0,469.0,109.0
empty,C:\Users\Light\Videos\空轨道.mp4,291,False,0.005651445128023624,284.2314758300781,0.0,469.0,109.0
empty,C:\Users\Light\Videos\空轨道.mp4,292,False,0.0058961487375199795,282.1975402832031,0.0,469.0,109.0
empty,C:\Users\Light\Videos\空轨道.mp4,293,False,0.005921718664467335,282.1092529296875,0.0,469.0,109.0
empty,C:\Users\Light\Videos\空轨道.mp4,294,False,0.0,,,,
empty,C:\Users\Light\Videos\空轨道.mp4,295,False,0.0,,,,
empty,C:\Users\Light\Videos\空轨道.mp4,296,False,0.0,,,,
empty,C:\Users\Light\Videos\空轨道.mp4,297,False,0.04257360100746155,392.0653991699219,16.647485733032227,415.2987976074219,35.754859924316406
empty,C:\Users\Light\Videos\空轨道.mp4,298,False,0.04279988631606102,392.0691833496094,16.645692825317383,415.2926940917969,35.76463317871094
empty,C:\Users\Light\Videos\空轨道.mp4,299,False,0.061477676033973694,388.0027770996094,18.774904251098633,413.13690185546875,36.92159652709961
empty,C:\Users\Light\Videos\空轨道.mp4,300,False,0.23839062452316284,387.9411926269531,19.713603973388672,409.0369873046875,39.297847747802734
empty,C:\Users\Light\Videos\空轨道.mp4,301,False,0.019205205142498016,381.2674255371094,22.668697357177734,408.0780334472656,42.21327209472656
empty,C:\Users\Light\Videos\空轨道.mp4,302,False,0.13568821549415588,378.4571838378906,24.062122344970703,406.8096923828125,42.10200119018555
empty,C:\Users\Light\Videos\空轨道.mp4,303,False,0.12878692150115967,378.5298156738281,24.04997444152832,406.74237060546875,42.144447326660156
empty,C:\Users\Light\Videos\空轨道.mp4,304,False,0.13503298163414001,378.276123046875,25.06148910522461,403.8456726074219,43.59033966064453
empty,C:\Users\Light\Videos\空轨道.mp4,305,False,0.017738383263349533,375.8656005859375,25.0914306640625,401.9419860839844,44.01933670043945
empty,C:\Users\Light\Videos\空轨道.mp4,306,False,0.017376795411109924,375.8753967285156,25.13013458251953,401.9144287109375,44.08116912841797
empty,C:\Users\Light\Videos\空轨道.mp4,307,False,0.014256584458053112,374.42181396484375,25.782686233520508,399.34393310546875,46.388710021972656
empty,C:\Users\Light\Videos\空轨道.mp4,308,False,0.015029318630695343,374.41973876953125,25.75334930419922,399.3493957519531,46.35466766357422
empty,C:\Users\Light\Videos\空轨道.mp4,309,False,0.001999953296035528,372.8833923339844,27.209123611450195,395.5921936035156,47.2303466796875
empty,C:\Users\Light\Videos\空轨道.mp4,310,False,0.0,,,,
empty,C:\Users\Light\Videos\空轨道.mp4,311,False,0.0,,,,
empty,C:\Users\Light\Videos\空轨道.mp4,312,False,0.0016565461410209537,404.5093994140625,30.04588508605957,431.94482421875,51.70654296875
empty,C:\Users\Light\Videos\空轨道.mp4,313,False,0.0034834074322134256,368.4864501953125,30.205251693725586,392.8525390625,48.27641677856445
empty,C:\Users\Light\Videos\空轨道.mp4,314,False,0.0034594766329973936,368.47576904296875,30.211124420166016,392.8702087402344,48.279510498046875
empty,C:\Users\Light\Videos\空轨道.mp4,315,False,0.002213184954598546,402.2223205566406,31.42983055114746,431.37579345703125,52.652793884277344
empty,C:\Users\Light\Videos\空轨道.mp4,316,False,0.00317584490403533,402.425048828125,31.242694854736328,430.4168395996094,52.109092712402344
empty,C:\Users\Light\Videos\空轨道.mp4,317,False,0.003174175973981619,402.41473388671875,31.258541107177734,430.41925048828125,52.15747833251953
empty,C:\Users\Light\Videos\空轨道.mp4,318,False,0.0027635369915515184,401.2519226074219,31.336240768432617,430.466796875,53.49182891845703
empty,C:\Users\Light\Videos\空轨道.mp4,319,False,0.0035383887588977814,401.464599609375,32.22442626953125,428.72216796875,53.927528381347656
empty,C:\Users\Light\Videos\空轨道.mp4,320,False,0.0035796938464045525,401.4641418457031,32.23829650878906,428.695556640625,53.93427276611328
empty,C:\Users\Light\Videos\空轨道.mp4,321,False,0.0035097787622362375,401.5581359863281,32.69615936279297,427.55889892578125,53.42082977294922
empty,C:\Users\Light\Videos\空轨道.mp4,322,False,0.0034389395732432604,401.5543212890625,32.69152069091797,427.5591125488281,53.42188262939453
empty,C:\Users\Light\Videos\空轨道.mp4,323,False,0.0029742359183728695,400.9837341308594,33.36729049682617,427.1949768066406,54.19339370727539
empty,C:\Users\Light\Videos\空轨道.mp4,324,False,0.002776022534817457,401.3480529785156,33.33026885986328,426.7830505371094,54.052066802978516
empty,C:\Users\Light\Videos\空轨道.mp4,325,False,0.0013047002721577883,400.57666015625,33.59624481201172,426.9454040527344,54.583351135253906
empty,C:\Users\Light\Videos\空轨道.mp4,326,False,0.0013623685808852315,401.4170227050781,33.302947998046875,426.96112060546875,53.640350341796875
empty,C:\Users\Light\Videos\空轨道.mp4,327,False,0.0013112877495586872,401.3856201171875,33.29813003540039,426.9510498046875,53.640953063964844
empty,C:\Users\Light\Videos\空轨道.mp4,328,False,0.002160254865884781,400.9461669921875,33.621883392333984,426.9784851074219,54.1518440246582
empty,C:\Users\Light\Videos\空轨道.mp4,329,False,0.0010568676516413689,400.5418395996094,33.34705352783203,427.19482421875,54.27293014526367
empty,C:\Users\Light\Videos\空轨道.mp4,330,False,0.0010358572471886873,400.5376892089844,33.3475227355957,427.1954650878906,54.26089859008789
empty,C:\Users\Light\Videos\空轨道.mp4,331,False,0.0,,,,
empty,C:\Users\Light\Videos\空轨道.mp4,332,False,0.0,,,,
empty,C:\Users\Light\Videos\空轨道.mp4,333,False,0.0020126798190176487,110.19673156738281,26.089406967163086,130.8290252685547,38.84904098510742
empty,C:\Users\Light\Videos\空轨道.mp4,334,False,0.0021809658501297235,402.0816650390625,31.869115829467773,430.7776794433594,53.666255950927734
empty,C:\Users\Light\Videos\空轨道.mp4,335,False,0.002290458185598254,402.1104736328125,31.88262939453125,430.7326354980469,53.64037322998047
empty,C:\Users\Light\Videos\空轨道.mp4,336,False,0.0013871395494788885,110.9439926147461,23.64004898071289,131.88241577148438,39.20688247680664
empty,C:\Users\Light\Videos\空轨道.mp4,337,False,0.002629494294524193,407.6065673828125,30.905651092529297,436.4236145019531,51.85667419433594
empty,C:\Users\Light\Videos\空轨道.mp4,338,False,0.0027069200295954943,407.60638427734375,30.920734405517578,436.41473388671875,51.860416412353516
empty,C:\Users\Light\Videos\空轨道.mp4,339,False,0.011513904668390751,373.80047607421875,26.43140411376953,399.0262451171875,48.04956817626953
empty,C:\Users\Light\Videos\空轨道.mp4,340,False,0.00547769432887435,376.24517822265625,27.24408531188965,401.6700439453125,47.36481475830078
empty,C:\Users\Light\Videos\空轨道.mp4,341,False,0.005870841909199953,376.2872009277344,27.165599822998047,401.6736145019531,47.292423248291016
empty,C:\Users\Light\Videos\空轨道.mp4,342,False,0.2562412619590759,379.83099365234375,25.18138885498047,405.58038330078125,44.41848373413086
empty,C:\Users\Light\Videos\空轨道.mp4,343,False,0.25243574380874634,379.8215637207031,25.173410415649414,405.60760498046875,44.41561508178711
empty,C:\Users\Light\Videos\空轨道.mp4,344,False,0.09559457749128342,383.49652099609375,23.43467140197754,408.9056091308594,42.080284118652344
empty,C:\Users\Light\Videos\空轨道.mp4,345,False,0.023357557132840157,384.42681884765625,22.223159790039062,412.385498046875,40.630001068115234
empty,C:\Users\Light\Videos\空轨道.mp4,346,False,0.021083807572722435,384.3840026855469,22.154714584350586,412.4532470703125,40.56809997558594
empty,C:\Users\Light\Videos\空轨道.mp4,347,False,0.099101722240448,391.759033203125,20.226734161376953,413.3047790527344,40.29044723510742
empty,C:\Users\Light\Videos\空轨道.mp4,348,False,0.07165653258562088,393.5537109375,18.1167049407959,415.9757995605469,37.722599029541016
empty,C:\Users\Light\Videos\空轨道.mp4,349,False,0.07349423319101334,393.5365905761719,18.116907119750977,415.9911193847656,37.711910247802734
empty,C:\Users\Light\Videos\空轨道.mp4,350,False,0.003971785306930542,395.91265869140625,16.404277801513672,419.1314697265625,35.752708435058594
empty,C:\Users\Light\Videos\空轨道.mp4,351,False,0.004278389271348715,395.9271545410156,16.38948631286621,419.1231689453125,35.73617172241211
empty,C:\Users\Light\Videos\空轨道.mp4,352,False,0.00962225440889597,396.99053955078125,14.8033447265625,419.7153625488281,36.11008071899414
empty,C:\Users\Light\Videos\空轨道.mp4,353,False,0.009479740634560585,396.9709777832031,14.804868698120117,419.737060546875,36.10470199584961
empty,C:\Users\Light\Videos\空轨道.mp4,354,False,0.0013327698688954115,295.71893310546875,0.0,469.0,109.0
empty,C:\Users\Light\Videos\空轨道.mp4,355,False,0.007290904875844717,277.06396484375,0.0,469.0,109.0
empty,C:\Users\Light\Videos\空轨道.mp4,356,False,0.007157034706324339,277.5795593261719,0.0,469.0,109.0
empty,C:\Users\Light\Videos\空轨道.mp4,357,False,0.006586119998246431,280.5441589355469,0.0,469.0,109.0
empty,C:\Users\Light\Videos\空轨道.mp4,358,False,0.007541250437498093,450.0040588378906,36.6947021484375,469.0,57.771724700927734
empty,C:\Users\Light\Videos\空轨道.mp4,359,False,0.007714875973761082,449.95867919921875,36.648624420166016,469.0,57.78315353393555
empty,C:\Users\Light\Videos\空轨道.mp4,360,False,0.005299243610352278,286.48681640625,0.0,469.0,109.0
empty,C:\Users\Light\Videos\空轨道.mp4,361,False,0.0024259891360998154,293.83563232421875,0.0,469.0,109.0
empty,C:\Users\Light\Videos\空轨道.mp4,362,False,0.002557802712544799,293.6175537109375,0.0,469.0,109.0
empty,C:\Users\Light\Videos\空轨道.mp4,363,False,0.0017947569722309709,294.0377197265625,0.0,469.0,109.0
empty,C:\Users\Light\Videos\空轨道.mp4,364,False,0.0026333206333220005,293.6600036621094,0.0,469.0,109.0
empty,C:\Users\Light\Videos\空轨道.mp4,365,False,0.00269119581207633,293.5425720214844,0.0,469.0,109.0
empty,C:\Users\Light\Videos\空轨道.mp4,366,False,0.0021268983837217093,294.52191162109375,0.0,469.0,109.0
empty,C:\Users\Light\Videos\空轨道.mp4,367,False,0.002051052637398243,294.6594543457031,0.0,469.0,109.0
empty,C:\Users\Light\Videos\空轨道.mp4,368,False,0.0021963068284094334,294.05938720703125,0.0,469.0,109.0
empty,C:\Users\Light\Videos\空轨道.mp4,369,False,0.0032330823596566916,292.0267333984375,0.0,469.0,109.0
empty,C:\Users\Light\Videos\空轨道.mp4,370,False,0.0032466421835124493,292.0064392089844,0.0,469.0,109.0
empty,C:\Users\Light\Videos\空轨道.mp4,371,False,0.0022123700473457575,294.2803955078125,0.0,469.0,109.0
empty,C:\Users\Light\Videos\空轨道.mp4,372,False,0.004384164232760668,450.7025146484375,36.401092529296875,469.0,57.67909622192383
empty,C:\Users\Light\Videos\空轨道.mp4,373,False,0.004339878913015127,450.6998596191406,36.39223861694336,469.0,57.68745803833008
empty,C:\Users\Light\Videos\空轨道.mp4,374,False,0.0010978709906339645,298.3585510253906,0.0,469.0,109.0
empty,C:\Users\Light\Videos\空轨道.mp4,375,False,0.001044764183461666,298.70709228515625,0.0,469.0,109.0
empty,C:\Users\Light\Videos\空轨道.mp4,376,False,0.002389512024819851,294.5178527832031,0.0,469.0,109.0
empty,C:\Users\Light\Videos\空轨道.mp4,377,False,0.0020715862046927214,295.3233642578125,0.0,469.0,109.0
empty,C:\Users\Light\Videos\空轨道.mp4,378,False,0.0033810785971581936,291.79974365234375,0.0,469.0,109.0
empty,C:\Users\Light\Videos\空轨道.mp4,379,False,0.003799944883212447,289.99737548828125,0.0,469.0,109.0
empty,C:\Users\Light\Videos\空轨道.mp4,380,False,0.003868161467835307,289.7780456542969,0.0,469.0,109.0
empty,C:\Users\Light\Videos\空轨道.mp4,381,False,0.002006798516958952,293.4715576171875,0.0,469.0,109.0
empty,C:\Users\Light\Videos\空轨道.mp4,382,False,0.009420637972652912,445.060546875,14.850811958312988,467.2326965332031,36.58596420288086
empty,C:\Users\Light\Videos\空轨道.mp4,383,False,0.009371403604745865,445.06591796875,14.864662170410156,467.1058654785156,36.68403625488281
empty,C:\Users\Light\Videos\空轨道.mp4,384,False,0.021326754242181778,391.9646911621094,16.529802322387695,415.1807861328125,35.25986099243164
empty,C:\Users\Light\Videos\空轨道.mp4,385,False,0.028214387595653534,388.19451904296875,18.893661499023438,413.2153625488281,36.73466491699219
empty,C:\Users\Light\Videos\空轨道.mp4,386,False,0.029958192259073257,388.1968994140625,18.87212562561035,413.2135925292969,36.74472427368164
empty,C:\Users\Light\Videos\空轨道.mp4,387,False,0.20803086459636688,387.6408386230469,19.80685806274414,408.77203369140625,38.90724182128906
empty,C:\Users\Light\Videos\空轨道.mp4,388,False,0.20684660971164703,387.64764404296875,19.79780387878418,408.771240234375,38.90069580078125
empty,C:\Users\Light\Videos\空轨道.mp4,389,False,0.022022420540452003,375.8707275390625,25.572444915771484,409.0868835449219,44.606624603271484
empty,C:\Users\Light\Videos\空轨道.mp4,390,False,0.11214579641819,378.60931396484375,24.113622665405273,403.7047424316406,42.559730529785156
empty,C:\Users\Light\Videos\空轨道.mp4,391,False,0.11229173839092255,378.6084289550781,24.126577377319336,403.71075439453125,42.57685470581055
empty,C:\Users\Light\Videos\空轨道.mp4,392,False,0.04145300015807152,376.3543701171875,25.370115280151367,401.78631591796875,44.60568618774414
empty,C:\Users\Light\Videos\空轨道.mp4,393,False,0.02714134007692337,374.5987548828125,24.54477310180664,400.9347839355469,44.70561599731445
empty,C:\Users\Light\Videos\空轨道.mp4,394,False,0.02657301537692547,374.5801086425781,24.56353187561035,400.9626770019531,44.72867965698242
empty,C:\Users\Light\Videos\空轨道.mp4,395,False,0.007247035391628742,374.1255187988281,26.159488677978516,398.2579650878906,46.871788024902344
empty,C:\Users\Light\Videos\空轨道.mp4,396,False,0.0016818206058815122,369.87774658203125,29.122783660888672,395.81573486328125,48.22487258911133
empty,C:\Users\Light\Videos\空轨道.mp4,397,False,0.003170937532559037,408.05364990234375,31.99376678466797,432.2800598144531,53.31224822998047
empty,C:\Users\Light\Videos\空轨道.mp4,398,False,0.0031578245107084513,408.02166748046875,32.00053405761719,432.31134033203125,53.340843200683594
empty,C:\Users\Light\Videos\空轨道.mp4,399,False,0.005507407244294882,402.623291015625,31.077613830566406,431.7713317871094,52.57825469970703
empty,C:\Users\Light\Videos\空轨道.mp4,400,False,0.0019096223404631019,401.58526611328125,31.40900993347168,431.0804748535156,52.54058074951172
empty,C:\Users\Light\Videos\空轨道.mp4,401,False,0.0018945126794278622,401.572021484375,31.406118392944336,431.0870666503906,52.5384521484375
empty,C:\Users\Light\Videos\空轨道.mp4,402,False,0.003082090523093939,401.6152038574219,31.9033145904541,429.8940124511719,53.440528869628906
empty,C:\Users\Light\Videos\空轨道.mp4,403,False,0.002139633521437645,400.4921569824219,33.058597564697266,428.28680419921875,53.956417083740234
empty,C:\Users\Light\Videos\空轨道.mp4,404,False,0.0021240769419819117,400.5374755859375,33.03107452392578,428.2965393066406,53.94198226928711
empty,C:\Users\Light\Videos\空轨道.mp4,405,False,0.0,,,,
empty,C:\Users\Light\Videos\空轨道.mp4,406,False,0.0013201703550294042,109.37647247314453,26.177820205688477,131.0767059326172,39.08554458618164
empty,C:\Users\Light\Videos\空轨道.mp4,407,False,0.0013715192908421159,109.35556030273438,26.1883544921875,131.1148223876953,39.06344985961914
empty,C:\Users\Light\Videos\空轨道.mp4,408,False,0.0012934376718476415,109.61239624023438,26.198394775390625,131.3879852294922,39.22167205810547
empty,C:\Users\Light\Videos\空轨道.mp4,409,False,0.0,,,,
empty,C:\Users\Light\Videos\空轨道.mp4,410,False,0.0,,,,
empty,C:\Users\Light\Videos\空轨道.mp4,411,False,0.0,,,,
empty,C:\Users\Light\Videos\空轨道.mp4,412,False,0.0,,,,
empty,C:\Users\Light\Videos\空轨道.mp4,413,False,0.0011377207702025771,396.4251708984375,30.588014602661133,426.6296691894531,52.81388473510742
empty,C:\Users\Light\Videos\空轨道.mp4,414,False,0.0,,,,
empty,C:\Users\Light\Videos\空轨道.mp4,415,False,0.0,,,,
empty,C:\Users\Light\Videos\空轨道.mp4,416,False,0.0,,,,
empty,C:\Users\Light\Videos\空轨道.mp4,417,False,0.0018773184856399894,109.77191925048828,25.80814552307129,131.43141174316406,39.162261962890625
empty,C:\Users\Light\Videos\空轨道.mp4,418,False,0.0018771098693832755,109.7623062133789,25.833200454711914,131.42979431152344,39.168087005615234
empty,C:\Users\Light\Videos\空轨道.mp4,419,False,0.0,,,,
empty,C:\Users\Light\Videos\空轨道.mp4,420,False,0.0011066386941820383,109.73896789550781,26.18167495727539,131.2589874267578,39.03579330444336
empty,C:\Users\Light\Videos\空轨道.mp4,421,False,0.001706374459899962,109.78360748291016,25.90274429321289,130.93170166015625,38.82759094238281
empty,C:\Users\Light\Videos\空轨道.mp4,422,False,0.0017558160470798612,109.80801391601562,25.877643585205078,130.9290008544922,38.77277374267578
empty,C:\Users\Light\Videos\空轨道.mp4,423,False,0.0012296841014176607,55.85169982910156,65.72297668457031,79.6015853881836,82.93982696533203
empty,C:\Users\Light\Videos\空轨道.mp4,424,False,0.0012805010192096233,400.09686279296875,34.355316162109375,426.3676452636719,54.09944534301758
empty,C:\Users\Light\Videos\空轨道.mp4,425,False,0.001324727083556354,400.10418701171875,34.354713439941406,426.3861389160156,54.11035919189453
empty,C:\Users\Light\Videos\空轨道.mp4,426,False,0.0,,,,
empty,C:\Users\Light\Videos\空轨道.mp4,427,False,0.0,,,,
empty,C:\Users\Light\Videos\空轨道.mp4,428,False,0.0,,,,
empty,C:\Users\Light\Videos\空轨道.mp4,429,False,0.0026060373056679964,110.011474609375,26.04198455810547,131.3040771484375,39.0538330078125
empty,C:\Users\Light\Videos\空轨道.mp4,430,False,0.0011857020435854793,401.19293212890625,31.28169059753418,432.3154602050781,53.358123779296875
empty,C:\Users\Light\Videos\空轨道.mp4,431,False,0.0011119720293208957,401.19384765625,31.359973907470703,432.2814636230469,53.37625503540039
empty,C:\Users\Light\Videos\空轨道.mp4,432,False,0.0026179016567766666,407.2519226074219,32.04488754272461,433.0428161621094,53.13911819458008
empty,C:\Users\Light\Videos\空轨道.mp4,433,False,0.0028581356164067984,407.3077697753906,32.00468063354492,433.05706787109375,53.15073013305664
empty,C:\Users\Light\Videos\空轨道.mp4,434,False,0.001954086823388934,371.799072265625,27.383258819580078,395.5334777832031,47.739845275878906
empty,C:\Users\Light\Videos\空轨道.mp4,435,False,0.016401119530200958,374.1549987792969,26.209421157836914,399.37799072265625,46.985816955566406
empty,C:\Users\Light\Videos\空轨道.mp4,436,False,0.017503967508673668,374.1449890136719,26.172441482543945,399.43756103515625,46.97523880004883
empty,C:\Users\Light\Videos\空轨道.mp4,437,False,0.028403088450431824,375.9070129394531,26.005634307861328,402.4715270996094,45.099430084228516
empty,C:\Users\Light\Videos\空轨道.mp4,438,False,0.2619979679584503,379.3154602050781,24.6054630279541,404.7618408203125,44.14788818359375
empty,C:\Users\Light\Videos\空轨道.mp4,439,False,0.26721328496932983,379.3200378417969,24.576709747314453,404.7720642089844,44.151092529296875
empty,C:\Users\Light\Videos\空轨道.mp4,440,False,0.021670952439308167,380.80792236328125,23.88977813720703,407.96832275390625,43.41221237182617
empty,C:\Users\Light\Videos\空轨道.mp4,441,False,0.06717103719711304,386.9755554199219,20.782333374023438,409.326416015625,41.00270080566406
empty,C:\Users\Light\Videos\空轨道.mp4,442,False,0.06685808300971985,386.9710693359375,20.79766273498535,409.3168029785156,41.023231506347656
empty,C:\Users\Light\Videos\空轨道.mp4,443,False,0.10684915632009506,387.7573547363281,19.220308303833008,412.3351745605469,38.7509880065918
empty,C:\Users\Light\Videos\空轨道.mp4,444,False,0.029563438147306442,391.7768859863281,21.137866973876953,411.4160461425781,41.06836700439453
empty,C:\Users\Light\Videos\空轨道.mp4,445,False,0.029902316629886627,391.775390625,21.13461685180664,411.40594482421875,41.0778923034668
empty,C:\Users\Light\Videos\空轨道.mp4,446,False,0.061036184430122375,392.8861083984375,17.786788940429688,413.950439453125,36.89116287231445
empty,C:\Users\Light\Videos\空轨道.mp4,447,False,0.056259192526340485,392.7794189453125,16.841611862182617,416.1071472167969,35.5826530456543
empty,C:\Users\Light\Videos\空轨道.mp4,448,False,0.0030745561234652996,391.62884521484375,17.70738410949707,418.0744934082031,36.37281036376953
empty,C:\Users\Light\Videos\空轨道.mp4,449,False,0.0031913500279188156,391.647216796875,17.72208595275879,418.03729248046875,36.35210037231445
empty,C:\Users\Light\Videos\空轨道.mp4,450,False,0.0,,,,
empty,C:\Users\Light\Videos\空轨道.mp4,451,False,0.0,,,,
empty,C:\Users\Light\Videos\空轨道.mp4,452,False,0.0,,,,
empty,C:\Users\Light\Videos\空轨道.mp4,453,False,0.00488863093778491,444.8117370605469,14.939582824707031,467.1838073730469,36.2104606628418
empty,C:\Users\Light\Videos\空轨道.mp4,454,False,0.001610942417755723,348.2015686035156,0.0,469.0,109.0
empty,C:\Users\Light\Videos\空轨道.mp4,455,False,0.001922014867886901,347.02984619140625,0.0,469.0,109.0
empty,C:\Users\Light\Videos\空轨道.mp4,456,False,0.0011828977148979902,351.19122314453125,0.0,469.0,109.0
empty,C:\Users\Light\Videos\空轨道.mp4,457,False,0.001194669515825808,351.0995788574219,0.0,469.0,109.0
empty,C:\Users\Light\Videos\空轨道.mp4,458,False,0.002272995188832283,393.92608642578125,14.972841262817383,415.54022216796875,35.173667907714844
empty,C:\Users\Light\Videos\空轨道.mp4,459,False,0.0012113883858546615,350.90325927734375,0.0,469.0,109.0
empty,C:\Users\Light\Videos\空轨道.mp4,460,False,0.001086488482542336,351.6719665527344,0.0,469.0,109.0
empty,C:\Users\Light\Videos\空轨道.mp4,461,False,0.0013805440394207835,349.324462890625,0.0,469.0,109.0
empty,C:\Users\Light\Videos\空轨道.mp4,462,False,0.00548974284902215,392.12225341796875,17.06523323059082,416.1739196777344,35.63603591918945
empty,C:\Users\Light\Videos\空轨道.mp4,463,False,0.005430675111711025,392.1240234375,17.063148498535156,416.1802062988281,35.62480926513672
empty,C:\Users\Light\Videos\空轨道.mp4,464,False,0.06672180444002151,392.5797119140625,15.983660697937012,415.0052185058594,35.53030014038086
empty,C:\Users\Light\Videos\空轨道.mp4,465,False,0.05361355096101761,441.28985595703125,18.662242889404297,465.6910705566406,39.2833251953125
empty,C:\Users\Light\Videos\空轨道.mp4,466,False,0.05438026040792465,441.26287841796875,18.69904136657715,465.7283630371094,39.331512451171875
empty,C:\Users\Light\Videos\空轨道.mp4,467,False,0.033235903829336166,391.17266845703125,18.48154067993164,412.0769958496094,36.817474365234375
empty,C:\Users\Light\Videos\空轨道.mp4,468,False,0.03750009462237358,391.2147216796875,18.422531127929688,412.1531982421875,36.79494857788086
empty,C:\Users\Light\Videos\空轨道.mp4,469,False,0.14250357449054718,388.5460205078125,19.376291275024414,409.5513610839844,39.16913986206055
empty,C:\Users\Light\Videos\空轨道.mp4,470,False,0.037881623953580856,386.409912109375,21.60469627380371,407.79632568359375,41.89933395385742
empty,C:\Users\Light\Videos\空轨道.mp4,471,False,0.014388935640454292,386.1752624511719,22.071949005126953,406.0603942871094,42.491241455078125
empty,C:\Users\Light\Videos\空轨道.mp4,472,False,0.03284116089344025,381.298583984375,23.47808265686035,407.4177551269531,43.310333251953125
empty,C:\Users\Light\Videos\空轨道.mp4,473,False,0.03413570299744606,381.2855529785156,23.48814582824707,407.4066162109375,43.32877731323242
empty,C:\Users\Light\Videos\空轨道.mp4,474,False,0.03638681769371033,378.112060546875,24.979284286499023,407.40216064453125,43.04534149169922
empty,C:\Users\Light\Videos\空轨道.mp4,475,False,0.32851335406303406,378.8939514160156,23.029809951782227,404.74676513671875,41.32042694091797
empty,C:\Users\Light\Videos\空轨道.mp4,476,False,0.31590062379837036,378.892822265625,23.0300350189209,404.7157287597656,41.24611282348633
empty,C:\Users\Light\Videos\空轨道.mp4,477,False,0.07658236473798752,378.53338623046875,23.254371643066406,403.5791320800781,41.82432556152344
empty,C:\Users\Light\Videos\空轨道.mp4,478,False,0.07697349041700363,378.5275573730469,23.2515926361084,403.5838928222656,41.82369613647461
empty,C:\Users\Light\Videos\空轨道.mp4,479,False,0.0825830027461052,376.5745849609375,21.014760971069336,402.2127380371094,39.94257736206055
empty,C:\Users\Light\Videos\空轨道.mp4,480,False,0.04660160094499588,376.8803405761719,24.544145584106445,402.03204345703125,43.335296630859375
empty,C:\Users\Light\Videos\空轨道.mp4,481,False,0.04669664055109024,376.8590087890625,24.55933952331543,402.0372314453125,43.36277389526367
empty,C:\Users\Light\Videos\空轨道.mp4,482,False,0.02278774231672287,374.4581604003906,24.17301368713379,401.98699951171875,43.4656867980957
empty,C:\Users\Light\Videos\空轨道.mp4,483,False,0.08031696826219559,373.9889221191406,25.135356903076172,399.0423583984375,45.316505432128906
empty,C:\Users\Light\Videos\空轨道.mp4,484,False,0.07839545607566833,374.0068664550781,25.120698928833008,399.0463562011719,45.347476959228516
empty,C:\Users\Light\Videos\空轨道.mp4,485,False,0.006183138582855463,369.9771728515625,26.874902725219727,395.8662414550781,45.90491485595703
empty,C:\Users\Light\Videos\空轨道.mp4,486,False,0.002464030170813203,400.74383544921875,31.673688888549805,431.6079406738281,52.48298263549805
empty,C:\Users\Light\Videos\空轨道.mp4,487,False,0.0025532275903970003,400.7506103515625,31.703561782836914,431.5906982421875,52.5582160949707
empty,C:\Users\Light\Videos\空轨道.mp4,488,False,0.0010144941043108702,111.32071685791016,24.287311553955078,131.93699645996094,39.32124710083008
empty,C:\Users\Light\Videos\空轨道.mp4,489,False,0.0014083883725106716,110.90814208984375,23.87131118774414,131.87435913085938,39.18511962890625
empty,C:\Users\Light\Videos\空轨道.mp4,490,False,0.001457591657526791,110.88545227050781,23.890451431274414,131.90310668945312,39.23182678222656
empty,C:\Users\Light\Videos\空轨道.mp4,491,False,0.0,,,,
empty,C:\Users\Light\Videos\空轨道.mp4,492,False,0.0,,,,
empty,C:\Users\Light\Videos\空轨道.mp4,493,False,0.0,,,,
empty,C:\Users\Light\Videos\空轨道.mp4,494,False,0.0,,,,
empty,C:\Users\Light\Videos\空轨道.mp4,495,False,0.0,,,,
empty,C:\Users\Light\Videos\空轨道.mp4,496,False,0.0,,,,
empty,C:\Users\Light\Videos\空轨道.mp4,497,False,0.0,,,,
empty,C:\Users\Light\Videos\空轨道.mp4,498,False,0.0,,,,
empty,C:\Users\Light\Videos\空轨道.mp4,499,False,0.0,,,,
empty,C:\Users\Light\Videos\空轨道.mp4,500,False,0.0,,,,
empty,C:\Users\Light\Videos\空轨道.mp4,501,False,0.0,,,,
empty,C:\Users\Light\Videos\空轨道.mp4,502,False,0.0,,,,
empty,C:\Users\Light\Videos\空轨道.mp4,503,False,0.0,,,,
empty,C:\Users\Light\Videos\空轨道.mp4,504,False,0.0,,,,
empty,C:\Users\Light\Videos\空轨道.mp4,505,False,0.0,,,,
empty,C:\Users\Light\Videos\空轨道.mp4,506,False,0.001645904267206788,396.2545471191406,30.615962982177734,426.8611755371094,53.02210998535156
empty,C:\Users\Light\Videos\空轨道.mp4,507,False,0.0,,,,
empty,C:\Users\Light\Videos\空轨道.mp4,508,False,0.0,,,,
empty,C:\Users\Light\Videos\空轨道.mp4,509,False,0.0,,,,
empty,C:\Users\Light\Videos\空轨道.mp4,510,False,0.0,,,,
empty,C:\Users\Light\Videos\空轨道.mp4,511,False,0.0,,,,
empty,C:\Users\Light\Videos\空轨道.mp4,512,False,0.0,,,,
empty,C:\Users\Light\Videos\空轨道.mp4,513,False,0.0,,,,
empty,C:\Users\Light\Videos\空轨道.mp4,514,False,0.0,,,,
empty,C:\Users\Light\Videos\空轨道.mp4,515,False,0.001150358933955431,110.03876495361328,25.886898040771484,131.34681701660156,38.907711029052734
empty,C:\Users\Light\Videos\空轨道.mp4,516,False,0.0011563788866624236,110.02495574951172,25.864465713500977,131.3604736328125,38.89433288574219
empty,C:\Users\Light\Videos\空轨道.mp4,517,False,0.0012044195318594575,110.16522979736328,25.995100021362305,131.1241912841797,38.9424934387207
empty,C:\Users\Light\Videos\空轨道.mp4,518,False,0.0014438786311075091,110.1590347290039,25.999650955200195,131.1331787109375,38.95004653930664
empty,C:\Users\Light\Videos\空轨道.mp4,519,False,0.0015508371870964766,110.22075653076172,26.16863250732422,130.90682983398438,39.04713439941406
empty,C:\Users\Light\Videos\空轨道.mp4,520,False,0.0,,,,
empty,C:\Users\Light\Videos\空轨道.mp4,521,False,0.0,,,,
empty,C:\Users\Light\Videos\空轨道.mp4,522,False,0.0,,,,
empty,C:\Users\Light\Videos\空轨道.mp4,523,False,0.0,,,,
empty,C:\Users\Light\Videos\空轨道.mp4,524,False,0.0024511562660336494,110.07582092285156,26.78857421875,131.17701721191406,39.35053634643555
empty,C:\Users\Light\Videos\空轨道.mp4,525,False,0.0,,,,
empty,C:\Users\Light\Videos\空轨道.mp4,526,False,0.0,,,,
empty,C:\Users\Light\Videos\空轨道.mp4,527,False,0.0018931739032268524,406.03216552734375,31.84849739074707,433.779296875,53.04232406616211
empty,C:\Users\Light\Videos\空轨道.mp4,528,False,0.0022073748987168074,372.5252990722656,26.99872589111328,396.5685729980469,47.58892822265625
empty,C:\Users\Light\Videos\空轨道.mp4,529,False,0.0022547603584825993,372.6865234375,26.853656768798828,396.5171203613281,47.382049560546875
empty,C:\Users\Light\Videos\空轨道.mp4,530,False,0.015671251341700554,374.351806640625,25.96034049987793,399.8294677734375,46.539424896240234
empty,C:\Users\Light\Videos\空轨道.mp4,531,False,0.012611974030733109,375.3271179199219,25.72446060180664,401.6844787597656,44.67854309082031
empty,C:\Users\Light\Videos\空轨道.mp4,532,False,0.012696490623056889,375.2889099121094,25.822959899902344,401.6869201660156,44.82383728027344
empty,C:\Users\Light\Videos\空轨道.mp4,533,False,0.060035839676856995,377.919189453125,25.428564071655273,403.4308166503906,44.483768463134766
empty,C:\Users\Light\Videos\空轨道.mp4,534,False,0.11518026888370514,378.9032287597656,24.304636001586914,405.86444091796875,42.051822662353516
empty,C:\Users\Light\Videos\空轨道.mp4,535,False,0.11717801541090012,378.96875,24.328100204467773,405.9327392578125,42.15570068359375
empty,C:\Users\Light\Videos\空轨道.mp4,536,False,0.025020763278007507,381.6084899902344,23.5556697845459,408.4307556152344,43.01979064941406
empty,C:\Users\Light\Videos\空轨道.mp4,537,False,0.025211764499545097,381.6199645996094,23.533214569091797,408.39910888671875,42.97465515136719
empty,C:\Users\Light\Videos\空轨道.mp4,538,False,0.1118452250957489,387.8363342285156,19.82826042175293,410.5440673828125,39.47991943359375
empty,C:\Users\Light\Videos\空轨道.mp4,539,False,0.14330381155014038,391.4956970214844,19.294937133789062,412.1395263671875,39.43704605102539
empty,C:\Users\Light\Videos\空轨道.mp4,540,False,0.14302298426628113,391.48248291015625,19.326379776000977,412.15802001953125,39.48000717163086
empty,C:\Users\Light\Videos\空轨道.mp4,541,False,0.01904965750873089,392.39404296875,17.405616760253906,417.8804016113281,36.55620193481445
empty,C:\Users\Light\Videos\空轨道.mp4,542,False,0.01852264069020748,392.3406066894531,17.36968994140625,417.9536437988281,36.580474853515625
empty,C:\Users\Light\Videos\空轨道.mp4,543,False,0.001985762966796756,395.59991455078125,16.054391860961914,418.2978515625,36.22151184082031
empty,C:\Users\Light\Videos\空轨道.mp4,544,False,0.0026594889350235462,291.4691162109375,0.0,469.0,109.0
empty,C:\Users\Light\Videos\空轨道.mp4,545,False,0.002804236253723502,291.2442932128906,0.0,469.0,109.0
empty,C:\Users\Light\Videos\空轨道.mp4,546,False,0.004052336793392897,289.3555908203125,0.0,469.0,109.0
empty,C:\Users\Light\Videos\空轨道.mp4,547,False,0.004011210054159164,289.50286865234375,0.0,469.0,109.0
empty,C:\Users\Light\Videos\空轨道.mp4,548,False,0.0023018657229840755,294.0061950683594,0.0,469.0,109.0
empty,C:\Users\Light\Videos\空轨道.mp4,549,False,0.0069608441554009914,280.65802001953125,0.0,469.0,109.0
empty,C:\Users\Light\Videos\空轨道.mp4,550,False,0.006948208436369896,280.706787109375,0.0,469.0,109.0
empty,C:\Users\Light\Videos\空轨道.mp4,551,False,0.007055733818560839,279.9638671875,0.0,469.0,109.0
empty,C:\Users\Light\Videos\空轨道.mp4,552,False,0.00836991984397173,448.6683654785156,19.612035751342773,469.0,41.353057861328125
empty,C:\Users\Light\Videos\空轨道.mp4,553,False,0.008258206769824028,274.7554931640625,0.0,469.0,109.0
empty,C:\Users\Light\Videos\空轨道.mp4,554,False,0.008256000466644764,274.9686584472656,0.0,469.0,109.0
empty,C:\Users\Light\Videos\空轨道.mp4,555,False,0.007853079587221146,276.7798767089844,0.0,469.0,109.0
empty,C:\Users\Light\Videos\空轨道.mp4,556,False,0.007933932356536388,276.4379577636719,0.0,469.0,109.0
empty,C:\Users\Light\Videos\空轨道.mp4,557,False,0.007886250503361225,276.6935729980469,0.0,469.0,109.0
empty,C:\Users\Light\Videos\空轨道.mp4,558,False,0.007938612252473831,276.466552734375,0.0,469.0,109.0
empty,C:\Users\Light\Videos\空轨道.mp4,559,False,0.008008318021893501,276.149169921875,0.0,469.0,109.0
empty,C:\Users\Light\Videos\空轨道.mp4,560,False,0.007430163212120533,278.29510498046875,0.0,469.0,109.0
empty,C:\Users\Light\Videos\空轨道.mp4,561,False,0.007399050518870354,278.4223937988281,0.0,469.0,109.0
empty,C:\Users\Light\Videos\空轨道.mp4,562,False,0.008008019998669624,276.1403503417969,0.0,469.0,109.0
empty,C:\Users\Light\Videos\空轨道.mp4,563,False,0.007882286794483662,276.7066345214844,0.0,469.0,109.0
empty,C:\Users\Light\Videos\空轨道.mp4,564,False,0.007884550839662552,276.6798095703125,0.0,469.0,109.0
empty,C:\Users\Light\Videos\空轨道.mp4,565,False,0.006930000148713589,280.7279357910156,0.0,469.0,109.0
empty,C:\Users\Light\Videos\空轨道.mp4,566,False,0.0065372418612241745,282.337890625,0.0,469.0,109.0
empty,C:\Users\Light\Videos\空轨道.mp4,567,False,0.005273385439068079,448.7049865722656,15.774361610412598,469.0,36.80216598510742
empty,C:\Users\Light\Videos\空轨道.mp4,568,False,0.002455643145367503,294.21746826171875,0.0,469.0,109.0
empty,C:\Users\Light\Videos\空轨道.mp4,569,False,0.00225376570597291,293.7573547363281,0.0,469.0,109.0
empty,C:\Users\Light\Videos\空轨道.mp4,570,False,0.0016633332706987858,301.5466003417969,3.241330623626709,469.0,109.0
empty,C:\Users\Light\Videos\空轨道.mp4,571,False,0.0016003319760784507,301.7008056640625,3.5652081966400146,469.0,109.0
empty,C:\Users\Light\Videos\空轨道.mp4,572,False,0.0018475382821634412,301.0174865722656,2.450423002243042,469.0,109.0
empty,C:\Users\Light\Videos\空轨道.mp4,573,False,0.001380693051032722,348.86505126953125,0.0,469.0,109.0
empty,C:\Users\Light\Videos\空轨道.mp4,574,False,0.0013682954013347626,348.9396057128906,0.0,469.0,109.0
empty,C:\Users\Light\Videos\空轨道.mp4,575,False,0.020748188719153404,442.7309265136719,15.455963134765625,466.802490234375,35.69999694824219
empty,C:\Users\Light\Videos\空轨道.mp4,576,False,0.022605376318097115,390.80352783203125,18.07464027404785,411.8653259277344,36.945709228515625
empty,C:\Users\Light\Videos\空轨道.mp4,577,False,0.0180191770195961,390.76531982421875,18.139766693115234,411.9716491699219,36.85969543457031
empty,C:\Users\Light\Videos\空轨道.mp4,578,False,0.09921656548976898,388.439208984375,19.291486740112305,408.04510498046875,38.13212203979492
empty,C:\Users\Light\Videos\空轨道.mp4,579,False,0.005331627558916807,382.03656005859375,21.942367553710938,405.3304443359375,40.998558044433594
empty,C:\Users\Light\Videos\空轨道.mp4,580,False,0.005325845908373594,382.039794921875,21.950592041015625,405.334228515625,41.01825714111328
empty,C:\Users\Light\Videos\空轨道.mp4,581,False,0.2060793787240982,377.7386779785156,23.551525115966797,405.77197265625,42.262264251708984
empty,C:\Users\Light\Videos\空轨道.mp4,582,False,0.20850911736488342,377.771728515625,23.529067993164062,405.7434997558594,42.1966438293457
empty,C:\Users\Light\Videos\空轨道.mp4,583,False,0.045829467475414276,377.42694091796875,24.592756271362305,402.6810302734375,43.009368896484375
empty,C:\Users\Light\Videos\空轨道.mp4,584,False,0.06501176208257675,374.6421203613281,23.889286041259766,400.5447082519531,43.524314880371094
empty,C:\Users\Light\Videos\空轨道.mp4,585,False,0.061838362365961075,374.6458435058594,23.914386749267578,400.4952697753906,43.53717803955078
empty,C:\Users\Light\Videos\空轨道.mp4,586,False,0.003174985758960247,372.76129150390625,26.985973358154297,397.08587646484375,46.75031661987305
empty,C:\Users\Light\Videos\空轨道.mp4,587,False,0.005158154759556055,369.1867980957031,27.442424774169922,394.203369140625,45.7021598815918
empty,C:\Users\Light\Videos\空轨道.mp4,588,False,0.0047669741325080395,369.1527099609375,27.443838119506836,394.23541259765625,45.7066650390625
empty,C:\Users\Light\Videos\空轨道.mp4,589,False,0.001076329848729074,401.00592041015625,31.541259765625,431.2525329589844,51.77363967895508
empty,C:\Users\Light\Videos\空轨道.mp4,590,False,0.001062292605638504,400.08343505859375,33.14033126831055,428.4329833984375,53.886199951171875
empty,C:\Users\Light\Videos\空轨道.mp4,591,False,0.0,,,,
empty,C:\Users\Light\Videos\空轨道.mp4,592,False,0.0010801139287650585,396.8739318847656,30.62954330444336,425.8576354980469,52.23466491699219
empty,C:\Users\Light\Videos\空轨道.mp4,593,False,0.0,,,,
empty,C:\Users\Light\Videos\空轨道.mp4,594,False,0.0,,,,
empty,C:\Users\Light\Videos\空轨道.mp4,595,False,0.0,,,,
empty,C:\Users\Light\Videos\空轨道.mp4,596,False,0.0,,,,
empty,C:\Users\Light\Videos\空轨道.mp4,597,False,0.0,,,,
empty,C:\Users\Light\Videos\空轨道.mp4,598,False,0.0,,,,
empty,C:\Users\Light\Videos\空轨道.mp4,599,False,0.0,,,,
empty,C:\Users\Light\Videos\空轨道.mp4,600,False,0.0011419280199334025,111.02649688720703,24.2818660736084,131.62315368652344,39.34654998779297
empty,C:\Users\Light\Videos\空轨道.mp4,601,False,0.0011643688194453716,110.9552993774414,24.241167068481445,131.6412811279297,39.33888244628906
empty,C:\Users\Light\Videos\空轨道.mp4,602,False,0.0,,,,
empty,C:\Users\Light\Videos\空轨道.mp4,603,False,0.0,,,,
empty,C:\Users\Light\Videos\空轨道.mp4,604,False,0.0,,,,
empty,C:\Users\Light\Videos\空轨道.mp4,605,False,0.0015034275129437447,111.21602630615234,24.04798126220703,131.76492309570312,39.22772216796875
empty,C:\Users\Light\Videos\空轨道.mp4,606,False,0.0015070633962750435,111.23011779785156,24.054794311523438,131.76560974121094,39.235477447509766
empty,C:\Users\Light\Videos\空轨道.mp4,607,False,0.0,,,,
empty,C:\Users\Light\Videos\空轨道.mp4,608,False,0.003262545680627227,109.82661437988281,26.021411895751953,131.33673095703125,38.947471618652344
empty,C:\Users\Light\Videos\空轨道.mp4,609,False,0.0032979503739625216,109.82488250732422,26.018095016479492,131.34048461914062,38.9471549987793
empty,C:\Users\Light\Videos\空轨道.mp4,610,False,0.0010611909674480557,110.2488784790039,26.482301712036133,130.91514587402344,39.07662582397461
empty,C:\Users\Light\Videos\空轨道.mp4,611,False,0.0016528208507224917,109.83822631835938,26.464841842651367,131.01748657226562,39.18373107910156
empty,C:\Users\Light\Videos\空轨道.mp4,612,False,0.0016310951905325055,109.81404113769531,26.474143981933594,131.03585815429688,39.205535888671875
empty,C:\Users\Light\Videos\空轨道.mp4,613,False,0.0014540383126586676,401.0455017089844,31.949146270751953,430.54949951171875,53.12970733642578
empty,C:\Users\Light\Videos\空轨道.mp4,614,False,0.0011262181214988232,110.31741333007812,25.746559143066406,131.26809692382812,39.03904342651367
empty,C:\Users\Light\Videos\空轨道.mp4,615,False,0.0054328409023582935,372.80126953125,27.194265365600586,397.41796875,48.09015655517578
empty,C:\Users\Light\Videos\空轨道.mp4,616,False,0.005458201747387648,372.7938537597656,27.203519821166992,397.3589172363281,48.12886047363281
empty,C:\Users\Light\Videos\空轨道.mp4,617,False,0.013325455598533154,374.7295227050781,24.872629165649414,401.9703674316406,44.32912826538086
empty,C:\Users\Light\Videos\空轨道.mp4,618,False,0.2577797770500183,379.2251892089844,25.32903480529785,404.6781921386719,44.60938262939453
empty,C:\Users\Light\Videos\空轨道.mp4,619,False,0.26805195212364197,379.2203063964844,25.372289657592773,404.6675720214844,44.655818939208984
empty,C:\Users\Light\Videos\空轨道.mp4,620,False,0.04358828067779541,381.788330078125,23.912885665893555,408.85198974609375,41.741111755371094
empty,C:\Users\Light\Videos\空轨道.mp4,621,False,0.059917401522397995,387.3518371582031,19.70806884765625,411.64190673828125,40.334754943847656
empty,C:\Users\Light\Videos\空轨道.mp4,622,False,0.06594245135784149,387.40374755859375,19.55876350402832,411.58837890625,40.17751693725586
empty,C:\Users\Light\Videos\空轨道.mp4,623,False,0.06232981011271477,392.2893371582031,19.302064895629883,412.88653564453125,38.671966552734375
empty,C:\Users\Light\Videos\空轨道.mp4,624,False,0.042884986847639084,393.2914733886719,17.55754280090332,415.8030700683594,36.736412048339844
empty,C:\Users\Light\Videos\空轨道.mp4,625,False,0.043795909732580185,393.3414611816406,17.624305725097656,415.8381652832031,36.7932243347168
empty,C:\Users\Light\Videos\空轨道.mp4,626,False,0.016551339998841286,445.5039978027344,14.174100875854492,467.77606201171875,36.332244873046875
empty,C:\Users\Light\Videos\空轨道.mp4,627,False,0.015609240159392357,445.48236083984375,14.187256813049316,467.7743835449219,36.34060287475586
empty,C:\Users\Light\Videos\空轨道.mp4,628,False,0.0049055819399654865,396.5545654296875,15.404685974121094,419.265869140625,36.54513168334961
empty,C:\Users\Light\Videos\空轨道.mp4,629,False,0.005523477680981159,282.90283203125,0.0,469.0,109.0
empty,C:\Users\Light\Videos\空轨道.mp4,630,False,0.005494927521795034,283.0726623535156,0.0,469.0,109.0
empty,C:\Users\Light\Videos\空轨道.mp4,631,False,0.017421554774045944,447.83502197265625,19.319612503051758,469.0,41.49756622314453
empty,C:\Users\Light\Videos\空轨道.mp4,632,False,0.015077479183673859,448.2462463378906,25.0965633392334,469.0,47.1247673034668
empty,C:\Users\Light\Videos\空轨道.mp4,633,False,0.01399537455290556,448.29266357421875,25.088293075561523,469.0,47.10627746582031
empty,C:\Users\Light\Videos\空轨道.mp4,634,False,0.00434843311086297,450.31280517578125,34.88776779174805,469.0,56.90543746948242
empty,C:\Users\Light\Videos\空轨道.mp4,635,False,0.0018770399037748575,294.7041320800781,0.0,469.0,109.0
empty,C:\Users\Light\Videos\空轨道.mp4,636,False,0.0018908679485321045,294.6501770019531,0.0,469.0,109.0
empty,C:\Users\Light\Videos\空轨道.mp4,637,False,0.005701329093426466,285.8170471191406,0.0,469.0,109.0
empty,C:\Users\Light\Videos\空轨道.mp4,638,False,0.008432604372501373,273.2328796386719,0.0,469.0,109.0
empty,C:\Users\Light\Videos\空轨道.mp4,639,False,0.008509431965649128,273.057373046875,0.0,469.0,109.0
empty,C:\Users\Light\Videos\空轨道.mp4,640,False,0.00849924050271511,273.1261901855469,0.0,469.0,109.0
empty,C:\Users\Light\Videos\空轨道.mp4,641,False,0.008532081730663776,272.8378601074219,0.0,469.0,109.0
empty,C:\Users\Light\Videos\空轨道.mp4,642,False,0.0084767397493124,273.2113952636719,0.0,469.0,109.0
empty,C:\Users\Light\Videos\空轨道.mp4,643,False,0.00850001536309719,273.1082763671875,0.0,469.0,109.0
empty,C:\Users\Light\Videos\空轨道.mp4,644,False,0.008280226029455662,274.2597961425781,0.0,469.0,109.0
empty,C:\Users\Light\Videos\空轨道.mp4,645,False,0.008578990586102009,272.6572570800781,0.0,469.0,109.0
empty,C:\Users\Light\Videos\空轨道.mp4,646,False,0.00856534019112587,272.72711181640625,0.0,469.0,109.0
empty,C:\Users\Light\Videos\空轨道.mp4,647,False,0.008390611968934536,273.7479248046875,0.0,469.0,109.0
empty,C:\Users\Light\Videos\空轨道.mp4,648,False,0.008397555910050869,273.7203674316406,0.0,469.0,109.0
empty,C:\Users\Light\Videos\空轨道.mp4,649,False,0.008266964927315712,274.2662353515625,0.0,469.0,109.0
empty,C:\Users\Light\Videos\空轨道.mp4,650,False,0.008080643601715565,275.488525390625,0.0,469.0,109.0
empty,C:\Users\Light\Videos\空轨道.mp4,651,False,0.008068813011050224,275.5718994140625,0.0,469.0,109.0
empty,C:\Users\Light\Videos\空轨道.mp4,652,False,0.008074921555817127,275.61553955078125,0.0,469.0,109.0
empty,C:\Users\Light\Videos\空轨道.mp4,653,False,0.007308360654860735,279.2257995605469,0.0,469.0,109.0
empty,C:\Users\Light\Videos\空轨道.mp4,654,False,0.007323112804442644,279.17138671875,0.0,469.0,109.0
empty,C:\Users\Light\Videos\空轨道.mp4,655,False,0.004522636998444796,288.5771484375,0.0,469.0,109.0
empty,C:\Users\Light\Videos\空轨道.mp4,656,False,0.00856664590537548,448.3609313964844,14.700835227966309,469.0,36.288475036621094
empty,C:\Users\Light\Videos\空轨道.mp4,657,False,0.00848454050719738,448.3832092285156,14.742161750793457,469.0,36.31949234008789
empty,C:\Users\Light\Videos\空轨道.mp4,658,False,0.0,,,,
empty,C:\Users\Light\Videos\空轨道.mp4,659,False,0.0,,,,
empty,C:\Users\Light\Videos\空轨道.mp4,660,False,0.0021578643936663866,291.5461120605469,0.0,469.0,109.0
empty,C:\Users\Light\Videos\空轨道.mp4,661,False,0.0032574073411524296,340.9205017089844,0.0,469.0,109.0
empty,C:\Users\Light\Videos\空轨道.mp4,662,False,0.024789966642856598,391.4111328125,16.955730438232422,414.3206481933594,36.364227294921875
empty,C:\Users\Light\Videos\空轨道.mp4,663,False,0.029678648337721825,388.5113830566406,18.43470001220703,412.9046936035156,36.81191635131836
empty,C:\Users\Light\Videos\空轨道.mp4,664,False,0.03891478478908539,388.4435119628906,18.460092544555664,412.9188537597656,36.95236587524414
empty,C:\Users\Light\Videos\空轨道.mp4,665,False,0.049573589116334915,388.8470153808594,19.381601333618164,410.5939025878906,37.920494079589844
empty,C:\Users\Light\Videos\空轨道.mp4,666,False,0.17872777581214905,387.01123046875,20.540739059448242,408.708740234375,40.971282958984375
empty,C:\Users\Light\Videos\空轨道.mp4,667,False,0.16398930549621582,387.0307312011719,20.564428329467773,408.712646484375,41.108909606933594
empty,C:\Users\Light\Videos\空轨道.mp4,668,False,0.016698241233825684,379.728759765625,23.88991355895996,407.38751220703125,43.59105682373047
empty,C:\Users\Light\Videos\空轨道.mp4,669,False,0.2683424949645996,379.11090087890625,23.510108947753906,404.78289794921875,42.04326248168945
empty,C:\Users\Light\Videos\空轨道.mp4,670,False,0.26169952750205994,379.10174560546875,23.463045120239258,404.71002197265625,42.00300979614258
empty,C:\Users\Light\Videos\空轨道.mp4,671,False,0.07501652836799622,378.33526611328125,24.117231369018555,403.0645751953125,42.25352478027344
empty,C:\Users\Light\Videos\空轨道.mp4,672,False,0.07608436793088913,378.3379211425781,24.092063903808594,403.0816650390625,42.20433044433594
empty,C:\Users\Light\Videos\空轨道.mp4,673,False,0.048457980155944824,377.2007141113281,24.774198532104492,401.51605224609375,43.62828063964844
empty,C:\Users\Light\Videos\空轨道.mp4,674,False,0.04592082276940346,374.9046936035156,24.30438804626465,401.0767517089844,43.81328582763672
empty,C:\Users\Light\Videos\空轨道.mp4,675,False,0.04790736362338066,374.8972473144531,24.29136848449707,401.0845947265625,43.836708068847656
empty,C:\Users\Light\Videos\空轨道.mp4,676,False,0.010221189819276333,373.6624755859375,26.052541732788086,398.7105407714844,46.389808654785156
empty,C:\Users\Light\Videos\空轨道.mp4,677,False,0.0024604236241430044,370.005615234375,27.503652572631836,394.73779296875,45.177330017089844
empty,C:\Users\Light\Videos\空轨道.mp4,678,False,0.0024942487943917513,370.02197265625,27.530569076538086,394.7197265625,45.20209503173828
empty,C:\Users\Light\Videos\空轨道.mp4,679,False,0.0033910193014889956,369.574951171875,28.014162063598633,393.4374694824219,46.032569885253906
empty,C:\Users\Light\Videos\空轨道.mp4,680,False,0.00325315585359931,401.85333251953125,30.999330520629883,431.09771728515625,51.37778854370117
empty,C:\Users\Light\Videos\空轨道.mp4,681,False,0.0032433809246867895,401.84796142578125,30.999174118041992,431.09637451171875,51.3658447265625
empty,C:\Users\Light\Videos\空轨道.mp4,682,False,0.0014020649250596762,400.4390563964844,32.799949645996094,427.8544921875,53.70946502685547
empty,C:\Users\Light\Videos\空轨道.mp4,683,False,0.001396492007188499,400.4452209472656,32.787776947021484,427.8611145019531,53.68505859375
empty,C:\Users\Light\Videos\空轨道.mp4,684,False,0.0016640553949400783,109.66024780273438,26.04861831665039,131.1525421142578,39.08830261230469
empty,C:\Users\Light\Videos\空轨道.mp4,685,False,0.0,,,,
empty,C:\Users\Light\Videos\空轨道.mp4,686,False,0.00233060703612864,109.74929809570312,26.161235809326172,131.2616729736328,38.93220901489258
empty,C:\Users\Light\Videos\空轨道.mp4,687,False,0.0010192582849413157,109.746337890625,26.287233352661133,131.33030700683594,39.33310317993164
empty,C:\Users\Light\Videos\空轨道.mp4,688,False,0.0,,,,
empty,C:\Users\Light\Videos\空轨道.mp4,689,False,0.0012682548258453608,110.12750244140625,26.378469467163086,131.27975463867188,39.04047775268555
empty,C:\Users\Light\Videos\空轨道.mp4,690,False,0.0012436899123713374,55.375244140625,65.95459747314453,79.44892120361328,82.92604064941406
empty,C:\Users\Light\Videos\空轨道.mp4,691,False,0.0012374017387628555,55.37400817871094,65.95641326904297,79.45348358154297,82.92149353027344
empty,C:\Users\Light\Videos\空轨道.mp4,692,False,0.0,,,,
empty,C:\Users\Light\Videos\空轨道.mp4,693,False,0.0,,,,
empty,C:\Users\Light\Videos\空轨道.mp4,694,False,0.0,,,,
empty,C:\Users\Light\Videos\空轨道.mp4,695,False,0.0010598490480333567,109.65946197509766,26.42557716369629,131.03746032714844,39.038414001464844
empty,C:\Users\Light\Videos\空轨道.mp4,696,False,0.0011958953691646457,109.66584777832031,26.354690551757812,131.06585693359375,38.995452880859375
empty,C:\Users\Light\Videos\空轨道.mp4,697,False,0.001483654952608049,55.78581619262695,65.80903625488281,79.57962799072266,82.87581634521484
empty,C:\Users\Light\Videos\空轨道.mp4,698,False,0.0,,,,
empty,C:\Users\Light\Videos\空轨道.mp4,699,False,0.0,,,,
empty,C:\Users\Light\Videos\空轨道.mp4,700,False,0.0010569887235760689,109.78023529052734,26.35106086730957,130.7165069580078,39.028846740722656
empty,C:\Users\Light\Videos\空轨道.mp4,701,False,0.00328579219058156,110.27163696289062,26.058435440063477,130.8241424560547,38.83155822753906
empty,C:\Users\Light\Videos\空轨道.mp4,702,False,0.0034601634833961725,110.26551055908203,26.00756072998047,130.80044555664062,38.79601287841797
empty,C:\Users\Light\Videos\空轨道.mp4,703,False,0.0,,,,
empty,C:\Users\Light\Videos\空轨道.mp4,704,False,0.0,,,,
empty,C:\Users\Light\Videos\空轨道.mp4,705,False,0.0012595504522323608,399.6416931152344,34.69375228881836,427.5491027832031,54.50717544555664
empty,C:\Users\Light\Videos\空轨道.mp4,706,False,0.0015154023421928287,400.6592102050781,32.56162643432617,428.7075500488281,53.36141586303711
empty,C:\Users\Light\Videos\空轨道.mp4,707,False,0.0015366512816399336,400.6850280761719,32.54073715209961,428.7184143066406,53.369529724121094
empty,C:\Users\Light\Videos\空轨道.mp4,708,False,0.0011569720227271318,401.296630859375,31.561317443847656,431.5705261230469,52.79517364501953
empty,C:\Users\Light\Videos\空轨道.mp4,709,False,0.0015699423383921385,406.593017578125,31.92424774169922,433.654541015625,52.98459243774414
empty,C:\Users\Light\Videos\空轨道.mp4,710,False,0.0018823291175067425,371.2660217285156,28.651899337768555,397.3131103515625,48.13731002807617
empty,C:\Users\Light\Videos\空轨道.mp4,711,False,0.01147421170026064,374.9043273925781,25.718612670898438,400.1202392578125,46.498233795166016
empty,C:\Users\Light\Videos\空轨道.mp4,712,False,0.010948802344501019,374.84564208984375,25.77381134033203,400.2011413574219,46.60668182373047
empty,C:\Users\Light\Videos\空轨道.mp4,713,False,0.023730797693133354,377.3516540527344,26.83808135986328,402.4917907714844,47.335411071777344
empty,C:\Users\Light\Videos\空轨道.mp4,714,False,0.1907133162021637,379.4421691894531,24.482154846191406,406.2630920410156,44.2332763671875
empty,C:\Users\Light\Videos\空轨道.mp4,715,False,0.1905631721019745,379.43817138671875,24.475610733032227,406.2740783691406,44.272003173828125
empty,C:\Users\Light\Videos\空轨道.mp4,716,False,0.05285566300153732,383.4523620605469,23.808940887451172,408.43609619140625,41.75146484375
empty,C:\Users\Light\Videos\空轨道.mp4,717,False,0.053604401648044586,383.44525146484375,23.80208396911621,408.4495849609375,41.74290466308594
empty,C:\Users\Light\Videos\空轨道.mp4,718,False,0.036378055810928345,385.02166748046875,21.59402847290039,411.2948303222656,40.080833435058594
empty,C:\Users\Light\Videos\空轨道.mp4,719,False,0.09445878863334656,388.0346374511719,19.500181198120117,412.9114074707031,38.97528076171875
empty,C:\Users\Light\Videos\空轨道.mp4,720,False,0.10664259642362595,388.01837158203125,19.490320205688477,412.9369201660156,38.97043991088867
empty,C:\Users\Light\Videos\空轨道.mp4,721,False,0.14580023288726807,393.50152587890625,19.032567977905273,413.4679870605469,39.21757125854492
empty,C:\Users\Light\Videos\空轨道.mp4,722,False,0.020801778882741928,393.54339599609375,18.048686981201172,416.2812194824219,37.24996566772461
empty,C:\Users\Light\Videos\空轨道.mp4,723,False,0.020620014518499374,393.5503234863281,18.048507690429688,416.3016052246094,37.18748474121094
empty,C:\Users\Light\Videos\空轨道.mp4,724,False,0.01206677034497261,395.02459716796875,16.873435974121094,418.3143005371094,36.09578323364258
empty,C:\Users\Light\Videos\空轨道.mp4,725,False,0.0014433384640142322,395.5579833984375,15.9774751663208,419.6283264160156,36.9964485168457
empty,C:\Users\Light\Videos\空轨道.mp4,726,False,0.0014903658302500844,395.52783203125,15.97254467010498,419.7186279296875,37.00053024291992
empty,C:\Users\Light\Videos\空轨道.mp4,727,False,0.001852663466706872,293.2396545410156,0.0,469.0,109.0
empty,C:\Users\Light\Videos\空轨道.mp4,728,False,0.0018407723400741816,293.27508544921875,0.0,469.0,109.0
empty,C:\Users\Light\Videos\空轨道.mp4,729,False,0.008048735558986664,274.1014099121094,0.0,469.0,109.0
empty,C:\Users\Light\Videos\空轨道.mp4,730,False,0.008129975758492947,273.6352844238281,0.0,469.0,109.0
empty,C:\Users\Light\Videos\空轨道.mp4,731,False,0.00816141627728939,273.51873779296875,0.0,469.0,109.0
empty,C:\Users\Light\Videos\空轨道.mp4,732,False,0.027948644012212753,447.37835693359375,22.16782569885254,469.0,44.91579055786133
empty,C:\Users\Light\Videos\空轨道.mp4,733,False,0.008958433754742146,270.8695373535156,0.0,469.0,109.0
empty,C:\Users\Light\Videos\空轨道.mp4,734,False,0.00878081563860178,271.5705871582031,0.0,469.0,109.0
empty,C:\Users\Light\Videos\空轨道.mp4,735,False,0.008819766342639923,271.318115234375,0.0,469.0,109.0
empty,C:\Users\Light\Videos\空轨道.mp4,736,False,0.008879131637513638,271.0775146484375,0.0,469.0,109.0
empty,C:\Users\Light\Videos\空轨道.mp4,737,False,0.00851724948734045,272.4705810546875,0.0,469.0,109.0
empty,C:\Users\Light\Videos\空轨道.mp4,738,False,0.00858257431536913,272.2500305175781,0.0,469.0,109.0
empty,C:\Users\Light\Videos\空轨道.mp4,739,False,0.006616190541535616,279.9270935058594,0.0,469.0,109.0
empty,C:\Users\Light\Videos\空轨道.mp4,740,False,0.006492184940725565,280.63104248046875,0.0,469.0,109.0
empty,C:\Users\Light\Videos\空轨道.mp4,741,False,0.006517814472317696,280.6079406738281,0.0,469.0,109.0
empty,C:\Users\Light\Videos\空轨道.mp4,742,False,0.007265929598361254,277.5327453613281,0.0,469.0,109.0
empty,C:\Users\Light\Videos\空轨道.mp4,743,False,0.007159090600907803,278.1343994140625,0.0,469.0,109.0
empty,C:\Users\Light\Videos\空轨道.mp4,744,False,0.007356110028922558,277.32916259765625,0.0,469.0,109.0
empty,C:\Users\Light\Videos\空轨道.mp4,745,False,0.007329766638576984,276.8685302734375,0.0,469.0,109.0
empty,C:\Users\Light\Videos\空轨道.mp4,746,False,0.004245305433869362,286.66180419921875,0.0,469.0,109.0
empty,C:\Users\Light\Videos\空轨道.mp4,747,False,0.004167760722339153,286.92279052734375,0.0,469.0,109.0
empty,C:\Users\Light\Videos\空轨道.mp4,748,False,0.010813283734023571,396.49603271484375,15.320195198059082,418.6101379394531,35.739219665527344
empty,C:\Users\Light\Videos\空轨道.mp4,749,False,0.010755319148302078,396.49322509765625,15.315780639648438,418.6460266113281,35.701141357421875
empty,C:\Users\Light\Videos\空轨道.mp4,750,False,0.003153944853693247,445.1525573730469,14.698257446289062,467.690673828125,35.88276290893555
empty,C:\Users\Light\Videos\空轨道.mp4,751,False,0.008227868936955929,391.6307678222656,17.03818130493164,416.53533935546875,36.33264923095703
empty,C:\Users\Light\Videos\空轨道.mp4,752,False,0.008686692453920841,443.8780212402344,15.251930236816406,466.02490234375,36.317970275878906
empty,C:\Users\Light\Videos\空轨道.mp4,753,False,0.06050529330968857,391.65863037109375,16.527517318725586,414.7304992675781,35.47684860229492
empty,C:\Users\Light\Videos\空轨道.mp4,754,False,0.04556596279144287,392.4258117675781,18.389070510864258,411.9829406738281,37.87165832519531
empty,C:\Users\Light\Videos\空轨道.mp4,755,False,0.051802609115839005,392.3757019042969,18.295616149902344,412.00860595703125,37.882102966308594
empty,C:\Users\Light\Videos\空轨道.mp4,756,False,0.016322998329997063,388.4325256347656,19.071025848388672,411.4505920410156,37.38140869140625
empty,C:\Users\Light\Videos\空轨道.mp4,757,False,0.16926655173301697,388.2794189453125,19.527477264404297,408.629638671875,38.781333923339844
empty,C:\Users\Light\Videos\空轨道.mp4,758,False,0.006171534303575754,384.702880859375,22.506147384643555,405.51690673828125,42.157894134521484
empty,C:\Users\Light\Videos\空轨道.mp4,759,False,0.09425920993089676,377.9200744628906,23.606767654418945,406.2007751464844,42.16072082519531
empty,C:\Users\Light\Videos\空轨道.mp4,760,False,0.09315993636846542,377.93133544921875,23.59141731262207,406.19769287109375,42.1127815246582
empty,C:\Users\Light\Videos\空轨道.mp4,761,False,0.08573640137910843,378.3041687011719,23.958940505981445,403.1763610839844,42.5051383972168
empty,C:\Users\Light\Videos\空轨道.mp4,762,False,0.08742117881774902,378.34356689453125,23.9486083984375,403.1318664550781,42.52658462524414
empty,C:\Users\Light\Videos\空轨道.mp4,763,False,0.028145015239715576,375.5059814453125,24.70561981201172,401.3544921875,43.87256622314453
empty,C:\Users\Light\Videos\空轨道.mp4,764,False,0.050495266914367676,374.0927734375,25.522579193115234,399.4442138671875,45.51233673095703
empty,C:\Users\Light\Videos\空轨道.mp4,765,False,0.04759365692734718,374.0954895019531,25.55431365966797,399.4210205078125,45.57163619995117
empty,C:\Users\Light\Videos\空轨道.mp4,766,False,0.002880184445530176,370.2314147949219,27.117572784423828,395.06085205078125,44.43172836303711
empty,C:\Users\Light\Videos\空轨道.mp4,767,False,0.0035188382025808096,369.0538024902344,28.2176570892334,392.7593078613281,46.61374282836914
empty,C:\Users\Light\Videos\空轨道.mp4,768,False,0.0032985424622893333,369.06024169921875,28.18802833557129,392.7647399902344,46.554264068603516
empty,C:\Users\Light\Videos\空轨道.mp4,769,False,0.002046175766736269,400.762939453125,32.458309173583984,429.1292419433594,53.108795166015625
empty,C:\Users\Light\Videos\空轨道.mp4,770,False,0.0,,,,
empty,C:\Users\Light\Videos\空轨道.mp4,771,False,0.0,,,,
empty,C:\Users\Light\Videos\空轨道.mp4,772,False,0.0,,,,
empty,C:\Users\Light\Videos\空轨道.mp4,773,False,0.0010685814777389169,110.01250457763672,25.851219177246094,131.06150817871094,38.70376968383789
empty,C:\Users\Light\Videos\空轨道.mp4,774,False,0.0010098995408043265,396.9024353027344,31.262306213378906,425.5202941894531,52.55622100830078
empty,C:\Users\Light\Videos\空轨道.mp4,775,False,0.0012130910763517022,109.40608215332031,26.41213035583496,130.7685546875,39.19664001464844
empty,C:\Users\Light\Videos\空轨道.mp4,776,False,0.0012200350174680352,109.38818359375,26.415605545043945,130.78016662597656,39.215667724609375
empty,C:\Users\Light\Videos\空轨道.mp4,777,False,0.0020359240006655455,109.5776596069336,26.145862579345703,130.99627685546875,39.077388763427734
empty,C:\Users\Light\Videos\空轨道.mp4,778,False,0.0,,,,
empty,C:\Users\Light\Videos\空轨道.mp4,779,False,0.0,,,,
empty,C:\Users\Light\Videos\空轨道.mp4,780,False,0.0014713259879499674,109.59996795654297,25.88546371459961,131.00730895996094,38.84352493286133
empty,C:\Users\Light\Videos\空轨道.mp4,781,False,0.001102525508031249,109.75126647949219,26.509843826293945,131.05955505371094,39.22048568725586
empty,C:\Users\Light\Videos\空轨道.mp4,782,False,0.0012455754913389683,109.57332611083984,26.394493103027344,131.25917053222656,39.187339782714844
empty,C:\Users\Light\Videos\空轨道.mp4,783,False,0.0012626220704987645,109.58136749267578,26.41490936279297,131.27088928222656,39.195072174072266
empty,C:\Users\Light\Videos\空轨道.mp4,784,False,0.0014376192120835185,109.70484161376953,25.933917999267578,131.41456604003906,39.14164352416992
empty,C:\Users\Light\Videos\空轨道.mp4,785,False,0.0016459415201097727,111.041748046875,24.01929473876953,131.92286682128906,39.0618782043457
empty,C:\Users\Light\Videos\空轨道.mp4,786,False,0.0016085398383438587,111.03443908691406,24.02068328857422,131.91014099121094,39.063987731933594
empty,C:\Users\Light\Videos\空轨道.mp4,787,False,0.0,,,,
empty,C:\Users\Light\Videos\空轨道.mp4,788,False,0.0,,,,
empty,C:\Users\Light\Videos\空轨道.mp4,789,False,0.0,,,,
empty,C:\Users\Light\Videos\空轨道.mp4,790,False,0.0,,,,
empty,C:\Users\Light\Videos\空轨道.mp4,791,False,0.0,,,,
empty,C:\Users\Light\Videos\空轨道.mp4,792,False,0.0,,,,
empty,C:\Users\Light\Videos\空轨道.mp4,793,False,0.0,,,,
empty,C:\Users\Light\Videos\空轨道.mp4,794,False,0.0,,,,
empty,C:\Users\Light\Videos\空轨道.mp4,795,False,0.0,,,,
empty,C:\Users\Light\Videos\空轨道.mp4,796,False,0.0,,,,
empty,C:\Users\Light\Videos\空轨道.mp4,797,False,0.0,,,,
empty,C:\Users\Light\Videos\空轨道.mp4,798,False,0.0011640074662864208,109.91703796386719,25.793107986450195,131.36285400390625,38.80190658569336
empty,C:\Users\Light\Videos\空轨道.mp4,799,False,0.0,,,,
empty,C:\Users\Light\Videos\空轨道.mp4,800,False,0.0,,,,
empty,C:\Users\Light\Videos\空轨道.mp4,801,False,0.0,,,,
empty,C:\Users\Light\Videos\空轨道.mp4,802,False,0.001748543931171298,110.05901336669922,26.4730224609375,131.19569396972656,39.230323791503906
empty,C:\Users\Light\Videos\空轨道.mp4,803,False,0.0017410634318366647,110.09707641601562,26.456348419189453,131.1857452392578,39.23521041870117
empty,C:\Users\Light\Videos\空轨道.mp4,804,False,0.0,,,,
empty,C:\Users\Light\Videos\空轨道.mp4,805,False,0.002303853165358305,111.16603088378906,23.796995162963867,132.0290069580078,39.127342224121094
empty,C:\Users\Light\Videos\空轨道.mp4,806,False,0.001338469097390771,406.7637634277344,32.563777923583984,432.7178039550781,53.99462890625
empty,C:\Users\Light\Videos\空轨道.mp4,807,False,0.001344727468676865,406.7639465332031,32.56328582763672,432.7122497558594,53.99323654174805
empty,C:\Users\Light\Videos\空轨道.mp4,808,False,0.0015148648526519537,372.29266357421875,27.601388931274414,396.0710754394531,48.337623596191406
empty,C:\Users\Light\Videos\空轨道.mp4,809,False,0.011657822877168655,374.39166259765625,25.617671966552734,400.8392333984375,46.094425201416016
empty,C:\Users\Light\Videos\空轨道.mp4,810,False,0.011729050427675247,374.4409484863281,25.597232818603516,400.8238525390625,46.05332565307617
empty,C:\Users\Light\Videos\空轨道.mp4,811,False,0.07897411286830902,378.099365234375,25.623050689697266,404.723876953125,45.217559814453125
empty,C:\Users\Light\Videos\空轨道.mp4,812,False,0.020073777064681053,381.0601501464844,23.495563507080078,409.8765563964844,42.48626708984375
empty,C:\Users\Light\Videos\空轨道.mp4,813,False,0.019826065748929977,381.0271911621094,23.473241806030273,409.89971923828125,42.46215057373047
empty,C:\Users\Light\Videos\空轨道.mp4,814,False,0.0754697173833847,387.4789123535156,19.368200302124023,413.2867431640625,38.79041290283203
empty,C:\Users\Light\Videos\空轨道.mp4,815,False,0.030040856450796127,392.60260009765625,17.701311111450195,415.40777587890625,35.988162994384766
empty,C:\Users\Light\Videos\空轨道.mp4,816,False,0.029753712937235832,392.5918884277344,17.70001220703125,415.4122009277344,35.99632263183594
empty,C:\Users\Light\Videos\空轨道.mp4,817,False,0.004260478541254997,339.9610290527344,0.0,469.0,109.0
empty,C:\Users\Light\Videos\空轨道.mp4,818,False,0.004178821574896574,340.2253723144531,0.0,469.0,109.0
empty,C:\Users\Light\Videos\空轨道.mp4,819,False,0.006464321631938219,279.8330078125,0.0,469.0,109.0
empty,C:\Users\Light\Videos\空轨道.mp4,820,False,0.0036906518507748842,450.4978332519531,35.779624938964844,469.0,58.04130935668945
empty,C:\Users\Light\Videos\空轨道.mp4,821,False,0.0034902349580079317,450.53167724609375,35.6872673034668,469.0,57.988712310791016
empty,C:\Users\Light\Videos\空轨道.mp4,822,False,0.002873463789001107,293.2278137207031,0.0,469.0,109.0
empty,C:\Users\Light\Videos\空轨道.mp4,823,False,0.008548830635845661,272.66363525390625,0.0,469.0,109.0
empty,C:\Users\Light\Videos\空轨道.mp4,824,False,0.008459573611617088,273.14654541015625,0.0,469.0,109.0
empty,C:\Users\Light\Videos\空轨道.mp4,825,False,0.008601517416536808,272.6304931640625,0.0,469.0,109.0
empty,C:\Users\Light\Videos\空轨道.mp4,826,False,0.006367129273712635,274.5099182128906,0.0,469.0,109.0
empty,C:\Users\Light\Videos\空轨道.mp4,827,False,0.006367248483002186,274.5113525390625,0.0,469.0,109.0
empty,C:\Users\Light\Videos\空轨道.mp4,828,False,0.006953391246497631,281.6334533691406,0.0,469.0,109.0
empty,C:\Users\Light\Videos\空轨道.mp4,829,False,0.006522397976368666,283.4510192871094,0.0,469.0,109.0
empty,C:\Users\Light\Videos\空轨道.mp4,830,False,0.006069887429475784,285.683349609375,0.0,469.0,109.0
empty,C:\Users\Light\Videos\空轨道.mp4,831,False,0.0060805268585681915,285.6177062988281,0.0,469.0,109.0
empty,C:\Users\Light\Videos\空轨道.mp4,832,False,0.006597558036446571,283.2803039550781,0.0,469.0,109.0
empty,C:\Users\Light\Videos\空轨道.mp4,833,False,0.007977855391800404,276.9482727050781,0.0,469.0,109.0
empty,C:\Users\Light\Videos\空轨道.mp4,834,False,0.00804055854678154,276.5725402832031,0.0,469.0,109.0
empty,C:\Users\Light\Videos\空轨道.mp4,835,False,0.008708537556231022,272.0029602050781,0.0,469.0,109.0
empty,C:\Users\Light\Videos\空轨道.mp4,836,False,0.008898105472326279,271.2938537597656,0.0,469.0,109.0
empty,C:\Users\Light\Videos\空轨道.mp4,837,False,0.00890299305319786,271.2845764160156,0.0,469.0,109.0
empty,C:\Users\Light\Videos\空轨道.mp4,838,False,0.008481060154736042,273.1435546875,0.0,469.0,109.0
empty,C:\Users\Light\Videos\空轨道.mp4,839,False,0.008577647618949413,272.65948486328125,0.0,469.0,109.0
empty,C:\Users\Light\Videos\空轨道.mp4,840,False,0.006501804571598768,282.7663879394531,0.0,469.0,109.0
empty,C:\Users\Light\Videos\空轨道.mp4,841,False,0.004259874578565359,289.1731262207031,0.0,469.0,109.0
empty,C:\Users\Light\Videos\空轨道.mp4,842,False,0.0043822405859827995,288.7530517578125,0.0,469.0,109.0
empty,C:\Users\Light\Videos\空轨道.mp4,843,False,0.005460053216665983,286.2813415527344,0.0,469.0,109.0
empty,C:\Users\Light\Videos\空轨道.mp4,844,False,0.004651470575481653,287.7085876464844,0.0,469.0,109.0
empty,C:\Users\Light\Videos\空轨道.mp4,845,False,0.004845122806727886,287.2640686035156,0.0,469.0,109.0
empty,C:\Users\Light\Videos\空轨道.mp4,846,False,0.005866074003279209,284.6983337402344,0.0,469.0,109.0
empty,C:\Users\Light\Videos\空轨道.mp4,847,False,0.006520611234009266,282.0966491699219,0.0,469.0,109.0
empty,C:\Users\Light\Videos\空轨道.mp4,848,False,0.0064935507252812386,282.2098083496094,0.0,469.0,109.0
empty,C:\Users\Light\Videos\空轨道.mp4,849,False,0.007064702454954386,279.64068603515625,0.0,469.0,109.0
empty,C:\Users\Light\Videos\空轨道.mp4,850,False,0.007309285923838615,278.50750732421875,0.0,469.0,109.0
empty,C:\Users\Light\Videos\空轨道.mp4,851,False,0.007280318066477776,278.6458740234375,0.0,469.0,109.0
empty,C:\Users\Light\Videos\空轨道.mp4,852,False,0.006820864509791136,280.6401672363281,0.0,469.0,109.0
empty,C:\Users\Light\Videos\空轨道.mp4,853,False,0.007844973355531693,275.8127746582031,0.0,469.0,109.0
empty,C:\Users\Light\Videos\空轨道.mp4,854,False,0.008008228614926338,275.0550537109375,0.0,469.0,109.0
empty,C:\Users\Light\Videos\空轨道.mp4,855,False,0.008057461120188236,274.8318176269531,0.0,469.0,109.0
empty,C:\Users\Light\Videos\空轨道.mp4,856,False,0.007211565505713224,278.7644348144531,0.0,469.0,109.0
empty,C:\Users\Light\Videos\空轨道.mp4,857,False,0.007253020070493221,278.5511169433594,0.0,469.0,109.0
empty,C:\Users\Light\Videos\空轨道.mp4,858,False,0.007261066697537899,278.5316162109375,0.0,469.0,109.0
empty,C:\Users\Light\Videos\空轨道.mp4,859,False,0.00907381996512413,269.5809326171875,0.0,469.0,109.0
empty,C:\Users\Light\Videos\空轨道.mp4,860,False,0.008585607632994652,272.123291015625,0.0,469.0,109.0
empty,C:\Users\Light\Videos\空轨道.mp4,861,False,0.008569156751036644,272.2083435058594,0.0,469.0,109.0
empty,C:\Users\Light\Videos\空轨道.mp4,862,False,0.008544420823454857,272.4658203125,0.0,469.0,109.0
empty,C:\Users\Light\Videos\空轨道.mp4,863,False,0.008570676669478416,272.32000732421875,0.0,469.0,109.0
empty,C:\Users\Light\Videos\空轨道.mp4,864,False,0.008231560699641705,274.44378662109375,0.0,469.0,109.0
empty,C:\Users\Light\Videos\空轨道.mp4,865,False,0.0083472216501832,273.7418518066406,0.0,469.0,109.0
empty,C:\Users\Light\Videos\空轨道.mp4,866,False,0.008378960192203522,273.5506591796875,0.0,469.0,109.0
empty,C:\Users\Light\Videos\空轨道.mp4,867,False,0.008192282170057297,274.6358642578125,0.0,469.0,109.0
empty,C:\Users\Light\Videos\空轨道.mp4,868,False,0.007374281994998455,278.8697204589844,0.0,469.0,109.0
empty,C:\Users\Light\Videos\空轨道.mp4,869,False,0.007371689658612013,278.8824157714844,0.0,469.0,109.0
empty,C:\Users\Light\Videos\空轨道.mp4,870,False,0.008464967831969261,273.51519775390625,0.0,469.0,109.0
empty,C:\Users\Light\Videos\空轨道.mp4,871,False,0.007924781180918217,276.4698791503906,0.0,469.0,109.0
empty,C:\Users\Light\Videos\空轨道.mp4,872,False,0.007930115796625614,276.4451599121094,0.0,469.0,109.0
empty,C:\Users\Light\Videos\空轨道.mp4,873,False,0.00809324998408556,275.76531982421875,0.0,469.0,109.0
empty,C:\Users\Light\Videos\空轨道.mp4,874,False,0.00809441227465868,275.7500305175781,0.0,469.0,109.0
empty,C:\Users\Light\Videos\空轨道.mp4,875,False,0.008487706072628498,273.5183410644531,0.0,469.0,109.0
empty,C:\Users\Light\Videos\空轨道.mp4,876,False,0.008559229783713818,273.06085205078125,0.0,469.0,109.0
empty,C:\Users\Light\Videos\空轨道.mp4,877,False,0.008765576407313347,272.0112609863281,0.0,469.0,109.0
empty,C:\Users\Light\Videos\空轨道.mp4,878,False,0.008843925781548023,271.7809143066406,0.0,469.0,109.0
empty,C:\Users\Light\Videos\空轨道.mp4,879,False,0.008842584677040577,271.8006286621094,0.0,469.0,109.0
empty,C:\Users\Light\Videos\空轨道.mp4,880,False,0.008734643459320068,272.34521484375,0.0,469.0,109.0
empty,C:\Users\Light\Videos\空轨道.mp4,881,False,0.008887317962944508,271.3895263671875,0.0,469.0,109.0
empty,C:\Users\Light\Videos\空轨道.mp4,882,False,0.008897541090846062,271.3252258300781,0.0,469.0,109.0
empty,C:\Users\Light\Videos\空轨道.mp4,883,False,0.008549961261451244,273.4586181640625,0.0,469.0,109.0
empty,C:\Users\Light\Videos\空轨道.mp4,884,False,0.008547667413949966,273.4898681640625,0.0,469.0,109.0
empty,C:\Users\Light\Videos\空轨道.mp4,885,False,0.008187721483409405,275.4381103515625,0.0,469.0,109.0
empty,C:\Users\Light\Videos\空轨道.mp4,886,False,0.006242231000214815,285.09814453125,0.0,469.0,109.0
empty,C:\Users\Light\Videos\空轨道.mp4,887,False,0.006261512637138367,285.0091552734375,0.0,469.0,109.0
empty,C:\Users\Light\Videos\空轨道.mp4,888,False,0.004321623127907515,164.7347412109375,0.0,422.7366027832031,109.0
empty,C:\Users\Light\Videos\空轨道.mp4,889,False,0.005191778298467398,289.7613830566406,0.0,469.0,109.0
empty,C:\Users\Light\Videos\空轨道.mp4,890,False,0.005211775191128254,289.6390075683594,0.0,469.0,109.0
empty,C:\Users\Light\Videos\空轨道.mp4,891,False,0.004872928839176893,291.2288818359375,0.0,469.0,109.0
empty,C:\Users\Light\Videos\空轨道.mp4,892,False,0.0060002123937010765,286.32171630859375,0.0,469.0,109.0
empty,C:\Users\Light\Videos\空轨道.mp4,893,False,0.005972675513476133,286.4339599609375,0.0,469.0,109.0
empty,C:\Users\Light\Videos\空轨道.mp4,894,False,0.005827569868415594,287.01953125,0.0,469.0,109.0
empty,C:\Users\Light\Videos\空轨道.mp4,895,False,0.005183255299925804,289.3597717285156,0.0,469.0,109.0
empty,C:\Users\Light\Videos\空轨道.mp4,896,False,0.00519258389249444,289.32281494140625,0.0,469.0,109.0
empty,C:\Users\Light\Videos\空轨道.mp4,897,False,0.007070124614983797,280.9538879394531,0.0,469.0,109.0
empty,C:\Users\Light\Videos\空轨道.mp4,898,False,0.007071584928780794,280.94879150390625,0.0,469.0,109.0
empty,C:\Users\Light\Videos\空轨道.mp4,899,False,0.007790076080709696,277.4642639160156,0.0,469.0,109.0
empty,C:\Users\Light\Videos\空轨道.mp4,900,False,0.008773594163358212,271.7007141113281,0.0,469.0,109.0
empty,C:\Users\Light\Videos\空轨道.mp4,901,False,0.008417611941695213,273.7186584472656,0.0,469.0,109.0
empty,C:\Users\Light\Videos\空轨道.mp4,902,False,0.006422324106097221,282.6961975097656,0.0,469.0,109.0
empty,C:\Users\Light\Videos\空轨道.mp4,903,False,0.006178515497595072,283.7804260253906,0.0,469.0,109.0
empty,C:\Users\Light\Videos\空轨道.mp4,904,False,0.004734468646347523,287.9803771972656,0.0,469.0,109.0
empty,C:\Users\Light\Videos\空轨道.mp4,905,False,0.004037571605294943,450.5876770019531,35.61438751220703,469.0,57.411258697509766
empty,C:\Users\Light\Videos\空轨道.mp4,906,False,0.003958358429372311,450.5924987792969,35.592288970947266,469.0,57.41327667236328
empty,C:\Users\Light\Videos\空轨道.mp4,907,False,0.030973561108112335,447.5934753417969,24.238880157470703,469.0,46.638126373291016
empty,C:\Users\Light\Videos\空轨道.mp4,908,False,0.029628096148371696,447.60858154296875,24.378772735595703,469.0,46.79711151123047
empty,C:\Users\Light\Videos\空轨道.mp4,909,False,0.005230167880654335,283.6061096191406,0.0,469.0,109.0
empty,C:\Users\Light\Videos\空轨道.mp4,910,False,0.001868699211627245,347.3510437011719,0.0,469.0,109.0
empty,C:\Users\Light\Videos\空轨道.mp4,911,False,0.0017355442978441715,347.79168701171875,0.0,469.0,109.0
empty,C:\Users\Light\Videos\空轨道.mp4,912,False,0.012025447562336922,392.73876953125,17.854223251342773,416.85247802734375,35.92664337158203
empty,C:\Users\Light\Videos\空轨道.mp4,913,False,0.04533103108406067,393.0227355957031,17.680177688598633,415.3437194824219,36.437355041503906
empty,C:\Users\Light\Videos\空轨道.mp4,914,False,0.039278868585824966,393.0181884765625,17.694072723388672,415.3180236816406,36.4765739440918
empty,C:\Users\Light\Videos\空轨道.mp4,915,False,0.025300297886133194,392.4682312011719,18.27109718322754,413.5503234863281,36.734954833984375
empty,C:\Users\Light\Videos\空轨道.mp4,916,False,0.04221178591251373,387.87353515625,19.42900276184082,413.2665710449219,37.57304763793945
empty,C:\Users\Light\Videos\空轨道.mp4,917,False,0.03906029090285301,387.9101257324219,19.43944549560547,413.2680969238281,37.5461540222168
empty,C:\Users\Light\Videos\空轨道.mp4,918,False,0.04611772671341896,387.168212890625,21.20873260498047,409.1548156738281,40.868412017822266
empty,C:\Users\Light\Videos\空轨道.mp4,919,False,0.04545409977436066,387.1578063964844,21.217226028442383,409.1620788574219,40.89008712768555
empty,C:\Users\Light\Videos\空轨道.mp4,920,False,0.05198829621076584,381.1106872558594,24.617385864257812,407.91009521484375,42.549198150634766
empty,C:\Users\Light\Videos\空轨道.mp4,921,False,0.4538182318210602,379.264892578125,24.842395782470703,404.9044494628906,43.694461822509766
empty,C:\Users\Light\Videos\空轨道.mp4,922,False,0.4689882695674896,379.2349548339844,24.827648162841797,404.91790771484375,43.70418930053711
empty,C:\Users\Light\Videos\空轨道.mp4,923,False,0.02482510916888714,376.8133544921875,25.988040924072266,402.82208251953125,44.746517181396484
empty,C:\Users\Light\Videos\空轨道.mp4,924,False,0.007101729977875948,374.5801086425781,25.285579681396484,401.25384521484375,44.99613571166992
empty,C:\Users\Light\Videos\空轨道.mp4,925,False,0.007273925933986902,374.6163024902344,25.272132873535156,401.18682861328125,45.02666091918945
empty,C:\Users\Light\Videos\空轨道.mp4,926,False,0.00856008380651474,374.29180908203125,26.29897689819336,399.1162414550781,46.80101013183594
empty,C:\Users\Light\Videos\空轨道.mp4,927,False,0.008450353518128395,374.27923583984375,26.30105972290039,399.14031982421875,46.797401428222656
empty,C:\Users\Light\Videos\空轨道.mp4,928,False,0.003804045030847192,374.1694641113281,26.791465759277344,398.4415588378906,47.72084045410156
empty,C:\Users\Light\Videos\空轨道.mp4,929,False,0.0038415950257331133,374.1738586425781,26.784629821777344,398.4306335449219,47.72736358642578
empty,C:\Users\Light\Videos\空轨道.mp4,930,False,0.005244702100753784,374.29534912109375,26.19947052001953,398.76959228515625,47.22785949707031
empty,C:\Users\Light\Videos\空轨道.mp4,931,False,0.00640095816925168,373.818359375,26.558589935302734,398.6314697265625,47.639869689941406
empty,C:\Users\Light\Videos\空轨道.mp4,932,False,0.005933037027716637,373.8749084472656,26.55569839477539,398.51959228515625,47.70698928833008
empty,C:\Users\Light\Videos\空轨道.mp4,933,False,0.006690036505460739,374.25140380859375,26.447473526000977,398.75830078125,47.46380615234375
empty,C:\Users\Light\Videos\空轨道.mp4,934,False,0.004459807649254799,374.27130126953125,26.3055419921875,399.27447509765625,47.26803970336914
empty,C:\Users\Light\Videos\空轨道.mp4,935,False,0.004360150080174208,374.36968994140625,26.278200149536133,399.2165222167969,47.219810485839844
empty,C:\Users\Light\Videos\空轨道.mp4,936,False,0.005781254265457392,374.7872009277344,26.693706512451172,399.0956115722656,47.17534637451172
empty,C:\Users\Light\Videos\空轨道.mp4,937,False,0.0063966368325054646,374.610595703125,26.118879318237305,399.0970458984375,47.11297607421875
empty,C:\Users\Light\Videos\空轨道.mp4,938,False,0.005867206025868654,374.60955810546875,26.138174057006836,399.1299133300781,47.08574676513672
empty,C:\Users\Light\Videos\空轨道.mp4,939,False,0.005328210070729256,374.679931640625,26.2474308013916,399.73016357421875,45.82625198364258
empty,C:\Users\Light\Videos\空轨道.mp4,940,False,0.004853616002947092,374.5419006347656,24.923389434814453,401.3071594238281,45.009830474853516
empty,C:\Users\Light\Videos\空轨道.mp4,941,False,0.004920790437608957,374.55438232421875,24.94109535217285,401.3070983886719,45.14425277709961
empty,C:\Users\Light\Videos\空轨道.mp4,942,False,0.022852662950754166,377.8182373046875,26.564550399780273,402.2781677246094,45.71916961669922
empty,C:\Users\Light\Videos\空轨道.mp4,943,False,0.02410583570599556,377.85809326171875,26.55186653137207,402.30035400390625,45.70119857788086
empty,C:\Users\Light\Videos\空轨道.mp4,944,False,0.3636499345302582,380.09246826171875,24.877626419067383,404.0565490722656,43.548160552978516
empty,C:\Users\Light\Videos\空轨道.mp4,945,False,0.10612383484840393,380.24786376953125,24.57050132751465,407.2024230957031,42.190303802490234
empty,C:\Users\Light\Videos\空轨道.mp4,946,False,0.10049165785312653,380.2861328125,24.61648941040039,407.1689147949219,42.20962142944336
empty,C:\Users\Light\Videos\空轨道.mp4,947,False,0.07054124772548676,383.5396423339844,22.88373374938965,408.8734130859375,41.26301193237305
empty,C:\Users\Light\Videos\空轨道.mp4,948,False,0.05872559919953346,387.717529296875,20.342533111572266,410.4278259277344,40.23484420776367
empty,C:\Users\Light\Videos\空轨道.mp4,949,False,0.09627313166856766,388.6189880371094,19.45136833190918,412.97601318359375,38.55717468261719
empty,C:\Users\Light\Videos\空轨道.mp4,950,False,0.0985637754201889,393.18377685546875,19.123109817504883,414.0200500488281,38.859798431396484
empty,C:\Users\Light\Videos\空轨道.mp4,951,False,0.09695686399936676,393.1687316894531,19.13102149963379,414.0290222167969,38.8848762512207
empty,C:\Users\Light\Videos\空轨道.mp4,952,False,0.05593915283679962,443.1202392578125,17.9610595703125,466.5287170410156,38.70872116088867
empty,C:\Users\Light\Videos\空轨道.mp4,953,False,0.045497797429561615,443.1674499511719,18.04395866394043,466.4915771484375,38.667240142822266
empty,C:\Users\Light\Videos\空轨道.mp4,954,False,0.011348030529916286,396.00946044921875,16.72115135192871,418.4131774902344,35.495853424072266
empty,C:\Users\Light\Videos\空轨道.mp4,955,False,0.007620520889759064,396.33917236328125,15.45654582977295,418.9560546875,37.394073486328125
empty,C:\Users\Light\Videos\空轨道.mp4,956,False,0.007578291930258274,396.34735107421875,15.462552070617676,418.9551086425781,37.381431579589844
empty,C:\Users\Light\Videos\空轨道.mp4,957,False,0.0021922257728874683,291.411376953125,0.0,469.0,109.0
empty,C:\Users\Light\Videos\空轨道.mp4,958,False,0.008604956790804863,272.2196044921875,0.0,469.0,109.0
empty,C:\Users\Light\Videos\空轨道.mp4,959,False,0.008455679751932621,272.746826171875,0.0,469.0,109.0
empty,C:\Users\Light\Videos\空轨道.mp4,960,False,0.009245204739272594,448.9927978515625,36.56568145751953,469.0,57.9947395324707
empty,C:\Users\Light\Videos\空轨道.mp4,961,False,0.0061051021330058575,449.8881530761719,36.109161376953125,469.0,57.70881652832031
empty,C:\Users\Light\Videos\空轨道.mp4,962,False,0.006396742071956396,449.86126708984375,36.094215393066406,469.0,57.71381378173828
empty,C:\Users\Light\Videos\空轨道.mp4,963,False,0.0021279416978359222,293.7786865234375,0.0,469.0,109.0
empty,C:\Users\Light\Videos\空轨道.mp4,964,False,0.0023361670318990946,293.4886474609375,0.0,469.0,109.0
empty,C:\Users\Light\Videos\空轨道.mp4,965,False,0.001688424265012145,295.8329772949219,0.0,469.0,109.0
empty,C:\Users\Light\Videos\空轨道.mp4,966,False,0.0036634206771850586,291.1225891113281,0.0,469.0,109.0
empty,C:\Users\Light\Videos\空轨道.mp4,967,False,0.0036539738066494465,291.1488037109375,0.0,469.0,109.0
empty,C:\Users\Light\Videos\空轨道.mp4,968,False,0.002866132650524378,293.4112854003906,0.0,469.0,109.0
empty,C:\Users\Light\Videos\空轨道.mp4,969,False,0.0012186282547190785,297.5772705078125,0.0,469.0,109.0
empty,C:\Users\Light\Videos\空轨道.mp4,970,False,0.001190435723401606,297.7638244628906,0.0,469.0,109.0
empty,C:\Users\Light\Videos\空轨道.mp4,971,False,0.0021842075511813164,293.5145263671875,0.0,469.0,109.0
empty,C:\Users\Light\Videos\空轨道.mp4,972,False,0.006709714885801077,448.79998779296875,22.063411712646484,469.0,44.33742141723633
empty,C:\Users\Light\Videos\空轨道.mp4,973,False,0.007377873174846172,448.7726135253906,22.222396850585938,469.0,44.497615814208984
empty,C:\Users\Light\Videos\空轨道.mp4,974,False,0.0028684583958238363,292.4028015136719,0.0,469.0,109.0
empty,C:\Users\Light\Videos\空轨道.mp4,975,False,0.0037462131585925817,289.4100646972656,0.0,469.0,109.0
empty,C:\Users\Light\Videos\空轨道.mp4,976,False,0.0022932870779186487,345.3587951660156,0.0,469.0,109.0
empty,C:\Users\Light\Videos\空轨道.mp4,977,False,0.0022206001449376345,345.6910095214844,0.0,469.0,109.0
empty,C:\Users\Light\Videos\空轨道.mp4,978,False,0.0031073675490915775,390.9704895019531,17.880916595458984,417.85906982421875,36.44033432006836
empty,C:\Users\Light\Videos\空轨道.mp4,979,False,0.04327114298939705,392.40655517578125,18.41836166381836,413.57110595703125,37.58279800415039
empty,C:\Users\Light\Videos\空轨道.mp4,980,False,0.0436604768037796,392.3841552734375,18.357561111450195,413.56744384765625,37.5655632019043
empty,C:\Users\Light\Videos\空轨道.mp4,981,False,0.13508924841880798,390.1273498535156,19.580278396606445,412.51416015625,39.55147933959961
empty,C:\Users\Light\Videos\空轨道.mp4,982,False,0.05611566826701164,386.9681396484375,20.600936889648438,410.0660705566406,40.41364288330078
empty,C:\Users\Light\Videos\空轨道.mp4,983,False,0.05281659588217735,386.9530334472656,20.651765823364258,410.071044921875,40.47428894042969
empty,C:\Users\Light\Videos\空轨道.mp4,984,False,0.03168688714504242,381.6019592285156,23.69388198852539,408.24017333984375,42.265357971191406
empty,C:\Users\Light\Videos\空轨道.mp4,985,False,0.20566800236701965,379.0793762207031,24.158782958984375,405.0010681152344,42.29798889160156
empty,C:\Users\Light\Videos\空轨道.mp4,986,False,0.19556885957717896,379.089599609375,24.205778121948242,404.9544372558594,42.249244689941406
empty,C:\Users\Light\Videos\空轨道.mp4,987,False,0.06814918667078018,376.5852966308594,24.692598342895508,402.7739562988281,43.250850677490234
empty,C:\Users\Light\Videos\空轨道.mp4,988,False,0.06624498963356018,376.5912780761719,24.704252243041992,402.76513671875,43.26465606689453
empty,C:\Users\Light\Videos\空轨道.mp4,989,False,0.023705394938588142,374.3041687011719,24.922761917114258,401.18341064453125,45.071414947509766
empty,C:\Users\Light\Videos\空轨道.mp4,990,False,0.009664660319685936,373.50225830078125,26.10686683654785,398.5546569824219,46.487388610839844
empty,C:\Users\Light\Videos\空轨道.mp4,991,False,0.00991005077958107,373.4862976074219,26.120134353637695,398.5670166015625,46.498592376708984
empty,C:\Users\Light\Videos\空轨道.mp4,992,False,0.0017416602931916714,369.2884826660156,27.438257217407227,395.26251220703125,45.82470703125
empty,C:\Users\Light\Videos\空轨道.mp4,993,False,0.0020723133347928524,367.160888671875,30.433757781982422,393.14837646484375,49.220741271972656
empty,C:\Users\Light\Videos\空轨道.mp4,994,False,0.002102443017065525,367.16827392578125,30.428850173950195,393.1462707519531,49.21332550048828
empty,C:\Users\Light\Videos\空轨道.mp4,995,False,0.0011936580995097756,401.2179260253906,31.426042556762695,432.3255920410156,53.71139144897461
empty,C:\Users\Light\Videos\空轨道.mp4,996,False,0.0011351886205375195,366.7045593261719,29.8550968170166,392.90887451171875,49.05283737182617
empty,C:\Users\Light\Videos\空轨道.mp4,997,False,0.0025534373708069324,367.1598815917969,30.312602996826172,393.107177734375,49.13992691040039
empty,C:\Users\Light\Videos\空轨道.mp4,998,False,0.0024523490574210882,367.2031555175781,30.27302360534668,393.0881652832031,49.125850677490234
empty,C:\Users\Light\Videos\空轨道.mp4,999,False,0.002052346244454384,367.1478271484375,30.12672233581543,393.1228332519531,49.19573211669922
empty,C:\Users\Light\Videos\空轨道.mp4,1000,False,0.0014371729921549559,367.3438720703125,30.037010192871094,393.32769775390625,49.292884826660156
empty,C:\Users\Light\Videos\空轨道.mp4,1001,False,0.0012245946563780308,402.5198059082031,30.608253479003906,432.87005615234375,52.8150749206543
empty,C:\Users\Light\Videos\空轨道.mp4,1002,False,0.0017342392820864916,406.9436340332031,32.81942367553711,432.7722473144531,54.56255340576172
empty,C:\Users\Light\Videos\空轨道.mp4,1003,False,0.0,,,,
empty,C:\Users\Light\Videos\空轨道.mp4,1004,False,0.0,,,,
empty,C:\Users\Light\Videos\空轨道.mp4,1005,False,0.0012591967824846506,406.8454284667969,31.217012405395508,436.48291015625,51.98820877075195
empty,C:\Users\Light\Videos\空轨道.mp4,1006,False,0.009687038138508797,373.3002014160156,26.921653747558594,398.3980407714844,48.05891418457031
empty,C:\Users\Light\Videos\空轨道.mp4,1007,False,0.009502296335995197,373.3079528808594,26.909439086914062,398.40594482421875,48.044010162353516
empty,C:\Users\Light\Videos\空轨道.mp4,1008,False,0.010246525518596172,374.3420715332031,25.205413818359375,401.6385498046875,45.40176010131836
empty,C:\Users\Light\Videos\空轨道.mp4,1009,False,0.01055232249200344,374.3868408203125,25.179216384887695,401.5974426269531,45.37704086303711
empty,C:\Users\Light\Videos\空轨道.mp4,1010,False,0.02852059341967106,377.7062683105469,26.492094039916992,402.9570617675781,45.76002502441406
empty,C:\Users\Light\Videos\空轨道.mp4,1011,False,0.24650059640407562,379.89703369140625,24.097980499267578,405.453857421875,43.396121978759766
empty,C:\Users\Light\Videos\空轨道.mp4,1012,False,0.2404886931180954,379.8926696777344,24.092601776123047,405.4564208984375,43.40481948852539
empty,C:\Users\Light\Videos\空轨道.mp4,1013,False,0.08357027173042297,383.18402099609375,23.249755859375,408.4998779296875,41.57533645629883
empty,C:\Users\Light\Videos\空轨道.mp4,1014,False,0.092598557472229,387.3753967285156,20.488475799560547,408.95330810546875,41.16119384765625
empty,C:\Users\Light\Videos\空轨道.mp4,1015,False,0.09542877972126007,387.3606262207031,20.4631290435791,408.9636535644531,41.167091369628906
empty,C:\Users\Light\Videos\空轨道.mp4,1016,False,0.09043876826763153,390.7345886230469,19.56781768798828,412.20849609375,39.26049041748047
empty,C:\Users\Light\Videos\空轨道.mp4,1017,False,0.14892999827861786,393.1108093261719,19.83592414855957,413.995849609375,39.596771240234375
empty,C:\Users\Light\Videos\空轨道.mp4,1018,False,0.1482750028371811,393.11968994140625,19.777633666992188,413.99334716796875,39.454437255859375
empty,C:\Users\Light\Videos\空轨道.mp4,1019,False,0.04038301110267639,444.2943420410156,19.4544620513916,467.7401123046875,39.16775131225586
empty,C:\Users\Light\Videos\空轨道.mp4,1020,False,0.037032462656497955,444.19757080078125,19.508943557739258,467.7462463378906,39.197444915771484
empty,C:\Users\Light\Videos\空轨道.mp4,1021,False,0.03766726329922676,395.6204833984375,16.51642417907715,417.99505615234375,35.60071563720703
empty,C:\Users\Light\Videos\空轨道.mp4,1022,False,0.005645610857754946,396.4372253417969,15.710399627685547,419.1434326171875,37.48871612548828
empty,C:\Users\Light\Videos\空轨道.mp4,1023,False,0.01499246433377266,397.5519714355469,14.23792839050293,420.34027099609375,35.96998977661133
empty,C:\Users\Light\Videos\空轨道.mp4,1024,False,0.006588267162442207,279.18658447265625,0.0,469.0,109.0
empty,C:\Users\Light\Videos\空轨道.mp4,1025,False,0.006683543790131807,278.8886413574219,0.0,469.0,109.0
empty,C:\Users\Light\Videos\空轨道.mp4,1026,False,0.008286792784929276,273.39404296875,0.0,469.0,109.0
empty,C:\Users\Light\Videos\空轨道.mp4,1027,False,0.008445963263511658,272.994873046875,0.0,469.0,109.0
empty,C:\Users\Light\Videos\空轨道.mp4,1028,False,0.00831137876957655,273.54107666015625,0.0,469.0,109.0
empty,C:\Users\Light\Videos\空轨道.mp4,1029,False,0.00742897717282176,276.8551330566406,0.0,469.0,109.0
empty,C:\Users\Light\Videos\空轨道.mp4,1030,False,0.006603047717362642,280.574951171875,0.0,469.0,109.0
empty,C:\Users\Light\Videos\空轨道.mp4,1031,False,0.006665363442152739,280.3497619628906,0.0,469.0,109.0
empty,C:\Users\Light\Videos\空轨道.mp4,1032,False,0.00649608951061964,280.49090576171875,0.0,469.0,109.0
empty,C:\Users\Light\Videos\空轨道.mp4,1033,False,0.006475317757576704,280.5806884765625,0.0,469.0,109.0
empty,C:\Users\Light\Videos\空轨道.mp4,1034,False,0.005320287775248289,284.906494140625,0.0,469.0,109.0
empty,C:\Users\Light\Videos\空轨道.mp4,1035,False,0.00512884184718132,283.87542724609375,0.0,469.0,109.0
empty,C:\Users\Light\Videos\空轨道.mp4,1036,False,0.00502814119681716,284.24395751953125,0.0,469.0,109.0
empty,C:\Users\Light\Videos\空轨道.mp4,1037,False,0.0,,,,
empty,C:\Users\Light\Videos\空轨道.mp4,1038,False,0.0,,,,
empty,C:\Users\Light\Videos\空轨道.mp4,1039,False,0.0,,,,
empty,C:\Users\Light\Videos\空轨道.mp4,1040,False,0.08776848763227463,392.1455383300781,16.374828338623047,414.7537536621094,35.644866943359375
empty,C:\Users\Light\Videos\空轨道.mp4,1041,False,0.028854811564087868,391.03631591796875,18.719772338867188,412.5786437988281,37.422847747802734
empty,C:\Users\Light\Videos\空轨道.mp4,1042,False,0.028904372826218605,391.0386962890625,18.718204498291016,412.5917053222656,37.407203674316406
empty,C:\Users\Light\Videos\空轨道.mp4,1043,False,0.16788804531097412,387.1624450683594,20.35212516784668,410.3096923828125,40.235965728759766
empty,C:\Users\Light\Videos\空轨道.mp4,1044,False,0.15959009528160095,387.2115173339844,20.34403419494629,410.21881103515625,40.27843475341797
empty,C:\Users\Light\Videos\空轨道.mp4,1045,False,0.012466629035770893,381.573974609375,23.14406394958496,408.66400146484375,42.14745330810547
empty,C:\Users\Light\Videos\空轨道.mp4,1046,False,0.1180206686258316,379.0351257324219,24.562589645385742,406.8550720214844,42.884315490722656
empty,C:\Users\Light\Videos\空轨道.mp4,1047,False,0.1731385737657547,378.7708740234375,24.641433715820312,403.8430480957031,42.85912322998047
empty,C:\Users\Light\Videos\空轨道.mp4,1048,False,0.04292520880699158,374.2530212402344,23.956205368041992,402.4303283691406,42.81911849975586
empty,C:\Users\Light\Videos\空轨道.mp4,1049,False,0.039704326540231705,374.262451171875,24.026039123535156,402.4063720703125,42.9550666809082
empty,C:\Users\Light\Videos\空轨道.mp4,1050,False,0.013309131376445293,373.078369140625,26.525375366210938,398.6421813964844,47.36600112915039
empty,C:\Users\Light\Videos\空轨道.mp4,1051,False,0.002114037051796913,370.53173828125,27.390005111694336,394.5927429199219,45.26430892944336
empty,C:\Users\Light\Videos\空轨道.mp4,1052,False,0.0020325584337115288,370.5838623046875,27.362281799316406,394.5584411621094,45.1878662109375
empty,C:\Users\Light\Videos\空轨道.mp4,1053,False,0.0016659942921251059,408.0215759277344,32.01335525512695,432.44293212890625,53.35523223876953
empty,C:\Users\Light\Videos\空轨道.mp4,1054,False,0.0016609280137345195,408.04339599609375,32.017051696777344,432.4314270019531,53.333648681640625
empty,C:\Users\Light\Videos\空轨道.mp4,1055,False,0.0021244364324957132,367.31878662109375,30.257156372070312,393.5269775390625,49.175201416015625
empty,C:\Users\Light\Videos\空轨道.mp4,1056,False,0.0021983464248478413,367.1531066894531,30.402427673339844,392.90167236328125,49.28564453125
empty,C:\Users\Light\Videos\空轨道.mp4,1057,False,0.0020922808907926083,367.09967041015625,30.463071823120117,392.87701416015625,49.366729736328125
empty,C:\Users\Light\Videos\空轨道.mp4,1058,False,0.0020959132816642523,401.32769775390625,31.39112663269043,432.1271667480469,53.32735061645508
empty,C:\Users\Light\Videos\空轨道.mp4,1059,False,0.0027801943942904472,401.32464599609375,31.316787719726562,431.5220642089844,53.2360725402832
empty,C:\Users\Light\Videos\空轨道.mp4,1060,False,0.0028582755476236343,401.34326171875,31.298141479492188,431.5276794433594,53.1811637878418
empty,C:\Users\Light\Videos\空轨道.mp4,1061,False,0.0019097685581073165,401.1871032714844,31.57406997680664,431.66473388671875,53.843284606933594
empty,C:\Users\Light\Videos\空轨道.mp4,1062,False,0.0019701237324625254,367.1481018066406,29.55453872680664,391.9332580566406,49.21466827392578
empty,C:\Users\Light\Videos\空轨道.mp4,1063,False,0.0020458209328353405,367.1656494140625,29.552656173706055,391.9245300292969,49.143760681152344
empty,C:\Users\Light\Videos\空轨道.mp4,1064,False,0.003118661465123296,367.79876708984375,30.196712493896484,391.8587646484375,49.54438400268555
empty,C:\Users\Light\Videos\空轨道.mp4,1065,False,0.003081796457991004,367.7558288574219,30.15695571899414,391.8312683105469,49.50785446166992
empty,C:\Users\Light\Videos\空轨道.mp4,1066,False,0.0024744602851569653,367.7062072753906,30.6956787109375,392.62841796875,49.4024772644043
empty,C:\Users\Light\Videos\空轨道.mp4,1067,False,0.0031973961740732193,368.216796875,29.965696334838867,392.5218811035156,49.13609313964844
empty,C:\Users\Light\Videos\空轨道.mp4,1068,False,0.0029804378282278776,368.1788330078125,29.96108055114746,392.47320556640625,49.130401611328125
empty,C:\Users\Light\Videos\空轨道.mp4,1069,False,0.0,,,,
empty,C:\Users\Light\Videos\空轨道.mp4,1070,False,0.0020907914731651545,407.0289306640625,31.23763084411621,436.8031921386719,52.538002014160156
empty,C:\Users\Light\Videos\空轨道.mp4,1071,False,0.005056977272033691,373.6678466796875,27.036174774169922,398.24420166015625,48.5295524597168
empty,C:\Users\Light\Videos\空轨道.mp4,1072,False,0.0050242869183421135,374.9463806152344,26.29084014892578,400.3424072265625,47.403541564941406
empty,C:\Users\Light\Videos\空轨道.mp4,1073,False,0.0050481874495744705,374.962158203125,26.307201385498047,400.322509765625,47.39399337768555
empty,C:\Users\Light\Videos\空轨道.mp4,1074,False,0.01710662432014942,377.7159729003906,27.243457794189453,402.34368896484375,47.38615036010742
empty,C:\Users\Light\Videos\空轨道.mp4,1075,False,0.28236615657806396,380.1589660644531,24.39385414123535,406.3036804199219,43.87308120727539
empty,C:\Users\Light\Videos\空轨道.mp4,1076,False,0.2828176021575928,380.1546630859375,24.395692825317383,406.30145263671875,43.893924713134766
empty,C:\Users\Light\Videos\空轨道.mp4,1077,False,0.08161313086748123,383.28375244140625,23.7344913482666,408.6279296875,41.7226448059082
empty,C:\Users\Light\Videos\空轨道.mp4,1078,False,0.08173636347055435,383.30328369140625,23.73139762878418,408.6244201660156,41.7136344909668
empty,C:\Users\Light\Videos\空轨道.mp4,1079,False,0.06273891031742096,385.1921691894531,21.956531524658203,410.8679504394531,40.094932556152344
empty,C:\Users\Light\Videos\空轨道.mp4,1080,False,0.00515782879665494,389.2973937988281,22.105297088623047,412.38958740234375,40.21393585205078
empty,C:\Users\Light\Videos\空轨道.mp4,1081,False,0.004500695038586855,389.28607177734375,22.17717170715332,412.3887634277344,40.25263977050781
empty,C:\Users\Light\Videos\空轨道.mp4,1082,False,0.19842836260795593,392.45819091796875,20.063400268554688,413.2300109863281,40.03643798828125
empty,C:\Users\Light\Videos\空轨道.mp4,1083,False,0.11570695042610168,393.643798828125,18.458187103271484,416.0597229003906,37.666324615478516
empty,C:\Users\Light\Videos\空轨道.mp4,1084,False,0.11547744274139404,393.6496276855469,18.46491050720215,416.0423278808594,37.6700439453125
empty,C:\Users\Light\Videos\空轨道.mp4,1085,False,0.02181769162416458,394.78131103515625,17.924753189086914,417.9981994628906,35.86239242553711
empty,C:\Users\Light\Videos\空轨道.mp4,1086,False,0.039735060185194016,396.2745361328125,16.676172256469727,418.4337158203125,35.75983810424805
empty,C:\Users\Light\Videos\空轨道.mp4,1087,False,0.03965003415942192,396.24407958984375,16.645736694335938,418.4422607421875,35.709007263183594
empty,C:\Users\Light\Videos\空轨道.mp4,1088,False,0.03513437137007713,396.5452880859375,16.4425106048584,419.4067687988281,35.728145599365234
empty,C:\Users\Light\Videos\空轨道.mp4,1089,False,0.035173024982213974,396.5511169433594,16.435810089111328,419.4054260253906,35.71521759033203
empty,C:\Users\Light\Videos\空轨道.mp4,1090,False,0.05941279977560043,395.4983215332031,18.07822608947754,419.7523498535156,35.79932403564453
empty,C:\Users\Light\Videos\空轨道.mp4,1091,False,0.0677594467997551,395.77496337890625,16.96160316467285,420.4783020019531,34.904396057128906
empty,C:\Users\Light\Videos\空轨道.mp4,1092,False,0.0671953558921814,395.7738952636719,16.9857177734375,420.4628601074219,34.918426513671875
empty,C:\Users\Light\Videos\空轨道.mp4,1093,False,0.00947826262563467,397.549560546875,14.839561462402344,420.2362976074219,37.08623123168945
empty,C:\Users\Light\Videos\空轨道.mp4,1094,False,0.0,,,,
empty,C:\Users\Light\Videos\空轨道.mp4,1095,False,0.001313935499638319,294.8240966796875,0.0,469.0,109.0
empty,C:\Users\Light\Videos\空轨道.mp4,1096,False,0.0018097786232829094,293.4938659667969,0.0,469.0,109.0
empty,C:\Users\Light\Videos\空轨道.mp4,1097,False,0.0019476123852655292,292.90057373046875,0.0,469.0,109.0
empty,C:\Users\Light\Videos\空轨道.mp4,1098,False,0.008628717623651028,396.6754150390625,15.206838607788086,419.32147216796875,35.74388122558594
empty,C:\Users\Light\Videos\空轨道.mp4,1099,False,0.008343304507434368,396.6568603515625,15.217730522155762,419.3243408203125,35.750736236572266
empty,C:\Users\Light\Videos\空轨道.mp4,1100,False,0.005316585768014193,445.7601623535156,15.137162208557129,467.2802734375,34.893707275390625
empty,C:\Users\Light\Videos\空轨道.mp4,1101,False,0.013659108430147171,391.9005126953125,16.61933708190918,415.1487731933594,35.159034729003906
empty,C:\Users\Light\Videos\空轨道.mp4,1102,False,0.013665038160979748,391.8852233886719,16.58749008178711,415.1597595214844,35.14421844482422
empty,C:\Users\Light\Videos\空轨道.mp4,1103,False,0.07356169074773788,392.3126525878906,18.098844528198242,412.2337341308594,37.23324966430664
empty,C:\Users\Light\Videos\空轨道.mp4,1104,False,0.07121195644140244,387.9632263183594,19.409772872924805,411.5572814941406,37.989810943603516
empty,C:\Users\Light\Videos\空轨道.mp4,1105,False,0.07110557705163956,387.9496154785156,19.400360107421875,411.57476806640625,37.99191665649414
empty,C:\Users\Light\Videos\空轨道.mp4,1106,False,0.018559204414486885,387.1205749511719,21.441608428955078,407.9443054199219,40.571128845214844
empty,C:\Users\Light\Videos\空轨道.mp4,1107,False,0.024401778355240822,376.9915466308594,25.756084442138672,408.32708740234375,43.93701934814453
empty,C:\Users\Light\Videos\空轨道.mp4,1108,False,0.02502019703388214,376.9264831542969,25.770965576171875,408.3749084472656,43.986637115478516
empty,C:\Users\Light\Videos\空轨道.mp4,1109,False,0.16528621315956116,378.5036315917969,24.281484603881836,404.1279602050781,42.60258102416992
empty,C:\Users\Light\Videos\空轨道.mp4,1110,False,0.16620025038719177,378.50201416015625,24.28695297241211,404.1352233886719,42.61118698120117
empty,C:\Users\Light\Videos\空轨道.mp4,1111,False,0.026334304362535477,374.5833435058594,23.72866439819336,402.2918395996094,43.53984451293945
empty,C:\Users\Light\Videos\空轨道.mp4,1112,False,0.016017155721783638,373.6901550292969,25.69171905517578,399.3396911621094,46.23611068725586
empty,C:\Users\Light\Videos\空轨道.mp4,1113,False,0.015859028324484825,373.6633605957031,25.731184005737305,399.3482971191406,46.28310775756836
empty,C:\Users\Light\Videos\空轨道.mp4,1114,False,0.0014909679302945733,368.4605712890625,29.576791763305664,395.971923828125,48.60295104980469
empty,C:\Users\Light\Videos\空轨道.mp4,1115,False,0.002484804019331932,403.31658935546875,30.423358917236328,432.5992431640625,51.75017547607422
empty,C:\Users\Light\Videos\空轨道.mp4,1116,False,0.002439117757603526,403.3139343261719,30.413766860961914,432.6018981933594,51.79289245605469
empty,C:\Users\Light\Videos\空轨道.mp4,1117,False,0.0039948513731360435,407.76275634765625,32.97065353393555,431.7369079589844,54.724365234375
empty,C:\Users\Light\Videos\空轨道.mp4,1118,False,0.0030352703761309385,400.30645751953125,31.161970138549805,431.03240966796875,53.7297477722168
empty,C:\Users\Light\Videos\空轨道.mp4,1119,False,0.00726366089656949,414.6913757324219,34.56349563598633,440.99853515625,52.90207290649414
empty,C:\Users\Light\Videos\空轨道.mp4,1120,False,0.0027649966068565845,400.8511047363281,31.71192169189453,430.3661193847656,54.1495361328125
empty,C:\Users\Light\Videos\空轨道.mp4,1121,False,0.002806600648909807,400.8727111816406,31.681621551513672,430.371337890625,54.11842727661133
empty,C:\Users\Light\Videos\空轨道.mp4,1122,False,0.006083089392632246,413.18365478515625,34.84115219116211,439.3770751953125,52.829978942871094
empty,C:\Users\Light\Videos\空轨道.mp4,1123,False,0.006373180076479912,412.84051513671875,34.98966979980469,439.0327453613281,52.97154998779297
empty,C:\Users\Light\Videos\空轨道.mp4,1124,False,0.003943437244743109,405.9286193847656,35.64484405517578,431.1159362792969,54.72017288208008
empty,C:\Users\Light\Videos\空轨道.mp4,1125,False,0.0032613156363368034,400.7397766113281,31.9389705657959,430.4600830078125,54.549957275390625
empty,C:\Users\Light\Videos\空轨道.mp4,1126,False,0.00338048511184752,406.9132385253906,33.63093948364258,430.5086364746094,55.631351470947266
empty,C:\Users\Light\Videos\空轨道.mp4,1127,False,0.0024568727239966393,400.85137939453125,31.952978134155273,430.0614318847656,54.29005432128906
empty,C:\Users\Light\Videos\空轨道.mp4,1128,False,0.001975105609744787,111.05223846435547,24.027273178100586,131.78453063964844,39.36860275268555
empty,C:\Users\Light\Videos\空轨道.mp4,1129,False,0.0019540057983249426,111.03539276123047,24.067075729370117,131.77978515625,39.376625061035156
empty,C:\Users\Light\Videos\空轨道.mp4,1130,False,0.0032567745074629784,111.15739440917969,23.811338424682617,131.86688232421875,39.35365295410156
empty,C:\Users\Light\Videos\空轨道.mp4,1131,False,0.007597924210131168,369.2093200683594,29.974929809570312,392.8783264160156,48.513999938964844
empty,C:\Users\Light\Videos\空轨道.mp4,1132,False,0.007651478983461857,369.2127990722656,29.979524612426758,392.8724365234375,48.52096939086914
empty,C:\Users\Light\Videos\空轨道.mp4,1133,False,0.002057859906926751,406.958251953125,32.18962097167969,435.1426696777344,53.523921966552734
empty,C:\Users\Light\Videos\空轨道.mp4,1134,False,0.002030799863860011,407.02294921875,32.19797897338867,435.1242980957031,53.4920768737793
empty,C:\Users\Light\Videos\空轨道.mp4,1135,False,0.0032288103830069304,407.5677795410156,31.195430755615234,437.3954162597656,51.89714813232422
empty,C:\Users\Light\Videos\空轨道.mp4,1136,False,0.014285416342318058,410.2833557128906,31.86322021484375,438.53948974609375,50.94549560546875
empty,C:\Users\Light\Videos\空轨道.mp4,1137,False,0.014075402170419693,410.13226318359375,31.86445426940918,438.3826599121094,50.93946838378906
empty,C:\Users\Light\Videos\空轨道.mp4,1138,False,0.004886695183813572,375.5270080566406,26.265539169311523,400.2920227050781,45.862022399902344
empty,C:\Users\Light\Videos\空轨道.mp4,1139,False,0.030100543051958084,377.8217468261719,26.9921817779541,403.27294921875,47.395652770996094
empty,C:\Users\Light\Videos\空轨道.mp4,1140,False,0.028898390009999275,377.8009338378906,27.01248550415039,403.24884033203125,47.414791107177734
empty,C:\Users\Light\Videos\空轨道.mp4,1141,False,0.24803973734378815,380.1495056152344,24.461177825927734,406.19635009765625,43.91588592529297
empty,C:\Users\Light\Videos\空轨道.mp4,1142,False,0.1729820817708969,384.0076904296875,23.067148208618164,409.1083984375,41.703975677490234
empty,C:\Users\Light\Videos\空轨道.mp4,1143,False,0.005262361839413643,384.2979431152344,23.38892936706543,412.8800354003906,41.52750778198242
empty,C:\Users\Light\Videos\空轨道.mp4,1144,False,0.0052952636033296585,384.26275634765625,23.395967483520508,412.9076843261719,41.55807876586914
empty,C:\Users\Light\Videos\空轨道.mp4,1145,False,0.1615547239780426,391.40557861328125,20.62525177001953,413.33856201171875,41.20528030395508
empty,C:\Users\Light\Videos\空轨道.mp4,1146,False,0.15475596487522125,394.0761413574219,18.327619552612305,415.6413269042969,38.6119499206543
empty,C:\Users\Light\Videos\空轨道.mp4,1147,False,0.15631908178329468,394.074951171875,18.322307586669922,415.6376953125,38.63460922241211
empty,C:\Users\Light\Videos\空轨道.mp4,1148,False,0.01736358180642128,395.93182373046875,17.39835548400879,418.0328063964844,35.31272888183594
empty,C:\Users\Light\Videos\空轨道.mp4,1149,False,0.021230969578027725,396.6475830078125,16.26900291442871,420.00604248046875,35.30936813354492
empty,C:\Users\Light\Videos\空轨道.mp4,1150,False,0.022123511880636215,396.633544921875,16.265281677246094,420.0032043457031,35.29766845703125
empty,C:\Users\Light\Videos\空轨道.mp4,1151,False,0.018924586474895477,397.6120910644531,14.624882698059082,420.02899169921875,37.516414642333984
empty,C:\Users\Light\Videos\空轨道.mp4,1152,False,0.004191155545413494,287.3356018066406,0.0,469.0,109.0
empty,C:\Users\Light\Videos\空轨道.mp4,1153,False,0.004035977181047201,287.7406005859375,0.0,469.0,109.0
empty,C:\Users\Light\Videos\空轨道.mp4,1154,False,0.006676867604255676,279.57305908203125,0.0,469.0,109.0
empty,C:\Users\Light\Videos\空轨道.mp4,1155,False,0.0059990547597408295,281.7100830078125,0.0,469.0,109.0
empty,C:\Users\Light\Videos\空轨道.mp4,1156,False,0.005941834766417742,281.9468994140625,0.0,469.0,109.0
empty,C:\Users\Light\Videos\空轨道.mp4,1157,False,0.007558376528322697,275.652099609375,0.0,469.0,109.0
empty,C:\Users\Light\Videos\空轨道.mp4,1158,False,0.007441761437803507,276.13189697265625,0.0,469.0,109.0
empty,C:\Users\Light\Videos\空轨道.mp4,1159,False,0.007902825251221657,274.5511169433594,0.0,469.0,109.0
empty,C:\Users\Light\Videos\空轨道.mp4,1160,False,0.007813329808413982,275.1657409667969,0.0,469.0,109.0
empty,C:\Users\Light\Videos\空轨道.mp4,1161,False,0.007990502752363682,274.4493408203125,0.0,469.0,109.0
empty,C:\Users\Light\Videos\空轨道.mp4,1162,False,0.007022896781563759,278.1656494140625,0.0,469.0,109.0
empty,C:\Users\Light\Videos\空轨道.mp4,1163,False,0.008465006947517395,272.67486572265625,0.0,469.0,109.0
empty,C:\Users\Light\Videos\空轨道.mp4,1164,False,0.008464530110359192,272.6893615722656,0.0,469.0,109.0
empty,C:\Users\Light\Videos\空轨道.mp4,1165,False,0.008969820104539394,270.67919921875,0.0,469.0,109.0
empty,C:\Users\Light\Videos\空轨道.mp4,1166,False,0.008175870403647423,273.9389953613281,0.0,469.0,109.0
empty,C:\Users\Light\Videos\空轨道.mp4,1167,False,0.006627665366977453,279.5301513671875,0.0,469.0,109.0
empty,C:\Users\Light\Videos\空轨道.mp4,1168,False,0.006626056041568518,279.5143127441406,0.0,469.0,109.0
empty,C:\Users\Light\Videos\空轨道.mp4,1169,False,0.0016816623974591494,348.265869140625,0.0,469.0,109.0
empty,C:\Users\Light\Videos\空轨道.mp4,1170,False,0.002459821756929159,393.3990478515625,15.257197380065918,415.59759521484375,35.31400680541992
empty,C:\Users\Light\Videos\空轨道.mp4,1171,False,0.0024045691825449467,393.39453125,15.252222061157227,415.62811279296875,35.307552337646484
empty,C:\Users\Light\Videos\空轨道.mp4,1172,False,0.02561706118285656,391.8968200683594,17.94879913330078,413.7261962890625,36.61928939819336
empty,C:\Users\Light\Videos\空轨道.mp4,1173,False,0.12392967194318771,388.35791015625,19.010648727416992,410.6031188964844,37.935462951660156
empty,C:\Users\Light\Videos\空轨道.mp4,1174,False,0.11814363300800323,388.3683776855469,19.010313034057617,410.5827941894531,37.955116271972656
empty,C:\Users\Light\Videos\空轨道.mp4,1175,False,0.029197176918387413,385.7822570800781,21.484861373901367,407.2040100097656,42.83220672607422
empty,C:\Users\Light\Videos\空轨道.mp4,1176,False,0.02683800272643566,377.497802734375,24.772293090820312,408.0643615722656,43.54452896118164
empty,C:\Users\Light\Videos\空轨道.mp4,1177,False,0.026628075167536736,377.4794616699219,24.801023483276367,408.0866394042969,43.581329345703125
empty,C:\Users\Light\Videos\空轨道.mp4,1178,False,0.36647850275039673,379.0483703613281,23.47830581665039,403.8459777832031,42.39742660522461
empty,C:\Users\Light\Videos\空轨道.mp4,1179,False,0.3704497516155243,378.96240234375,23.44894790649414,403.8033142089844,42.3929443359375
empty,C:\Users\Light\Videos\空轨道.mp4,1180,False,0.042639657855033875,377.607177734375,24.607681274414062,402.0439758300781,43.34930419921875
empty,C:\Users\Light\Videos\空轨道.mp4,1181,False,0.05118953436613083,374.66058349609375,24.060867309570312,401.33111572265625,43.848426818847656
empty,C:\Users\Light\Videos\空轨道.mp4,1182,False,0.05140053108334541,374.68609619140625,24.06682777404785,401.3130798339844,43.809791564941406
empty,C:\Users\Light\Videos\空轨道.mp4,1183,False,0.01726735755801201,373.90911865234375,26.02132225036621,399.2235412597656,46.457557678222656
empty,C:\Users\Light\Videos\空轨道.mp4,1184,False,0.0023737873416393995,372.351318359375,27.511720657348633,395.33819580078125,46.327213287353516
empty,C:\Users\Light\Videos\空轨道.mp4,1185,False,0.002673773793503642,372.307373046875,27.538524627685547,395.45928955078125,46.4018440246582
empty,C:\Users\Light\Videos\空轨道.mp4,1186,False,0.0033071262296289206,369.6558837890625,27.502981185913086,394.1566162109375,45.55756378173828
empty,C:\Users\Light\Videos\空轨道.mp4,1187,False,0.0014360679779201746,368.6989440917969,28.111135482788086,393.14727783203125,46.998565673828125
empty,C:\Users\Light\Videos\空轨道.mp4,1188,False,0.0016428042436018586,368.6632080078125,28.11646842956543,393.14276123046875,47.12434005737305
empty,C:\Users\Light\Videos\空轨道.mp4,1189,False,0.003850625827908516,400.88800048828125,31.071674346923828,431.38330078125,52.64519500732422
empty,C:\Users\Light\Videos\空轨道.mp4,1190,False,0.004477449227124453,401.125244140625,31.885162353515625,429.9075012207031,53.13981246948242
empty,C:\Users\Light\Videos\空轨道.mp4,1191,False,0.0027377293445169926,400.6796875,32.66458511352539,429.4051208496094,54.01103210449219
empty,C:\Users\Light\Videos\空轨道.mp4,1192,False,0.002464028773829341,400.7513427734375,32.68444061279297,429.38702392578125,53.844425201416016
empty,C:\Users\Light\Videos\空轨道.mp4,1193,False,0.001040060305967927,399.9500732421875,33.1270637512207,429.0352478027344,53.59727478027344
empty,C:\Users\Light\Videos\空轨道.mp4,1194,False,0.003112249309197068,400.0238952636719,32.79851531982422,429.39495849609375,54.34151077270508
empty,C:\Users\Light\Videos\空轨道.mp4,1195,False,0.0032183744478970766,400.0386962890625,32.78569412231445,429.3988037109375,54.317752838134766
empty,C:\Users\Light\Videos\空轨道.mp4,1196,False,0.003047641832381487,400.2245178222656,32.80409240722656,429.48504638671875,53.65534210205078
empty,C:\Users\Light\Videos\空轨道.mp4,1197,False,0.0017344157677143812,399.6167297363281,32.85487747192383,429.733642578125,54.30562973022461
empty,C:\Users\Light\Videos\空轨道.mp4,1198,False,0.0017085178988054395,399.5983581542969,32.86146545410156,429.74700927734375,54.29352951049805
empty,C:\Users\Light\Videos\空轨道.mp4,1199,False,0.001875977381132543,109.91665649414062,25.812850952148438,131.5824432373047,39.123355865478516
empty,C:\Users\Light\Videos\空轨道.mp4,1200,False,0.0010982346720993519,109.92289733886719,26.122217178344727,131.00148010253906,38.863922119140625
empty,C:\Users\Light\Videos\空轨道.mp4,1201,False,0.0011470800964161754,109.93258666992188,26.14406967163086,131.0130157470703,38.8748779296875
empty,C:\Users\Light\Videos\空轨道.mp4,1202,False,0.002481552306562662,400.74603271484375,33.163639068603516,428.43328857421875,53.46240234375
empty,C:\Users\Light\Videos\空轨道.mp4,1203,False,0.0024854266084730625,400.72113037109375,33.17898941040039,428.4299621582031,53.51253890991211
empty,C:\Users\Light\Videos\空轨道.mp4,1204,False,0.00109528424218297,109.75408935546875,26.218339920043945,130.92916870117188,39.166316986083984
empty,C:\Users\Light\Videos\空轨道.mp4,1205,False,0.0016369649674743414,401.0259704589844,32.87596893310547,428.3868103027344,52.95335006713867
empty,C:\Users\Light\Videos\空轨道.mp4,1206,False,0.001596553367562592,400.97943115234375,32.85642623901367,428.42803955078125,52.985801696777344
empty,C:\Users\Light\Videos\空轨道.mp4,1207,False,0.0012853015214204788,110.07894897460938,26.301687240600586,131.09255981445312,39.04478073120117
empty,C:\Users\Light\Videos\空轨道.mp4,1208,False,0.0028223979752510786,401.2923889160156,33.19304275512695,427.8674011230469,53.304134368896484
empty,C:\Users\Light\Videos\空轨道.mp4,1209,False,0.0027410387992858887,401.3144226074219,33.193199157714844,427.82025146484375,53.28438949584961
empty,C:\Users\Light\Videos\空轨道.mp4,1210,False,0.0019701810088008642,400.9886779785156,32.97610092163086,428.3638610839844,53.273250579833984
empty,C:\Users\Light\Videos\空轨道.mp4,1211,False,0.0011591196525841951,400.4458312988281,32.822696685791016,428.7357482910156,53.51697540283203
empty,C:\Users\Light\Videos\空轨道.mp4,1212,False,0.001152861281298101,400.45867919921875,32.81039047241211,428.7433166503906,53.49485397338867
empty,C:\Users\Light\Videos\空轨道.mp4,1213,False,0.0011977432295680046,400.80560302734375,32.925811767578125,428.3756103515625,53.27656936645508
empty,C:\Users\Light\Videos\空轨道.mp4,1214,False,0.0,,,,
empty,C:\Users\Light\Videos\空轨道.mp4,1215,False,0.0019985525868833065,401.0436706542969,32.73329544067383,428.2191162109375,53.23600387573242
empty,C:\Users\Light\Videos\空轨道.mp4,1216,False,0.001985559007152915,401.01806640625,32.72769546508789,428.2487487792969,53.237213134765625
empty,C:\Users\Light\Videos\空轨道.mp4,1217,False,0.0018160745967179537,401.23150634765625,33.03587341308594,428.1990051269531,53.25565719604492
empty,C:\Users\Light\Videos\空轨道.mp4,1218,False,0.0013342004967853427,257.08880615234375,1.6590335369110107,469.0,109.0
empty,C:\Users\Light\Videos\空轨道.mp4,1219,False,0.0012805870501324534,257.51739501953125,1.8165853023529053,469.0,109.0
empty,C:\Users\Light\Videos\空轨道.mp4,1220,False,0.0024889737833291292,401.0601501464844,33.02619171142578,428.1857604980469,53.3453483581543
empty,C:\Users\Light\Videos\空轨道.mp4,1221,False,0.004210038110613823,401.3875427246094,33.05673599243164,428.05828857421875,53.68445587158203
empty,C:\Users\Light\Videos\空轨道.mp4,1222,False,0.00434530945494771,401.3848876953125,33.05731964111328,428.0638122558594,53.71381378173828
empty,C:\Users\Light\Videos\空轨道.mp4,1223,False,0.002209252445027232,401.21612548828125,33.10259246826172,428.05963134765625,53.376075744628906
empty,C:\Users\Light\Videos\空轨道.mp4,1224,False,0.002017148770391941,401.1612854003906,33.09532928466797,428.07568359375,53.384681701660156
empty,C:\Users\Light\Videos\空轨道.mp4,1225,False,0.0,,,,
empty,C:\Users\Light\Videos\空轨道.mp4,1226,False,0.0023891970049589872,401.20623779296875,33.09239196777344,428.1446838378906,53.30577087402344
empty,C:\Users\Light\Videos\空轨道.mp4,1227,False,0.0024186414666473866,401.194091796875,33.08085250854492,428.1549377441406,53.31471252441406
empty,C:\Users\Light\Videos\空轨道.mp4,1228,False,0.0016587800346314907,109.95008087158203,26.043397903442383,130.99447631835938,38.853363037109375
empty,C:\Users\Light\Videos\空轨道.mp4,1229,False,0.0015067007625475526,400.8385925292969,32.73367691040039,428.44354248046875,52.996986389160156
empty,C:\Users\Light\Videos\空轨道.mp4,1230,False,0.0015307212015613914,400.836669921875,32.78125762939453,428.4095153808594,53.059043884277344
empty,C:\Users\Light\Videos\空轨道.mp4,1231,False,0.0012582708150148392,400.614990234375,32.88936996459961,428.5934753417969,53.47365188598633
empty,C:\Users\Light\Videos\空轨道.mp4,1232,False,0.002915589138865471,400.9112243652344,33.04922866821289,428.2462463378906,53.65834426879883
empty,C:\Users\Light\Videos\空轨道.mp4,1233,False,0.0029569249600172043,400.90740966796875,33.0546989440918,428.25677490234375,53.680355072021484
empty,C:\Users\Light\Videos\空轨道.mp4,1234,False,0.0013359944568946958,400.96673583984375,32.80427169799805,428.0983581542969,53.23472595214844
empty,C:\Users\Light\Videos\空轨道.mp4,1235,False,0.0013499120250344276,400.95294189453125,32.79046630859375,428.12847900390625,53.24848556518555
empty,C:\Users\Light\Videos\空轨道.mp4,1236,False,0.0010364846093580127,109.78492736816406,26.19196128845215,130.97967529296875,39.02344512939453
empty,C:\Users\Light\Videos\空轨道.mp4,1237,False,0.0032022250816226006,401.1303405761719,32.8585090637207,428.4283447265625,53.32575988769531
empty,C:\Users\Light\Videos\空轨道.mp4,1238,False,0.00160051672719419,400.6005859375,32.93381118774414,428.3992614746094,53.45767593383789
empty,C:\Users\Light\Videos\空轨道.mp4,1239,False,0.0010350835509598255,400.91265869140625,32.97939682006836,428.1448669433594,53.25032424926758
empty,C:\Users\Light\Videos\空轨道.mp4,1240,False,0.0,,,,
empty,C:\Users\Light\Videos\空轨道.mp4,1241,False,0.0,,,,
empty,C:\Users\Light\Videos\空轨道.mp4,1242,False,0.0,,,,
empty,C:\Users\Light\Videos\空轨道.mp4,1243,False,0.0,,,,
empty,C:\Users\Light\Videos\空轨道.mp4,1244,False,0.0012756456853821874,401.27337646484375,33.243289947509766,427.8205261230469,53.05245590209961
empty,C:\Users\Light\Videos\空轨道.mp4,1245,False,0.0012945999624207616,109.86428833007812,26.52472496032715,130.90989685058594,39.03218460083008
empty,C:\Users\Light\Videos\空轨道.mp4,1246,False,0.0012366052251309156,109.86923217773438,26.537813186645508,130.89524841308594,39.023712158203125
empty,C:\Users\Light\Videos\空轨道.mp4,1247,False,0.0,,,,
empty,C:\Users\Light\Videos\空轨道.mp4,1248,False,0.0,,,,
empty,C:\Users\Light\Videos\空轨道.mp4,1249,False,0.0019759992137551308,111.47323608398438,24.07211685180664,131.8055877685547,39.27507781982422
empty,C:\Users\Light\Videos\空轨道.mp4,1250,False,0.0014944515423849225,109.69741821289062,26.01800537109375,131.56309509277344,39.09937286376953
empty,C:\Users\Light\Videos\空轨道.mp4,1251,False,0.0014655139530077577,109.68681335449219,26.01168441772461,131.54238891601562,39.094173431396484
empty,C:\Users\Light\Videos\空轨道.mp4,1252,False,0.001973577309399843,109.68104553222656,26.26773452758789,131.21214294433594,39.24453353881836
empty,C:\Users\Light\Videos\空轨道.mp4,1253,False,0.0012813078938052058,110.40940856933594,26.113880157470703,131.15911865234375,38.78727340698242
empty,C:\Users\Light\Videos\空轨道.mp4,1254,False,0.0013838268350809813,110.4299545288086,26.06235694885254,131.21548461914062,38.7427864074707
empty,C:\Users\Light\Videos\空轨道.mp4,1255,False,0.003003952791914344,401.1185607910156,32.87164306640625,428.1563415527344,53.251041412353516
empty,C:\Users\Light\Videos\空轨道.mp4,1256,False,0.0019218429224565625,109.68707275390625,26.199268341064453,131.13668823242188,38.96459197998047
empty,C:\Users\Light\Videos\空轨道.mp4,1257,False,0.0020898429211229086,110.97369384765625,23.985923767089844,131.67919921875,39.114524841308594
empty,C:\Users\Light\Videos\空轨道.mp4,1258,False,0.0015746122226119041,256.1090393066406,0.36467742919921875,469.0,109.0
empty,C:\Users\Light\Videos\空轨道.mp4,1259,False,0.0016730775823816657,255.55592346191406,0.11842156201601028,469.0,109.0
empty,C:\Users\Light\Videos\空轨道.mp4,1260,False,0.0018206944223493338,400.66571044921875,32.96133041381836,428.5513610839844,53.57762145996094
empty,C:\Users\Light\Videos\空轨道.mp4,1261,False,0.0,,,,
empty,C:\Users\Light\Videos\空轨道.mp4,1262,False,0.001198219833895564,400.6907653808594,33.29172134399414,428.25860595703125,53.44136047363281
