video,video_path,frame_id,expected_ball,confidence,x1,y1,x2,y2
normal,C:\Users\Light\Videos\正常往返.mp4,0,True,0.16075240075588226,399.64349365234375,37.488670349121094,424.190185546875,60.18244552612305
normal,C:\Users\Light\Videos\正常往返.mp4,1,True,0.2342386692762375,399.1113586425781,37.84935760498047,423.7103271484375,60.98714828491211
normal,C:\Users\Light\Videos\正常往返.mp4,2,True,0.29331764578819275,398.51190185546875,38.573917388916016,423.7727966308594,62.03554916381836
normal,C:\Users\Light\Videos\正常往返.mp4,3,True,0.30814799666404724,399.2625427246094,38.15040969848633,423.9844055175781,60.90227508544922
normal,C:\Users\Light\Videos\正常往返.mp4,4,True,0.20767082273960114,399.4905090332031,38.27728271484375,423.8327331542969,61.369171142578125
normal,C:\Users\Light\Videos\正常往返.mp4,5,True,0.22428131103515625,399.160888671875,38.507198333740234,423.9681701660156,61.732078552246094
normal,C:\Users\Light\Videos\正常往返.mp4,6,True,0.28664812445640564,399.34124755859375,38.13743591308594,423.86517333984375,60.989253997802734
normal,C:\Users\Light\Videos\正常往返.mp4,7,True,0.2536347806453705,399.2980041503906,38.43050765991211,424.084228515625,61.30595016479492
normal,C:\Users\Light\Videos\正常往返.mp4,8,True,0.23775418102741241,399.0175476074219,38.41278076171875,423.82080078125,61.477867126464844
normal,C:\Users\Light\Videos\正常往返.mp4,9,True,0.22201403975486755,398.8939514160156,38.5650634765625,423.8370666503906,61.88389205932617
normal,C:\Users\Light\Videos\正常往返.mp4,10,True,0.27092209458351135,399.423583984375,38.35946273803711,424.00714111328125,61.2169303894043
normal,C:\Users\Light\Videos\正常往返.mp4,11,True,0.28776583075523376,399.2776794433594,38.4822998046875,424.0908203125,61.47392272949219
normal,C:\Users\Light\Videos\正常往返.mp4,12,True,0.214095801115036,399.5205993652344,38.51869583129883,423.9859924316406,61.55487060546875
normal,C:\Users\Light\Videos\正常往返.mp4,13,True,0.19438610970973969,399.69036865234375,38.03812789916992,423.78375244140625,61.17560577392578
normal,C:\Users\Light\Videos\正常往返.mp4,14,True,0.23089687526226044,399.3077697753906,38.16188430786133,423.8219299316406,61.37551498413086
normal,C:\Users\Light\Videos\正常往返.mp4,15,True,0.1702134758234024,399.73193359375,38.1955451965332,423.82305908203125,61.382328033447266
normal,C:\Users\Light\Videos\正常往返.mp4,16,True,0.17080216109752655,399.7417297363281,38.169281005859375,423.8175354003906,61.36659240722656
normal,C:\Users\Light\Videos\正常往返.mp4,17,True,0.2374773472547531,399.3475341796875,38.41316223144531,423.9042663574219,61.402809143066406
normal,C:\Users\Light\Videos\正常往返.mp4,18,True,0.2567562162876129,399.0561828613281,38.53989791870117,423.91375732421875,61.47867202758789
normal,C:\Users\Light\Videos\正常往返.mp4,19,True,0.22797222435474396,398.634521484375,38.588172912597656,423.7450256347656,61.87517547607422
normal,C:\Users\Light\Videos\正常往返.mp4,20,True,0.27404505014419556,398.8832092285156,38.184410095214844,423.75604248046875,61.401084899902344
normal,C:\Users\Light\Videos\正常往返.mp4,21,True,0.23545943200588226,399.2864685058594,37.83053207397461,423.8386535644531,60.810054779052734
normal,C:\Users\Light\Videos\正常往返.mp4,22,True,0.2549417316913605,399.2767028808594,38.84368133544922,423.8802490234375,61.7998046875
normal,C:\Users\Light\Videos\正常往返.mp4,23,True,0.23472586274147034,399.4442138671875,38.4271240234375,423.7218933105469,61.442142486572266
normal,C:\Users\Light\Videos\正常往返.mp4,24,True,0.23647819459438324,399.3988952636719,38.173831939697266,423.9637145996094,61.1399040222168
normal,C:\Users\Light\Videos\正常往返.mp4,25,True,0.22456707060337067,398.8060607910156,38.4788932800293,423.7095642089844,61.566078186035156
normal,C:\Users\Light\Videos\正常往返.mp4,26,True,0.22352105379104614,399.3036804199219,38.385257720947266,424.10552978515625,61.25106430053711
normal,C:\Users\Light\Videos\正常往返.mp4,27,True,0.27309396862983704,398.72235107421875,38.455047607421875,423.97283935546875,61.755496978759766
normal,C:\Users\Light\Videos\正常往返.mp4,28,True,0.21366754174232483,398.7579345703125,38.31865310668945,423.7719421386719,61.52578353881836
normal,C:\Users\Light\Videos\正常往返.mp4,29,True,0.2503146827220917,399.50311279296875,38.20984649658203,423.86944580078125,61.144588470458984
normal,C:\Users\Light\Videos\正常往返.mp4,30,True,0.2980315387248993,399.15966796875,38.217220306396484,424.20989990234375,61.33403015136719
normal,C:\Users\Light\Videos\正常往返.mp4,31,True,0.22083768248558044,399.32720947265625,38.42622756958008,423.89276123046875,61.60359573364258
normal,C:\Users\Light\Videos\正常往返.mp4,32,True,0.23811978101730347,399.5069580078125,38.17564392089844,423.97467041015625,61.035221099853516
normal,C:\Users\Light\Videos\正常往返.mp4,33,True,0.18597999215126038,399.54833984375,38.26262283325195,423.8002014160156,61.44416046142578
normal,C:\Users\Light\Videos\正常往返.mp4,34,True,0.2307780385017395,399.70758056640625,37.93584442138672,424.0204772949219,60.4893684387207
normal,C:\Users\Light\Videos\正常往返.mp4,35,True,0.2521834373474121,399.2809753417969,38.5362663269043,423.88726806640625,61.40377426147461
normal,C:\Users\Light\Videos\正常往返.mp4,36,True,0.20578189194202423,399.4552001953125,37.41831970214844,423.9061584472656,60.26014709472656
normal,C:\Users\Light\Videos\正常往返.mp4,37,True,0.21987050771713257,399.5345764160156,38.43617630004883,423.83807373046875,61.30875015258789
normal,C:\Users\Light\Videos\正常往返.mp4,38,True,0.22094625234603882,399.5312194824219,38.42169952392578,423.83837890625,61.30489730834961
normal,C:\Users\Light\Videos\正常往返.mp4,39,True,0.2929926812648773,398.918701171875,38.50775909423828,423.99530029296875,61.6046257019043
normal,C:\Users\Light\Videos\正常往返.mp4,40,True,0.24687717854976654,398.82305908203125,38.801727294921875,424.0175476074219,61.8821907043457
normal,C:\Users\Light\Videos\正常往返.mp4,41,True,0.2470862865447998,399.0390930175781,38.907936096191406,423.839599609375,61.923404693603516
normal,C:\Users\Light\Videos\正常往返.mp4,42,True,0.20481045544147491,399.07196044921875,38.55672836303711,423.7857666015625,61.71329879760742
normal,C:\Users\Light\Videos\正常往返.mp4,43,True,0.2752911150455475,399.1571044921875,38.670040130615234,424.16943359375,61.73382568359375
normal,C:\Users\Light\Videos\正常往返.mp4,44,True,0.27400800585746765,399.02203369140625,38.357154846191406,424.0819396972656,61.3592643737793
normal,C:\Users\Light\Videos\正常往返.mp4,45,True,0.23698227107524872,399.2639465332031,38.64265441894531,424.0057067871094,61.45301055908203
normal,C:\Users\Light\Videos\正常往返.mp4,46,True,0.2784862518310547,399.1895751953125,38.0601806640625,423.89898681640625,61.101200103759766
normal,C:\Users\Light\Videos\正常往返.mp4,47,True,0.2614201009273529,398.8352355957031,38.931556701660156,423.89892578125,62.13008117675781
normal,C:\Users\Light\Videos\正常往返.mp4,48,True,0.2902255952358246,399.5625305175781,38.01632308959961,424.0546569824219,60.92381286621094
normal,C:\Users\Light\Videos\正常往返.mp4,49,True,0.2690012753009796,398.5716552734375,38.69413375854492,423.6730651855469,62.01022720336914
normal,C:\Users\Light\Videos\正常往返.mp4,50,True,0.19859403371810913,399.3906555175781,38.47369384765625,423.8132019042969,61.519954681396484
normal,C:\Users\Light\Videos\正常往返.mp4,51,True,0.16707435250282288,399.6365051269531,37.98006057739258,423.6900634765625,61.15707015991211
normal,C:\Users\Light\Videos\正常往返.mp4,52,True,0.2500072121620178,399.04559326171875,38.123069763183594,423.46258544921875,61.14875411987305
normal,C:\Users\Light\Videos\正常往返.mp4,53,True,0.3097889721393585,398.7143249511719,38.51840591430664,423.7586364746094,61.69169235229492
normal,C:\Users\Light\Videos\正常往返.mp4,54,True,0.2630869150161743,398.9494934082031,38.80437469482422,423.8799743652344,61.91154861450195
normal,C:\Users\Light\Videos\正常往返.mp4,55,True,0.18827815353870392,399.6283874511719,38.42815399169922,423.9714050292969,61.381813049316406
normal,C:\Users\Light\Videos\正常往返.mp4,56,True,0.23967555165290833,399.24932861328125,38.50033950805664,423.9373779296875,61.348304748535156
normal,C:\Users\Light\Videos\正常往返.mp4,57,True,0.2136334776878357,399.2106018066406,38.232078552246094,423.87176513671875,61.13656234741211
normal,C:\Users\Light\Videos\正常往返.mp4,58,True,0.1976408064365387,399.49774169921875,38.15684127807617,423.8433532714844,61.04774856567383
normal,C:\Users\Light\Videos\正常往返.mp4,59,True,0.2057417929172516,399.26214599609375,38.393550872802734,423.8261413574219,61.45469284057617
normal,C:\Users\Light\Videos\正常往返.mp4,60,True,0.20153549313545227,399.29705810546875,38.38438415527344,423.8262634277344,61.44651412963867
normal,C:\Users\Light\Videos\正常往返.mp4,61,True,0.3154628276824951,399.2632141113281,38.01365661621094,423.9647216796875,60.955299377441406
normal,C:\Users\Light\Videos\正常往返.mp4,62,True,0.16571225225925446,399.5283508300781,38.59169006347656,423.7593078613281,61.8261604309082
normal,C:\Users\Light\Videos\正常往返.mp4,63,True,0.2559981048107147,399.3168640136719,38.053348541259766,424.0696716308594,61.283695220947266
normal,C:\Users\Light\Videos\正常往返.mp4,64,True,0.21351784467697144,399.5442199707031,38.19162368774414,423.7015686035156,61.14716339111328
normal,C:\Users\Light\Videos\正常往返.mp4,65,True,0.2512054443359375,398.89202880859375,38.774993896484375,423.798583984375,61.95271682739258
normal,C:\Users\Light\Videos\正常往返.mp4,66,True,0.2869166135787964,398.77069091796875,38.743167877197266,423.9120178222656,62.09077072143555
normal,C:\Users\Light\Videos\正常往返.mp4,67,True,0.22693853080272675,399.3735656738281,38.87653732299805,423.92340087890625,61.59841537475586
normal,C:\Users\Light\Videos\正常往返.mp4,68,True,0.21552816033363342,398.8440856933594,38.92104721069336,423.6313781738281,61.90150833129883
normal,C:\Users\Light\Videos\正常往返.mp4,69,True,0.2632347047328949,399.29522705078125,38.591285705566406,423.9789733886719,61.4221305847168
normal,C:\Users\Light\Videos\正常往返.mp4,70,True,0.28239864110946655,399.1593017578125,38.47620391845703,424.24847412109375,61.44196319580078
normal,C:\Users\Light\Videos\正常往返.mp4,71,True,0.23652450740337372,399.4115295410156,38.22475051879883,424.0664367675781,61.00431442260742
normal,C:\Users\Light\Videos\正常往返.mp4,72,True,0.12153778225183487,399.8606872558594,37.42955017089844,423.54876708984375,60.560882568359375
normal,C:\Users\Light\Videos\正常往返.mp4,73,True,0.2213362753391266,399.13116455078125,38.40901565551758,423.98974609375,61.64312744140625
normal,C:\Users\Light\Videos\正常往返.mp4,74,True,0.24910618364810944,398.6482849121094,38.68494415283203,423.6874084472656,61.95993423461914
normal,C:\Users\Light\Videos\正常往返.mp4,75,True,0.29854682087898254,398.88299560546875,38.742340087890625,423.9119873046875,61.858299255371094
normal,C:\Users\Light\Videos\正常往返.mp4,76,True,0.25576332211494446,399.36285400390625,38.43043899536133,423.81695556640625,61.18916320800781
normal,C:\Users\Light\Videos\正常往返.mp4,77,True,0.2162897288799286,399.5116271972656,38.734046936035156,423.7768249511719,61.59236526489258
normal,C:\Users\Light\Videos\正常往返.mp4,78,True,0.19662176072597504,398.930908203125,38.92732238769531,423.7716369628906,61.94834899902344
normal,C:\Users\Light\Videos\正常往返.mp4,79,True,0.19675509631633759,399.43896484375,38.70612335205078,423.6922607421875,61.38604736328125
normal,C:\Users\Light\Videos\正常往返.mp4,80,True,0.2537834346294403,398.9879455566406,38.74166488647461,423.7414855957031,61.696624755859375
normal,C:\Users\Light\Videos\正常往返.mp4,81,True,0.2912604808807373,399.1756286621094,38.709774017333984,424.0512390136719,61.852134704589844
normal,C:\Users\Light\Videos\正常往返.mp4,82,True,0.24562957882881165,399.7284851074219,38.54930877685547,423.863525390625,61.39741134643555
normal,C:\Users\Light\Videos\正常往返.mp4,83,True,0.19610407948493958,399.9820861816406,38.13290786743164,423.8221130371094,61.16334533691406
normal,C:\Users\Light\Videos\正常往返.mp4,84,True,0.09169282019138336,400.6346130371094,39.188838958740234,424.4577941894531,59.776798248291016
normal,C:\Users\Light\Videos\正常往返.mp4,85,True,0.07428880780935287,400.82220458984375,40.28681564331055,424.14874267578125,60.28778076171875
normal,C:\Users\Light\Videos\正常往返.mp4,86,True,0.12172206491231918,401.06402587890625,37.63604736328125,423.6370849609375,60.17433166503906
normal,C:\Users\Light\Videos\正常往返.mp4,87,True,0.10130417346954346,400.5793762207031,37.82094192504883,423.88629150390625,60.382354736328125
normal,C:\Users\Light\Videos\正常往返.mp4,88,True,0.17313246428966522,399.47796630859375,39.46425247192383,423.4991455078125,61.22688293457031
normal,C:\Users\Light\Videos\正常往返.mp4,89,True,0.17019307613372803,399.3384704589844,38.211952209472656,423.5982971191406,61.031768798828125
normal,C:\Users\Light\Videos\正常往返.mp4,90,True,0.2227935642004013,399.1922607421875,38.7922477722168,423.74981689453125,61.85572052001953
normal,C:\Users\Light\Videos\正常往返.mp4,91,True,0.23945116996765137,399.81103515625,38.054107666015625,423.9626770019531,60.73017883300781
normal,C:\Users\Light\Videos\正常往返.mp4,92,True,0.19701887667179108,397.4954528808594,42.53664779663086,420.8565979003906,63.932044982910156
normal,C:\Users\Light\Videos\正常往返.mp4,93,True,0.14685872197151184,399.9287414550781,39.03139877319336,423.6643371582031,60.729530334472656
normal,C:\Users\Light\Videos\正常往返.mp4,94,True,0.1584540754556656,399.4978942871094,39.745628356933594,423.19073486328125,61.46769332885742
normal,C:\Users\Light\Videos\正常往返.mp4,95,True,0.16699934005737305,399.4649658203125,39.811134338378906,423.345947265625,61.48380661010742
normal,C:\Users\Light\Videos\正常往返.mp4,96,True,0.18002474308013916,399.7600402832031,38.02387619018555,423.7183837890625,60.41841506958008
normal,C:\Users\Light\Videos\正常往返.mp4,97,True,0.3447670340538025,399.3594970703125,39.39888000488281,424.1571960449219,62.39148712158203
normal,C:\Users\Light\Videos\正常往返.mp4,98,True,0.23863384127616882,397.6634521484375,42.65800476074219,420.8313903808594,64.1854476928711
normal,C:\Users\Light\Videos\正常往返.mp4,99,True,0.1764432191848755,397.41912841796875,44.002437591552734,420.5495910644531,65.21697235107422
normal,C:\Users\Light\Videos\正常往返.mp4,100,True,0.13600276410579681,400.3465881347656,40.00409698486328,423.9842834472656,61.27192687988281
normal,C:\Users\Light\Videos\正常往返.mp4,101,True,0.14714157581329346,399.8697509765625,39.46342468261719,423.63385009765625,61.09221267700195
normal,C:\Users\Light\Videos\正常往返.mp4,102,True,0.21092955768108368,398.1416931152344,42.39088439941406,421.38336181640625,63.916847229003906
normal,C:\Users\Light\Videos\正常往返.mp4,103,True,0.14949777722358704,400.4814453125,37.59880065917969,423.6781921386719,59.966041564941406
normal,C:\Users\Light\Videos\正常往返.mp4,104,True,0.14957904815673828,399.7436218261719,39.02821731567383,423.5568542480469,60.5844841003418
normal,C:\Users\Light\Videos\正常往返.mp4,105,True,0.14944830536842346,399.7435302734375,39.023983001708984,423.5568542480469,60.5775146484375
normal,C:\Users\Light\Videos\正常往返.mp4,106,True,0.2671598196029663,399.7657165527344,38.210182189941406,423.9449768066406,60.78481674194336
normal,C:\Users\Light\Videos\正常往返.mp4,107,True,0.1255253553390503,400.7237243652344,38.94856643676758,424.32025146484375,60.356380462646484
normal,C:\Users\Light\Videos\正常往返.mp4,108,True,0.21052147448062897,397.6708984375,42.3665885925293,420.95098876953125,63.84661102294922
normal,C:\Users\Light\Videos\正常往返.mp4,109,True,0.11173267662525177,400.30474853515625,39.74186325073242,423.7900695800781,60.68154525756836
normal,C:\Users\Light\Videos\正常往返.mp4,110,True,0.14432331919670105,399.65142822265625,39.91844177246094,423.44744873046875,61.346378326416016
normal,C:\Users\Light\Videos\正常往返.mp4,111,True,0.251387357711792,397.73046875,41.71601104736328,421.1849060058594,63.33955383300781
normal,C:\Users\Light\Videos\正常往返.mp4,112,True,0.1726101040840149,399.972900390625,37.904624938964844,423.5628967285156,60.607139587402344
normal,C:\Users\Light\Videos\正常往返.mp4,113,True,0.17449408769607544,400.2752685546875,37.95966720581055,423.637939453125,60.6098747253418
normal,C:\Users\Light\Videos\正常往返.mp4,114,True,0.22149664163589478,399.9945983886719,38.12257385253906,423.885986328125,60.63580322265625
normal,C:\Users\Light\Videos\正常往返.mp4,115,True,0.21776583790779114,397.9323425292969,41.972755432128906,421.4914245605469,63.471107482910156
normal,C:\Users\Light\Videos\正常往返.mp4,116,True,0.15842556953430176,397.5733642578125,41.89064025878906,421.0639343261719,63.069183349609375
normal,C:\Users\Light\Videos\正常往返.mp4,117,True,0.2002718597650528,398.0904235839844,42.070579528808594,421.4653625488281,63.381710052490234
normal,C:\Users\Light\Videos\正常往返.mp4,118,True,0.19471375644207,400.0041198730469,37.96137237548828,423.6828918457031,60.563079833984375
normal,C:\Users\Light\Videos\正常往返.mp4,119,True,0.19781963527202606,397.6181640625,42.186580657958984,421.1780700683594,63.7066764831543
normal,C:\Users\Light\Videos\正常往返.mp4,120,True,0.1586207002401352,399.8627624511719,39.35071563720703,423.6462097167969,60.9722900390625
normal,C:\Users\Light\Videos\正常往返.mp4,121,True,0.18174709379673004,400.0650939941406,37.73739242553711,423.6279296875,60.329776763916016
normal,C:\Users\Light\Videos\正常往返.mp4,122,True,0.2608805298805237,399.5728454589844,38.744712829589844,423.8561706542969,61.54664611816406
normal,C:\Users\Light\Videos\正常往返.mp4,123,True,0.15283089876174927,399.48944091796875,39.55221939086914,423.60888671875,61.20099639892578
normal,C:\Users\Light\Videos\正常往返.mp4,124,True,0.1433020979166031,400.4533996582031,39.29762649536133,424.33294677734375,60.743717193603516
normal,C:\Users\Light\Videos\正常往返.mp4,125,True,0.11115354299545288,400.10198974609375,39.32758712768555,423.8166809082031,60.4193115234375
normal,C:\Users\Light\Videos\正常往返.mp4,126,True,0.2619117200374603,398.0853576660156,41.55337142944336,421.5096130371094,63.20210647583008
normal,C:\Users\Light\Videos\正常往返.mp4,127,True,0.25967326760292053,398.0550231933594,41.524932861328125,421.4857177734375,63.18303298950195
normal,C:\Users\Light\Videos\正常往返.mp4,128,True,0.27113232016563416,399.1457214355469,39.047019958496094,423.6424255371094,61.92169952392578
normal,C:\Users\Light\Videos\正常往返.mp4,129,True,0.23383286595344543,400.01153564453125,38.37956619262695,423.7591247558594,61.048194885253906
normal,C:\Users\Light\Videos\正常往返.mp4,130,True,0.2537522315979004,400.112060546875,38.43061828613281,423.97100830078125,60.914894104003906
normal,C:\Users\Light\Videos\正常往返.mp4,131,True,0.22058707475662231,399.5228576660156,38.774635314941406,423.83740234375,61.38019943237305
normal,C:\Users\Light\Videos\正常往返.mp4,132,True,0.17360875010490417,399.8597717285156,38.48039627075195,423.75994873046875,61.01276397705078
normal,C:\Users\Light\Videos\正常往返.mp4,133,True,0.14878107607364655,400.4651794433594,37.33645248413086,423.588134765625,59.579219818115234
normal,C:\Users\Light\Videos\正常往返.mp4,134,True,0.08751986920833588,345.99810791015625,16.766847610473633,366.10260009765625,37.378875732421875
normal,C:\Users\Light\Videos\正常往返.mp4,135,True,0.24660781025886536,397.6963806152344,41.65597152709961,421.2431945800781,63.30246353149414
normal,C:\Users\Light\Videos\正常往返.mp4,136,True,0.172433003783226,400.2991943359375,38.432411193847656,423.7738342285156,61.071144104003906
normal,C:\Users\Light\Videos\正常往返.mp4,137,True,0.31220752000808716,399.595703125,38.5810661315918,424.1514587402344,61.464576721191406
normal,C:\Users\Light\Videos\正常往返.mp4,138,True,0.31202661991119385,399.3498229980469,38.663875579833984,424.00311279296875,61.411617279052734
normal,C:\Users\Light\Videos\正常往返.mp4,139,True,0.2635926306247711,399.60113525390625,38.08956527709961,423.9013977050781,60.406333923339844
normal,C:\Users\Light\Videos\正常往返.mp4,140,True,0.20235982537269592,400.0074157714844,37.74171829223633,423.62420654296875,60.132625579833984
normal,C:\Users\Light\Videos\正常往返.mp4,141,True,0.18275746703147888,399.8338623046875,38.21190643310547,423.8373107910156,60.636478424072266
normal,C:\Users\Light\Videos\正常往返.mp4,142,True,0.2808149456977844,399.44146728515625,38.871788024902344,423.8525390625,61.93830871582031
normal,C:\Users\Light\Videos\正常往返.mp4,143,True,0.2881484627723694,399.68109130859375,38.34975814819336,424.1083068847656,61.140037536621094
normal,C:\Users\Light\Videos\正常往返.mp4,144,True,0.25194552540779114,399.7937927246094,37.99061584472656,423.93359375,60.55391311645508
normal,C:\Users\Light\Videos\正常往返.mp4,145,True,0.3047727942466736,399.6819152832031,38.66176986694336,424.00286865234375,61.18154525756836
normal,C:\Users\Light\Videos\正常往返.mp4,146,True,0.21228431165218353,399.8163757324219,38.137054443359375,423.9517822265625,60.607879638671875
normal,C:\Users\Light\Videos\正常往返.mp4,147,True,0.309551477432251,399.5653991699219,38.81443786621094,424.1378479003906,61.47454833984375
normal,C:\Users\Light\Videos\正常往返.mp4,148,True,0.30889639258384705,399.57733154296875,38.84184646606445,424.1346130371094,61.491424560546875
normal,C:\Users\Light\Videos\正常往返.mp4,149,True,0.08387560397386551,400.63787841796875,39.30096435546875,424.6332702636719,59.850826263427734
normal,C:\Users\Light\Videos\正常往返.mp4,150,True,0.17827361822128296,399.8062744140625,38.03889083862305,423.83636474609375,60.65584182739258
normal,C:\Users\Light\Videos\正常往返.mp4,151,True,0.25237661600112915,399.55389404296875,38.1909065246582,423.9692687988281,61.01408767700195
normal,C:\Users\Light\Videos\正常往返.mp4,152,True,0.17091114819049835,400.37615966796875,37.39449691772461,423.68988037109375,60.1141357421875
normal,C:\Users\Light\Videos\正常往返.mp4,153,True,0.19174882769584656,400.5314636230469,38.19328308105469,423.98394775390625,60.615745544433594
normal,C:\Users\Light\Videos\正常往返.mp4,154,True,0.3325973153114319,399.5462646484375,38.806705474853516,424.1549987792969,61.57923126220703
normal,C:\Users\Light\Videos\正常往返.mp4,155,True,0.248616561293602,399.6141662597656,38.580169677734375,423.9164123535156,61.33315658569336
normal,C:\Users\Light\Videos\正常往返.mp4,156,True,0.2432878315448761,399.3019714355469,38.65948486328125,423.84466552734375,61.46876907348633
normal,C:\Users\Light\Videos\正常往返.mp4,157,True,0.28308260440826416,399.21356201171875,38.769615173339844,423.86083984375,61.60749435424805
normal,C:\Users\Light\Videos\正常往返.mp4,158,True,0.15741322934627533,399.9248962402344,37.844764709472656,423.77520751953125,60.742347717285156
normal,C:\Users\Light\Videos\正常往返.mp4,159,True,0.15147745609283447,400.13653564453125,37.28049087524414,423.63751220703125,59.84714889526367
normal,C:\Users\Light\Videos\正常往返.mp4,160,True,0.15116417407989502,400.137451171875,37.30131149291992,423.6257019042969,59.89082717895508
normal,C:\Users\Light\Videos\正常往返.mp4,161,True,0.1987752467393875,399.5401611328125,38.49543380737305,423.5767822265625,61.40861511230469
normal,C:\Users\Light\Videos\正常往返.mp4,162,True,0.1306287795305252,400.05364990234375,38.95975112915039,423.71234130859375,61.73044204711914
normal,C:\Users\Light\Videos\正常往返.mp4,163,True,0.13047541677951813,400.07720947265625,38.9605598449707,423.7135314941406,61.73698806762695
normal,C:\Users\Light\Videos\正常往返.mp4,164,True,0.15669508278369904,400.0528869628906,38.42237091064453,423.5671691894531,61.062808990478516
normal,C:\Users\Light\Videos\正常往返.mp4,165,True,0.12861502170562744,400.3696594238281,38.00063705444336,423.697021484375,60.438785552978516
normal,C:\Users\Light\Videos\正常往返.mp4,166,True,0.1288626790046692,400.36187744140625,38.00083541870117,423.7040100097656,60.44387435913086
normal,C:\Users\Light\Videos\正常往返.mp4,167,True,0.07350210100412369,400.1217041015625,37.451759338378906,423.3212890625,60.24154281616211
normal,C:\Users\Light\Videos\正常往返.mp4,168,True,0.06524761021137238,400.13470458984375,37.39310836791992,423.47576904296875,60.03470993041992
normal,C:\Users\Light\Videos\正常往返.mp4,169,True,0.06533373892307281,400.1462707519531,37.372581481933594,423.4760437011719,60.01740646362305
normal,C:\Users\Light\Videos\正常往返.mp4,170,True,0.08515898138284683,400.3112487792969,37.70895004272461,423.4714050292969,60.40945053100586
normal,C:\Users\Light\Videos\正常往返.mp4,171,True,0.08649640530347824,400.3075866699219,37.72705841064453,423.4807434082031,60.4091796875
normal,C:\Users\Light\Videos\正常往返.mp4,172,True,0.077669158577919,400.40911865234375,37.55045700073242,423.5118103027344,60.257545471191406
normal,C:\Users\Light\Videos\正常往返.mp4,173,True,0.08003529161214828,396.5563659667969,59.658870697021484,419.8459777832031,80.50106811523438
normal,C:\Users\Light\Videos\正常往返.mp4,174,True,0.0795130804181099,396.55682373046875,59.6850471496582,419.8390808105469,80.51859283447266
normal,C:\Users\Light\Videos\正常往返.mp4,175,True,0.05547802522778511,396.7133483886719,61.90731430053711,419.3692321777344,82.1082763671875
normal,C:\Users\Light\Videos\正常往返.mp4,176,True,0.12299606949090958,400.24468994140625,37.419822692871094,423.5787658691406,59.73932647705078
normal,C:\Users\Light\Videos\正常往返.mp4,177,True,0.12202047556638718,400.2363586425781,37.42921447753906,423.5751037597656,59.74732971191406
normal,C:\Users\Light\Videos\正常往返.mp4,178,True,0.05842778831720352,396.196533203125,62.51414489746094,418.9422607421875,82.5478286743164
normal,C:\Users\Light\Videos\正常往返.mp4,179,True,0.08761255443096161,395.9391174316406,57.876853942871094,419.31280517578125,78.62774658203125
normal,C:\Users\Light\Videos\正常往返.mp4,180,True,0.06269396841526031,400.39544677734375,37.57752990722656,423.5345153808594,60.111019134521484
normal,C:\Users\Light\Videos\正常往返.mp4,181,True,0.06184246391057968,400.4010925292969,37.58477020263672,423.5492248535156,60.13591766357422
normal,C:\Users\Light\Videos\正常往返.mp4,182,True,0.13534069061279297,400.12286376953125,38.355587005615234,423.684814453125,61.008079528808594
normal,C:\Users\Light\Videos\正常往返.mp4,183,True,0.08921907842159271,399.99139404296875,38.47376251220703,423.61126708984375,61.03777313232422
normal,C:\Users\Light\Videos\正常往返.mp4,184,True,0.07959054410457611,399.8890380859375,38.45280838012695,423.57037353515625,60.997276306152344
normal,C:\Users\Light\Videos\正常往返.mp4,185,True,0.08338066935539246,401.0633850097656,40.22581481933594,424.1138000488281,60.29167938232422
normal,C:\Users\Light\Videos\正常往返.mp4,186,True,0.12138321250677109,400.0757141113281,38.50767135620117,423.6436767578125,61.245819091796875
normal,C:\Users\Light\Videos\正常往返.mp4,187,True,0.12621231377124786,400.1618347167969,38.460784912109375,423.6593017578125,61.11323547363281
normal,C:\Users\Light\Videos\正常往返.mp4,188,True,0.13343872129917145,400.5677490234375,39.9888801574707,424.34033203125,60.931793212890625
normal,C:\Users\Light\Videos\正常往返.mp4,189,True,0.08790735900402069,400.64007568359375,40.48887634277344,424.41986083984375,60.74958801269531
normal,C:\Users\Light\Videos\正常往返.mp4,190,True,0.08930136263370514,400.6297607421875,40.466129302978516,424.45599365234375,60.76229476928711
normal,C:\Users\Light\Videos\正常往返.mp4,191,True,0.10533095896244049,400.5749206542969,40.89613723754883,423.7164001464844,61.32914352416992
normal,C:\Users\Light\Videos\正常往返.mp4,192,True,0.05810760334134102,400.8407897949219,40.608665466308594,424.23626708984375,60.28807067871094
normal,C:\Users\Light\Videos\正常往返.mp4,193,True,0.05933236703276634,400.7900695800781,40.654296875,424.2063293457031,60.348445892333984
normal,C:\Users\Light\Videos\正常往返.mp4,194,True,0.09449336677789688,400.5650939941406,40.30019760131836,424.2540588378906,60.615814208984375
normal,C:\Users\Light\Videos\正常往返.mp4,195,True,0.0949118435382843,400.56207275390625,40.281795501708984,424.2509765625,60.60709762573242
normal,C:\Users\Light\Videos\正常往返.mp4,196,True,0.04449629783630371,400.51641845703125,41.103981018066406,423.9412841796875,60.52421951293945
normal,C:\Users\Light\Videos\正常往返.mp4,197,True,0.11077210307121277,399.5075378417969,43.70598220825195,422.3626403808594,63.526710510253906
normal,C:\Users\Light\Videos\正常往返.mp4,198,True,0.1069202795624733,399.5088806152344,43.65006637573242,422.3558349609375,63.440181732177734
normal,C:\Users\Light\Videos\正常往返.mp4,199,True,0.08261334151029587,400.5706787109375,40.313865661621094,424.2585754394531,60.35337829589844
normal,C:\Users\Light\Videos\正常往返.mp4,200,True,0.17173472046852112,399.7425537109375,42.49944305419922,422.8153991699219,62.70829391479492
normal,C:\Users\Light\Videos\正常往返.mp4,201,True,0.17128178477287292,399.739013671875,42.53424835205078,422.81103515625,62.73431396484375
normal,C:\Users\Light\Videos\正常往返.mp4,202,True,0.19839292764663696,399.4891357421875,43.08153533935547,422.5402526855469,63.54874038696289
normal,C:\Users\Light\Videos\正常往返.mp4,203,True,0.1823006123304367,400.4165344238281,38.26421356201172,423.79364013671875,60.586456298828125
normal,C:\Users\Light\Videos\正常往返.mp4,204,True,0.09079742431640625,400.6533508300781,40.88584899902344,424.8733825683594,61.01123809814453
normal,C:\Users\Light\Videos\正常往返.mp4,205,True,0.08789729326963425,400.6905517578125,40.88374328613281,424.9068908691406,60.95355224609375
normal,C:\Users\Light\Videos\正常往返.mp4,206,True,0.1611073613166809,400.20086669921875,38.535640716552734,423.715576171875,61.036407470703125
normal,C:\Users\Light\Videos\正常往返.mp4,207,True,0.1338883489370346,398.7452392578125,43.34430694580078,422.5546875,63.56705093383789
normal,C:\Users\Light\Videos\正常往返.mp4,208,True,0.1326410472393036,398.7635803222656,43.35692596435547,422.5068664550781,63.568599700927734
normal,C:\Users\Light\Videos\正常往返.mp4,209,True,0.1059127002954483,400.8254699707031,39.85947799682617,425.1506652832031,60.34178924560547
normal,C:\Users\Light\Videos\正常往返.mp4,210,True,0.07560170441865921,400.4202575683594,40.94194412231445,424.3369445800781,60.808170318603516
normal,C:\Users\Light\Videos\正常往返.mp4,211,True,0.07119651883840561,400.35150146484375,41.04633712768555,424.2662048339844,60.8210334777832
normal,C:\Users\Light\Videos\正常往返.mp4,212,True,0.08472578227519989,400.6235046386719,40.18312072753906,424.73712158203125,60.15414047241211
normal,C:\Users\Light\Videos\正常往返.mp4,213,True,0.08068857342004776,400.3777160644531,38.047611236572266,423.85638427734375,60.49696731567383
normal,C:\Users\Light\Videos\正常往返.mp4,214,True,0.07948195934295654,400.3712463378906,38.01903533935547,423.84710693359375,60.4973030090332
normal,C:\Users\Light\Videos\正常往返.mp4,215,True,0.09699860960245132,400.8628845214844,40.20505905151367,425.220703125,60.45640182495117
normal,C:\Users\Light\Videos\正常往返.mp4,216,True,0.0958232581615448,400.85101318359375,40.2724494934082,425.1719970703125,60.4996337890625
normal,C:\Users\Light\Videos\正常往返.mp4,217,True,0.06145885959267616,400.673828125,41.47880935668945,424.8477783203125,60.854942321777344
normal,C:\Users\Light\Videos\正常往返.mp4,218,True,0.09979535639286041,400.7993469238281,40.357234954833984,424.9199523925781,60.437889099121094
normal,C:\Users\Light\Videos\正常往返.mp4,219,True,0.09620588272809982,400.8362121582031,40.28089904785156,424.9642639160156,60.29508590698242
normal,C:\Users\Light\Videos\正常往返.mp4,220,True,0.13731369376182556,400.0234375,37.88694381713867,423.7857666015625,60.37063217163086
normal,C:\Users\Light\Videos\正常往返.mp4,221,True,0.16990308463573456,400.2726745605469,38.056663513183594,423.9237976074219,60.356849670410156
normal,C:\Users\Light\Videos\正常往返.mp4,222,True,0.1718442589044571,400.263427734375,38.04707336425781,423.92083740234375,60.33955001831055
normal,C:\Users\Light\Videos\正常往返.mp4,223,True,0.07838699221611023,400.110595703125,40.85106658935547,424.67449951171875,60.56794357299805
normal,C:\Users\Light\Videos\正常往返.mp4,224,True,0.04670429229736328,400.2579650878906,41.15991973876953,424.5647888183594,60.42906188964844
normal,C:\Users\Light\Videos\正常往返.mp4,225,True,0.046229515224695206,400.2478332519531,41.16890335083008,424.5750732421875,60.423255920410156
normal,C:\Users\Light\Videos\正常往返.mp4,226,True,0.06859041750431061,400.76275634765625,40.118709564208984,424.906494140625,59.7539176940918
normal,C:\Users\Light\Videos\正常往返.mp4,227,True,0.1678215116262436,399.2622375488281,42.322349548339844,422.408935546875,62.673065185546875
normal,C:\Users\Light\Videos\正常往返.mp4,228,True,0.10667350143194199,400.3121643066406,39.88749313354492,424.4376220703125,60.378456115722656
normal,C:\Users\Light\Videos\正常往返.mp4,229,True,0.10676737874746323,400.3298645019531,39.87442398071289,424.44769287109375,60.36399841308594
normal,C:\Users\Light\Videos\正常往返.mp4,230,True,0.19159014523029327,398.7524719238281,42.12257385253906,422.07623291015625,62.89063262939453
normal,C:\Users\Light\Videos\正常往返.mp4,231,True,0.09512818604707718,400.5721740722656,40.38502502441406,424.744140625,60.50557327270508
normal,C:\Users\Light\Videos\正常往返.mp4,232,True,0.09233510494232178,400.56243896484375,40.48717498779297,424.7511901855469,60.538875579833984
normal,C:\Users\Light\Videos\正常往返.mp4,233,True,0.2156933844089508,399.8451843261719,38.39772033691406,423.8622741699219,60.73152542114258
normal,C:\Users\Light\Videos\正常往返.mp4,234,True,0.23922672867774963,398.3889465332031,41.805633544921875,421.8975524902344,63.05347442626953
normal,C:\Users\Light\Videos\正常往返.mp4,235,True,0.23973819613456726,398.3874816894531,41.82329559326172,421.889892578125,63.07274627685547
normal,C:\Users\Light\Videos\正常往返.mp4,236,True,0.19302552938461304,398.64312744140625,42.31650161743164,421.8819885253906,62.973934173583984
normal,C:\Users\Light\Videos\正常往返.mp4,237,True,0.13442547619342804,398.4424743652344,43.800960540771484,421.47845458984375,63.986907958984375
normal,C:\Users\Light\Videos\正常往返.mp4,238,True,0.1337907463312149,398.4580993652344,43.80730438232422,421.4914245605469,63.99091720581055
normal,C:\Users\Light\Videos\正常往返.mp4,239,True,0.2498379647731781,398.5273132324219,41.8098030090332,421.92950439453125,62.95280075073242
normal,C:\Users\Light\Videos\正常往返.mp4,240,True,0.24776789546012878,398.54058837890625,41.82663345336914,421.9407043457031,62.956947326660156
normal,C:\Users\Light\Videos\正常往返.mp4,241,True,0.16841097176074982,398.48046875,42.69724655151367,421.7308044433594,63.26768112182617
normal,C:\Users\Light\Videos\正常往返.mp4,242,True,0.0798853188753128,400.1100158691406,38.00453567504883,423.5082702636719,60.51839065551758
normal,C:\Users\Light\Videos\正常往返.mp4,243,True,0.07900021970272064,400.1254577636719,37.98115921020508,423.4934997558594,60.52684020996094
normal,C:\Users\Light\Videos\正常往返.mp4,244,True,0.06697632372379303,399.81121826171875,42.02979278564453,423.342041015625,61.71278381347656
normal,C:\Users\Light\Videos\正常往返.mp4,245,True,0.12177123874425888,398.84259033203125,43.977272033691406,421.7083435058594,63.96805953979492
normal,C:\Users\Light\Videos\正常往返.mp4,246,True,0.1212616041302681,398.82073974609375,44.003692626953125,421.6895446777344,63.99856185913086
normal,C:\Users\Light\Videos\正常往返.mp4,247,True,0.12189572304487228,398.27508544921875,43.83204650878906,421.19976806640625,63.84331512451172
normal,C:\Users\Light\Videos\正常往返.mp4,248,True,0.09534875303506851,399.47900390625,41.45944595336914,423.3281555175781,61.613792419433594
normal,C:\Users\Light\Videos\正常往返.mp4,249,True,0.08653877675533295,399.5205993652344,41.49433898925781,423.2618103027344,61.48320007324219
normal,C:\Users\Light\Videos\正常往返.mp4,250,True,0.07432913780212402,399.9292297363281,41.748775482177734,423.5711364746094,61.49411392211914
normal,C:\Users\Light\Videos\正常往返.mp4,251,True,0.1001196801662445,399.95672607421875,41.55646514892578,423.5892028808594,61.862937927246094
normal,C:\Users\Light\Videos\正常往返.mp4,252,True,0.1307695508003235,398.41583251953125,43.837425231933594,421.3894348144531,63.9317512512207
normal,C:\Users\Light\Videos\正常往返.mp4,253,True,0.13244475424289703,398.4278869628906,43.797576904296875,421.4093933105469,63.91032791137695
normal,C:\Users\Light\Videos\正常往返.mp4,254,True,0.16587266325950623,398.572265625,43.550357818603516,421.67559814453125,63.87839126586914
normal,C:\Users\Light\Videos\正常往返.mp4,255,True,0.1153305321931839,398.9392395019531,44.40779113769531,421.7180480957031,64.31695556640625
normal,C:\Users\Light\Videos\正常往返.mp4,256,True,0.11668750643730164,398.9407958984375,44.3768196105957,421.72418212890625,64.30010223388672
normal,C:\Users\Light\Videos\正常往返.mp4,257,True,0.18759356439113617,398.2872314453125,42.9917106628418,421.5074768066406,63.628257751464844
normal,C:\Users\Light\Videos\正常往返.mp4,258,True,0.1250946968793869,398.46771240234375,44.44829177856445,421.44659423828125,64.37731170654297
normal,C:\Users\Light\Videos\正常往返.mp4,259,True,0.1334112286567688,398.4745178222656,44.318843841552734,421.4692687988281,64.3242416381836
normal,C:\Users\Light\Videos\正常往返.mp4,260,True,0.12689906358718872,399.4994201660156,40.84199142456055,423.7026062011719,61.402610778808594
normal,C:\Users\Light\Videos\正常往返.mp4,261,True,0.12624578177928925,399.49554443359375,40.85561752319336,423.708740234375,61.402252197265625
normal,C:\Users\Light\Videos\正常往返.mp4,262,True,0.09231531620025635,400.2010498046875,41.143245697021484,423.9553527832031,61.03304672241211
normal,C:\Users\Light\Videos\正常往返.mp4,263,True,0.14650769531726837,398.16766357421875,44.03031921386719,421.12188720703125,64.16727447509766
normal,C:\Users\Light\Videos\正常往返.mp4,264,True,0.14326457679271698,398.16363525390625,44.083187103271484,421.09967041015625,64.18769073486328
normal,C:\Users\Light\Videos\正常往返.mp4,265,True,0.0703272745013237,399.64044189453125,42.26385498046875,423.3751220703125,61.792388916015625
normal,C:\Users\Light\Videos\正常往返.mp4,266,True,0.13110090792179108,400.1150817871094,38.4100227355957,423.31951904296875,60.48685836791992
normal,C:\Users\Light\Videos\正常往返.mp4,267,True,0.1298246532678604,398.92230224609375,43.28191375732422,421.7347106933594,63.164005279541016
normal,C:\Users\Light\Videos\正常往返.mp4,268,True,0.18483473360538483,398.5606689453125,42.951683044433594,421.6907958984375,63.56120300292969
normal,C:\Users\Light\Videos\正常往返.mp4,269,True,0.11131278425455093,400.1351623535156,40.91402053833008,424.115478515625,61.34837341308594
normal,C:\Users\Light\Videos\正常往返.mp4,270,True,0.11163541674613953,400.12359619140625,40.83970642089844,424.1512451171875,61.28284454345703
normal,C:\Users\Light\Videos\正常往返.mp4,271,True,0.07446159422397614,400.59625244140625,37.87685775756836,423.5020751953125,59.87906265258789
normal,C:\Users\Light\Videos\正常往返.mp4,272,True,0.07494868338108063,400.6037292480469,37.869754791259766,423.49664306640625,59.867610931396484
normal,C:\Users\Light\Videos\正常往返.mp4,273,True,0.02313142828643322,400.31048583984375,42.6531867980957,423.7914123535156,61.53636169433594
normal,C:\Users\Light\Videos\正常往返.mp4,274,True,0.04914255812764168,400.2869567871094,42.436378479003906,423.8033752441406,61.597991943359375
normal,C:\Users\Light\Videos\正常往返.mp4,275,True,0.029107404872775078,400.419677734375,42.167442321777344,424.1124267578125,61.05568313598633
normal,C:\Users\Light\Videos\正常往返.mp4,276,True,0.05224229022860527,400.86383056640625,37.564666748046875,423.85546875,59.17951583862305
normal,C:\Users\Light\Videos\正常往返.mp4,277,True,0.05324038863182068,400.8568420410156,37.55886459350586,423.8607482910156,59.174339294433594
normal,C:\Users\Light\Videos\正常往返.mp4,278,True,0.04269273206591606,400.5206298828125,42.07790756225586,424.0798034667969,61.1606330871582
normal,C:\Users\Light\Videos\正常往返.mp4,279,True,0.060723647475242615,400.03363037109375,42.326541900634766,423.7508239746094,61.73154067993164
normal,C:\Users\Light\Videos\正常往返.mp4,280,True,0.06126439571380615,400.0220031738281,42.299400329589844,423.7562561035156,61.716861724853516
normal,C:\Users\Light\Videos\正常往返.mp4,281,True,0.03291807323694229,400.1910400390625,42.48115539550781,424.1165771484375,61.449493408203125
normal,C:\Users\Light\Videos\正常往返.mp4,282,True,0.11432821303606033,400.1393737792969,41.171077728271484,424.0985412597656,61.59660339355469
normal,C:\Users\Light\Videos\正常往返.mp4,283,True,0.11326277256011963,400.14666748046875,41.1640625,424.1120300292969,61.58030700683594
normal,C:\Users\Light\Videos\正常往返.mp4,284,True,0.08496328443288803,400.3716735839844,41.599246978759766,423.9383850097656,61.29653549194336
normal,C:\Users\Light\Videos\正常往返.mp4,285,True,0.08432754874229431,400.3945007324219,41.595279693603516,423.92657470703125,61.28754806518555
normal,C:\Users\Light\Videos\正常往返.mp4,286,True,0.06519532948732376,400.5179748535156,37.781272888183594,423.7364196777344,59.65201187133789
normal,C:\Users\Light\Videos\正常往返.mp4,287,True,0.05781272426247597,400.1424560546875,37.825111389160156,424.46234130859375,59.66720962524414
normal,C:\Users\Light\Videos\正常往返.mp4,288,True,0.05732862278819084,400.16326904296875,37.82309341430664,424.45025634765625,59.66097640991211
normal,C:\Users\Light\Videos\正常往返.mp4,289,True,0.19611430168151855,400.78515625,38.55350112915039,424.574462890625,60.803260803222656
normal,C:\Users\Light\Videos\正常往返.mp4,290,True,0.17176131904125214,401.5365905761719,38.377906799316406,424.6192932128906,60.70758819580078
normal,C:\Users\Light\Videos\正常往返.mp4,291,True,0.16615056991577148,401.57708740234375,38.33451843261719,424.6277160644531,60.655906677246094
normal,C:\Users\Light\Videos\正常往返.mp4,292,True,0.10196345299482346,402.0381774902344,38.294761657714844,424.80255126953125,60.30418395996094
normal,C:\Users\Light\Videos\正常往返.mp4,293,True,0.03281361982226372,401.8553466796875,39.49751281738281,425.40179443359375,61.04212188720703
normal,C:\Users\Light\Videos\正常往返.mp4,294,True,0.032592520117759705,401.8367919921875,39.51815414428711,425.3909606933594,61.061195373535156
normal,C:\Users\Light\Videos\正常往返.mp4,295,True,0.08056502044200897,400.3935852050781,45.96854019165039,422.8580017089844,65.10832214355469
normal,C:\Users\Light\Videos\正常往返.mp4,296,True,0.081064373254776,400.39080810546875,45.96394729614258,422.8581848144531,65.10413360595703
normal,C:\Users\Light\Videos\正常往返.mp4,297,True,0.10087930411100388,402.0493469238281,42.50753402709961,425.7938232421875,62.485233306884766
normal,C:\Users\Light\Videos\正常往返.mp4,298,True,0.15752291679382324,400.464111328125,43.96671676635742,423.2664794921875,64.0818862915039
normal,C:\Users\Light\Videos\正常往返.mp4,299,True,0.14050081372261047,403.0510559082031,38.558746337890625,426.02752685546875,60.32522964477539
normal,C:\Users\Light\Videos\正常往返.mp4,300,True,0.1582379937171936,402.7604675292969,39.638614654541016,425.9137878417969,61.333740234375
normal,C:\Users\Light\Videos\正常往返.mp4,301,True,0.15173430740833282,402.6954650878906,39.677833557128906,425.89453125,61.421634674072266
normal,C:\Users\Light\Videos\正常往返.mp4,302,True,0.05312773212790489,400.57769775390625,48.6027946472168,422.3792724609375,66.7049331665039
normal,C:\Users\Light\Videos\正常往返.mp4,303,True,0.0747600868344307,346.0694885253906,16.672025680541992,366.3188781738281,37.33551025390625
normal,C:\Users\Light\Videos\正常往返.mp4,304,True,0.07445324957370758,346.0589599609375,16.667072296142578,366.3116455078125,37.337100982666016
normal,C:\Users\Light\Videos\正常往返.mp4,305,True,0.047988083213567734,346.2066955566406,18.23064422607422,367.6517028808594,37.04169845581055
normal,C:\Users\Light\Videos\正常往返.mp4,306,True,0.04846735671162605,346.21673583984375,18.217376708984375,367.66998291015625,37.03578186035156
normal,C:\Users\Light\Videos\正常往返.mp4,307,True,0.07145047187805176,347.0872802734375,17.11642074584961,367.302001953125,37.703887939453125
normal,C:\Users\Light\Videos\正常往返.mp4,308,True,0.044561147689819336,346.69073486328125,18.62681007385254,368.1234436035156,37.69388961791992
normal,C:\Users\Light\Videos\正常往返.mp4,309,True,0.047308724373579025,346.6705627441406,18.544471740722656,368.1388244628906,37.66802978515625
normal,C:\Users\Light\Videos\正常往返.mp4,310,True,0.0491110235452652,347.3811340332031,18.95856475830078,368.8218688964844,37.89512252807617
normal,C:\Users\Light\Videos\正常往返.mp4,311,True,0.032871756702661514,347.74066162109375,19.383440017700195,369.0894775390625,37.94877624511719
normal,C:\Users\Light\Videos\正常往返.mp4,312,True,0.031767092645168304,347.7806396484375,19.419321060180664,369.119140625,37.97542190551758
normal,C:\Users\Light\Videos\正常往返.mp4,313,True,0.0190504752099514,346.7911071777344,19.51322364807129,367.9984130859375,37.79102325439453
normal,C:\Users\Light\Videos\正常往返.mp4,314,True,0.035453714430332184,411.51715087890625,36.85548400878906,436.7309875488281,56.73116683959961
normal,C:\Users\Light\Videos\正常往返.mp4,315,True,0.03223598003387451,411.5610046386719,36.96352767944336,436.738525390625,56.760276794433594
normal,C:\Users\Light\Videos\正常往返.mp4,316,True,0.04987257719039917,411.899658203125,36.743202209472656,437.5576171875,56.816776275634766
normal,C:\Users\Light\Videos\正常往返.mp4,317,True,0.05040659382939339,411.89666748046875,36.70048522949219,437.5760498046875,56.78620910644531
normal,C:\Users\Light\Videos\正常往返.mp4,318,True,0.10396993905305862,412.6820068359375,35.6446647644043,438.26849365234375,56.693580627441406
normal,C:\Users\Light\Videos\正常往返.mp4,319,True,0.12402494251728058,412.401611328125,35.3636474609375,438.62628173828125,56.65205383300781
normal,C:\Users\Light\Videos\正常往返.mp4,320,True,0.1268790066242218,412.4034729003906,35.34890365600586,438.62225341796875,56.67410659790039
normal,C:\Users\Light\Videos\正常往返.mp4,321,True,0.08262013643980026,412.68505859375,34.792808532714844,438.5663146972656,55.478302001953125
normal,C:\Users\Light\Videos\正常往返.mp4,322,True,0.07208956032991409,412.6298828125,36.653106689453125,438.11248779296875,57.30659866333008
normal,C:\Users\Light\Videos\正常往返.mp4,323,True,0.05666901171207428,412.4244689941406,34.50937271118164,438.043212890625,54.984378814697266
normal,C:\Users\Light\Videos\正常往返.mp4,324,True,0.08470393717288971,413.6091613769531,34.3182487487793,438.4669494628906,55.32973861694336
normal,C:\Users\Light\Videos\正常往返.mp4,325,True,0.0810897946357727,413.6739196777344,34.299156188964844,438.5135192871094,55.25282287597656
normal,C:\Users\Light\Videos\正常往返.mp4,326,True,0.0527581125497818,412.9803466796875,35.32850646972656,438.5552673339844,55.757301330566406
normal,C:\Users\Light\Videos\正常往返.mp4,327,True,0.04123196378350258,413.2431945800781,35.92781066894531,438.992919921875,56.149253845214844
normal,C:\Users\Light\Videos\正常往返.mp4,328,True,0.040680691599845886,413.219970703125,35.98829650878906,438.9648742675781,56.190826416015625
normal,C:\Users\Light\Videos\正常往返.mp4,329,True,0.032185573130846024,412.9450378417969,37.294700622558594,438.5951843261719,57.02497863769531
normal,C:\Users\Light\Videos\正常往返.mp4,330,True,0.032811857759952545,412.98895263671875,37.2316780090332,438.6185607910156,56.97849655151367
normal,C:\Users\Light\Videos\正常往返.mp4,331,True,0.11840217560529709,415.092529296875,41.34956359863281,437.52154541015625,61.726768493652344
normal,C:\Users\Light\Videos\正常往返.mp4,332,True,0.06550787389278412,415.3006896972656,41.236026763916016,437.7998962402344,60.52206802368164
normal,C:\Users\Light\Videos\正常往返.mp4,333,True,0.06415507942438126,415.3513488769531,41.32246780395508,437.8043518066406,60.568973541259766
normal,C:\Users\Light\Videos\正常往返.mp4,334,True,0.03245589882135391,346.636474609375,18.655698776245117,367.9691162109375,37.13340759277344
normal,C:\Users\Light\Videos\正常往返.mp4,335,True,0.040159840136766434,346.72894287109375,18.500768661499023,368.05889892578125,37.08475112915039
normal,C:\Users\Light\Videos\正常往返.mp4,336,True,0.03764227405190468,346.86834716796875,18.6042423248291,368.16729736328125,37.12058639526367
normal,C:\Users\Light\Videos\正常往返.mp4,337,True,0.07560404390096664,418.9883728027344,38.955806732177734,442.90728759765625,59.55927658081055
normal,C:\Users\Light\Videos\正常往返.mp4,338,True,0.02736213430762291,418.3655700683594,39.651206970214844,442.949462890625,58.8288688659668
normal,C:\Users\Light\Videos\正常往返.mp4,339,True,0.027510127052664757,418.4151916503906,39.65840148925781,442.9729919433594,58.83180236816406
normal,C:\Users\Light\Videos\正常往返.mp4,340,True,0.04455031082034111,346.7780456542969,18.351037979125977,368.267333984375,36.904048919677734
normal,C:\Users\Light\Videos\正常往返.mp4,341,True,0.046242546290159225,346.75433349609375,18.27506446838379,368.2602844238281,36.878814697265625
normal,C:\Users\Light\Videos\正常往返.mp4,342,True,0.04082368314266205,378.1951904296875,23.12546157836914,407.38525390625,47.75472640991211
normal,C:\Users\Light\Videos\正常往返.mp4,343,True,0.04304368421435356,346.3444519042969,18.39283561706543,367.82550048828125,36.938358306884766
normal,C:\Users\Light\Videos\正常往返.mp4,344,True,0.043098192662000656,346.3721008300781,18.380083084106445,367.85467529296875,36.929954528808594
normal,C:\Users\Light\Videos\正常往返.mp4,345,True,0.037999216467142105,347.25445556640625,18.708791732788086,368.5956115722656,37.1065788269043
normal,C:\Users\Light\Videos\正常往返.mp4,346,True,0.04557504132390022,378.974365234375,22.27367401123047,408.44598388671875,47.25493240356445
normal,C:\Users\Light\Videos\正常往返.mp4,347,True,0.04086111858487129,379.34033203125,22.27587127685547,408.5044860839844,47.15520095825195
normal,C:\Users\Light\Videos\正常往返.mp4,348,True,0.027853040024638176,346.34234619140625,18.535640716552734,367.8246154785156,36.89761734008789
normal,C:\Users\Light\Videos\正常往返.mp4,349,True,0.027843443676829338,346.3155822753906,18.516433715820312,367.7994079589844,36.88150405883789
normal,C:\Users\Light\Videos\正常往返.mp4,350,True,0.03855491802096367,417.1426696777344,43.78630447387695,446.0072326660156,62.23832702636719
normal,C:\Users\Light\Videos\正常往返.mp4,351,True,0.03822691738605499,417.1738586425781,43.79083251953125,445.9418029785156,62.211524963378906
normal,C:\Users\Light\Videos\正常往返.mp4,352,True,0.04339545592665672,346.2296142578125,18.169910430908203,367.8072509765625,36.644344329833984
normal,C:\Users\Light\Videos\正常往返.mp4,353,True,0.05034273862838745,346.6956481933594,17.805233001708984,368.353271484375,36.48957443237305
normal,C:\Users\Light\Videos\正常往返.mp4,354,True,0.05026519298553467,346.67828369140625,17.833425521850586,368.33978271484375,36.505619049072266
normal,C:\Users\Light\Videos\正常往返.mp4,355,True,0.1604173183441162,413.9499206542969,42.400272369384766,442.29766845703125,61.608097076416016
normal,C:\Users\Light\Videos\正常往返.mp4,356,True,0.04955223947763443,412.1533203125,41.70431137084961,441.658935546875,61.14279556274414
normal,C:\Users\Light\Videos\正常往返.mp4,357,True,0.04971468821167946,412.1380920410156,41.706260681152344,441.64935302734375,61.12672424316406
normal,C:\Users\Light\Videos\正常往返.mp4,358,True,0.06247136741876602,407.7972412109375,40.4604606628418,439.61346435546875,60.897457122802734
normal,C:\Users\Light\Videos\正常往返.mp4,359,True,0.5576503276824951,408.5108947753906,41.63920593261719,435.17816162109375,60.897769927978516
normal,C:\Users\Light\Videos\正常往返.mp4,360,True,0.5536921620368958,408.65203857421875,41.721412658691406,435.21826171875,60.915252685546875
normal,C:\Users\Light\Videos\正常往返.mp4,361,True,0.27909812331199646,405.40118408203125,39.985721588134766,434.6626892089844,61.23185729980469
normal,C:\Users\Light\Videos\正常往返.mp4,362,True,0.28544944524765015,405.4100646972656,39.99365234375,434.63140869140625,61.228179931640625
normal,C:\Users\Light\Videos\正常往返.mp4,363,True,0.6031468510627747,402.2353515625,40.49284362792969,431.1065673828125,60.739524841308594
normal,C:\Users\Light\Videos\正常往返.mp4,364,True,0.6085820198059082,401.0845031738281,39.44321060180664,428.6535949707031,60.76518630981445
normal,C:\Users\Light\Videos\正常往返.mp4,365,True,0.6078925132751465,401.06903076171875,39.452510833740234,428.6179504394531,60.77157211303711
normal,C:\Users\Light\Videos\正常往返.mp4,366,True,0.662338137626648,394.0663757324219,38.71533203125,427.6634216308594,60.56455993652344
normal,C:\Users\Light\Videos\正常往返.mp4,367,True,0.4908306300640106,393.3547668457031,38.606727600097656,423.1017150878906,60.709739685058594
normal,C:\Users\Light\Videos\正常往返.mp4,368,True,0.49504587054252625,393.3644104003906,38.637855529785156,423.03955078125,60.73100662231445
normal,C:\Users\Light\Videos\正常往返.mp4,369,True,0.6609106063842773,389.5797119140625,39.05367660522461,418.8769226074219,60.559783935546875
normal,C:\Users\Light\Videos\正常往返.mp4,370,True,0.5604979395866394,383.47015380859375,35.496639251708984,414.06219482421875,59.07938003540039
normal,C:\Users\Light\Videos\正常往返.mp4,371,True,0.5932685136795044,381.36083984375,39.0147705078125,409.4723815917969,60.72500228881836
normal,C:\Users\Light\Videos\正常往返.mp4,372,True,0.6522669196128845,376.5620422363281,39.95640563964844,404.82391357421875,60.866371154785156
normal,C:\Users\Light\Videos\正常往返.mp4,373,True,0.653695821762085,376.57305908203125,39.979129791259766,404.80230712890625,60.864131927490234
normal,C:\Users\Light\Videos\正常往返.mp4,374,True,0.6264070868492126,369.6193542480469,41.454715728759766,400.0970458984375,61.11457824707031
normal,C:\Users\Light\Videos\正常往返.mp4,375,True,0.6229761242866516,369.61859130859375,41.44346618652344,400.1683044433594,61.10960388183594
normal,C:\Users\Light\Videos\正常往返.mp4,376,True,0.6898731589317322,364.43316650390625,40.71895217895508,394.8343200683594,60.7404899597168
normal,C:\Users\Light\Videos\正常往返.mp4,377,True,0.6653088927268982,359.0035095214844,42.12604904174805,388.9270935058594,60.60321807861328
normal,C:\Users\Light\Videos\正常往返.mp4,378,True,0.6658310890197754,358.99444580078125,42.11329650878906,388.9625244140625,60.604854583740234
normal,C:\Users\Light\Videos\正常往返.mp4,379,True,0.7281369566917419,352.6766662597656,41.922218322753906,382.5334167480469,60.6407585144043
normal,C:\Users\Light\Videos\正常往返.mp4,380,True,0.6938313841819763,346.7403564453125,42.57167434692383,374.7687683105469,61.020965576171875
normal,C:\Users\Light\Videos\正常往返.mp4,381,True,0.6891531348228455,346.6954650878906,42.64323425292969,374.7662353515625,61.07988739013672
normal,C:\Users\Light\Videos\正常往返.mp4,382,True,0.7500005960464478,340.1847839355469,41.02589797973633,370.5329284667969,60.537261962890625
normal,C:\Users\Light\Videos\正常往返.mp4,383,True,0.755757212638855,332.8204650878906,41.99113082885742,362.864990234375,60.81137466430664
normal,C:\Users\Light\Videos\正常往返.mp4,384,True,0.7544467449188232,333.0065002441406,41.97270965576172,362.7801513671875,60.78905487060547
normal,C:\Users\Light\Videos\正常往返.mp4,385,True,0.7359875440597534,323.1712951660156,40.80133819580078,356.1688232421875,61.68198776245117
normal,C:\Users\Light\Videos\正常往返.mp4,386,True,0.7357396483421326,323.1964416503906,40.81455993652344,356.1644592285156,61.68593215942383
normal,C:\Users\Light\Videos\正常往返.mp4,387,True,0.816733717918396,317.7444152832031,41.81367874145508,348.7196960449219,61.090126037597656
normal,C:\Users\Light\Videos\正常往返.mp4,388,True,0.8315490484237671,311.8758544921875,42.0395622253418,341.13427734375,60.66402053833008
normal,C:\Users\Light\Videos\正常往返.mp4,389,True,0.8314715623855591,311.87481689453125,42.03895950317383,341.1327819824219,60.66225051879883
normal,C:\Users\Light\Videos\正常往返.mp4,390,True,0.7649157047271729,304.53857421875,41.66343307495117,334.17376708984375,60.670318603515625
normal,C:\Users\Light\Videos\正常往返.mp4,391,True,0.7842740416526794,296.032958984375,41.933937072753906,325.7013244628906,61.16435241699219
normal,C:\Users\Light\Videos\正常往返.mp4,392,True,0.7840418815612793,296.0365905761719,41.93324279785156,325.6983337402344,61.16487121582031
normal,C:\Users\Light\Videos\正常往返.mp4,393,True,0.8555008769035339,288.41058349609375,42.3081169128418,318.9783630371094,61.14319610595703
normal,C:\Users\Light\Videos\正常往返.mp4,394,True,0.7864729762077332,278.79290771484375,42.169864654541016,309.8717346191406,61.76795959472656
normal,C:\Users\Light\Videos\正常往返.mp4,395,True,0.7727890014648438,272.7911071777344,41.375492095947266,303.2561340332031,61.501869201660156
normal,C:\Users\Light\Videos\正常往返.mp4,396,True,0.774560272693634,272.8275146484375,41.36623764038086,303.19427490234375,61.48454666137695
normal,C:\Users\Light\Videos\正常往返.mp4,397,True,0.8444766998291016,265.3436584472656,41.5941162109375,296.1812438964844,61.33869171142578
normal,C:\Users\Light\Videos\正常往返.mp4,398,True,0.7819257974624634,256.8485107421875,42.008995056152344,286.12908935546875,62.50587463378906
normal,C:\Users\Light\Videos\正常往返.mp4,399,True,0.782294511795044,256.8556823730469,41.99462890625,286.1440124511719,62.49845504760742
normal,C:\Users\Light\Videos\正常往返.mp4,400,True,0.7531985640525818,250.7655792236328,41.73815155029297,280.48419189453125,61.58340072631836
normal,C:\Users\Light\Videos\正常往返.mp4,401,True,0.7619363069534302,242.08621215820312,41.985416412353516,274.4363098144531,62.66221618652344
normal,C:\Users\Light\Videos\正常往返.mp4,402,True,0.762428343296051,242.07301330566406,41.992454528808594,274.441162109375,62.66871643066406
normal,C:\Users\Light\Videos\正常往返.mp4,403,True,0.8162034153938293,235.9122772216797,42.18687438964844,266.50811767578125,61.87232971191406
normal,C:\Users\Light\Videos\正常往返.mp4,404,True,0.7906908988952637,230.12152099609375,42.23810577392578,258.9136047363281,61.559242248535156
normal,C:\Users\Light\Videos\正常往返.mp4,405,True,0.7922860980033875,230.14584350585938,42.22903060913086,258.9793395996094,61.54124450683594
normal,C:\Users\Light\Videos\正常往返.mp4,406,True,0.7437765002250671,222.38961791992188,42.76770782470703,249.43020629882812,62.49704360961914
normal,C:\Users\Light\Videos\正常往返.mp4,407,True,0.7437763810157776,222.38417053222656,42.764793395996094,249.4322052001953,62.4892463684082
normal,C:\Users\Light\Videos\正常往返.mp4,408,True,0.7261838316917419,218.0681610107422,42.120872497558594,242.9644775390625,62.4169921875
normal,C:\Users\Light\Videos\正常往返.mp4,409,True,0.7433342337608337,210.89830017089844,42.73745346069336,236.29685974121094,62.27172088623047
normal,C:\Users\Light\Videos\正常往返.mp4,410,True,0.7434050440788269,210.9115753173828,42.73906707763672,236.30555725097656,62.27840042114258
normal,C:\Users\Light\Videos\正常往返.mp4,411,True,0.7438139915466309,203.41062927246094,42.599464416503906,230.7570037841797,63.095359802246094
normal,C:\Users\Light\Videos\正常往返.mp4,412,True,0.7571864724159241,197.1477813720703,42.328086853027344,225.4129638671875,63.11219024658203
normal,C:\Users\Light\Videos\正常往返.mp4,413,True,0.756890058517456,197.13897705078125,42.33447265625,225.41258239746094,63.11342239379883
normal,C:\Users\Light\Videos\正常往返.mp4,414,True,0.7292673587799072,192.1571502685547,42.4764518737793,218.39703369140625,63.50264358520508
normal,C:\Users\Light\Videos\正常往返.mp4,415,True,0.8029133081436157,187.81610107421875,42.55872344970703,213.1610870361328,63.3315315246582
normal,C:\Users\Light\Videos\正常往返.mp4,416,True,0.8037482500076294,187.81158447265625,42.558746337890625,213.17124938964844,63.346256256103516
normal,C:\Users\Light\Videos\正常往返.mp4,417,True,0.7783414721488953,182.22607421875,42.530818939208984,207.75845336914062,63.01555252075195
normal,C:\Users\Light\Videos\正常往返.mp4,418,True,0.7579477429389954,178.3072052001953,42.6452522277832,200.9559783935547,62.97248077392578
normal,C:\Users\Light\Videos\正常往返.mp4,419,True,0.8025863170623779,172.9224395751953,42.35417556762695,197.79058837890625,63.19318771362305
normal,C:\Users\Light\Videos\正常往返.mp4,420,True,0.8033865690231323,172.89633178710938,42.3389778137207,197.79820251464844,63.185791015625
normal,C:\Users\Light\Videos\正常往返.mp4,421,True,0.7903029918670654,168.90977478027344,42.42329025268555,192.38356018066406,63.51008224487305
normal,C:\Users\Light\Videos\正常往返.mp4,422,True,0.807770848274231,163.80345153808594,42.20762634277344,188.72837829589844,63.857479095458984
normal,C:\Users\Light\Videos\正常往返.mp4,423,True,0.8115925192832947,163.80616760253906,42.20895004272461,188.74842834472656,63.85920715332031
normal,C:\Users\Light\Videos\正常往返.mp4,424,True,0.7629218101501465,159.34234619140625,42.477569580078125,183.97874450683594,63.64549255371094
normal,C:\Users\Light\Videos\正常往返.mp4,425,True,0.7737381458282471,156.85716247558594,42.59166717529297,180.03695678710938,63.297645568847656
normal,C:\Users\Light\Videos\正常往返.mp4,426,True,0.773979902267456,156.84323120117188,42.603858947753906,180.00379943847656,63.30746078491211
normal,C:\Users\Light\Videos\正常往返.mp4,427,True,0.8331298828125,152.60589599609375,42.493080139160156,176.9985809326172,63.92796325683594
normal,C:\Users\Light\Videos\正常往返.mp4,428,True,0.7463399171829224,149.5791015625,42.29738235473633,173.26060485839844,63.07001495361328
normal,C:\Users\Light\Videos\正常往返.mp4,429,True,0.7462915182113647,149.60848999023438,42.304420471191406,173.24205017089844,63.05670166015625
normal,C:\Users\Light\Videos\正常往返.mp4,430,True,0.7875299453735352,146.7281036376953,42.830997467041016,170.22799682617188,63.59506607055664
normal,C:\Users\Light\Videos\正常往返.mp4,431,True,0.7867825031280518,146.7238006591797,42.826873779296875,170.2278594970703,63.602149963378906
normal,C:\Users\Light\Videos\正常往返.mp4,432,True,0.7567817568778992,144.19313049316406,43.07971954345703,167.02879333496094,63.05647659301758
normal,C:\Users\Light\Videos\正常往返.mp4,433,True,0.8000223636627197,141.80686950683594,43.53070068359375,164.45095825195312,63.495582580566406
normal,C:\Users\Light\Videos\正常往返.mp4,434,True,0.8003906011581421,141.8147735595703,43.54343032836914,164.4470977783203,63.494773864746094
normal,C:\Users\Light\Videos\正常往返.mp4,435,True,0.7609592080116272,140.09967041015625,43.576622009277344,161.68905639648438,63.02581787109375
normal,C:\Users\Light\Videos\正常往返.mp4,436,True,0.767998456954956,137.34495544433594,43.864139556884766,160.2509765625,63.32270050048828
normal,C:\Users\Light\Videos\正常往返.mp4,437,True,0.768088161945343,137.34735107421875,43.865909576416016,160.24871826171875,63.31913757324219
normal,C:\Users\Light\Videos\正常往返.mp4,438,True,0.7609943747520447,136.2208251953125,43.822608947753906,158.4624481201172,63.52568054199219
normal,C:\Users\Light\Videos\正常往返.mp4,439,True,0.7647480368614197,135.5872344970703,43.52133560180664,157.4110107421875,63.19926071166992
normal,C:\Users\Light\Videos\正常往返.mp4,440,True,0.7647669911384583,135.58840942382812,43.52207565307617,157.41014099121094,63.198116302490234
normal,C:\Users\Light\Videos\正常往返.mp4,441,True,0.762576162815094,135.3783416748047,43.701812744140625,156.52645874023438,62.86988067626953
normal,C:\Users\Light\Videos\正常往返.mp4,442,True,0.7634835839271545,135.38201904296875,43.72014617919922,156.53012084960938,62.877052307128906
normal,C:\Users\Light\Videos\正常往返.mp4,443,True,0.7754983305931091,134.76795959472656,43.61833190917969,156.03839111328125,62.655513763427734
normal,C:\Users\Light\Videos\正常往返.mp4,444,True,0.7753982543945312,134.76974487304688,43.6192512512207,156.03701782226562,62.65325164794922
normal,C:\Users\Light\Videos\正常往返.mp4,445,True,0.7616609334945679,134.8296661376953,43.66712188720703,156.1809539794922,62.68821334838867
normal,C:\Users\Light\Videos\正常往返.mp4,446,True,0.7791866064071655,135.19468688964844,43.69264602661133,156.41232299804688,62.725616455078125
normal,C:\Users\Light\Videos\正常往返.mp4,447,True,0.7786130309104919,135.17662048339844,43.670928955078125,156.42344665527344,62.729496002197266
normal,C:\Users\Light\Videos\正常往返.mp4,448,True,0.7714884877204895,135.45516967773438,43.82292556762695,156.98114013671875,63.238548278808594
normal,C:\Users\Light\Videos\正常往返.mp4,449,True,0.7670620083808899,136.24722290039062,43.87552261352539,157.89111328125,63.180477142333984
normal,C:\Users\Light\Videos\正常往返.mp4,450,True,0.7670068144798279,136.2724609375,43.86602020263672,157.9013671875,63.146907806396484
normal,C:\Users\Light\Videos\正常往返.mp4,451,True,0.777150571346283,136.94712829589844,43.938724517822266,158.73101806640625,63.10275650024414
normal,C:\Users\Light\Videos\正常往返.mp4,452,True,0.777362585067749,136.97169494628906,43.94318389892578,158.74502563476562,63.08982467651367
normal,C:\Users\Light\Videos\正常往返.mp4,453,True,0.7472872138023376,138.24371337890625,43.2076416015625,160.95729064941406,62.97431564331055
normal,C:\Users\Light\Videos\正常往返.mp4,454,True,0.7512439489364624,140.38133239746094,43.73598861694336,161.64703369140625,62.91911697387695
normal,C:\Users\Light\Videos\正常往返.mp4,455,True,0.7502232193946838,140.38038635253906,43.74195098876953,161.64675903320312,62.922882080078125
normal,C:\Users\Light\Videos\正常往返.mp4,456,True,0.8004828095436096,141.68719482421875,43.32521438598633,164.56704711914062,63.5173454284668
normal,C:\Users\Light\Videos\正常往返.mp4,457,True,0.7427091598510742,143.7797393798828,43.23397445678711,165.8150634765625,62.991729736328125
normal,C:\Users\Light\Videos\正常往返.mp4,458,True,0.7427272200584412,143.78176879882812,43.252017974853516,165.80938720703125,62.99072265625
normal,C:\Users\Light\Videos\正常往返.mp4,459,True,0.7637433409690857,146.69876098632812,43.44887924194336,168.02633666992188,62.90497589111328
normal,C:\Users\Light\Videos\正常往返.mp4,460,True,0.7840119004249573,148.46466064453125,43.88715362548828,170.70191955566406,63.692779541015625
normal,C:\Users\Light\Videos\正常往返.mp4,461,True,0.7838085889816284,148.46249389648438,43.88829803466797,170.7020721435547,63.6951789855957
normal,C:\Users\Light\Videos\正常往返.mp4,462,True,0.7573370933532715,151.70484924316406,43.41093444824219,173.54360961914062,63.278011322021484
normal,C:\Users\Light\Videos\正常往返.mp4,463,True,0.79604172706604,154.14686584472656,43.38608169555664,176.61932373046875,63.66176223754883
normal,C:\Users\Light\Videos\正常往返.mp4,464,True,0.7960608601570129,154.13558959960938,43.38139724731445,176.611328125,63.656227111816406
normal,C:\Users\Light\Videos\正常往返.mp4,465,True,0.742229700088501,157.29495239257812,43.50028991699219,179.92579650878906,63.51496887207031
normal,C:\Users\Light\Videos\正常往返.mp4,466,True,0.7424979209899902,157.2895965576172,43.4932975769043,179.9205322265625,63.50649642944336
normal,C:\Users\Light\Videos\正常往返.mp4,467,True,0.7525646686553955,159.65560913085938,43.31290817260742,183.01754760742188,63.802886962890625
normal,C:\Users\Light\Videos\正常往返.mp4,468,True,0.7866595387458801,163.2291717529297,42.95363235473633,186.38186645507812,63.32505416870117
normal,C:\Users\Light\Videos\正常往返.mp4,469,True,0.7512862682342529,167.34304809570312,42.99520492553711,190.2542266845703,63.23713302612305
normal,C:\Users\Light\Videos\正常往返.mp4,470,True,0.8023736476898193,170.53424072265625,42.95423889160156,194.67059326171875,64.18647766113281
normal,C:\Users\Light\Videos\正常往返.mp4,471,True,0.8020210266113281,170.53565979003906,42.9537239074707,194.67300415039062,64.18704223632812
normal,C:\Users\Light\Videos\正常往返.mp4,472,True,0.7651684284210205,173.97482299804688,42.753814697265625,197.55038452148438,63.42975997924805
normal,C:\Users\Light\Videos\正常往返.mp4,473,True,0.767266035079956,179.06692504882812,42.1920280456543,202.87037658691406,63.525882720947266
normal,C:\Users\Light\Videos\正常往返.mp4,474,True,0.7725523114204407,179.10060119628906,42.214820861816406,202.89866638183594,63.51631164550781
normal,C:\Users\Light\Videos\正常往返.mp4,475,True,0.7863195538520813,182.04331970214844,42.785255432128906,206.66859436035156,63.97478103637695
normal,C:\Users\Light\Videos\正常往返.mp4,476,True,0.7865890264511108,182.0389862060547,42.78211975097656,206.66893005371094,63.97715759277344
normal,C:\Users\Light\Videos\正常往返.mp4,477,True,0.7774347066879272,186.84707641601562,42.82308578491211,210.10629272460938,63.400333404541016
normal,C:\Users\Light\Videos\正常往返.mp4,478,True,0.7855160236358643,190.84957885742188,42.53460693359375,215.7277069091797,64.2242202758789
normal,C:\Users\Light\Videos\正常往返.mp4,479,True,0.7855902910232544,190.8574981689453,42.54081726074219,215.7216796875,64.22254180908203
normal,C:\Users\Light\Videos\正常往返.mp4,480,True,0.7423069477081299,195.25668334960938,42.35540771484375,219.11114501953125,63.43135070800781
normal,C:\Users\Light\Videos\正常往返.mp4,481,True,0.7970659732818604,198.93353271484375,42.39875030517578,224.26055908203125,63.69450378417969
normal,C:\Users\Light\Videos\正常往返.mp4,482,True,0.7973672747612,198.93247985839844,42.407020568847656,224.25421142578125,63.695335388183594
normal,C:\Users\Light\Videos\正常往返.mp4,483,True,0.7878191471099854,202.98492431640625,41.73402786254883,229.6904296875,62.57205581665039
normal,C:\Users\Light\Videos\正常往返.mp4,484,True,0.8089478015899658,208.8541717529297,42.281246185302734,233.42605590820312,63.35078430175781
normal,C:\Users\Light\Videos\正常往返.mp4,485,True,0.8082305788993835,208.8379364013672,42.27418899536133,233.42547607421875,63.3603515625
normal,C:\Users\Light\Videos\正常往返.mp4,486,True,0.7453411817550659,214.02745056152344,41.19552993774414,237.8971405029297,62.402042388916016
normal,C:\Users\Light\Videos\正常往返.mp4,487,True,0.7451043725013733,214.0165557861328,41.18645477294922,237.8948974609375,62.40327453613281
normal,C:\Users\Light\Videos\正常往返.mp4,488,True,0.7698459625244141,217.71636962890625,41.965919494628906,242.2999725341797,63.0228157043457
normal,C:\Users\Light\Videos\正常往返.mp4,489,True,0.7664368152618408,221.70761108398438,42.297630310058594,245.64248657226562,63.14623260498047
normal,C:\Users\Light\Videos\正常往返.mp4,490,True,0.7663840651512146,221.71923828125,42.30063247680664,245.64349365234375,63.14515686035156
normal,C:\Users\Light\Videos\正常往返.mp4,491,True,0.7656665444374084,231.17694091796875,41.27762222290039,255.6016387939453,62.15280532836914
normal,C:\Users\Light\Videos\正常往返.mp4,492,True,0.762645423412323,231.19688415527344,41.244789123535156,255.5976104736328,62.158565521240234
normal,C:\Users\Light\Videos\正常往返.mp4,493,True,0.8356368541717529,234.8321075439453,41.64628982543945,259.930419921875,62.939491271972656
normal,C:\Users\Light\Videos\正常往返.mp4,494,True,0.8089191913604736,238.4628448486328,41.46784973144531,263.9104309082031,62.567955017089844
normal,C:\Users\Light\Videos\正常往返.mp4,495,True,0.8072957992553711,238.5526580810547,41.425559997558594,263.8271789550781,62.586578369140625
normal,C:\Users\Light\Videos\正常往返.mp4,496,True,0.7820138931274414,243.1604461669922,41.20090866088867,267.8449401855469,62.53731918334961
normal,C:\Users\Light\Videos\正常往返.mp4,497,True,0.7819496393203735,243.15943908691406,41.19904708862305,267.8455505371094,62.538238525390625
normal,C:\Users\Light\Videos\正常往返.mp4,498,True,0.7973943948745728,245.98863220214844,41.347232818603516,271.218017578125,63.04567337036133
normal,C:\Users\Light\Videos\正常往返.mp4,499,True,0.7987265586853027,249.64920043945312,40.85635757446289,274.45672607421875,62.2530517578125
normal,C:\Users\Light\Videos\正常往返.mp4,500,True,0.8020838499069214,249.60855102539062,40.910186767578125,274.44866943359375,62.283084869384766
normal,C:\Users\Light\Videos\正常往返.mp4,501,True,0.7657069563865662,254.06686401367188,40.81993865966797,277.9953308105469,62.27033233642578
normal,C:\Users\Light\Videos\正常往返.mp4,502,True,0.8010684847831726,256.22625732421875,40.95086669921875,282.12060546875,62.44890594482422
normal,C:\Users\Light\Videos\正常往返.mp4,503,True,0.8011037111282349,256.23223876953125,40.948265075683594,282.11993408203125,62.44850158691406
normal,C:\Users\Light\Videos\正常往返.mp4,504,True,0.7847759127616882,259.6024169921875,42.026519775390625,283.3548583984375,63.13218307495117
normal,C:\Users\Light\Videos\正常往返.mp4,505,True,0.787706732749939,262.0865783691406,41.11534118652344,287.39422607421875,62.9013671875
normal,C:\Users\Light\Videos\正常往返.mp4,506,True,0.787846565246582,262.08551025390625,41.11890411376953,287.3943176269531,62.9046630859375
normal,C:\Users\Light\Videos\正常往返.mp4,507,True,0.7797557711601257,265.0182800292969,41.12975311279297,289.3553161621094,63.02738571166992
normal,C:\Users\Light\Videos\正常往返.mp4,508,True,0.7919420003890991,267.4873962402344,40.54741668701172,291.8047790527344,62.22120666503906
normal,C:\Users\Light\Videos\正常往返.mp4,509,True,0.7919551730155945,267.4896545410156,40.550193786621094,291.808349609375,62.22541809082031
normal,C:\Users\Light\Videos\正常往返.mp4,510,True,0.7903636693954468,270.1070556640625,41.1800651550293,294.7447509765625,62.185638427734375
normal,C:\Users\Light\Videos\正常往返.mp4,511,True,0.783693253993988,270.1073303222656,41.126548767089844,294.751953125,62.17295455932617
normal,C:\Users\Light\Videos\正常往返.mp4,512,True,0.7418947815895081,273.4939880371094,41.54563903808594,296.1151123046875,62.1220817565918
normal,C:\Users\Light\Videos\正常往返.mp4,513,True,0.7858925461769104,274.96246337890625,41.54043960571289,299.3082275390625,62.26820373535156
normal,C:\Users\Light\Videos\正常往返.mp4,514,True,0.7722699642181396,276.6478576660156,41.27439498901367,301.5951843261719,61.741111755371094
normal,C:\Users\Light\Videos\正常往返.mp4,515,True,0.7715122103691101,279.27020263671875,41.247928619384766,303.4024963378906,62.10997772216797
normal,C:\Users\Light\Videos\正常往返.mp4,516,True,0.7675687074661255,279.3040771484375,41.249542236328125,303.3850402832031,62.120689392089844
normal,C:\Users\Light\Videos\正常往返.mp4,517,True,0.7892406582832336,280.61212158203125,41.50016784667969,305.2115173339844,62.39215850830078
normal,C:\Users\Light\Videos\正常往返.mp4,518,True,0.79253089427948,282.4775390625,41.358123779296875,306.629150390625,62.08261489868164
normal,C:\Users\Light\Videos\正常往返.mp4,519,True,0.7922367453575134,282.4959411621094,41.373294830322266,306.64599609375,62.08541488647461
normal,C:\Users\Light\Videos\正常往返.mp4,520,True,0.7562656998634338,284.12591552734375,41.75747299194336,307.0740966796875,62.3217658996582
normal,C:\Users\Light\Videos\正常往返.mp4,521,True,0.7560398578643799,284.1295471191406,41.75845718383789,307.07659912109375,62.32185363769531
normal,C:\Users\Light\Videos\正常往返.mp4,522,True,0.738059937953949,285.5578918457031,41.69337463378906,308.19049072265625,62.19119644165039
normal,C:\Users\Light\Videos\正常往返.mp4,523,True,0.7622777223587036,286.9790344238281,40.96646499633789,310.8969421386719,61.73241424560547
normal,C:\Users\Light\Videos\正常往返.mp4,524,True,0.7622749209403992,286.98089599609375,40.96451187133789,310.89752197265625,61.73337936401367
normal,C:\Users\Light\Videos\正常往返.mp4,525,True,0.7738521099090576,287.3487548828125,41.478023529052734,311.4602355957031,61.87934494018555
normal,C:\Users\Light\Videos\正常往返.mp4,526,True,0.766907274723053,287.9720153808594,41.28407669067383,312.4041748046875,61.78884506225586
normal,C:\Users\Light\Videos\正常往返.mp4,527,True,0.7704179883003235,288.0112609863281,41.29151916503906,312.4216003417969,61.779075622558594
normal,C:\Users\Light\Videos\正常往返.mp4,528,True,0.7643935084342957,289.2793273925781,41.074554443359375,313.74853515625,61.88837432861328
normal,C:\Users\Light\Videos\正常往返.mp4,529,True,0.7579260468482971,289.9132385253906,41.019981384277344,313.94293212890625,61.872352600097656
normal,C:\Users\Light\Videos\正常往返.mp4,530,True,0.7579829692840576,289.8928527832031,41.02312088012695,313.9591369628906,61.865135192871094
normal,C:\Users\Light\Videos\正常往返.mp4,531,True,0.7699980139732361,289.8970031738281,40.97661590576172,314.87213134765625,61.81446075439453
normal,C:\Users\Light\Videos\正常往返.mp4,532,True,0.76993727684021,289.88482666015625,40.9735221862793,314.86798095703125,61.81316375732422
normal,C:\Users\Light\Videos\正常往返.mp4,533,True,0.766788125038147,290.5588684082031,41.10774612426758,314.9098815917969,61.80085754394531
normal,C:\Users\Light\Videos\正常往返.mp4,534,True,0.7681960463523865,290.67523193359375,41.053619384765625,315.08258056640625,61.8696403503418
normal,C:\Users\Light\Videos\正常往返.mp4,535,True,0.7680366635322571,290.6629638671875,41.05669021606445,315.0760498046875,61.86849594116211
normal,C:\Users\Light\Videos\正常往返.mp4,536,True,0.7692700624465942,290.7853088378906,41.10601806640625,314.90496826171875,61.91822814941406
normal,C:\Users\Light\Videos\正常往返.mp4,537,True,0.7694560885429382,290.52825927734375,41.02863311767578,314.6568603515625,61.99176025390625
normal,C:\Users\Light\Videos\正常往返.mp4,538,True,0.7696111798286438,290.5189208984375,41.026100158691406,314.66693115234375,61.99514389038086
normal,C:\Users\Light\Videos\正常往返.mp4,539,True,0.7641558647155762,289.46246337890625,41.085872650146484,314.1573181152344,61.97687911987305
normal,C:\Users\Light\Videos\正常往返.mp4,540,True,0.7639224529266357,289.4729309082031,41.088741302490234,314.1526794433594,61.97037887573242
normal,C:\Users\Light\Videos\正常往返.mp4,541,True,0.7609239220619202,289.29718017578125,41.21973419189453,313.6015319824219,62.140995025634766
normal,C:\Users\Light\Videos\正常往返.mp4,542,True,0.7611650228500366,289.2890930175781,41.21574401855469,313.61151123046875,62.139652252197266
normal,C:\Users\Light\Videos\正常往返.mp4,543,True,0.7628551125526428,288.6623229980469,41.045127868652344,312.5600891113281,62.167686462402344
normal,C:\Users\Light\Videos\正常往返.mp4,544,True,0.7778804898262024,288.0426940917969,41.61780548095703,311.8544006347656,61.8469123840332
normal,C:\Users\Light\Videos\正常往返.mp4,545,True,0.777559757232666,288.0414123535156,41.62248992919922,311.857177734375,61.84908676147461
normal,C:\Users\Light\Videos\正常往返.mp4,546,True,0.7961651086807251,286.9878234863281,41.46798324584961,311.2118225097656,61.68965530395508
normal,C:\Users\Light\Videos\正常往返.mp4,547,True,0.7496303915977478,286.8249816894531,40.752769470214844,310.8269348144531,61.72454833984375
normal,C:\Users\Light\Videos\正常往返.mp4,548,True,0.7496663928031921,286.8249816894531,40.75261306762695,310.8286437988281,61.725467681884766
normal,C:\Users\Light\Videos\正常往返.mp4,549,True,0.7442665696144104,285.17901611328125,41.5576057434082,307.9616394042969,62.136558532714844
normal,C:\Users\Light\Videos\正常往返.mp4,550,True,0.7579858899116516,284.0589599609375,41.65922164916992,307.0214538574219,62.24677658081055
normal,C:\Users\Light\Videos\正常往返.mp4,551,True,0.7581524848937988,284.05908203125,41.66341018676758,307.02587890625,62.25598907470703
normal,C:\Users\Light\Videos\正常往返.mp4,552,True,0.775544285774231,282.6704406738281,40.88737487792969,306.9792175292969,61.69465255737305
normal,C:\Users\Light\Videos\正常往返.mp4,553,True,0.786760687828064,280.7732849121094,41.59839630126953,303.9776306152344,62.16291427612305
normal,C:\Users\Light\Videos\正常往返.mp4,554,True,0.7867765426635742,280.775390625,41.59962844848633,303.9776611328125,62.162757873535156
normal,C:\Users\Light\Videos\正常往返.mp4,555,True,0.7771638035774231,279.7547302246094,40.57265090942383,304.020751953125,61.69032669067383
normal,C:\Users\Light\Videos\正常往返.mp4,556,True,0.7786874771118164,279.7760009765625,40.60604476928711,304.00341796875,61.69790267944336
normal,C:\Users\Light\Videos\正常往返.mp4,557,True,0.7607247829437256,278.34735107421875,40.81045913696289,302.2920837402344,61.95448684692383
normal,C:\Users\Light\Videos\正常往返.mp4,558,True,0.8245793581008911,276.2187194824219,41.52473068237305,300.25543212890625,61.951778411865234
normal,C:\Users\Light\Videos\正常往返.mp4,559,True,0.8233262896537781,276.20953369140625,41.52565002441406,300.2459716796875,61.96147918701172
normal,C:\Users\Light\Videos\正常往返.mp4,560,True,0.7403098344802856,274.4237060546875,41.09745788574219,297.57012939453125,61.867488861083984
normal,C:\Users\Light\Videos\正常往返.mp4,561,True,0.7569276094436646,272.1897888183594,41.18728256225586,295.02301025390625,61.879005432128906
normal,C:\Users\Light\Videos\正常往返.mp4,562,True,0.7569428086280823,272.2037658691406,41.20296859741211,295.042236328125,61.88936233520508
normal,C:\Users\Light\Videos\正常往返.mp4,563,True,0.7969350218772888,269.2572326660156,41.2579460144043,292.75341796875,62.136627197265625
normal,C:\Users\Light\Videos\正常往返.mp4,564,True,0.7926313877105713,267.11181640625,40.34685516357422,291.4179382324219,62.07040023803711
normal,C:\Users\Light\Videos\正常往返.mp4,565,True,0.7884532809257507,265.0529479980469,40.66953659057617,289.04522705078125,62.57133865356445
normal,C:\Users\Light\Videos\正常往返.mp4,566,True,0.788433849811554,265.0495300292969,40.669803619384766,289.0357666015625,62.5684700012207
normal,C:\Users\Light\Videos\正常往返.mp4,567,True,0.7688863277435303,262.3602600097656,41.23896408081055,286.1292419433594,62.45677185058594
normal,C:\Users\Light\Videos\正常往返.mp4,568,True,0.7851086854934692,260.0662536621094,41.637325286865234,283.43182373046875,62.73379898071289
normal,C:\Users\Light\Videos\正常往返.mp4,569,True,0.7854543328285217,260.0596008300781,41.63990020751953,283.42926025390625,62.73910903930664
normal,C:\Users\Light\Videos\正常往返.mp4,570,True,0.808339536190033,256.7176818847656,41.328094482421875,280.6387939453125,62.41130065917969
normal,C:\Users\Light\Videos\正常往返.mp4,571,True,0.7731779217720032,254.50401306152344,40.56278991699219,278.6095886230469,62.123939514160156
normal,C:\Users\Light\Videos\正常往返.mp4,572,True,0.7731510996818542,254.50726318359375,40.56238555908203,278.6106262207031,62.125465393066406
normal,C:\Users\Light\Videos\正常往返.mp4,573,True,0.7576141953468323,250.73709106445312,41.01890563964844,274.7962951660156,62.24545669555664
normal,C:\Users\Light\Videos\正常往返.mp4,574,True,0.7989554405212402,246.86204528808594,41.36608123779297,270.85687255859375,62.66609191894531
normal,C:\Users\Light\Videos\正常往返.mp4,575,True,0.7986840605735779,246.86683654785156,41.35807800292969,270.857421875,62.659481048583984
normal,C:\Users\Light\Videos\正常往返.mp4,576,True,0.7984397411346436,243.6358184814453,40.59248352050781,268.6258544921875,62.450809478759766
normal,C:\Users\Light\Videos\正常往返.mp4,577,True,0.7974914312362671,243.64859008789062,40.5672492980957,268.63531494140625,62.442115783691406
normal,C:\Users\Light\Videos\正常往返.mp4,578,True,0.8211017847061157,240.47987365722656,41.36361312866211,264.97381591796875,62.42445373535156
normal,C:\Users\Light\Videos\正常往返.mp4,579,True,0.7942494750022888,237.74374389648438,41.0847053527832,262.09344482421875,62.21936798095703
normal,C:\Users\Light\Videos\正常往返.mp4,580,True,0.7912278175354004,237.74490356445312,41.02179718017578,262.08978271484375,62.17743682861328
normal,C:\Users\Light\Videos\正常往返.mp4,581,True,0.8076615333557129,233.08840942382812,41.138336181640625,259.0245666503906,62.252872467041016
normal,C:\Users\Light\Videos\正常往返.mp4,582,True,0.772053062915802,230.12828063964844,41.156288146972656,255.2115020751953,61.73622512817383
normal,C:\Users\Light\Videos\正常往返.mp4,583,True,0.7707602977752686,230.127685546875,41.150394439697266,255.21543884277344,61.734588623046875
normal,C:\Users\Light\Videos\正常往返.mp4,584,True,0.7855008244514465,226.902587890625,41.45621871948242,250.49612426757812,61.970848083496094
normal,C:\Users\Light\Videos\正常往返.mp4,585,True,0.7956674695014954,222.9838104248047,41.85861587524414,247.5962677001953,63.08247375488281
normal,C:\Users\Light\Videos\正常往返.mp4,586,True,0.7958011627197266,222.9870147705078,41.86318588256836,247.5895538330078,63.083953857421875
normal,C:\Users\Light\Videos\正常往返.mp4,587,True,0.7868708372116089,220.12916564941406,41.24839782714844,244.10818481445312,62.202335357666016
normal,C:\Users\Light\Videos\正常往返.mp4,588,True,0.7599904537200928,215.91311645507812,41.64752197265625,240.41390991210938,62.80316162109375
normal,C:\Users\Light\Videos\正常往返.mp4,589,True,0.7733110785484314,213.6734619140625,41.470829010009766,237.20240783691406,62.41203689575195
normal,C:\Users\Light\Videos\正常往返.mp4,590,True,0.7718684077262878,213.68026733398438,41.455928802490234,237.20066833496094,62.41219711303711
normal,C:\Users\Light\Videos\正常往返.mp4,591,True,0.7892886996269226,210.01649475097656,41.376747131347656,233.4734649658203,62.39227294921875
normal,C:\Users\Light\Videos\正常往返.mp4,592,True,0.8029017448425293,206.54891967773438,42.12241744995117,230.21530151367188,62.374881744384766
normal,C:\Users\Light\Videos\正常往返.mp4,593,True,0.8028727769851685,206.54391479492188,42.120243072509766,230.21473693847656,62.37400817871094
normal,C:\Users\Light\Videos\正常往返.mp4,594,True,0.7929613590240479,204.13735961914062,41.87654495239258,226.94090270996094,62.56011199951172
normal,C:\Users\Light\Videos\正常往返.mp4,595,True,0.8221970796585083,200.53187561035156,41.77374267578125,224.17185974121094,62.87496566772461
normal,C:\Users\Light\Videos\正常往返.mp4,596,True,0.821875274181366,200.51634216308594,41.75910949707031,224.17393493652344,62.8610954284668
normal,C:\Users\Light\Videos\正常往返.mp4,597,True,0.8295940160751343,197.9303436279297,41.54566192626953,221.4806365966797,62.72322082519531
normal,C:\Users\Light\Videos\正常往返.mp4,598,True,0.8045613169670105,194.3305206298828,42.06399154663086,218.31393432617188,63.01815414428711
normal,C:\Users\Light\Videos\正常往返.mp4,599,True,0.8044956922531128,194.33609008789062,42.06385803222656,218.3166046142578,63.02012634277344
normal,C:\Users\Light\Videos\正常往返.mp4,600,True,0.8062662482261658,192.4327850341797,41.9463996887207,215.68089294433594,62.98581314086914
normal,C:\Users\Light\Videos\正常往返.mp4,601,True,0.8056945204734802,192.42904663085938,41.950477600097656,215.6834716796875,62.994285583496094
normal,C:\Users\Light\Videos\正常往返.mp4,602,True,0.7649732828140259,190.1829833984375,42.47062301635742,212.45753479003906,62.70551681518555
normal,C:\Users\Light\Videos\正常往返.mp4,603,True,0.8046632409095764,186.8083038330078,42.197967529296875,211.26971435546875,63.26691818237305
normal,C:\Users\Light\Videos\正常往返.mp4,604,True,0.8038822412490845,186.8155059814453,42.20874786376953,211.24534606933594,63.25201416015625
normal,C:\Users\Light\Videos\正常往返.mp4,605,True,0.7733980417251587,185.1027069091797,41.465206146240234,208.53807067871094,62.48843765258789
normal,C:\Users\Light\Videos\正常往返.mp4,606,True,0.8523040413856506,182.5204315185547,42.019775390625,205.90980529785156,62.7039680480957
normal,C:\Users\Light\Videos\正常往返.mp4,607,True,0.852965772151947,182.52760314941406,41.99435806274414,205.90756225585938,62.679317474365234
normal,C:\Users\Light\Videos\正常往返.mp4,608,True,0.829352080821991,181.3614501953125,41.95816421508789,203.20681762695312,62.1243896484375
normal,C:\Users\Light\Videos\正常往返.mp4,609,True,0.7679582834243774,178.7708740234375,42.51948165893555,201.0917510986328,62.88014602661133
normal,C:\Users\Light\Videos\正常往返.mp4,610,True,0.7681828737258911,178.77627563476562,42.51786804199219,201.105224609375,62.89170837402344
normal,C:\Users\Light\Videos\正常往返.mp4,611,True,0.8293316960334778,176.95518493652344,42.28864288330078,199.7735137939453,62.97808074951172
normal,C:\Users\Light\Videos\正常往返.mp4,612,True,0.8255181908607483,175.19384765625,42.03848648071289,197.44744873046875,62.600406646728516
normal,C:\Users\Light\Videos\正常往返.mp4,613,True,0.8028491735458374,173.616943359375,42.04803466796875,196.13796997070312,62.64222717285156
normal,C:\Users\Light\Videos\正常往返.mp4,614,True,0.8029043078422546,173.621826171875,42.051551818847656,196.13587951660156,62.64054489135742
normal,C:\Users\Light\Videos\正常往返.mp4,615,True,0.8148927688598633,171.83963012695312,42.79747009277344,194.16664123535156,63.230926513671875
normal,C:\Users\Light\Videos\正常往返.mp4,616,True,0.8438770174980164,170.77430725097656,42.83942413330078,193.0746307373047,62.981712341308594
normal,C:\Users\Light\Videos\正常往返.mp4,617,True,0.8439221978187561,170.78842163085938,42.84986877441406,193.07041931152344,62.987449645996094
normal,C:\Users\Light\Videos\正常往返.mp4,618,True,0.8076888918876648,169.62750244140625,42.26966094970703,191.20335388183594,62.43319320678711
normal,C:\Users\Light\Videos\正常往返.mp4,619,True,0.7913211584091187,167.9761199951172,41.93593215942383,190.11184692382812,62.3723030090332
normal,C:\Users\Light\Videos\正常往返.mp4,620,True,0.7912520170211792,167.9778594970703,41.93438720703125,190.11233520507812,62.37022018432617
normal,C:\Users\Light\Videos\正常往返.mp4,621,True,0.8060572743415833,166.81597900390625,42.30134963989258,188.96829223632812,62.8323860168457
normal,C:\Users\Light\Videos\正常往返.mp4,622,True,0.8052446246147156,166.7866668701172,42.342586517333984,188.96099853515625,62.89374923706055
normal,C:\Users\Light\Videos\正常往返.mp4,623,True,0.8460515737533569,166.04457092285156,42.565757751464844,188.54588317871094,63.06452178955078
normal,C:\Users\Light\Videos\正常往返.mp4,624,True,0.8594678044319153,165.51998901367188,42.39213943481445,187.78143310546875,62.6775016784668
normal,C:\Users\Light\Videos\正常往返.mp4,625,True,0.8593916296958923,165.51858520507812,42.39027786254883,187.7815704345703,62.67698669433594
normal,C:\Users\Light\Videos\正常往返.mp4,626,True,0.8403232097625732,164.57293701171875,42.71013259887695,187.19921875,63.0034294128418
normal,C:\Users\Light\Videos\正常往返.mp4,627,True,0.8223752975463867,163.99307250976562,42.134586334228516,186.2967529296875,62.81671905517578
normal,C:\Users\Light\Videos\正常往返.mp4,628,True,0.8220835328102112,163.98338317871094,42.13335418701172,186.2805633544922,62.81122970581055
normal,C:\Users\Light\Videos\正常往返.mp4,629,True,0.8334335088729858,163.77044677734375,42.072933197021484,185.92111206054688,62.584651947021484
normal,C:\Users\Light\Videos\正常往返.mp4,630,True,0.8235481381416321,163.68202209472656,42.311031341552734,185.808349609375,62.779449462890625
normal,C:\Users\Light\Videos\正常往返.mp4,631,True,0.8234685659408569,163.67626953125,42.30451202392578,185.80189514160156,62.77328872680664
normal,C:\Users\Light\Videos\正常往返.mp4,632,True,0.8385162949562073,163.7257080078125,42.159420013427734,185.9195098876953,62.73989486694336
normal,C:\Users\Light\Videos\正常往返.mp4,633,True,0.8267166614532471,163.8531036376953,42.173561096191406,186.2740478515625,62.875144958496094
normal,C:\Users\Light\Videos\正常往返.mp4,634,True,0.8268213272094727,163.85279846191406,42.1737174987793,186.27517700195312,62.87566375732422
normal,C:\Users\Light\Videos\正常往返.mp4,635,True,0.8228935599327087,164.29017639160156,42.13864517211914,187.04920959472656,63.1342658996582
normal,C:\Users\Light\Videos\正常往返.mp4,636,True,0.8401798009872437,164.9391632080078,42.64413070678711,187.36122131347656,62.96880340576172
normal,C:\Users\Light\Videos\正常往返.mp4,637,True,0.8582658171653748,165.7979278564453,42.49549865722656,188.40586853027344,63.09479904174805
normal,C:\Users\Light\Videos\正常往返.mp4,638,True,0.8570855855941772,165.79766845703125,42.49554443359375,188.403076171875,63.09775924682617
normal,C:\Users\Light\Videos\正常往返.mp4,639,True,0.8337559700012207,166.28482055664062,42.56107711791992,188.42507934570312,62.88529968261719
normal,C:\Users\Light\Videos\正常往返.mp4,640,True,0.7979743480682373,166.98045349121094,42.4215202331543,189.15562438964844,62.99818420410156
normal,C:\Users\Light\Videos\正常往返.mp4,641,True,0.7986603379249573,166.9893341064453,42.419456481933594,189.1612548828125,62.99092483520508
normal,C:\Users\Light\Videos\正常往返.mp4,642,True,0.7812288999557495,167.99110412597656,42.327369689941406,189.7733917236328,62.64356994628906
normal,C:\Users\Light\Videos\正常往返.mp4,643,True,0.8099640607833862,169.26150512695312,42.126407623291016,190.94332885742188,62.280303955078125
normal,C:\Users\Light\Videos\正常往返.mp4,644,True,0.8098719120025635,169.26222229003906,42.12512969970703,190.9445037841797,62.28023910522461
normal,C:\Users\Light\Videos\正常往返.mp4,645,True,0.8117541670799255,169.92623901367188,42.2734489440918,191.73275756835938,62.6821174621582
normal,C:\Users\Light\Videos\正常往返.mp4,646,True,0.8119505047798157,169.92369079589844,42.27553176879883,191.7306671142578,62.68281173706055
normal,C:\Users\Light\Videos\正常往返.mp4,647,True,0.838643491268158,171.0176544189453,43.145809173583984,193.0933837890625,63.20737075805664
normal,C:\Users\Light\Videos\正常往返.mp4,648,True,0.8379576802253723,171.87002563476562,42.56340789794922,194.4185333251953,62.95181655883789
normal,C:\Users\Light\Videos\正常往返.mp4,649,True,0.8379907608032227,171.8689422607422,42.563316345214844,194.4195098876953,62.9517707824707
normal,C:\Users\Light\Videos\正常往返.mp4,650,True,0.7824873328208923,173.1697998046875,42.4373664855957,195.76434326171875,63.172210693359375
normal,C:\Users\Light\Videos\正常往返.mp4,651,True,0.8219690322875977,174.6881866455078,42.249961853027344,196.9196319580078,62.709144592285156
normal,C:\Users\Light\Videos\正常往返.mp4,652,True,0.8218512535095215,174.6919403076172,42.25092315673828,196.92088317871094,62.708316802978516
normal,C:\Users\Light\Videos\正常往返.mp4,653,True,0.8108329176902771,175.58238220214844,42.168182373046875,198.5493621826172,63.37792205810547
normal,C:\Users\Light\Videos\正常往返.mp4,654,True,0.7803729176521301,176.69801330566406,42.43895721435547,199.9139862060547,63.30073928833008
normal,C:\Users\Light\Videos\正常往返.mp4,655,True,0.7799788117408752,176.98643493652344,42.75471115112305,199.59738159179688,63.13966751098633
normal,C:\Users\Light\Videos\正常往返.mp4,656,True,0.7691298723220825,178.87872314453125,42.756996154785156,201.1666717529297,63.18968963623047
normal,C:\Users\Light\Videos\正常往返.mp4,657,True,0.7690213918685913,178.86912536621094,42.75856399536133,201.16075134277344,63.192291259765625
normal,C:\Users\Light\Videos\正常往返.mp4,658,True,0.8300186991691589,182.42701721191406,42.378936767578125,205.49012756347656,62.90764236450195
normal,C:\Users\Light\Videos\正常往返.mp4,659,True,0.8301303386688232,182.42018127441406,42.4032096862793,205.49789428710938,62.93917465209961
normal,C:\Users\Light\Videos\正常往返.mp4,660,True,0.757727324962616,184.19085693359375,42.460872650146484,206.8320770263672,63.06801986694336
normal,C:\Users\Light\Videos\正常往返.mp4,661,True,0.8032534718513489,186.52215576171875,42.04494094848633,209.2035675048828,62.61869430541992
normal,C:\Users\Light\Videos\正常往返.mp4,662,True,0.8030009269714355,186.5294189453125,42.05498123168945,209.20790100097656,62.62165069580078
normal,C:\Users\Light\Videos\正常往返.mp4,663,True,0.8234606981277466,188.09710693359375,42.45802688598633,211.56784057617188,63.16606903076172
normal,C:\Users\Light\Videos\正常往返.mp4,664,True,0.7575546503067017,190.65773010253906,42.709102630615234,212.9268035888672,63.15403366088867
normal,C:\Users\Light\Videos\正常往返.mp4,665,True,0.7575635313987732,190.65626525878906,42.70896911621094,212.92669677734375,63.15470504760742
normal,C:\Users\Light\Videos\正常往返.mp4,666,True,0.7953463196754456,192.7366180419922,42.31452941894531,215.22976684570312,62.96770477294922
normal,C:\Users\Light\Videos\正常往返.mp4,667,True,0.7957901358604431,192.74032592773438,42.33019256591797,215.21334838867188,62.960689544677734
normal,C:\Users\Light\Videos\正常往返.mp4,668,True,0.8296701908111572,193.8152618408203,42.25787353515625,217.6295928955078,63.172813415527344
normal,C:\Users\Light\Videos\正常往返.mp4,669,True,0.7824498414993286,196.39224243164062,41.696109771728516,219.6517333984375,62.7864875793457
normal,C:\Users\Light\Videos\正常往返.mp4,670,True,0.7822693586349487,196.4004669189453,41.703819274902344,219.65121459960938,62.790565490722656
normal,C:\Users\Light\Videos\正常往返.mp4,671,True,0.8122715353965759,198.70440673828125,41.61125946044922,221.78172302246094,62.7774772644043
normal,C:\Users\Light\Videos\正常往返.mp4,672,True,0.8366286158561707,200.33743286132812,41.62504196166992,223.9827423095703,62.623355865478516
normal,C:\Users\Light\Videos\正常往返.mp4,673,True,0.8378915190696716,200.30502319335938,41.633583068847656,223.97459411621094,62.62678527832031
normal,C:\Users\Light\Videos\正常往返.mp4,674,True,0.7460026741027832,202.87405395507812,42.075355529785156,225.09835815429688,62.43207550048828
normal,C:\Users\Light\Videos\正常往返.mp4,675,True,0.785800576210022,204.89927673339844,41.490394592285156,227.3988800048828,62.117218017578125
normal,C:\Users\Light\Videos\正常往返.mp4,676,True,0.7860608100891113,204.88966369628906,41.49115753173828,227.3968048095703,62.12528610229492
normal,C:\Users\Light\Videos\正常往返.mp4,677,True,0.8045572638511658,206.4578399658203,42.0750846862793,229.81744384765625,62.436824798583984
normal,C:\Users\Light\Videos\正常往返.mp4,678,True,0.796219527721405,209.29653930664062,41.97611618041992,231.71063232421875,62.24090576171875
normal,C:\Users\Light\Videos\正常往返.mp4,679,True,0.7963401079177856,209.28341674804688,41.987884521484375,231.7144775390625,62.25209045410156
normal,C:\Users\Light\Videos\正常往返.mp4,680,True,0.7747859358787537,210.83387756347656,41.8854866027832,233.4281463623047,62.65049362182617
normal,C:\Users\Light\Videos\正常往返.mp4,681,True,0.774925708770752,210.8359832763672,41.88642501831055,233.42710876464844,62.646907806396484
normal,C:\Users\Light\Videos\正常往返.mp4,682,True,0.8129329681396484,211.74688720703125,41.78714370727539,235.1741485595703,62.556949615478516
normal,C:\Users\Light\Videos\正常往返.mp4,683,True,0.7629252076148987,214.3186798095703,41.52645492553711,236.89874267578125,62.317955017089844
normal,C:\Users\Light\Videos\正常往返.mp4,684,True,0.7651406526565552,215.93304443359375,41.20523452758789,238.27862548828125,61.90843200683594
normal,C:\Users\Light\Videos\正常往返.mp4,685,True,0.7586614489555359,217.0227508544922,41.09461212158203,240.0488739013672,62.137298583984375
normal,C:\Users\Light\Videos\正常往返.mp4,686,True,0.7587669491767883,217.0196075439453,41.0961799621582,240.036865234375,62.14088439941406
normal,C:\Users\Light\Videos\正常往返.mp4,687,True,0.7967880964279175,217.51368713378906,40.96863555908203,241.45823669433594,62.40692901611328
normal,C:\Users\Light\Videos\正常往返.mp4,688,True,0.759492814540863,219.347412109375,40.91740417480469,242.62060546875,61.909664154052734
normal,C:\Users\Light\Videos\正常往返.mp4,689,True,0.7615119218826294,219.32383728027344,40.92677307128906,242.63311767578125,61.91356658935547
normal,C:\Users\Light\Videos\正常往返.mp4,690,True,0.7575295567512512,220.32687377929688,41.070831298828125,243.40899658203125,62.17057800292969
normal,C:\Users\Light\Videos\正常往返.mp4,691,True,0.7582527995109558,220.32444763183594,41.07352066040039,243.41705322265625,62.192138671875
normal,C:\Users\Light\Videos\正常往返.mp4,692,True,0.7610071897506714,220.80096435546875,41.21832275390625,243.9257049560547,62.328826904296875
normal,C:\Users\Light\Videos\正常往返.mp4,693,True,0.7927057147026062,220.55020141601562,41.39082336425781,244.2987823486328,62.36434555053711
normal,C:\Users\Light\Videos\正常往返.mp4,694,True,0.7930882573127747,220.5518798828125,41.38457107543945,244.29832458496094,62.35307312011719
normal,C:\Users\Light\Videos\正常往返.mp4,695,True,0.7890434861183167,221.3623046875,41.573116302490234,245.01779174804688,62.55690383911133
normal,C:\Users\Light\Videos\正常往返.mp4,696,True,0.7845583558082581,221.8952178955078,41.57851791381836,245.37168884277344,62.49861526489258
normal,C:\Users\Light\Videos\正常往返.mp4,697,True,0.7845070958137512,221.901611328125,41.58127212524414,245.37542724609375,62.4998893737793
normal,C:\Users\Light\Videos\正常往返.mp4,698,True,0.8058345317840576,222.547607421875,41.093780517578125,247.099609375,62.580257415771484
normal,C:\Users\Light\Videos\正常往返.mp4,699,True,0.8012323379516602,222.7060546875,40.9792366027832,247.17068481445312,62.4134521484375
normal,C:\Users\Light\Videos\正常往返.mp4,700,True,0.8009564280509949,222.7084197998047,40.976009368896484,247.1719207763672,62.41161346435547
normal,C:\Users\Light\Videos\正常往返.mp4,701,True,0.7950829863548279,222.5972137451172,40.95940399169922,247.10733032226562,62.36690139770508
normal,C:\Users\Light\Videos\正常往返.mp4,702,True,0.7951699495315552,222.594482421875,40.95781326293945,247.10836791992188,62.36809158325195
normal,C:\Users\Light\Videos\正常往返.mp4,703,True,0.7849823832511902,221.83627319335938,41.46186447143555,245.27281188964844,62.3687858581543
normal,C:\Users\Light\Videos\正常往返.mp4,704,True,0.783860445022583,221.6416778564453,41.4930419921875,245.04666137695312,62.350250244140625
normal,C:\Users\Light\Videos\正常往返.mp4,705,True,0.783765435218811,221.63168334960938,41.48936462402344,245.03387451171875,62.34092712402344
normal,C:\Users\Light\Videos\正常往返.mp4,706,True,0.7931333780288696,220.66749572753906,41.30677795410156,244.37364196777344,62.248390197753906
normal,C:\Users\Light\Videos\正常往返.mp4,707,True,0.7655860781669617,220.8967742919922,41.04030990600586,243.92726135253906,62.104732513427734
normal,C:\Users\Light\Videos\正常往返.mp4,708,True,0.7578356266021729,220.5167236328125,41.14512634277344,243.54074096679688,62.19906234741211
normal,C:\Users\Light\Videos\正常往返.mp4,709,True,0.754501461982727,219.83343505859375,41.08907699584961,242.91018676757812,62.1911506652832
normal,C:\Users\Light\Videos\正常往返.mp4,710,True,0.7549091577529907,219.83175659179688,41.07527160644531,242.8902587890625,62.17802047729492
normal,C:\Users\Light\Videos\正常往返.mp4,711,True,0.7695678472518921,218.1124267578125,40.85711669921875,242.2311248779297,62.319210052490234
normal,C:\Users\Light\Videos\正常往返.mp4,712,True,0.7701793909072876,218.10366821289062,40.85570526123047,242.22531127929688,62.323848724365234
normal,C:\Users\Light\Videos\正常往返.mp4,713,True,0.8139320611953735,217.62571716308594,41.027557373046875,241.3787078857422,62.372257232666016
normal,C:\Users\Light\Videos\正常往返.mp4,714,True,0.7603635191917419,217.0745391845703,41.397926330566406,239.7572479248047,62.15397262573242
normal,C:\Users\Light\Videos\正常往返.mp4,715,True,0.7601965069770813,217.0811004638672,41.39873504638672,239.7562255859375,62.15043258666992
normal,C:\Users\Light\Videos\正常往返.mp4,716,True,0.7817196249961853,216.18655395507812,40.873592376708984,238.50929260253906,61.61112594604492
normal,C:\Users\Light\Videos\正常往返.mp4,717,True,0.7521154880523682,214.97100830078125,41.71724319458008,237.26742553710938,62.32842254638672
normal,C:\Users\Light\Videos\正常往返.mp4,718,True,0.7521030902862549,214.9701385498047,41.71852111816406,237.26377868652344,62.3297004699707
normal,C:\Users\Light\Videos\正常往返.mp4,719,True,0.7699422240257263,213.28404235839844,41.812557220458984,235.8158721923828,62.419029235839844
normal,C:\Users\Light\Videos\正常往返.mp4,720,True,0.8042762875556946,211.3255157470703,41.49799346923828,235.13787841796875,62.5377197265625
normal,C:\Users\Light\Videos\正常往返.mp4,721,True,0.8036355376243591,211.3213653564453,41.523094177246094,235.11956787109375,62.54852294921875
normal,C:\Users\Light\Videos\正常往返.mp4,722,True,0.7821463942527771,209.6912384033203,41.505592346191406,232.78070068359375,62.09539031982422
normal,C:\Users\Light\Videos\正常往返.mp4,723,True,0.773135244846344,208.93994140625,41.17383575439453,232.13352966308594,61.891693115234375
normal,C:\Users\Light\Videos\正常往返.mp4,724,True,0.7730240225791931,208.93841552734375,41.171146392822266,232.13487243652344,61.892677307128906
normal,C:\Users\Light\Videos\正常往返.mp4,725,True,0.7941480278968811,206.1457061767578,41.642860412597656,230.5305633544922,62.168697357177734
normal,C:\Users\Light\Videos\正常往返.mp4,726,True,0.7941773533821106,206.14613342285156,41.64438247680664,230.5303955078125,62.16645431518555
normal,C:\Users\Light\Videos\正常往返.mp4,727,True,0.8210108280181885,205.15530395507812,41.825355529785156,228.55992126464844,62.20000457763672
normal,C:\Users\Light\Videos\正常往返.mp4,728,True,0.750839114189148,204.19700622558594,40.641544342041016,226.5210723876953,61.57781982421875
normal,C:\Users\Light\Videos\正常往返.mp4,729,True,0.7513194680213928,204.18646240234375,40.63452911376953,226.52403259277344,61.580265045166016
normal,C:\Users\Light\Videos\正常往返.mp4,730,True,0.8083154559135437,199.8417510986328,41.1442985534668,223.54861450195312,62.32064437866211
normal,C:\Users\Light\Videos\正常往返.mp4,731,True,0.8082484006881714,199.85238647460938,41.14617919921875,223.5470428466797,62.31871795654297
normal,C:\Users\Light\Videos\正常往返.mp4,732,True,0.8160154223442078,198.54141235351562,41.02076721191406,221.72007751464844,62.0062141418457
normal,C:\Users\Light\Videos\正常往返.mp4,733,True,0.7892478704452515,196.98487854003906,41.04656219482422,220.50123596191406,62.084136962890625
normal,C:\Users\Light\Videos\正常往返.mp4,734,True,0.7892645001411438,196.98500061035156,41.04615783691406,220.50144958496094,62.0840950012207
normal,C:\Users\Light\Videos\正常往返.mp4,735,True,0.8409822583198547,194.59811401367188,41.85072708129883,218.2471466064453,62.621429443359375
normal,C:\Users\Light\Videos\正常往返.mp4,736,True,0.839016854763031,194.62948608398438,41.85908508300781,218.2490234375,62.60047149658203
normal,C:\Users\Light\Videos\正常往返.mp4,737,True,0.8354350924491882,193.16160583496094,41.95021057128906,217.12350463867188,62.671470642089844
normal,C:\Users\Light\Videos\正常往返.mp4,738,True,0.7990020513534546,192.52198791503906,41.67129898071289,215.02503967285156,62.225284576416016
normal,C:\Users\Light\Videos\正常往返.mp4,739,True,0.7984449863433838,192.53456115722656,41.659019470214844,215.000732421875,62.21076202392578
normal,C:\Users\Light\Videos\正常往返.mp4,740,True,0.7622230648994446,190.73214721679688,42.40583038330078,213.02252197265625,62.768558502197266
normal,C:\Users\Light\Videos\正常往返.mp4,741,True,0.8371607065200806,188.4832000732422,42.02750778198242,212.1412811279297,62.73612976074219
normal,C:\Users\Light\Videos\正常往返.mp4,742,True,0.8371280431747437,188.48458862304688,42.02732849121094,212.14102172851562,62.73671340942383
normal,C:\Users\Light\Videos\正常往返.mp4,743,True,0.8057548999786377,187.10177612304688,42.00166702270508,210.67428588867188,62.52297592163086
normal,C:\Users\Light\Videos\正常往返.mp4,744,True,0.8001463413238525,186.0926513671875,41.451961517333984,209.1156463623047,62.33830642700195
normal,C:\Users\Light\Videos\正常往返.mp4,745,True,0.8001343011856079,186.09194946289062,41.450233459472656,209.11642456054688,62.33895492553711
normal,C:\Users\Light\Videos\正常往返.mp4,746,True,0.7772701978683472,184.54685974121094,41.70850372314453,207.7084503173828,62.394447326660156
normal,C:\Users\Light\Videos\正常往返.mp4,747,True,0.7784236669540405,184.5382080078125,41.71078872680664,207.69461059570312,62.38068389892578
normal,C:\Users\Light\Videos\正常往返.mp4,748,True,0.8428468704223633,182.9142608642578,41.9409294128418,206.0920867919922,62.60177230834961
normal,C:\Users\Light\Videos\正常往返.mp4,749,True,0.8456364870071411,181.98414611816406,42.27486038208008,205.1750030517578,62.63296890258789
normal,C:\Users\Light\Videos\正常往返.mp4,750,True,0.8451765179634094,181.96971130371094,42.27925109863281,205.18862915039062,62.66223907470703
normal,C:\Users\Light\Videos\正常往返.mp4,751,True,0.8441215753555298,181.27554321289062,41.92557907104492,203.26480102539062,62.12644958496094
normal,C:\Users\Light\Videos\正常往返.mp4,752,True,0.7958656549453735,179.9285430908203,41.6663932800293,202.25753784179688,62.151573181152344
normal,C:\Users\Light\Videos\正常往返.mp4,753,True,0.7965666651725769,179.9264373779297,41.6766357421875,202.25184631347656,62.154197692871094
normal,C:\Users\Light\Videos\正常往返.mp4,754,True,0.7861767411231995,178.6720428466797,41.927215576171875,201.47702026367188,62.6443977355957
normal,C:\Users\Light\Videos\正常往返.mp4,755,True,0.8292441368103027,176.84762573242188,42.16289138793945,200.09634399414062,62.883392333984375
normal,C:\Users\Light\Videos\正常往返.mp4,756,True,0.8320689797401428,176.47865295410156,42.278892517089844,199.5183868408203,62.98325729370117
normal,C:\Users\Light\Videos\正常往返.mp4,757,True,0.831200122833252,176.46511840820312,42.27745819091797,199.5140838623047,62.97859573364258
normal,C:\Users\Light\Videos\正常往返.mp4,758,True,0.8167218565940857,175.41868591308594,41.87120819091797,198.36785888671875,63.00609588623047
normal,C:\Users\Light\Videos\正常往返.mp4,759,True,0.8374712467193604,175.0004119873047,42.09565734863281,197.4512481689453,62.68980407714844
normal,C:\Users\Light\Videos\正常往返.mp4,760,True,0.8374770283699036,175.00210571289062,42.09684753417969,197.4502410888672,62.68888473510742
normal,C:\Users\Light\Videos\正常往返.mp4,761,True,0.8250606060028076,174.1459197998047,41.91437530517578,196.38209533691406,62.324344635009766
normal,C:\Users\Light\Videos\正常往返.mp4,762,True,0.8031434416770935,173.3636474609375,42.27418899536133,195.8380889892578,62.83816909790039
normal,C:\Users\Light\Videos\正常往返.mp4,763,True,0.8030954599380493,173.36367797851562,42.27503967285156,195.83729553222656,62.839019775390625
normal,C:\Users\Light\Videos\正常往返.mp4,764,True,0.8045609593391418,172.2987823486328,42.20368194580078,194.5980682373047,62.76425552368164
normal,C:\Users\Light\Videos\正常往返.mp4,765,True,0.8399673104286194,171.57608032226562,42.43220901489258,194.2295684814453,62.983863830566406
normal,C:\Users\Light\Videos\正常往返.mp4,766,True,0.8397102952003479,171.57171630859375,42.435638427734375,194.2289276123047,62.9932975769043
normal,C:\Users\Light\Videos\正常往返.mp4,767,True,0.8443101644515991,171.54095458984375,42.57488250732422,193.80633544921875,62.894710540771484
normal,C:\Users\Light\Videos\正常往返.mp4,768,True,0.844114363193512,170.8488006591797,42.78131103515625,193.21414184570312,62.89105987548828
normal,C:\Users\Light\Videos\正常往返.mp4,769,True,0.8418994545936584,170.8382568359375,42.781917572021484,193.19947814941406,62.90435028076172
normal,C:\Users\Light\Videos\正常往返.mp4,770,True,0.8071950078010559,170.4984893798828,42.3067512512207,192.67913818359375,62.897579193115234
normal,C:\Users\Light\Videos\正常往返.mp4,771,True,0.8077005743980408,170.47439575195312,42.31080627441406,192.6535186767578,62.899845123291016
normal,C:\Users\Light\Videos\正常往返.mp4,772,True,0.8153470754623413,169.9553680419922,42.08039855957031,191.64451599121094,62.45845413208008
normal,C:\Users\Light\Videos\正常往返.mp4,773,True,0.8127755522727966,169.64590454101562,42.08026123046875,191.3932342529297,62.36817932128906
normal,C:\Users\Light\Videos\正常往返.mp4,774,True,0.8127979040145874,169.64601135253906,42.080867767333984,191.39308166503906,62.368247985839844
normal,C:\Users\Light\Videos\正常往返.mp4,775,True,0.7956552505493164,169.1326141357422,41.90007400512695,190.9895477294922,62.21910095214844
normal,C:\Users\Light\Videos\正常往返.mp4,776,True,0.773276686668396,168.7410430908203,41.73667526245117,190.53564453125,62.07313537597656
normal,C:\Users\Light\Videos\正常往返.mp4,777,True,0.7734304070472717,168.7430877685547,41.73143005371094,190.5384063720703,62.07219314575195
normal,C:\Users\Light\Videos\正常往返.mp4,778,True,0.7947084307670593,167.9081268310547,41.807762145996094,190.21707153320312,62.338260650634766
normal,C:\Users\Light\Videos\正常往返.mp4,779,True,0.7746909856796265,167.79843139648438,42.0117073059082,189.87136840820312,62.55390167236328
normal,C:\Users\Light\Videos\正常往返.mp4,780,True,0.7784076929092407,167.4670867919922,42.10085678100586,189.65797424316406,62.714725494384766
normal,C:\Users\Light\Videos\正常往返.mp4,781,True,0.7788893580436707,167.47348022460938,42.11531448364258,189.65977478027344,62.72514724731445
normal,C:\Users\Light\Videos\正常往返.mp4,782,True,0.7757588028907776,167.1734619140625,42.48965072631836,189.4398651123047,62.8841552734375
normal,C:\Users\Light\Videos\正常往返.mp4,783,True,0.7760833501815796,167.4623260498047,42.17143249511719,189.7689971923828,62.83617401123047
normal,C:\Users\Light\Videos\正常往返.mp4,784,True,0.7772040963172913,167.4600067138672,42.169281005859375,189.7694091796875,62.83258819580078
normal,C:\Users\Light\Videos\正常往返.mp4,785,True,0.7780153751373291,167.55052185058594,42.16603088378906,189.70082092285156,62.623870849609375
normal,C:\Users\Light\Videos\正常往返.mp4,786,True,0.7797488570213318,167.7783660888672,42.1955680847168,189.812744140625,62.6499137878418
normal,C:\Users\Light\Videos\正常往返.mp4,787,True,0.7801353931427002,167.77879333496094,42.1931037902832,189.81399536132812,62.65107727050781
normal,C:\Users\Light\Videos\正常往返.mp4,788,True,0.8007375597953796,167.82296752929688,42.02403259277344,190.06871032714844,62.54498291015625
normal,C:\Users\Light\Videos\正常往返.mp4,789,True,0.8067702651023865,167.93118286132812,41.91152572631836,190.26368713378906,62.359283447265625
normal,C:\Users\Light\Videos\正常往返.mp4,790,True,0.8067426085472107,167.92225646972656,41.91047286987305,190.2653045654297,62.364906311035156
normal,C:\Users\Light\Videos\正常往返.mp4,791,True,0.7881454229354858,168.4786376953125,41.66312026977539,190.43154907226562,62.05466842651367
normal,C:\Users\Light\Videos\正常往返.mp4,792,True,0.7890709042549133,168.4915313720703,41.68438720703125,190.44815063476562,62.06760025024414
normal,C:\Users\Light\Videos\正常往返.mp4,793,True,0.780434250831604,168.890869140625,41.74028396606445,190.69366455078125,62.08104705810547
normal,C:\Users\Light\Videos\正常往返.mp4,794,True,0.8036741614341736,169.32772827148438,41.8109245300293,190.97348022460938,62.049713134765625
normal,C:\Users\Light\Videos\正常往返.mp4,795,True,0.8030310273170471,169.32882690429688,41.82002258300781,190.9689483642578,62.05693054199219
normal,C:\Users\Light\Videos\正常往返.mp4,796,True,0.8018418550491333,169.38648986816406,41.965965270996094,191.0523681640625,62.14191436767578
normal,C:\Users\Light\Videos\正常往返.mp4,797,True,0.8118959665298462,169.3287811279297,41.986671447753906,191.04998779296875,62.13057327270508
normal,C:\Users\Light\Videos\正常往返.mp4,798,True,0.8124340772628784,169.34097290039062,41.978424072265625,191.0501251220703,62.12004089355469
normal,C:\Users\Light\Videos\正常往返.mp4,799,True,0.8055520057678223,169.5366973876953,41.947364807128906,191.2102508544922,62.10090255737305
normal,C:\Users\Light\Videos\正常往返.mp4,800,True,0.8267830610275269,169.86117553710938,41.87300109863281,191.4838104248047,62.151329040527344
normal,C:\Users\Light\Videos\正常往返.mp4,801,True,0.8271202445030212,169.8612823486328,41.8753547668457,191.48057556152344,62.14942169189453
normal,C:\Users\Light\Videos\正常往返.mp4,802,True,0.829631507396698,169.8799285888672,41.90684509277344,191.60182189941406,62.17530822753906
normal,C:\Users\Light\Videos\正常往返.mp4,803,True,0.8295508027076721,169.879638671875,41.9087028503418,191.6042022705078,62.17792892456055
normal,C:\Users\Light\Videos\正常往返.mp4,804,True,0.8262438178062439,170.11605834960938,41.96240234375,192.2434539794922,62.6108283996582
normal,C:\Users\Light\Videos\正常往返.mp4,805,True,0.8279979825019836,170.1049346923828,41.96587371826172,192.25509643554688,62.61331558227539
normal,C:\Users\Light\Videos\正常往返.mp4,806,True,0.819527804851532,170.14830017089844,41.94554901123047,192.1241912841797,62.48223114013672
normal,C:\Users\Light\Videos\正常往返.mp4,807,True,0.8403905034065247,170.16189575195312,42.83485412597656,192.5300750732422,62.7325439453125
normal,C:\Users\Light\Videos\正常往返.mp4,808,True,0.8399714231491089,170.1602020263672,42.8345832824707,192.5286407470703,62.73276901245117
normal,C:\Users\Light\Videos\正常往返.mp4,809,True,0.8322752714157104,170.4943084716797,42.76138687133789,192.6917724609375,62.8953857421875
normal,C:\Users\Light\Videos\正常往返.mp4,810,True,0.8564068675041199,170.6442413330078,42.830684661865234,193.07447814941406,62.90277862548828
normal,C:\Users\Light\Videos\正常往返.mp4,811,True,0.856315553188324,170.6466827392578,42.834381103515625,193.07186889648438,62.900516510009766
normal,C:\Users\Light\Videos\正常往返.mp4,812,True,0.8591523170471191,170.9808349609375,42.73319625854492,193.11346435546875,62.73447036743164
normal,C:\Users\Light\Videos\正常往返.mp4,813,True,0.8549702167510986,171.12440490722656,42.40935134887695,193.5452423095703,62.6500244140625
normal,C:\Users\Light\Videos\正常往返.mp4,814,True,0.8563796281814575,171.14749145507812,42.41161346435547,193.54376220703125,62.6395149230957
normal,C:\Users\Light\Videos\正常往返.mp4,815,True,0.8525871634483337,171.3231658935547,42.29525375366211,193.90963745117188,62.74937438964844
normal,C:\Users\Light\Videos\正常往返.mp4,816,True,0.8524386882781982,171.3385772705078,42.28861999511719,193.90487670898438,62.73933410644531
normal,C:\Users\Light\Videos\正常往返.mp4,817,True,0.852575957775116,171.53616333007812,42.35679626464844,194.1616668701172,62.841888427734375
normal,C:\Users\Light\Videos\正常往返.mp4,818,True,0.8375716805458069,171.91192626953125,42.456302642822266,194.1575164794922,62.845428466796875
normal,C:\Users\Light\Videos\正常往返.mp4,819,True,0.8375141024589539,171.91041564941406,42.458431243896484,194.15582275390625,62.84697723388672
normal,C:\Users\Light\Videos\正常往返.mp4,820,True,0.8178465366363525,172.32693481445312,42.51912307739258,194.42466735839844,62.796504974365234
normal,C:\Users\Light\Videos\正常往返.mp4,821,True,0.8060999512672424,172.67941284179688,42.25056457519531,195.19183349609375,62.831756591796875
normal,C:\Users\Light\Videos\正常往返.mp4,822,True,0.8075576424598694,172.6493377685547,42.232906341552734,195.18167114257812,62.81015396118164
normal,C:\Users\Light\Videos\正常往返.mp4,823,True,0.8024111986160278,173.2774658203125,42.325016021728516,195.41775512695312,62.81073760986328
normal,C:\Users\Light\Videos\正常往返.mp4,824,True,0.8104910850524902,173.67454528808594,42.18644714355469,195.79283142089844,62.62443161010742
normal,C:\Users\Light\Videos\正常往返.mp4,825,True,0.8112015724182129,173.68565368652344,42.16975021362305,195.80796813964844,62.610111236572266
normal,C:\Users\Light\Videos\正常往返.mp4,826,True,0.8201661109924316,174.30487060546875,41.87333679199219,196.48248291015625,62.32306671142578
normal,C:\Users\Light\Videos\正常往返.mp4,827,True,0.8243764638900757,174.8913116455078,42.00617218017578,197.16598510742188,62.50690460205078
normal,C:\Users\Light\Videos\正常往返.mp4,828,True,0.8345598578453064,175.22763061523438,42.0911750793457,197.6261749267578,62.74005126953125
normal,C:\Users\Light\Videos\正常往返.mp4,829,True,0.8349549174308777,175.22296142578125,42.09063720703125,197.62872314453125,62.742828369140625
normal,C:\Users\Light\Videos\正常往返.mp4,830,True,0.8265392780303955,175.53060913085938,42.0404167175293,198.5304718017578,63.27794647216797
normal,C:\Users\Light\Videos\正常往返.mp4,831,True,0.8283185362815857,176.366943359375,42.52738952636719,199.33181762695312,63.06340026855469
normal,C:\Users\Light\Videos\正常往返.mp4,832,True,0.8275454044342041,176.3784942626953,42.53339767456055,199.31549072265625,63.065372467041016
normal,C:\Users\Light\Videos\正常往返.mp4,833,True,0.821248471736908,177.03639221191406,42.21858596801758,199.762451171875,62.88489532470703
normal,C:\Users\Light\Videos\正常往返.mp4,834,True,0.8133740425109863,177.6067657470703,42.16755294799805,200.20529174804688,62.75663375854492
normal,C:\Users\Light\Videos\正常往返.mp4,835,True,0.8134861588478088,177.60719299316406,42.167911529541016,200.20523071289062,62.75851821899414
normal,C:\Users\Light\Videos\正常往返.mp4,836,True,0.7800913453102112,179.1779327392578,42.2676887512207,201.26683044433594,62.747535705566406
normal,C:\Users\Light\Videos\正常往返.mp4,837,True,0.7823498249053955,179.15982055664062,42.28207778930664,201.244873046875,62.75286865234375
normal,C:\Users\Light\Videos\正常往返.mp4,838,True,0.8009708523750305,180.02386474609375,41.873294830322266,202.11758422851562,62.17304229736328
normal,C:\Users\Light\Videos\正常往返.mp4,839,True,0.8132449388504028,181.18560791015625,42.0682487487793,202.87611389160156,62.13783645629883
normal,C:\Users\Light\Videos\正常往返.mp4,840,True,0.8133639097213745,181.1852569580078,42.07533264160156,202.87611389160156,62.1380615234375
normal,C:\Users\Light\Videos\正常往返.mp4,841,True,0.8001405000686646,181.78985595703125,42.12965774536133,204.18870544433594,62.560916900634766
normal,C:\Users\Light\Videos\正常往返.mp4,842,True,0.8488630652427673,182.51792907714844,42.464168548583984,205.51809692382812,62.871986389160156
normal,C:\Users\Light\Videos\正常往返.mp4,843,True,0.8489432334899902,182.52015686035156,42.46369934082031,205.5195770263672,62.87236785888672
normal,C:\Users\Light\Videos\正常往返.mp4,844,True,0.8212816119194031,183.46621704101562,42.16401290893555,206.16160583496094,62.57954025268555
normal,C:\Users\Light\Videos\正常往返.mp4,845,True,0.7685912847518921,184.93063354492188,42.10688781738281,207.58734130859375,62.697669982910156
normal,C:\Users\Light\Videos\正常往返.mp4,846,True,0.7715511918067932,184.89527893066406,42.1197509765625,207.57032775878906,62.70282745361328
normal,C:\Users\Light\Videos\正常往返.mp4,847,True,0.8007919192314148,186.4702911376953,41.922420501708984,208.9918670654297,62.354576110839844
normal,C:\Users\Light\Videos\正常往返.mp4,848,True,0.8007749319076538,186.4636688232422,41.91885757446289,208.99217224121094,62.35477828979492
normal,C:\Users\Light\Videos\正常往返.mp4,849,True,0.7912556529045105,186.6707000732422,42.605224609375,209.7155303955078,62.99327850341797
normal,C:\Users\Light\Videos\正常往返.mp4,850,True,0.8373711109161377,188.6466827392578,42.53752136230469,211.60760498046875,63.075233459472656
normal,C:\Users\Light\Videos\正常往返.mp4,851,True,0.7720124125480652,190.13943481445312,42.60199737548828,212.43434143066406,62.979652404785156
normal,C:\Users\Light\Videos\正常往返.mp4,852,True,0.7690035700798035,191.53733825683594,42.074928283691406,213.9993896484375,62.636444091796875
normal,C:\Users\Light\Videos\正常往返.mp4,853,True,0.7688729166984558,191.52430725097656,42.070804595947266,214.00033569335938,62.63097381591797
normal,C:\Users\Light\Videos\正常往返.mp4,854,True,0.816069483757019,193.07220458984375,42.10368347167969,215.09974670410156,62.4287109375
normal,C:\Users\Light\Videos\正常往返.mp4,855,True,0.8106961250305176,192.91082763671875,42.273738861083984,217.2161102294922,63.33968734741211
normal,C:\Users\Light\Videos\正常往返.mp4,856,True,0.8094648122787476,192.9296112060547,42.28315353393555,217.2179412841797,63.344844818115234
normal,C:\Users\Light\Videos\正常往返.mp4,857,True,0.8378856778144836,194.29129028320312,42.08922576904297,217.8556671142578,62.84123992919922
normal,C:\Users\Light\Videos\正常往返.mp4,858,True,0.7703149914741516,196.6913299560547,41.54471969604492,219.77981567382812,62.5675048828125
normal,C:\Users\Light\Videos\正常往返.mp4,859,True,0.770189106464386,196.6865997314453,41.55556869506836,219.7709197998047,62.575843811035156
normal,C:\Users\Light\Videos\正常往返.mp4,860,True,0.7844780087471008,197.81967163085938,41.50511932373047,220.58323669433594,62.48420333862305
normal,C:\Users\Light\Videos\正常往返.mp4,861,True,0.7845181822776794,197.81729125976562,41.50236511230469,220.58404541015625,62.48274612426758
normal,C:\Users\Light\Videos\正常往返.mp4,862,True,0.8092394471168518,198.8719024658203,41.657562255859375,221.56622314453125,62.56434631347656
normal,C:\Users\Light\Videos\正常往返.mp4,863,True,0.8244560360908508,198.88450622558594,41.7354850769043,223.30484008789062,62.88812255859375
normal,C:\Users\Light\Videos\正常往返.mp4,864,True,0.8228182196617126,198.8798828125,41.736717224121094,223.30703735351562,62.89881134033203
normal,C:\Users\Light\Videos\正常往返.mp4,865,True,0.8479029536247253,200.06936645507812,41.46121597290039,223.78250122070312,62.64581298828125
normal,C:\Users\Light\Videos\正常往返.mp4,866,True,0.7816612124443054,201.2283935546875,40.918861389160156,224.78993225097656,62.118560791015625
normal,C:\Users\Light\Videos\正常往返.mp4,867,True,0.7832627892494202,201.21119689941406,40.9217529296875,224.7943878173828,62.120243072509766
normal,C:\Users\Light\Videos\正常往返.mp4,868,True,0.7723152041435242,202.24859619140625,41.725467681884766,224.64825439453125,62.2990837097168
normal,C:\Users\Light\Videos\正常往返.mp4,869,True,0.7608676552772522,202.6883544921875,41.80910873413086,225.1255645751953,62.38666915893555
normal,C:\Users\Light\Videos\正常往返.mp4,870,True,0.7610858678817749,202.68357849121094,41.81719970703125,225.1156463623047,62.39148712158203
normal,C:\Users\Light\Videos\正常往返.mp4,871,True,0.7687278985977173,202.65023803710938,41.58477020263672,225.16929626464844,62.23776626586914
normal,C:\Users\Light\Videos\正常往返.mp4,872,True,0.7690567374229431,202.640869140625,41.581809997558594,225.16929626464844,62.241397857666016
normal,C:\Users\Light\Videos\正常往返.mp4,873,True,0.7621647119522095,202.78860473632812,41.79810333251953,225.1946563720703,62.34299087524414
normal,C:\Users\Light\Videos\正常往返.mp4,874,True,0.7820650935173035,202.81021118164062,41.242034912109375,225.5106658935547,62.05625915527344
normal,C:\Users\Light\Videos\正常往返.mp4,875,True,0.7758477926254272,201.72946166992188,41.51307678222656,224.3546142578125,62.2069091796875
normal,C:\Users\Light\Videos\正常往返.mp4,876,True,0.7887935638427734,201.01478576660156,41.51890182495117,223.71766662597656,62.25352478027344
normal,C:\Users\Light\Videos\正常往返.mp4,877,True,0.7889169454574585,201.0225830078125,41.52448272705078,223.72366333007812,62.25959777832031
normal,C:\Users\Light\Videos\正常往返.mp4,878,True,0.7999290227890015,200.04563903808594,41.43754959106445,222.94886779785156,62.18086624145508
normal,C:\Users\Light\Videos\正常往返.mp4,879,True,0.8330700993537903,199.4344940185547,41.231163024902344,223.52235412597656,62.4676628112793
normal,C:\Users\Light\Videos\正常往返.mp4,880,True,0.8336098194122314,199.44595336914062,41.237911224365234,223.52264404296875,62.4709587097168
normal,C:\Users\Light\Videos\正常往返.mp4,881,True,0.8024332523345947,197.9630126953125,41.483917236328125,221.22756958007812,62.153499603271484
normal,C:\Users\Light\Videos\正常往返.mp4,882,True,0.8027846813201904,197.9673614501953,41.48203659057617,221.2373809814453,62.157222747802734
normal,C:\Users\Light\Videos\正常往返.mp4,883,True,0.7854564189910889,197.47021484375,40.6485595703125,220.98541259765625,62.044090270996094
normal,C:\Users\Light\Videos\正常往返.mp4,884,True,0.7783297896385193,196.6612548828125,40.90626525878906,220.1369171142578,62.39122009277344
normal,C:\Users\Light\Videos\正常往返.mp4,885,True,0.7783731818199158,196.65826416015625,40.90702819824219,220.13026428222656,62.3905029296875
normal,C:\Users\Light\Videos\正常往返.mp4,886,True,0.8180879354476929,194.91180419921875,41.07453155517578,218.33030700683594,62.305606842041016
normal,C:\Users\Light\Videos\正常往返.mp4,887,True,0.8355870842933655,193.3035430908203,41.460811614990234,217.10806274414062,62.40000534057617
normal,C:\Users\Light\Videos\正常往返.mp4,888,True,0.8357594013214111,193.30979919433594,41.455322265625,217.11131286621094,62.3976936340332
normal,C:\Users\Light\Videos\正常往返.mp4,889,True,0.797756016254425,191.96728515625,41.0366325378418,214.78244018554688,61.942745208740234
normal,C:\Users\Light\Videos\正常往返.mp4,890,True,0.7835559844970703,189.68182373046875,41.95592498779297,212.4623260498047,62.73823547363281
normal,C:\Users\Light\Videos\正常往返.mp4,891,True,0.7832272052764893,189.68594360351562,41.95827865600586,212.4644317626953,62.737361907958984
normal,C:\Users\Light\Videos\正常往返.mp4,892,True,0.8395117521286011,187.09974670410156,41.53013229370117,211.7405242919922,62.79594421386719
normal,C:\Users\Light\Videos\正常往返.mp4,893,True,0.8397794961929321,187.10894775390625,41.52876281738281,211.70401000976562,62.78202819824219
normal,C:\Users\Light\Videos\正常往返.mp4,894,True,0.7760279178619385,185.2931365966797,41.013526916503906,208.70614624023438,62.30000305175781
normal,C:\Users\Light\Videos\正常往返.mp4,895,True,0.8428643941879272,182.25311279296875,41.39920425415039,206.15821838378906,62.68742752075195
normal,C:\Users\Light\Videos\正常往返.mp4,896,True,0.8432638049125671,182.26307678222656,41.40052795410156,206.15716552734375,62.68946838378906
normal,C:\Users\Light\Videos\正常往返.mp4,897,True,0.7813342809677124,179.8326873779297,40.70201110839844,203.16433715820312,61.95962142944336
normal,C:\Users\Light\Videos\正常往返.mp4,898,True,0.8242377638816833,176.25546264648438,41.33613967895508,200.59608459472656,63.15049362182617
normal,C:\Users\Light\Videos\正常往返.mp4,899,True,0.8045706152915955,173.94215393066406,41.31675338745117,197.4302520751953,62.813987731933594
normal,C:\Users\Light\Videos\正常往返.mp4,900,True,0.8203001022338867,170.093994140625,41.70245361328125,194.66700744628906,63.64961624145508
normal,C:\Users\Light\Videos\正常往返.mp4,901,True,0.8201664686203003,170.135009765625,41.709354400634766,194.67759704589844,63.641815185546875
normal,C:\Users\Light\Videos\正常往返.mp4,902,True,0.7916188836097717,167.04837036132812,41.46598815917969,191.2581024169922,63.205936431884766
normal,C:\Users\Light\Videos\正常往返.mp4,903,True,0.8082412481307983,162.63055419921875,42.04328536987305,186.4932403564453,62.940521240234375
normal,C:\Users\Light\Videos\正常往返.mp4,904,True,0.8080668449401855,162.6411895751953,42.045188903808594,186.5030059814453,62.9438591003418
normal,C:\Users\Light\Videos\正常往返.mp4,905,True,0.8144532442092896,159.6256103515625,41.55875015258789,183.34048461914062,62.629451751708984
normal,C:\Users\Light\Videos\正常往返.mp4,906,True,0.8182798027992249,159.6350555419922,41.58360290527344,183.34523010253906,62.6327018737793
normal,C:\Users\Light\Videos\正常往返.mp4,907,True,0.7884616851806641,156.33497619628906,41.99577331542969,179.4346466064453,62.760780334472656
normal,C:\Users\Light\Videos\正常往返.mp4,908,True,0.8130538463592529,151.71026611328125,42.34978103637695,176.83441162109375,63.99291229248047
normal,C:\Users\Light\Videos\正常往返.mp4,909,True,0.812720775604248,151.7230224609375,42.346195220947266,176.8341522216797,63.98686218261719
normal,C:\Users\Light\Videos\正常往返.mp4,910,True,0.7683069109916687,147.4510955810547,41.99368667602539,172.4788055419922,62.95336151123047
normal,C:\Users\Light\Videos\正常往返.mp4,911,True,0.7395080327987671,144.87615966796875,42.558250427246094,168.49319458007812,63.507080078125
normal,C:\Users\Light\Videos\正常往返.mp4,912,True,0.7391002178192139,144.88409423828125,42.564571380615234,168.4852752685547,63.502506256103516
normal,C:\Users\Light\Videos\正常往返.mp4,913,True,0.7391506433486938,140.07058715820312,42.62015151977539,164.78765869140625,64.0382308959961
normal,C:\Users\Light\Videos\正常往返.mp4,914,True,0.7797945737838745,135.75955200195312,43.000762939453125,160.36428833007812,63.22462844848633
normal,C:\Users\Light\Videos\正常往返.mp4,915,True,0.7802813053131104,135.7677459716797,43.008785247802734,160.35145568847656,63.215484619140625
normal,C:\Users\Light\Videos\正常往返.mp4,916,True,0.7339189648628235,132.69979858398438,42.00905990600586,156.77767944335938,63.08146667480469
normal,C:\Users\Light\Videos\正常往返.mp4,917,True,0.7289119958877563,132.78369140625,42.02457046508789,156.81600952148438,63.09217834472656
normal,C:\Users\Light\Videos\正常往返.mp4,918,True,0.6975237131118774,128.61314392089844,42.12866973876953,152.19515991210938,63.268131256103516
normal,C:\Users\Light\Videos\正常往返.mp4,919,True,0.7116641998291016,124.95148468017578,44.38876724243164,148.4714813232422,62.944332122802734
normal,C:\Users\Light\Videos\正常往返.mp4,920,True,0.712862491607666,124.97283172607422,44.37493896484375,148.49139404296875,62.932159423828125
normal,C:\Users\Light\Videos\正常往返.mp4,921,True,0.7163193821907043,122.9806900024414,43.9807014465332,145.62652587890625,62.92783737182617
normal,C:\Users\Light\Videos\正常往返.mp4,922,True,0.6740291714668274,118.27123260498047,43.86082077026367,141.20718383789062,63.48930740356445
normal,C:\Users\Light\Videos\正常往返.mp4,923,True,0.6748480200767517,114.92583465576172,44.55752182006836,138.2147674560547,63.576778411865234
normal,C:\Users\Light\Videos\正常往返.mp4,924,True,0.6847121715545654,111.5468521118164,43.704593658447266,134.1714630126953,62.83133316040039
normal,C:\Users\Light\Videos\正常往返.mp4,925,True,0.6862078309059143,111.60777282714844,43.69905471801758,134.1278076171875,62.819610595703125
normal,C:\Users\Light\Videos\正常往返.mp4,926,True,0.6780461668968201,107.34906768798828,43.31082534790039,131.11154174804688,62.97991943359375
normal,C:\Users\Light\Videos\正常往返.mp4,927,True,0.6796170473098755,107.41532135009766,43.29110336303711,131.0702362060547,62.975975036621094
normal,C:\Users\Light\Videos\正常往返.mp4,928,True,0.689285159111023,105.47484588623047,43.93502426147461,127.55342864990234,63.19587707519531
normal,C:\Users\Light\Videos\正常往返.mp4,929,True,0.6677255630493164,100.8863525390625,44.888671875,124.2234878540039,63.713531494140625
normal,C:\Users\Light\Videos\正常往返.mp4,930,True,0.6672669649124146,100.8961181640625,44.9216194152832,124.15863037109375,63.717342376708984
normal,C:\Users\Light\Videos\正常往返.mp4,931,True,0.7025657296180725,98.49691009521484,44.02480697631836,121.98670959472656,63.046390533447266
normal,C:\Users\Light\Videos\正常往返.mp4,932,True,0.7335394620895386,93.41710662841797,43.8946418762207,119.3266830444336,63.12209701538086
normal,C:\Users\Light\Videos\正常往返.mp4,933,True,0.7321406006813049,93.40003967285156,43.90645217895508,119.36026763916016,63.12704849243164
normal,C:\Users\Light\Videos\正常往返.mp4,934,True,0.7018052339553833,89.86905670166016,44.18222427368164,117.00068664550781,63.302284240722656
normal,C:\Users\Light\Videos\正常往返.mp4,935,True,0.6983402967453003,88.86756134033203,43.7559814453125,111.32929992675781,63.765235900878906
normal,C:\Users\Light\Videos\正常往返.mp4,936,True,0.6977249383926392,88.86958312988281,43.76176452636719,111.32740020751953,63.768821716308594
normal,C:\Users\Light\Videos\正常往返.mp4,937,True,0.727717399597168,85.55169677734375,43.5218505859375,108.26561737060547,63.583770751953125
normal,C:\Users\Light\Videos\正常往返.mp4,938,True,0.7280473709106445,85.54207611083984,43.51277160644531,108.26768493652344,63.58320999145508
normal,C:\Users\Light\Videos\正常往返.mp4,939,True,0.7449560761451721,80.71131896972656,43.861114501953125,107.52461242675781,63.538143157958984
normal,C:\Users\Light\Videos\正常往返.mp4,940,True,0.772929310798645,78.80517578125,43.78318786621094,105.05513000488281,63.0413932800293
normal,C:\Users\Light\Videos\正常往返.mp4,941,True,0.7718571424484253,78.86553192138672,43.797935485839844,105.02071380615234,63.04390335083008
normal,C:\Users\Light\Videos\正常往返.mp4,942,True,0.7617195248603821,74.93284606933594,43.7388801574707,101.92057800292969,63.07642364501953
normal,C:\Users\Light\Videos\正常往返.mp4,943,True,0.7412205338478088,74.69590759277344,43.26839828491211,97.62958526611328,63.47706985473633
normal,C:\Users\Light\Videos\正常往返.mp4,944,True,0.7418269515037537,74.72010040283203,43.25412368774414,97.65192413330078,63.45616149902344
normal,C:\Users\Light\Videos\正常往返.mp4,945,True,0.7509015798568726,70.41490936279297,43.190879821777344,95.84517669677734,63.41532897949219
normal,C:\Users\Light\Videos\正常往返.mp4,946,True,0.7475026249885559,69.64047241210938,43.24634552001953,93.31563568115234,63.34107971191406
normal,C:\Users\Light\Videos\正常往返.mp4,947,True,0.7506328821182251,66.41104125976562,43.50526428222656,91.55467987060547,63.50196838378906
normal,C:\Users\Light\Videos\正常往返.mp4,948,True,0.8047024011611938,64.30513763427734,43.15977096557617,88.84481811523438,63.48220443725586
normal,C:\Users\Light\Videos\正常往返.mp4,949,True,0.804866373538971,64.30451965332031,43.15937042236328,88.84566497802734,63.48121643066406
normal,C:\Users\Light\Videos\正常往返.mp4,950,True,0.7521361708641052,63.19050216674805,42.9654426574707,86.3320083618164,63.26510238647461
normal,C:\Users\Light\Videos\正常往返.mp4,951,True,0.7521759867668152,63.188148498535156,42.959659576416016,86.33206939697266,63.263221740722656
normal,C:\Users\Light\Videos\正常往返.mp4,952,True,0.7429731488227844,61.18069839477539,43.070281982421875,84.34149932861328,63.38357162475586
normal,C:\Users\Light\Videos\正常往返.mp4,953,True,0.8216674327850342,58.71308898925781,42.95047378540039,82.7669448852539,63.27644348144531
normal,C:\Users\Light\Videos\正常往返.mp4,954,True,0.8219020962715149,58.71868896484375,42.94316482543945,82.77203369140625,63.27836990356445
normal,C:\Users\Light\Videos\正常往返.mp4,955,True,0.74952632188797,56.888267517089844,43.122032165527344,81.11833953857422,62.83088302612305
normal,C:\Users\Light\Videos\正常往返.mp4,956,True,0.7337207794189453,55.614749908447266,43.06833267211914,78.46363067626953,63.405330657958984
normal,C:\Users\Light\Videos\正常往返.mp4,957,True,0.7339375019073486,55.31172561645508,43.73935317993164,78.08613586425781,63.42435836791992
normal,C:\Users\Light\Videos\正常往返.mp4,958,True,0.7509304285049438,53.843994140625,43.639888763427734,77.81130981445312,63.74497604370117
normal,C:\Users\Light\Videos\正常往返.mp4,959,True,0.7781071066856384,52.550025939941406,42.93924331665039,76.96773529052734,63.721778869628906
normal,C:\Users\Light\Videos\正常往返.mp4,960,True,0.7814861536026001,52.538394927978516,42.9390869140625,76.97264862060547,63.70651626586914
normal,C:\Users\Light\Videos\正常往返.mp4,961,True,0.7850276231765747,52.83900451660156,42.75773620605469,75.88119506835938,63.29755401611328
normal,C:\Users\Light\Videos\正常往返.mp4,962,True,0.7849475741386414,52.840633392333984,42.7556266784668,75.88549041748047,63.298988342285156
normal,C:\Users\Light\Videos\正常往返.mp4,963,True,0.7610461115837097,51.33865737915039,43.2236442565918,75.27859497070312,63.41725540161133
normal,C:\Users\Light\Videos\正常往返.mp4,964,True,0.7595362067222595,50.38200759887695,43.21010971069336,73.58734130859375,63.48256301879883
normal,C:\Users\Light\Videos\正常往返.mp4,965,True,0.7596491575241089,50.38047790527344,43.209815979003906,73.58631896972656,63.48074722290039
normal,C:\Users\Light\Videos\正常往返.mp4,966,True,0.7609207034111023,49.82040786743164,43.119407653808594,73.10404205322266,63.54107666015625
normal,C:\Users\Light\Videos\正常往返.mp4,967,True,0.7549375891685486,49.43452835083008,43.42579650878906,72.49207305908203,63.6046142578125
normal,C:\Users\Light\Videos\正常往返.mp4,968,True,0.7548186182975769,49.43977737426758,43.43159866333008,72.48917388916016,63.60261917114258
normal,C:\Users\Light\Videos\正常往返.mp4,969,True,0.7511183619499207,49.230064392089844,43.44757843017578,72.29801177978516,63.67691421508789
normal,C:\Users\Light\Videos\正常往返.mp4,970,True,0.7528767585754395,48.23981475830078,43.09547424316406,72.1202621459961,63.69495391845703
normal,C:\Users\Light\Videos\正常往返.mp4,971,True,0.7508817315101624,47.88717269897461,43.2854118347168,72.24642181396484,63.86543655395508
normal,C:\Users\Light\Videos\正常往返.mp4,972,True,0.7509726881980896,47.88778305053711,43.28724670410156,72.24342346191406,63.86534881591797
normal,C:\Users\Light\Videos\正常往返.mp4,973,True,0.7460973858833313,49.28110122680664,43.3097038269043,72.27649688720703,63.544193267822266
normal,C:\Users\Light\Videos\正常往返.mp4,974,True,0.7578280568122864,49.72138977050781,43.417030334472656,72.64376831054688,63.47895431518555
normal,C:\Users\Light\Videos\正常往返.mp4,975,True,0.7577028274536133,49.72283935546875,43.422767639160156,72.64217376708984,63.482852935791016
normal,C:\Users\Light\Videos\正常往返.mp4,976,True,0.7638727426528931,49.538673400878906,43.157554626464844,72.75531768798828,63.39961624145508
normal,C:\Users\Light\Videos\正常往返.mp4,977,True,0.7581945061683655,50.25681686401367,43.322052001953125,73.41057586669922,63.62704849243164
normal,C:\Users\Light\Videos\正常往返.mp4,978,True,0.7580198049545288,50.265384674072266,43.32752227783203,73.41128540039062,63.6252555847168
normal,C:\Users\Light\Videos\正常往返.mp4,979,True,0.7551366686820984,51.23366165161133,43.2050666809082,74.33413696289062,63.411808013916016
normal,C:\Users\Light\Videos\正常往返.mp4,980,True,0.7847270965576172,51.92561721801758,43.367210388183594,75.98099517822266,63.416717529296875
normal,C:\Users\Light\Videos\正常往返.mp4,981,True,0.7853362560272217,51.91252899169922,43.37070846557617,75.99388885498047,63.415462493896484
normal,C:\Users\Light\Videos\正常往返.mp4,982,True,0.776800811290741,52.24802017211914,43.47052764892578,76.98452758789062,63.97242736816406
normal,C:\Users\Light\Videos\正常往返.mp4,983,True,0.7770033478736877,52.24940490722656,43.46931838989258,76.98509216308594,63.9708137512207
normal,C:\Users\Light\Videos\正常往返.mp4,984,True,0.7399057745933533,53.11586380004883,43.28269958496094,77.63233184814453,63.49195098876953
normal,C:\Users\Light\Videos\正常往返.mp4,985,True,0.7513778805732727,55.26068878173828,43.45288848876953,78.34270477294922,63.2247200012207
normal,C:\Users\Light\Videos\正常往返.mp4,986,True,0.75188148021698,55.272361755371094,43.457149505615234,78.34959411621094,63.23897171020508
normal,C:\Users\Light\Videos\正常往返.mp4,987,True,0.7518176436424255,56.35481643676758,43.493431091308594,80.6496810913086,62.99641418457031
normal,C:\Users\Light\Videos\正常往返.mp4,988,True,0.811958372592926,58.50151062011719,43.270774841308594,82.5326919555664,63.396568298339844
normal,C:\Users\Light\Videos\正常往返.mp4,989,True,0.8132981657981873,58.50263214111328,43.2624397277832,82.54862976074219,63.37366485595703
normal,C:\Users\Light\Videos\正常往返.mp4,990,True,0.7693360447883606,59.24842834472656,43.090702056884766,84.15709686279297,63.045719146728516
normal,C:\Users\Light\Videos\正常往返.mp4,991,True,0.7581177949905396,62.55925750732422,43.089107513427734,85.47667694091797,63.157798767089844
normal,C:\Users\Light\Videos\正常往返.mp4,992,True,0.7578489184379578,62.53958511352539,43.07171630859375,85.4725570678711,63.15761947631836
normal,C:\Users\Light\Videos\正常往返.mp4,993,True,0.7878538370132446,64.3846206665039,43.82706832885742,88.16126251220703,63.27774429321289
normal,C:\Users\Light\Videos\正常往返.mp4,994,True,0.7360184192657471,66.6614761352539,42.789894104003906,90.06786346435547,63.47776412963867
normal,C:\Users\Light\Videos\正常往返.mp4,995,True,0.7355342507362366,66.64937591552734,42.78590774536133,90.06315612792969,63.48126220703125
normal,C:\Users\Light\Videos\正常往返.mp4,996,True,0.767463207244873,68.86003875732422,43.53883743286133,93.05441284179688,63.02510070800781
normal,C:\Users\Light\Videos\正常往返.mp4,997,True,0.7691709995269775,70.29292297363281,43.34825134277344,94.84996795654297,63.95647048950195
normal,C:\Users\Light\Videos\正常往返.mp4,998,True,0.7665441632270813,72.91365051269531,43.07133865356445,97.63605499267578,63.07588577270508
normal,C:\Users\Light\Videos\正常往返.mp4,999,True,0.766616940498352,72.91181945800781,43.069522857666016,97.63985443115234,63.07577133178711
normal,C:\Users\Light\Videos\正常往返.mp4,1000,True,0.7466813325881958,76.36481475830078,43.2878532409668,99.53263854980469,63.644527435302734
normal,C:\Users\Light\Videos\正常往返.mp4,1001,True,0.7357316017150879,78.1707763671875,43.94856262207031,102.7614517211914,63.20233154296875
normal,C:\Users\Light\Videos\正常往返.mp4,1002,True,0.7353901267051697,78.16206359863281,43.95109558105469,102.75655364990234,63.20481872558594
normal,C:\Users\Light\Videos\正常往返.mp4,1003,True,0.7640065550804138,81.27418518066406,43.73841094970703,105.45708465576172,62.9473991394043
normal,C:\Users\Light\Videos\正常往返.mp4,1004,True,0.7170453071594238,83.52523803710938,43.42608642578125,106.42355346679688,63.27016830444336
normal,C:\Users\Light\Videos\正常往返.mp4,1005,True,0.7165079116821289,83.5737533569336,43.431217193603516,106.37803649902344,63.29457473754883
normal,C:\Users\Light\Videos\正常往返.mp4,1006,True,0.7420551776885986,86.50891876220703,43.11604690551758,110.78132629394531,63.152374267578125
normal,C:\Users\Light\Videos\正常往返.mp4,1007,True,0.7432233691215515,86.50901794433594,43.13041305541992,110.778076171875,63.16557693481445
normal,C:\Users\Light\Videos\正常往返.mp4,1008,True,0.7715466022491455,87.80953216552734,43.79894256591797,112.91414642333984,63.01116180419922
normal,C:\Users\Light\Videos\正常往返.mp4,1009,True,0.7298347353935242,90.75991821289062,43.69432830810547,114.4436264038086,62.564144134521484
normal,C:\Users\Light\Videos\正常往返.mp4,1010,True,0.7288759350776672,90.76203155517578,43.70163345336914,114.45252990722656,62.5684928894043
normal,C:\Users\Light\Videos\正常往返.mp4,1011,True,0.7545785903930664,94.51490020751953,43.48283004760742,116.44586181640625,62.96125030517578
normal,C:\Users\Light\Videos\正常往返.mp4,1012,True,0.6875877976417542,96.08450317382812,44.06292724609375,118.10172271728516,63.409523010253906
normal,C:\Users\Light\Videos\正常往返.mp4,1013,True,0.6878172755241394,96.0838623046875,44.059879302978516,118.09999084472656,63.405487060546875
normal,C:\Users\Light\Videos\正常往返.mp4,1014,True,0.7223799228668213,98.88542938232422,43.58173370361328,120.9834213256836,62.828372955322266
normal,C:\Users\Light\Videos\正常往返.mp4,1015,True,0.7903555631637573,100.29365539550781,43.28561019897461,121.76847839355469,62.37922668457031
normal,C:\Users\Light\Videos\正常往返.mp4,1016,True,0.7904040217399597,100.29419708251953,43.285926818847656,121.76691436767578,62.37797164916992
normal,C:\Users\Light\Videos\正常往返.mp4,1017,True,0.7596802115440369,100.87625122070312,43.90432357788086,123.89214324951172,62.94742202758789
normal,C:\Users\Light\Videos\正常往返.mp4,1018,True,0.7597896456718445,100.87490844726562,43.9039421081543,123.89297485351562,62.945743560791016
normal,C:\Users\Light\Videos\正常往返.mp4,1019,True,0.7682636380195618,103.85099029541016,43.48381805419922,125.63298034667969,62.16972732543945
normal,C:\Users\Light\Videos\正常往返.mp4,1020,True,0.7684117555618286,103.84245300292969,43.478485107421875,125.63584899902344,62.19155502319336
normal,C:\Users\Light\Videos\正常往返.mp4,1021,True,0.7068765759468079,104.891357421875,43.41151809692383,126.39161682128906,62.47465515136719
normal,C:\Users\Light\Videos\正常往返.mp4,1022,True,0.722349226474762,105.23516082763672,43.60405349731445,126.34249877929688,62.5811767578125
normal,C:\Users\Light\Videos\正常往返.mp4,1023,True,0.7224799990653992,105.2206802368164,43.60865020751953,126.3260726928711,62.597381591796875
normal,C:\Users\Light\Videos\正常往返.mp4,1024,True,0.7383236289024353,105.25044250488281,43.52180480957031,126.14479064941406,62.31246566772461
normal,C:\Users\Light\Videos\正常往返.mp4,1025,True,0.7175902724266052,104.9351806640625,42.975460052490234,126.25151062011719,62.241825103759766
normal,C:\Users\Light\Videos\正常往返.mp4,1026,True,0.7181410193443298,104.94316864013672,42.98565673828125,126.25105285644531,62.241172790527344
normal,C:\Users\Light\Videos\正常往返.mp4,1027,True,0.767767608165741,103.49272155761719,43.3728141784668,126.26319122314453,62.56624984741211
normal,C:\Users\Light\Videos\正常往返.mp4,1028,True,0.7701621055603027,103.526123046875,43.32682800292969,126.25183868408203,62.55616760253906
normal,C:\Users\Light\Videos\正常往返.mp4,1029,True,0.7674398422241211,102.9898910522461,43.45826721191406,124.98714447021484,62.211456298828125
normal,C:\Users\Light\Videos\正常往返.mp4,1030,True,0.7173052430152893,101.96968078613281,43.636932373046875,123.15933990478516,62.27299880981445
normal,C:\Users\Light\Videos\正常往返.mp4,1031,True,0.7151443362236023,101.9880599975586,43.63393020629883,123.15904998779297,62.25099182128906
normal,C:\Users\Light\Videos\正常往返.mp4,1032,True,0.7922878861427307,100.46781921386719,43.603851318359375,122.96138763427734,62.40536117553711
normal,C:\Users\Light\Videos\正常往返.mp4,1033,True,0.7394713759422302,99.3816146850586,43.25389862060547,120.65735626220703,62.25186538696289
normal,C:\Users\Light\Videos\正常往返.mp4,1034,True,0.7393416166305542,99.3837661743164,43.25537872314453,120.64250183105469,62.262489318847656
normal,C:\Users\Light\Videos\正常往返.mp4,1035,True,0.772824764251709,96.87934875488281,43.05809020996094,119.58293914794922,62.4204216003418
normal,C:\Users\Light\Videos\正常往返.mp4,1036,True,0.8219589591026306,94.29529571533203,43.840450286865234,117.3569107055664,62.86486053466797
normal,C:\Users\Light\Videos\正常往返.mp4,1037,True,0.8222532868385315,94.28992462158203,43.83446502685547,117.35608673095703,62.86640548706055
normal,C:\Users\Light\Videos\正常往返.mp4,1038,True,0.7505283951759338,90.96626281738281,43.1181755065918,115.1268539428711,62.485748291015625
normal,C:\Users\Light\Videos\正常往返.mp4,1039,True,0.7838388085365295,87.51866149902344,43.4140510559082,112.03399658203125,62.78574752807617
normal,C:\Users\Light\Videos\正常往返.mp4,1040,True,0.783665657043457,87.51461029052734,43.420326232910156,112.02835083007812,62.78610610961914
normal,C:\Users\Light\Videos\正常往返.mp4,1041,True,0.7377350330352783,84.96984100341797,42.82292938232422,109.39856719970703,62.619544982910156
normal,C:\Users\Light\Videos\正常往返.mp4,1042,True,0.7377326488494873,84.97346496582031,42.82080078125,109.37919616699219,62.61728286743164
normal,C:\Users\Light\Videos\正常往返.mp4,1043,True,0.7313002347946167,76.90727233886719,42.72098159790039,103.08817291259766,62.97917938232422
normal,C:\Users\Light\Videos\正常往返.mp4,1044,True,0.7313135862350464,76.92948150634766,42.7220344543457,103.06258392333984,62.983192443847656
normal,C:\Users\Light\Videos\正常往返.mp4,1045,True,0.7371504902839661,74.22553253173828,42.344940185546875,99.61363983154297,62.66436767578125
normal,C:\Users\Light\Videos\正常往返.mp4,1046,True,0.7831500768661499,68.65326690673828,42.71598434448242,96.1108627319336,63.17646789550781
normal,C:\Users\Light\Videos\正常往返.mp4,1047,True,0.7849517464637756,68.65396881103516,42.723243713378906,96.09270477294922,63.16454315185547
normal,C:\Users\Light\Videos\正常往返.mp4,1048,True,0.7204713225364685,65.41661834716797,42.57591247558594,91.77471160888672,63.59470748901367
normal,C:\Users\Light\Videos\正常往返.mp4,1049,True,0.7362170815467834,61.79839324951172,42.78799057006836,89.24998474121094,63.392311096191406
normal,C:\Users\Light\Videos\正常往返.mp4,1050,True,0.7377598881721497,61.78201675415039,42.77088928222656,89.27144622802734,63.3636474609375
normal,C:\Users\Light\Videos\正常往返.mp4,1051,True,0.7684652209281921,56.50591278076172,42.93209457397461,84.54820251464844,63.10024642944336
normal,C:\Users\Light\Videos\正常往返.mp4,1052,True,0.7675871253013611,56.49867630004883,42.929561614990234,84.56871795654297,63.103004455566406
normal,C:\Users\Light\Videos\正常往返.mp4,1053,True,0.710233211517334,52.953582763671875,42.84894943237305,79.22111511230469,63.090431213378906
normal,C:\Users\Light\Videos\正常往返.mp4,1054,True,0.7355419397354126,49.89665603637695,43.46779251098633,73.50666046142578,64.08708190917969
normal,C:\Users\Light\Videos\正常往返.mp4,1055,True,0.7353098392486572,49.8920783996582,43.456722259521484,73.50997161865234,64.08798217773438
normal,C:\Users\Light\Videos\正常往返.mp4,1056,True,0.7630419731140137,44.682254791259766,43.061119079589844,71.6619873046875,63.59918975830078
normal,C:\Users\Light\Videos\正常往返.mp4,1057,True,0.7428178191184998,41.074798583984375,42.446754455566406,67.73260498046875,63.58675003051758
normal,C:\Users\Light\Videos\正常往返.mp4,1058,True,0.7424683570861816,41.0867919921875,42.4491081237793,67.71981048583984,63.589195251464844
normal,C:\Users\Light\Videos\正常往返.mp4,1059,True,0.7443003058433533,38.22886657714844,43.38697814941406,61.69002914428711,63.838722229003906
normal,C:\Users\Light\Videos\正常往返.mp4,1060,True,0.7459351420402527,32.41336441040039,42.679988861083984,60.58125686645508,62.95033645629883
normal,C:\Users\Light\Videos\正常往返.mp4,1061,True,0.7462648153305054,32.4161491394043,42.67575454711914,60.573272705078125,62.94013977050781
normal,C:\Users\Light\Videos\正常往返.mp4,1062,True,0.7371569275856018,28.881940841674805,42.815555572509766,55.632293701171875,64.04004669189453
normal,C:\Users\Light\Videos\正常往返.mp4,1063,True,0.7379894256591797,28.894575119018555,42.80630111694336,55.61383056640625,64.03231048583984
normal,C:\Users\Light\Videos\正常往返.mp4,1064,True,0.701702356338501,24.8427791595459,43.01826858520508,50.31925582885742,64.27686309814453
normal,C:\Users\Light\Videos\正常往返.mp4,1065,True,0.7076574563980103,21.273479461669922,43.771602630615234,46.22968292236328,64.900390625
normal,C:\Users\Light\Videos\正常往返.mp4,1066,True,0.7071501612663269,21.28531265258789,43.76010513305664,46.23907470703125,64.89275360107422
normal,C:\Users\Light\Videos\正常往返.mp4,1067,True,0.5531121492385864,14.851295471191406,44.105777740478516,39.05809783935547,64.71072387695312
normal,C:\Users\Light\Videos\正常往返.mp4,1068,True,0.5517780184745789,14.846892356872559,44.107749938964844,39.062583923339844,64.7118911743164
normal,C:\Users\Light\Videos\正常往返.mp4,1069,True,0.43376457691192627,11.032723426818848,42.80352020263672,36.55723190307617,63.09686279296875
normal,C:\Users\Light\Videos\正常往返.mp4,1070,True,0.4634332060813904,11.011795997619629,42.24052429199219,37.3789176940918,63.78688430786133
normal,C:\Users\Light\Videos\正常往返.mp4,1071,True,0.4636263847351074,11.002388954162598,42.225128173828125,37.383705139160156,63.788475036621094
normal,C:\Users\Light\Videos\正常往返.mp4,1072,True,0.5581513047218323,14.646095275878906,43.3211784362793,38.46293258666992,64.2630615234375
normal,C:\Users\Light\Videos\正常往返.mp4,1073,True,0.5593603253364563,14.649496078491211,43.332069396972656,38.45835494995117,64.26014709472656
normal,C:\Users\Light\Videos\正常往返.mp4,1074,True,0.6484564542770386,16.71622085571289,42.80869674682617,40.82835388183594,64.26065826416016
normal,C:\Users\Light\Videos\正常往返.mp4,1075,True,0.7228090167045593,16.73406219482422,43.26658630371094,42.20709228515625,64.34400939941406
normal,C:\Users\Light\Videos\正常往返.mp4,1076,True,0.7230364084243774,16.73748207092285,43.27619934082031,42.205081939697266,64.34138488769531
normal,C:\Users\Light\Videos\正常往返.mp4,1077,True,0.6884693503379822,18.91037940979004,43.436058044433594,42.68812942504883,64.88927459716797
normal,C:\Users\Light\Videos\正常往返.mp4,1078,True,0.728609561920166,20.121074676513672,42.46340560913086,44.2718505859375,63.643028259277344
normal,C:\Users\Light\Videos\正常往返.mp4,1079,True,0.7294805645942688,20.12660026550293,42.47055435180664,44.271846771240234,63.64076232910156
normal,C:\Users\Light\Videos\正常往返.mp4,1080,True,0.7194237112998962,21.95946502685547,43.578460693359375,45.64523696899414,64.55359649658203
normal,C:\Users\Light\Videos\正常往返.mp4,1081,True,0.7827911376953125,21.93797492980957,42.81927490234375,48.031471252441406,64.18419647216797
normal,C:\Users\Light\Videos\正常往返.mp4,1082,True,0.7848371267318726,21.95092010498047,42.828285217285156,48.024513244628906,64.17213439941406
normal,C:\Users\Light\Videos\正常往返.mp4,1083,True,0.7367722392082214,24.77945327758789,42.707916259765625,49.04573059082031,64.12500762939453
normal,C:\Users\Light\Videos\正常往返.mp4,1084,True,0.7566742300987244,26.06928253173828,42.660850524902344,50.3182258605957,63.96534729003906
normal,C:\Users\Light\Videos\正常往返.mp4,1085,True,0.7562493681907654,26.059101104736328,42.663002014160156,50.296043395996094,63.95647048950195
normal,C:\Users\Light\Videos\正常往返.mp4,1086,True,0.7757324576377869,26.55099105834961,42.29666519165039,53.71927261352539,62.2485466003418
normal,C:\Users\Light\Videos\正常往返.mp4,1087,True,0.7757636904716492,26.545591354370117,42.292877197265625,53.724300384521484,62.25004959106445
normal,C:\Users\Light\Videos\正常往返.mp4,1088,True,0.8291459083557129,27.989086151123047,43.21086883544922,54.05722427368164,63.700801849365234
normal,C:\Users\Light\Videos\正常往返.mp4,1089,True,0.7383365631103516,30.28172492980957,42.74397277832031,55.54898452758789,63.891815185546875
normal,C:\Users\Light\Videos\正常往返.mp4,1090,True,0.738049328327179,30.272899627685547,42.744781494140625,55.54697036743164,63.88428497314453
normal,C:\Users\Light\Videos\正常往返.mp4,1091,True,0.7498906254768372,31.81752586364746,43.41674041748047,55.368736267089844,63.30327224731445
normal,C:\Users\Light\Videos\正常往返.mp4,1092,True,0.7490851879119873,31.833480834960938,42.73019027709961,57.82703399658203,62.71748352050781
normal,C:\Users\Light\Videos\正常往返.mp4,1093,True,0.7823985815048218,32.91386032104492,42.774497985839844,60.02732467651367,62.548030853271484
normal,C:\Users\Light\Videos\正常往返.mp4,1094,True,0.8175515532493591,34.880672454833984,43.425392150878906,59.55619430541992,63.6402473449707
normal,C:\Users\Light\Videos\正常往返.mp4,1095,True,0.8176167011260986,34.88161849975586,43.43130874633789,59.554595947265625,63.638633728027344
normal,C:\Users\Light\Videos\正常往返.mp4,1096,True,0.7177655100822449,36.65732192993164,43.13928985595703,59.357574462890625,63.372161865234375
normal,C:\Users\Light\Videos\正常往返.mp4,1097,True,0.7176052331924438,36.66590118408203,43.1328125,59.354923248291016,63.355735778808594
normal,C:\Users\Light\Videos\正常往返.mp4,1098,True,0.7434744834899902,37.6387825012207,43.17402648925781,60.78124237060547,63.45988082885742
normal,C:\Users\Light\Videos\正常往返.mp4,1099,True,0.7700996994972229,38.458431243896484,42.99143981933594,62.00625991821289,63.494415283203125
normal,C:\Users\Light\Videos\正常往返.mp4,1100,True,0.7699885368347168,38.46361541748047,42.99276351928711,62.00197219848633,63.4854736328125
normal,C:\Users\Light\Videos\正常往返.mp4,1101,True,0.7651222348213196,39.052555084228516,42.60569763183594,62.776493072509766,63.30109786987305
normal,C:\Users\Light\Videos\正常往返.mp4,1102,True,0.7670671343803406,40.59913635253906,42.634586334228516,64.35982513427734,63.4266242980957
normal,C:\Users\Light\Videos\正常往返.mp4,1103,True,0.7672485709190369,40.59565734863281,42.62779235839844,64.35446166992188,63.420772552490234
normal,C:\Users\Light\Videos\正常往返.mp4,1104,True,0.7998676896095276,39.96525192260742,43.226200103759766,65.45062255859375,64.07942199707031
normal,C:\Users\Light\Videos\正常往返.mp4,1105,True,0.8010950088500977,41.01993179321289,43.10145950317383,65.37623596191406,63.79578399658203
normal,C:\Users\Light\Videos\正常往返.mp4,1106,True,0.799234926700592,41.023414611816406,43.10569381713867,65.39476013183594,63.79827117919922
normal,C:\Users\Light\Videos\正常往返.mp4,1107,True,0.8125398755073547,41.52193832397461,42.92313003540039,66.67780303955078,63.20808792114258
normal,C:\Users\Light\Videos\正常往返.mp4,1108,True,0.812510073184967,41.52123260498047,42.92400360107422,66.67575073242188,63.208560943603516
normal,C:\Users\Light\Videos\正常往返.mp4,1109,True,0.761493980884552,42.90437698364258,42.299556732177734,67.06118774414062,63.36541748046875
normal,C:\Users\Light\Videos\正常往返.mp4,1110,True,0.784328281879425,43.98379135131836,42.845767974853516,67.66681671142578,63.42839431762695
normal,C:\Users\Light\Videos\正常往返.mp4,1111,True,0.7843604683876038,43.988807678222656,42.85676956176758,67.66556549072266,63.42536926269531
normal,C:\Users\Light\Videos\正常往返.mp4,1112,True,0.7494344711303711,44.08745574951172,42.5467529296875,68.05503845214844,63.18953323364258
normal,C:\Users\Light\Videos\正常往返.mp4,1113,True,0.7747868299484253,44.4232292175293,42.62627029418945,69.29354095458984,63.078102111816406
normal,C:\Users\Light\Videos\正常往返.mp4,1114,True,0.7747373580932617,44.4258918762207,42.63783264160156,69.284423828125,63.076534271240234
normal,C:\Users\Light\Videos\正常往返.mp4,1115,True,0.7688570022583008,45.63729476928711,43.12122344970703,70.33712768554688,63.99349594116211
normal,C:\Users\Light\Videos\正常往返.mp4,1116,True,0.8264663815498352,46.50886917114258,43.43910598754883,70.81550598144531,63.611515045166016
normal,C:\Users\Light\Videos\正常往返.mp4,1117,True,0.8391846418380737,46.432979583740234,43.15804672241211,70.98501586914062,63.6917724609375
normal,C:\Users\Light\Videos\正常往返.mp4,1118,True,0.8388728499412537,46.429962158203125,43.159568786621094,70.97613525390625,63.6872444152832
normal,C:\Users\Light\Videos\正常往返.mp4,1119,True,0.808299720287323,46.75959014892578,43.089332580566406,71.74816131591797,63.686527252197266
normal,C:\Users\Light\Videos\正常往返.mp4,1120,True,0.7537225484848022,47.67177200317383,43.231624603271484,70.82981872558594,63.6690673828125
normal,C:\Users\Light\Videos\正常往返.mp4,1121,True,0.7530229687690735,47.684898376464844,43.24260330200195,70.84181213378906,63.6756591796875
normal,C:\Users\Light\Videos\正常往返.mp4,1122,True,0.7762763500213623,47.33597183227539,43.1411247253418,72.0400619506836,63.483638763427734
normal,C:\Users\Light\Videos\正常往返.mp4,1123,True,0.7505618333816528,48.65426254272461,43.22225570678711,71.38671875,63.64984130859375
normal,C:\Users\Light\Videos\正常往返.mp4,1124,True,0.7507609128952026,48.65005874633789,43.222320556640625,71.38834381103516,63.654029846191406
normal,C:\Users\Light\Videos\正常往返.mp4,1125,True,0.7485616207122803,49.38912582397461,43.16170120239258,71.90946960449219,63.555667877197266
normal,C:\Users\Light\Videos\正常往返.mp4,1126,True,0.7515520453453064,49.414161682128906,43.1870002746582,72.49980163574219,63.43897247314453
normal,C:\Users\Light\Videos\正常往返.mp4,1127,True,0.7515503764152527,49.41034698486328,43.18196105957031,72.5029067993164,63.44074249267578
normal,C:\Users\Light\Videos\正常往返.mp4,1128,True,0.7659741640090942,49.603668212890625,42.73819351196289,73.31971740722656,63.57680130004883
normal,C:\Users\Light\Videos\正常往返.mp4,1129,True,0.7561702728271484,49.657371520996094,42.42759323120117,73.68241119384766,63.36225891113281
normal,C:\Users\Light\Videos\正常往返.mp4,1130,True,0.7562787532806396,49.655399322509766,42.4258918762207,73.68496704101562,63.36328887939453
normal,C:\Users\Light\Videos\正常往返.mp4,1131,True,0.7596443891525269,49.99040222167969,42.55556106567383,73.82894134521484,63.28812026977539
normal,C:\Users\Light\Videos\正常往返.mp4,1132,True,0.7596837282180786,49.98855972290039,42.55408477783203,73.83072662353516,63.288970947265625
normal,C:\Users\Light\Videos\正常往返.mp4,1133,True,0.7507629990577698,50.59237289428711,43.041038513183594,73.796142578125,63.4625244140625
normal,C:\Users\Light\Videos\正常往返.mp4,1134,True,0.7545197010040283,50.896305084228516,42.831268310546875,74.12447357177734,63.18673324584961
normal,C:\Users\Light\Videos\正常往返.mp4,1135,True,0.7540737986564636,50.87995910644531,42.82497024536133,74.09481048583984,63.1733512878418
normal,C:\Users\Light\Videos\正常往返.mp4,1136,True,0.7627345323562622,50.79275131225586,42.864524841308594,74.8237533569336,63.170997619628906
normal,C:\Users\Light\Videos\正常往返.mp4,1137,True,0.7609947919845581,51.14597702026367,42.73332977294922,74.83621978759766,62.86261749267578
normal,C:\Users\Light\Videos\正常往返.mp4,1138,True,0.7607483863830566,51.14743423461914,42.740386962890625,74.82096862792969,62.87111282348633
normal,C:\Users\Light\Videos\正常往返.mp4,1139,True,0.7515530586242676,51.51788330078125,42.73855209350586,74.70011138916016,63.161563873291016
normal,C:\Users\Light\Videos\正常往返.mp4,1140,True,0.7517452239990234,51.53125762939453,42.743011474609375,74.71656036376953,63.16378402709961
normal,C:\Users\Light\Videos\正常往返.mp4,1141,True,0.7509005665779114,51.4698600769043,42.71809005737305,74.75871276855469,63.200401306152344
normal,C:\Users\Light\Videos\正常往返.mp4,1142,True,0.750815212726593,51.46855926513672,42.716922760009766,74.75680541992188,63.198387145996094
normal,C:\Users\Light\Videos\正常往返.mp4,1143,True,0.7577247023582458,51.75423812866211,42.69758224487305,75.10565185546875,63.18191146850586
normal,C:\Users\Light\Videos\正常往返.mp4,1144,True,0.7822139859199524,51.87165069580078,42.60654830932617,75.2519302368164,62.88922119140625
normal,C:\Users\Light\Videos\正常往返.mp4,1145,True,0.7834863066673279,51.84962463378906,42.61743927001953,75.24596405029297,62.90047073364258
normal,C:\Users\Light\Videos\正常往返.mp4,1146,True,0.7715926766395569,52.446922302246094,42.52663040161133,75.33885955810547,62.97953796386719
normal,C:\Users\Light\Videos\正常往返.mp4,1147,True,0.7815595865249634,53.01968765258789,42.581939697265625,75.75862121582031,62.93960189819336
normal,C:\Users\Light\Videos\正常往返.mp4,1148,True,0.7819193005561829,53.012271881103516,42.5867805480957,75.74381256103516,62.94224548339844
normal,C:\Users\Light\Videos\正常往返.mp4,1149,True,0.8049741983413696,52.152130126953125,43.2386589050293,76.83634185791016,63.725589752197266
normal,C:\Users\Light\Videos\正常往返.mp4,1150,True,0.8013746738433838,52.3302116394043,42.916969299316406,76.8638687133789,63.723304748535156
normal,C:\Users\Light\Videos\正常往返.mp4,1151,True,0.8007997870445251,52.32571029663086,42.9252815246582,76.85575103759766,63.729286193847656
normal,C:\Users\Light\Videos\正常往返.mp4,1152,True,0.8015093803405762,52.145286560058594,43.066898345947266,77.17870330810547,63.80474853515625
normal,C:\Users\Light\Videos\正常往返.mp4,1153,True,0.802181601524353,52.14138412475586,43.06624984741211,77.17756652832031,63.8077278137207
normal,C:\Users\Light\Videos\正常往返.mp4,1154,True,0.7552284598350525,52.36496353149414,42.931671142578125,77.89547729492188,63.295875549316406
normal,C:\Users\Light\Videos\正常往返.mp4,1155,True,0.754149317741394,53.938194274902344,43.039981842041016,77.69457244873047,63.25788879394531
normal,C:\Users\Light\Videos\正常往返.mp4,1156,True,0.7543020248413086,53.93430709838867,43.03960418701172,77.69345092773438,63.255401611328125
normal,C:\Users\Light\Videos\正常往返.mp4,1157,True,0.7444942593574524,55.08812713623047,43.26084899902344,78.3285903930664,63.21595764160156
normal,C:\Users\Light\Videos\正常往返.mp4,1158,True,0.7520495057106018,55.43407440185547,42.95766830444336,79.57927703857422,63.152889251708984
normal,C:\Users\Light\Videos\正常往返.mp4,1159,True,0.751308798789978,55.434181213378906,42.94670867919922,79.58277893066406,63.141483306884766
normal,C:\Users\Light\Videos\正常往返.mp4,1160,True,0.7895581722259521,56.55069351196289,43.421268463134766,80.8836669921875,63.13388442993164
normal,C:\Users\Light\Videos\正常往返.mp4,1161,True,0.7572466135025024,57.990020751953125,42.98418045043945,80.76112365722656,63.00957107543945
normal,C:\Users\Light\Videos\正常往返.mp4,1162,True,0.7572737336158752,57.98358917236328,42.9849853515625,80.75145721435547,63.006431579589844
normal,C:\Users\Light\Videos\正常往返.mp4,1163,True,0.8143559098243713,58.683021545410156,43.03346252441406,82.52395629882812,63.213401794433594
normal,C:\Users\Light\Videos\正常往返.mp4,1164,True,0.7929523587226868,58.85722351074219,42.975215911865234,83.81767272949219,63.15658950805664
normal,C:\Users\Light\Videos\正常往返.mp4,1165,True,0.7486791014671326,60.37872314453125,43.074161529541016,83.98602294921875,63.235633850097656
normal,C:\Users\Light\Videos\正常往返.mp4,1166,True,0.7486799359321594,60.37838363647461,43.07568359375,83.98492431640625,63.2375602722168
normal,C:\Users\Light\Videos\正常往返.mp4,1167,True,0.7619615793228149,61.778873443603516,42.65264892578125,85.29115295410156,62.87252426147461
normal,C:\Users\Light\Videos\正常往返.mp4,1168,True,0.7600685358047485,63.09386444091797,42.895790100097656,86.0381851196289,63.072364807128906
normal,C:\Users\Light\Videos\正常往返.mp4,1169,True,0.7601078748703003,63.05552291870117,42.852176666259766,86.15387725830078,63.137046813964844
normal,C:\Users\Light\Videos\正常往返.mp4,1170,True,0.7648724913597107,64.734375,42.54747009277344,87.48453521728516,62.97182846069336
normal,C:\Users\Light\Videos\正常往返.mp4,1171,True,0.779561460018158,64.67460632324219,43.16019821166992,89.17009735107422,63.49159240722656
normal,C:\Users\Light\Videos\正常往返.mp4,1172,True,0.7794329524040222,64.67537689208984,43.15867233276367,89.16902160644531,63.4923095703125
normal,C:\Users\Light\Videos\正常往返.mp4,1173,True,0.7295311093330383,67.26468658447266,42.50446319580078,90.38267517089844,63.788475036621094
normal,C:\Users\Light\Videos\正常往返.mp4,1174,True,0.7464188933372498,67.51607513427734,43.14488983154297,91.55886840820312,63.37135696411133
normal,C:\Users\Light\Videos\正常往返.mp4,1175,True,0.7462362051010132,67.52348327636719,43.144264221191406,91.55377197265625,63.374046325683594
normal,C:\Users\Light\Videos\正常往返.mp4,1176,True,0.7444319725036621,68.44837951660156,42.64876937866211,91.78008270263672,63.035072326660156
normal,C:\Users\Light\Videos\正常往返.mp4,1177,True,0.7458027005195618,69.14614868164062,42.771183013916016,93.33729553222656,63.27671432495117
normal,C:\Users\Light\Videos\正常往返.mp4,1178,True,0.7845500707626343,70.23059844970703,43.25764083862305,94.40389251708984,63.73197555541992
normal,C:\Users\Light\Videos\正常往返.mp4,1179,True,0.7476626634597778,71.1557388305664,42.7484130859375,94.80233001708984,63.16819763183594
normal,C:\Users\Light\Videos\正常往返.mp4,1180,True,0.7474059462547302,71.15023040771484,42.75560760498047,94.79862976074219,63.17503356933594
normal,C:\Users\Light\Videos\正常往返.mp4,1181,True,0.7599913477897644,72.61405181884766,42.797157287597656,95.64545440673828,62.930301666259766
normal,C:\Users\Light\Videos\正常往返.mp4,1182,True,0.754636287689209,73.61412811279297,42.643951416015625,97.14141082763672,62.91775131225586
normal,C:\Users\Light\Videos\正常往返.mp4,1183,True,0.754204511642456,73.58769989013672,42.662689208984375,97.18814849853516,62.94486999511719
normal,C:\Users\Light\Videos\正常往返.mp4,1184,True,0.7409172058105469,75.54580688476562,42.805763244628906,97.8897476196289,62.66920852661133
normal,C:\Users\Light\Videos\正常往返.mp4,1185,True,0.7518314719200134,76.2407455444336,42.767147064208984,98.76924133300781,62.79643630981445
normal,C:\Users\Light\Videos\正常往返.mp4,1186,True,0.7546244859695435,76.26001739501953,42.74987030029297,98.77423858642578,62.797401428222656
normal,C:\Users\Light\Videos\正常往返.mp4,1187,True,0.7918614745140076,76.76958465576172,42.6086311340332,99.3883056640625,62.7304801940918
normal,C:\Users\Light\Videos\正常往返.mp4,1188,True,0.8222849369049072,75.8004150390625,43.268558502197266,101.22613525390625,62.850563049316406
normal,C:\Users\Light\Videos\正常往返.mp4,1189,True,0.7424067258834839,76.97434997558594,43.34576416015625,100.77501678466797,63.13341522216797
normal,C:\Users\Light\Videos\正常往返.mp4,1190,True,0.7423021197319031,76.97291564941406,43.344329833984375,100.77598571777344,63.13686752319336
normal,C:\Users\Light\Videos\正常往返.mp4,1191,True,0.7076627612113953,77.22676086425781,43.38462448120117,101.108154296875,62.84708786010742
normal,C:\Users\Light\Videos\正常往返.mp4,1192,True,0.7347317337989807,77.73187255859375,43.21380615234375,101.440185546875,62.93547821044922
normal,C:\Users\Light\Videos\正常往返.mp4,1193,True,0.7305206060409546,77.7215347290039,43.21521759033203,101.46121215820312,62.94872283935547
normal,C:\Users\Light\Videos\正常往返.mp4,1194,True,0.7213490009307861,78.35932159423828,43.299617767333984,102.24581909179688,63.036128997802734
normal,C:\Users\Light\Videos\正常往返.mp4,1195,True,0.753013014793396,78.69512176513672,43.45701217651367,102.18842315673828,63.286216735839844
normal,C:\Users\Light\Videos\正常往返.mp4,1196,True,0.7527068853378296,78.70947265625,43.45322799682617,102.17433166503906,63.293724060058594
normal,C:\Users\Light\Videos\正常往返.mp4,1197,True,0.7300028204917908,78.21399688720703,43.413604736328125,102.21305847167969,63.33652877807617
normal,C:\Users\Light\Videos\正常往返.mp4,1198,True,0.7301778793334961,78.19647216796875,43.41593551635742,102.22310638427734,63.32025909423828
normal,C:\Users\Light\Videos\正常往返.mp4,1199,True,0.730292558670044,78.07836151123047,43.578147888183594,101.70658111572266,63.29574203491211
normal,C:\Users\Light\Videos\正常往返.mp4,1200,True,0.72538161277771,77.9378662109375,43.12458801269531,101.49552154541016,63.02832794189453
normal,C:\Users\Light\Videos\正常往返.mp4,1201,True,0.7259006500244141,77.9448471069336,43.155426025390625,101.51396942138672,63.02447509765625
normal,C:\Users\Light\Videos\正常往返.mp4,1202,True,0.7716913819313049,77.51461791992188,43.00502014160156,100.5939712524414,62.97303771972656
normal,C:\Users\Light\Videos\正常往返.mp4,1203,True,0.7892265915870667,76.89472198486328,43.16996765136719,100.84765625,62.979942321777344
normal,C:\Users\Light\Videos\正常往返.mp4,1204,True,0.789172351360321,76.8919448852539,43.167301177978516,100.84893035888672,62.98050308227539
normal,C:\Users\Light\Videos\正常往返.mp4,1205,True,0.7939257025718689,76.68346405029297,43.5610466003418,100.15815734863281,63.03677749633789
normal,C:\Users\Light\Videos\正常往返.mp4,1206,True,0.8048092126846313,75.98927307128906,43.10502243041992,99.66265869140625,63.02530288696289
normal,C:\Users\Light\Videos\正常往返.mp4,1207,True,0.8046771883964539,75.98631286621094,43.101905822753906,99.66404724121094,63.02702713012695
normal,C:\Users\Light\Videos\正常往返.mp4,1208,True,0.7796095013618469,76.19929504394531,42.578086853027344,98.44615936279297,62.38886642456055
normal,C:\Users\Light\Videos\正常往返.mp4,1209,True,0.7800673842430115,76.18138885498047,42.578399658203125,98.41576385498047,62.41185760498047
normal,C:\Users\Light\Videos\正常往返.mp4,1210,True,0.742405116558075,75.09075164794922,42.486087799072266,97.48701477050781,62.64612579345703
normal,C:\Users\Light\Videos\正常往返.mp4,1211,True,0.7601108551025391,73.38390350341797,42.63767623901367,97.279296875,62.8701057434082
normal,C:\Users\Light\Videos\正常往返.mp4,1212,True,0.7455151081085205,72.85521697998047,42.77512741088867,95.68965911865234,62.876895904541016
normal,C:\Users\Light\Videos\正常往返.mp4,1213,True,0.7310815453529358,71.62016296386719,42.932498931884766,94.70726013183594,63.196075439453125
normal,C:\Users\Light\Videos\正常往返.mp4,1214,True,0.7310557961463928,71.62294006347656,42.940948486328125,94.70415496826172,63.1949348449707
normal,C:\Users\Light\Videos\正常往返.mp4,1215,True,0.8048717379570007,70.37883758544922,42.742427825927734,94.84428405761719,63.34329605102539
normal,C:\Users\Light\Videos\正常往返.mp4,1216,True,0.781481921672821,70.625732421875,42.40639114379883,93.78109741210938,63.25046920776367
normal,C:\Users\Light\Videos\正常往返.mp4,1217,True,0.782055675983429,70.60140991210938,42.42573165893555,93.77522277832031,63.287200927734375
normal,C:\Users\Light\Videos\正常往返.mp4,1218,True,0.7570236921310425,69.51496887207031,42.68852996826172,93.00093841552734,62.91593551635742
normal,C:\Users\Light\Videos\正常往返.mp4,1219,True,0.7393421530723572,68.33380889892578,42.60793685913086,91.41168212890625,63.20607376098633
normal,C:\Users\Light\Videos\正常往返.mp4,1220,True,0.7383747100830078,68.3448257446289,42.621070861816406,91.3998031616211,63.2041015625
normal,C:\Users\Light\Videos\正常往返.mp4,1221,True,0.7849893569946289,67.45884704589844,43.1477165222168,90.66816711425781,63.349483489990234
normal,C:\Users\Light\Videos\正常往返.mp4,1222,True,0.7852877974510193,67.457763671875,43.14417266845703,90.67520904541016,63.35320281982422
normal,C:\Users\Light\Videos\正常往返.mp4,1223,True,0.7388291954994202,67.30358123779297,43.03830337524414,89.73372650146484,63.18489456176758
normal,C:\Users\Light\Videos\正常往返.mp4,1224,True,0.7676270604133606,66.15769958496094,42.90724182128906,89.6145248413086,63.070281982421875
normal,C:\Users\Light\Videos\正常往返.mp4,1225,True,0.7678858637809753,66.09844970703125,42.893524169921875,89.53419494628906,63.071224212646484
normal,C:\Users\Light\Videos\正常往返.mp4,1226,True,0.7824878692626953,65.02599334716797,42.92898178100586,89.03126525878906,63.090675354003906
normal,C:\Users\Light\Videos\正常往返.mp4,1227,True,0.7968230843544006,64.48931884765625,43.07353210449219,88.88734436035156,63.51165008544922
normal,C:\Users\Light\Videos\正常往返.mp4,1228,True,0.7958890795707703,64.4859848022461,43.073734283447266,88.87715911865234,63.51781463623047
normal,C:\Users\Light\Videos\正常往返.mp4,1229,True,0.8152968883514404,64.57257080078125,43.18307876586914,88.56478881835938,63.38718032836914
normal,C:\Users\Light\Videos\正常往返.mp4,1230,True,0.8075835704803467,64.82392120361328,43.2763557434082,88.24127960205078,63.47964859008789
normal,C:\Users\Light\Videos\正常往返.mp4,1231,True,0.8070439696311951,64.81642150878906,43.27191925048828,88.22053527832031,63.47803497314453
normal,C:\Users\Light\Videos\正常往返.mp4,1232,True,0.8100143671035767,64.65547943115234,43.22868728637695,87.98612213134766,63.30571365356445
normal,C:\Users\Light\Videos\正常往返.mp4,1233,True,0.8099755644798279,64.65836334228516,43.22947311401367,87.984619140625,63.30636215209961
normal,C:\Users\Light\Videos\正常往返.mp4,1234,True,0.7929337620735168,63.98539733886719,43.267818450927734,87.80441284179688,63.54520034790039
normal,C:\Users\Light\Videos\正常往返.mp4,1235,True,0.7815600633621216,64.6670150756836,42.719970703125,87.08895874023438,62.83899688720703
normal,C:\Users\Light\Videos\正常往返.mp4,1236,True,0.7796748876571655,63.881874084472656,43.122257232666016,87.54393005371094,63.32294845581055
normal,C:\Users\Light\Videos\正常往返.mp4,1237,True,0.7851231694221497,64.6339111328125,42.567752838134766,87.26225280761719,62.917659759521484
normal,C:\Users\Light\Videos\正常往返.mp4,1238,True,0.785852313041687,64.63558959960938,42.56535720825195,87.26904296875,62.92422866821289
normal,C:\Users\Light\Videos\正常往返.mp4,1239,True,0.7915098071098328,64.26249694824219,43.37660217285156,87.66007995605469,63.45470428466797
normal,C:\Users\Light\Videos\正常往返.mp4,1240,True,0.7972184419631958,64.75947570800781,42.57295227050781,87.39794921875,62.887359619140625
normal,C:\Users\Light\Videos\正常往返.mp4,1241,True,0.7967060208320618,64.27809143066406,43.25271224975586,87.80887603759766,63.439910888671875
normal,C:\Users\Light\Videos\正常往返.mp4,1242,True,0.7999716997146606,64.32701110839844,43.31716537475586,87.949951171875,63.534934997558594
normal,C:\Users\Light\Videos\正常往返.mp4,1243,True,0.7998014092445374,64.32341003417969,43.314815521240234,87.9515151977539,63.53513717651367
normal,C:\Users\Light\Videos\正常往返.mp4,1244,True,0.8022282719612122,64.50284576416016,43.36561965942383,88.37313079833984,63.696075439453125
normal,C:\Users\Light\Videos\正常往返.mp4,1245,True,0.813040018081665,64.87287902832031,43.327857971191406,88.5477066040039,63.455623626708984
normal,C:\Users\Light\Videos\正常往返.mp4,1246,True,0.8130548596382141,64.86775970458984,43.32960510253906,88.55029296875,63.456520080566406
normal,C:\Users\Light\Videos\正常往返.mp4,1247,True,0.813216507434845,64.44662475585938,42.929405212402344,88.71131134033203,63.41315460205078
normal,C:\Users\Light\Videos\正常往返.mp4,1248,True,0.8065797090530396,64.2861099243164,43.0512580871582,88.66827392578125,63.59022521972656
normal,C:\Users\Light\Videos\正常往返.mp4,1249,True,0.8062468767166138,64.304443359375,43.04865646362305,88.66093444824219,63.579872131347656
normal,C:\Users\Light\Videos\正常往返.mp4,1250,True,0.8201659321784973,64.76984405517578,42.9940185546875,88.52960968017578,63.39036178588867
normal,C:\Users\Light\Videos\正常往返.mp4,1251,True,0.7903609871864319,64.5610580444336,42.964054107666016,88.77313232421875,63.470436096191406
normal,C:\Users\Light\Videos\正常往返.mp4,1252,True,0.7913123369216919,64.59686279296875,42.95652389526367,88.76663970947266,63.447486877441406
normal,C:\Users\Light\Videos\正常往返.mp4,1253,True,0.8159086108207703,64.80986785888672,42.904685974121094,88.69660949707031,63.33711242675781
normal,C:\Users\Light\Videos\正常往返.mp4,1254,True,0.8163838982582092,64.82427215576172,42.885009765625,88.68367004394531,63.303226470947266
normal,C:\Users\Light\Videos\正常往返.mp4,1255,True,0.7891585826873779,65.16413879394531,42.87373733520508,88.68973541259766,63.37496566772461
normal,C:\Users\Light\Videos\正常往返.mp4,1256,True,0.7798317074775696,65.77936553955078,42.64440155029297,88.57614135742188,63.035770416259766
normal,C:\Users\Light\Videos\正常往返.mp4,1257,True,0.7838581800460815,65.5135269165039,42.73796844482422,88.91134643554688,63.06510543823242
normal,C:\Users\Light\Videos\正常往返.mp4,1258,True,0.7972541451454163,66.32111358642578,42.973487854003906,89.10430145263672,62.97602081298828
normal,C:\Users\Light\Videos\正常往返.mp4,1259,True,0.7647891640663147,66.04216003417969,42.867347717285156,89.6470718383789,63.3199462890625
normal,C:\Users\Light\Videos\正常往返.mp4,1260,True,0.7674728631973267,66.97395324707031,42.87738800048828,89.78339385986328,63.05656814575195
normal,C:\Users\Light\Videos\正常往返.mp4,1261,True,0.7534953951835632,67.39910888671875,43.005001068115234,89.84669494628906,63.25266647338867
normal,C:\Users\Light\Videos\正常往返.mp4,1262,True,0.7537853121757507,67.39417266845703,43.0285758972168,89.83448791503906,63.2605094909668
normal,C:\Users\Light\Videos\正常往返.mp4,1263,True,0.7659147381782532,67.48712921142578,43.081668853759766,90.46456909179688,63.34282684326172
normal,C:\Users\Light\Videos\正常往返.mp4,1264,True,0.7516742944717407,67.45499420166016,42.66405487060547,91.3102798461914,63.39894485473633
normal,C:\Users\Light\Videos\正常往返.mp4,1265,True,0.7516441345214844,67.46088409423828,42.66871643066406,91.30399322509766,63.3911018371582
normal,C:\Users\Light\Videos\正常往返.mp4,1266,True,0.7353484034538269,68.42125701904297,42.80986404418945,91.3824462890625,63.3431396484375
normal,C:\Users\Light\Videos\正常往返.mp4,1267,True,0.7356016635894775,68.4178695678711,42.80598831176758,91.3842544555664,63.3430290222168
normal,C:\Users\Light\Videos\正常往返.mp4,1268,True,0.7520990371704102,69.12623596191406,42.64065933227539,91.57597351074219,63.072410583496094
normal,C:\Users\Light\Videos\正常往返.mp4,1269,True,0.7577317357063293,69.16130065917969,42.858497619628906,91.94393920898438,62.901187896728516
normal,C:\Users\Light\Videos\正常往返.mp4,1270,True,0.7576017379760742,69.1769027709961,42.8621711730957,91.94849395751953,62.894195556640625
normal,C:\Users\Light\Videos\正常往返.mp4,1271,True,0.7780221700668335,69.872314453125,43.11539840698242,93.66930389404297,63.45920944213867
normal,C:\Users\Light\Videos\正常往返.mp4,1272,True,0.8047809600830078,70.85248565673828,43.1755256652832,94.26090240478516,63.51875686645508
normal,C:\Users\Light\Videos\正常往返.mp4,1273,True,0.8056665062904358,70.85833740234375,43.17014694213867,94.25731658935547,63.50593566894531
normal,C:\Users\Light\Videos\正常往返.mp4,1274,True,0.7721952795982361,70.69600677490234,43.01559829711914,94.81428527832031,63.635475158691406
normal,C:\Users\Light\Videos\正常往返.mp4,1275,True,0.7543841600418091,72.31637573242188,43.02691650390625,94.8450698852539,63.0881233215332
normal,C:\Users\Light\Videos\正常往返.mp4,1276,True,0.7530112862586975,72.32215881347656,43.03792190551758,94.85846710205078,63.0905647277832
normal,C:\Users\Light\Videos\正常往返.mp4,1277,True,0.7810643911361694,73.76331329345703,42.96992492675781,95.7743911743164,62.6465950012207
normal,C:\Users\Light\Videos\正常往返.mp4,1278,True,0.782978892326355,73.7668685913086,42.97555160522461,95.78250885009766,62.64208984375
normal,C:\Users\Light\Videos\正常往返.mp4,1279,True,0.7501821517944336,74.16381072998047,42.95098876953125,97.01134490966797,63.135276794433594
normal,C:\Users\Light\Videos\正常往返.mp4,1280,True,0.7949634790420532,75.54083251953125,42.90692901611328,98.89458465576172,62.612823486328125
normal,C:\Users\Light\Videos\正常往返.mp4,1281,True,0.7943847179412842,75.54645538330078,42.91266632080078,98.90467071533203,62.6177978515625
normal,C:\Users\Light\Videos\正常往返.mp4,1282,True,0.7502431273460388,77.29380798339844,43.483482360839844,101.00567626953125,63.06180953979492
normal,C:\Users\Light\Videos\正常往返.mp4,1283,True,0.7497648000717163,77.2952880859375,43.48527526855469,101.01351165771484,63.06216812133789
normal,C:\Users\Light\Videos\正常往返.mp4,1284,True,0.7554417848587036,79.3038101196289,43.34825134277344,102.30961608886719,62.79731369018555
normal,C:\Users\Light\Videos\正常往返.mp4,1285,True,0.7632685303688049,81.67546844482422,43.17357635498047,104.3094711303711,62.804439544677734
normal,C:\Users\Light\Videos\正常往返.mp4,1286,True,0.7619832754135132,81.72110748291016,43.16929626464844,104.27715301513672,62.79957580566406
normal,C:\Users\Light\Videos\正常往返.mp4,1287,True,0.8299568295478821,81.92628479003906,43.44453048706055,106.60285949707031,63.18041229248047
normal,C:\Users\Light\Videos\正常往返.mp4,1288,True,0.8290690183639526,81.91153717041016,43.439308166503906,106.67423248291016,63.17873001098633
normal,C:\Users\Light\Videos\正常往返.mp4,1289,True,0.7387527227401733,84.0836181640625,43.23847961425781,108.26184844970703,62.91223907470703
normal,C:\Users\Light\Videos\正常往返.mp4,1290,True,0.7611383199691772,86.13877868652344,43.02042007446289,110.38716125488281,62.704978942871094
normal,C:\Users\Light\Videos\正常往返.mp4,1291,True,0.7623687982559204,86.19536590576172,43.040184020996094,110.3887710571289,62.725013732910156
normal,C:\Users\Light\Videos\正常往返.mp4,1292,True,0.8390228152275085,87.65231323242188,43.56716537475586,111.53897857666016,62.85853958129883
normal,C:\Users\Light\Videos\正常往返.mp4,1293,True,0.7728740572929382,90.3283920288086,43.77635192871094,112.48175811767578,62.59865951538086
normal,C:\Users\Light\Videos\正常往返.mp4,1294,True,0.7725551724433899,90.3256607055664,43.77825927734375,112.48274993896484,62.60486602783203
normal,C:\Users\Light\Videos\正常往返.mp4,1295,True,0.7694790363311768,92.45294952392578,43.498050689697266,115.81803131103516,62.458274841308594
normal,C:\Users\Light\Videos\正常往返.mp4,1296,True,0.8103998899459839,94.5697021484375,43.798763275146484,117.68399810791016,63.048362731933594
normal,C:\Users\Light\Videos\正常往返.mp4,1297,True,0.8131123781204224,94.5645751953125,43.758445739746094,117.70709228515625,63.03722381591797
normal,C:\Users\Light\Videos\正常往返.mp4,1298,True,0.7494003176689148,96.8187255859375,43.5689811706543,120.61412811279297,62.621089935302734
normal,C:\Users\Light\Videos\正常往返.mp4,1299,True,0.7493701577186584,96.81927490234375,43.57261276245117,120.61088562011719,62.619476318359375
normal,C:\Users\Light\Videos\正常往返.mp4,1300,True,0.7768039703369141,100.0741195678711,43.485050201416016,122.00621795654297,62.59269714355469
normal,C:\Users\Light\Videos\正常往返.mp4,1301,True,0.7343379855155945,101.67022705078125,43.87104034423828,125.20709991455078,62.772369384765625
normal,C:\Users\Light\Videos\正常往返.mp4,1302,True,0.7344739437103271,101.67594909667969,43.873260498046875,125.19562530517578,62.775394439697266
normal,C:\Users\Light\Videos\正常往返.mp4,1303,True,0.7097958922386169,105.29846954345703,43.73106002807617,127.36053466796875,62.726829528808594
normal,C:\Users\Light\Videos\正常往返.mp4,1304,True,0.7331254482269287,106.64723205566406,43.86895751953125,129.54298400878906,62.916316986083984
normal,C:\Users\Light\Videos\正常往返.mp4,1305,True,0.731926679611206,106.64671325683594,43.8800048828125,129.5384979248047,62.9114990234375
normal,C:\Users\Light\Videos\正常往返.mp4,1306,True,0.747783899307251,109.29531860351562,43.34910202026367,131.89801025390625,62.41981506347656
normal,C:\Users\Light\Videos\正常往返.mp4,1307,True,0.7737572193145752,111.5573959350586,44.0831184387207,134.8975372314453,62.937381744384766
normal,C:\Users\Light\Videos\正常往返.mp4,1308,True,0.7233496308326721,114.36587524414062,44.063621520996094,136.99044799804688,63.1871337890625
normal,C:\Users\Light\Videos\正常往返.mp4,1309,True,0.6813741326332092,116.46039581298828,44.29564666748047,138.30697631835938,63.56586456298828
normal,C:\Users\Light\Videos\正常往返.mp4,1310,True,0.6812139749526978,116.4568099975586,44.29549026489258,138.3060302734375,63.566246032714844
normal,C:\Users\Light\Videos\正常往返.mp4,1311,True,0.7317715287208557,117.86270904541016,43.529605865478516,139.2690887451172,62.72936248779297
normal,C:\Users\Light\Videos\正常往返.mp4,1312,True,0.7323581576347351,117.8589859008789,43.5220947265625,139.2709197998047,62.731266021728516
normal,C:\Users\Light\Videos\正常往返.mp4,1313,True,0.765322208404541,119.90538787841797,43.26685333251953,141.2415771484375,62.32026290893555
normal,C:\Users\Light\Videos\正常往返.mp4,1314,True,0.7287461161613464,121.53727722167969,43.718284606933594,143.21876525878906,62.539649963378906
normal,C:\Users\Light\Videos\正常往返.mp4,1315,True,0.7335429787635803,121.56468200683594,43.690406799316406,143.2304229736328,62.53346252441406
normal,C:\Users\Light\Videos\正常往返.mp4,1316,True,0.7179439663887024,123.38317108154297,43.453765869140625,144.62464904785156,62.37391662597656
normal,C:\Users\Light\Videos\正常往返.mp4,1317,True,0.7925133109092712,124.384521484375,43.186981201171875,145.57550048828125,62.032501220703125
normal,C:\Users\Light\Videos\正常往返.mp4,1318,True,0.7929490804672241,124.3983383178711,43.2006721496582,145.5561065673828,62.01553726196289
normal,C:\Users\Light\Videos\正常往返.mp4,1319,True,0.7407472133636475,124.55594635009766,44.02496337890625,146.2615203857422,62.75578308105469
normal,C:\Users\Light\Videos\正常往返.mp4,1320,True,0.6972821950912476,125.37456512451172,43.70472717285156,146.8131866455078,62.7017936706543
normal,C:\Users\Light\Videos\正常往返.mp4,1321,True,0.6959224343299866,125.39875030517578,43.69369888305664,146.8096923828125,62.70260238647461
normal,C:\Users\Light\Videos\正常往返.mp4,1322,True,0.73344886302948,126.1115493774414,43.45793151855469,146.994873046875,62.139137268066406
normal,C:\Users\Light\Videos\正常往返.mp4,1323,True,0.733630359172821,126.10968017578125,43.45932388305664,146.99127197265625,62.13743209838867
normal,C:\Users\Light\Videos\正常往返.mp4,1324,True,0.7018337845802307,125.97248077392578,41.728965759277344,148.82630920410156,62.61638641357422
normal,C:\Users\Light\Videos\正常往返.mp4,1325,True,0.732873260974884,126.39446258544922,43.302040100097656,147.7263641357422,62.21098709106445
normal,C:\Users\Light\Videos\正常往返.mp4,1326,True,0.73330157995224,126.403076171875,43.29421615600586,147.7318878173828,62.198638916015625
normal,C:\Users\Light\Videos\正常往返.mp4,1327,True,0.7372654676437378,126.22451782226562,43.256187438964844,147.22955322265625,61.90574264526367
normal,C:\Users\Light\Videos\正常往返.mp4,1328,True,0.7022674679756165,125.88471984863281,43.39461898803711,146.7799072265625,62.136962890625
normal,C:\Users\Light\Videos\正常往返.mp4,1329,True,0.7030399441719055,125.88697052001953,43.39358901977539,146.7847137451172,62.13664627075195
normal,C:\Users\Light\Videos\正常往返.mp4,1330,True,0.7210133671760559,124.58792877197266,42.825035095214844,146.9266357421875,62.125240325927734
normal,C:\Users\Light\Videos\正常往返.mp4,1331,True,0.7796988487243652,124.95563507080078,43.43014144897461,146.0723876953125,62.01847457885742
normal,C:\Users\Light\Videos\正常往返.mp4,1332,True,0.7606528401374817,123.78255462646484,42.490478515625,144.8878631591797,61.640350341796875
normal,C:\Users\Light\Videos\正常往返.mp4,1333,True,0.7606523633003235,123.78711700439453,42.49913024902344,144.8855438232422,61.6403923034668
normal,C:\Users\Light\Videos\正常往返.mp4,1334,True,0.7520090937614441,122.40581512451172,43.119903564453125,143.2698211669922,61.81155014038086
normal,C:\Users\Light\Videos\正常往返.mp4,1335,True,0.7434106469154358,120.90557861328125,43.364479064941406,142.56600952148438,62.28982925415039
normal,C:\Users\Light\Videos\正常往返.mp4,1336,True,0.7433214783668518,120.89387512207031,43.36286544799805,142.56179809570312,62.29556655883789
normal,C:\Users\Light\Videos\正常往返.mp4,1337,True,0.7663050889968872,118.50163269042969,43.14789581298828,141.24082946777344,62.57646942138672
normal,C:\Users\Light\Videos\正常往返.mp4,1338,True,0.7447671890258789,117.45916748046875,42.73030471801758,138.63192749023438,61.941715240478516
normal,C:\Users\Light\Videos\正常往返.mp4,1339,True,0.7452542781829834,117.45993041992188,42.7346076965332,138.6265106201172,61.94063949584961
normal,C:\Users\Light\Videos\正常往返.mp4,1340,True,0.7563236355781555,115.64631652832031,43.19188690185547,137.25758361816406,62.27967834472656
normal,C:\Users\Light\Videos\正常往返.mp4,1341,True,0.7467437386512756,113.501708984375,44.01344299316406,136.04615783691406,63.116695404052734
normal,C:\Users\Light\Videos\正常往返.mp4,1342,True,0.7473215460777283,113.48728942871094,44.01285934448242,136.06234741210938,63.124046325683594
normal,C:\Users\Light\Videos\正常往返.mp4,1343,True,0.7700488567352295,112.50543212890625,43.44065475463867,134.10830688476562,62.472862243652344
normal,C:\Users\Light\Videos\正常往返.mp4,1344,True,0.7303493022918701,110.58256530761719,42.10282897949219,132.11831665039062,61.764976501464844
normal,C:\Users\Light\Videos\正常往返.mp4,1345,True,0.7288577556610107,110.64104461669922,42.06802749633789,132.2231903076172,61.75625991821289
normal,C:\Users\Light\Videos\正常往返.mp4,1346,True,0.6865366697311401,107.97496032714844,42.826942443847656,130.44300842285156,62.44045639038086
normal,C:\Users\Light\Videos\正常往返.mp4,1347,True,0.686378538608551,107.97767639160156,42.830684661865234,130.44012451171875,62.4400749206543
normal,C:\Users\Light\Videos\正常往返.mp4,1348,True,0.7223148345947266,106.85182189941406,43.81357955932617,128.49168395996094,63.17595291137695
normal,C:\Users\Light\Videos\正常往返.mp4,1349,True,0.7327225804328918,105.35677337646484,43.706092834472656,126.39900970458984,62.57756805419922
normal,C:\Users\Light\Videos\正常往返.mp4,1350,True,0.7327473163604736,105.35774993896484,43.707393646240234,126.39749908447266,62.57631301879883
normal,C:\Users\Light\Videos\正常往返.mp4,1351,True,0.7851303219795227,102.88967895507812,43.4003791809082,124.49390411376953,62.01412582397461
normal,C:\Users\Light\Videos\正常往返.mp4,1352,True,0.7278258800506592,100.84127807617188,43.98170852661133,123.54507446289062,62.988277435302734
normal,C:\Users\Light\Videos\正常往返.mp4,1353,True,0.7281398773193359,100.848876953125,43.98827362060547,123.54206848144531,62.98565673828125
normal,C:\Users\Light\Videos\正常往返.mp4,1354,True,0.7734215259552002,97.25304412841797,42.81499481201172,119.39469146728516,61.91560363769531
normal,C:\Users\Light\Videos\正常往返.mp4,1355,True,0.7729963064193726,97.25543212890625,42.80618667602539,119.40010833740234,61.91840744018555
normal,C:\Users\Light\Videos\正常往返.mp4,1356,True,0.7753688097000122,95.02135467529297,43.24836349487305,118.30335998535156,62.818626403808594
normal,C:\Users\Light\Videos\正常往返.mp4,1357,True,0.779538631439209,94.9807357788086,43.27272415161133,118.31368255615234,62.83317184448242
normal,C:\Users\Light\Videos\正常往返.mp4,1358,True,0.7474092245101929,94.62726593017578,43.88589859008789,116.64085388183594,63.53509521484375
normal,C:\Users\Light\Videos\正常往返.mp4,1359,True,0.726151704788208,93.43411254882812,43.68910598754883,115.05165100097656,62.77796936035156
normal,C:\Users\Light\Videos\正常往返.mp4,1360,True,0.726803719997406,93.41604614257812,43.673057556152344,115.08344268798828,62.75412368774414
normal,C:\Users\Light\Videos\正常往返.mp4,1361,True,0.7669624090194702,90.63691711425781,43.388343811035156,114.50389862060547,62.50715255737305
normal,C:\Users\Light\Videos\正常往返.mp4,1362,True,0.7199299335479736,89.57862854003906,44.34170150756836,113.05850219726562,63.17741012573242
normal,C:\Users\Light\Videos\正常往返.mp4,1363,True,0.7200139164924622,89.56795501708984,44.340335845947266,113.06565856933594,63.179134368896484
normal,C:\Users\Light\Videos\正常往返.mp4,1364,True,0.7648648023605347,89.22358703613281,43.85308837890625,112.27686309814453,62.896549224853516
normal,C:\Users\Light\Videos\正常往返.mp4,1365,True,0.8052752017974854,88.8521728515625,43.50078201293945,111.37638092041016,62.699241638183594
normal,C:\Users\Light\Videos\正常往返.mp4,1366,True,0.804999053478241,88.8579330444336,43.50739288330078,111.37544250488281,62.701324462890625
normal,C:\Users\Light\Videos\正常往返.mp4,1367,True,0.7709867358207703,88.93096923828125,43.00529098510742,110.97356414794922,62.64256286621094
normal,C:\Users\Light\Videos\正常往返.mp4,1368,True,0.7712459564208984,88.9178237915039,43.022705078125,110.93486785888672,62.642852783203125
normal,C:\Users\Light\Videos\正常往返.mp4,1369,True,0.7803848385810852,88.47405242919922,43.30192565917969,110.3624496459961,62.79079055786133
normal,C:\Users\Light\Videos\正常往返.mp4,1370,True,0.783677875995636,88.2549819946289,42.79821014404297,110.03243255615234,62.29541015625
normal,C:\Users\Light\Videos\正常往返.mp4,1371,True,0.7825331687927246,88.26531219482422,42.8173942565918,110.04080200195312,62.305450439453125
normal,C:\Users\Light\Videos\正常往返.mp4,1372,True,0.7664111852645874,88.21305847167969,43.174720764160156,110.0117416381836,62.6683349609375
normal,C:\Users\Light\Videos\正常往返.mp4,1373,True,0.7363098859786987,87.94503784179688,43.38487243652344,109.95684051513672,63.07875442504883
normal,C:\Users\Light\Videos\正常往返.mp4,1374,True,0.735943078994751,87.94913482666016,43.380882263183594,109.9664077758789,63.0883903503418
normal,C:\Users\Light\Videos\正常往返.mp4,1375,True,0.7749507427215576,88.30960845947266,42.989444732666016,110.08773040771484,62.49726867675781
normal,C:\Users\Light\Videos\正常往返.mp4,1376,True,0.7607172131538391,88.33160400390625,43.12416076660156,110.20020294189453,62.7474479675293
normal,C:\Users\Light\Videos\正常往返.mp4,1377,True,0.7607752084732056,88.33181762695312,43.12523651123047,110.19977569580078,62.74713134765625
normal,C:\Users\Light\Videos\正常往返.mp4,1378,True,0.7662136554718018,88.37019348144531,43.03567886352539,110.14290618896484,62.584293365478516
normal,C:\Users\Light\Videos\正常往返.mp4,1379,True,0.803971529006958,88.14248657226562,43.602195739746094,110.86544799804688,62.89016342163086
normal,C:\Users\Light\Videos\正常往返.mp4,1380,True,0.7819546461105347,88.4093246459961,43.709320068359375,111.50979614257812,63.17263412475586
normal,C:\Users\Light\Videos\正常往返.mp4,1381,True,0.7814106941223145,88.39693450927734,43.69986343383789,111.50751495361328,63.174560546875
normal,C:\Users\Light\Videos\正常往返.mp4,1382,True,0.7826918959617615,89.39431762695312,43.67987060546875,111.7449722290039,62.69437789916992
normal,C:\Users\Light\Videos\正常往返.mp4,1383,True,0.739912748336792,89.67330932617188,43.76041793823242,111.85337829589844,62.879268646240234
normal,C:\Users\Light\Videos\正常往返.mp4,1384,True,0.7405961751937866,89.67765808105469,43.75535202026367,111.83573913574219,62.87738800048828
normal,C:\Users\Light\Videos\正常往返.mp4,1385,True,0.7347468137741089,90.21534729003906,43.647151947021484,112.22509765625,62.72373580932617
normal,C:\Users\Light\Videos\正常往返.mp4,1386,True,0.7596612572669983,90.96019744873047,43.61299514770508,113.69534301757812,62.62297439575195
normal,C:\Users\Light\Videos\正常往返.mp4,1387,True,0.7592481374740601,90.9499282836914,43.61761474609375,113.68328094482422,62.62189865112305
normal,C:\Users\Light\Videos\正常往返.mp4,1388,True,0.7352679967880249,92.88142395019531,43.72890853881836,114.31375122070312,62.81346893310547
normal,C:\Users\Light\Videos\正常往返.mp4,1389,True,0.7615439295768738,93.72484588623047,43.263179779052734,115.43355560302734,62.70806884765625
normal,C:\Users\Light\Videos\正常往返.mp4,1390,True,0.7609125971794128,93.74371337890625,43.27427291870117,115.44640350341797,62.711185455322266
normal,C:\Users\Light\Videos\正常往返.mp4,1391,True,0.7750757932662964,94.74671173095703,43.380836486816406,116.88522338867188,63.05289077758789
normal,C:\Users\Light\Videos\正常往返.mp4,1392,True,0.7750888466835022,94.74845123291016,43.383705139160156,116.8823471069336,63.0515022277832
normal,C:\Users\Light\Videos\正常往返.mp4,1393,True,0.7727089524269104,95.81914520263672,43.68473434448242,117.82603454589844,62.76190185546875
normal,C:\Users\Light\Videos\正常往返.mp4,1394,True,0.7740132212638855,96.99488830566406,43.366607666015625,119.32098388671875,62.292808532714844
normal,C:\Users\Light\Videos\正常往返.mp4,1395,True,0.7738573551177979,96.98733520507812,43.36342239379883,119.33738708496094,62.2952766418457
normal,C:\Users\Light\Videos\正常往返.mp4,1396,True,0.731412410736084,99.06588745117188,43.18960189819336,120.4154281616211,62.326202392578125
normal,C:\Users\Light\Videos\正常往返.mp4,1397,True,0.784021258354187,100.34835052490234,43.39614486694336,121.82987976074219,62.547447204589844
normal,C:\Users\Light\Videos\正常往返.mp4,1398,True,0.7839702367782593,100.34690856933594,43.40167999267578,121.817626953125,62.54491424560547
normal,C:\Users\Light\Videos\正常往返.mp4,1399,True,0.767071008682251,101.16236877441406,43.9233283996582,123.74119567871094,62.739715576171875
normal,C:\Users\Light\Videos\正常往返.mp4,1400,True,0.7540148496627808,102.99152374267578,43.57875061035156,125.75670623779297,62.439247131347656
normal,C:\Users\Light\Videos\正常往返.mp4,1401,True,0.753949761390686,102.99051666259766,43.57640075683594,125.75896453857422,62.442405700683594
normal,C:\Users\Light\Videos\正常往返.mp4,1402,True,0.7296823859214783,105.57807159423828,43.70383071899414,126.94758605957031,62.796730041503906
normal,C:\Users\Light\Videos\正常往返.mp4,1403,True,0.7292435169219971,105.59185028076172,43.69401550292969,126.95783996582031,62.78874969482422
normal,C:\Users\Light\Videos\正常往返.mp4,1404,True,0.6819300055503845,107.61103820800781,43.30952453613281,130.0565185546875,62.85213088989258
normal,C:\Users\Light\Videos\正常往返.mp4,1405,True,0.6831185221672058,107.6134033203125,43.34101104736328,130.03463745117188,62.86058044433594
normal,C:\Users\Light\Videos\正常往返.mp4,1406,True,0.7486010193824768,109.82624816894531,43.24072265625,132.0061798095703,62.56167984008789
normal,C:\Users\Light\Videos\正常往返.mp4,1407,True,0.7636686563491821,111.7981948852539,43.43556594848633,133.33816528320312,62.450923919677734
normal,C:\Users\Light\Videos\正常往返.mp4,1408,True,0.7626606822013855,111.80229187011719,43.4334602355957,133.3540496826172,62.4630241394043
normal,C:\Users\Light\Videos\正常往返.mp4,1409,True,0.7475494742393494,112.6730728149414,43.87653350830078,135.61395263671875,62.83353042602539
normal,C:\Users\Light\Videos\正常往返.mp4,1410,True,0.7247395515441895,115.0439453125,43.87276840209961,137.01356506347656,62.89381408691406
normal,C:\Users\Light\Videos\正常往返.mp4,1411,True,0.7259778380393982,115.04664611816406,43.877899169921875,137.02294921875,62.89311981201172
normal,C:\Users\Light\Videos\正常往返.mp4,1412,True,0.686495304107666,116.48408508300781,44.403690338134766,138.34817504882812,63.68816375732422
normal,C:\Users\Light\Videos\正常往返.mp4,1413,True,0.6866142749786377,116.48078155517578,44.41420364379883,138.34580993652344,63.70611572265625
normal,C:\Users\Light\Videos\正常往返.mp4,1414,True,0.7340553402900696,117.55792236328125,43.3015251159668,138.7836456298828,62.407108306884766
normal,C:\Users\Light\Videos\正常往返.mp4,1415,True,0.7285904288291931,118.40151977539062,44.14501953125,140.4193878173828,62.9045295715332
normal,C:\Users\Light\Videos\正常往返.mp4,1416,True,0.7317098379135132,118.41915130615234,44.13641357421875,140.4176788330078,62.87821578979492
normal,C:\Users\Light\Videos\正常往返.mp4,1417,True,0.7281049489974976,119.58475494384766,44.018978118896484,141.87193298339844,63.108158111572266
normal,C:\Users\Light\Videos\正常往返.mp4,1418,True,0.7397803664207458,121.45744323730469,42.99585723876953,143.3226318359375,62.34819030761719
normal,C:\Users\Light\Videos\正常往返.mp4,1419,True,0.7397419810295105,121.46016693115234,43.0078239440918,143.31698608398438,62.351280212402344
normal,C:\Users\Light\Videos\正常往返.mp4,1420,True,0.7577416300773621,122.90721130371094,43.7400016784668,144.14537048339844,62.543704986572266
normal,C:\Users\Light\Videos\正常往返.mp4,1421,True,0.7747366428375244,123.83785247802734,43.435386657714844,144.9124755859375,62.38866424560547
normal,C:\Users\Light\Videos\正常往返.mp4,1422,True,0.7748435139656067,123.83799743652344,43.43498229980469,144.912109375,62.38808059692383
normal,C:\Users\Light\Videos\正常往返.mp4,1423,True,0.7617552280426025,124.37001037597656,44.21343994140625,146.19166564941406,62.56528854370117
normal,C:\Users\Light\Videos\正常往返.mp4,1424,True,0.7623276710510254,124.37255859375,44.21288299560547,146.1934051513672,62.56190490722656
normal,C:\Users\Light\Videos\正常往返.mp4,1425,True,0.7153350114822388,126.04586791992188,44.17189025878906,146.9877471923828,62.33964920043945
normal,C:\Users\Light\Videos\正常往返.mp4,1426,True,0.700497567653656,126.33876037597656,42.18109130859375,148.9008026123047,62.48160171508789
normal,C:\Users\Light\Videos\正常往返.mp4,1427,True,0.7006043791770935,126.33206939697266,42.18301773071289,148.88987731933594,62.486175537109375
normal,C:\Users\Light\Videos\正常往返.mp4,1428,True,0.7206568717956543,127.89981842041016,43.74934768676758,149.05126953125,62.54184341430664
normal,C:\Users\Light\Videos\正常往返.mp4,1429,True,0.7191200256347656,127.91547393798828,43.73912811279297,149.05104064941406,62.54471206665039
normal,C:\Users\Light\Videos\正常往返.mp4,1430,True,0.7523795962333679,128.5833282470703,43.424339294433594,149.86891174316406,62.684471130371094
normal,C:\Users\Light\Videos\正常往返.mp4,1431,True,0.7528100609779358,129.2198028564453,43.668556213378906,150.75372314453125,62.89170837402344
normal,C:\Users\Light\Videos\正常往返.mp4,1432,True,0.7521290183067322,129.2201690673828,43.68309783935547,150.7294158935547,62.889041900634766
normal,C:\Users\Light\Videos\正常往返.mp4,1433,True,0.7658056020736694,129.27149963378906,43.74509048461914,150.57130432128906,62.914634704589844
normal,C:\Users\Light\Videos\正常往返.mp4,1434,True,0.7773714661598206,129.28257751464844,43.34453201293945,150.48741149902344,62.46486282348633
normal,C:\Users\Light\Videos\正常往返.mp4,1435,True,0.7770174145698547,129.2744140625,43.330928802490234,150.48980712890625,62.46533203125
normal,C:\Users\Light\Videos\正常往返.mp4,1436,True,0.7658912539482117,128.90957641601562,42.657554626464844,150.68389892578125,62.597110748291016
normal,C:\Users\Light\Videos\正常往返.mp4,1437,True,0.7649586200714111,128.92103576660156,42.60352325439453,150.70361328125,62.56087112426758
normal,C:\Users\Light\Videos\正常往返.mp4,1438,True,0.7582343816757202,129.13294982910156,43.08148956298828,150.6339874267578,62.64923858642578
normal,C:\Users\Light\Videos\正常往返.mp4,1439,True,0.7797973155975342,129.10304260253906,43.07823944091797,150.441650390625,62.434112548828125
normal,C:\Users\Light\Videos\正常往返.mp4,1440,True,0.7787362337112427,129.09811401367188,43.08059310913086,150.44744873046875,62.437408447265625
normal,C:\Users\Light\Videos\正常往返.mp4,1441,True,0.7600415349006653,129.3253936767578,43.469024658203125,150.7461395263672,62.57662582397461
normal,C:\Users\Light\Videos\正常往返.mp4,1442,True,0.7437601089477539,129.077880859375,43.60829162597656,150.41217041015625,62.51087188720703
normal,C:\Users\Light\Videos\正常往返.mp4,1443,True,0.743823766708374,129.08309936523438,43.630859375,150.3822479248047,62.504486083984375
normal,C:\Users\Light\Videos\正常往返.mp4,1444,True,0.7618554830551147,128.61326599121094,43.716941833496094,149.87252807617188,62.76757049560547
normal,C:\Users\Light\Videos\正常往返.mp4,1445,True,0.7066031098365784,127.41161346435547,41.94321823120117,150.09654235839844,62.76640701293945
normal,C:\Users\Light\Videos\正常往返.mp4,1446,True,0.7064749002456665,127.41414642333984,41.94727325439453,150.0939178466797,62.76719284057617
normal,C:\Users\Light\Videos\正常往返.mp4,1447,True,0.7384904026985168,127.56295776367188,43.62904357910156,149.05450439453125,62.38021469116211
normal,C:\Users\Light\Videos\正常往返.mp4,1448,True,0.7382603883743286,127.55863189697266,43.620460510253906,149.05906677246094,62.382747650146484
normal,C:\Users\Light\Videos\正常往返.mp4,1449,True,0.7474346160888672,127.26837158203125,43.72809982299805,148.59707641601562,62.047000885009766
normal,C:\Users\Light\Videos\正常往返.mp4,1450,True,0.7482041120529175,126.33317565917969,43.83108139038086,146.90908813476562,62.09547805786133
normal,C:\Users\Light\Videos\正常往返.mp4,1451,True,0.7259939908981323,125.57839965820312,43.89979553222656,146.20469665527344,62.17512893676758
normal,C:\Users\Light\Videos\正常往返.mp4,1452,True,0.7462368607521057,125.12133026123047,43.889442443847656,146.0506591796875,62.1644172668457
normal,C:\Users\Light\Videos\正常往返.mp4,1453,True,0.7463589906692505,125.12085723876953,43.884735107421875,146.05055236816406,62.160606384277344
normal,C:\Users\Light\Videos\正常往返.mp4,1454,True,0.7860555648803711,124.39185333251953,43.38800811767578,145.47364807128906,62.15970993041992
normal,C:\Users\Light\Videos\正常往返.mp4,1455,True,0.7701695561408997,123.67694091796875,43.657371520996094,144.55517578125,62.24471664428711
normal,C:\Users\Light\Videos\正常往返.mp4,1456,True,0.7700949311256409,123.67829895019531,43.65542221069336,144.5561065673828,62.24222946166992
normal,C:\Users\Light\Videos\正常往返.mp4,1457,True,0.7781761884689331,123.0673828125,43.65692138671875,143.7375030517578,62.1176872253418
normal,C:\Users\Light\Videos\正常往返.mp4,1458,True,0.7776031494140625,123.08612060546875,43.6618537902832,143.75216674804688,62.11033630371094
normal,C:\Users\Light\Videos\正常往返.mp4,1459,True,0.721282422542572,121.96900939941406,43.05287170410156,143.4855499267578,62.14899826049805
normal,C:\Users\Light\Videos\正常往返.mp4,1460,True,0.7409960031509399,121.25325775146484,43.428104400634766,142.98892211914062,62.39464569091797
normal,C:\Users\Light\Videos\正常往返.mp4,1461,True,0.739885151386261,121.26405334472656,43.442222595214844,142.9922332763672,62.3963508605957
normal,C:\Users\Light\Videos\正常往返.mp4,1462,True,0.7097064256668091,120.0284652709961,43.41586685180664,142.0934600830078,62.66640853881836
normal,C:\Users\Light\Videos\正常往返.mp4,1463,True,0.7143521904945374,119.53907775878906,43.41398239135742,141.13409423828125,62.738258361816406
normal,C:\Users\Light\Videos\正常往返.mp4,1464,True,0.7143141627311707,119.53933715820312,43.416786193847656,141.1326904296875,62.73886489868164
normal,C:\Users\Light\Videos\正常往返.mp4,1465,True,0.7199627161026001,118.65210723876953,43.42350769042969,141.28221130371094,63.2009391784668
normal,C:\Users\Light\Videos\正常往返.mp4,1466,True,0.6962525844573975,118.64702606201172,43.28186798095703,141.08367919921875,63.10318374633789
normal,C:\Users\Light\Videos\正常往返.mp4,1467,True,0.6949687004089355,118.62803649902344,43.27164840698242,141.0803985595703,63.10380935668945
normal,C:\Users\Light\Videos\正常往返.mp4,1468,True,0.7386572957038879,118.43233489990234,43.41440963745117,140.946044921875,63.206947326660156
normal,C:\Users\Light\Videos\正常往返.mp4,1469,True,0.7368273138999939,118.44886779785156,43.4073486328125,140.9353790283203,63.19876480102539
normal,C:\Users\Light\Videos\正常往返.mp4,1470,True,0.6929128766059875,118.79805755615234,43.23361587524414,141.12921142578125,63.235565185546875
normal,C:\Users\Light\Videos\正常往返.mp4,1471,True,0.6984833478927612,118.7063980102539,43.33177947998047,141.0520782470703,63.1468620300293
normal,C:\Users\Light\Videos\正常往返.mp4,1472,True,0.7027567625045776,118.7111587524414,43.35053634643555,141.0558319091797,63.149662017822266
normal,C:\Users\Light\Videos\正常往返.mp4,1473,True,0.7245861887931824,119.32878875732422,43.39484405517578,141.51934814453125,63.03736114501953
normal,C:\Users\Light\Videos\正常往返.mp4,1474,True,0.6647914052009583,119.9290771484375,42.90318298339844,142.014404296875,63.1113166809082
normal,C:\Users\Light\Videos\正常往返.mp4,1475,True,0.6866656541824341,121.01016998291016,42.711143493652344,143.54466247558594,62.85849380493164
normal,C:\Users\Light\Videos\正常往返.mp4,1476,True,0.7200149297714233,122.10062408447266,42.80598831176758,143.77503967285156,62.452537536621094
normal,C:\Users\Light\Videos\正常往返.mp4,1477,True,0.7204026579856873,122.10199737548828,42.832611083984375,143.7624053955078,62.46253204345703
normal,C:\Users\Light\Videos\正常往返.mp4,1478,True,0.7465817928314209,123.33937072753906,43.05403518676758,144.63031005859375,62.33232116699219
normal,C:\Users\Light\Videos\正常往返.mp4,1479,True,0.7749715447425842,123.77994537353516,44.325050354003906,146.24424743652344,62.89011764526367
normal,C:\Users\Light\Videos\正常往返.mp4,1480,True,0.7727107405662537,123.74638366699219,44.33219909667969,146.25013732910156,62.898834228515625
normal,C:\Users\Light\Videos\正常往返.mp4,1481,True,0.7244663834571838,125.41708374023438,44.096073150634766,147.4627685546875,62.605247497558594
normal,C:\Users\Light\Videos\正常往返.mp4,1482,True,0.726285457611084,125.43524169921875,44.077518463134766,147.46800231933594,62.59184646606445
normal,C:\Users\Light\Videos\正常往返.mp4,1483,True,0.7210012674331665,127.7024917602539,43.62283706665039,149.6977996826172,62.79050064086914
normal,C:\Users\Light\Videos\正常往返.mp4,1484,True,0.7175458669662476,129.44920349121094,43.01947784423828,150.97808837890625,62.542762756347656
normal,C:\Users\Light\Videos\正常往返.mp4,1485,True,0.7134150266647339,129.4412384033203,43.00950241088867,150.9989776611328,62.56214904785156
normal,C:\Users\Light\Videos\正常往返.mp4,1486,True,0.7101902365684509,130.67955017089844,42.24039077758789,153.33139038085938,63.05986022949219
normal,C:\Users\Light\Videos\正常往返.mp4,1487,True,0.7385808229446411,132.76995849609375,42.1634521484375,155.47254943847656,62.80905532836914
normal,C:\Users\Light\Videos\正常往返.mp4,1488,True,0.7386204600334167,132.7635498046875,42.1187858581543,155.476318359375,62.8058967590332
normal,C:\Users\Light\Videos\正常往返.mp4,1489,True,0.7652709484100342,135.3048095703125,43.21479034423828,157.71298217773438,63.35905075073242
normal,C:\Users\Light\Videos\正常往返.mp4,1490,True,0.7668843865394592,137.06201171875,43.29383850097656,160.3676300048828,63.51662826538086
normal,C:\Users\Light\Videos\正常往返.mp4,1491,True,0.7669445872306824,137.0565643310547,43.28639602661133,160.3704833984375,63.516807556152344
normal,C:\Users\Light\Videos\正常往返.mp4,1492,True,0.7729979157447815,140.440185546875,42.42375946044922,163.02200317382812,62.98330307006836
normal,C:\Users\Light\Videos\正常往返.mp4,1493,True,0.7730327248573303,140.4390106201172,42.4261589050293,163.02127075195312,62.98521041870117
normal,C:\Users\Light\Videos\正常往返.mp4,1494,True,0.7795069813728333,142.62002563476562,42.44545364379883,165.6098175048828,63.155242919921875
normal,C:\Users\Light\Videos\正常往返.mp4,1495,True,0.7662869095802307,145.5105743408203,42.91031265258789,167.46652221679688,62.978057861328125
normal,C:\Users\Light\Videos\正常往返.mp4,1496,True,0.7659746408462524,145.5029296875,42.88870620727539,167.47531127929688,62.98020935058594
normal,C:\Users\Light\Videos\正常往返.mp4,1497,True,0.8485905528068542,146.76002502441406,42.38106918334961,170.32327270507812,63.203765869140625
normal,C:\Users\Light\Videos\正常往返.mp4,1498,True,0.7642974853515625,149.26492309570312,41.454315185546875,172.47341918945312,62.52416229248047
normal,C:\Users\Light\Videos\正常往返.mp4,1499,True,0.799587070941925,151.0828399658203,41.22275924682617,173.7671356201172,62.3436164855957
normal,C:\Users\Light\Videos\正常往返.mp4,1500,True,0.827000081539154,152.38284301757812,41.34660339355469,176.3257598876953,62.81434631347656
normal,C:\Users\Light\Videos\正常往返.mp4,1501,True,0.8270037174224854,152.3842315673828,41.34687423706055,176.3263397216797,62.814300537109375
normal,C:\Users\Light\Videos\正常往返.mp4,1502,True,0.8074514269828796,153.51881408691406,41.360565185546875,176.47901916503906,62.212039947509766
normal,C:\Users\Light\Videos\正常往返.mp4,1503,True,0.807662308216095,153.51182556152344,41.36446762084961,176.47119140625,62.216163635253906
normal,C:\Users\Light\Videos\正常往返.mp4,1504,True,0.7944450974464417,155.89659118652344,41.00415802001953,178.5326385498047,61.990325927734375
normal,C:\Users\Light\Videos\正常往返.mp4,1505,True,0.7764273285865784,156.66444396972656,41.305301666259766,179.31593322753906,62.24386215209961
normal,C:\Users\Light\Videos\正常往返.mp4,1506,True,0.7765704989433289,156.6595001220703,41.30527877807617,179.31539916992188,62.247337341308594
normal,C:\Users\Light\Videos\正常往返.mp4,1507,True,0.7729918956756592,156.8806915283203,41.19344711303711,179.4998779296875,62.093685150146484
normal,C:\Users\Light\Videos\正常往返.mp4,1508,True,0.7694643139839172,156.94337463378906,41.178184509277344,179.54598999023438,62.069053649902344
normal,C:\Users\Light\Videos\正常往返.mp4,1509,True,0.7692394852638245,156.9446258544922,41.18015670776367,179.54449462890625,62.06789016723633
normal,C:\Users\Light\Videos\正常往返.mp4,1510,True,0.7749250531196594,156.88406372070312,40.85118103027344,179.18238830566406,61.79642105102539
normal,C:\Users\Light\Videos\正常往返.mp4,1511,True,0.7903403043746948,156.09326171875,40.96639633178711,178.92391967773438,62.09312438964844
normal,C:\Users\Light\Videos\正常往返.mp4,1512,True,0.7885683178901672,156.11431884765625,40.969398498535156,178.91163635253906,62.079769134521484
normal,C:\Users\Light\Videos\正常往返.mp4,1513,True,0.8076455593109131,154.7607421875,41.090396881103516,177.744873046875,62.278221130371094
normal,C:\Users\Light\Videos\正常往返.mp4,1514,True,0.807684063911438,154.7610321044922,41.09033203125,177.74612426757812,62.278961181640625
normal,C:\Users\Light\Videos\正常往返.mp4,1515,True,0.8482059240341187,153.15719604492188,41.24449920654297,176.5576171875,62.59332275390625
normal,C:\Users\Light\Videos\正常往返.mp4,1516,True,0.7954776883125305,150.6251678466797,41.16233825683594,173.9872589111328,62.07624816894531
normal,C:\Users\Light\Videos\正常往返.mp4,1517,True,0.7954233884811401,150.6225128173828,41.163211822509766,173.9876708984375,62.0797233581543
normal,C:\Users\Light\Videos\正常往返.mp4,1518,True,0.8170751333236694,149.50340270996094,40.965389251708984,172.86439514160156,62.07221603393555
normal,C:\Users\Light\Videos\正常往返.mp4,1519,True,0.8663376569747925,146.81809997558594,41.42325210571289,170.55821228027344,62.40959548950195
normal,C:\Users\Light\Videos\正常往返.mp4,1520,True,0.866471529006958,146.819580078125,41.42789077758789,170.55685424804688,62.4089469909668
normal,C:\Users\Light\Videos\正常往返.mp4,1521,True,0.7796034216880798,144.0810089111328,40.72065734863281,167.46099853515625,62.13277053833008
normal,C:\Users\Light\Videos\正常往返.mp4,1522,True,0.8416107892990112,140.52969360351562,41.41119384765625,165.16773986816406,62.85239791870117
normal,C:\Users\Light\Videos\正常往返.mp4,1523,True,0.7848526835441589,137.21957397460938,41.827552795410156,160.96653747558594,62.174007415771484
normal,C:\Users\Light\Videos\正常往返.mp4,1524,True,0.7726952433586121,133.84983825683594,41.25828170776367,156.71731567382812,61.92893981933594
normal,C:\Users\Light\Videos\正常往返.mp4,1525,True,0.7727488279342651,133.85498046875,41.26570129394531,156.7135772705078,61.92322540283203
normal,C:\Users\Light\Videos\正常往返.mp4,1526,True,0.7456195950508118,128.88743591308594,40.69356155395508,153.1458740234375,62.45515823364258
normal,C:\Users\Light\Videos\正常往返.mp4,1527,True,0.7454423308372498,128.88717651367188,40.68750762939453,153.15237426757812,62.45515823364258
normal,C:\Users\Light\Videos\正常往返.mp4,1528,True,0.7280057668685913,125.6221923828125,41.35007858276367,149.86038208007812,62.45981979370117
normal,C:\Users\Light\Videos\正常往返.mp4,1529,True,0.7035790681838989,122.8935775756836,43.084983825683594,145.19369506835938,62.385414123535156
normal,C:\Users\Light\Videos\正常往返.mp4,1530,True,0.7026899456977844,122.88444519042969,43.05910110473633,145.18960571289062,62.38574981689453
normal,C:\Users\Light\Videos\正常往返.mp4,1531,True,0.6865091323852539,117.15013885498047,43.98814010620117,140.64292907714844,62.619319915771484
normal,C:\Users\Light\Videos\正常往返.mp4,1532,True,0.7091801166534424,112.36032104492188,43.83854293823242,137.36244201660156,62.811363220214844
normal,C:\Users\Light\Videos\正常往返.mp4,1533,True,0.71261066198349,112.38362884521484,43.82321548461914,137.34689331054688,62.78065872192383
normal,C:\Users\Light\Videos\正常往返.mp4,1534,True,0.6642673015594482,109.72338104248047,44.07110595703125,131.9842071533203,63.27346420288086
normal,C:\Users\Light\Videos\正常往返.mp4,1535,True,0.7173091173171997,105.46455383300781,43.70537567138672,127.99935913085938,62.44753646850586
normal,C:\Users\Light\Videos\正常往返.mp4,1536,True,0.7177920937538147,105.46166229248047,43.70616149902344,128.00341796875,62.44850158691406
normal,C:\Users\Light\Videos\正常往返.mp4,1537,True,0.7145137190818787,99.16925811767578,43.85961151123047,125.2266845703125,62.677433013916016
normal,C:\Users\Light\Videos\正常往返.mp4,1538,True,0.7202245593070984,99.20858764648438,43.857078552246094,125.25833129882812,62.6821174621582
normal,C:\Users\Light\Videos\正常往返.mp4,1539,True,0.690148651599884,94.9968490600586,44.486839294433594,120.30479431152344,63.44939422607422
normal,C:\Users\Light\Videos\正常往返.mp4,1540,True,0.7016494274139404,91.74842834472656,44.25053405761719,116.72432708740234,63.39677047729492
normal,C:\Users\Light\Videos\正常往返.mp4,1541,True,0.7004539966583252,91.70684814453125,44.26613235473633,116.82654571533203,63.37198257446289
normal,C:\Users\Light\Videos\正常往返.mp4,1542,True,0.7547498345375061,86.7743911743164,43.53572082519531,111.5779037475586,62.84614562988281
normal,C:\Users\Light\Videos\正常往返.mp4,1543,True,0.7445579767227173,81.71906280517578,43.4300537109375,108.3620376586914,62.8015251159668
normal,C:\Users\Light\Videos\正常往返.mp4,1544,True,0.7459865212440491,81.56935119628906,43.43614959716797,108.48237609863281,62.794891357421875
normal,C:\Users\Light\Videos\正常往返.mp4,1545,True,0.7656770944595337,79.61227416992188,43.839935302734375,104.6962890625,63.1482048034668
normal,C:\Users\Light\Videos\正常往返.mp4,1546,True,0.7682659029960632,74.55648803710938,43.40214920043945,100.41622924804688,63.144351959228516
normal,C:\Users\Light\Videos\正常往返.mp4,1547,True,0.7425309419631958,72.3476333618164,43.17781448364258,95.54564666748047,63.20692443847656
normal,C:\Users\Light\Videos\正常往返.mp4,1548,True,0.7428353428840637,72.3412094116211,43.17667007446289,95.5489273071289,63.20851516723633
normal,C:\Users\Light\Videos\正常往返.mp4,1549,True,0.7395524978637695,69.49452209472656,43.285030364990234,93.4944076538086,63.18778610229492
normal,C:\Users\Light\Videos\正常往返.mp4,1550,True,0.7426413297653198,66.05107879638672,43.16017532348633,90.3697738647461,63.73921585083008
normal,C:\Users\Light\Videos\正常往返.mp4,1551,True,0.742435872554779,66.04898834228516,43.160377502441406,90.37349700927734,63.73905944824219
normal,C:\Users\Light\Videos\正常往返.mp4,1552,True,0.7567014098167419,62.63174819946289,42.64668655395508,87.59379577636719,62.52214431762695
normal,C:\Users\Light\Videos\正常往返.mp4,1553,True,0.7491574883460999,60.127784729003906,43.166046142578125,83.632080078125,62.998207092285156
normal,C:\Users\Light\Videos\正常往返.mp4,1554,True,0.7491166591644287,60.1273078918457,43.16739273071289,83.63184356689453,62.997894287109375
normal,C:\Users\Light\Videos\正常往返.mp4,1555,True,0.7658556699752808,57.76022720336914,43.29307556152344,82.4639663696289,63.0575065612793
normal,C:\Users\Light\Videos\正常往返.mp4,1556,True,0.7490205764770508,55.20808029174805,43.67695999145508,78.70213317871094,63.38020706176758
normal,C:\Users\Light\Videos\正常往返.mp4,1557,True,0.7496392726898193,55.219486236572266,43.683860778808594,78.70250701904297,63.3776969909668
normal,C:\Users\Light\Videos\正常往返.mp4,1558,True,0.808114230632782,52.68603515625,43.256343841552734,77.06615447998047,63.713687896728516
normal,C:\Users\Light\Videos\正常往返.mp4,1559,True,0.8087410926818848,52.66562271118164,43.27687072753906,77.08192443847656,63.73363494873047
normal,C:\Users\Light\Videos\正常往返.mp4,1560,True,0.7798320055007935,49.610103607177734,43.02117919921875,74.9712905883789,63.09708786010742
normal,C:\Users\Light\Videos\正常往返.mp4,1561,True,0.7610823512077332,48.922447204589844,43.71723175048828,72.39090728759766,63.70030975341797
normal,C:\Users\Light\Videos\正常往返.mp4,1562,True,0.7633014917373657,48.92059326171875,43.693363189697266,72.4039306640625,63.6817741394043
normal,C:\Users\Light\Videos\正常往返.mp4,1563,True,0.8435401320457458,47.0407829284668,43.20002365112305,71.06676483154297,63.518104553222656
normal,C:\Users\Light\Videos\正常往返.mp4,1564,True,0.7682580351829529,45.43657302856445,42.60778045654297,69.51122283935547,63.02483367919922
normal,C:\Users\Light\Videos\正常往返.mp4,1565,True,0.7668572068214417,45.469303131103516,42.61629867553711,69.47517395019531,63.02927017211914
normal,C:\Users\Light\Videos\正常往返.mp4,1566,True,0.8066919445991516,43.89795684814453,42.9296760559082,67.33251953125,63.26662826538086
normal,C:\Users\Light\Videos\正常往返.mp4,1567,True,0.7960976362228394,43.145851135253906,43.26219177246094,66.52869415283203,63.559791564941406
normal,C:\Users\Light\Videos\正常往返.mp4,1568,True,0.7970056533813477,43.14555740356445,43.25389862060547,66.52071380615234,63.54746627807617
normal,C:\Users\Light\Videos\正常往返.mp4,1569,True,0.8062068223953247,41.327510833740234,43.29751205444336,66.17937469482422,63.30721664428711
normal,C:\Users\Light\Videos\正常往返.mp4,1570,True,0.8365423679351807,41.06596374511719,43.13034439086914,65.01964569091797,63.427764892578125
normal,C:\Users\Light\Videos\正常往返.mp4,1571,True,0.8290824294090271,40.53087615966797,43.32761001586914,64.7748794555664,63.33229446411133
normal,C:\Users\Light\Videos\正常往返.mp4,1572,True,0.8283413052558899,40.52743148803711,43.32532501220703,64.77477264404297,63.333412170410156
normal,C:\Users\Light\Videos\正常往返.mp4,1573,True,0.7759012579917908,40.82830810546875,42.64919662475586,64.39839935302734,63.14652633666992
normal,C:\Users\Light\Videos\正常往返.mp4,1574,True,0.7735617160797119,40.5765380859375,42.70219802856445,64.16227722167969,63.23310089111328
normal,C:\Users\Light\Videos\正常往返.mp4,1575,True,0.7735767960548401,40.57723617553711,42.707061767578125,64.16060638427734,63.235050201416016
normal,C:\Users\Light\Videos\正常往返.mp4,1576,True,0.7732057571411133,40.550716400146484,42.6073112487793,64.0886459350586,63.071067810058594
normal,C:\Users\Light\Videos\正常往返.mp4,1577,True,0.7718213796615601,40.92311477661133,42.627323150634766,64.4243392944336,63.10820388793945
normal,C:\Users\Light\Videos\正常往返.mp4,1578,True,0.7720910310745239,40.9138069152832,42.62176513671875,64.42102813720703,63.106319427490234
normal,C:\Users\Light\Videos\正常往返.mp4,1579,True,0.7881357073783875,40.28937911987305,43.22371292114258,64.54495239257812,63.47411346435547
normal,C:\Users\Light\Videos\正常往返.mp4,1580,True,0.836878776550293,40.93207550048828,43.27947235107422,65.09552001953125,63.392311096191406
normal,C:\Users\Light\Videos\正常往返.mp4,1581,True,0.8385423421859741,40.904998779296875,43.27220916748047,65.09329986572266,63.381282806396484
normal,C:\Users\Light\Videos\正常往返.mp4,1582,True,0.8204457759857178,41.2716064453125,43.28662109375,65.13678741455078,63.25566864013672
normal,C:\Users\Light\Videos\正常往返.mp4,1583,True,0.82061767578125,41.26652145385742,43.29146194458008,65.12901306152344,63.25871658325195
normal,C:\Users\Light\Videos\正常往返.mp4,1584,True,0.7840404510498047,42.263710021972656,42.884517669677734,66.07402801513672,63.14594268798828
normal,C:\Users\Light\Videos\正常往返.mp4,1585,True,0.7814766764640808,43.23122787475586,43.47328567504883,66.68268585205078,63.53628158569336
normal,C:\Users\Light\Videos\正常往返.mp4,1586,True,0.7817317843437195,43.234710693359375,43.46676254272461,66.69004821777344,63.52814483642578
normal,C:\Users\Light\Videos\正常往返.mp4,1587,True,0.7873495221138,43.85254669189453,43.00242233276367,67.5190200805664,63.2361946105957
normal,C:\Users\Light\Videos\正常往返.mp4,1588,True,0.7629726529121399,46.027469635009766,43.10163879394531,68.7024154663086,63.000762939453125
normal,C:\Users\Light\Videos\正常往返.mp4,1589,True,0.7629899382591248,46.064884185791016,43.104148864746094,68.72980499267578,63.005332946777344
normal,C:\Users\Light\Videos\正常往返.mp4,1590,True,0.8361092209815979,46.75619888305664,43.40715026855469,71.16941833496094,63.79026794433594
normal,C:\Users\Light\Videos\正常往返.mp4,1591,True,0.7699549794197083,47.860679626464844,43.44013977050781,72.26595306396484,63.85337829589844
normal,C:\Users\Light\Videos\正常往返.mp4,1592,True,0.7705639600753784,47.83567428588867,43.46638107299805,72.2553482055664,63.86223220825195
normal,C:\Users\Light\Videos\正常往返.mp4,1593,True,0.770283579826355,49.80445098876953,43.02895736694336,73.37745666503906,63.3201904296875
normal,C:\Users\Light\Videos\正常往返.mp4,1594,True,0.7635106444358826,51.88517761230469,43.063514709472656,75.18785858154297,63.367794036865234
normal,C:\Users\Light\Videos\正常往返.mp4,1595,True,0.8147833943367004,52.14178466796875,43.4127082824707,77.42153930664062,63.851497650146484
normal,C:\Users\Light\Videos\正常往返.mp4,1596,True,0.8154833316802979,52.143516540527344,43.400604248046875,77.42991638183594,63.83249282836914
normal,C:\Users\Light\Videos\正常往返.mp4,1597,True,0.7464193105697632,54.44021987915039,43.55152130126953,79.4281005859375,63.34352111816406
normal,C:\Users\Light\Videos\正常往返.mp4,1598,True,0.7626541256904602,57.342708587646484,42.889984130859375,80.4743423461914,63.045631408691406
normal,C:\Users\Light\Videos\正常往返.mp4,1599,True,0.7627134323120117,57.3418083190918,42.89222717285156,80.47611999511719,63.046974182128906
normal,C:\Users\Light\Videos\正常往返.mp4,1600,True,0.7688535451889038,58.984100341796875,43.22108840942383,83.5038833618164,63.30752944946289
normal,C:\Users\Light\Videos\正常往返.mp4,1601,True,0.769569993019104,61.54216384887695,43.07243347167969,85.50296783447266,63.162506103515625
normal,C:\Users\Light\Videos\正常往返.mp4,1602,True,0.7697643637657166,61.54253387451172,43.07382583618164,85.50382995605469,63.15528869628906
normal,C:\Users\Light\Videos\正常往返.mp4,1603,True,0.8110424876213074,63.609004974365234,43.29518127441406,88.62232208251953,63.519989013671875
normal,C:\Users\Light\Videos\正常往返.mp4,1604,True,0.805438220500946,63.52190399169922,43.32113265991211,88.64447784423828,63.50766372680664
normal,C:\Users\Light\Videos\正常往返.mp4,1605,True,0.7437745928764343,67.2187728881836,42.5591926574707,90.40251922607422,63.71532440185547
normal,C:\Users\Light\Videos\正常往返.mp4,1606,True,0.7538162469863892,69.31070709228516,43.056297302246094,92.41240692138672,63.255958557128906
normal,C:\Users\Light\Videos\正常往返.mp4,1607,True,0.7538579702377319,69.30967712402344,43.047828674316406,92.41960144042969,63.254390716552734
normal,C:\Users\Light\Videos\正常往返.mp4,1608,True,0.7352532744407654,72.51618194580078,43.075862884521484,94.8615493774414,63.17364501953125
normal,C:\Users\Light\Videos\正常往返.mp4,1609,True,0.7450911998748779,75.32160949707031,43.264793395996094,98.33074951171875,63.48789596557617
normal,C:\Users\Light\Videos\正常往返.mp4,1610,True,0.7449380159378052,75.30609130859375,43.247982025146484,98.33636474609375,63.486507415771484
normal,C:\Users\Light\Videos\正常往返.mp4,1611,True,0.7343003153800964,77.06108856201172,42.865333557128906,102.22126770019531,63.2523078918457
normal,C:\Users\Light\Videos\正常往返.mp4,1612,True,0.7737364768981934,81.27488708496094,43.37864303588867,105.13492584228516,62.640342712402344
normal,C:\Users\Light\Videos\正常往返.mp4,1613,True,0.7746852040290833,81.27059173583984,43.362056732177734,105.16433715820312,62.62627029418945
normal,C:\Users\Light\Videos\正常往返.mp4,1614,True,0.7449900507926941,82.39944458007812,43.76577377319336,107.94969940185547,63.254234313964844
normal,C:\Users\Light\Videos\正常往返.mp4,1615,True,0.744748592376709,87.30186462402344,43.264076232910156,110.93206787109375,62.7372932434082
normal,C:\Users\Light\Videos\正常往返.mp4,1616,True,0.7447052597999573,87.316162109375,43.258358001708984,110.9338150024414,62.734493255615234
normal,C:\Users\Light\Videos\正常往返.mp4,1617,True,0.7124941349029541,88.8901138305664,44.11861801147461,113.90875244140625,62.95114517211914
normal,C:\Users\Light\Videos\正常往返.mp4,1618,True,0.7100623250007629,93.89682006835938,43.71310806274414,116.57504272460938,63.00802230834961
normal,C:\Users\Light\Videos\正常往返.mp4,1619,True,0.7131755352020264,95.62445831298828,43.89273452758789,121.42634582519531,63.05905532836914
normal,C:\Users\Light\Videos\正常往返.mp4,1620,True,0.71378493309021,95.64071655273438,43.88719940185547,121.4229736328125,63.053741455078125
normal,C:\Users\Light\Videos\正常往返.mp4,1621,True,0.7471374273300171,100.41632843017578,43.74502182006836,122.89262390136719,62.55271530151367
normal,C:\Users\Light\Videos\正常往返.mp4,1622,True,0.6965088844299316,102.97051239013672,44.33103561401367,126.23542022705078,63.182830810546875
normal,C:\Users\Light\Videos\正常往返.mp4,1623,True,0.6964065432548523,102.97407531738281,44.329219818115234,126.2309341430664,63.18437957763672
normal,C:\Users\Light\Videos\正常往返.mp4,1624,True,0.6728061437606812,106.27699279785156,43.72117614746094,128.4237518310547,63.41272735595703
normal,C:\Users\Light\Videos\正常往返.mp4,1625,True,0.7097769379615784,110.2911148071289,43.06813049316406,133.19288635253906,62.84318923950195
normal,C:\Users\Light\Videos\正常往返.mp4,1626,True,0.7099534869194031,110.28999328613281,43.07131576538086,133.1873321533203,62.84009552001953
normal,C:\Users\Light\Videos\正常往返.mp4,1627,True,0.6898938417434692,112.24906921386719,43.97101974487305,136.51565551757812,62.752891540527344
normal,C:\Users\Light\Videos\正常往返.mp4,1628,True,0.6907291412353516,112.2417221069336,43.95058059692383,136.50030517578125,62.728553771972656
normal,C:\Users\Light\Videos\正常往返.mp4,1629,True,0.6862930655479431,116.81121063232422,44.211402893066406,139.43136596679688,63.688880920410156
normal,C:\Users\Light\Videos\正常往返.mp4,1630,True,0.6759130358695984,119.30052185058594,43.41602325439453,141.87013244628906,63.48704528808594
normal,C:\Users\Light\Videos\正常往返.mp4,1631,True,0.6776998043060303,119.2986831665039,43.4415283203125,141.87217712402344,63.49466323852539
normal,C:\Users\Light\Videos\正常往返.mp4,1632,True,0.7283506989479065,123.47386932373047,43.01844787597656,145.2458038330078,62.317081451416016
normal,C:\Users\Light\Videos\正常往返.mp4,1633,True,0.6979053616523743,125.80256652832031,42.535884857177734,148.42819213867188,62.7993278503418
normal,C:\Users\Light\Videos\正常往返.mp4,1634,True,0.6973294019699097,125.79818725585938,42.5444450378418,148.42019653320312,62.80771255493164
normal,C:\Users\Light\Videos\正常往返.mp4,1635,True,0.6915782690048218,128.48233032226562,42.972076416015625,151.5726776123047,63.65286636352539
normal,C:\Users\Light\Videos\正常往返.mp4,1636,True,0.7056564688682556,130.60984802246094,42.467979431152344,153.43795776367188,63.24029541015625
normal,C:\Users\Light\Videos\正常往返.mp4,1637,True,0.7054302096366882,130.60910034179688,42.458858489990234,153.4398651123047,63.239105224609375
normal,C:\Users\Light\Videos\正常往返.mp4,1638,True,0.7836976051330566,134.2460479736328,42.24393081665039,156.41580200195312,62.46721649169922
normal,C:\Users\Light\Videos\正常往返.mp4,1639,True,0.7827596068382263,134.25486755371094,42.24619674682617,156.4131622314453,62.45423889160156
normal,C:\Users\Light\Videos\正常往返.mp4,1640,True,0.7940849661827087,136.6726531982422,43.589420318603516,159.35768127441406,63.099483489990234
normal,C:\Users\Light\Videos\正常往返.mp4,1641,True,0.746587336063385,140.3027801513672,43.52456283569336,161.9650421142578,63.0744743347168
normal,C:\Users\Light\Videos\正常往返.mp4,1642,True,0.7472652792930603,140.3004608154297,43.53839111328125,161.98641967773438,63.093502044677734
normal,C:\Users\Light\Videos\正常往返.mp4,1643,True,0.8281794786453247,142.4985809326172,41.90168762207031,165.01528930664062,62.59964370727539
normal,C:\Users\Light\Videos\正常往返.mp4,1644,True,0.7678794860839844,144.62091064453125,41.27995300292969,166.8617706298828,62.02317810058594
normal,C:\Users\Light\Videos\正常往返.mp4,1645,True,0.7826970219612122,146.60520935058594,43.054168701171875,169.70985412597656,63.837738037109375
normal,C:\Users\Light\Videos\正常往返.mp4,1646,True,0.8223879933357239,148.25119018554688,42.93128967285156,170.87890625,63.296836853027344
normal,C:\Users\Light\Videos\正常往返.mp4,1647,True,0.8225439786911011,148.27462768554688,42.94318771362305,170.8683624267578,63.302734375
normal,C:\Users\Light\Videos\正常往返.mp4,1648,True,0.795920193195343,150.2534637451172,41.47069549560547,173.104248046875,62.17869186401367
normal,C:\Users\Light\Videos\正常往返.mp4,1649,True,0.7965728044509888,150.26670837402344,41.477352142333984,173.1022491455078,62.178443908691406
normal,C:\Users\Light\Videos\正常往返.mp4,1650,True,0.7970069646835327,151.90994262695312,41.589385986328125,174.22665405273438,62.330955505371094
normal,C:\Users\Light\Videos\正常往返.mp4,1651,True,0.8500093221664429,153.18333435058594,42.4088134765625,176.3542938232422,63.440250396728516
normal,C:\Users\Light\Videos\正常往返.mp4,1652,True,0.8499137163162231,153.17555236816406,42.406864166259766,176.35377502441406,63.45273208618164
normal,C:\Users\Light\Videos\正常往返.mp4,1653,True,0.8047561645507812,154.20108032226562,41.43293380737305,177.1288604736328,62.50914764404297
normal,C:\Users\Light\Videos\正常往返.mp4,1654,True,0.7811685800552368,155.17739868164062,41.71672821044922,177.5514373779297,62.245208740234375
normal,C:\Users\Light\Videos\正常往返.mp4,1655,True,0.7814205884933472,155.18466186523438,41.71966552734375,177.5478515625,62.241554260253906
normal,C:\Users\Light\Videos\正常往返.mp4,1656,True,0.8029047250747681,156.3817138671875,41.6287841796875,178.52969360351562,62.18550491333008
normal,C:\Users\Light\Videos\正常往返.mp4,1657,True,0.7871508598327637,157.04774475097656,41.60057067871094,178.96511840820312,62.00332260131836
normal,C:\Users\Light\Videos\正常往返.mp4,1658,True,0.7859340906143188,157.07791137695312,41.5988883972168,178.96034240722656,61.9742546081543
normal,C:\Users\Light\Videos\正常往返.mp4,1659,True,0.7530912160873413,157.23130798339844,41.41950988769531,179.3624725341797,61.988372802734375
normal,C:\Users\Light\Videos\正常往返.mp4,1660,True,0.814799427986145,157.75332641601562,42.03642654418945,179.03330993652344,61.968406677246094
normal,C:\Users\Light\Videos\正常往返.mp4,1661,True,0.8146774768829346,157.74668884277344,42.0278205871582,179.03701782226562,61.971858978271484
normal,C:\Users\Light\Videos\正常往返.mp4,1662,True,0.8083914518356323,157.32553100585938,41.76087951660156,178.9508819580078,61.999446868896484
normal,C:\Users\Light\Videos\正常往返.mp4,1663,True,0.8085670471191406,157.3253631591797,41.76179885864258,178.9500732421875,61.99911117553711
normal,C:\Users\Light\Videos\正常往返.mp4,1664,True,0.7552452087402344,157.06980895996094,41.48255157470703,179.1873016357422,62.09256362915039
normal,C:\Users\Light\Videos\正常往返.mp4,1665,True,0.7851995229721069,156.80972290039062,41.476322174072266,178.6535186767578,61.98355484008789
normal,C:\Users\Light\Videos\正常往返.mp4,1666,True,0.7858237028121948,156.8003692626953,41.477821350097656,178.6508331298828,61.98707580566406
normal,C:\Users\Light\Videos\正常往返.mp4,1667,True,0.7758581638336182,155.1685791015625,41.96314239501953,177.5388946533203,62.454193115234375
normal,C:\Users\Light\Videos\正常往返.mp4,1668,True,0.7756456732749939,155.1660614013672,41.96854019165039,177.5393524169922,62.46040344238281
normal,C:\Users\Light\Videos\正常往返.mp4,1669,True,0.8169231414794922,154.18174743652344,41.81235885620117,176.975341796875,62.704036712646484
normal,C:\Users\Light\Videos\正常往返.mp4,1670,True,0.8603838086128235,153.26576232910156,42.21183776855469,176.55845642089844,63.084110260009766
normal,C:\Users\Light\Videos\正常往返.mp4,1671,True,0.8598814010620117,153.2549285888672,42.21858596801758,176.5642852783203,63.103763580322266
normal,C:\Users\Light\Videos\正常往返.mp4,1672,True,0.8123112320899963,152.25418090820312,41.88270568847656,175.4315643310547,62.518043518066406
normal,C:\Users\Light\Videos\正常往返.mp4,1673,True,0.8101743459701538,152.2299041748047,41.882572174072266,175.425048828125,62.51925277709961
normal,C:\Users\Light\Videos\正常往返.mp4,1674,True,0.7709662318229675,150.58285522460938,41.45738220214844,173.4764404296875,61.99079513549805
normal,C:\Users\Light\Videos\正常往返.mp4,1675,True,0.8083177804946899,150.03289794921875,41.692726135253906,172.5779571533203,62.3447380065918
normal,C:\Users\Light\Videos\正常往返.mp4,1676,True,0.8077008724212646,150.03018188476562,41.68940734863281,172.59872436523438,62.35222244262695
normal,C:\Users\Light\Videos\正常往返.mp4,1677,True,0.836593747138977,148.16307067871094,41.637123107910156,171.0235595703125,62.45753479003906
normal,C:\Users\Light\Videos\正常往返.mp4,1678,True,0.8712247610092163,147.18304443359375,42.164485931396484,170.34170532226562,62.73003387451172
normal,C:\Users\Light\Videos\正常往返.mp4,1679,True,0.8728218674659729,147.23464965820312,42.161659240722656,170.3541717529297,62.71057891845703
normal,C:\Users\Light\Videos\正常往返.mp4,1680,True,0.8176431655883789,146.5226593017578,42.27788543701172,167.7569580078125,62.02873611450195
normal,C:\Users\Light\Videos\正常往返.mp4,1681,True,0.7860277891159058,144.788818359375,41.937862396240234,166.5725555419922,62.154869079589844
normal,C:\Users\Light\Videos\正常往返.mp4,1682,True,0.7862065434455872,144.8012237548828,41.94048309326172,166.57972717285156,62.149017333984375
normal,C:\Users\Light\Videos\正常往返.mp4,1683,True,0.7690985202789307,143.43313598632812,42.08418273925781,165.9174346923828,62.82521438598633
normal,C:\Users\Light\Videos\正常往返.mp4,1684,True,0.7692893743515015,143.4351806640625,42.084991455078125,165.919921875,62.82714080810547
normal,C:\Users\Light\Videos\正常往返.mp4,1685,True,0.8288125991821289,142.40090942382812,42.025936126708984,164.73936462402344,62.551998138427734
normal,C:\Users\Light\Videos\正常往返.mp4,1686,True,0.7949140667915344,140.9347686767578,42.615848541259766,164.17904663085938,63.275569915771484
normal,C:\Users\Light\Videos\正常往返.mp4,1687,True,0.791780412197113,140.9239501953125,42.61920928955078,164.18807983398438,63.300716400146484
normal,C:\Users\Light\Videos\正常往返.mp4,1688,True,0.7891054749488831,140.8634490966797,42.92987823486328,162.67193603515625,63.047245025634766
normal,C:\Users\Light\Videos\正常往返.mp4,1689,True,0.7985354661941528,140.32481384277344,42.4524040222168,161.97177124023438,62.45475387573242
normal,C:\Users\Light\Videos\正常往返.mp4,1690,True,0.7970708608627319,140.32284545898438,42.43617630004883,161.98605346679688,62.45892333984375
normal,C:\Users\Light\Videos\正常往返.mp4,1691,True,0.8044757843017578,139.23245239257812,42.679542541503906,161.4036865234375,62.86427688598633
normal,C:\Users\Light\Videos\正常往返.mp4,1692,True,0.7951772212982178,139.12481689453125,42.65764617919922,161.25857543945312,62.86407470703125
normal,C:\Users\Light\Videos\正常往返.mp4,1693,True,0.801044762134552,138.97499084472656,42.17192459106445,161.33090209960938,62.60506820678711
normal,C:\Users\Light\Videos\正常往返.mp4,1694,True,0.8009011149406433,138.97633361816406,42.167869567871094,161.3283233642578,62.597694396972656
normal,C:\Users\Light\Videos\正常往返.mp4,1695,True,0.7954363226890564,139.05307006835938,42.553565979003906,161.22828674316406,62.79814147949219
normal,C:\Users\Light\Videos\正常往返.mp4,1696,True,0.8110731840133667,139.4846649169922,42.670265197753906,161.60438537597656,62.87472152709961
normal,C:\Users\Light\Videos\正常往返.mp4,1697,True,0.8111491203308105,139.4917755126953,42.67662811279297,161.5998992919922,62.86867141723633
normal,C:\Users\Light\Videos\正常往返.mp4,1698,True,0.7866843938827515,140.02037048339844,42.549869537353516,161.86856079101562,62.66118621826172
normal,C:\Users\Light\Videos\正常往返.mp4,1699,True,0.7886825799942017,140.6988525390625,42.79022979736328,162.47537231445312,62.82261276245117
normal,C:\Users\Light\Videos\正常往返.mp4,1700,True,0.7885168790817261,140.7017059326172,42.79451370239258,162.4739990234375,62.8222770690918
normal,C:\Users\Light\Videos\正常往返.mp4,1701,True,0.7813176512718201,141.3895263671875,42.67685317993164,163.3311309814453,62.597896575927734
normal,C:\Users\Light\Videos\正常往返.mp4,1702,True,0.8250418305397034,142.3328094482422,42.21811294555664,164.5841827392578,62.690792083740234
normal,C:\Users\Light\Videos\正常往返.mp4,1703,True,0.8253127932548523,142.32589721679688,42.21242141723633,164.5859375,62.69267272949219
normal,C:\Users\Light\Videos\正常往返.mp4,1704,True,0.7742782831192017,142.86672973632812,42.833797454833984,165.05177307128906,63.23162078857422
normal,C:\Users\Light\Videos\正常往返.mp4,1705,True,0.7491331696510315,144.227294921875,42.72904968261719,166.18609619140625,62.996795654296875
normal,C:\Users\Light\Videos\正常往返.mp4,1706,True,0.7495126128196716,144.2302703857422,42.73182678222656,166.18321228027344,62.99388122558594
normal,C:\Users\Light\Videos\正常往返.mp4,1707,True,0.7921804785728455,145.40933227539062,41.99742889404297,166.9188690185547,61.9592170715332
normal,C:\Users\Light\Videos\正常往返.mp4,1708,True,0.79088294506073,145.40260314941406,42.005184173583984,166.91342163085938,61.96535873413086
normal,C:\Users\Light\Videos\正常往返.mp4,1709,True,0.7819293141365051,147.13658142089844,42.859371185302734,168.95518493652344,62.76414489746094
normal,C:\Users\Light\Videos\正常往返.mp4,1710,True,0.8409439921379089,148.443359375,42.85116958618164,170.49229431152344,63.1090087890625
normal,C:\Users\Light\Videos\正常往返.mp4,1711,True,0.8405678868293762,148.44566345214844,42.854820251464844,170.48814392089844,63.10719299316406
normal,C:\Users\Light\Videos\正常往返.mp4,1712,True,0.7994604706764221,149.76612854003906,42.187591552734375,171.98403930664062,62.560489654541016
normal,C:\Users\Light\Videos\正常往返.mp4,1713,True,0.8029789328575134,151.4219512939453,41.95247268676758,173.62750244140625,62.622100830078125
normal,C:\Users\Light\Videos\正常往返.mp4,1714,True,0.8029757738113403,151.42198181152344,41.952877044677734,173.62680053710938,62.621429443359375
normal,C:\Users\Light\Videos\正常往返.mp4,1715,True,0.7660259008407593,155.4365692138672,42.28680419921875,177.579345703125,62.61058044433594
normal,C:\Users\Light\Videos\正常往返.mp4,1716,True,0.7662584185600281,155.42630004882812,42.28019332885742,177.57875061035156,62.61280059814453
normal,C:\Users\Light\Videos\正常往返.mp4,1717,True,0.8209659457206726,157.89315795898438,42.58196258544922,179.62088012695312,62.623714447021484
normal,C:\Users\Light\Videos\正常往返.mp4,1718,True,0.8203125,157.89456176757812,42.577232360839844,179.6295623779297,62.629249572753906
normal,C:\Users\Light\Videos\正常往返.mp4,1719,True,0.8301763534545898,159.45188903808594,42.685569763183594,182.2753143310547,63.10029220581055
normal,C:\Users\Light\Videos\正常往返.mp4,1720,True,0.8009657859802246,162.60426330566406,42.19303512573242,184.988037109375,62.71533203125
normal,C:\Users\Light\Videos\正常往返.mp4,1721,True,0.7999109029769897,162.6148681640625,42.20112609863281,184.98562622070312,62.7097053527832
normal,C:\Users\Light\Videos\正常往返.mp4,1722,True,0.8334745764732361,164.90328979492188,42.544803619384766,187.86180114746094,63.15033721923828
normal,C:\Users\Light\Videos\正常往返.mp4,1723,True,0.7707452774047852,167.41331481933594,42.00751495361328,190.23907470703125,62.86992645263672
normal,C:\Users\Light\Videos\正常往返.mp4,1724,True,0.7707405090332031,167.40574645996094,41.998504638671875,190.2427978515625,62.874183654785156
normal,C:\Users\Light\Videos\正常往返.mp4,1725,True,0.7930390238761902,170.41578674316406,42.50121307373047,192.9193572998047,63.106117248535156
normal,C:\Users\Light\Videos\正常往返.mp4,1726,True,0.7867889404296875,173.11383056640625,41.93225860595703,195.75184631347656,62.45150375366211
normal,C:\Users\Light\Videos\正常往返.mp4,1727,True,0.7863542437553406,173.1073760986328,41.928157806396484,195.7552490234375,62.458251953125
normal,C:\Users\Light\Videos\正常往返.mp4,1728,True,0.8011344075202942,175.8440704345703,42.10932922363281,198.54234313964844,63.03368377685547
normal,C:\Users\Light\Videos\正常往返.mp4,1729,True,0.8015215396881104,175.84732055664062,42.11334228515625,198.53941345214844,63.031063079833984
normal,C:\Users\Light\Videos\正常往返.mp4,1730,True,0.796092689037323,178.33668518066406,42.06280517578125,201.15972900390625,62.61369705200195
normal,C:\Users\Light\Videos\正常往返.mp4,1731,True,0.8036457896232605,181.2180938720703,41.83064651489258,203.51084899902344,62.41569137573242
normal,C:\Users\Light\Videos\正常往返.mp4,1732,True,0.803615927696228,181.2249298095703,41.827640533447266,203.51950073242188,62.414031982421875
normal,C:\Users\Light\Videos\正常往返.mp4,1733,True,0.8200471997261047,181.99365234375,42.11114501953125,206.30499267578125,63.58103561401367
normal,C:\Users\Light\Videos\正常往返.mp4,1734,True,0.7720464468002319,185.57522583007812,41.497745513916016,209.00291442871094,62.77337646484375
normal,C:\Users\Light\Videos\正常往返.mp4,1735,True,0.7718366980552673,185.5760040283203,41.49738693237305,208.98614501953125,62.76405334472656
normal,C:\Users\Light\Videos\正常往返.mp4,1736,True,0.8258124589920044,187.82106018066406,41.518611907958984,211.16970825195312,62.34709167480469
normal,C:\Users\Light\Videos\正常往返.mp4,1737,True,0.8007332682609558,190.1919708251953,40.98786544799805,213.19129943847656,61.911502838134766
normal,C:\Users\Light\Videos\正常往返.mp4,1738,True,0.8009008765220642,190.19058227539062,40.97567367553711,213.1945343017578,61.911415100097656
normal,C:\Users\Light\Videos\正常往返.mp4,1739,True,0.7654159069061279,191.99325561523438,41.35810089111328,214.66749572753906,62.153995513916016
normal,C:\Users\Light\Videos\正常往返.mp4,1740,True,0.795724630355835,193.31460571289062,40.70117950439453,216.64056396484375,61.68205642700195
normal,C:\Users\Light\Videos\正常往返.mp4,1741,True,0.8069987893104553,194.41822814941406,40.658172607421875,217.71868896484375,61.90892791748047
normal,C:\Users\Light\Videos\正常往返.mp4,1742,True,0.8059045076370239,194.4051055908203,40.659000396728516,217.7237091064453,61.895233154296875
normal,C:\Users\Light\Videos\正常往返.mp4,1743,True,0.8146712183952332,195.50157165527344,40.582603454589844,218.92112731933594,61.76589584350586
normal,C:\Users\Light\Videos\正常往返.mp4,1744,True,0.8014423847198486,196.2917938232422,40.67838668823242,219.7479248046875,61.921207427978516
normal,C:\Users\Light\Videos\正常往返.mp4,1745,True,0.8017703294754028,196.29458618164062,40.67587661743164,219.7462158203125,61.9177131652832
normal,C:\Users\Light\Videos\正常往返.mp4,1746,True,0.8025903105735779,196.2740478515625,40.76516342163086,219.73703002929688,61.98006057739258
normal,C:\Users\Light\Videos\正常往返.mp4,1747,True,0.7848713397979736,196.13626098632812,40.7577018737793,219.7775421142578,61.944087982177734
normal,C:\Users\Light\Videos\正常往返.mp4,1748,True,0.7848202586174011,196.1354217529297,40.75454330444336,219.77346801757812,61.939361572265625
normal,C:\Users\Light\Videos\正常往返.mp4,1749,True,0.8072460889816284,195.946533203125,40.824039459228516,219.26571655273438,61.921051025390625
normal,C:\Users\Light\Videos\正常往返.mp4,1750,True,0.8072330951690674,195.09085083007812,40.310909271240234,218.4238739013672,61.760406494140625
normal,C:\Users\Light\Videos\正常往返.mp4,1751,True,0.8071569800376892,195.09071350097656,40.31034851074219,218.42405700683594,61.760833740234375
normal,C:\Users\Light\Videos\正常往返.mp4,1752,True,0.8177588582038879,194.27870178222656,40.85935974121094,217.32818603515625,61.95552062988281
normal,C:\Users\Light\Videos\正常往返.mp4,1753,True,0.8172662854194641,194.2720184326172,40.86030197143555,217.3177947998047,61.952247619628906
normal,C:\Users\Light\Videos\正常往返.mp4,1754,True,0.7992352247238159,193.39926147460938,40.82224655151367,216.07357788085938,61.66847610473633
normal,C:\Users\Light\Videos\正常往返.mp4,1755,True,0.7684696316719055,191.99021911621094,41.38501739501953,214.45709228515625,62.130619049072266
normal,C:\Users\Light\Videos\正常往返.mp4,1756,True,0.768826425075531,191.9814910888672,41.38528823852539,214.4566650390625,62.1359977722168
normal,C:\Users\Light\Videos\正常往返.mp4,1757,True,0.7922073006629944,189.94493103027344,41.58382797241211,212.53314208984375,62.309661865234375
normal,C:\Users\Light\Videos\正常往返.mp4,1758,True,0.8219957947731018,188.3099365234375,41.34003829956055,211.48878479003906,62.25461959838867
normal,C:\Users\Light\Videos\正常往返.mp4,1759,True,0.8220506310462952,188.3086700439453,41.338134765625,211.4891815185547,62.25518035888672
normal,C:\Users\Light\Videos\正常往返.mp4,1760,True,0.7872754335403442,186.0558624267578,40.66926574707031,209.11703491210938,62.029296875
normal,C:\Users\Light\Videos\正常往返.mp4,1761,True,0.8087865114212036,183.72039794921875,40.7014045715332,206.9125213623047,61.98626708984375
normal,C:\Users\Light\Videos\正常往返.mp4,1762,True,0.8082930445671082,183.71624755859375,40.70196533203125,206.9086456298828,61.988712310791016
normal,C:\Users\Light\Videos\正常往返.mp4,1763,True,0.7954692244529724,181.14971923828125,40.78129959106445,204.14227294921875,61.75876998901367
normal,C:\Users\Light\Videos\正常往返.mp4,1764,True,0.8141154050827026,178.07852172851562,40.65705108642578,201.74961853027344,61.94218444824219
normal,C:\Users\Light\Videos\正常往返.mp4,1765,True,0.8317868709564209,174.966796875,41.12152862548828,197.92672729492188,62.11432647705078
normal,C:\Users\Light\Videos\正常往返.mp4,1766,True,0.8313465714454651,174.96075439453125,41.11292266845703,197.92572021484375,62.108497619628906
normal,C:\Users\Light\Videos\正常往返.mp4,1767,True,0.7972756624221802,171.9883575439453,41.18510818481445,195.1177215576172,62.41425704956055
normal,C:\Users\Light\Videos\正常往返.mp4,1768,True,0.8202587962150574,169.46121215820312,41.62067413330078,191.7880096435547,62.27680969238281
normal,C:\Users\Light\Videos\正常往返.mp4,1769,True,0.8200941681861877,169.4641571044922,41.61981964111328,191.790283203125,62.276092529296875
normal,C:\Users\Light\Videos\正常往返.mp4,1770,True,0.804153561592102,166.40402221679688,42.11378860473633,189.38780212402344,62.9461669921875
normal,C:\Users\Light\Videos\正常往返.mp4,1771,True,0.7937338948249817,163.60446166992188,42.52539825439453,185.98736572265625,63.07960510253906
normal,C:\Users\Light\Videos\正常往返.mp4,1772,True,0.792942464351654,163.60662841796875,42.52604675292969,185.99020385742188,63.082496643066406
normal,C:\Users\Light\Videos\正常往返.mp4,1773,True,0.7873262763023376,160.16258239746094,42.72636032104492,182.72596740722656,63.075233459472656
normal,C:\Users\Light\Videos\正常往返.mp4,1774,True,0.7870293259620667,160.17645263671875,42.721317291259766,182.69915771484375,63.068668365478516
normal,C:\Users\Light\Videos\正常往返.mp4,1775,True,0.7575763463973999,158.15313720703125,42.78182601928711,180.5741424560547,63.29578399658203
normal,C:\Users\Light\Videos\正常往返.mp4,1776,True,0.7574758529663086,155.2609405517578,42.85573959350586,177.27401733398438,63.06754684448242
normal,C:\Users\Light\Videos\正常往返.mp4,1777,True,0.7573555707931519,155.2606964111328,42.86132049560547,177.27243041992188,63.072410583496094
normal,C:\Users\Light\Videos\正常往返.mp4,1778,True,0.7673478722572327,152.6525421142578,42.79410934448242,175.0701141357422,62.89677429199219
normal,C:\Users\Light\Videos\正常往返.mp4,1779,True,0.764895498752594,150.03054809570312,42.59742736816406,172.87435913085938,62.958763122558594
normal,C:\Users\Light\Videos\正常往返.mp4,1780,True,0.7643200755119324,150.0203399658203,42.58646774291992,172.87852478027344,62.95726013183594
normal,C:\Users\Light\Videos\正常往返.mp4,1781,True,0.827181875705719,148.4296417236328,42.963741302490234,170.3736114501953,63.119384765625
normal,C:\Users\Light\Videos\正常往返.mp4,1782,True,0.7717536687850952,147.14346313476562,43.20130157470703,168.5253143310547,62.80889892578125
normal,C:\Users\Light\Videos\正常往返.mp4,1783,True,0.7719055414199829,147.14291381835938,43.20219802856445,168.52235412597656,62.80683517456055
normal,C:\Users\Light\Videos\正常往返.mp4,1784,True,0.7530397176742554,145.19688415527344,42.938594818115234,166.6378173828125,62.601505279541016
normal,C:\Users\Light\Videos\正常往返.mp4,1785,True,0.7540856599807739,145.19830322265625,42.94556427001953,166.64111328125,62.59816360473633
normal,C:\Users\Light\Videos\正常往返.mp4,1786,True,0.7437445521354675,143.85708618164062,43.411563873291016,165.57717895507812,63.02059555053711
normal,C:\Users\Light\Videos\正常往返.mp4,1787,True,0.7896841168403625,143.03128051757812,43.42660140991211,164.858154296875,63.236576080322266
normal,C:\Users\Light\Videos\正常往返.mp4,1788,True,0.7932247519493103,142.56881713867188,43.85438919067383,164.3628387451172,63.513580322265625
normal,C:\Users\Light\Videos\正常往返.mp4,1789,True,0.7961416840553284,142.33615112304688,43.310489654541016,164.09463500976562,63.06680679321289
normal,C:\Users\Light\Videos\正常往返.mp4,1790,True,0.7962279319763184,142.34083557128906,43.314029693603516,164.09230041503906,63.062416076660156
normal,C:\Users\Light\Videos\正常往返.mp4,1791,True,0.7715569138526917,142.13633728027344,43.39932632446289,163.9995880126953,63.2304573059082
normal,C:\Users\Light\Videos\正常往返.mp4,1792,True,0.7922367453575134,142.34852600097656,43.48106002807617,164.05865478515625,63.16355895996094
normal,C:\Users\Light\Videos\正常往返.mp4,1793,True,0.7908408045768738,142.3518829345703,43.49134826660156,164.05870056152344,63.17545700073242
normal,C:\Users\Light\Videos\正常往返.mp4,1794,True,0.80454021692276,142.5286865234375,43.17156219482422,164.2027587890625,62.945945739746094
normal,C:\Users\Light\Videos\正常往返.mp4,1795,True,0.7976827621459961,142.63356018066406,42.91201400756836,164.87677001953125,63.20920944213867
normal,C:\Users\Light\Videos\正常往返.mp4,1796,True,0.795136570930481,142.6282501220703,42.92622375488281,164.86801147460938,63.22256851196289
normal,C:\Users\Light\Videos\正常往返.mp4,1797,True,0.759518563747406,143.38819885253906,43.24565124511719,165.04928588867188,62.982879638671875
normal,C:\Users\Light\Videos\正常往返.mp4,1798,True,0.759493350982666,143.3791046142578,43.2326545715332,165.05149841308594,62.98359680175781
normal,C:\Users\Light\Videos\正常往返.mp4,1799,True,0.7793684005737305,144.3466033935547,42.89433288574219,165.9945068359375,62.554508209228516
normal,C:\Users\Light\Videos\正常往返.mp4,1800,True,0.7757172584533691,145.8028106689453,43.0697021484375,167.0072784423828,62.51911926269531
normal,C:\Users\Light\Videos\正常往返.mp4,1801,True,0.7802659869194031,145.7926788330078,43.0504264831543,167.02394104003906,62.512664794921875
normal,C:\Users\Light\Videos\正常往返.mp4,1802,True,0.7835676670074463,147.05087280273438,43.36741256713867,168.36306762695312,62.82759094238281
normal,C:\Users\Light\Videos\正常往返.mp4,1803,True,0.8213225603103638,147.94078063964844,42.72122573852539,170.19219970703125,63.1493034362793
normal,C:\Users\Light\Videos\正常往返.mp4,1804,True,0.8216264247894287,147.9434051513672,42.71107482910156,170.1997528076172,63.14296340942383
normal,C:\Users\Light\Videos\正常往返.mp4,1805,True,0.7873157262802124,149.47096252441406,43.621334075927734,171.04542541503906,63.25416564941406
normal,C:\Users\Light\Videos\正常往返.mp4,1806,True,0.780138373374939,151.3546600341797,43.47352981567383,173.3308868408203,63.51156234741211
normal,C:\Users\Light\Videos\正常往返.mp4,1807,True,0.7805614471435547,151.35287475585938,43.47312927246094,173.3236541748047,63.50389862060547
normal,C:\Users\Light\Videos\正常往返.mp4,1808,True,0.7753372192382812,152.89749145507812,42.90827178955078,175.444580078125,63.14697265625
normal,C:\Users\Light\Videos\正常往返.mp4,1809,True,0.7771551609039307,153.2021942138672,43.082454681396484,175.61410522460938,63.6172981262207
normal,C:\Users\Light\Videos\正常往返.mp4,1810,True,0.7833587527275085,157.79959106445312,43.31425476074219,179.5402374267578,63.204322814941406
normal,C:\Users\Light\Videos\正常往返.mp4,1811,True,0.7827901840209961,157.792236328125,43.29408264160156,179.52590942382812,63.18218231201172
normal,C:\Users\Light\Videos\正常往返.mp4,1812,True,0.801476776599884,159.21983337402344,42.99617004394531,182.37979125976562,63.662750244140625
normal,C:\Users\Light\Videos\正常往返.mp4,1813,True,0.8030924797058105,162.7494354248047,43.242515563964844,184.9154052734375,63.20869445800781
normal,C:\Users\Light\Videos\正常往返.mp4,1814,True,0.8031876087188721,162.75259399414062,43.2419319152832,184.9137420654297,63.21967697143555
normal,C:\Users\Light\Videos\正常往返.mp4,1815,True,0.7927447557449341,164.88748168945312,43.0767822265625,187.65350341796875,63.347129821777344
normal,C:\Users\Light\Videos\正常往返.mp4,1816,True,0.7992570996284485,168.4497528076172,42.72371292114258,190.57119750976562,62.911048889160156
normal,C:\Users\Light\Videos\正常往返.mp4,1817,True,0.7995720505714417,168.4446563720703,42.7223014831543,190.57211303710938,62.91385269165039
normal,C:\Users\Light\Videos\正常往返.mp4,1818,True,0.7810279726982117,170.69009399414062,43.13191604614258,193.9323272705078,63.96796798706055
normal,C:\Users\Light\Videos\正常往返.mp4,1819,True,0.7834215760231018,170.67628479003906,43.13473892211914,193.92706298828125,63.965816497802734
normal,C:\Users\Light\Videos\正常往返.mp4,1820,True,0.8140164017677307,174.1789093017578,42.5018424987793,196.80081176757812,63.123687744140625
normal,C:\Users\Light\Videos\正常往返.mp4,1821,True,0.785048246383667,176.5916290283203,42.814056396484375,199.52093505859375,63.31613540649414
normal,C:\Users\Light\Videos\正常往返.mp4,1822,True,0.7851182222366333,176.59426879882812,42.814056396484375,199.52296447753906,63.31357955932617
normal,C:\Users\Light\Videos\正常往返.mp4,1823,True,0.8119347095489502,180.35940551757812,42.55625534057617,202.94027709960938,63.21270751953125
normal,C:\Users\Light\Videos\正常往返.mp4,1824,True,0.8043667674064636,182.21035766601562,42.470062255859375,206.32594299316406,63.76142501831055
normal,C:\Users\Light\Videos\正常往返.mp4,1825,True,0.8008918166160583,182.1923065185547,42.5007438659668,206.32264709472656,63.806182861328125
normal,C:\Users\Light\Videos\正常往返.mp4,1826,True,0.8007627725601196,185.85369873046875,42.27665328979492,209.7271728515625,63.53193283081055
normal,C:\Users\Light\Videos\正常往返.mp4,1827,True,0.8032169342041016,188.12716674804688,41.95612716674805,212.30104064941406,63.42749786376953
normal,C:\Users\Light\Videos\正常往返.mp4,1828,True,0.8031867742538452,188.12840270996094,41.95576858520508,212.29957580566406,63.42704772949219
normal,C:\Users\Light\Videos\正常往返.mp4,1829,True,0.7929202318191528,192.4777069091797,41.91493225097656,215.19935607910156,62.91606903076172
normal,C:\Users\Light\Videos\正常往返.mp4,1830,True,0.7934154272079468,192.46029663085938,41.92286682128906,215.19638061523438,62.916786193847656
normal,C:\Users\Light\Videos\正常往返.mp4,1831,True,0.8510681390762329,194.36634826660156,41.46612548828125,218.42385864257812,62.60715103149414
normal,C:\Users\Light\Videos\正常往返.mp4,1832,True,0.793081521987915,197.65841674804688,40.72892379760742,221.29248046875,61.90885925292969
normal,C:\Users\Light\Videos\正常往返.mp4,1833,True,0.7929955124855042,197.65260314941406,40.7323112487793,221.33023071289062,61.92197036743164
normal,C:\Users\Light\Videos\正常往返.mp4,1834,True,0.7993104457855225,199.900390625,41.23163604736328,223.7686004638672,62.251953125
normal,C:\Users\Light\Videos\正常往返.mp4,1835,True,0.759580671787262,202.94171142578125,41.54597473144531,225.37278747558594,62.1403923034668
normal,C:\Users\Light\Videos\正常往返.mp4,1836,True,0.7731541395187378,204.84262084960938,40.58497619628906,227.55450439453125,61.52735137939453
normal,C:\Users\Light\Videos\正常往返.mp4,1837,True,0.8163402676582336,206.1154327392578,41.66645812988281,229.8507080078125,62.57288360595703
normal,C:\Users\Light\Videos\正常往返.mp4,1838,True,0.816222608089447,206.11166381835938,41.6619758605957,229.85205078125,62.57413864135742
normal,C:\Users\Light\Videos\正常往返.mp4,1839,True,0.772648274898529,208.37966918945312,41.509178161621094,231.8607635498047,62.52210235595703
normal,C:\Users\Light\Videos\正常往返.mp4,1840,True,0.7746818661689758,209.3742218017578,40.902366638183594,232.59390258789062,62.09050369262695
normal,C:\Users\Light\Videos\正常往返.mp4,1841,True,0.7744738459587097,209.37924194335938,40.907814025878906,232.58457946777344,62.0775260925293
normal,C:\Users\Light\Videos\正常往返.mp4,1842,True,0.8074151873588562,210.71546936035156,40.982666015625,233.6998748779297,61.89886474609375
normal,C:\Users\Light\Videos\正常往返.mp4,1843,True,0.8073991537094116,210.70217895507812,40.98085021972656,233.72088623046875,61.93411636352539
normal,C:\Users\Light\Videos\正常往返.mp4,1844,True,0.8040890097618103,210.4952392578125,41.40361785888672,233.83432006835938,62.30076599121094
normal,C:\Users\Light\Videos\正常往返.mp4,1845,True,0.8005220293998718,210.994384765625,41.36206817626953,234.08770751953125,62.176876068115234
normal,C:\Users\Light\Videos\正常往返.mp4,1846,True,0.8003902435302734,210.98892211914062,41.36065673828125,234.08421325683594,62.176673889160156
normal,C:\Users\Light\Videos\正常往返.mp4,1847,True,0.7982341647148132,211.150634765625,41.36076736450195,234.15884399414062,62.139808654785156
normal,C:\Users\Light\Videos\正常往返.mp4,1848,True,0.8027898073196411,211.0879669189453,41.36074447631836,234.13230895996094,62.15403747558594
normal,C:\Users\Light\Videos\正常往返.mp4,1849,True,0.8026735782623291,211.0922393798828,41.36088180541992,234.13418579101562,62.15336608886719
normal,C:\Users\Light\Videos\正常往返.mp4,1850,True,0.8050966262817383,210.53419494628906,41.33526611328125,233.83522033691406,62.23590850830078
normal,C:\Users\Light\Videos\正常往返.mp4,1851,True,0.8011763691902161,210.26771545410156,41.28445816040039,233.37301635742188,62.01966094970703
normal,C:\Users\Light\Videos\正常往返.mp4,1852,True,0.8010649085044861,210.27757263183594,41.29299545288086,233.37139892578125,62.018157958984375
normal,C:\Users\Light\Videos\正常往返.mp4,1853,True,0.7975099086761475,209.3953857421875,41.048240661621094,232.7237091064453,61.91822814941406
normal,C:\Users\Light\Videos\正常往返.mp4,1854,True,0.7972834706306458,209.39974975585938,41.046024322509766,232.72288513183594,61.91520309448242
normal,C:\Users\Light\Videos\正常往返.mp4,1855,True,0.7777292132377625,209.39096069335938,40.55337905883789,232.58433532714844,61.67262268066406
normal,C:\Users\Light\Videos\正常往返.mp4,1856,True,0.8010557889938354,208.25071716308594,40.942169189453125,231.504638671875,61.607181549072266
normal,C:\Users\Light\Videos\正常往返.mp4,1857,True,0.801098108291626,208.23321533203125,40.94938659667969,231.49395751953125,61.602474212646484
normal,C:\Users\Light\Videos\正常往返.mp4,1858,True,0.7884709239006042,206.48085021972656,41.08829116821289,229.5340118408203,61.993507385253906
normal,C:\Users\Light\Videos\正常往返.mp4,1859,True,0.7700993418693542,204.9715576171875,40.92905807495117,228.1609344482422,61.70191192626953
normal,C:\Users\Light\Videos\正常往返.mp4,1860,True,0.7592644691467285,203.5145263671875,41.1143798828125,225.9755859375,61.68225860595703
normal,C:\Users\Light\Videos\正常往返.mp4,1861,True,0.8110343813896179,201.463134765625,40.58156967163086,225.0717315673828,61.80162048339844
normal,C:\Users\Light\Videos\正常往返.mp4,1862,True,0.8109925985336304,201.4671630859375,40.58159255981445,225.0765838623047,61.80294418334961
normal,C:\Users\Light\Videos\正常往返.mp4,1863,True,0.809799075126648,198.73715209960938,41.383358001708984,221.92562866210938,62.061187744140625
normal,C:\Users\Light\Videos\正常往返.mp4,1864,True,0.8095349073410034,198.74449157714844,41.38627243041992,221.9250946044922,62.059932708740234
normal,C:\Users\Light\Videos\正常往返.mp4,1865,True,0.7736428380012512,197.16065979003906,40.71800994873047,220.4464569091797,61.90099334716797
normal,C:\Users\Light\Videos\正常往返.mp4,1866,True,0.8390254378318787,194.12452697753906,41.12852096557617,217.80108642578125,62.236690521240234
normal,C:\Users\Light\Videos\正常往返.mp4,1867,True,0.8390684723854065,194.12603759765625,41.126033782958984,217.80419921875,62.23765563964844
normal,C:\Users\Light\Videos\正常往返.mp4,1868,True,0.7923287749290466,192.35313415527344,41.14064407348633,214.9044647216797,61.92784118652344
normal,C:\Users\Light\Videos\正常往返.mp4,1869,True,0.7945588827133179,188.94842529296875,41.45037078857422,212.21881103515625,62.585479736328125
normal,C:\Users\Light\Videos\正常往返.mp4,1870,True,0.7942228317260742,188.94522094726562,41.43779754638672,212.22555541992188,62.59953308105469
normal,C:\Users\Light\Videos\正常往返.mp4,1871,True,0.8033007979393005,186.50607299804688,40.78208541870117,209.81924438476562,61.88886642456055
normal,C:\Users\Light\Videos\正常往返.mp4,1872,True,0.7965734601020813,183.61997985839844,41.15207290649414,207.3584747314453,62.17037582397461
normal,C:\Users\Light\Videos\正常往返.mp4,1873,True,0.7970644235610962,183.61892700195312,41.15635299682617,207.34365844726562,62.16542434692383
normal,C:\Users\Light\Videos\正常往返.mp4,1874,True,0.8170996308326721,181.43495178222656,41.301918029785156,204.30470275878906,62.1130485534668
normal,C:\Users\Light\Videos\正常往返.mp4,1875,True,0.8169518709182739,181.4237518310547,41.30415725708008,204.3052978515625,62.12416458129883
normal,C:\Users\Light\Videos\正常往返.mp4,1876,True,0.7996535897254944,179.7601318359375,41.786495208740234,202.1678924560547,62.16836166381836
normal,C:\Users\Light\Videos\正常往返.mp4,1877,True,0.7899704575538635,177.44329833984375,42.85103225708008,199.83326721191406,63.26808547973633
normal,C:\Users\Light\Videos\正常往返.mp4,1878,True,0.7888774871826172,177.44122314453125,42.84785079956055,199.85618591308594,63.288211822509766
normal,C:\Users\Light\Videos\正常往返.mp4,1879,True,0.7990183234214783,176.09092712402344,43.159908294677734,197.96810913085938,63.33218002319336
normal,C:\Users\Light\Videos\正常往返.mp4,1880,True,0.8298435211181641,174.620849609375,43.322994232177734,196.19869995117188,62.78639602661133
normal,C:\Users\Light\Videos\正常往返.mp4,1881,True,0.8306136727333069,174.61825561523438,43.33549880981445,196.19520568847656,62.79876708984375
normal,C:\Users\Light\Videos\正常往返.mp4,1882,True,0.7919059991836548,172.2161102294922,43.73365783691406,193.78897094726562,63.05084991455078
normal,C:\Users\Light\Videos\正常往返.mp4,1883,True,0.7916410565376282,172.20591735839844,43.729557037353516,193.79383850097656,63.0609130859375
normal,C:\Users\Light\Videos\正常往返.mp4,1884,True,0.8124186992645264,171.5167694091797,43.3717155456543,192.6591033935547,62.76712417602539
normal,C:\Users\Light\Videos\正常往返.mp4,1885,True,0.8188444972038269,171.3468017578125,43.58856964111328,192.4688262939453,63.10526657104492
normal,C:\Users\Light\Videos\正常往返.mp4,1886,True,0.8181008100509644,171.33140563964844,43.58238220214844,192.46131896972656,63.11176681518555
normal,C:\Users\Light\Videos\正常往返.mp4,1887,True,0.8165415525436401,171.39263916015625,43.665462493896484,192.56927490234375,63.17687225341797
normal,C:\Users\Light\Videos\正常往返.mp4,1888,True,0.8165171146392822,171.3939208984375,43.66142654418945,192.57037353515625,63.17619705200195
normal,C:\Users\Light\Videos\正常往返.mp4,1889,True,0.8109682202339172,172.18751525878906,43.82216262817383,193.17787170410156,62.88655471801758
normal,C:\Users\Light\Videos\正常往返.mp4,1890,True,0.7657631039619446,172.1538543701172,43.7834358215332,193.84190368652344,63.52204895019531
normal,C:\Users\Light\Videos\正常往返.mp4,1891,True,0.768718957901001,172.16371154785156,43.7755241394043,193.84889221191406,63.51400375366211
normal,C:\Users\Light\Videos\正常往返.mp4,1892,True,0.7516478300094604,173.5851593017578,43.79331970214844,195.00437927246094,63.43596649169922
normal,C:\Users\Light\Videos\正常往返.mp4,1893,True,0.8260107040405273,175.44715881347656,43.01544189453125,197.03395080566406,62.77902603149414
normal,C:\Users\Light\Videos\正常往返.mp4,1894,True,0.8269781470298767,175.44668579101562,43.01127624511719,197.02491760253906,62.763248443603516
normal,C:\Users\Light\Videos\正常往返.mp4,1895,True,0.7871291637420654,176.93707275390625,43.50990295410156,198.94715881347656,63.78267288208008
normal,C:\Users\Light\Videos\正常往返.mp4,1896,True,0.7582915425300598,178.7477569580078,43.4266242980957,201.3212432861328,63.341617584228516
normal,C:\Users\Light\Videos\正常往返.mp4,1897,True,0.7583155632019043,178.7505645751953,43.42947006225586,201.32220458984375,63.342491149902344
normal,C:\Users\Light\Videos\正常往返.mp4,1898,True,0.7924329042434692,181.71908569335938,43.257171630859375,203.7696533203125,63.4533805847168
normal,C:\Users\Light\Videos\正常往返.mp4,1899,True,0.7924342751502991,181.72048950195312,43.25750732421875,203.770263671875,63.4531364440918
normal,C:\Users\Light\Videos\正常往返.mp4,1900,True,0.7348981499671936,184.46778869628906,43.00495529174805,206.7584228515625,63.32984924316406
normal,C:\Users\Light\Videos\正常往返.mp4,1901,True,0.7605518102645874,187.80226135253906,43.385433197021484,210.16978454589844,63.80494689941406
normal,C:\Users\Light\Videos\正常往返.mp4,1902,True,0.7606951594352722,187.80075073242188,43.38471603393555,210.17245483398438,63.80867004394531
normal,C:\Users\Light\Videos\正常往返.mp4,1903,True,0.7448517084121704,191.36029052734375,43.63845443725586,213.6096954345703,63.301815032958984
normal,C:\Users\Light\Videos\正常往返.mp4,1904,True,0.722761869430542,195.2287139892578,43.3199462890625,218.12867736816406,63.2880973815918
normal,C:\Users\Light\Videos\正常往返.mp4,1905,True,0.7227832674980164,195.23060607910156,43.31272888183594,218.13059997558594,63.287513732910156
normal,C:\Users\Light\Videos\正常往返.mp4,1906,True,0.7285261750221252,198.18067932128906,43.53108215332031,224.610595703125,63.81339645385742
normal,C:\Users\Light\Videos\正常往返.mp4,1907,True,0.728451669216156,198.19163513183594,43.532562255859375,224.60452270507812,63.810394287109375
normal,C:\Users\Light\Videos\正常往返.mp4,1908,True,0.7734440565109253,203.80691528320312,43.757080078125,228.4727020263672,63.544193267822266
normal,C:\Users\Light\Videos\正常往返.mp4,1909,True,0.7129246592521667,207.9740753173828,44.07168960571289,237.00515747070312,63.560237884521484
normal,C:\Users\Light\Videos\正常往返.mp4,1910,True,0.7105849385261536,207.99267578125,44.071868896484375,237.01092529296875,63.56180953979492
normal,C:\Users\Light\Videos\正常往返.mp4,1911,True,0.6816849112510681,216.96437072753906,44.37251663208008,241.92007446289062,64.13919067382812
normal,C:\Users\Light\Videos\正常往返.mp4,1912,True,0.6834918260574341,216.85504150390625,44.39011001586914,241.97821044921875,64.17753601074219
normal,C:\Users\Light\Videos\正常往返.mp4,1913,True,0.6532415747642517,221.80787658691406,44.450218200683594,250.83738708496094,63.84746170043945
normal,C:\Users\Light\Videos\正常往返.mp4,1914,True,0.6503688097000122,221.83474731445312,44.461647033691406,250.79864501953125,63.851722717285156
normal,C:\Users\Light\Videos\正常往返.mp4,1915,True,0.695168137550354,230.61941528320312,43.12279510498047,260.49688720703125,63.0045280456543
normal,C:\Users\Light\Videos\正常往返.mp4,1916,True,0.6951415538787842,230.62429809570312,43.12895584106445,260.486572265625,63.006343841552734
normal,C:\Users\Light\Videos\正常往返.mp4,1917,True,0.7177795171737671,239.38552856445312,42.70213317871094,267.9320373535156,63.50654220581055
normal,C:\Users\Light\Videos\正常往返.mp4,1918,True,0.7177940011024475,239.4254150390625,42.6936149597168,267.9220275878906,63.51129150390625
normal,C:\Users\Light\Videos\正常往返.mp4,1919,True,0.7956691980361938,245.8599853515625,42.83514404296875,279.3597412109375,62.78456115722656
normal,C:\Users\Light\Videos\正常往返.mp4,1920,True,0.7945331335067749,245.82846069335938,42.872032165527344,279.37066650390625,62.83516311645508
normal,C:\Users\Light\Videos\正常往返.mp4,1921,True,0.7945268750190735,245.82847595214844,42.87189865112305,279.3706970214844,62.835208892822266
normal,C:\Users\Light\Videos\正常往返.mp4,1922,True,0.7570962905883789,254.3910675048828,42.37537384033203,285.67828369140625,62.33438491821289
normal,C:\Users\Light\Videos\正常往返.mp4,1923,True,0.7569777965545654,254.3883514404297,42.37400817871094,285.6828308105469,62.332611083984375
normal,C:\Users\Light\Videos\正常往返.mp4,1924,True,0.7346495985984802,262.51678466796875,42.04543685913086,293.8558044433594,62.930973052978516
normal,C:\Users\Light\Videos\正常往返.mp4,1925,True,0.7339556217193604,262.5417175292969,42.05955505371094,293.8336181640625,62.946617126464844
normal,C:\Users\Light\Videos\正常往返.mp4,1926,True,0.7801402807235718,270.6422424316406,43.076759338378906,302.9730224609375,62.69292068481445
normal,C:\Users\Light\Videos\正常往返.mp4,1927,True,0.7774226069450378,270.7250671386719,43.063270568847656,303.0058288574219,62.65230941772461
normal,C:\Users\Light\Videos\正常往返.mp4,1928,True,0.7391306757926941,278.02032470703125,43.16421127319336,309.81622314453125,62.22609329223633
normal,C:\Users\Light\Videos\正常往返.mp4,1929,True,0.7392521500587463,278.0079345703125,43.165061950683594,309.8123474121094,62.223087310791016
normal,C:\Users\Light\Videos\正常往返.mp4,1930,True,0.8177514672279358,287.4659729003906,43.20130157470703,319.9423522949219,61.8421630859375
normal,C:\Users\Light\Videos\正常往返.mp4,1931,True,0.7435485124588013,295.643310546875,43.70127487182617,325.9772644042969,62.10108184814453
normal,C:\Users\Light\Videos\正常往返.mp4,1932,True,0.7428385615348816,295.6487731933594,43.70387649536133,325.9720458984375,62.101707458496094
normal,C:\Users\Light\Videos\正常往返.mp4,1933,True,0.7579549551010132,302.975341796875,42.540367126464844,333.33807373046875,61.93218994140625
normal,C:\Users\Light\Videos\正常往返.mp4,1934,True,0.7581450939178467,302.9823913574219,42.5387077331543,333.33465576171875,61.9316520690918
normal,C:\Users\Light\Videos\正常往返.mp4,1935,True,0.838578999042511,311.3059997558594,42.58702850341797,343.2323913574219,61.70283126831055
normal,C:\Users\Light\Videos\正常往返.mp4,1936,True,0.8349189162254333,311.2383728027344,42.557960510253906,343.3117980957031,61.696533203125
normal,C:\Users\Light\Videos\正常往返.mp4,1937,True,0.7763648629188538,317.68304443359375,42.332794189453125,350.0872802734375,61.72372055053711
normal,C:\Users\Light\Videos\正常往返.mp4,1938,True,0.7762693762779236,317.68499755859375,42.33194351196289,350.0873718261719,61.719146728515625
normal,C:\Users\Light\Videos\正常往返.mp4,1939,True,0.7939971685409546,323.29681396484375,41.69633483886719,357.482666015625,61.811771392822266
normal,C:\Users\Light\Videos\正常往返.mp4,1940,True,0.7939928770065308,323.2762145996094,41.69967269897461,357.4919738769531,61.81390380859375
normal,C:\Users\Light\Videos\正常往返.mp4,1941,True,0.7822400331497192,329.9590759277344,42.11804962158203,362.2151184082031,61.60892868041992
normal,C:\Users\Light\Videos\正常往返.mp4,1942,True,0.7822390794754028,329.95892333984375,42.118003845214844,362.21527099609375,61.60906219482422
normal,C:\Users\Light\Videos\正常往返.mp4,1943,True,0.7823413610458374,329.869140625,42.10858917236328,362.26507568359375,61.60933303833008
normal,C:\Users\Light\Videos\正常往返.mp4,1944,True,0.7987626791000366,335.3226318359375,41.50370788574219,368.1955871582031,61.25953674316406
normal,C:\Users\Light\Videos\正常往返.mp4,1945,True,0.8025941848754883,335.2449035644531,41.505611419677734,368.1708679199219,61.2488899230957
normal,C:\Users\Light\Videos\正常往返.mp4,1946,True,0.8345877528190613,341.7034606933594,41.94108963012695,372.7554931640625,61.12484359741211
normal,C:\Users\Light\Videos\正常往返.mp4,1947,True,0.8347781300544739,341.69403076171875,41.94272232055664,372.7564697265625,61.126792907714844
normal,C:\Users\Light\Videos\正常往返.mp4,1948,True,0.7512282133102417,347.21502685546875,41.84947204589844,376.2065124511719,61.23326873779297
normal,C:\Users\Light\Videos\正常往返.mp4,1949,True,0.7509732246398926,347.22406005859375,41.85386276245117,376.1988830566406,61.23237228393555
normal,C:\Users\Light\Videos\正常往返.mp4,1950,True,0.6945213079452515,349.6715393066406,41.749671936035156,378.5376892089844,61.724369049072266
normal,C:\Users\Light\Videos\正常往返.mp4,1951,True,0.6944592595100403,349.69512939453125,41.734588623046875,378.5454406738281,61.71672821044922
normal,C:\Users\Light\Videos\正常往返.mp4,1952,True,0.796970546245575,354.743408203125,42.82638168334961,383.0552062988281,60.910457611083984
normal,C:\Users\Light\Videos\正常往返.mp4,1953,True,0.7971655130386353,354.73016357421875,42.8220329284668,383.0592346191406,60.90395736694336
normal,C:\Users\Light\Videos\正常往返.mp4,1954,True,0.6844490170478821,358.967041015625,41.522891998291016,385.4007263183594,60.539546966552734
normal,C:\Users\Light\Videos\正常往返.mp4,1955,True,0.7276244759559631,362.2395324707031,42.310001373291016,388.1571960449219,60.7863655090332
normal,C:\Users\Light\Videos\正常往返.mp4,1956,True,0.727683424949646,362.2357177734375,42.307289123535156,388.1614074707031,60.786521911621094
normal,C:\Users\Light\Videos\正常往返.mp4,1957,True,0.6542532444000244,363.58978271484375,40.74577713012695,390.3266296386719,60.96000671386719
normal,C:\Users\Light\Videos\正常往返.mp4,1958,True,0.6546264886856079,363.5972595214844,40.74405288696289,390.3265686035156,60.95814895629883
normal,C:\Users\Light\Videos\正常往返.mp4,1959,True,0.6645137667655945,365.21319580078125,39.50679016113281,393.02783203125,60.567718505859375
normal,C:\Users\Light\Videos\正常往返.mp4,1960,True,0.6645190715789795,365.2053527832031,39.50526428222656,393.0375671386719,60.56529998779297
normal,C:\Users\Light\Videos\正常往返.mp4,1961,True,0.6343379616737366,367.2524108886719,40.479957580566406,392.7241516113281,60.69391632080078
normal,C:\Users\Light\Videos\正常往返.mp4,1962,True,0.6229322552680969,367.44842529296875,40.422359466552734,392.7130126953125,60.70454025268555
normal,C:\Users\Light\Videos\正常往返.mp4,1963,True,0.6183611154556274,367.7108154296875,40.561378479003906,393.4444274902344,60.75978469848633
normal,C:\Users\Light\Videos\正常往返.mp4,1964,True,0.6188522577285767,367.6943359375,40.55691909790039,393.44866943359375,60.75828170776367
normal,C:\Users\Light\Videos\正常往返.mp4,1965,True,0.6559929847717285,367.3343505859375,40.79447937011719,394.0031433105469,60.77136993408203
normal,C:\Users\Light\Videos\正常往返.mp4,1966,True,0.6559929847717285,367.3343505859375,40.79447937011719,394.0031433105469,60.77136993408203
normal,C:\Users\Light\Videos\正常往返.mp4,1967,True,0.6557132005691528,367.3359375,40.79161071777344,394.0000915527344,60.773746490478516
normal,C:\Users\Light\Videos\正常往返.mp4,1968,True,0.676246702671051,366.5351867675781,40.78916549682617,393.84088134765625,60.69564437866211
normal,C:\Users\Light\Videos\正常往返.mp4,1969,True,0.6758072376251221,366.5533142089844,40.8117561340332,393.8049011230469,60.69819641113281
normal,C:\Users\Light\Videos\正常往返.mp4,1970,True,0.6321930289268494,366.70458984375,39.623687744140625,392.300048828125,60.52312088012695
normal,C:\Users\Light\Videos\正常往返.mp4,1971,True,0.6319171190261841,366.7060546875,39.611785888671875,392.29986572265625,60.523681640625
normal,C:\Users\Light\Videos\正常往返.mp4,1972,True,0.6721815466880798,365.4609069824219,40.357234954833984,391.22064208984375,60.60848617553711
normal,C:\Users\Light\Videos\正常往返.mp4,1973,True,0.6730005145072937,365.4637145996094,40.35559844970703,391.22601318359375,60.608463287353516
normal,C:\Users\Light\Videos\正常往返.mp4,1974,True,0.6683037281036377,364.6300048828125,41.22885513305664,389.01019287109375,60.97414779663086
normal,C:\Users\Light\Videos\正常往返.mp4,1975,True,0.6701422333717346,364.6061096191406,41.23271179199219,389.0045166015625,60.983070373535156
normal,C:\Users\Light\Videos\正常往返.mp4,1976,True,0.7178133130073547,361.22833251953125,42.286739349365234,387.6842041015625,60.82948303222656
normal,C:\Users\Light\Videos\正常往返.mp4,1977,True,0.722564160823822,361.20953369140625,42.279476165771484,387.6583557128906,60.82598876953125
normal,C:\Users\Light\Videos\正常往返.mp4,1978,True,0.5807274580001831,359.0520935058594,42.49330520629883,385.695556640625,61.19427490234375
normal,C:\Users\Light\Videos\正常往返.mp4,1979,True,0.7519301772117615,356.492919921875,43.20457077026367,381.9940185546875,61.1837158203125
normal,C:\Users\Light\Videos\正常往返.mp4,1980,True,0.7504727840423584,356.5217590332031,43.207061767578125,381.9900817871094,61.18418884277344
normal,C:\Users\Light\Videos\正常往返.mp4,1981,True,0.7123806476593018,351.5303955078125,41.87580490112305,380.0699462890625,61.13257598876953
normal,C:\Users\Light\Videos\正常往返.mp4,1982,True,0.712522029876709,351.5322570800781,41.8798828125,380.06341552734375,61.130645751953125
normal,C:\Users\Light\Videos\正常往返.mp4,1983,True,0.7913216948509216,349.3079528808594,43.115867614746094,375.9039306640625,61.528358459472656
normal,C:\Users\Light\Videos\正常往返.mp4,1984,True,0.7915340662002563,349.30950927734375,43.11958694458008,375.90277099609375,61.524147033691406
normal,C:\Users\Light\Videos\正常往返.mp4,1985,True,0.7955104112625122,343.9554748535156,42.8837776184082,372.1394958496094,61.43606948852539
normal,C:\Users\Light\Videos\正常往返.mp4,1986,True,0.7955045700073242,343.9502868652344,42.88191604614258,372.1432800292969,61.43730163574219
normal,C:\Users\Light\Videos\正常往返.mp4,1987,True,0.7091110944747925,339.6347351074219,42.17613983154297,367.0613708496094,61.40561294555664
normal,C:\Users\Light\Videos\正常往返.mp4,1988,True,0.708635687828064,339.6340637207031,42.1772346496582,367.06134033203125,61.40541076660156
normal,C:\Users\Light\Videos\正常往返.mp4,1989,True,0.7091187834739685,339.6342468261719,42.1758918762207,367.0618591308594,61.40576934814453
normal,C:\Users\Light\Videos\正常往返.mp4,1990,True,0.7867341041564941,335.4920959472656,42.24958038330078,364.615234375,61.275291442871094
normal,C:\Users\Light\Videos\正常往返.mp4,1991,True,0.7880991697311401,335.5379333496094,42.26871871948242,364.53399658203125,61.27228546142578
normal,C:\Users\Light\Videos\正常往返.mp4,1992,True,0.7982870936393738,329.748779296875,41.9199333190918,360.5621643066406,61.67432403564453
normal,C:\Users\Light\Videos\正常往返.mp4,1993,True,0.7978958487510681,329.7473449707031,41.92084884643555,360.58209228515625,61.65740203857422
normal,C:\Users\Light\Videos\正常往返.mp4,1994,True,0.8247231841087341,324.7408142089844,42.2503662109375,355.3464660644531,61.56890106201172
normal,C:\Users\Light\Videos\正常往返.mp4,1995,True,0.8248490691184998,324.7235412597656,42.25022888183594,355.3570251464844,61.57105255126953
normal,C:\Users\Light\Videos\正常往返.mp4,1996,True,0.8026009798049927,318.76641845703125,43.03010177612305,349.2908630371094,62.118560791015625
normal,C:\Users\Light\Videos\正常往返.mp4,1997,True,0.8026397824287415,318.75341796875,43.03240966796875,349.3049011230469,62.11661148071289
normal,C:\Users\Light\Videos\正常往返.mp4,1998,True,0.8154892921447754,313.1421813964844,42.9549560546875,343.5116271972656,61.80625915527344
normal,C:\Users\Light\Videos\正常往返.mp4,1999,True,0.8153967261314392,313.1401672363281,42.95193099975586,343.51287841796875,61.8076286315918
normal,C:\Users\Light\Videos\正常往返.mp4,2000,True,0.8027684092521667,306.9644470214844,43.74150466918945,336.9266662597656,61.9066162109375
normal,C:\Users\Light\Videos\正常往返.mp4,2001,True,0.8026501536369324,306.95751953125,43.73975372314453,336.9291076660156,61.91508865356445
normal,C:\Users\Light\Videos\正常往返.mp4,2002,True,0.7864177227020264,299.9804382324219,43.339622497558594,331.36578369140625,62.52342224121094
normal,C:\Users\Light\Videos\正常往返.mp4,2003,True,0.7864056825637817,299.9768981933594,43.32848358154297,331.3605651855469,62.51936721801758
normal,C:\Users\Light\Videos\正常往返.mp4,2004,True,0.7587272524833679,294.2080078125,44.1268424987793,323.3918762207031,62.43144607543945
normal,C:\Users\Light\Videos\正常往返.mp4,2005,True,0.734635055065155,285.3124084472656,42.43785858154297,315.9696044921875,61.61027145385742
normal,C:\Users\Light\Videos\正常往返.mp4,2006,True,0.734516978263855,285.31842041015625,42.43572998046875,315.94732666015625,61.610565185546875
normal,C:\Users\Light\Videos\正常往返.mp4,2007,True,0.7816992998123169,277.39178466796875,42.59101867675781,310.3548583984375,62.43205261230469
normal,C:\Users\Light\Videos\正常往返.mp4,2008,True,0.7830780148506165,277.4769592285156,42.60089874267578,310.276123046875,62.37949752807617
normal,C:\Users\Light\Videos\正常往返.mp4,2009,True,0.832906186580658,270.8728942871094,42.97084426879883,301.90386962890625,62.419010162353516
normal,C:\Users\Light\Videos\正常往返.mp4,2010,True,0.8353064060211182,270.9576416015625,42.96976852416992,301.8320617675781,62.3963737487793
normal,C:\Users\Light\Videos\正常往返.mp4,2011,True,0.7813196182250977,264.4687194824219,42.523067474365234,294.2158508300781,62.12820053100586
normal,C:\Users\Light\Videos\正常往返.mp4,2012,True,0.7814392447471619,264.4668273925781,42.52458953857422,294.2159729003906,62.128021240234375
normal,C:\Users\Light\Videos\正常往返.mp4,2013,True,0.7813141942024231,264.4685363769531,42.52299880981445,294.2159118652344,62.128265380859375
normal,C:\Users\Light\Videos\正常往返.mp4,2014,True,0.7756600975990295,257.1139831542969,41.96100997924805,284.97003173828125,62.567840576171875
normal,C:\Users\Light\Videos\正常往返.mp4,2015,True,0.7762044668197632,257.121337890625,41.967891693115234,284.9598083496094,62.577816009521484
normal,C:\Users\Light\Videos\正常往返.mp4,2016,True,0.7799124121665955,249.85911560058594,42.07111740112305,278.65728759765625,62.17683029174805
normal,C:\Users\Light\Videos\正常往返.mp4,2017,True,0.7798954248428345,249.81875610351562,42.07754898071289,278.6832580566406,62.1794548034668
normal,C:\Users\Light\Videos\正常往返.mp4,2018,True,0.8437066078186035,242.50021362304688,42.49231719970703,272.0631103515625,62.851280212402344
normal,C:\Users\Light\Videos\正常往返.mp4,2019,True,0.8435244560241699,242.4989776611328,42.49872589111328,272.0548400878906,62.862125396728516
normal,C:\Users\Light\Videos\正常往返.mp4,2020,True,0.81955486536026,236.53805541992188,42.238285064697266,265.325927734375,62.544219970703125
normal,C:\Users\Light\Videos\正常往返.mp4,2021,True,0.8212893605232239,236.54039001464844,42.267642974853516,265.2971496582031,62.55264663696289
normal,C:\Users\Light\Videos\正常往返.mp4,2022,True,0.707755446434021,229.4095458984375,43.23628616333008,256.30615234375,62.84675216674805
normal,C:\Users\Light\Videos\正常往返.mp4,2023,True,0.7077498435974121,229.39450073242188,43.223487854003906,256.3189697265625,62.845699310302734
normal,C:\Users\Light\Videos\正常往返.mp4,2024,True,0.7223263382911682,221.0485382080078,43.59298324584961,248.9538116455078,63.014835357666016
normal,C:\Users\Light\Videos\正常往返.mp4,2025,True,0.7224183082580566,221.04244995117188,43.598472595214844,248.9589080810547,63.016292572021484
normal,C:\Users\Light\Videos\正常往返.mp4,2026,True,0.7124249935150146,217.1633758544922,43.443904876708984,241.58224487304688,63.10838317871094
normal,C:\Users\Light\Videos\正常往返.mp4,2027,True,0.7126895189285278,217.15463256835938,43.44695281982422,241.58851623535156,63.11376190185547
normal,C:\Users\Light\Videos\正常往返.mp4,2028,True,0.720940351486206,211.4504852294922,43.546077728271484,235.78929138183594,63.10468292236328
normal,C:\Users\Light\Videos\正常往返.mp4,2029,True,0.7229514718055725,205.96334838867188,43.29966354370117,230.52359008789062,63.50896072387695
normal,C:\Users\Light\Videos\正常往返.mp4,2030,True,0.7231435775756836,205.9709014892578,43.30170440673828,230.5341033935547,63.510955810546875
normal,C:\Users\Light\Videos\正常往返.mp4,2031,True,0.7250285148620605,202.63719177246094,43.60869216918945,224.8309326171875,63.231353759765625
normal,C:\Users\Light\Videos\正常往返.mp4,2032,True,0.7247824668884277,202.60487365722656,43.60111999511719,224.82003784179688,63.23529815673828
normal,C:\Users\Light\Videos\正常往返.mp4,2033,True,0.7871888875961304,198.328369140625,43.016204833984375,222.00433349609375,63.59600830078125
normal,C:\Users\Light\Videos\正常往返.mp4,2034,True,0.7866690158843994,198.34339904785156,43.01358413696289,222.00906372070312,63.596073150634766
normal,C:\Users\Light\Videos\正常往返.mp4,2035,True,0.7866690158843994,198.34339904785156,43.01358413696289,222.00906372070312,63.596073150634766
normal,C:\Users\Light\Videos\正常往返.mp4,2036,True,0.7271867990493774,194.59921264648438,43.18283462524414,217.4411163330078,63.80718994140625
normal,C:\Users\Light\Videos\正常往返.mp4,2037,True,0.7277390360832214,194.60581970214844,43.17084503173828,217.47064208984375,63.80183410644531
normal,C:\Users\Light\Videos\正常往返.mp4,2038,True,0.7384510040283203,191.44691467285156,43.37770080566406,213.79209899902344,63.1971321105957
normal,C:\Users\Light\Videos\正常往返.mp4,2039,True,0.7384666800498962,191.44781494140625,43.368961334228516,213.79653930664062,63.19309616088867
normal,C:\Users\Light\Videos\正常往返.mp4,2040,True,0.7539004683494568,189.52696228027344,43.11658477783203,211.95050048828125,63.40867233276367
normal,C:\Users\Light\Videos\正常往返.mp4,2041,True,0.753456711769104,189.52906799316406,43.114097595214844,211.94911193847656,63.40636444091797
normal,C:\Users\Light\Videos\正常往返.mp4,2042,True,0.7772976160049438,187.78050231933594,43.17570495605469,210.21835327148438,63.63309860229492
normal,C:\Users\Light\Videos\正常往返.mp4,2043,True,0.7788954973220825,187.77870178222656,43.20033645629883,210.1980438232422,63.64051818847656
normal,C:\Users\Light\Videos\正常往返.mp4,2044,True,0.7502809166908264,186.88442993164062,42.788795471191406,208.91761779785156,62.880435943603516
normal,C:\Users\Light\Videos\正常往返.mp4,2045,True,0.7501149773597717,186.88302612304688,42.78810119628906,208.91580200195312,62.88068389892578
normal,C:\Users\Light\Videos\正常往返.mp4,2046,True,0.741226315498352,185.83712768554688,42.77631378173828,207.8573760986328,62.932899475097656
normal,C:\Users\Light\Videos\正常往返.mp4,2047,True,0.740945041179657,185.85093688964844,42.783016204833984,207.84991455078125,62.921043395996094
normal,C:\Users\Light\Videos\正常往返.mp4,2048,True,0.748223066329956,185.68955993652344,42.581199645996094,207.8262939453125,62.89152908325195
normal,C:\Users\Light\Videos\正常往返.mp4,2049,True,0.7482306957244873,185.69378662109375,42.57936477661133,207.82772827148438,62.88848114013672
normal,C:\Users\Light\Videos\正常往返.mp4,2050,True,0.7467300295829773,185.8722381591797,42.521026611328125,208.03871154785156,62.79545211791992
normal,C:\Users\Light\Videos\正常往返.mp4,2051,True,0.746699869632721,185.8646240234375,42.52223587036133,208.03399658203125,62.797019958496094
normal,C:\Users\Light\Videos\正常往返.mp4,2052,True,0.7724962830543518,186.8125457763672,42.6510124206543,208.92088317871094,62.81692123413086
normal,C:\Users\Light\Videos\正常往返.mp4,2053,True,0.7744049429893494,187.6024169921875,43.16810989379883,209.98399353027344,63.71797180175781
normal,C:\Users\Light\Videos\正常往返.mp4,2054,True,0.7742111682891846,187.60064697265625,43.16476821899414,209.98683166503906,63.72171401977539
normal,C:\Users\Light\Videos\正常往返.mp4,2055,True,0.7447437644004822,188.1453399658203,42.89121627807617,210.78807067871094,63.15645217895508
normal,C:\Users\Light\Videos\正常往返.mp4,2056,True,0.745028555393219,188.14816284179688,42.887115478515625,210.79457092285156,63.15768814086914
normal,C:\Users\Light\Videos\正常往返.mp4,2057,True,0.7387202382087708,191.01800537109375,43.05264663696289,213.09022521972656,63.29605484008789
normal,C:\Users\Light\Videos\正常往返.mp4,2058,True,0.7387878894805908,191.0159454345703,43.05390167236328,213.08982849121094,63.298160552978516
normal,C:\Users\Light\Videos\正常往返.mp4,2059,True,0.7387878894805908,191.0159454345703,43.05390167236328,213.08982849121094,63.298160552978516
normal,C:\Users\Light\Videos\正常往返.mp4,2060,True,0.7796911597251892,193.29273986816406,43.51750183105469,215.4989776611328,63.769290924072266
normal,C:\Users\Light\Videos\正常往返.mp4,2061,True,0.7789487242698669,193.27926635742188,43.51575469970703,215.4784698486328,63.7630615234375
normal,C:\Users\Light\Videos\正常往返.mp4,2062,True,0.7326703667640686,195.593505859375,42.73328399658203,218.19244384765625,63.211429595947266
normal,C:\Users\Light\Videos\正常往返.mp4,2063,True,0.7325016856193542,195.59083557128906,42.739402770996094,218.1837158203125,63.21199035644531
normal,C:\Users\Light\Videos\正常往返.mp4,2064,True,0.7803826332092285,198.9401092529297,43.3383903503418,221.90219116210938,63.68843078613281
normal,C:\Users\Light\Videos\正常往返.mp4,2065,True,0.7800021767616272,198.9495849609375,43.351409912109375,221.88011169433594,63.70046615600586
normal,C:\Users\Light\Videos\正常往返.mp4,2066,True,0.727311909198761,202.1556396484375,43.03079605102539,224.41737365722656,62.91261672973633
normal,C:\Users\Light\Videos\正常往返.mp4,2067,True,0.7271308302879333,202.15716552734375,43.03742980957031,224.41261291503906,62.90988540649414
normal,C:\Users\Light\Videos\正常往返.mp4,2068,True,0.7397148609161377,204.60345458984375,43.17953872680664,229.3928680419922,63.42805862426758
normal,C:\Users\Light\Videos\正常往返.mp4,2069,True,0.7378800511360168,204.59666442871094,43.17857360839844,229.38397216796875,63.42736053466797
normal,C:\Users\Light\Videos\正常往返.mp4,2070,True,0.7947741150856018,209.4985809326172,42.947357177734375,234.47702026367188,63.02456283569336
normal,C:\Users\Light\Videos\正常往返.mp4,2071,True,0.795454204082489,209.5349578857422,42.9506950378418,234.39788818359375,63.01956558227539
normal,C:\Users\Light\Videos\正常往返.mp4,2072,True,0.7896385788917542,214.84075927734375,43.21396255493164,239.5987091064453,63.06467819213867
normal,C:\Users\Light\Videos\正常往返.mp4,2073,True,0.7900696992874146,214.81231689453125,43.22835159301758,239.60020446777344,63.06620407104492
normal,C:\Users\Light\Videos\正常往返.mp4,2074,True,0.7535919547080994,219.03915405273438,43.40116500854492,245.69288635253906,63.174068450927734
normal,C:\Users\Light\Videos\正常往返.mp4,2075,True,0.72483891248703,222.95274353027344,43.609432220458984,249.3718719482422,63.045406341552734
normal,C:\Users\Light\Videos\正常往返.mp4,2076,True,0.7252031564712524,222.94667053222656,43.605220794677734,249.3795928955078,63.041282653808594
normal,C:\Users\Light\Videos\正常往返.mp4,2077,True,0.7100178599357605,228.9080810546875,43.286865234375,255.77642822265625,63.37532424926758
normal,C:\Users\Light\Videos\正常往返.mp4,2078,True,0.7109079957008362,228.86929321289062,43.303585052490234,255.80540466308594,63.37675857543945
normal,C:\Users\Light\Videos\正常往返.mp4,2079,True,0.7395322322845459,234.26980590820312,43.076759338378906,261.875244140625,63.0367546081543
normal,C:\Users\Light\Videos\正常往返.mp4,2080,True,0.7395322322845459,234.26980590820312,43.076759338378906,261.875244140625,63.0367546081543
normal,C:\Users\Light\Videos\正常往返.mp4,2081,True,0.7394374012947083,234.27381896972656,43.079246520996094,261.87127685546875,63.03278732299805
normal,C:\Users\Light\Videos\正常往返.mp4,2082,True,0.7335155606269836,240.4565887451172,42.50921630859375,268.01007080078125,63.369651794433594
normal,C:\Users\Light\Videos\正常往返.mp4,2083,True,0.7342235445976257,240.45968627929688,42.4870491027832,268.0533752441406,63.340450286865234
normal,C:\Users\Light\Videos\正常往返.mp4,2084,True,0.7776532769203186,245.79327392578125,42.06426239013672,272.8994445800781,63.00690460205078
normal,C:\Users\Light\Videos\正常往返.mp4,2085,True,0.7775788307189941,245.79554748535156,42.06553649902344,272.8953552246094,63.00656509399414
normal,C:\Users\Light\Videos\正常往返.mp4,2086,True,0.7614070177078247,252.64501953125,41.040016174316406,279.3492736816406,62.41676712036133
normal,C:\Users\Light\Videos\正常往返.mp4,2087,True,0.7614848613739014,252.63706970214844,41.038719177246094,279.35833740234375,62.41618347167969
normal,C:\Users\Light\Videos\正常往返.mp4,2088,True,0.7939558625221252,256.6273498535156,42.00728988647461,282.91864013671875,63.07749938964844
normal,C:\Users\Light\Videos\正常往返.mp4,2089,True,0.793870747089386,256.6465148925781,42.01015853881836,282.91839599609375,63.07745361328125
normal,C:\Users\Light\Videos\正常往返.mp4,2090,True,0.7756954431533813,262.4880065917969,41.553619384765625,288.7322692871094,63.02212142944336
normal,C:\Users\Light\Videos\正常往返.mp4,2091,True,0.7756497263908386,262.4772033691406,41.551937103271484,288.7385559082031,63.02223205566406
normal,C:\Users\Light\Videos\正常往返.mp4,2092,True,0.7862610816955566,266.03936767578125,41.705543518066406,294.43096923828125,62.69529724121094
normal,C:\Users\Light\Videos\正常往返.mp4,2093,True,0.7859330177307129,266.05029296875,41.693172454833984,294.41961669921875,62.67934036254883
normal,C:\Users\Light\Videos\正常往返.mp4,2094,True,0.7373725771903992,272.90423583984375,41.449920654296875,295.8056640625,61.903770446777344
normal,C:\Users\Light\Videos\正常往返.mp4,2095,True,0.7381637096405029,272.8746032714844,41.46031951904297,295.7879638671875,61.92210388183594
normal,C:\Users\Light\Videos\正常往返.mp4,2096,True,0.7953688502311707,274.2371520996094,41.82616424560547,301.5212707519531,61.717220306396484
normal,C:\Users\Light\Videos\正常往返.mp4,2097,True,0.7955660223960876,274.2301330566406,41.829345703125,301.53240966796875,61.71327590942383
normal,C:\Users\Light\Videos\正常往返.mp4,2098,True,0.7816587686538696,278.8456726074219,41.23443603515625,304.4438781738281,61.83561706542969
normal,C:\Users\Light\Videos\正常往返.mp4,2099,True,0.7730541825294495,280.375244140625,41.480533599853516,306.4996337890625,61.84406661987305
normal,C:\Users\Light\Videos\正常往返.mp4,2100,True,0.7730929255485535,280.3744201660156,41.48040008544922,306.5012512207031,61.84420394897461
normal,C:\Users\Light\Videos\正常往返.mp4,2101,True,0.7475677728652954,283.5657653808594,41.49037170410156,307.4133605957031,61.82427978515625
normal,C:\Users\Light\Videos\正常往返.mp4,2102,True,0.7475408911705017,283.55023193359375,41.48093795776367,307.4161376953125,61.81529235839844
normal,C:\Users\Light\Videos\正常往返.mp4,2103,True,0.7474964261054993,283.565185546875,41.48828887939453,307.4153747558594,61.82582473754883
normal,C:\Users\Light\Videos\正常往返.mp4,2104,True,0.7337942123413086,284.92596435546875,41.20158004760742,308.12628173828125,61.83723068237305
normal,C:\Users\Light\Videos\正常往返.mp4,2105,True,0.7337051630020142,284.9121398925781,41.19624710083008,308.1242370605469,61.83561706542969
normal,C:\Users\Light\Videos\正常往返.mp4,2106,True,0.7400726079940796,285.80218505859375,41.346920013427734,309.7905578613281,61.7895622253418
normal,C:\Users\Light\Videos\正常往返.mp4,2107,True,0.7392087578773499,285.8007507324219,41.3267936706543,309.90240478515625,61.795257568359375
normal,C:\Users\Light\Videos\正常往返.mp4,2108,True,0.7808215022087097,285.9297790527344,41.820560455322266,310.0408935546875,61.929229736328125
normal,C:\Users\Light\Videos\正常往返.mp4,2109,True,0.7801955342292786,285.9343566894531,41.8111686706543,310.0302734375,61.935123443603516
normal,C:\Users\Light\Videos\正常往返.mp4,2110,True,0.7226616740226746,285.88739013671875,41.39308547973633,308.9930419921875,61.958274841308594
normal,C:\Users\Light\Videos\正常往返.mp4,2111,True,0.7227714657783508,285.886474609375,41.39126968383789,308.9921569824219,61.953948974609375
normal,C:\Users\Light\Videos\正常往返.mp4,2112,True,0.7329668998718262,285.35369873046875,41.25187301635742,308.3554382324219,61.92477035522461
normal,C:\Users\Light\Videos\正常往返.mp4,2113,True,0.7312878370285034,285.3191223144531,41.263301849365234,308.304931640625,61.91518020629883
normal,C:\Users\Light\Videos\正常往返.mp4,2114,True,0.7424127459526062,284.3088073730469,41.42448425292969,307.3977355957031,62.00715637207031
normal,C:\Users\Light\Videos\正常往返.mp4,2115,True,0.7423418164253235,284.3211669921875,41.42589569091797,307.4002380371094,62.00368118286133
normal,C:\Users\Light\Videos\正常往返.mp4,2116,True,0.761062502861023,282.60760498046875,41.50514221191406,306.04107666015625,62.096107482910156
normal,C:\Users\Light\Videos\正常往返.mp4,2117,True,0.7612085342407227,282.6399841308594,41.504066467285156,306.0277404785156,62.099334716796875
normal,C:\Users\Light\Videos\正常往返.mp4,2118,True,0.7852548956871033,280.1434631347656,41.52101135253906,305.3507080078125,62.02030944824219
normal,C:\Users\Light\Videos\正常往返.mp4,2119,True,0.780906617641449,280.1745300292969,41.510589599609375,305.37799072265625,62.01185989379883
normal,C:\Users\Light\Videos\正常往返.mp4,2120,True,0.7621138095855713,278.5805358886719,40.89470291137695,302.85394287109375,62.17862319946289
normal,C:\Users\Light\Videos\正常往返.mp4,2121,True,0.7625372409820557,278.55926513671875,40.901065826416016,302.8585510253906,62.18682861328125
normal,C:\Users\Light\Videos\正常往返.mp4,2122,True,0.7937971353530884,274.3201904296875,41.64725112915039,300.98590087890625,61.91970443725586
normal,C:\Users\Light\Videos\正常往返.mp4,2123,True,0.7936944365501404,274.3200378417969,41.64752197265625,300.9880676269531,61.91948318481445
normal,C:\Users\Light\Videos\正常往返.mp4,2124,True,0.7387776970863342,273.2951354980469,41.05693817138672,297.8166809082031,62.053367614746094
normal,C:\Users\Light\Videos\正常往返.mp4,2125,True,0.7991738319396973,266.9624938964844,41.40635299682617,295.010498046875,62.065269470214844
normal,C:\Users\Light\Videos\正常往返.mp4,2126,True,0.7974382638931274,266.94140625,41.4024543762207,294.9930725097656,62.06356430053711
normal,C:\Users\Light\Videos\正常往返.mp4,2127,True,0.7991690635681152,266.96270751953125,41.40635299682617,295.01019287109375,62.065223693847656
normal,C:\Users\Light\Videos\正常往返.mp4,2128,True,0.7713886499404907,264.2983703613281,41.070518493652344,289.79913330078125,62.78971481323242
normal,C:\Users\Light\Videos\正常往返.mp4,2129,True,0.7714307308197021,264.289794921875,41.06901931762695,289.80194091796875,62.79072189331055
normal,C:\Users\Light\Videos\正常往返.mp4,2130,True,0.7443165183067322,260.11968994140625,41.87246322631836,284.134521484375,63.0288200378418
normal,C:\Users\Light\Videos\正常往返.mp4,2131,True,0.7436339259147644,260.1285400390625,41.853885650634766,284.1176452636719,63.0240478515625
normal,C:\Users\Light\Videos\正常往返.mp4,2132,True,0.7684789896011353,255.32907104492188,41.33322525024414,281.9743347167969,62.66295623779297
normal,C:\Users\Light\Videos\正常往返.mp4,2133,True,0.7685633897781372,255.32901000976562,41.335601806640625,281.97442626953125,62.66192626953125
normal,C:\Users\Light\Videos\正常往返.mp4,2134,True,0.7509364485740662,248.31283569335938,41.5860481262207,277.04541015625,62.940162658691406
normal,C:\Users\Light\Videos\正常往返.mp4,2135,True,0.7514822483062744,248.31680297851562,41.58320236206055,277.0348815917969,62.94377136230469
normal,C:\Users\Light\Videos\正常往返.mp4,2136,True,0.8076626062393188,243.3249969482422,41.65043640136719,270.7474670410156,62.848609924316406
normal,C:\Users\Light\Videos\正常往返.mp4,2137,True,0.8071699142456055,243.30978393554688,41.63949966430664,270.76300048828125,62.83229446411133
normal,C:\Users\Light\Videos\正常往返.mp4,2138,True,0.8021734356880188,237.9338836669922,41.74317169189453,264.9294738769531,62.73503112792969
normal,C:\Users\Light\Videos\正常往返.mp4,2139,True,0.8022539615631104,237.93328857421875,41.74563980102539,264.9299011230469,62.733192443847656
normal,C:\Users\Light\Videos\正常往返.mp4,2140,True,0.8355209231376648,232.3504638671875,42.742740631103516,260.10516357421875,62.64684295654297
normal,C:\Users\Light\Videos\正常往返.mp4,2141,True,0.8355671763420105,232.3494873046875,42.73577117919922,260.11285400390625,62.64789581298828
normal,C:\Users\Light\Videos\正常往返.mp4,2142,True,0.7779444456100464,227.6053009033203,43.587738037109375,252.95068359375,62.49166488647461
normal,C:\Users\Light\Videos\正常往返.mp4,2143,True,0.7790778279304504,227.54998779296875,43.596187591552734,253.00680541992188,62.490478515625
normal,C:\Users\Light\Videos\正常往返.mp4,2144,True,0.7863688468933105,221.29766845703125,43.068870544433594,248.20167541503906,62.98247528076172
normal,C:\Users\Light\Videos\正常往返.mp4,2145,True,0.7862992882728577,221.3037872314453,43.06965637207031,248.1981658935547,62.98899459838867
normal,C:\Users\Light\Videos\正常往返.mp4,2146,True,0.753360390663147,216.38648986816406,43.35614013671875,241.5815887451172,62.738101959228516
normal,C:\Users\Light\Videos\正常往返.mp4,2147,True,0.7515562772750854,210.6944122314453,43.238975524902344,236.39564514160156,62.88883972167969
normal,C:\Users\Light\Videos\正常往返.mp4,2148,True,0.7507249712944031,210.70458984375,43.243858337402344,236.380859375,62.895206451416016
normal,C:\Users\Light\Videos\正常往返.mp4,2149,True,0.7507089376449585,210.7040252685547,43.242897033691406,236.38128662109375,62.89554214477539
normal,C:\Users\Light\Videos\正常往返.mp4,2150,True,0.7419235110282898,206.1436767578125,42.34110641479492,231.6208953857422,62.7601318359375
normal,C:\Users\Light\Videos\正常往返.mp4,2151,True,0.7417680621147156,206.12896728515625,42.34169006347656,231.61865234375,62.7681999206543
normal,C:\Users\Light\Videos\正常往返.mp4,2152,True,0.7425641417503357,202.0335235595703,42.59960174560547,224.78453063964844,62.735164642333984
normal,C:\Users\Light\Videos\正常往返.mp4,2153,True,0.7427708506584167,202.03343200683594,42.59791946411133,224.7952423095703,62.73836898803711
normal,C:\Users\Light\Videos\正常往返.mp4,2154,True,0.8127005100250244,196.82989501953125,42.791778564453125,222.5059051513672,63.12774658203125
normal,C:\Users\Light\Videos\正常往返.mp4,2155,True,0.8105812668800354,196.9402313232422,42.812374114990234,222.45101928710938,63.11754608154297
normal,C:\Users\Light\Videos\正常往返.mp4,2156,True,0.7886197566986084,193.18130493164062,42.804866790771484,216.5843505859375,63.28664016723633
normal,C:\Users\Light\Videos\正常往返.mp4,2157,True,0.7890402674674988,193.17312622070312,42.811588287353516,216.59527587890625,63.280364990234375
normal,C:\Users\Light\Videos\正常往返.mp4,2158,True,0.7575142979621887,188.58628845214844,43.0146598815918,211.81846618652344,63.32938003540039
normal,C:\Users\Light\Videos\正常往返.mp4,2159,True,0.7577058672904968,188.5801239013672,43.01564407348633,211.82701110839844,63.33171081542969
normal,C:\Users\Light\Videos\正常往返.mp4,2160,True,0.7576213479042053,184.74517822265625,42.498592376708984,208.7008514404297,63.17476272583008
normal,C:\Users\Light\Videos\正常往返.mp4,2161,True,0.7574942708015442,184.73699951171875,42.50123596191406,208.70423889160156,63.17306137084961
normal,C:\Users\Light\Videos\正常往返.mp4,2162,True,0.7922182083129883,181.87977600097656,42.95280456542969,204.81954956054688,63.29083251953125
normal,C:\Users\Light\Videos\正常往返.mp4,2163,True,0.7921860218048096,181.87753295898438,42.951324462890625,204.8215789794922,63.28886032104492
normal,C:\Users\Light\Videos\正常往返.mp4,2164,True,0.7553755640983582,177.6282958984375,42.709171295166016,200.6710205078125,63.0640983581543
normal,C:\Users\Light\Videos\正常往返.mp4,2165,True,0.7564243674278259,177.6212921142578,42.69977951049805,200.68991088867188,63.05927658081055
normal,C:\Users\Light\Videos\正常往返.mp4,2166,True,0.8058753609657288,175.15362548828125,43.10759735107422,197.32029724121094,63.31626892089844
normal,C:\Users\Light\Videos\正常往返.mp4,2167,True,0.8065898418426514,175.16268920898438,43.1157112121582,197.3185577392578,63.31142807006836
normal,C:\Users\Light\Videos\正常往返.mp4,2168,True,0.7770320177078247,171.75511169433594,43.209346771240234,194.50323486328125,63.81595230102539
normal,C:\Users\Light\Videos\正常往返.mp4,2169,True,0.7771737575531006,171.75369262695312,43.206298828125,194.50531005859375,63.81631088256836
normal,C:\Users\Light\Videos\正常往返.mp4,2170,True,0.8150472640991211,169.66114807128906,42.66396713256836,191.62179565429688,62.86591339111328
normal,C:\Users\Light\Videos\正常往返.mp4,2171,True,0.7697761058807373,166.66799926757812,43.07815170288086,189.1259765625,63.41752243041992
normal,C:\Users\Light\Videos\正常往返.mp4,2172,True,0.7698508501052856,166.66648864746094,43.07725524902344,189.1273193359375,63.418643951416016
normal,C:\Users\Light\Videos\正常往返.mp4,2173,True,0.7698508501052856,166.66648864746094,43.07725524902344,189.1273193359375,63.418643951416016
normal,C:\Users\Light\Videos\正常往返.mp4,2174,True,0.7886249423027039,164.5491485595703,43.032005310058594,187.15884399414062,63.7447509765625
normal,C:\Users\Light\Videos\正常往返.mp4,2175,True,0.7877274751663208,164.54946899414062,43.028865814208984,187.15985107421875,63.74183654785156
normal,C:\Users\Light\Videos\正常往返.mp4,2176,True,0.7984771132469177,162.13165283203125,42.82405090332031,185.38876342773438,63.08059310913086
normal,C:\Users\Light\Videos\正常往返.mp4,2177,True,0.7962210178375244,162.1466522216797,42.83294677734375,185.38392639160156,63.07989501953125
normal,C:\Users\Light\Videos\正常往返.mp4,2178,True,0.7728783488273621,160.01112365722656,43.57157897949219,182.30508422851562,63.45116424560547
normal,C:\Users\Light\Videos\正常往返.mp4,2179,True,0.7752150297164917,160.0233917236328,43.57958221435547,182.3121795654297,63.4554443359375
normal,C:\Users\Light\Videos\正常往返.mp4,2180,True,0.8052860498428345,159.3703155517578,43.495361328125,181.21432495117188,63.092647552490234
normal,C:\Users\Light\Videos\正常往返.mp4,2181,True,0.8053702712059021,159.37081909179688,43.49618911743164,181.21383666992188,63.09136962890625
normal,C:\Users\Light\Videos\正常往返.mp4,2182,True,0.772871732711792,157.99085998535156,43.1456298828125,180.06443786621094,63.17756652832031
normal,C:\Users\Light\Videos\正常往返.mp4,2183,True,0.7730386853218079,157.99258422851562,43.1362419128418,180.05731201171875,63.16315460205078
normal,C:\Users\Light\Videos\正常往返.mp4,2184,True,0.760761022567749,156.16322326660156,43.37653350830078,178.1461181640625,63.252037048339844
normal,C:\Users\Light\Videos\正常往返.mp4,2185,True,0.7619320750236511,156.1533203125,43.40840530395508,178.12046813964844,63.26167678833008
normal,C:\Users\Light\Videos\正常往返.mp4,2186,True,0.7744473218917847,154.89149475097656,43.35643005371094,177.4959716796875,63.54170608520508
normal,C:\Users\Light\Videos\正常往返.mp4,2187,True,0.7743960022926331,154.89254760742188,43.35894012451172,177.49264526367188,63.53986740112305
normal,C:\Users\Light\Videos\正常往返.mp4,2188,True,0.77032470703125,154.33346557617188,43.011474609375,176.4870147705078,63.29688262939453
normal,C:\Users\Light\Videos\正常往返.mp4,2189,True,0.7687267661094666,154.32354736328125,43.04164123535156,176.47994995117188,63.333412170410156
normal,C:\Users\Light\Videos\正常往返.mp4,2190,True,0.7725048065185547,153.5475616455078,42.875572204589844,176.76988220214844,63.385005950927734
normal,C:\Users\Light\Videos\正常往返.mp4,2191,True,0.7726137638092041,153.54612731933594,42.87458801269531,176.77110290527344,63.38764953613281
normal,C:\Users\Light\Videos\正常往返.mp4,2192,True,0.8216725587844849,153.0461883544922,42.795162200927734,177.02027893066406,63.46967315673828
normal,C:\Users\Light\Videos\正常往返.mp4,2193,True,0.8180922269821167,153.06533813476562,42.77808380126953,177.01841735839844,63.46546173095703
normal,C:\Users\Light\Videos\正常往返.mp4,2194,True,0.8124925494194031,153.16448974609375,42.714637756347656,176.95790100097656,63.386863708496094
normal,C:\Users\Light\Videos\正常往返.mp4,2195,True,0.8138534426689148,153.1650390625,42.71730422973633,176.96328735351562,63.3831672668457
normal,C:\Users\Light\Videos\正常往返.mp4,2196,True,0.8232557773590088,153.34262084960938,42.6649055480957,176.9711456298828,63.4737548828125
normal,C:\Users\Light\Videos\正常往返.mp4,2197,True,0.8231601119041443,153.3432159423828,42.66593933105469,176.97120666503906,63.47384262084961
normal,C:\Users\Light\Videos\正常往返.mp4,2198,True,0.8059040307998657,152.96670532226562,42.6969108581543,176.99969482421875,63.47819137573242
normal,C:\Users\Light\Videos\正常往返.mp4,2199,True,0.8052989840507507,152.9608612060547,42.687564849853516,176.9913330078125,63.47202682495117
normal,C:\Users\Light\Videos\正常往返.mp4,2200,True,0.7989378571510315,153.42665100097656,42.73326110839844,176.96719360351562,63.45457077026367
normal,C:\Users\Light\Videos\正常往返.mp4,2201,True,0.7991803884506226,153.43019104003906,42.740657806396484,176.97732543945312,63.46039581298828
normal,C:\Users\Light\Videos\正常往返.mp4,2202,True,0.7979589700698853,153.6326141357422,42.69874954223633,177.09979248046875,63.37787628173828
normal,C:\Users\Light\Videos\正常往返.mp4,2203,True,0.7981922030448914,153.63290405273438,42.698883056640625,177.1004638671875,63.37971496582031
normal,C:\Users\Light\Videos\正常往返.mp4,2204,True,0.7806256413459778,154.216552734375,42.73393249511719,176.60867309570312,63.244529724121094
normal,C:\Users\Light\Videos\正常往返.mp4,2205,True,0.7809746861457825,154.22262573242188,42.72483444213867,176.6154327392578,63.23964309692383
normal,C:\Users\Light\Videos\正常往返.mp4,2206,True,0.7620319724082947,154.6981964111328,42.863494873046875,176.9833526611328,63.13993835449219
normal,C:\Users\Light\Videos\正常往返.mp4,2207,True,0.7615596652030945,154.7043914794922,42.88362121582031,176.98184204101562,63.15329360961914
normal,C:\Users\Light\Videos\正常往返.mp4,2208,True,0.7545522451400757,155.50494384765625,42.78937911987305,177.65663146972656,63.06178665161133
normal,C:\Users\Light\Videos\正常往返.mp4,2209,True,0.7547227740287781,155.505126953125,42.78469467163086,177.6619415283203,63.06208038330078
normal,C:\Users\Light\Videos\正常往返.mp4,2210,True,0.7415944933891296,155.88467407226562,42.87624740600586,178.43035888671875,62.96918487548828
normal,C:\Users\Light\Videos\正常往返.mp4,2211,True,0.7420092225074768,155.8765411376953,42.86457061767578,178.4337615966797,62.965171813964844
normal,C:\Users\Light\Videos\正常往返.mp4,2212,True,0.7678860425949097,157.36598205566406,43.09186553955078,179.53091430664062,63.1571044921875
normal,C:\Users\Light\Videos\正常往返.mp4,2213,True,0.7677181363105774,157.35931396484375,43.08341598510742,179.53250122070312,63.157752990722656
normal,C:\Users\Light\Videos\正常往返.mp4,2214,True,0.8149082064628601,158.4990692138672,43.0135383605957,180.14662170410156,62.84117126464844
normal,C:\Users\Light\Videos\正常往返.mp4,2215,True,0.81414395570755,158.49935913085938,43.015018463134766,180.13999938964844,62.838077545166016
normal,C:\Users\Light\Videos\正常往返.mp4,2216,True,0.7713721394538879,159.53829956054688,43.51384735107422,182.04608154296875,63.564876556396484
normal,C:\Users\Light\Videos\正常往返.mp4,2217,True,0.771656334400177,159.53672790527344,43.5172119140625,182.04574584960938,63.568328857421875
normal,C:\Users\Light\Videos\正常往返.mp4,2218,True,0.7639728784561157,160.28358459472656,43.06793212890625,182.03724670410156,62.81062316894531
normal,C:\Users\Light\Videos\正常往返.mp4,2219,True,0.763508141040802,160.28286743164062,43.071537017822266,182.03305053710938,62.81172180175781
normal,C:\Users\Light\Videos\正常往返.mp4,2220,True,0.8036394119262695,162.35739135742188,43.061519622802734,184.25428771972656,62.721920013427734
normal,C:\Users\Light\Videos\正常往返.mp4,2221,True,0.8042776584625244,162.36077880859375,43.06028747558594,184.25843811035156,62.72135925292969
normal,C:\Users\Light\Videos\正常往返.mp4,2222,True,0.8011789321899414,163.57797241210938,42.881690979003906,185.8101806640625,63.099910736083984
normal,C:\Users\Light\Videos\正常往返.mp4,2223,True,0.8018168807029724,163.5740966796875,42.87028503417969,185.8241729736328,63.10786437988281
normal,C:\Users\Light\Videos\正常往返.mp4,2224,True,0.7986454963684082,165.10948181152344,42.73290252685547,187.91746520996094,63.50297927856445
normal,C:\Users\Light\Videos\正常往返.mp4,2225,True,0.798759400844574,165.10983276367188,42.73646545410156,187.9154815673828,63.50259780883789
normal,C:\Users\Light\Videos\正常往返.mp4,2226,True,0.7768922448158264,166.85018920898438,42.925933837890625,189.1761474609375,63.213043212890625
normal,C:\Users\Light\Videos\正常往返.mp4,2227,True,0.77643883228302,166.8362579345703,42.92918014526367,189.16375732421875,63.218624114990234
normal,C:\Users\Light\Videos\正常往返.mp4,2228,True,0.7897614240646362,168.99888610839844,42.726112365722656,191.11805725097656,63.01743698120117
normal,C:\Users\Light\Videos\正常往返.mp4,2229,True,0.7898598909378052,169.0015411376953,42.72707748413086,191.11744689941406,63.01566696166992
normal,C:\Users\Light\Videos\正常往返.mp4,2230,True,0.8103882074356079,170.68148803710938,43.287940979003906,192.7238006591797,63.53762435913086
normal,C:\Users\Light\Videos\正常往返.mp4,2231,True,0.8104569315910339,170.6805877685547,43.28812026977539,192.72360229492188,63.538658142089844
normal,C:\Users\Light\Videos\正常往返.mp4,2232,True,0.7680892944335938,172.1818084716797,43.2605094909668,194.1310577392578,63.419071197509766
normal,C:\Users\Light\Videos\正常往返.mp4,2233,True,0.7682613730430603,172.18353271484375,43.26481246948242,194.13096618652344,63.418846130371094
normal,C:\Users\Light\Videos\正常往返.mp4,2234,True,0.7573503255844116,174.3531036376953,42.798702239990234,196.87353515625,63.27787780761719
normal,C:\Users\Light\Videos\正常往返.mp4,2235,True,0.7574394941329956,174.35752868652344,42.79883575439453,196.87283325195312,63.274471282958984
normal,C:\Users\Light\Videos\正常往返.mp4,2236,True,0.8030300736427307,176.19854736328125,42.975955963134766,198.9958038330078,63.6312370300293
normal,C:\Users\Light\Videos\正常往返.mp4,2237,True,0.80275559425354,176.19886779785156,42.969322204589844,199.00457763671875,63.632896423339844
normal,C:\Users\Light\Videos\正常往返.mp4,2238,True,0.7639692425727844,178.40960693359375,42.57577896118164,200.84861755371094,62.7843132019043
normal,C:\Users\Light\Videos\正常往返.mp4,2239,True,0.7641732096672058,178.40748596191406,42.573692321777344,200.84312438964844,62.78339385986328
normal,C:\Users\Light\Videos\正常往返.mp4,2240,True,0.7815660834312439,181.04660034179688,42.639625549316406,203.39321899414062,62.93834686279297
normal,C:\Users\Light\Videos\正常往返.mp4,2241,True,0.7814199924468994,181.042724609375,42.63521194458008,203.3952178955078,62.94195556640625
normal,C:\Users\Light\Videos\正常往返.mp4,2242,True,0.7814199924468994,181.042724609375,42.63521194458008,203.3952178955078,62.94195556640625
normal,C:\Users\Light\Videos\正常往返.mp4,2243,True,0.7526022791862488,182.7515411376953,42.92953872680664,205.76185607910156,63.50405502319336
normal,C:\Users\Light\Videos\正常往返.mp4,2244,True,0.7477420568466187,185.5618133544922,42.620914459228516,208.07821655273438,63.10062789916992
normal,C:\Users\Light\Videos\正常往返.mp4,2245,True,0.7478438019752502,185.56600952148438,42.617034912109375,208.08128356933594,63.093746185302734
normal,C:\Users\Light\Videos\正常往返.mp4,2246,True,0.7749291062355042,187.8827362060547,43.332786560058594,210.64186096191406,64.01667022705078
normal,C:\Users\Light\Videos\正常往返.mp4,2247,True,0.7750092148780823,187.8847198486328,43.33088302612305,210.65029907226562,64.01736450195312
normal,C:\Users\Light\Videos\正常往返.mp4,2248,True,0.7382969856262207,190.8019561767578,42.841529846191406,213.19039916992188,63.17557144165039
normal,C:\Users\Light\Videos\正常往返.mp4,2249,True,0.7391082048416138,190.7774658203125,42.840545654296875,213.17662048339844,63.17476272583008
normal,C:\Users\Light\Videos\正常往返.mp4,2250,True,0.7871288657188416,193.4333038330078,43.11277389526367,215.86306762695312,63.378326416015625
normal,C:\Users\Light\Videos\正常往返.mp4,2251,True,0.787139892578125,193.4330596923828,43.11163330078125,215.8660125732422,63.3807258605957
normal,C:\Users\Light\Videos\正常往返.mp4,2252,True,0.7504318952560425,196.07150268554688,42.335906982421875,219.04312133789062,63.166629791259766
normal,C:\Users\Light\Videos\正常往返.mp4,2253,True,0.7504904270172119,196.08099365234375,42.3411979675293,219.05406188964844,63.16523742675781
normal,C:\Users\Light\Videos\正常往返.mp4,2254,True,0.7965747714042664,198.93902587890625,42.854461669921875,221.81666564941406,63.5692253112793
normal,C:\Users\Light\Videos\正常往返.mp4,2255,True,0.7965832352638245,198.94107055664062,42.861366271972656,221.810546875,63.56752395629883
normal,C:\Users\Light\Videos\正常往返.mp4,2256,True,0.7435659170150757,201.92422485351562,42.74953079223633,224.26263427734375,63.006744384765625
normal,C:\Users\Light\Videos\正常往返.mp4,2257,True,0.7438704967498779,201.9356689453125,42.738975524902344,224.27687072753906,63.00278091430664
normal,C:\Users\Light\Videos\正常往返.mp4,2258,True,0.7623372077941895,204.98651123046875,43.05883026123047,227.4637451171875,63.40631866455078
normal,C:\Users\Light\Videos\正常往返.mp4,2259,True,0.7629822492599487,204.9662628173828,43.054237365722656,227.4441375732422,63.40181350708008
normal,C:\Users\Light\Videos\正常往返.mp4,2260,True,0.739589512348175,207.8532257080078,42.373626708984375,231.11769104003906,62.91680908203125
normal,C:\Users\Light\Videos\正常往返.mp4,2261,True,0.7404547929763794,207.79518127441406,42.392723083496094,231.1984100341797,62.92245864868164
normal,C:\Users\Light\Videos\正常往返.mp4,2262,True,0.7863555550575256,211.15403747558594,43.08722686767578,234.16278076171875,63.315574645996094
normal,C:\Users\Light\Videos\正常往返.mp4,2263,True,0.7865079045295715,211.13868713378906,43.106388092041016,234.14810180664062,63.30560302734375
normal,C:\Users\Light\Videos\正常往返.mp4,2264,True,0.7445183396339417,214.3689727783203,42.67494583129883,238.73812866210938,63.258872985839844
normal,C:\Users\Light\Videos\正常往返.mp4,2265,True,0.7440919876098633,214.37034606933594,42.70840835571289,238.7148895263672,63.27054977416992
normal,C:\Users\Light\Videos\正常往返.mp4,2266,True,0.744545578956604,214.3692169189453,42.67494583129883,238.7382354736328,63.25860595703125
normal,C:\Users\Light\Videos\正常往返.mp4,2267,True,0.7390932440757751,217.53305053710938,42.87738800048828,240.87908935546875,63.333255767822266
normal,C:\Users\Light\Videos\正常往返.mp4,2268,True,0.7963116765022278,220.7379913330078,43.23207092285156,244.68576049804688,63.422142028808594
normal,C:\Users\Light\Videos\正常往返.mp4,2269,True,0.7961962223052979,220.7456512451172,43.229000091552734,244.69338989257812,63.43233871459961
normal,C:\Users\Light\Videos\正常往返.mp4,2270,True,0.7378385663032532,223.9967803955078,42.784629821777344,247.1490020751953,63.191280364990234
normal,C:\Users\Light\Videos\正常往返.mp4,2271,True,0.7375786900520325,224.01466369628906,42.7919807434082,247.14675903320312,63.187740325927734
normal,C:\Users\Light\Videos\正常往返.mp4,2272,True,0.7654404044151306,228.16102600097656,43.28236389160156,250.85690307617188,62.67328643798828
normal,C:\Users\Light\Videos\正常往返.mp4,2273,True,0.7634154558181763,228.1609649658203,43.28839111328125,250.87615966796875,62.6764030456543
normal,C:\Users\Light\Videos\正常往返.mp4,2274,True,0.7431080341339111,230.4154815673828,42.23041915893555,254.7700653076172,63.097713470458984
normal,C:\Users\Light\Videos\正常往返.mp4,2275,True,0.7429481744766235,230.4180450439453,42.22358322143555,254.76744079589844,63.086307525634766
normal,C:\Users\Light\Videos\正常往返.mp4,2276,True,0.7962860465049744,232.68321228027344,41.85839080810547,258.7957458496094,62.78480529785156
normal,C:\Users\Light\Videos\正常往返.mp4,2277,True,0.7979297041893005,232.6133270263672,41.92055892944336,258.9056091308594,62.80470657348633
normal,C:\Users\Light\Videos\正常往返.mp4,2278,True,0.7584065198898315,236.75326538085938,42.34245300292969,260.1218566894531,63.12575149536133
normal,C:\Users\Light\Videos\正常往返.mp4,2279,True,0.7581478953361511,236.73590087890625,42.35092544555664,260.1032409667969,63.13175582885742
normal,C:\Users\Light\Videos\正常往返.mp4,2280,True,0.7799484133720398,239.14462280273438,41.50747299194336,263.39544677734375,62.90309524536133
normal,C:\Users\Light\Videos\正常往返.mp4,2281,True,0.7797401547431946,239.14451599121094,41.502586364746094,263.39385986328125,62.902957916259766
normal,C:\Users\Light\Videos\正常往返.mp4,2282,True,0.7738508582115173,241.3666229248047,41.323116302490234,265.5561828613281,63.24509048461914
normal,C:\Users\Light\Videos\正常往返.mp4,2283,True,0.7739200592041016,241.3630828857422,41.32080841064453,265.5606994628906,63.247039794921875
normal,C:\Users\Light\Videos\正常往返.mp4,2284,True,0.7874987125396729,243.5482177734375,41.04604721069336,267.4768371582031,62.90701675415039
normal,C:\Users\Light\Videos\正常往返.mp4,2285,True,0.7869928479194641,243.5648193359375,41.05106735229492,267.47369384765625,62.891639709472656
normal,C:\Users\Light\Videos\正常往返.mp4,2286,True,0.7882448434829712,244.15603637695312,41.237327575683594,268.337646484375,63.024654388427734
normal,C:\Users\Light\Videos\正常往返.mp4,2287,True,0.7882195115089417,244.15615844726562,41.23809051513672,268.3348388671875,63.023799896240234
normal,C:\Users\Light\Videos\正常往返.mp4,2288,True,0.7882195115089417,244.15615844726562,41.23809051513672,268.3348388671875,63.023799896240234
normal,C:\Users\Light\Videos\正常往返.mp4,2289,True,0.7997455596923828,244.85586547851562,41.339500427246094,269.10870361328125,62.7119026184082
normal,C:\Users\Light\Videos\正常往返.mp4,2290,True,0.7995641231536865,244.85214233398438,41.34115982055664,269.09893798828125,62.708900451660156
normal,C:\Users\Light\Videos\正常往返.mp4,2291,True,0.8018667101860046,245.107666015625,41.39680480957031,269.4035339355469,62.7955207824707
normal,C:\Users\Light\Videos\正常往返.mp4,2292,True,0.8010877370834351,245.07269287109375,41.4795036315918,269.4124450683594,62.84926223754883
normal,C:\Users\Light\Videos\正常往返.mp4,2293,True,0.8012148141860962,245.07135009765625,41.47932434082031,269.4111633300781,62.8486328125
normal,C:\Users\Light\Videos\正常往返.mp4,2294,True,0.7980732917785645,244.38893127441406,41.350547790527344,268.65655517578125,62.64944076538086
normal,C:\Users\Light\Videos\正常往返.mp4,2295,True,0.7983309030532837,244.39324951171875,41.35469436645508,268.66583251953125,62.6580696105957
normal,C:\Users\Light\Videos\正常往返.mp4,2296,True,0.7949952483177185,244.25411987304688,40.98338317871094,268.2867126464844,62.78272247314453
normal,C:\Users\Light\Videos\正常往返.mp4,2297,True,0.7951192855834961,244.24693298339844,40.97991180419922,268.2851257324219,62.78350830078125
normal,C:\Users\Light\Videos\正常往返.mp4,2298,True,0.7880892157554626,243.36831665039062,40.99134063720703,267.3052062988281,62.879337310791016
normal,C:\Users\Light\Videos\正常往返.mp4,2299,True,0.7882475256919861,243.35794067382812,40.99317932128906,267.30035400390625,62.887451171875
normal,C:\Users\Light\Videos\正常往返.mp4,2300,True,0.7742356657981873,241.36407470703125,41.22589874267578,265.34429931640625,63.20430374145508
normal,C:\Users\Light\Videos\正常往返.mp4,2301,True,0.7740815281867981,241.36082458496094,41.226436614990234,265.3371887207031,63.202552795410156
normal,C:\Users\Light\Videos\正常往返.mp4,2302,True,0.7758384943008423,238.92047119140625,41.0594482421875,263.27294921875,62.565826416015625
normal,C:\Users\Light\Videos\正常往返.mp4,2303,True,0.7761549949645996,238.93734741210938,41.067874908447266,263.27630615234375,62.55453109741211
normal,C:\Users\Light\Videos\正常往返.mp4,2304,True,0.7748880386352539,236.55776977539062,42.21067428588867,260.114013671875,63.31669616699219
normal,C:\Users\Light\Videos\正常往返.mp4,2305,True,0.7740920186042786,236.5503387451172,42.21807098388672,260.1104736328125,63.32583999633789
normal,C:\Users\Light\Videos\正常往返.mp4,2306,True,0.7918031215667725,232.5849609375,41.467445373535156,256.8656005859375,62.633888244628906
normal,C:\Users\Light\Videos\正常往返.mp4,2307,True,0.7918341755867004,232.6122283935547,41.47056198120117,256.8777770996094,62.627769470214844
normal,C:\Users\Light\Videos\正常往返.mp4,2308,True,0.7644846439361572,230.59671020507812,41.26686477661133,254.54042053222656,62.78068161010742
normal,C:\Users\Light\Videos\正常往返.mp4,2309,True,0.7644846439361572,230.59671020507812,41.26686477661133,254.54042053222656,62.78068161010742
normal,C:\Users\Light\Videos\正常往返.mp4,2310,True,0.7644644975662231,230.59727478027344,41.26525115966797,254.5375213623047,62.77777099609375
normal,C:\Users\Light\Videos\正常往返.mp4,2311,True,0.7814420461654663,227.31167602539062,41.453617095947266,251.3431854248047,62.58290100097656
normal,C:\Users\Light\Videos\正常往返.mp4,2312,True,0.7809269428253174,227.30157470703125,41.4508171081543,251.34361267089844,62.58668899536133
normal,C:\Users\Light\Videos\正常往返.mp4,2313,True,0.7812495827674866,221.319580078125,42.0805549621582,248.02548217773438,62.92749786376953
normal,C:\Users\Light\Videos\正常往返.mp4,2314,True,0.7811188697814941,221.30833435058594,42.07730484008789,248.03103637695312,62.932498931884766
normal,C:\Users\Light\Videos\正常往返.mp4,2315,True,0.757527232170105,218.71121215820312,41.40191650390625,242.34873962402344,62.65378952026367
normal,C:\Users\Light\Videos\正常往返.mp4,2316,True,0.7678446769714355,214.409423828125,41.558189392089844,239.9143524169922,62.85004425048828
normal,C:\Users\Light\Videos\正常往返.mp4,2317,True,0.7681145071983337,214.40406799316406,41.57221984863281,239.92669677734375,62.86058044433594
normal,C:\Users\Light\Videos\正常往返.mp4,2318,True,0.7937369346618652,209.83645629882812,42.35690689086914,234.75828552246094,63.31017303466797
normal,C:\Users\Light\Videos\正常往返.mp4,2319,True,0.7944634556770325,209.8327178955078,42.365535736083984,234.75503540039062,63.31696319580078
normal,C:\Users\Light\Videos\正常往返.mp4,2320,True,0.7486757636070251,204.81564331054688,41.853057861328125,228.6254119873047,62.533756256103516
normal,C:\Users\Light\Videos\正常往返.mp4,2321,True,0.7490264177322388,204.8309783935547,41.856842041015625,228.62168884277344,62.524810791015625
normal,C:\Users\Light\Videos\正常往返.mp4,2322,True,0.7706635594367981,198.10313415527344,42.208431243896484,224.78070068359375,62.59867858886719
normal,C:\Users\Light\Videos\正常往返.mp4,2323,True,0.7704157829284668,198.12913513183594,42.203033447265625,224.7469482421875,62.597984313964844
normal,C:\Users\Light\Videos\正常往返.mp4,2324,True,0.7586379051208496,194.13858032226562,41.56453323364258,219.25936889648438,62.509952545166016
normal,C:\Users\Light\Videos\正常往返.mp4,2325,True,0.7604230046272278,193.1131134033203,42.62757110595703,219.6720733642578,62.73579406738281
normal,C:\Users\Light\Videos\正常往返.mp4,2326,True,0.7682084441184998,188.09500122070312,42.566654205322266,213.6857147216797,63.161563873291016
normal,C:\Users\Light\Videos\正常往返.mp4,2327,True,0.768456220626831,188.063720703125,42.56679153442383,213.65545654296875,63.16254806518555
normal,C:\Users\Light\Videos\正常往返.mp4,2328,True,0.762736439704895,182.9402618408203,41.72517776489258,209.10147094726562,62.74397277832031
normal,C:\Users\Light\Videos\正常往返.mp4,2329,True,0.7626979947090149,182.90118408203125,41.73100280761719,209.0953826904297,62.75141525268555
normal,C:\Users\Light\Videos\正常往返.mp4,2330,True,0.7732228636741638,175.6234893798828,41.994224548339844,203.28994750976562,62.312171936035156
normal,C:\Users\Light\Videos\正常往返.mp4,2331,True,0.7727900743484497,175.58163452148438,41.98783874511719,203.3814239501953,62.28642272949219
normal,C:\Users\Light\Videos\正常往返.mp4,2332,True,0.7512995600700378,170.83706665039062,42.73819351196289,195.9915313720703,63.565101623535156
normal,C:\Users\Light\Videos\正常往返.mp4,2333,True,0.7512995600700378,170.83706665039062,42.73819351196289,195.9915313720703,63.565101623535156
normal,C:\Users\Light\Videos\正常往返.mp4,2334,True,0.7515060305595398,170.7805633544922,42.73113250732422,196.04641723632812,63.564273834228516
normal,C:\Users\Light\Videos\正常往返.mp4,2335,True,0.7801927924156189,164.6895751953125,42.59787368774414,190.65476989746094,62.986106872558594
normal,C:\Users\Light\Videos\正常往返.mp4,2336,True,0.7806001901626587,164.66342163085938,42.587947845458984,190.66189575195312,62.980525970458984
normal,C:\Users\Light\Videos\正常往返.mp4,2337,True,0.7324032187461853,158.94842529296875,42.64787292480469,183.98182678222656,63.154659271240234
normal,C:\Users\Light\Videos\正常往返.mp4,2338,True,0.7325470447540283,158.92767333984375,42.636444091796875,183.96412658691406,63.14583206176758
normal,C:\Users\Light\Videos\正常往返.mp4,2339,True,0.7454282641410828,152.26577758789062,42.94002914428711,177.04212951660156,63.08760452270508
normal,C:\Users\Light\Videos\正常往返.mp4,2340,True,0.7123467922210693,146.48358154296875,43.23769760131836,171.1630401611328,62.82481002807617
normal,C:\Users\Light\Videos\正常往返.mp4,2341,True,0.7119506597518921,146.4866485595703,43.253875732421875,171.15408325195312,62.84022903442383
normal,C:\Users\Light\Videos\正常往返.mp4,2342,True,0.6668873429298401,139.36070251464844,43.56232452392578,165.3049774169922,62.9654426574707
normal,C:\Users\Light\Videos\正常往返.mp4,2343,True,0.6666836142539978,139.3733673095703,43.584110260009766,165.23757934570312,62.96620559692383
normal,C:\Users\Light\Videos\正常往返.mp4,2344,True,0.7241718173027039,133.32940673828125,44.0451545715332,159.09999084472656,63.23079299926758
normal,C:\Users\Light\Videos\正常往返.mp4,2345,True,0.7241643071174622,133.3280487060547,44.026397705078125,159.1184539794922,63.2261962890625
normal,C:\Users\Light\Videos\正常往返.mp4,2346,True,0.6558195352554321,127.66584777832031,42.917999267578125,152.84605407714844,62.967681884765625
normal,C:\Users\Light\Videos\正常往返.mp4,2347,True,0.6554526686668396,127.70670318603516,42.91524124145508,152.79812622070312,62.96470260620117
normal,C:\Users\Light\Videos\正常往返.mp4,2348,True,0.6063697934150696,121.72576141357422,44.065303802490234,148.5286407470703,63.05398941040039
normal,C:\Users\Light\Videos\正常往返.mp4,2349,True,0.6081336140632629,121.72924041748047,44.042240142822266,148.50355529785156,63.04966354370117
normal,C:\Users\Light\Videos\正常往返.mp4,2350,True,0.47950512170791626,115.15373992919922,44.83098602294922,140.75418090820312,63.10394287109375
normal,C:\Users\Light\Videos\正常往返.mp4,2351,True,0.49174562096595764,115.21969604492188,44.8644905090332,140.7420654296875,63.07622146606445
normal,C:\Users\Light\Videos\正常往返.mp4,2352,True,0.615317702293396,112.2213134765625,44.90902328491211,135.46383666992188,63.75373840332031
normal,C:\Users\Light\Videos\正常往返.mp4,2353,True,0.6145073771476746,112.23250579833984,44.90225601196289,135.46755981445312,63.75194549560547
normal,C:\Users\Light\Videos\正常往返.mp4,2354,True,0.5961015820503235,107.42853546142578,44.776885986328125,128.26654052734375,62.29296875
normal,C:\Users\Light\Videos\正常往返.mp4,2355,True,0.5962686538696289,107.42738342285156,44.771080017089844,128.26861572265625,62.29357147216797
normal,C:\Users\Light\Videos\正常往返.mp4,2356,True,0.5961044430732727,107.42860412597656,44.77686309814453,128.2665557861328,62.293212890625
normal,C:\Users\Light\Videos\正常往返.mp4,2357,True,0.6832543611526489,104.79353332519531,45.73622512817383,126.53511810302734,63.060691833496094
normal,C:\Users\Light\Videos\正常往返.mp4,2358,True,0.6832017302513123,104.77711486816406,45.745391845703125,126.54927062988281,63.063758850097656
normal,C:\Users\Light\Videos\正常往返.mp4,2359,True,0.7002354264259338,101.67557525634766,45.61970901489258,124.19709777832031,63.299705505371094
normal,C:\Users\Light\Videos\正常往返.mp4,2360,True,0.7006109952926636,101.67060089111328,45.63136291503906,124.30567932128906,63.280479431152344
normal,C:\Users\Light\Videos\正常往返.mp4,2361,True,0.6960350275039673,100.27298736572266,45.733489990234375,123.63035583496094,63.763153076171875
normal,C:\Users\Light\Videos\正常往返.mp4,2362,True,0.6968198418617249,100.23936462402344,45.723182678222656,123.71018981933594,63.75149917602539
normal,C:\Users\Light\Videos\正常往返.mp4,2363,True,0.6820884346961975,100.332763671875,45.829681396484375,123.432861328125,63.876644134521484
normal,C:\Users\Light\Videos\正常往返.mp4,2364,True,0.6940876245498657,100.94114685058594,45.83808517456055,125.7151870727539,63.440269470214844
normal,C:\Users\Light\Videos\正常往返.mp4,2365,True,0.6946242451667786,100.97407531738281,45.8189697265625,125.68083953857422,63.43890380859375
normal,C:\Users\Light\Videos\正常往返.mp4,2366,True,0.6547154188156128,102.86460876464844,46.256282806396484,128.53573608398438,63.61373519897461
normal,C:\Users\Light\Videos\正常往返.mp4,2367,True,0.6533243656158447,102.82888793945312,46.25148391723633,128.5224151611328,63.60763931274414
normal,C:\Users\Light\Videos\正常往返.mp4,2368,True,0.6628882884979248,106.5811538696289,45.54866409301758,134.98838806152344,64.5884017944336
normal,C:\Users\Light\Videos\正常往返.mp4,2369,True,0.6688298583030701,106.59298706054688,45.553619384765625,135.02171325683594,64.60366821289062
normal,C:\Users\Light\Videos\正常往返.mp4,2370,True,0.5921840071678162,112.73530578613281,45.61345672607422,141.5041046142578,64.85010528564453
normal,C:\Users\Light\Videos\正常往返.mp4,2371,True,0.5926401615142822,112.72959899902344,45.608482360839844,141.5153045654297,64.85713958740234
normal,C:\Users\Light\Videos\正常往返.mp4,2372,True,0.6316372752189636,121.6456069946289,46.9586067199707,146.29452514648438,64.6187515258789
normal,C:\Users\Light\Videos\正常往返.mp4,2373,True,0.6310325264930725,121.68164825439453,46.969993591308594,146.2740478515625,64.6239013671875
normal,C:\Users\Light\Videos\正常往返.mp4,2374,True,0.6891786456108093,129.87094116210938,47.14363479614258,157.90415954589844,65.07571411132812
normal,C:\Users\Light\Videos\正常往返.mp4,2375,True,0.6898212432861328,129.8495635986328,47.155784606933594,157.92010498046875,65.0711441040039
normal,C:\Users\Light\Videos\正常往返.mp4,2376,True,0.7062132358551025,138.40585327148438,45.39257049560547,168.8882293701172,63.743831634521484
normal,C:\Users\Light\Videos\正常往返.mp4,2377,True,0.7065618634223938,138.40606689453125,45.395774841308594,168.88612365722656,63.74188232421875
normal,C:\Users\Light\Videos\正常往返.mp4,2378,True,0.6882693767547607,152.57989501953125,46.60491180419922,183.2035369873047,65.33053588867188
normal,C:\Users\Light\Videos\正常往返.mp4,2379,True,0.6984091401100159,152.6727752685547,46.52223587036133,183.1321563720703,65.2957763671875
normal,C:\Users\Light\Videos\正常往返.mp4,2380,True,0.6883053183555603,152.57986450195312,46.60491180419922,183.20388793945312,65.33080291748047
normal,C:\Users\Light\Videos\正常往返.mp4,2381,True,0.714245080947876,166.81214904785156,44.79833221435547,196.5937957763672,64.5045394897461
normal,C:\Users\Light\Videos\正常往返.mp4,2382,True,0.7144832015037537,166.806396484375,44.78849411010742,196.61900329589844,64.4999008178711
normal,C:\Users\Light\Videos\正常往返.mp4,2383,True,0.6500639319419861,180.10523986816406,45.60664367675781,213.18569946289062,64.08358764648438
normal,C:\Users\Light\Videos\正常往返.mp4,2384,True,0.6504998803138733,180.05775451660156,45.60700225830078,213.2937469482422,64.07462310791016
normal,C:\Users\Light\Videos\正常往返.mp4,2385,True,0.5192198753356934,195.91415405273438,45.177398681640625,230.78038024902344,63.44766616821289
normal,C:\Users\Light\Videos\正常往返.mp4,2386,True,0.5178236961364746,195.89993286132812,45.17477798461914,230.7862091064453,63.44656753540039
normal,C:\Users\Light\Videos\正常往返.mp4,2387,True,0.4993819296360016,213.42771911621094,45.49344253540039,250.68734741210938,65.47338104248047
normal,C:\Users\Light\Videos\正常往返.mp4,2388,True,0.46564364433288574,232.03915405273438,48.45691680908203,274.40228271484375,67.22095489501953
normal,C:\Users\Light\Videos\正常往返.mp4,2389,True,0.4665517807006836,232.00753784179688,48.440982818603516,274.4232482910156,67.22272491455078
normal,C:\Users\Light\Videos\正常往返.mp4,2390,True,0.5392330288887024,252.85264587402344,47.78908157348633,297.5968017578125,67.23841094970703
normal,C:\Users\Light\Videos\正常往返.mp4,2391,True,0.5401319861412048,252.83984375,47.79338455200195,297.5890197753906,67.24190521240234
normal,C:\Users\Light\Videos\正常往返.mp4,2392,True,0.4616151452064514,273.821044921875,48.28067398071289,318.9625244140625,66.69831848144531
normal,C:\Users\Light\Videos\正常往返.mp4,2393,True,0.4540575444698334,273.7625732421875,48.2940559387207,318.9656677246094,66.70398712158203
normal,C:\Users\Light\Videos\正常往返.mp4,2394,True,0.24937917292118073,299.4464111328125,48.76940155029297,343.9535217285156,66.54756164550781
normal,C:\Users\Light\Videos\正常往返.mp4,2395,True,0.24856042861938477,299.4564208984375,48.77309799194336,343.9602966308594,66.55067443847656
normal,C:\Users\Light\Videos\正常往返.mp4,2396,True,0.04242201894521713,345.2665100097656,15.777812957763672,365.45037841796875,37.09584426879883
normal,C:\Users\Light\Videos\正常往返.mp4,2397,True,0.04246770590543747,345.2423095703125,15.771604537963867,365.43731689453125,37.09703063964844
normal,C:\Users\Light\Videos\正常往返.mp4,2398,True,0.06920257955789566,345.4374694824219,16.164566040039062,365.6058654785156,37.1120491027832
normal,C:\Users\Light\Videos\正常往返.mp4,2399,True,0.06914405524730682,345.44024658203125,16.1671199798584,365.6172790527344,37.11576843261719
normal,C:\Users\Light\Videos\正常往返.mp4,2400,True,0.07193946838378906,345.4761047363281,16.282739639282227,365.8780517578125,36.95008087158203
normal,C:\Users\Light\Videos\正常往返.mp4,2401,True,0.0720902681350708,345.45782470703125,16.274784088134766,365.86590576171875,36.95248031616211
normal,C:\Users\Light\Videos\正常往返.mp4,2402,True,0.0720902681350708,345.45782470703125,16.274784088134766,365.86590576171875,36.95248031616211
normal,C:\Users\Light\Videos\正常往返.mp4,2403,True,0.05216027423739433,345.7767639160156,16.013423919677734,365.9538879394531,37.01155471801758
normal,C:\Users\Light\Videos\正常往返.mp4,2404,True,0.051673781126737595,345.7948913574219,16.03339195251465,365.9767761230469,37.01987075805664
normal,C:\Users\Light\Videos\正常往返.mp4,2405,True,0.07534050196409225,344.9464111328125,16.18794059753418,365.4754333496094,36.97706604003906
normal,C:\Users\Light\Videos\正常往返.mp4,2406,True,0.07466749101877213,344.96844482421875,16.185901641845703,365.4878845214844,36.98457336425781
normal,C:\Users\Light\Videos\正常往返.mp4,2407,True,0.2243378907442093,364.25048828125,49.395999908447266,399.70672607421875,67.44340515136719
normal,C:\Users\Light\Videos\正常往返.mp4,2408,True,0.22373630106449127,364.18408203125,49.39308547973633,399.7529602050781,67.43440246582031
normal,C:\Users\Light\Videos\正常往返.mp4,2409,True,0.46725621819496155,363.7497253417969,46.449378967285156,390.73822021484375,64.90763092041016
normal,C:\Users\Light\Videos\正常往返.mp4,2410,True,0.46789687871932983,363.7496643066406,46.451171875,390.7370300292969,64.90691375732422
normal,C:\Users\Light\Videos\正常往返.mp4,2411,True,0.6322798132896423,359.82391357421875,48.01561737060547,384.4095458984375,65.58525848388672
normal,C:\Users\Light\Videos\正常往返.mp4,2412,True,0.5595290660858154,359.58197021484375,49.25810241699219,380.7013244628906,66.56566619873047
normal,C:\Users\Light\Videos\正常往返.mp4,2413,True,0.559958279132843,359.5805969238281,49.25938034057617,380.6983642578125,66.56439208984375
normal,C:\Users\Light\Videos\正常往返.mp4,2414,True,0.550034761428833,358.1392822265625,47.822139739990234,378.14044189453125,65.61652374267578
normal,C:\Users\Light\Videos\正常往返.mp4,2415,True,0.5496638417243958,358.1299133300781,47.80674362182617,378.13385009765625,65.59395599365234
normal,C:\Users\Light\Videos\正常往返.mp4,2416,True,0.6274119019508362,356.4725036621094,47.59235763549805,379.17242431640625,65.57181549072266
normal,C:\Users\Light\Videos\正常往返.mp4,2417,True,0.6266369223594666,356.44061279296875,47.62247848510742,379.1856384277344,65.5831069946289
normal,C:\Users\Light\Videos\正常往返.mp4,2418,True,0.4748649597167969,358.4947814941406,48.997100830078125,378.27789306640625,66.17786407470703
normal,C:\Users\Light\Videos\正常往返.mp4,2419,True,0.47448208928108215,358.4902038574219,48.996337890625,378.2746276855469,66.1762924194336
normal,C:\Users\Light\Videos\正常往返.mp4,2420,True,0.5988649725914001,359.57891845703125,48.63497543334961,381.9414367675781,65.84725189208984
normal,C:\Users\Light\Videos\正常往返.mp4,2421,True,0.5987167358398438,359.5839538574219,48.638248443603516,381.9578552246094,65.84917449951172
normal,C:\Users\Light\Videos\正常往返.mp4,2422,True,0.6982189416885376,360.98980712890625,48.645263671875,386.8792724609375,65.84431457519531
normal,C:\Users\Light\Videos\正常往返.mp4,2423,True,0.6957607269287109,361.03045654296875,48.661468505859375,386.88555908203125,65.84998321533203
normal,C:\Users\Light\Videos\正常往返.mp4,2424,True,0.6041786074638367,366.1109619140625,47.595741271972656,391.3689880371094,65.2788314819336
normal,C:\Users\Light\Videos\正常往返.mp4,2425,True,0.609886884689331,366.1000671386719,47.589576721191406,391.3623962402344,65.27020263671875
normal,C:\Users\Light\Videos\正常往返.mp4,2426,True,0.609886884689331,366.1000671386719,47.589576721191406,391.3623962402344,65.27020263671875
normal,C:\Users\Light\Videos\正常往返.mp4,2427,True,0.6182317137718201,369.2185974121094,46.942405700683594,397.468994140625,65.22450256347656
normal,C:\Users\Light\Videos\正常往返.mp4,2428,True,0.6204808354377747,369.2235412597656,46.94525146484375,397.45574951171875,65.21937561035156
normal,C:\Users\Light\Videos\正常往返.mp4,2429,True,0.18075886368751526,373.638427734375,49.522891998291016,404.91265869140625,67.28670501708984
normal,C:\Users\Light\Videos\正常往返.mp4,2430,True,0.17548248171806335,373.6429443359375,49.52264404296875,404.922119140625,67.29457092285156
normal,C:\Users\Light\Videos\正常往返.mp4,2431,True,0.11509048193693161,379.9674987792969,46.870643615722656,415.61920166015625,66.63229370117188
normal,C:\Users\Light\Videos\正常往返.mp4,2432,True,0.12111638486385345,379.8647155761719,46.92178726196289,415.6601257324219,66.6817398071289
normal,C:\Users\Light\Videos\正常往返.mp4,2433,True,0.041898973286151886,344.9223937988281,16.80066680908203,366.8267517089844,36.20723342895508
normal,C:\Users\Light\Videos\正常往返.mp4,2434,True,0.042110834270715714,344.9255676269531,16.795085906982422,366.82861328125,36.20062255859375
normal,C:\Users\Light\Videos\正常往返.mp4,2435,True,0.05771985277533531,346.38348388671875,16.499996185302734,366.4691162109375,36.955013275146484
normal,C:\Users\Light\Videos\正常往返.mp4,2436,True,0.08736013621091843,345.2998046875,16.302888870239258,365.6224060058594,36.918907165527344
normal,C:\Users\Light\Videos\正常往返.mp4,2437,True,0.08644270896911621,345.29974365234375,16.30380630493164,365.6184387207031,36.93233108520508
normal,C:\Users\Light\Videos\正常往返.mp4,2438,True,0.05010661855340004,344.9916076660156,16.260530471801758,366.897216796875,35.819854736328125
normal,C:\Users\Light\Videos\正常往返.mp4,2439,True,0.05062877759337425,344.9855041503906,16.24002456665039,366.8937072753906,35.81100082397461
normal,C:\Users\Light\Videos\正常往返.mp4,2440,True,0.05122263357043266,345.3041687011719,16.568777084350586,365.4234619140625,36.922000885009766
normal,C:\Users\Light\Videos\正常往返.mp4,2441,True,0.05012496933341026,345.2606201171875,16.564584732055664,365.3809509277344,36.92583084106445
normal,C:\Users\Light\Videos\正常往返.mp4,2442,True,0.03203234076499939,346.1213684082031,17.110862731933594,366.2157897949219,37.088111877441406
normal,C:\Users\Light\Videos\正常往返.mp4,2443,True,0.028674045577645302,345.06768798828125,17.572872161865234,366.774658203125,36.5304069519043
normal,C:\Users\Light\Videos\正常往返.mp4,2444,True,0.04319475218653679,345.20343017578125,16.269561767578125,365.5710144042969,37.122154235839844
normal,C:\Users\Light\Videos\正常往返.mp4,2445,True,0.04338742420077324,345.2049560546875,16.26458740234375,365.57244873046875,37.12282943725586
normal,C:\Users\Light\Videos\正常往返.mp4,2446,True,0.06345151364803314,345.4378967285156,15.843634605407715,365.460205078125,36.966552734375
normal,C:\Users\Light\Videos\正常往返.mp4,2447,True,0.06345151364803314,345.4378967285156,15.843634605407715,365.460205078125,36.966552734375
normal,C:\Users\Light\Videos\正常往返.mp4,2448,True,0.06400300562381744,345.4302062988281,15.853809356689453,365.44158935546875,36.958351135253906
normal,C:\Users\Light\Videos\正常往返.mp4,2449,True,0.06894504278898239,403.3897705078125,36.90924835205078,425.61761474609375,59.90414047241211
normal,C:\Users\Light\Videos\正常往返.mp4,2450,True,0.06656944006681442,403.4114990234375,36.868526458740234,425.6463317871094,59.88390350341797
normal,C:\Users\Light\Videos\正常往返.mp4,2451,True,0.07340657711029053,403.8656921386719,37.091182708740234,425.794921875,59.77307891845703
normal,C:\Users\Light\Videos\正常往返.mp4,2452,True,0.07471677660942078,403.8652648925781,37.10606384277344,425.7953796386719,59.77021026611328
normal,C:\Users\Light\Videos\正常往返.mp4,2453,True,0.08041367679834366,403.27587890625,37.12278366088867,425.51617431640625,59.672542572021484
normal,C:\Users\Light\Videos\正常往返.mp4,2454,True,0.07930337637662888,403.2627868652344,37.10563659667969,425.478515625,59.68995666503906
normal,C:\Users\Light\Videos\正常往返.mp4,2455,True,0.08433130383491516,403.294921875,37.33748245239258,425.5601501464844,60.16447067260742
normal,C:\Users\Light\Videos\正常往返.mp4,2456,True,0.08097316324710846,403.27362060546875,37.33217239379883,425.5201110839844,60.176998138427734
normal,C:\Users\Light\Videos\正常往返.mp4,2457,True,0.12366961687803268,403.8414001464844,36.61382293701172,426.1463317871094,59.59302520751953
normal,C:\Users\Light\Videos\正常往返.mp4,2458,True,0.12375208735466003,403.84051513671875,36.601539611816406,426.1547546386719,59.58307647705078
normal,C:\Users\Light\Videos\正常往返.mp4,2459,True,0.08862481266260147,403.64825439453125,37.0308952331543,425.742431640625,59.886749267578125
normal,C:\Users\Light\Videos\正常往返.mp4,2460,True,0.127214714884758,403.58807373046875,36.91872787475586,425.7370300292969,59.69385528564453
normal,C:\Users\Light\Videos\正常往返.mp4,2461,True,0.1304500699043274,403.53912353515625,36.937889099121094,425.7099609375,59.69231033325195
normal,C:\Users\Light\Videos\正常往返.mp4,2462,True,0.08758729696273804,403.4542236328125,37.242034912109375,425.7658996582031,59.86310577392578
normal,C:\Users\Light\Videos\正常往返.mp4,2463,True,0.08724638819694519,403.44390869140625,37.24913787841797,425.76220703125,59.87895202636719
normal,C:\Users\Light\Videos\正常往返.mp4,2464,True,0.09689819812774658,403.1755065917969,37.172760009765625,425.48699951171875,59.867340087890625
normal,C:\Users\Light\Videos\正常往返.mp4,2465,True,0.0969318374991417,403.18206787109375,37.160186767578125,425.4813537597656,59.86561584472656
normal,C:\Users\Light\Videos\正常往返.mp4,2466,True,0.10537521541118622,403.3833312988281,36.92222213745117,425.662353515625,59.71685028076172
normal,C:\Users\Light\Videos\正常往返.mp4,2467,True,0.10690058767795563,403.4010314941406,36.94313430786133,425.6708984375,59.71315002441406
normal,C:\Users\Light\Videos\正常往返.mp4,2468,True,0.07674749195575714,403.40667724609375,37.39772415161133,425.6269836425781,60.095130920410156
normal,C:\Users\Light\Videos\正常往返.mp4,2469,True,0.07657523453235626,403.407470703125,37.4080810546875,425.63360595703125,60.101314544677734
normal,C:\Users\Light\Videos\正常往返.mp4,2470,True,0.12832915782928467,403.06121826171875,37.260005950927734,425.5242004394531,60.00272750854492
normal,C:\Users\Light\Videos\正常往返.mp4,2471,True,0.12832915782928467,403.06121826171875,37.260005950927734,425.5242004394531,60.00272750854492
normal,C:\Users\Light\Videos\正常往返.mp4,2472,True,0.13355150818824768,403.0458068847656,37.17551803588867,425.53387451171875,59.94414520263672
normal,C:\Users\Light\Videos\正常往返.mp4,2473,True,0.09720738977193832,403.2729187011719,37.311241149902344,425.68499755859375,59.89250946044922
normal,C:\Users\Light\Videos\正常往返.mp4,2474,True,0.09768742322921753,403.2853698730469,37.32650375366211,425.703369140625,59.88334274291992
normal,C:\Users\Light\Videos\正常往返.mp4,2475,True,0.10026911646127701,403.1227722167969,37.61567687988281,425.3479919433594,60.26588439941406
normal,C:\Users\Light\Videos\正常往返.mp4,2476,True,0.09933235496282578,403.12176513671875,37.60567855834961,425.3451232910156,60.261131286621094
normal,C:\Users\Light\Videos\正常往返.mp4,2477,True,0.09850672632455826,403.5350341796875,37.30642318725586,425.5382385253906,59.93766784667969
normal,C:\Users\Light\Videos\正常往返.mp4,2478,True,0.09814191609621048,403.5453186035156,37.308372497558594,425.5419616699219,59.93715286254883
normal,C:\Users\Light\Videos\正常往返.mp4,2479,True,0.10082478076219559,403.5044860839844,36.991249084472656,425.8711853027344,59.726844787597656
normal,C:\Users\Light\Videos\正常往返.mp4,2480,True,0.10260806232690811,403.55023193359375,36.95294952392578,425.89837646484375,59.68061065673828
normal,C:\Users\Light\Videos\正常往返.mp4,2481,True,0.08567731827497482,403.55279541015625,37.23454666137695,425.6055603027344,60.0443229675293
normal,C:\Users\Light\Videos\正常往返.mp4,2482,True,0.08717892318964005,403.5380554199219,37.23701477050781,425.5940246582031,60.03424072265625
normal,C:\Users\Light\Videos\正常往返.mp4,2483,True,0.07386390119791031,345.5811462402344,16.212390899658203,365.8017883300781,36.92374801635742
normal,C:\Users\Light\Videos\正常往返.mp4,2484,True,0.16917012631893158,403.052490234375,37.253353118896484,425.6548767089844,60.007904052734375
normal,C:\Users\Light\Videos\正常往返.mp4,2485,True,0.16925063729286194,403.054443359375,37.244789123535156,425.6500244140625,60.00346755981445
normal,C:\Users\Light\Videos\正常往返.mp4,2486,True,0.0922524556517601,403.3587951660156,36.737754821777344,425.63800048828125,59.67384338378906
normal,C:\Users\Light\Videos\正常往返.mp4,2487,True,0.09227144718170166,403.3592834472656,36.736995697021484,425.6379699707031,59.68119430541992
normal,C:\Users\Light\Videos\正常往返.mp4,2488,True,0.137801855802536,402.9096374511719,37.085758209228516,425.48199462890625,60.127986907958984
normal,C:\Users\Light\Videos\正常往返.mp4,2489,True,0.13842646777629852,402.9112548828125,37.078609466552734,425.4826965332031,60.117652893066406
normal,C:\Users\Light\Videos\正常往返.mp4,2490,True,0.07686903327703476,403.26806640625,37.188560485839844,425.15679931640625,60.67780303955078
fast,C:\Users\Light\Videos\高速运动.mp4,0,True,0.05085940659046173,402.8794250488281,37.600704193115234,425.93817138671875,59.1812629699707
fast,C:\Users\Light\Videos\高速运动.mp4,1,True,0.055384352803230286,402.69921875,38.14937973022461,425.74176025390625,59.92805480957031
fast,C:\Users\Light\Videos\高速运动.mp4,2,True,0.05647290125489235,402.6644592285156,38.16697311401367,425.74884033203125,59.91628646850586
fast,C:\Users\Light\Videos\高速运动.mp4,3,True,0.05432676896452904,402.8323974609375,38.165897369384766,425.7409362792969,59.86720657348633
fast,C:\Users\Light\Videos\高速运动.mp4,4,True,0.08939375728368759,402.6354064941406,37.726097106933594,425.8826904296875,59.5153923034668
fast,C:\Users\Light\Videos\高速运动.mp4,5,True,0.08894708007574081,402.6316833496094,37.704200744628906,425.895751953125,59.489105224609375
fast,C:\Users\Light\Videos\高速运动.mp4,6,True,0.048208072781562805,402.62994384765625,38.11930465698242,425.4810791015625,59.79166030883789
fast,C:\Users\Light\Videos\高速运动.mp4,7,True,0.04837511107325554,402.53057861328125,38.01898956298828,425.5500793457031,59.652931213378906
fast,C:\Users\Light\Videos\高速运动.mp4,8,True,0.048213377594947815,402.50213623046875,38.04131317138672,425.5480041503906,59.672386169433594
fast,C:\Users\Light\Videos\高速运动.mp4,9,True,0.0388965979218483,402.3270263671875,38.59166717529297,425.35137939453125,60.16908645629883
fast,C:\Users\Light\Videos\高速运动.mp4,10,True,0.06670346111059189,402.3805847167969,38.687564849853516,425.3370666503906,60.31863784790039
fast,C:\Users\Light\Videos\高速运动.mp4,11,True,0.06442499160766602,402.9879455566406,37.61800765991211,425.73248291015625,59.292110443115234
fast,C:\Users\Light\Videos\高速运动.mp4,12,True,0.06406441330909729,402.9709777832031,37.608055114746094,425.753662109375,59.28556442260742
fast,C:\Users\Light\Videos\高速运动.mp4,13,True,0.11385050415992737,402.93499755859375,37.64158248901367,425.98138427734375,59.43626022338867
fast,C:\Users\Light\Videos\高速运动.mp4,14,True,0.09871474653482437,403.2629699707031,36.69253158569336,426.3255920410156,58.656768798828125
fast,C:\Users\Light\Videos\高速运动.mp4,15,True,0.09850098192691803,403.27484130859375,36.69221496582031,426.3177490234375,58.65614318847656
fast,C:\Users\Light\Videos\高速运动.mp4,16,True,0.09273794293403625,403.2428283691406,37.550994873046875,425.91192626953125,59.552215576171875
fast,C:\Users\Light\Videos\高速运动.mp4,17,True,0.05839455500245094,346.3900146484375,16.97359275817871,366.6524963378906,37.31955337524414
fast,C:\Users\Light\Videos\高速运动.mp4,18,True,0.0578298419713974,346.3675537109375,16.96092987060547,366.62896728515625,37.31944274902344
fast,C:\Users\Light\Videos\高速运动.mp4,19,True,0.03781452775001526,345.42657470703125,18.165136337280273,366.9120178222656,36.98685836791992
fast,C:\Users\Light\Videos\高速运动.mp4,20,True,0.03759897127747536,345.4326171875,18.17827033996582,366.9189147949219,37.0011100769043
fast,C:\Users\Light\Videos\高速运动.mp4,21,True,0.0999932810664177,402.6361999511719,37.97376251220703,425.87713623046875,59.86669158935547
fast,C:\Users\Light\Videos\高速运动.mp4,22,True,0.17844629287719727,403.1244201660156,36.6762809753418,426.1459045410156,58.76378631591797
fast,C:\Users\Light\Videos\高速运动.mp4,23,True,0.1780979186296463,403.1234436035156,36.70380401611328,426.1402587890625,58.770912170410156
fast,C:\Users\Light\Videos\高速运动.mp4,24,True,0.056250616908073425,402.6907043457031,38.58277130126953,425.4563293457031,59.84392166137695
fast,C:\Users\Light\Videos\高速运动.mp4,25,True,0.08762475848197937,403.01348876953125,38.11464309692383,425.8606872558594,59.69502258300781
fast,C:\Users\Light\Videos\高速运动.mp4,26,True,0.08835502713918686,403.0061340332031,38.12477111816406,425.8675842285156,59.69829177856445
fast,C:\Users\Light\Videos\高速运动.mp4,27,True,0.04962383955717087,345.4765319824219,16.68643569946289,365.68157958984375,37.3028564453125
fast,C:\Users\Light\Videos\高速运动.mp4,28,True,0.0703742578625679,402.9559020996094,37.58317947387695,425.8863830566406,59.54813766479492
fast,C:\Users\Light\Videos\高速运动.mp4,29,True,0.07104477286338806,402.965576171875,37.58284378051758,425.8853759765625,59.52812194824219
fast,C:\Users\Light\Videos\高速运动.mp4,30,True,0.048978131264448166,402.9407043457031,38.167152404785156,425.5501708984375,59.57097244262695
fast,C:\Users\Light\Videos\高速运动.mp4,31,True,0.04948091879487038,402.9440612792969,38.14812469482422,425.5299377441406,59.5509147644043
fast,C:\Users\Light\Videos\高速运动.mp4,32,True,0.05339359492063522,402.5677795410156,38.645545959472656,425.2203369140625,59.88782501220703
fast,C:\Users\Light\Videos\高速运动.mp4,33,True,0.05442795902490616,402.5826110839844,38.68348693847656,425.2347412109375,59.89533233642578
fast,C:\Users\Light\Videos\高速运动.mp4,34,True,0.09714043140411377,402.73333740234375,37.63017654418945,425.836669921875,59.534217834472656
fast,C:\Users\Light\Videos\高速运动.mp4,35,True,0.07046056538820267,402.74078369140625,38.03447723388672,425.5869140625,60.00485610961914
fast,C:\Users\Light\Videos\高速运动.mp4,36,True,0.07314357161521912,402.7451171875,37.93423080444336,425.6065979003906,59.95790481567383
fast,C:\Users\Light\Videos\高速运动.mp4,37,True,0.0780077651143074,403.0118408203125,37.333091735839844,426.1156921386719,58.998497009277344
fast,C:\Users\Light\Videos\高速运动.mp4,38,True,0.07704706490039825,402.65997314453125,37.795326232910156,425.87481689453125,59.73011779785156
fast,C:\Users\Light\Videos\高速运动.mp4,39,True,0.07828420400619507,402.64361572265625,37.796443939208984,425.86859130859375,59.74687957763672
fast,C:\Users\Light\Videos\高速运动.mp4,40,True,0.045736562460660934,402.3252868652344,38.27409744262695,425.52703857421875,60.037757873535156
fast,C:\Users\Light\Videos\高速运动.mp4,41,True,0.043704427778720856,402.34259033203125,38.24650955200195,425.5256042480469,60.00725555419922
fast,C:\Users\Light\Videos\高速运动.mp4,42,True,0.04849992319941521,403.1316223144531,37.673160552978516,425.8517150878906,59.29105758666992
fast,C:\Users\Light\Videos\高速运动.mp4,43,True,0.054364174604415894,403.1438293457031,37.48833465576172,425.82232666015625,59.05701446533203
fast,C:\Users\Light\Videos\高速运动.mp4,44,True,0.05450546741485596,403.1427917480469,37.494564056396484,425.82666015625,59.05598449707031
fast,C:\Users\Light\Videos\高速运动.mp4,45,True,0.04963722452521324,403.30743408203125,37.71318817138672,425.833251953125,59.45945358276367
fast,C:\Users\Light\Videos\高速运动.mp4,46,True,0.05122021213173866,403.38592529296875,37.90888214111328,426.0662841796875,59.76581954956055
fast,C:\Users\Light\Videos\高速运动.mp4,47,True,0.051146358251571655,403.3718566894531,37.91242599487305,426.0765075683594,59.76353073120117
fast,C:\Users\Light\Videos\高速运动.mp4,48,True,0.05426987260580063,403.1418151855469,38.00099563598633,425.98712158203125,59.7572135925293
fast,C:\Users\Light\Videos\高速运动.mp4,49,True,0.05421111732721329,403.1800537109375,37.8626708984375,425.349609375,59.49258041381836
fast,C:\Users\Light\Videos\高速运动.mp4,50,True,0.05418214946985245,403.1805725097656,37.854515075683594,425.3483581542969,59.48527145385742
fast,C:\Users\Light\Videos\高速运动.mp4,51,True,0.08746640384197235,403.3619384765625,37.01637268066406,426.2345886230469,58.899169921875
fast,C:\Users\Light\Videos\高速运动.mp4,52,True,0.09884630888700485,403.3473815917969,36.901180267333984,426.19439697265625,58.791595458984375
fast,C:\Users\Light\Videos\高速运动.mp4,53,True,0.09526635706424713,403.29608154296875,36.91865921020508,426.1396179199219,58.82328796386719
fast,C:\Users\Light\Videos\高速运动.mp4,54,True,0.08345787972211838,403.41546630859375,37.22217559814453,426.43548583984375,58.75267028808594
fast,C:\Users\Light\Videos\高速运动.mp4,55,True,0.08489914238452911,403.4215087890625,37.203128814697266,426.4253234863281,58.74011993408203
fast,C:\Users\Light\Videos\高速运动.mp4,56,True,0.05098576471209526,402.6834411621094,38.385215759277344,425.4037170410156,60.156089782714844
fast,C:\Users\Light\Videos\高速运动.mp4,57,True,0.08970881998538971,403.0241394042969,37.53940963745117,425.5571594238281,59.52534484863281
fast,C:\Users\Light\Videos\高速运动.mp4,58,True,0.08718476444482803,402.77288818359375,37.986629486083984,425.620361328125,59.85477066040039
fast,C:\Users\Light\Videos\高速运动.mp4,59,True,0.06653230637311935,402.86138916015625,38.417823791503906,425.2818908691406,60.20344543457031
fast,C:\Users\Light\Videos\高速运动.mp4,60,True,0.06467463076114655,402.8351745605469,38.47105026245117,425.2659912109375,60.257659912109375
fast,C:\Users\Light\Videos\高速运动.mp4,61,True,0.08690540492534637,403.1515808105469,37.67851638793945,425.4463806152344,59.49251174926758
fast,C:\Users\Light\Videos\高速运动.mp4,62,True,0.08888138830661774,403.1034851074219,37.68598175048828,425.2646484375,59.11158752441406
fast,C:\Users\Light\Videos\高速运动.mp4,63,True,0.08705553412437439,403.08453369140625,37.75048065185547,425.24127197265625,59.18272018432617
fast,C:\Users\Light\Videos\高速运动.mp4,64,True,0.22734561562538147,402.8331298828125,40.77854537963867,425.6843566894531,62.39330291748047
fast,C:\Users\Light\Videos\高速运动.mp4,65,True,0.22613751888275146,402.8382263183594,40.76653289794922,425.6898193359375,62.386802673339844
fast,C:\Users\Light\Videos\高速运动.mp4,66,True,0.16812796890735626,401.90045166015625,42.01694869995117,424.4001770019531,63.2400016784668
fast,C:\Users\Light\Videos\高速运动.mp4,67,True,0.3087221384048462,401.8870849609375,42.06340789794922,424.6938781738281,63.190093994140625
fast,C:\Users\Light\Videos\高速运动.mp4,68,True,0.3101620674133301,401.88275146484375,42.054176330566406,424.6971435546875,63.18587875366211
fast,C:\Users\Light\Videos\高速运动.mp4,69,True,0.129567489027977,402.8410949707031,39.13942337036133,425.3009338378906,60.891517639160156
fast,C:\Users\Light\Videos\高速运动.mp4,70,True,0.07071512937545776,401.769775390625,40.49432373046875,424.3008117675781,61.330692291259766
fast,C:\Users\Light\Videos\高速运动.mp4,71,True,0.07121671736240387,401.8113098144531,40.5225830078125,424.3360290527344,61.352542877197266
fast,C:\Users\Light\Videos\高速运动.mp4,72,True,0.085478276014328,400.0257873535156,46.98019027709961,421.92669677734375,65.17121124267578
fast,C:\Users\Light\Videos\高速运动.mp4,73,True,0.1801893562078476,400.7087097167969,44.615299224853516,423.27825927734375,63.94517517089844
fast,C:\Users\Light\Videos\高速运动.mp4,74,True,0.18105648458003998,400.7304992675781,44.61704635620117,423.29718017578125,63.95203399658203
fast,C:\Users\Light\Videos\高速运动.mp4,75,True,0.11780591309070587,400.52294921875,46.41278076171875,422.6868896484375,65.0929946899414
fast,C:\Users\Light\Videos\高速运动.mp4,76,True,0.12285304814577103,400.42681884765625,46.481201171875,422.600341796875,65.19113159179688
fast,C:\Users\Light\Videos\高速运动.mp4,77,True,0.11213607341051102,401.3144836425781,41.1636848449707,424.4222717285156,62.05598831176758
fast,C:\Users\Light\Videos\高速运动.mp4,78,True,0.11096082627773285,397.09912109375,42.738014221191406,424.4228515625,63.058021545410156
fast,C:\Users\Light\Videos\高速运动.mp4,79,True,0.11468671262264252,397.4852294921875,46.15970993041992,421.4786376953125,65.07524871826172
fast,C:\Users\Light\Videos\高速运动.mp4,80,True,0.12107346951961517,396.89654541015625,46.715267181396484,420.7000732421875,65.16594696044922
fast,C:\Users\Light\Videos\高速运动.mp4,81,True,0.08314730226993561,396.43817138671875,48.63186264038086,422.25567626953125,65.11894989013672
fast,C:\Users\Light\Videos\高速运动.mp4,82,True,0.0838305801153183,397.0815124511719,46.933799743652344,420.7460021972656,65.23575592041016
fast,C:\Users\Light\Videos\高速运动.mp4,83,True,0.12479794025421143,346.2333679199219,16.967384338378906,366.6112365722656,37.56578826904297
fast,C:\Users\Light\Videos\高速运动.mp4,84,True,0.12228641659021378,346.2433166503906,16.976999282836914,366.6120910644531,37.57249069213867
fast,C:\Users\Light\Videos\高速运动.mp4,85,True,0.09024916589260101,346.3432922363281,16.644975662231445,366.4071350097656,37.311641693115234
fast,C:\Users\Light\Videos\高速运动.mp4,86,True,0.09181393682956696,346.3437194824219,16.661760330200195,366.41668701171875,37.318973541259766
fast,C:\Users\Light\Videos\高速运动.mp4,87,True,0.05182112008333206,346.71185302734375,17.08612060546875,366.7123107910156,37.32352066040039
fast,C:\Users\Light\Videos\高速运动.mp4,88,True,0.06775898486375809,399.74456787109375,42.003143310546875,423.1421813964844,61.665382385253906
fast,C:\Users\Light\Videos\高速运动.mp4,89,True,0.06927987933158875,399.7395935058594,41.980037689208984,423.1341552734375,61.666168212890625
fast,C:\Users\Light\Videos\高速运动.mp4,90,True,0.06757916510105133,346.4578857421875,17.114784240722656,366.4353332519531,37.75065994262695
fast,C:\Users\Light\Videos\高速运动.mp4,91,True,0.07276584208011627,399.4049377441406,42.756927490234375,423.0235595703125,62.16533279418945
fast,C:\Users\Light\Videos\高速运动.mp4,92,True,0.07314223051071167,397.88568115234375,46.83247756958008,420.97625732421875,65.4233169555664
fast,C:\Users\Light\Videos\高速运动.mp4,93,True,0.05766673758625984,346.622314453125,16.817991256713867,366.57244873046875,37.21639633178711
fast,C:\Users\Light\Videos\高速运动.mp4,94,True,0.07554800808429718,346.7129211425781,17.19512939453125,366.853515625,37.45341873168945
fast,C:\Users\Light\Videos\高速运动.mp4,95,True,0.0755576342344284,346.7215576171875,17.200618743896484,366.8603210449219,37.45438003540039
fast,C:\Users\Light\Videos\高速运动.mp4,96,True,0.0847228616476059,396.452392578125,48.275970458984375,422.71759033203125,66.20240020751953
fast,C:\Users\Light\Videos\高速运动.mp4,97,True,0.04705826938152313,398.57080078125,49.56522750854492,420.53436279296875,67.507568359375
fast,C:\Users\Light\Videos\高速运动.mp4,98,True,0.048675790429115295,398.5848693847656,49.49521255493164,420.5445861816406,67.47010040283203
fast,C:\Users\Light\Videos\高速运动.mp4,99,True,0.06330616027116776,346.40264892578125,16.73937225341797,366.43719482421875,37.184165954589844
fast,C:\Users\Light\Videos\高速运动.mp4,100,True,0.0628269761800766,346.4190979003906,16.734867095947266,366.4371032714844,37.178810119628906
fast,C:\Users\Light\Videos\高速运动.mp4,101,True,0.10677947849035263,346.9158935546875,17.08708381652832,367.1427917480469,37.45281219482422
fast,C:\Users\Light\Videos\高速运动.mp4,102,True,0.11080367863178253,400.2732849121094,44.04132080078125,423.24627685546875,63.30589294433594
fast,C:\Users\Light\Videos\高速运动.mp4,103,True,0.11023323982954025,400.2408447265625,44.054141998291016,423.2147216796875,63.31180953979492
fast,C:\Users\Light\Videos\高速运动.mp4,104,True,0.0971115455031395,400.0828552246094,42.76983642578125,422.8326110839844,62.380123138427734
fast,C:\Users\Light\Videos\高速运动.mp4,105,True,0.21872109174728394,397.813232421875,43.8099250793457,421.0564880371094,64.28170776367188
fast,C:\Users\Light\Videos\高速运动.mp4,106,True,0.1134721040725708,399.7734680175781,41.60249710083008,422.6448059082031,61.71161651611328
fast,C:\Users\Light\Videos\高速运动.mp4,107,True,0.10497919470071793,400.39013671875,40.31689453125,423.4247131347656,60.71821212768555
fast,C:\Users\Light\Videos\高速运动.mp4,108,True,0.10790947824716568,400.3617248535156,40.2962532043457,423.4295349121094,60.73907470703125
fast,C:\Users\Light\Videos\高速运动.mp4,109,True,0.033239223062992096,346.54779052734375,17.310882568359375,366.4739685058594,37.7099609375
fast,C:\Users\Light\Videos\高速运动.mp4,110,True,0.03563637286424637,399.8171691894531,41.62118911743164,422.32794189453125,60.86608123779297
fast,C:\Users\Light\Videos\高速运动.mp4,111,True,0.062187548726797104,400.5196533203125,41.12683868408203,423.2498474121094,60.794097900390625
fast,C:\Users\Light\Videos\高速运动.mp4,112,True,0.05229014903306961,346.48681640625,17.119266510009766,366.4623107910156,37.39472198486328
fast,C:\Users\Light\Videos\高速运动.mp4,113,True,0.051872801035642624,346.4811096191406,17.121238708496094,366.4559326171875,37.39302062988281
fast,C:\Users\Light\Videos\高速运动.mp4,114,True,0.07648187130689621,400.7513732910156,40.85911178588867,423.6037902832031,60.725830078125
fast,C:\Users\Light\Videos\高速运动.mp4,115,True,0.050081536173820496,400.4996032714844,41.54145050048828,423.3960266113281,60.9633903503418
fast,C:\Users\Light\Videos\高速运动.mp4,116,True,0.04417792707681656,400.4360046386719,41.69908905029297,423.27593994140625,60.99821853637695
fast,C:\Users\Light\Videos\高速运动.mp4,117,True,0.07311312854290009,347.03826904296875,17.00712013244629,367.0854187011719,37.50247573852539
fast,C:\Users\Light\Videos\高速运动.mp4,118,True,0.05897626280784607,346.6595764160156,17.4246883392334,366.7367858886719,37.81901550292969
fast,C:\Users\Light\Videos\高速运动.mp4,119,True,0.05537493899464607,346.6785888671875,17.450908660888672,366.7275085449219,37.839542388916016
fast,C:\Users\Light\Videos\高速运动.mp4,120,True,0.05601757764816284,400.63861083984375,41.3644905090332,423.947021484375,60.76146697998047
fast,C:\Users\Light\Videos\高速运动.mp4,121,True,0.05644305795431137,400.6380615234375,41.37802505493164,423.9337463378906,60.77388000488281
fast,C:\Users\Light\Videos\高速运动.mp4,122,True,0.046732038259506226,401.66912841796875,38.35661697387695,422.858154296875,59.215755462646484
fast,C:\Users\Light\Videos\高速运动.mp4,123,True,0.08591729402542114,401.1990966796875,39.9166259765625,424.2397766113281,60.03699493408203
fast,C:\Users\Light\Videos\高速运动.mp4,124,True,0.08725164085626602,401.2037658691406,39.86796951293945,424.2215576171875,60.004878997802734
fast,C:\Users\Light\Videos\高速运动.mp4,125,True,0.05536924675107002,400.85638427734375,41.5389404296875,424.0627136230469,60.85805892944336
fast,C:\Users\Light\Videos\高速运动.mp4,126,True,0.10518722236156464,401.0360107421875,39.804412841796875,424.4620361328125,60.325809478759766
fast,C:\Users\Light\Videos\高速运动.mp4,127,True,0.10027075558900833,400.9851989746094,39.88558578491211,424.418701171875,60.31532287597656
fast,C:\Users\Light\Videos\高速运动.mp4,128,True,0.0637565329670906,400.888427734375,40.878231048583984,423.8023376464844,60.55893325805664
fast,C:\Users\Light\Videos\高速运动.mp4,129,True,0.10074139386415482,400.6259460449219,39.87276840209961,424.1795654296875,60.185874938964844
fast,C:\Users\Light\Videos\高速运动.mp4,130,True,0.05647726729512215,400.89837646484375,37.619083404541016,423.3092956542969,59.61909103393555
fast,C:\Users\Light\Videos\高速运动.mp4,131,True,0.05623923987150192,400.9123840332031,37.60191345214844,423.2966613769531,59.61366653442383
fast,C:\Users\Light\Videos\高速运动.mp4,132,True,0.07930471748113632,401.5257873535156,37.29615783691406,423.3681335449219,58.8670768737793
fast,C:\Users\Light\Videos\高速运动.mp4,133,True,0.06375572830438614,400.85675048828125,41.232261657714844,423.7651672363281,60.61601638793945
fast,C:\Users\Light\Videos\高速运动.mp4,134,True,0.06381604820489883,400.8594970703125,41.242279052734375,423.7858581542969,60.621864318847656
fast,C:\Users\Light\Videos\高速运动.mp4,135,True,0.09840448200702667,402.3173828125,37.431251525878906,423.68463134765625,58.29689025878906
fast,C:\Users\Light\Videos\高速运动.mp4,136,True,0.10015596449375153,401.61151123046875,37.41276168823242,423.59130859375,58.877098083496094
fast,C:\Users\Light\Videos\高速运动.mp4,137,True,0.09761924296617508,401.6352233886719,37.40550231933594,423.5921630859375,58.86678695678711
fast,C:\Users\Light\Videos\高速运动.mp4,138,True,0.4020823836326599,401.1158752441406,37.94991683959961,424.6570129394531,59.540382385253906
fast,C:\Users\Light\Videos\高速运动.mp4,139,True,0.06988197565078735,403.1169738769531,38.48579788208008,425.0424499511719,59.389530181884766
fast,C:\Users\Light\Videos\高速运动.mp4,140,True,0.06861166656017303,403.1232604980469,38.443485260009766,425.0376892089844,59.439823150634766
fast,C:\Users\Light\Videos\高速运动.mp4,141,True,0.12245208024978638,404.1907043457031,38.383644104003906,426.7799987792969,59.111183166503906
fast,C:\Users\Light\Videos\高速运动.mp4,142,True,0.04678576439619064,347.3251953125,18.808095932006836,368.61419677734375,37.574012756347656
fast,C:\Users\Light\Videos\高速运动.mp4,143,True,0.046428292989730835,347.3631896972656,18.83415985107422,368.6523132324219,37.58837890625
fast,C:\Users\Light\Videos\高速运动.mp4,144,True,0.03156363591551781,410.42236328125,37.29658126831055,436.7570495605469,56.891944885253906
fast,C:\Users\Light\Videos\高速运动.mp4,145,True,0.02999521978199482,410.4958190917969,37.43073654174805,436.82440185546875,56.99705505371094
fast,C:\Users\Light\Videos\高速运动.mp4,146,True,0.11875772476196289,411.4641418457031,34.90378952026367,437.7411804199219,56.1301155090332
fast,C:\Users\Light\Videos\高速运动.mp4,147,True,0.13562774658203125,413.10101318359375,34.13570785522461,439.0775451660156,55.84706115722656
fast,C:\Users\Light\Videos\高速运动.mp4,148,True,0.14054246246814728,413.0858154296875,34.07954788208008,439.0556335449219,55.84611892700195
fast,C:\Users\Light\Videos\高速运动.mp4,149,True,0.14540493488311768,415.5693054199219,42.116905212402344,441.6403503417969,60.726078033447266
fast,C:\Users\Light\Videos\高速运动.mp4,150,True,0.06112147867679596,421.4981689453125,39.894168853759766,446.2981262207031,59.12982940673828
fast,C:\Users\Light\Videos\高速运动.mp4,151,True,0.06115947291254997,421.53131103515625,39.7996826171875,446.3156433105469,59.05112075805664
fast,C:\Users\Light\Videos\高速运动.mp4,152,True,0.1962192952632904,420.6982727050781,43.22135925292969,450.2136535644531,61.97293472290039
fast,C:\Users\Light\Videos\高速运动.mp4,153,True,0.235707625746727,424.73809814453125,43.60306930541992,452.3801574707031,62.02730178833008
fast,C:\Users\Light\Videos\高速运动.mp4,154,True,0.1841309666633606,426.9498291015625,43.09988784790039,454.4834289550781,61.46652603149414
fast,C:\Users\Light\Videos\高速运动.mp4,155,True,0.18928779661655426,426.9732666015625,43.08879470825195,454.47100830078125,61.45520782470703
fast,C:\Users\Light\Videos\高速运动.mp4,156,True,0.14473004639148712,428.5184631347656,42.61800003051758,454.1402587890625,61.2387809753418
fast,C:\Users\Light\Videos\高速运动.mp4,157,True,0.13589592278003693,426.46624755859375,41.884925842285156,455.5682678222656,61.19108963012695
fast,C:\Users\Light\Videos\高速运动.mp4,158,True,0.13655847311019897,426.46502685546875,41.88295364379883,455.5694885253906,61.19176483154297
fast,C:\Users\Light\Videos\高速运动.mp4,159,True,0.6765521168708801,423.80224609375,40.662452697753906,452.2171630859375,60.14737319946289
fast,C:\Users\Light\Videos\高速运动.mp4,160,True,0.3683285415172577,419.2941589355469,39.9324951171875,450.9173889160156,60.25626754760742
fast,C:\Users\Light\Videos\高速运动.mp4,161,True,0.36923182010650635,419.294921875,39.93265151977539,450.91339111328125,60.256202697753906
fast,C:\Users\Light\Videos\高速运动.mp4,162,True,0.4238996207714081,413.3933410644531,40.435516357421875,445.472412109375,60.66130828857422
fast,C:\Users\Light\Videos\高速运动.mp4,163,True,0.616854727268219,411.250244140625,38.95885467529297,440.93603515625,61.06227111816406
fast,C:\Users\Light\Videos\高速运动.mp4,164,True,0.6162448525428772,411.24847412109375,38.95746612548828,440.935546875,61.06343460083008
fast,C:\Users\Light\Videos\高速运动.mp4,165,True,0.7032238245010376,402.86260986328125,38.4569091796875,439.02734375,60.95444869995117
fast,C:\Users\Light\Videos\高速运动.mp4,166,True,0.7025323510169983,402.888427734375,38.45305252075195,438.9721374511719,60.95705032348633
fast,C:\Users\Light\Videos\高速运动.mp4,167,True,0.7119713425636292,394.3834533691406,36.84512710571289,433.06866455078125,60.3940315246582
fast,C:\Users\Light\Videos\高速运动.mp4,168,True,0.642188549041748,388.0648498535156,36.61975860595703,426.9815368652344,60.388519287109375
fast,C:\Users\Light\Videos\高速运动.mp4,169,True,0.6421894431114197,388.0863037109375,36.59891891479492,426.9552917480469,60.368839263916016
fast,C:\Users\Light\Videos\高速运动.mp4,170,True,0.5866701006889343,384.2544250488281,35.0236701965332,416.6175842285156,58.66141128540039
fast,C:\Users\Light\Videos\高速运动.mp4,171,True,0.5027117133140564,376.1363220214844,36.90835189819336,412.71075439453125,59.57424545288086
fast,C:\Users\Light\Videos\高速运动.mp4,172,True,0.5039116144180298,376.1973571777344,36.92616653442383,412.6393737792969,59.580902099609375
fast,C:\Users\Light\Videos\高速运动.mp4,173,True,0.6167306303977966,366.6861572265625,40.020301818847656,403.8856506347656,61.20090866088867
fast,C:\Users\Light\Videos\高速运动.mp4,174,True,0.4367118775844574,357.8636474609375,40.340782165527344,394.97039794921875,61.351375579833984
fast,C:\Users\Light\Videos\高速运动.mp4,175,True,0.43485546112060547,357.9118957519531,40.33952713012695,394.95318603515625,61.33689880371094
fast,C:\Users\Light\Videos\高速运动.mp4,176,True,0.6032917499542236,345.5384826660156,39.079986572265625,383.1961669921875,61.85099411010742
fast,C:\Users\Light\Videos\高速运动.mp4,177,True,0.5977104902267456,334.5959167480469,39.52606201171875,372.15045166015625,60.98291015625
fast,C:\Users\Light\Videos\高速运动.mp4,178,True,0.6234194040298462,321.5380859375,39.333168029785156,361.3945617675781,61.703189849853516
fast,C:\Users\Light\Videos\高速运动.mp4,179,True,0.616129994392395,321.47308349609375,39.31694412231445,361.4714660644531,61.70848083496094
fast,C:\Users\Light\Videos\高速运动.mp4,180,True,0.6716517806053162,309.4876708984375,39.46942901611328,349.5711364746094,61.765357971191406
fast,C:\Users\Light\Videos\高速运动.mp4,181,True,0.7031838893890381,298.37628173828125,39.49119186401367,334.91253662109375,61.73794937133789
fast,C:\Users\Light\Videos\高速运动.mp4,182,True,0.7028688192367554,298.3714904785156,39.482540130615234,334.91717529296875,61.728492736816406
fast,C:\Users\Light\Videos\高速运动.mp4,183,True,0.6252709627151489,281.60528564453125,38.99589920043945,322.7480163574219,61.95955276489258
fast,C:\Users\Light\Videos\高速运动.mp4,184,True,0.6926531791687012,269.0865173339844,39.114906311035156,306.1073303222656,60.9241943359375
fast,C:\Users\Light\Videos\高速运动.mp4,185,True,0.6924842000007629,269.0978698730469,39.11506271362305,306.13043212890625,60.92780303955078
fast,C:\Users\Light\Videos\高速运动.mp4,186,True,0.6869354248046875,250.8027801513672,38.792091369628906,290.45599365234375,61.7297477722168
fast,C:\Users\Light\Videos\高速运动.mp4,187,True,0.6474425196647644,232.64218139648438,38.44184875488281,275.2529602050781,62.128536224365234
fast,C:\Users\Light\Videos\高速运动.mp4,188,True,0.6464494466781616,232.60537719726562,38.441062927246094,275.2722473144531,62.14097213745117
fast,C:\Users\Light\Videos\高速运动.mp4,189,True,0.5640433430671692,214.7747344970703,38.57837677001953,256.9826965332031,61.561885833740234
fast,C:\Users\Light\Videos\高速运动.mp4,190,True,0.5421956181526184,214.61338806152344,38.54039001464844,257.24468994140625,61.58898162841797
fast,C:\Users\Light\Videos\高速运动.mp4,191,True,0.25000253319740295,198.39434814453125,39.46066665649414,236.75253295898438,61.61970901489258
fast,C:\Users\Light\Videos\高速运动.mp4,192,True,0.4588206112384796,177.44412231445312,39.390811920166016,218.66281127929688,61.83075714111328
fast,C:\Users\Light\Videos\高速运动.mp4,193,True,0.47192883491516113,177.22274780273438,38.87492370605469,218.91331481933594,62.264347076416016
fast,C:\Users\Light\Videos\高速运动.mp4,194,True,0.5427310466766357,157.2861785888672,38.841732025146484,196.99374389648438,62.233890533447266
fast,C:\Users\Light\Videos\高速运动.mp4,195,True,0.32422390580177307,135.86460876464844,40.05447769165039,181.6785430908203,63.01073455810547
fast,C:\Users\Light\Videos\高速运动.mp4,196,True,0.33736592531204224,135.72946166992188,39.97258758544922,181.8983612060547,63.0147705078125
fast,C:\Users\Light\Videos\高速运动.mp4,197,True,0.43230384588241577,116.95114135742188,40.185115814208984,154.848388671875,61.278900146484375
fast,C:\Users\Light\Videos\高速运动.mp4,198,True,0.5432124137878418,95.19601440429688,41.32013702392578,137.19992065429688,62.30307388305664
fast,C:\Users\Light\Videos\高速运动.mp4,199,True,0.5486406683921814,95.30902862548828,41.3419189453125,137.0134735107422,62.31387710571289
fast,C:\Users\Light\Videos\高速运动.mp4,200,True,0.5593923330307007,69.5807876586914,41.36626052856445,116.16116333007812,61.74409103393555
fast,C:\Users\Light\Videos\高速运动.mp4,201,True,0.5246490836143494,44.96882629394531,41.09129333496094,91.78197479248047,62.79273986816406
fast,C:\Users\Light\Videos\高速运动.mp4,202,True,0.08636198192834854,21.300765991210938,42.15986633300781,71.56981658935547,64.23397064208984
fast,C:\Users\Light\Videos\高速运动.mp4,203,True,0.08753404021263123,21.311067581176758,42.131404876708984,71.5923080444336,64.23230743408203
fast,C:\Users\Light\Videos\高速运动.mp4,204,True,0.00872484128922224,446.94415283203125,24.885761260986328,469.0,45.11997985839844
fast,C:\Users\Light\Videos\高速运动.mp4,205,True,0.09753955900669098,12.695525169372559,44.782264709472656,48.190616607666016,65.16094970703125
fast,C:\Users\Light\Videos\高速运动.mp4,206,True,0.09790666401386261,12.697070121765137,44.77867889404297,48.19181823730469,65.16202545166016
fast,C:\Users\Light\Videos\高速运动.mp4,207,True,0.5956940650939941,27.534189224243164,42.14698028564453,62.670955657958984,62.87097930908203
fast,C:\Users\Light\Videos\高速运动.mp4,208,True,0.7026943564414978,40.00752639770508,41.88916015625,72.99762725830078,62.856590270996094
fast,C:\Users\Light\Videos\高速运动.mp4,209,True,0.7016423940658569,39.994388580322266,41.885284423828125,72.99690246582031,62.84572219848633
fast,C:\Users\Light\Videos\高速运动.mp4,210,True,0.6960280537605286,50.93608856201172,42.3630256652832,82.61341857910156,62.56550979614258
fast,C:\Users\Light\Videos\高速运动.mp4,211,True,0.6966937184333801,50.970619201660156,42.363834381103516,82.57090759277344,62.56770706176758
fast,C:\Users\Light\Videos\高速运动.mp4,212,True,0.7153797149658203,62.64195251464844,42.68879699707031,88.67426300048828,63.600196838378906
fast,C:\Users\Light\Videos\高速运动.mp4,213,True,0.7613346576690674,67.63372802734375,43.12283706665039,97.67147827148438,62.70390319824219
fast,C:\Users\Light\Videos\高速运动.mp4,214,True,0.7601681351661682,67.69905090332031,43.11761474609375,97.61009979248047,62.7026252746582
fast,C:\Users\Light\Videos\高速运动.mp4,215,True,0.6845925450325012,77.153076171875,43.46797180175781,105.81556701660156,63.76682662963867
fast,C:\Users\Light\Videos\高速运动.mp4,216,True,0.6690879464149475,87.616455078125,44.79970169067383,113.92778015136719,64.09529113769531
fast,C:\Users\Light\Videos\高速运动.mp4,217,True,0.6710989475250244,87.63945770263672,44.748443603515625,113.9364013671875,64.09235382080078
fast,C:\Users\Light\Videos\高速运动.mp4,218,True,0.688835859298706,95.91510772705078,44.62997817993164,123.64993286132812,63.57168960571289
fast,C:\Users\Light\Videos\高速运动.mp4,219,True,0.6410401463508606,106.14539337158203,46.10991287231445,134.28330993652344,65.05113220214844
fast,C:\Users\Light\Videos\高速运动.mp4,220,True,0.6428845524787903,106.15714263916016,46.125152587890625,134.25941467285156,65.04279327392578
fast,C:\Users\Light\Videos\高速运动.mp4,221,True,0.5191959142684937,117.03699493408203,46.075714111328125,145.01321411132812,64.718994140625
fast,C:\Users\Light\Videos\高速运动.mp4,222,True,0.5315526127815247,126.37850189208984,47.19240188598633,155.90789794921875,65.45540618896484
fast,C:\Users\Light\Videos\高速运动.mp4,223,True,0.5342379808425903,126.34651184082031,47.18173599243164,155.90582275390625,65.4626235961914
fast,C:\Users\Light\Videos\高速运动.mp4,224,True,0.6090300679206848,137.7626190185547,44.77352523803711,165.385986328125,63.34652328491211
fast,C:\Users\Light\Videos\高速运动.mp4,225,True,0.6309695839881897,150.9898681640625,44.86195755004883,177.90628051757812,62.82501220703125
fast,C:\Users\Light\Videos\高速运动.mp4,226,True,0.6654236316680908,162.1748809814453,44.55680465698242,191.6962432861328,62.77409362792969
fast,C:\Users\Light\Videos\高速运动.mp4,227,True,0.6644332408905029,162.137451171875,44.54517364501953,191.77110290527344,62.766632080078125
fast,C:\Users\Light\Videos\高速运动.mp4,228,True,0.6708260774612427,176.2596435546875,44.15653991699219,205.07955932617188,63.81321716308594
fast,C:\Users\Light\Videos\高速运动.mp4,229,True,0.634802520275116,189.68995666503906,44.1817741394043,222.35726928710938,64.07601165771484
fast,C:\Users\Light\Videos\高速运动.mp4,230,True,0.6364225745201111,189.71299743652344,44.18497848510742,222.32916259765625,64.07455444335938
fast,C:\Users\Light\Videos\高速运动.mp4,231,True,0.5959422588348389,203.19126892089844,44.23968505859375,241.18971252441406,63.574851989746094
fast,C:\Users\Light\Videos\高速运动.mp4,232,True,0.4508684277534485,220.40452575683594,45.585060119628906,251.78749084472656,63.16523742675781
fast,C:\Users\Light\Videos\高速运动.mp4,233,True,0.44883254170417786,220.38198852539062,45.5710334777832,251.77772521972656,63.16918182373047
fast,C:\Users\Light\Videos\高速运动.mp4,234,True,0.5155348181724548,236.1763153076172,45.5691032409668,271.6114807128906,65.00516510009766
fast,C:\Users\Light\Videos\高速运动.mp4,235,True,0.5158818364143372,236.1873779296875,45.56928253173828,271.6466979980469,64.99252319335938
fast,C:\Users\Light\Videos\高速运动.mp4,236,True,0.5900493860244751,255.77059936523438,46.00818634033203,287.5503845214844,63.73224639892578
fast,C:\Users\Light\Videos\高速运动.mp4,237,True,0.6591850519180298,272.344482421875,46.92120361328125,306.05609130859375,64.24441528320312
fast,C:\Users\Light\Videos\高速运动.mp4,238,True,0.6590359807014465,272.36138916015625,46.907039642333984,306.0863342285156,64.21205139160156
fast,C:\Users\Light\Videos\高速运动.mp4,239,True,0.42947903275489807,288.8965759277344,47.501434326171875,329.6322021484375,66.07160949707031
fast,C:\Users\Light\Videos\高速运动.mp4,240,True,0.30195242166519165,309.4932556152344,46.58328628540039,347.1912841796875,64.10990142822266
fast,C:\Users\Light\Videos\高速运动.mp4,241,True,0.3112834095954895,309.49041748046875,46.55412673950195,347.14886474609375,64.12484741210938
fast,C:\Users\Light\Videos\高速运动.mp4,242,True,0.3777126967906952,329.9591979980469,46.550697326660156,368.34674072265625,64.74073791503906
fast,C:\Users\Light\Videos\高速运动.mp4,243,True,0.031041130423545837,412.4082336425781,35.68608093261719,439.4248352050781,55.36714172363281
fast,C:\Users\Light\Videos\高速运动.mp4,244,True,0.02917473390698433,412.3687438964844,35.68092727661133,439.42193603515625,55.33747100830078
fast,C:\Users\Light\Videos\高速运动.mp4,245,True,0.02032081037759781,415.1204833984375,35.78133010864258,442.04925537109375,55.350379943847656
fast,C:\Users\Light\Videos\高速运动.mp4,246,True,0.020285526290535927,415.14080810546875,35.802711486816406,442.0647277832031,55.36866760253906
fast,C:\Users\Light\Videos\高速运动.mp4,247,True,0.036491990089416504,346.96417236328125,19.314167022705078,368.2558898925781,37.34911346435547
fast,C:\Users\Light\Videos\高速运动.mp4,248,True,0.021641183644533157,403.1736755371094,41.971588134765625,440.5826110839844,61.6565055847168
fast,C:\Users\Light\Videos\高速运动.mp4,249,True,0.19012483954429626,391.5226135253906,39.836483001708984,432.62152099609375,62.43613052368164
fast,C:\Users\Light\Videos\高速运动.mp4,250,True,0.4818130135536194,383.7123718261719,38.90728759765625,423.16558837890625,61.54731750488281
fast,C:\Users\Light\Videos\高速运动.mp4,251,True,0.4845784306526184,383.7608337402344,38.889625549316406,423.14959716796875,61.527015686035156
fast,C:\Users\Light\Videos\高速运动.mp4,252,True,0.39281535148620605,371.9760437011719,34.762577056884766,412.5712890625,58.3287353515625
fast,C:\Users\Light\Videos\高速运动.mp4,253,True,0.2968435287475586,363.3893127441406,35.3749885559082,400.6909484863281,57.65330123901367
fast,C:\Users\Light\Videos\高速运动.mp4,254,True,0.29646745324134827,363.4242858886719,35.3932991027832,400.66656494140625,57.66753387451172
fast,C:\Users\Light\Videos\高速运动.mp4,255,True,0.5370331406593323,351.83966064453125,35.62877655029297,393.3494873046875,58.82030487060547
fast,C:\Users\Light\Videos\高速运动.mp4,256,True,0.5393660664558411,351.8281555175781,35.63764953613281,393.3265075683594,58.825416564941406
fast,C:\Users\Light\Videos\高速运动.mp4,257,True,0.6263452172279358,340.8414611816406,35.30242156982422,381.3118896484375,58.653743743896484
fast,C:\Users\Light\Videos\高速运动.mp4,258,True,0.6876498460769653,328.8730163574219,35.10002517700195,369.3924255371094,57.910919189453125
fast,C:\Users\Light\Videos\高速运动.mp4,259,True,0.6875578165054321,328.87554931640625,35.10730743408203,369.40374755859375,57.919639587402344
fast,C:\Users\Light\Videos\高速运动.mp4,260,True,0.5787918567657471,316.3898620605469,35.66100311279297,355.28448486328125,57.863746643066406
fast,C:\Users\Light\Videos\高速运动.mp4,261,True,0.41031211614608765,301.8441162109375,37.51175308227539,339.6540832519531,59.9410285949707
fast,C:\Users\Light\Videos\高速运动.mp4,262,True,0.4122409224510193,301.8666687011719,37.521034240722656,339.6443176269531,59.941253662109375
fast,C:\Users\Light\Videos\高速运动.mp4,263,True,0.6567986011505127,285.4267883300781,37.69050598144531,326.5951843261719,60.53000259399414
fast,C:\Users\Light\Videos\高速运动.mp4,264,True,0.6057663559913635,269.19525146484375,37.55689239501953,309.5508728027344,60.796382904052734
fast,C:\Users\Light\Videos\高速运动.mp4,265,True,0.6052038073539734,269.1864318847656,37.55108642578125,309.57647705078125,60.79407501220703
fast,C:\Users\Light\Videos\高速运动.mp4,266,True,0.6728874444961548,253.42572021484375,36.9825553894043,293.30389404296875,60.40568542480469
fast,C:\Users\Light\Videos\高速运动.mp4,267,True,0.6658138036727905,236.63320922851562,37.16704559326172,278.0877380371094,60.79438781738281
fast,C:\Users\Light\Videos\高速运动.mp4,268,True,0.6656427383422852,236.65057373046875,37.16554260253906,278.0800476074219,60.7910041809082
fast,C:\Users\Light\Videos\高速运动.mp4,269,True,0.5651198625564575,218.34463500976562,37.15740966796875,258.4150085449219,60.56081771850586
fast,C:\Users\Light\Videos\高速运动.mp4,270,True,0.5695746541023254,218.375,37.16168975830078,258.42138671875,60.56415557861328
fast,C:\Users\Light\Videos\高速运动.mp4,271,True,0.6524491906166077,204.37808227539062,37.56067657470703,237.3428955078125,60.044639587402344
fast,C:\Users\Light\Videos\高速运动.mp4,272,True,0.46564149856567383,179.9744873046875,38.48575210571289,222.25379943847656,61.472713470458984
fast,C:\Users\Light\Videos\高速运动.mp4,273,True,0.10013727843761444,160.39938354492188,38.874454498291016,201.96920776367188,61.77611541748047
fast,C:\Users\Light\Videos\高速运动.mp4,274,True,0.18264290690422058,141.8555145263672,40.67670822143555,184.74728393554688,62.92709732055664
fast,C:\Users\Light\Videos\高速运动.mp4,275,True,0.1827043890953064,141.88278198242188,40.70951843261719,184.72276306152344,62.929290771484375
fast,C:\Users\Light\Videos\高速运动.mp4,276,True,0.4165628254413605,121.135009765625,39.77964782714844,160.25140380859375,61.35850524902344
fast,C:\Users\Light\Videos\高速运动.mp4,277,True,0.6212043166160583,101.68791198730469,41.024375915527344,143.7480926513672,61.96271514892578
fast,C:\Users\Light\Videos\高速运动.mp4,278,True,0.621208667755127,101.64437866210938,41.014400482177734,143.77621459960938,61.95735549926758
fast,C:\Users\Light\Videos\高速运动.mp4,279,True,0.5269021391868591,76.73435974121094,41.13602828979492,118.73468017578125,61.93922805786133
fast,C:\Users\Light\Videos\高速运动.mp4,280,True,0.5282999277114868,76.73312377929688,41.12874221801758,118.75146484375,61.941715240478516
fast,C:\Users\Light\Videos\高速运动.mp4,281,True,0.5757007002830505,54.042259216308594,41.7569580078125,96.7107925415039,62.61152267456055
fast,C:\Users\Light\Videos\高速运动.mp4,282,True,0.36443015933036804,32.71062088012695,42.32958984375,75.33607482910156,62.07349395751953
fast,C:\Users\Light\Videos\高速运动.mp4,283,True,0.3637896776199341,32.723243713378906,42.328983306884766,75.3536605834961,62.075172424316406
fast,C:\Users\Light\Videos\高速运动.mp4,284,True,0.01807139255106449,440.9725341796875,12.264833450317383,469.0,39.38592529296875
fast,C:\Users\Light\Videos\高速运动.mp4,285,True,0.025841131806373596,11.797942161560059,48.8057746887207,42.63441848754883,67.58419799804688
fast,C:\Users\Light\Videos\高速运动.mp4,286,True,0.025498440489172935,11.797453880310059,48.802547454833984,42.63255310058594,67.58988952636719
fast,C:\Users\Light\Videos\高速运动.mp4,287,True,0.4859985113143921,20.51111602783203,42.54375076293945,55.36295700073242,62.63148880004883
fast,C:\Users\Light\Videos\高速运动.mp4,288,True,0.6758244037628174,36.98933029174805,42.61022186279297,66.0530014038086,63.723594665527344
fast,C:\Users\Light\Videos\高速运动.mp4,289,True,0.6756499409675598,36.991825103759766,42.60881042480469,66.04925537109375,63.724021911621094
fast,C:\Users\Light\Videos\高速运动.mp4,290,True,0.7471299171447754,44.78340148925781,42.71241760253906,75.40071105957031,62.63252258300781
fast,C:\Users\Light\Videos\高速运动.mp4,291,True,0.7470257878303528,44.79697036743164,42.71732711791992,75.38127899169922,62.63429260253906
fast,C:\Users\Light\Videos\高速运动.mp4,292,True,0.7743034958839417,55.16935729980469,42.400028228759766,84.94769287109375,61.98391342163086
fast,C:\Users\Light\Videos\高速运动.mp4,293,True,0.7047581076622009,64.75119018554688,42.29951095581055,94.0706787109375,63.45367431640625
fast,C:\Users\Light\Videos\高速运动.mp4,294,True,0.7045943737030029,64.75688171386719,42.2849235534668,94.03831481933594,63.45598220825195
fast,C:\Users\Light\Videos\高速运动.mp4,295,True,0.714219331741333,74.95056915283203,43.719337463378906,102.57210540771484,63.63334655761719
fast,C:\Users\Light\Videos\高速运动.mp4,296,True,0.7243826389312744,84.85501861572266,44.200443267822266,112.07599639892578,63.865234375
fast,C:\Users\Light\Videos\高速运动.mp4,297,True,0.64533531665802,93.37639617919922,44.85700607299805,121.30631256103516,63.22906494140625
fast,C:\Users\Light\Videos\高速运动.mp4,298,True,0.5610300898551941,103.06289672851562,45.150123596191406,133.70196533203125,63.214656829833984
fast,C:\Users\Light\Videos\高速运动.mp4,299,True,0.5604820847511292,103.06680297851562,45.15265655517578,133.70069885253906,63.215755462646484
fast,C:\Users\Light\Videos\高速运动.mp4,300,True,0.5187031626701355,114.58155059814453,44.90386962890625,145.1551971435547,62.82649230957031
fast,C:\Users\Light\Videos\高速运动.mp4,301,True,0.5189293026924133,114.59296417236328,44.91005325317383,145.14271545410156,62.82514572143555
fast,C:\Users\Light\Videos\高速运动.mp4,302,True,0.5477749109268188,127.13076782226562,46.52595520019531,159.03875732421875,65.21410369873047
fast,C:\Users\Light\Videos\高速运动.mp4,303,True,0.545659065246582,138.30340576171875,45.04228210449219,169.208984375,63.093589782714844
fast,C:\Users\Light\Videos\高速运动.mp4,304,True,0.545162558555603,138.31268310546875,45.04857635498047,169.20413208007812,63.093162536621094
fast,C:\Users\Light\Videos\高速运动.mp4,305,True,0.6632999777793884,153.8120574951172,44.84804153442383,181.63323974609375,63.727718353271484
fast,C:\Users\Light\Videos\高速运动.mp4,306,True,0.6949316263198853,167.60342407226562,44.20600128173828,197.4491729736328,63.94721603393555
fast,C:\Users\Light\Videos\高速运动.mp4,307,True,0.6952129006385803,167.59397888183594,44.20479202270508,197.4478302001953,63.944435119628906
fast,C:\Users\Light\Videos\高速运动.mp4,308,True,0.6454365253448486,180.2857208251953,44.9243278503418,213.01190185546875,63.375816345214844
fast,C:\Users\Light\Videos\高速运动.mp4,309,True,0.5925616025924683,196.6811065673828,44.69367218017578,228.67550659179688,62.78617477416992
fast,C:\Users\Light\Videos\高速运动.mp4,310,True,0.5927072167396545,196.73239135742188,44.695194244384766,228.66336059570312,62.78599548339844
fast,C:\Users\Light\Videos\高速运动.mp4,311,True,0.6563981175422668,214.20994567871094,44.59369659423828,244.7634735107422,64.0531997680664
fast,C:\Users\Light\Videos\高速运动.mp4,312,True,0.34650152921676636,229.78842163085938,46.90457534790039,267.13824462890625,66.41252899169922
fast,C:\Users\Light\Videos\高速运动.mp4,313,True,0.34791067242622375,229.69586181640625,46.910400390625,267.1016540527344,66.44233703613281
fast,C:\Users\Light\Videos\高速运动.mp4,314,True,0.5616937279701233,246.8231201171875,45.14095687866211,282.8298034667969,64.87450408935547
fast,C:\Users\Light\Videos\高速运动.mp4,315,True,0.5596223473548889,246.65322875976562,45.14909362792969,282.8591613769531,64.88990783691406
fast,C:\Users\Light\Videos\高速运动.mp4,316,True,0.45272254943847656,265.4473876953125,45.49156188964844,300.6819763183594,63.87818908691406
fast,C:\Users\Light\Videos\高速运动.mp4,317,True,0.5436677932739258,284.7513122558594,45.74391174316406,318.5318603515625,63.33354949951172
fast,C:\Users\Light\Videos\高速运动.mp4,318,True,0.5404210090637207,284.65679931640625,45.75373077392578,318.5419006347656,63.32973861694336
fast,C:\Users\Light\Videos\高速运动.mp4,319,True,0.407549113035202,303.77459716796875,45.47863006591797,338.1663513183594,63.234066009521484
fast,C:\Users\Light\Videos\高速运动.mp4,320,True,0.28905990719795227,322.3634338378906,45.745391845703125,362.5588073730469,63.90485763549805
fast,C:\Users\Light\Videos\高速运动.mp4,321,True,0.09398791193962097,344.24285888671875,46.03734588623047,381.9947814941406,63.36149597167969
fast,C:\Users\Light\Videos\高速运动.mp4,322,True,0.01094592735171318,342.4783630371094,16.613195419311523,367.6623229980469,39.960350036621094
fast,C:\Users\Light\Videos\高速运动.mp4,323,True,0.01039224024862051,342.4903564453125,16.613733291625977,367.68267822265625,39.965057373046875
fast,C:\Users\Light\Videos\高速运动.mp4,324,True,0.023806564509868622,343.0575256347656,17.914623260498047,364.45355224609375,37.863677978515625
fast,C:\Users\Light\Videos\高速运动.mp4,325,True,0.02315118908882141,343.0322265625,17.9238338470459,364.44927978515625,37.88378143310547
fast,C:\Users\Light\Videos\高速运动.mp4,326,True,0.09886785596609116,411.0951843261719,44.44512939453125,441.1369934082031,62.75959396362305
fast,C:\Users\Light\Videos\高速运动.mp4,327,True,0.31462767720222473,397.0711975097656,41.429100036621094,437.0735778808594,62.62826156616211
fast,C:\Users\Light\Videos\高速运动.mp4,328,True,0.3047131299972534,397.0690002441406,41.452789306640625,437.0813293457031,62.63706970214844
fast,C:\Users\Light\Videos\高速运动.mp4,329,True,0.3558776080608368,389.32623291015625,41.24893569946289,428.2686462402344,63.86288070678711
fast,C:\Users\Light\Videos\高速运动.mp4,330,True,0.1758131980895996,377.9479064941406,40.348426818847656,417.73980712890625,62.72821807861328
fast,C:\Users\Light\Videos\高速运动.mp4,331,True,0.17642812430858612,377.9554138183594,40.323726654052734,417.7539978027344,62.71961212158203
fast,C:\Users\Light\Videos\高速运动.mp4,332,True,0.14016377925872803,362.03497314453125,34.742427825927734,408.66741943359375,58.99249267578125
fast,C:\Users\Light\Videos\高速运动.mp4,333,True,0.3926817774772644,355.72503662109375,35.442626953125,394.58709716796875,58.023223876953125
fast,C:\Users\Light\Videos\高速运动.mp4,334,True,0.39355289936065674,355.7282409667969,35.44058609008789,394.5887451171875,58.022396087646484
fast,C:\Users\Light\Videos\高速运动.mp4,335,True,0.5972515344619751,342.42730712890625,39.049530029296875,382.9548034667969,61.65939712524414
fast,C:\Users\Light\Videos\高速运动.mp4,336,True,0.6099737286567688,342.3728332519531,39.000762939453125,383.0513916015625,61.61314010620117
fast,C:\Users\Light\Videos\高速运动.mp4,337,True,0.6776077747344971,331.2944641113281,39.65447998046875,369.8027038574219,61.41482162475586
fast,C:\Users\Light\Videos\高速运动.mp4,338,True,0.6700151562690735,319.46826171875,38.80540466308594,357.1571044921875,61.08905029296875
fast,C:\Users\Light\Videos\高速运动.mp4,339,True,0.6690378785133362,319.4662780761719,38.834964752197266,357.15130615234375,61.09176254272461
fast,C:\Users\Light\Videos\高速运动.mp4,340,True,0.7324397563934326,308.64093017578125,40.07608413696289,346.5093994140625,61.47941207885742
fast,C:\Users\Light\Videos\高速运动.mp4,341,True,0.5975423455238342,295.0043640136719,40.39376449584961,331.7182922363281,61.774322509765625
fast,C:\Users\Light\Videos\高速运动.mp4,342,True,0.5980985760688782,295.00762939453125,40.34333801269531,331.96527099609375,61.785396575927734
fast,C:\Users\Light\Videos\高速运动.mp4,343,True,0.42050015926361084,275.3845520019531,39.16777420043945,318.2061767578125,61.644920349121094
fast,C:\Users\Light\Videos\高速运动.mp4,344,True,0.6796622276306152,264.7438049316406,38.50870132446289,303.0190734863281,60.228389739990234
fast,C:\Users\Light\Videos\高速运动.mp4,345,True,0.7018181681632996,249.78701782226562,38.47306823730469,289.7000427246094,61.69328308105469
fast,C:\Users\Light\Videos\高速运动.mp4,346,True,0.7002828121185303,249.77081298828125,38.47098159790039,289.6918640136719,61.6963996887207
fast,C:\Users\Light\Videos\高速运动.mp4,347,True,0.4998680353164673,231.9781494140625,38.849151611328125,275.0575256347656,62.052337646484375
fast,C:\Users\Light\Videos\高速运动.mp4,348,True,0.3428870737552643,216.53440856933594,38.781288146972656,261.2065734863281,61.94032287597656
fast,C:\Users\Light\Videos\高速运动.mp4,349,True,0.34235551953315735,216.5258026123047,38.7807731628418,261.19873046875,61.9384651184082
fast,C:\Users\Light\Videos\高速运动.mp4,350,True,0.638653576374054,203.8426055908203,38.54451370239258,239.25083923339844,60.68410110473633
fast,C:\Users\Light\Videos\高速运动.mp4,351,True,0.34897589683532715,182.98171997070312,38.69097137451172,222.74124145507812,60.82760238647461
fast,C:\Users\Light\Videos\高速运动.mp4,352,True,0.34780216217041016,182.93446350097656,38.68947219848633,222.76220703125,60.8325080871582
fast,C:\Users\Light\Videos\高速运动.mp4,353,True,0.6476360559463501,167.70118713378906,39.42021560668945,205.3060302734375,61.82488250732422
fast,C:\Users\Light\Videos\高速运动.mp4,354,True,0.5341543555259705,150.1809844970703,39.7951774597168,186.90516662597656,61.40671157836914
fast,C:\Users\Light\Videos\高速运动.mp4,355,True,0.5335682034492493,150.19497680664062,39.78607940673828,186.8961181640625,61.40097427368164
fast,C:\Users\Light\Videos\高速运动.mp4,356,True,0.5196540355682373,132.31796264648438,40.928138732910156,168.52671813964844,61.17576217651367
fast,C:\Users\Light\Videos\高速运动.mp4,357,True,0.5452815294265747,115.01050567626953,40.40414047241211,150.1978302001953,60.8415412902832
fast,C:\Users\Light\Videos\高速运动.mp4,358,True,0.5461019277572632,115.0059814453125,40.37623977661133,150.2041473388672,60.8380241394043
fast,C:\Users\Light\Videos\高速运动.mp4,359,True,0.4976990222930908,92.55987548828125,41.708255767822266,135.00863647460938,62.49303436279297
fast,C:\Users\Light\Videos\高速运动.mp4,360,True,0.5091066360473633,92.51158905029297,41.652652740478516,135.00457763671875,62.46934509277344
fast,C:\Users\Light\Videos\高速运动.mp4,361,True,0.6415704488754272,71.9593505859375,41.75924301147461,113.032470703125,61.98377990722656
fast,C:\Users\Light\Videos\高速运动.mp4,362,True,0.6244936585426331,51.9019775390625,42.40558624267578,90.97151184082031,63.15768814086914
fast,C:\Users\Light\Videos\高速运动.mp4,363,True,0.620790421962738,51.838417053222656,42.39704513549805,91.0004653930664,63.14269256591797
fast,C:\Users\Light\Videos\高速运动.mp4,364,True,0.2778867781162262,30.752912521362305,42.44139862060547,70.419921875,62.33631134033203
fast,C:\Users\Light\Videos\高速运动.mp4,365,True,0.007134896703064442,446.9346008300781,37.799381256103516,469.0,60.29580307006836
fast,C:\Users\Light\Videos\高速运动.mp4,366,True,0.00705852871760726,14.557238578796387,42.72828674316406,55.181583404541016,64.44169616699219
fast,C:\Users\Light\Videos\高速运动.mp4,367,True,0.009636567905545235,11.85447883605957,48.38544845581055,43.53395080566406,67.62227630615234
fast,C:\Users\Light\Videos\高速运动.mp4,368,True,0.38644590973854065,20.121213912963867,43.09217834472656,54.684173583984375,62.97929382324219
fast,C:\Users\Light\Videos\高速运动.mp4,369,True,0.6770144701004028,33.69034957885742,42.956390380859375,63.82081604003906,62.83525466918945
fast,C:\Users\Light\Videos\高速运动.mp4,370,True,0.6761559247970581,33.71874237060547,42.96844482421875,63.82991409301758,62.84273910522461
fast,C:\Users\Light\Videos\高速运动.mp4,371,True,0.7511628866195679,43.89002990722656,42.59953308105469,74.86189270019531,62.453163146972656
fast,C:\Users\Light\Videos\高速运动.mp4,372,True,0.717734158039093,54.847625732421875,42.72084426879883,83.53253936767578,62.15251541137695
fast,C:\Users\Light\Videos\高速运动.mp4,373,True,0.7181797623634338,54.83816146850586,42.719947814941406,83.54054260253906,62.153499603271484
fast,C:\Users\Light\Videos\高速运动.mp4,374,True,0.7105681300163269,64.85867309570312,42.70235824584961,94.20122528076172,63.71994400024414
fast,C:\Users\Light\Videos\高速运动.mp4,375,True,0.6837309002876282,75.5006332397461,44.254432678222656,102.38712310791016,64.27753448486328
fast,C:\Users\Light\Videos\高速运动.mp4,376,True,0.6837767958641052,75.500244140625,44.25454330444336,102.38214111328125,64.27567291259766
fast,C:\Users\Light\Videos\高速运动.mp4,377,True,0.7159638404846191,84.5964126586914,44.164695739746094,113.7566909790039,63.812278747558594
fast,C:\Users\Light\Videos\高速运动.mp4,378,True,0.6994132399559021,94.35425567626953,45.55939865112305,125.35453033447266,65.02997589111328
fast,C:\Users\Light\Videos\高速运动.mp4,379,True,0.7024564743041992,94.37948608398438,45.558414459228516,125.28121185302734,65.01948547363281
fast,C:\Users\Light\Videos\高速运动.mp4,380,True,0.6366917490959167,106.5876693725586,46.256595611572266,136.453125,65.12712860107422
fast,C:\Users\Light\Videos\高速运动.mp4,381,True,0.6371124982833862,106.59823608398438,46.283355712890625,136.4342041015625,65.13488006591797
fast,C:\Users\Light\Videos\高速运动.mp4,382,True,0.6285340785980225,118.31989288330078,45.60323715209961,147.18601989746094,63.702415466308594
fast,C:\Users\Light\Videos\高速运动.mp4,383,True,0.5168570876121521,133.05654907226562,45.94734191894531,160.37152099609375,64.4518051147461
fast,C:\Users\Light\Videos\高速运动.mp4,384,True,0.5207655429840088,133.1070098876953,45.948482513427734,160.36245727539062,64.46401977539062
fast,C:\Users\Light\Videos\高速运动.mp4,385,True,0.4245811104774475,144.4801483154297,45.82990646362305,175.1829833984375,63.91792297363281
fast,C:\Users\Light\Videos\高速运动.mp4,386,True,0.5834850072860718,157.4971923828125,44.44741439819336,188.41636657714844,62.84928512573242
fast,C:\Users\Light\Videos\高速运动.mp4,387,True,0.5860211253166199,157.45204162597656,44.46976089477539,188.3783721923828,62.88942337036133
fast,C:\Users\Light\Videos\高速运动.mp4,388,True,0.5650818347930908,170.68894958496094,43.874515533447266,203.825439453125,62.550384521484375
fast,C:\Users\Light\Videos\高速运动.mp4,389,True,0.6320616006851196,187.35354614257812,43.90046691894531,220.01988220214844,63.96095275878906
fast,C:\Users\Light\Videos\高速运动.mp4,390,True,0.6266210675239563,187.29051208496094,43.89152526855469,220.07908630371094,63.966758728027344
fast,C:\Users\Light\Videos\高速运动.mp4,391,True,0.5851582288742065,201.6664276123047,44.46998596191406,240.07131958007812,64.02195739746094
fast,C:\Users\Light\Videos\高速运动.mp4,392,True,0.5851583480834961,201.6763458251953,44.47285461425781,240.07147216796875,64.01129150390625
fast,C:\Users\Light\Videos\高速运动.mp4,393,True,0.4669593572616577,233.4602813720703,45.02903366088867,270.84124755859375,64.81996154785156
fast,C:\Users\Light\Videos\高速运动.mp4,394,True,0.46148377656936646,233.4322509765625,45.00994110107422,270.9393310546875,64.8230972290039
fast,C:\Users\Light\Videos\高速运动.mp4,395,True,0.34922561049461365,252.63890075683594,45.26655197143555,288.7613830566406,63.842464447021484
fast,C:\Users\Light\Videos\高速运动.mp4,396,True,0.5661609172821045,270.8465881347656,45.303260803222656,307.4267883300781,65.30731201171875
fast,C:\Users\Light\Videos\高速运动.mp4,397,True,0.5659396052360535,270.8580017089844,45.301021575927734,307.422607421875,65.30274200439453
fast,C:\Users\Light\Videos\高速运动.mp4,398,True,0.6331279873847961,291.4056396484375,45.463523864746094,322.60601806640625,63.21080017089844
fast,C:\Users\Light\Videos\高速运动.mp4,399,True,0.5512923002243042,307.96002197265625,46.221519470214844,343.0385437011719,64.03921508789062
fast,C:\Users\Light\Videos\高速运动.mp4,400,True,0.549188494682312,307.8978576660156,46.21183776855469,343.06011962890625,64.02513885498047
fast,C:\Users\Light\Videos\高速运动.mp4,401,True,0.5451794862747192,327.6253662109375,46.218360900878906,361.5950012207031,63.64103317260742
fast,C:\Users\Light\Videos\高速运动.mp4,402,True,0.10561171919107437,347.7868347167969,46.96183395385742,388.81622314453125,65.74173736572266
fast,C:\Users\Light\Videos\高速运动.mp4,403,True,0.1053563803434372,347.7886657714844,46.96172332763672,388.8164367675781,65.74427032470703
fast,C:\Users\Light\Videos\高速运动.mp4,404,True,0.02849550172686577,413.82183837890625,35.13702392578125,439.2115783691406,54.978240966796875
fast,C:\Users\Light\Videos\高速运动.mp4,405,True,0.028777994215488434,413.8148498535156,35.11479187011719,439.2171325683594,54.962013244628906
fast,C:\Users\Light\Videos\高速运动.mp4,406,True,0.020366884768009186,348.1860656738281,20.205196380615234,369.167724609375,37.99823760986328
fast,C:\Users\Light\Videos\高速运动.mp4,407,True,0.04776590317487717,414.3537902832031,42.68274688720703,440.1330261230469,61.45874786376953
fast,C:\Users\Light\Videos\高速运动.mp4,408,True,0.05317096784710884,414.3818664550781,42.7553825378418,440.1404724121094,61.49552536010742
fast,C:\Users\Light\Videos\高速运动.mp4,409,True,0.034809958189725876,394.978515625,43.78762435913086,432.8424072265625,63.59696960449219
fast,C:\Users\Light\Videos\高速运动.mp4,410,True,0.47242292761802673,389.2322998046875,45.339210510253906,420.05633544921875,64.87769317626953
fast,C:\Users\Light\Videos\高速运动.mp4,411,True,0.47251763939857483,389.25054931640625,45.300392150878906,420.1098937988281,64.85845947265625
fast,C:\Users\Light\Videos\高速运动.mp4,412,True,0.46173685789108276,378.67449951171875,41.186767578125,413.81549072265625,62.5695686340332
fast,C:\Users\Light\Videos\高速运动.mp4,413,True,0.29781126976013184,370.5121765136719,38.81004333496094,406.9778137207031,61.62457275390625
fast,C:\Users\Light\Videos\高速运动.mp4,414,True,0.31271690130233765,370.656005859375,38.83660125732422,406.92340087890625,61.58496856689453
fast,C:\Users\Light\Videos\高速运动.mp4,415,True,0.3742682635784149,363.4027404785156,40.817474365234375,401.2725830078125,61.98597717285156
fast,C:\Users\Light\Videos\高速运动.mp4,416,True,0.374166339635849,363.4144287109375,40.823970794677734,401.25921630859375,61.988712310791016
fast,C:\Users\Light\Videos\高速运动.mp4,417,True,0.6355423927307129,344.4604187011719,38.575531005859375,383.3595275878906,61.51632308959961
fast,C:\Users\Light\Videos\高速运动.mp4,418,True,0.6364272236824036,344.45941162109375,38.5567741394043,383.39117431640625,61.49931335449219
fast,C:\Users\Light\Videos\高速运动.mp4,419,True,0.5902937650680542,332.9222106933594,37.98597717285156,373.1394348144531,61.24510192871094
fast,C:\Users\Light\Videos\高速运动.mp4,420,True,0.6082692742347717,321.96893310546875,38.718894958496094,361.9061584472656,61.25453567504883
fast,C:\Users\Light\Videos\高速运动.mp4,421,True,0.6081088781356812,321.9659729003906,38.71757507324219,361.9062805175781,61.25415802001953
fast,C:\Users\Light\Videos\高速运动.mp4,422,True,0.634157657623291,309.8314514160156,39.463714599609375,349.38616943359375,61.590797424316406
fast,C:\Users\Light\Videos\高速运动.mp4,423,True,0.6469032764434814,297.2180480957031,38.724029541015625,334.0501708984375,61.01417541503906
fast,C:\Users\Light\Videos\高速运动.mp4,424,True,0.6469109058380127,297.220947265625,38.72414016723633,334.0323791503906,61.01307678222656
fast,C:\Users\Light\Videos\高速运动.mp4,425,True,0.5595640540122986,281.7381286621094,40.200130462646484,320.0613708496094,61.79014587402344
fast,C:\Users\Light\Videos\高速运动.mp4,426,True,0.5629836320877075,281.6992492675781,40.19053649902344,320.078857421875,61.79005813598633
fast,C:\Users\Light\Videos\高速运动.mp4,427,True,0.5239281058311462,263.1747741699219,38.6866455078125,304.35504150390625,61.48920822143555
fast,C:\Users\Light\Videos\高速运动.mp4,428,True,0.518044114112854,246.20846557617188,38.677860260009766,288.2392272949219,62.24993896484375
fast,C:\Users\Light\Videos\高速运动.mp4,429,True,0.5242317914962769,246.25892639160156,38.68633270263672,288.26007080078125,62.25361251831055
fast,C:\Users\Light\Videos\高速运动.mp4,430,True,0.5422998070716858,228.59747314453125,38.25605773925781,269.5148010253906,61.7789192199707
fast,C:\Users\Light\Videos\高速运动.mp4,431,True,0.3263319432735443,211.67030334472656,39.456298828125,256.1427917480469,62.82698440551758
fast,C:\Users\Light\Videos\高速运动.mp4,432,True,0.3015769124031067,211.77981567382812,39.60799789428711,256.0383605957031,62.872859954833984
fast,C:\Users\Light\Videos\高速运动.mp4,433,True,0.412458598613739,191.98680114746094,39.587806701660156,232.38290405273438,61.67432403564453
fast,C:\Users\Light\Videos\高速运动.mp4,434,True,0.3659386932849884,172.15464782714844,39.493812561035156,214.0115509033203,62.01255798339844
fast,C:\Users\Light\Videos\高速运动.mp4,435,True,0.36874011158943176,172.2205047607422,39.50797653198242,213.9459991455078,62.00395202636719
fast,C:\Users\Light\Videos\高速运动.mp4,436,True,0.4493599236011505,154.29539489746094,40.089752197265625,193.56536865234375,61.57735061645508
fast,C:\Users\Light\Videos\高速运动.mp4,437,True,0.4456993341445923,154.26478576660156,40.0955810546875,193.5728302001953,61.5968017578125
fast,C:\Users\Light\Videos\高速运动.mp4,438,True,0.46859011054039,134.02157592773438,41.129661560058594,172.74215698242188,61.37544631958008
fast,C:\Users\Light\Videos\高速运动.mp4,439,True,0.21549901366233826,115.52494812011719,40.37989044189453,151.1890869140625,60.538002014160156
fast,C:\Users\Light\Videos\高速运动.mp4,440,True,0.21666568517684937,115.52348327636719,40.36774444580078,151.17286682128906,60.52890396118164
fast,C:\Users\Light\Videos\高速运动.mp4,441,True,0.48954829573631287,65.39571380615234,41.43185806274414,109.82129669189453,63.143882751464844
fast,C:\Users\Light\Videos\高速运动.mp4,442,True,0.4901442229747772,65.42768859863281,41.42856216430664,109.82866668701172,63.14067459106445
fast,C:\Users\Light\Videos\高速运动.mp4,443,True,0.313336580991745,42.97502899169922,41.756935119628906,87.2153091430664,62.004913330078125
fast,C:\Users\Light\Videos\高速运动.mp4,444,True,0.03947538137435913,20.770606994628906,41.87158966064453,69.93745422363281,64.17308044433594
fast,C:\Users\Light\Videos\高速运动.mp4,445,True,0.03923497349023819,20.765758514404297,41.88165283203125,69.92825317382812,64.16969299316406
fast,C:\Users\Light\Videos\高速运动.mp4,446,True,0.01206006109714508,449.7690124511719,34.61134338378906,469.0,58.52510452270508
fast,C:\Users\Light\Videos\高速运动.mp4,447,True,0.06621144711971283,14.875015258789062,44.12913131713867,48.34336471557617,65.54227447509766
fast,C:\Users\Light\Videos\高速运动.mp4,448,True,0.06666038185358047,14.876599311828613,44.12919616699219,48.34672164916992,65.54243469238281
fast,C:\Users\Light\Videos\高速运动.mp4,449,True,0.5765755772590637,28.86602783203125,42.457557678222656,62.1394157409668,62.906253814697266
fast,C:\Users\Light\Videos\高速运动.mp4,450,True,0.5760824680328369,28.85800552368164,42.464839935302734,62.12628173828125,62.91093826293945
fast,C:\Users\Light\Videos\高速运动.mp4,451,True,0.7177889347076416,41.62606430053711,42.238731384277344,72.7007827758789,63.22669219970703
fast,C:\Users\Light\Videos\高速运动.mp4,452,True,0.7023277878761292,51.83149719238281,41.94770050048828,83.34961700439453,62.55941390991211
fast,C:\Users\Light\Videos\高速运动.mp4,453,True,0.7050529718399048,51.929588317871094,41.892879486083984,83.38691711425781,62.551795959472656
fast,C:\Users\Light\Videos\高速运动.mp4,454,True,0.7129734754562378,63.040401458740234,42.92355728149414,91.20423889160156,63.69730758666992
fast,C:\Users\Light\Videos\高速运动.mp4,455,True,0.746634304523468,69.02094268798828,42.874542236328125,98.92266845703125,62.79970932006836
fast,C:\Users\Light\Videos\高速运动.mp4,456,True,0.7483068704605103,69.08007049560547,42.850650787353516,98.77310180664062,62.781734466552734
fast,C:\Users\Light\Videos\高速运动.mp4,457,True,0.6951104998588562,77.40668487548828,43.36109161376953,110.33914184570312,62.551212310791016
fast,C:\Users\Light\Videos\高速运动.mp4,458,True,0.6422619819641113,88.82969665527344,44.12092590332031,117.58889770507812,63.920143127441406
fast,C:\Users\Light\Videos\高速运动.mp4,459,True,0.6408208608627319,88.83001708984375,44.1208381652832,117.66737365722656,63.90956497192383
fast,C:\Users\Light\Videos\高速运动.mp4,460,True,0.6532103419303894,99.70425415039062,44.6795768737793,128.29238891601562,64.03679656982422
fast,C:\Users\Light\Videos\高速运动.mp4,461,True,0.6535221934318542,99.70085906982422,44.6810302734375,128.29547119140625,64.03897094726562
fast,C:\Users\Light\Videos\高速运动.mp4,462,True,0.6624980568885803,110.07310485839844,45.41578674316406,139.14219665527344,64.41012573242188
fast,C:\Users\Light\Videos\高速运动.mp4,463,True,0.6530494093894958,121.15948486328125,46.1381721496582,148.64772033691406,64.47809600830078
fast,C:\Users\Light\Videos\高速运动.mp4,464,True,0.6527387499809265,121.16934967041016,46.14305877685547,148.6352081298828,64.47697448730469
fast,C:\Users\Light\Videos\高速运动.mp4,465,True,0.6313748955726624,143.69989013671875,45.76356887817383,172.09185791015625,64.16593170166016
fast,C:\Users\Light\Videos\高速运动.mp4,466,True,0.6309837698936462,143.76803588867188,45.770469665527344,172.15016174316406,64.16668701171875
fast,C:\Users\Light\Videos\高速运动.mp4,467,True,0.6825229525566101,156.6894989013672,44.62471389770508,185.11312866210938,64.1644058227539
fast,C:\Users\Light\Videos\高速运动.mp4,468,True,0.676088273525238,169.0331268310547,44.18556213378906,198.9146728515625,64.1324691772461
fast,C:\Users\Light\Videos\高速运动.mp4,469,True,0.6759998798370361,169.0330352783203,44.187442779541016,198.91473388671875,64.1329574584961
fast,C:\Users\Light\Videos\高速运动.mp4,470,True,0.646511971950531,180.8530731201172,44.600486755371094,214.91921997070312,63.450355529785156
fast,C:\Users\Light\Videos\高速运动.mp4,471,True,0.6462399363517761,180.8539581298828,44.61276626586914,214.87118530273438,63.43986892700195
fast,C:\Users\Light\Videos\高速运动.mp4,472,True,0.5767031908035278,195.94683837890625,44.43183898925781,228.1503448486328,62.57929611206055
fast,C:\Users\Light\Videos\高速运动.mp4,473,True,0.6317117214202881,212.36143493652344,44.48529052734375,242.74691772460938,63.61647033691406
fast,C:\Users\Light\Videos\高速运动.mp4,474,True,0.6325570344924927,212.33322143554688,44.485626220703125,242.71331787109375,63.61779022216797
fast,C:\Users\Light\Videos\高速运动.mp4,475,True,0.36477479338645935,225.39158630371094,44.82029724121094,260.95831298828125,64.43743896484375
fast,C:\Users\Light\Videos\高速运动.mp4,476,True,0.5049840211868286,243.14801025390625,45.26847839355469,277.41302490234375,63.6607551574707
fast,C:\Users\Light\Videos\高速运动.mp4,477,True,0.5148040652275085,243.2168426513672,45.280670166015625,277.4398193359375,63.67083740234375
fast,C:\Users\Light\Videos\高速运动.mp4,478,True,0.5964357852935791,259.9435119628906,45.079078674316406,294.99615478515625,64.55359649658203
fast,C:\Users\Light\Videos\高速运动.mp4,479,True,0.5342248678207397,278.15972900390625,45.301021575927734,311.55523681640625,63.441078186035156
fast,C:\Users\Light\Videos\高速运动.mp4,480,True,0.5327624082565308,278.0992126464844,45.31498336791992,311.5697326660156,63.47265625
fast,C:\Users\Light\Videos\高速运动.mp4,481,True,0.5564607977867126,296.18756103515625,46.04884338378906,328.6169128417969,63.69414520263672
fast,C:\Users\Light\Videos\高速运动.mp4,482,True,0.5566127896308899,296.1851806640625,46.05303192138672,328.6067810058594,63.69986343383789
fast,C:\Users\Light\Videos\高速运动.mp4,483,True,0.5895403027534485,315.3400573730469,46.19256591796875,346.3759460449219,63.37704849243164
fast,C:\Users\Light\Videos\高速运动.mp4,484,True,0.5002339482307434,330.1930236816406,48.0348014831543,372.1133117675781,66.3320083618164
fast,C:\Users\Light\Videos\高速运动.mp4,485,True,0.5021421313285828,330.1772766113281,48.03034210205078,372.0939025878906,66.32947540283203
fast,C:\Users\Light\Videos\高速运动.mp4,486,True,0.14982978999614716,349.68975830078125,49.176971435546875,391.0951843261719,66.56095886230469
fast,C:\Users\Light\Videos\高速运动.mp4,487,True,0.038788747042417526,348.477783203125,19.679941177368164,369.51580810546875,37.897945404052734
fast,C:\Users\Light\Videos\高速运动.mp4,488,True,0.0388605110347271,348.40936279296875,19.64459991455078,369.44720458984375,37.87586975097656
fast,C:\Users\Light\Videos\高速运动.mp4,489,True,0.03237403556704521,348.36541748046875,20.046390533447266,369.4359436035156,38.367305755615234
fast,C:\Users\Light\Videos\高速运动.mp4,490,True,0.031624697148799896,348.40887451171875,20.066940307617188,369.4714050292969,38.382076263427734
fast,C:\Users\Light\Videos\高速运动.mp4,491,True,0.19580096006393433,378.406982421875,48.23643493652344,418.7088623046875,66.90853881835938
fast,C:\Users\Light\Videos\高速运动.mp4,492,True,0.6694847941398621,376.3077087402344,47.137874603271484,406.9087219238281,65.8516616821289
fast,C:\Users\Light\Videos\高速运动.mp4,493,True,0.6706805229187012,376.300537109375,47.13832473754883,406.91973876953125,65.84893035888672
fast,C:\Users\Light\Videos\高速运动.mp4,494,True,0.569610595703125,376.7610168457031,44.65626907348633,399.30511474609375,63.95768356323242
fast,C:\Users\Light\Videos\高速运动.mp4,495,True,0.5759499669075012,376.80340576171875,44.70071029663086,399.281005859375,63.937129974365234
fast,C:\Users\Light\Videos\高速运动.mp4,496,True,0.5561556220054626,374.6767578125,44.53242111206055,399.580078125,64.03916931152344
fast,C:\Users\Light\Videos\高速运动.mp4,497,True,0.7076165676116943,371.98583984375,45.5013313293457,397.6437683105469,65.58001708984375
fast,C:\Users\Light\Videos\高速运动.mp4,498,True,0.704365611076355,372.04754638671875,45.492164611816406,397.6365661621094,65.5596923828125
fast,C:\Users\Light\Videos\高速运动.mp4,499,True,0.6371728777885437,370.6530456542969,43.08236312866211,395.1853332519531,63.50618362426758
fast,C:\Users\Light\Videos\高速运动.mp4,500,True,0.6520296931266785,365.9619140625,40.06064224243164,396.5341491699219,61.10919952392578
fast,C:\Users\Light\Videos\高速运动.mp4,501,True,0.6504139304161072,365.9425048828125,40.04033660888672,396.5531005859375,61.1044921875
fast,C:\Users\Light\Videos\高速运动.mp4,502,True,0.5566279292106628,359.04156494140625,38.49372863769531,394.07354736328125,61.040531158447266
fast,C:\Users\Light\Videos\高速运动.mp4,503,True,0.5712113380432129,354.6846008300781,38.45679473876953,389.0661315917969,60.50324249267578
fast,C:\Users\Light\Videos\高速运动.mp4,504,True,0.5710792541503906,354.6882629394531,38.4720344543457,389.0600891113281,60.506649017333984
fast,C:\Users\Light\Videos\高速运动.mp4,505,True,0.6840307116508484,344.4786376953125,37.642120361328125,383.4849548339844,61.17708206176758
fast,C:\Users\Light\Videos\高速运动.mp4,506,True,0.6847757697105408,344.47552490234375,37.63389587402344,383.51055908203125,61.17289352416992
fast,C:\Users\Light\Videos\高速运动.mp4,507,True,0.6002382040023804,335.57928466796875,37.58719253540039,372.92376708984375,60.133140563964844
fast,C:\Users\Light\Videos\高速运动.mp4,508,True,0.6821281909942627,327.5666809082031,39.993160247802734,364.8197326660156,61.49563980102539
fast,C:\Users\Light\Videos\高速运动.mp4,509,True,0.6868419647216797,327.5157470703125,39.966514587402344,364.82611083984375,61.4852180480957
fast,C:\Users\Light\Videos\高速运动.mp4,510,True,0.6773574352264404,315.53070068359375,40.31962585449219,353.7690734863281,61.963924407958984
fast,C:\Users\Light\Videos\高速运动.mp4,511,True,0.6325222253799438,303.449951171875,39.804344177246094,339.0049743652344,61.59848403930664
fast,C:\Users\Light\Videos\高速运动.mp4,512,True,0.6317349672317505,303.446044921875,39.794864654541016,339.00653076171875,61.59075164794922
fast,C:\Users\Light\Videos\高速运动.mp4,513,True,0.6929041743278503,274.1019287109375,39.63417434692383,313.6958923339844,62.2071533203125
fast,C:\Users\Light\Videos\高速运动.mp4,514,True,0.690753698348999,274.091552734375,39.65829086303711,313.7602844238281,62.23772430419922
fast,C:\Users\Light\Videos\高速运动.mp4,515,True,0.6607844233512878,259.0664978027344,38.52349090576172,300.0273742675781,61.61959457397461
fast,C:\Users\Light\Videos\高速运动.mp4,516,True,0.659011721611023,259.0317077636719,38.52073669433594,300.07806396484375,61.60576629638672
fast,C:\Users\Light\Videos\高速运动.mp4,517,True,0.6285264492034912,244.02365112304688,38.45737838745117,283.9355773925781,61.818294525146484
fast,C:\Users\Light\Videos\高速运动.mp4,518,True,0.37966063618659973,226.2801971435547,39.266517639160156,267.726318359375,61.70838928222656
fast,C:\Users\Light\Videos\高速运动.mp4,519,True,0.38723084330558777,226.3169708251953,39.26521682739258,267.66796875,61.695213317871094
fast,C:\Users\Light\Videos\高速运动.mp4,520,True,0.2603972256183624,212.27491760253906,40.55434036254883,252.7664031982422,63.01427459716797
fast,C:\Users\Light\Videos\高速运动.mp4,521,True,0.25069501996040344,192.41050720214844,39.87749481201172,232.96075439453125,61.85056686401367
fast,C:\Users\Light\Videos\高速运动.mp4,522,True,0.2486283779144287,192.41595458984375,39.8787956237793,232.9546356201172,61.853031158447266
fast,C:\Users\Light\Videos\高速运动.mp4,523,True,0.48069390654563904,174.85337829589844,40.292510986328125,216.78738403320312,62.64105987548828
fast,C:\Users\Light\Videos\高速运动.mp4,524,True,0.5764936208724976,157.92913818359375,40.48921203613281,195.55702209472656,61.308998107910156
fast,C:\Users\Light\Videos\高速运动.mp4,525,True,0.5746958255767822,157.9242401123047,40.516510009765625,195.65255737304688,61.32867431640625
fast,C:\Users\Light\Videos\高速运动.mp4,526,True,0.4846899211406708,139.5316619873047,40.95610809326172,175.39260864257812,60.8218879699707
fast,C:\Users\Light\Videos\高速运动.mp4,527,True,0.48605117201805115,139.55064392089844,40.950439453125,175.39773559570312,60.82159423828125
fast,C:\Users\Light\Videos\高速运动.mp4,528,True,0.49234119057655334,121.00865936279297,41.09297561645508,156.09075927734375,61.307518005371094
fast,C:\Users\Light\Videos\高速运动.mp4,529,True,0.4667309522628784,97.5988540649414,41.64371109008789,140.98118591308594,62.78581619262695
fast,C:\Users\Light\Videos\高速运动.mp4,530,True,0.479143351316452,97.4719467163086,41.58064651489258,140.88343811035156,62.783485412597656
fast,C:\Users\Light\Videos\高速运动.mp4,531,True,0.5014124512672424,74.00848388671875,41.56361389160156,122.92497253417969,63.86191940307617
fast,C:\Users\Light\Videos\高速运动.mp4,532,True,0.5405949950218201,53.462074279785156,42.08366775512695,95.74785614013672,62.96969985961914
fast,C:\Users\Light\Videos\高速运动.mp4,533,True,0.5374085903167725,53.39707946777344,42.08010482788086,95.7253189086914,62.97057342529297
fast,C:\Users\Light\Videos\高速运动.mp4,534,True,0.30146390199661255,32.542781829833984,42.6302604675293,75.0527572631836,62.465065002441406
fast,C:\Users\Light\Videos\高速运动.mp4,535,True,0.013306107372045517,450.33795166015625,36.4238166809082,469.0,59.597686767578125
fast,C:\Users\Light\Videos\高速运动.mp4,536,True,0.023350367322564125,11.48794174194336,48.34374237060547,42.395042419433594,67.51095581054688
fast,C:\Users\Light\Videos\高速运动.mp4,537,True,0.3940936028957367,19.154190063476562,42.7026252746582,55.33585739135742,63.075706481933594
fast,C:\Users\Light\Videos\高速运动.mp4,538,True,0.3893050253391266,19.196378707885742,42.740882873535156,55.306976318359375,63.0572624206543
fast,C:\Users\Light\Videos\高速运动.mp4,539,True,0.6388905048370361,33.856021881103516,42.80195236206055,65.6589126586914,62.851905822753906
fast,C:\Users\Light\Videos\高速运动.mp4,540,True,0.6392441391944885,33.8691520690918,42.811546325683594,65.6451416015625,62.862125396728516
fast,C:\Users\Light\Videos\高速运动.mp4,541,True,0.7406754493713379,44.06626510620117,42.56627655029297,75.37366485595703,62.33388900756836
fast,C:\Users\Light\Videos\高速运动.mp4,542,True,0.7379581928253174,54.81118392944336,42.63776779174805,86.55937194824219,62.16266632080078
fast,C:\Users\Light\Videos\高速运动.mp4,543,True,0.737558126449585,54.802242279052734,42.63227462768555,86.58547973632812,62.15807342529297
fast,C:\Users\Light\Videos\高速运动.mp4,544,True,0.693853497505188,64.6385269165039,43.406768798828125,96.09269714355469,62.6616096496582
fast,C:\Users\Light\Videos\高速运动.mp4,545,True,0.6743655204772949,75.83745574951172,43.67301559448242,105.72688293457031,64.08943939208984
fast,C:\Users\Light\Videos\高速运动.mp4,546,True,0.6752396821975708,75.81892395019531,43.644954681396484,105.72578430175781,64.06926727294922
fast,C:\Users\Light\Videos\高速运动.mp4,547,True,0.6943970322608948,85.77880096435547,44.32693099975586,117.79859161376953,64.06613159179688
fast,C:\Users\Light\Videos\高速运动.mp4,548,True,0.580613911151886,97.96348571777344,44.989906311035156,128.4147186279297,64.0641098022461
fast,C:\Users\Light\Videos\高速运动.mp4,549,True,0.5794459581375122,97.99929809570312,44.988224029541016,128.39749145507812,64.05382537841797
fast,C:\Users\Light\Videos\高速运动.mp4,550,True,0.42773357033729553,108.7047348022461,46.14005661010742,141.4671173095703,64.90892791748047
fast,C:\Users\Light\Videos\高速运动.mp4,551,True,0.428088515996933,108.70520782470703,46.140838623046875,141.46499633789062,64.90904235839844
fast,C:\Users\Light\Videos\高速运动.mp4,552,True,0.45858126878738403,122.61553192138672,46.33187484741211,156.81707763671875,65.46869659423828
fast,C:\Users\Light\Videos\高速运动.mp4,553,True,0.4504343271255493,137.5355987548828,44.94660568237305,166.72219848632812,63.12342071533203
fast,C:\Users\Light\Videos\高速运动.mp4,554,True,0.4496377110481262,137.54489135742188,44.94626998901367,166.71209716796875,63.126041412353516
fast,C:\Users\Light\Videos\高速运动.mp4,555,True,0.5875452160835266,153.73431396484375,46.06435012817383,181.46124267578125,64.14707946777344
fast,C:\Users\Light\Videos\高速运动.mp4,556,True,0.6161655783653259,168.13583374023438,45.04877853393555,199.0375213623047,64.44266510009766
fast,C:\Users\Light\Videos\高速运动.mp4,557,True,0.6170130372047424,168.134521484375,45.03898620605469,199.04595947265625,64.43537902832031
fast,C:\Users\Light\Videos\高速运动.mp4,558,True,0.493956595659256,182.7723846435547,45.28315734863281,216.00596618652344,65.33113861083984
fast,C:\Users\Light\Videos\高速运动.mp4,559,True,0.5945643782615662,198.7875213623047,46.22154235839844,231.98178100585938,64.14160919189453
fast,C:\Users\Light\Videos\高速运动.mp4,560,True,0.4096291959285736,214.8015594482422,46.397003173828125,251.66404724121094,65.82172393798828
fast,C:\Users\Light\Videos\高速运动.mp4,561,True,0.41048842668533325,214.802001953125,46.403480529785156,251.65768432617188,65.8205337524414
fast,C:\Users\Light\Videos\高速运动.mp4,562,True,0.36111992597579956,233.94447326660156,47.66059875488281,267.9497985839844,64.82087707519531
fast,C:\Users\Light\Videos\高速运动.mp4,563,True,0.45603635907173157,250.04908752441406,48.050086975097656,294.7773132324219,67.28153228759766
fast,C:\Users\Light\Videos\高速运动.mp4,564,True,0.45593300461769104,250.03732299804688,48.04806900024414,294.7818603515625,67.27964782714844
fast,C:\Users\Light\Videos\高速运动.mp4,565,True,0.4379079341888428,270.84344482421875,47.795894622802734,316.9393310546875,67.4455795288086
fast,C:\Users\Light\Videos\高速运动.mp4,566,True,0.2046482414007187,292.60821533203125,49.248443603515625,336.8070373535156,68.19818115234375
fast,C:\Users\Light\Videos\高速运动.mp4,567,True,0.20470595359802246,292.5993957519531,49.2315673828125,336.80987548828125,68.19541931152344
fast,C:\Users\Light\Videos\高速运动.mp4,568,True,0.2749735116958618,319.74273681640625,47.16696548461914,346.60986328125,65.8626480102539
fast,C:\Users\Light\Videos\高速运动.mp4,569,True,0.10773663222789764,336.5596618652344,49.403865814208984,380.6527099609375,67.07583618164062
fast,C:\Users\Light\Videos\高速运动.mp4,570,True,0.10842482000589371,336.5600891113281,49.40296936035156,380.6544494628906,67.0756607055664
fast,C:\Users\Light\Videos\高速运动.mp4,571,True,0.048519209027290344,346.98492431640625,18.426183700561523,367.4748229980469,38.70773696899414
fast,C:\Users\Light\Videos\高速运动.mp4,572,True,0.05096893012523651,346.9708557128906,18.40314483642578,367.4750061035156,38.700965881347656
fast,C:\Users\Light\Videos\高速运动.mp4,573,True,0.05066429823637009,408.6346130371094,34.48406982421875,438.53753662109375,57.93131637573242
fast,C:\Users\Light\Videos\高速运动.mp4,574,True,0.039026547223329544,347.852783203125,20.07577133178711,369.2700500488281,38.44178009033203
fast,C:\Users\Light\Videos\高速运动.mp4,575,True,0.03900916874408722,347.87908935546875,20.060688018798828,369.2901306152344,38.424678802490234
fast,C:\Users\Light\Videos\高速运动.mp4,576,True,0.15409180521965027,384.1090087890625,43.749794006347656,427.95574951171875,64.35990142822266
fast,C:\Users\Light\Videos\高速运动.mp4,577,True,0.44222116470336914,380.438720703125,46.36063003540039,416.7821044921875,66.02326965332031
fast,C:\Users\Light\Videos\高速运动.mp4,578,True,0.44022947549819946,380.4122619628906,46.33608627319336,416.79925537109375,66.03118133544922
fast,C:\Users\Light\Videos\高速运动.mp4,579,True,0.08195869624614716,368.35699462890625,41.22358703613281,407.8425598144531,62.733909606933594
fast,C:\Users\Light\Videos\高速运动.mp4,580,True,0.5666438341140747,363.9443054199219,40.57325744628906,398.22735595703125,60.6558837890625
fast,C:\Users\Light\Videos\高速运动.mp4,581,True,0.566451907157898,363.94189453125,40.572853088378906,398.230712890625,60.65727615356445
fast,C:\Users\Light\Videos\高速运动.mp4,582,True,0.5324599742889404,354.9534606933594,41.733604431152344,389.6976013183594,61.57441329956055
fast,C:\Users\Light\Videos\高速运动.mp4,583,True,0.6237195730209351,347.8048095703125,40.92778015136719,382.7549743652344,61.43797302246094
fast,C:\Users\Light\Videos\高速运动.mp4,584,True,0.6239944100379944,347.7959289550781,40.92455291748047,382.76055908203125,61.43819808959961
fast,C:\Users\Light\Videos\高速运动.mp4,585,True,0.6636613011360168,338.8765869140625,39.3301887512207,372.6616516113281,60.43719482421875
fast,C:\Users\Light\Videos\高速运动.mp4,586,True,0.5773851275444031,326.7054138183594,39.44356918334961,365.3556213378906,61.130043029785156
fast,C:\Users\Light\Videos\高速运动.mp4,587,True,0.6385203003883362,314.6629943847656,38.599063873291016,353.5927734375,61.08647537231445
fast,C:\Users\Light\Videos\高速运动.mp4,588,True,0.6387400031089783,314.66790771484375,38.59791946411133,353.5925598144531,61.085018157958984
fast,C:\Users\Light\Videos\高速运动.mp4,589,True,0.60337233543396,304.7309265136719,39.29464340209961,341.9372863769531,61.47367477416992
fast,C:\Users\Light\Videos\高速运动.mp4,590,True,0.6819281578063965,293.2270812988281,40.72038650512695,330.1367492675781,61.63353729248047
fast,C:\Users\Light\Videos\高速运动.mp4,591,True,0.6813358664512634,293.2259521484375,40.72955322265625,330.13763427734375,61.63414001464844
fast,C:\Users\Light\Videos\高速运动.mp4,592,True,0.729178249835968,279.1476135253906,40.0714225769043,315.8766174316406,61.04091262817383
fast,C:\Users\Light\Videos\高速运动.mp4,593,True,0.6634259819984436,261.1485290527344,38.490478515625,303.0693054199219,61.56618881225586
fast,C:\Users\Light\Videos\高速运动.mp4,594,True,0.6635706424713135,261.15057373046875,38.491912841796875,303.06494140625,61.56421661376953
fast,C:\Users\Light\Videos\高速运动.mp4,595,True,0.6282791495323181,248.0158233642578,38.46815872192383,286.1634826660156,61.6114616394043
fast,C:\Users\Light\Videos\高速运动.mp4,596,True,0.6284294128417969,248.02442932128906,38.467552185058594,286.16424560546875,61.61215591430664
fast,C:\Users\Light\Videos\高速运动.mp4,597,True,0.6898472905158997,234.44834899902344,38.69023132324219,271.259765625,61.61592102050781
fast,C:\Users\Light\Videos\高速运动.mp4,598,True,0.4295855462551117,215.72024536132812,39.36768341064453,256.98504638671875,61.14192199707031
fast,C:\Users\Light\Videos\高速运动.mp4,599,True,0.4307959973812103,215.71719360351562,39.372188568115234,256.96112060546875,61.136024475097656
fast,C:\Users\Light\Videos\高速运动.mp4,600,True,0.5791823863983154,202.74232482910156,39.32202911376953,237.9912872314453,61.36228942871094
fast,C:\Users\Light\Videos\高速运动.mp4,601,True,0.4628455936908722,182.50759887695312,40.457794189453125,225.32984924316406,62.6453857421875
fast,C:\Users\Light\Videos\高速运动.mp4,602,True,0.46440160274505615,182.48634338378906,40.4571647644043,225.34262084960938,62.64134979248047
fast,C:\Users\Light\Videos\高速运动.mp4,603,True,0.5604665279388428,166.4650421142578,39.601566314697266,203.5041046142578,61.978580474853516
fast,C:\Users\Light\Videos\高速运动.mp4,604,True,0.553317129611969,148.18455505371094,40.438812255859375,184.72171020507812,61.03084945678711
fast,C:\Users\Light\Videos\高速运动.mp4,605,True,0.5530245900154114,148.1823272705078,40.43928146362305,184.73292541503906,61.03002166748047
fast,C:\Users\Light\Videos\高速运动.mp4,606,True,0.5862025618553162,132.5169219970703,41.289588928222656,170.4435577392578,62.11268997192383
fast,C:\Users\Light\Videos\高速运动.mp4,607,True,0.5850969552993774,132.4969482421875,41.346805572509766,170.36502075195312,62.13960647583008
fast,C:\Users\Light\Videos\高速运动.mp4,608,True,0.48955875635147095,113.31637573242188,40.41070556640625,149.0906219482422,61.0860710144043
fast,C:\Users\Light\Videos\高速运动.mp4,609,True,0.5392125844955444,93.6665267944336,41.30980682373047,134.5570831298828,62.089786529541016
fast,C:\Users\Light\Videos\高速运动.mp4,610,True,0.5799430012702942,71.4305648803711,42.10379409790039,112.99642181396484,62.051597595214844
fast,C:\Users\Light\Videos\高速运动.mp4,611,True,0.5652248859405518,52.98675537109375,42.72752380371094,91.37290954589844,62.376224517822266
fast,C:\Users\Light\Videos\高速运动.mp4,612,True,0.5619263648986816,52.94156265258789,42.719635009765625,91.39363098144531,62.355159759521484
fast,C:\Users\Light\Videos\高速运动.mp4,613,True,0.43884536623954773,34.207759857177734,42.61669921875,71.53787994384766,62.06975173950195
fast,C:\Users\Light\Videos\高速运动.mp4,614,True,0.007367383688688278,429.5782775878906,17.268997192382812,462.1927185058594,44.377044677734375
fast,C:\Users\Light\Videos\高速运动.mp4,615,True,0.007345777470618486,429.60015869140625,17.262765884399414,462.1789855957031,44.39510726928711
fast,C:\Users\Light\Videos\高速运动.mp4,616,True,0.00774961756542325,12.818780899047852,45.65973663330078,43.24992752075195,66.65499877929688
fast,C:\Users\Light\Videos\高速运动.mp4,617,True,0.007765024900436401,12.819310188293457,45.66401672363281,43.26845169067383,66.65269470214844
fast,C:\Users\Light\Videos\高速运动.mp4,618,True,0.4655798375606537,22.912813186645508,43.720863342285156,56.63848876953125,64.32653045654297
fast,C:\Users\Light\Videos\高速运动.mp4,619,True,0.6506690382957458,38.36640548706055,43.21550750732422,68.20066833496094,63.587738037109375
fast,C:\Users\Light\Videos\高速运动.mp4,620,True,0.653702437877655,38.48725509643555,43.22433853149414,68.14934539794922,63.5886344909668
fast,C:\Users\Light\Videos\高速运动.mp4,621,True,0.699782133102417,50.239097595214844,43.254459381103516,79.66996765136719,63.60418701171875
fast,C:\Users\Light\Videos\高速运动.mp4,622,True,0.6874023675918579,61.4882698059082,43.480567932128906,91.54295349121094,63.47964859008789
fast,C:\Users\Light\Videos\高速运动.mp4,623,True,0.6884283423423767,61.52375411987305,43.50634002685547,91.56462097167969,63.51564025878906
fast,C:\Users\Light\Videos\高速运动.mp4,624,True,0.6999891996383667,72.42095947265625,44.110774993896484,100.5239486694336,64.29851531982422
fast,C:\Users\Light\Videos\高速运动.mp4,625,True,0.6992717385292053,82.36002349853516,44.3616943359375,113.79206848144531,64.04593658447266
fast,C:\Users\Light\Videos\高速运动.mp4,626,True,0.6994115114212036,82.35785675048828,44.35501480102539,113.79976654052734,64.04432678222656
fast,C:\Users\Light\Videos\高速运动.mp4,627,True,0.6697759628295898,94.09884643554688,44.768524169921875,125.50496673583984,64.03775787353516
fast,C:\Users\Light\Videos\高速运动.mp4,628,True,0.5300004482269287,106.40829467773438,46.01921463012695,139.76129150390625,64.48737335205078
fast,C:\Users\Light\Videos\高速运动.mp4,629,True,0.5253390669822693,106.35372161865234,46.027259826660156,139.85995483398438,64.49977111816406
fast,C:\Users\Light\Videos\高速运动.mp4,630,True,0.5390908718109131,121.07927703857422,46.224884033203125,152.18174743652344,64.41393280029297
fast,C:\Users\Light\Videos\高速运动.mp4,631,True,0.5343006253242493,121.07803344726562,46.26345443725586,152.1967315673828,64.42520141601562
fast,C:\Users\Light\Videos\高速运动.mp4,632,True,0.5686928033828735,135.43055725097656,44.54887390136719,164.36383056640625,63.2765998840332
fast,C:\Users\Light\Videos\高速运动.mp4,633,True,0.27495846152305603,149.46214294433594,46.53915786743164,184.5735626220703,65.62250518798828
fast,C:\Users\Light\Videos\高速运动.mp4,634,True,0.6590994000434875,164.9512939453125,44.62502670288086,195.8621826171875,64.06660461425781
fast,C:\Users\Light\Videos\高速运动.mp4,635,True,0.64360111951828,179.02658081054688,45.007633209228516,213.1676788330078,63.51443099975586
fast,C:\Users\Light\Videos\高速运动.mp4,636,True,0.6435306668281555,179.02914428710938,45.00718307495117,213.16453552246094,63.51469802856445
fast,C:\Users\Light\Videos\高速运动.mp4,637,True,0.5366477370262146,193.78634643554688,44.2884521484375,234.4892120361328,63.72003173828125
fast,C:\Users\Light\Videos\高速运动.mp4,638,True,0.5592291951179504,214.0995635986328,44.85586166381836,246.5727081298828,64.13970947265625
fast,C:\Users\Light\Videos\高速运动.mp4,639,True,0.5587871074676514,214.09185791015625,44.84916305541992,246.5714569091797,64.13206481933594
fast,C:\Users\Light\Videos\高速运动.mp4,640,True,0.4222242832183838,231.59933471679688,46.71116256713867,269.376708984375,66.40647888183594
fast,C:\Users\Light\Videos\高速运动.mp4,641,True,0.42336761951446533,231.59854125976562,46.692787170410156,269.3699645996094,66.40531158447266
fast,C:\Users\Light\Videos\高速运动.mp4,642,True,0.47412723302841187,248.5099639892578,45.26791763305664,285.6214904785156,65.50523376464844
fast,C:\Users\Light\Videos\高速运动.mp4,643,True,0.6074587106704712,267.8968200683594,46.3513069152832,302.61590576171875,64.30543518066406
fast,C:\Users\Light\Videos\高速运动.mp4,644,True,0.6074736714363098,267.8631896972656,46.35771560668945,302.62164306640625,64.31915283203125
fast,C:\Users\Light\Videos\高速运动.mp4,645,True,0.3049047291278839,284.1866149902344,46.64462661743164,323.48577880859375,64.1351089477539
fast,C:\Users\Light\Videos\高速运动.mp4,646,True,0.49140188097953796,305.48370361328125,47.083126068115234,348.49945068359375,66.37181091308594
fast,C:\Users\Light\Videos\高速运动.mp4,647,True,0.49131813645362854,305.4737548828125,47.086307525634766,348.5010070800781,66.36799621582031
fast,C:\Users\Light\Videos\高速运动.mp4,648,True,0.33196356892585754,323.8235168457031,47.56916046142578,369.78472900390625,66.38326263427734
fast,C:\Users\Light\Videos\高速运动.mp4,649,True,0.21239185333251953,344.61785888671875,49.003868103027344,388.55596923828125,66.9276123046875
fast,C:\Users\Light\Videos\高速运动.mp4,650,True,0.2124951332807541,344.6161804199219,49.003665924072266,388.5585632324219,66.92803955078125
fast,C:\Users\Light\Videos\高速运动.mp4,651,True,0.06342669576406479,348.14776611328125,19.537338256835938,369.424560546875,38.22405242919922
fast,C:\Users\Light\Videos\高速运动.mp4,652,True,0.06273895502090454,348.2366943359375,19.57935905456543,369.5136413574219,38.262176513671875
fast,C:\Users\Light\Videos\高速运动.mp4,653,True,0.02632453478872776,346.7418212890625,19.823911666870117,368.00482177734375,37.93806457519531
fast,C:\Users\Light\Videos\高速运动.mp4,654,True,0.020905043929815292,399.1492614746094,46.945274353027344,432.8065490722656,66.66255187988281
fast,C:\Users\Light\Videos\高速运动.mp4,655,True,0.019653039053082466,399.0994873046875,46.93310546875,432.7838134765625,66.63648986816406
fast,C:\Users\Light\Videos\高速运动.mp4,656,True,0.48489540815353394,386.16925048828125,45.770626068115234,422.7085266113281,65.98817443847656
fast,C:\Users\Light\Videos\高速运动.mp4,657,True,0.4629155099391937,382.45855712890625,47.7536506652832,415.3247985839844,66.91365051269531
fast,C:\Users\Light\Videos\高速运动.mp4,658,True,0.5912785530090332,380.2655944824219,42.33859634399414,405.4847412109375,63.465415954589844
fast,C:\Users\Light\Videos\高速运动.mp4,659,True,0.5180349946022034,371.5687561035156,41.44236755371094,404.9411315917969,62.81113815307617
fast,C:\Users\Light\Videos\高速运动.mp4,660,True,0.5290088653564453,371.4164733886719,41.41677474975586,404.9772644042969,62.80324935913086
fast,C:\Users\Light\Videos\高速运动.mp4,661,True,0.4872108995914459,367.9365539550781,44.73013687133789,395.82501220703125,63.85481262207031
fast,C:\Users\Light\Videos\高速运动.mp4,662,True,0.48771825432777405,367.9306945800781,44.727691650390625,395.8227233886719,63.85523986816406
fast,C:\Users\Light\Videos\高速运动.mp4,663,True,0.2883736789226532,357.6553039550781,39.262237548828125,394.87481689453125,61.477752685546875
fast,C:\Users\Light\Videos\高速运动.mp4,664,True,0.657825767993927,350.57843017578125,39.551456451416016,386.0936279296875,60.46308135986328
fast,C:\Users\Light\Videos\高速运动.mp4,665,True,0.6618171334266663,350.60931396484375,39.55699157714844,386.12860107421875,60.45696258544922
fast,C:\Users\Light\Videos\高速运动.mp4,666,True,0.5854887366294861,338.53363037109375,39.0329704284668,377.25030517578125,61.57349395751953
fast,C:\Users\Light\Videos\高速运动.mp4,667,True,0.5863167643547058,327.0611267089844,39.10840606689453,366.6658935546875,62.03095626831055
fast,C:\Users\Light\Videos\高速运动.mp4,668,True,0.5857131481170654,327.0923767089844,39.11252975463867,366.658935546875,62.030147552490234
fast,C:\Users\Light\Videos\高速运动.mp4,669,True,0.5958723425865173,313.98724365234375,39.19805145263672,355.1319885253906,61.7412223815918
fast,C:\Users\Light\Videos\高速运动.mp4,670,True,0.6424652338027954,305.036376953125,39.809993743896484,340.7130432128906,61.44357681274414
fast,C:\Users\Light\Videos\高速运动.mp4,671,True,0.6423803567886353,305.0307312011719,39.812950134277344,340.7159423828125,61.445640563964844
fast,C:\Users\Light\Videos\高速运动.mp4,672,True,0.665805459022522,290.3466796875,40.86614990234375,327.90765380859375,61.78718948364258
fast,C:\Users\Light\Videos\高速运动.mp4,673,True,0.5722954869270325,269.27874755859375,38.911075592041016,314.4029235839844,62.354373931884766
fast,C:\Users\Light\Videos\高速运动.mp4,674,True,0.5735405683517456,269.2820739746094,38.90959548950195,314.39825439453125,62.3515510559082
fast,C:\Users\Light\Videos\高速运动.mp4,675,True,0.5840312838554382,254.26937866210938,38.46038055419922,296.00177001953125,61.84326171875
fast,C:\Users\Light\Videos\高速运动.mp4,676,True,0.5881478190422058,254.31130981445312,38.461368560791016,296.12939453125,61.85150909423828
fast,C:\Users\Light\Videos\高速运动.mp4,677,True,0.6126348376274109,239.00186157226562,38.77772521972656,280.4592590332031,61.75800704956055
fast,C:\Users\Light\Videos\高速运动.mp4,678,True,0.36899423599243164,222.46006774902344,39.808692932128906,265.4031677246094,62.77073287963867
fast,C:\Users\Light\Videos\高速运动.mp4,679,True,0.37430891394615173,222.52589416503906,39.80546569824219,265.42864990234375,62.75105667114258
fast,C:\Users\Light\Videos\高速运动.mp4,680,True,0.5568214058876038,205.4624786376953,40.16474151611328,242.85797119140625,61.49890899658203
fast,C:\Users\Light\Videos\高速运动.mp4,681,True,0.2630227506160736,185.3682403564453,39.932716369628906,226.33277893066406,61.750972747802734
fast,C:\Users\Light\Videos\高速运动.mp4,682,True,0.5061126351356506,166.83030700683594,39.23754119873047,207.5878143310547,61.491783142089844
fast,C:\Users\Light\Videos\高速运动.mp4,683,True,0.550734281539917,148.67115783691406,39.78061294555664,185.8588409423828,61.44032669067383
fast,C:\Users\Light\Videos\高速运动.mp4,684,True,0.5518196821212769,148.67706298828125,39.77870559692383,185.83380126953125,61.44223403930664
fast,C:\Users\Light\Videos\高速运动.mp4,685,True,0.510019838809967,130.85922241210938,41.16912841796875,170.5734405517578,61.960540771484375
fast,C:\Users\Light\Videos\高速运动.mp4,686,True,0.512568473815918,130.87744140625,41.16852569580078,170.55799865722656,61.949893951416016
fast,C:\Users\Light\Videos\高速运动.mp4,687,True,0.2673550546169281,109.45596313476562,41.89577102661133,150.06521606445312,62.30027389526367
fast,C:\Users\Light\Videos\高速运动.mp4,688,True,0.5050173401832581,86.06301879882812,41.94826126098633,132.25186157226562,63.59910202026367
fast,C:\Users\Light\Videos\高速运动.mp4,689,True,0.49997109174728394,86.02991485595703,41.95792007446289,132.2490692138672,63.603023529052734
fast,C:\Users\Light\Videos\高速运动.mp4,690,True,0.46463704109191895,62.87487030029297,42.107784271240234,105.4500503540039,63.11465835571289
fast,C:\Users\Light\Videos\高速运动.mp4,691,True,0.2970997393131256,42.46986770629883,42.21748733520508,85.53778839111328,61.84180450439453
fast,C:\Users\Light\Videos\高速运动.mp4,692,True,0.29909539222717285,42.4893913269043,42.23021697998047,85.5150146484375,61.85041046142578
fast,C:\Users\Light\Videos\高速运动.mp4,693,True,0.019062964245676994,20.781757354736328,42.39662170410156,69.0282211303711,64.02877044677734
fast,C:\Users\Light\Videos\高速运动.mp4,694,True,0.013335415162146091,12.096073150634766,47.68195724487305,43.95515441894531,67.31536865234375
fast,C:\Users\Light\Videos\高速运动.mp4,695,True,0.013374008238315582,12.094283103942871,47.69096755981445,43.952392578125,67.31290435791016
fast,C:\Users\Light\Videos\高速运动.mp4,696,True,0.12219169735908508,16.5978946685791,43.994056701660156,50.56986999511719,63.39784622192383
fast,C:\Users\Light\Videos\高速运动.mp4,697,True,0.11781240254640579,16.607620239257812,44.02276611328125,50.54452896118164,63.41131591796875
fast,C:\Users\Light\Videos\高速运动.mp4,698,True,0.5306950807571411,31.314790725708008,42.73032760620117,64.47193145751953,61.99561309814453
fast,C:\Users\Light\Videos\高速运动.mp4,699,True,0.6575040817260742,44.53896713256836,43.22886657714844,76.12329864501953,62.479496002197266
fast,C:\Users\Light\Videos\高速运动.mp4,700,True,0.6570780873298645,44.557289123535156,43.24489212036133,76.09742736816406,62.498435974121094
fast,C:\Users\Light\Videos\高速运动.mp4,701,True,0.7097142934799194,59.25543212890625,43.34937286376953,89.81915283203125,63.46687316894531
fast,C:\Users\Light\Videos\高速运动.mp4,702,True,0.7100622653961182,69.73035430908203,44.26476287841797,97.90097045898438,63.579444885253906
fast,C:\Users\Light\Videos\高速运动.mp4,703,True,0.7115602493286133,69.70401763916016,44.246273040771484,97.8770523071289,63.579200744628906
fast,C:\Users\Light\Videos\高速运动.mp4,704,True,0.6372701525688171,78.98710632324219,44.592281341552734,111.13634490966797,63.27751922607422
fast,C:\Users\Light\Videos\高速运动.mp4,705,True,0.5872465372085571,90.17466735839844,44.4306755065918,122.52959442138672,62.8509635925293
fast,C:\Users\Light\Videos\高速运动.mp4,706,True,0.5838436484336853,104.20125579833984,45.70659637451172,137.80848693847656,65.27677154541016
fast,C:\Users\Light\Videos\高速运动.mp4,707,True,0.5833414196968079,104.20469665527344,45.70012283325195,137.8145751953125,65.27656555175781
fast,C:\Users\Light\Videos\高速运动.mp4,708,True,0.5837835669517517,116.57544708251953,45.721435546875,150.60055541992188,65.23123168945312
fast,C:\Users\Light\Videos\高速运动.mp4,709,True,0.5374736189842224,132.65777587890625,45.91654586791992,160.18722534179688,64.46664428710938
fast,C:\Users\Light\Videos\高速运动.mp4,710,True,0.538260817527771,132.676025390625,45.93815231323242,160.1830596923828,64.47058868408203
fast,C:\Users\Light\Videos\高速运动.mp4,711,True,0.3867780864238739,144.0137176513672,45.83478927612305,176.48484802246094,64.27704620361328
fast,C:\Users\Light\Videos\高速运动.mp4,712,True,0.6189708709716797,158.6726531982422,45.49696350097656,189.6287078857422,63.200626373291016
fast,C:\Users\Light\Videos\高速运动.mp4,713,True,0.6183068156242371,158.69573974609375,45.50196075439453,189.63558959960938,63.20226287841797
fast,C:\Users\Light\Videos\高速运动.mp4,714,True,0.6545018553733826,175.43081665039062,44.32088088989258,206.0725555419922,63.970523834228516
fast,C:\Users\Light\Videos\高速运动.mp4,715,True,0.5813310742378235,190.54428100585938,44.62710952758789,223.17022705078125,64.6031494140625
fast,C:\Users\Light\Videos\高速运动.mp4,716,True,0.5805540084838867,190.54165649414062,44.638092041015625,223.1774139404297,64.60324096679688
fast,C:\Users\Light\Videos\高速运动.mp4,717,True,0.5440255999565125,208.2751922607422,45.01854705810547,240.36219787597656,63.14798355102539
fast,C:\Users\Light\Videos\高速运动.mp4,718,True,0.39935028553009033,222.893310546875,46.24671173095703,260.4435729980469,65.35516357421875
fast,C:\Users\Light\Videos\高速运动.mp4,719,True,0.40260881185531616,222.93118286132812,46.24760818481445,260.4384460449219,65.35104370117188
fast,C:\Users\Light\Videos\高速运动.mp4,720,True,0.5379399657249451,241.2794952392578,48.11799240112305,280.0041809082031,66.84123992919922
fast,C:\Users\Light\Videos\高速运动.mp4,721,True,0.5371482372283936,241.23336791992188,48.10795211791992,280.06182861328125,66.84540557861328
fast,C:\Users\Light\Videos\高速运动.mp4,722,True,0.6536967754364014,258.35198974609375,47.1042594909668,301.0339660644531,66.58509826660156
fast,C:\Users\Light\Videos\高速运动.mp4,723,True,0.47584038972854614,276.5560607910156,47.7787971496582,321.4874572753906,67.14247131347656
fast,C:\Users\Light\Videos\高速运动.mp4,724,True,0.47812196612358093,276.54986572265625,47.792781829833984,321.4293518066406,67.1521987915039
fast,C:\Users\Light\Videos\高速运动.mp4,725,True,0.2534812092781067,296.6501770019531,48.69261932373047,342.3167419433594,68.14535522460938
fast,C:\Users\Light\Videos\高速运动.mp4,726,True,0.3071732819080353,317.3716735839844,48.172115325927734,363.75408935546875,67.46434020996094
fast,C:\Users\Light\Videos\高速运动.mp4,727,True,0.3080689609050751,317.3695373535156,48.14414596557617,363.8616943359375,67.45645141601562
fast,C:\Users\Light\Videos\高速运动.mp4,728,True,0.160274937748909,340.0111083984375,48.697547912597656,385.285400390625,67.1697006225586
fast,C:\Users\Light\Videos\高速运动.mp4,729,True,0.025639686733484268,347.5790710449219,20.27895164489746,368.54705810546875,38.092254638671875
fast,C:\Users\Light\Videos\高速运动.mp4,730,True,0.029035547748208046,413.8460388183594,35.99031448364258,440.6017150878906,55.71221160888672
fast,C:\Users\Light\Videos\高速运动.mp4,731,True,0.02911335974931717,413.8517761230469,35.968868255615234,440.6430358886719,55.69215393066406
fast,C:\Users\Light\Videos\高速运动.mp4,732,True,0.02372896298766136,407.8433532714844,46.722190856933594,439.2201232910156,66.51360321044922
fast,C:\Users\Light\Videos\高速运动.mp4,733,True,0.038416098803281784,393.22314453125,43.49986267089844,432.1290588378906,63.7413444519043
fast,C:\Users\Light\Videos\高速运动.mp4,734,True,0.03736435994505882,393.24761962890625,43.49531555175781,432.1491394042969,63.73002624511719
fast,C:\Users\Light\Videos\高速运动.mp4,735,True,0.38208284974098206,384.29833984375,46.22871398925781,419.15643310546875,66.0221939086914
fast,C:\Users\Light\Videos\高速运动.mp4,736,True,0.04430534690618515,371.6033630371094,41.11894989013672,410.65399169921875,62.889198303222656
fast,C:\Users\Light\Videos\高速运动.mp4,737,True,0.044587574899196625,371.5940856933594,41.108192443847656,410.6633605957031,62.8896484375
fast,C:\Users\Light\Videos\高速运动.mp4,738,True,0.5064970850944519,364.75238037109375,40.269493103027344,398.3805236816406,60.31455993652344
fast,C:\Users\Light\Videos\高速运动.mp4,739,True,0.3361532390117645,348.4752197265625,39.4013671875,392.7218322753906,62.17425537109375
fast,C:\Users\Light\Videos\高速运动.mp4,740,True,0.3373270630836487,348.4683837890625,39.395225524902344,392.7174987792969,62.172821044921875
fast,C:\Users\Light\Videos\高速运动.mp4,741,True,0.7329227328300476,343.4421691894531,40.31557083129883,380.1454772949219,61.6116828918457
fast,C:\Users\Light\Videos\高速运动.mp4,742,True,0.7339876294136047,343.4364013671875,40.308712005615234,380.13787841796875,61.61083221435547
fast,C:\Users\Light\Videos\高速运动.mp4,743,True,0.7331737875938416,332.2590026855469,39.541168212890625,367.40631103515625,60.63544464111328
fast,C:\Users\Light\Videos\高速运动.mp4,744,True,0.7405149936676025,320.8236083984375,39.654659271240234,359.04302978515625,61.17277908325195
fast,C:\Users\Light\Videos\高速运动.mp4,745,True,0.7386726140975952,320.8774108886719,39.601051330566406,358.9254455566406,61.09949493408203
fast,C:\Users\Light\Videos\高速运动.mp4,746,True,0.7258685231208801,308.7679443359375,39.8984489440918,347.1807556152344,61.695369720458984
fast,C:\Users\Light\Videos\高速运动.mp4,747,True,0.670776903629303,294.7425537109375,39.9807243347168,332.98223876953125,62.234249114990234
fast,C:\Users\Light\Videos\高速运动.mp4,748,True,0.67057204246521,294.7568054199219,40.00004196166992,332.8957824707031,62.22927474975586
fast,C:\Users\Light\Videos\高速运动.mp4,749,True,0.5888378620147705,276.67803955078125,39.31051254272461,317.4772644042969,61.86573791503906
fast,C:\Users\Light\Videos\高速运动.mp4,750,True,0.5806272029876709,263.75531005859375,39.16398620605469,303.3751525878906,62.11674499511719
fast,C:\Users\Light\Videos\高速运动.mp4,751,True,0.5802839398384094,263.7581787109375,39.17564010620117,303.38592529296875,62.12140655517578
fast,C:\Users\Light\Videos\高速运动.mp4,752,True,0.7150756120681763,250.88916015625,39.32276916503906,288.82232666015625,62.08933639526367
fast,C:\Users\Light\Videos\高速运动.mp4,753,True,0.680761456489563,236.85963439941406,40.541343688964844,274.1999816894531,62.073673248291016
fast,C:\Users\Light\Videos\高速运动.mp4,754,True,0.5453511476516724,219.499267578125,40.581302642822266,260.9057922363281,62.383419036865234
fast,C:\Users\Light\Videos\高速运动.mp4,755,True,0.569728434085846,219.48086547851562,40.490108489990234,261.003662109375,62.261390686035156
fast,C:\Users\Light\Videos\高速运动.mp4,756,True,0.6889218091964722,205.47447204589844,39.95956802368164,239.03004455566406,61.59749984741211
fast,C:\Users\Light\Videos\高速运动.mp4,757,True,0.6100723743438721,189.07386779785156,41.047279357910156,223.26309204101562,61.1181640625
fast,C:\Users\Light\Videos\高速运动.mp4,758,True,0.6011970043182373,188.9844512939453,41.020721435546875,223.14682006835938,61.09156036376953
fast,C:\Users\Light\Videos\高速运动.mp4,759,True,0.7147930264472961,170.80377197265625,40.544166564941406,205.54705810546875,61.283180236816406
fast,C:\Users\Light\Videos\高速运动.mp4,760,True,0.655903697013855,154.41146850585938,40.41093063354492,187.9617462158203,61.435508728027344
fast,C:\Users\Light\Videos\高速运动.mp4,761,True,0.6552839875221252,154.47164916992188,40.41987228393555,187.91856384277344,61.42759704589844
fast,C:\Users\Light\Videos\高速运动.mp4,762,True,0.32314226031303406,135.8968963623047,41.24131774902344,175.6697540283203,62.90757751464844
fast,C:\Users\Light\Videos\高速运动.mp4,763,True,0.3351908028125763,119.12269592285156,42.07517623901367,153.34637451171875,62.415489196777344
fast,C:\Users\Light\Videos\高速运动.mp4,764,True,0.3256305158138275,118.9673843383789,42.122798919677734,153.44476318359375,62.42824172973633
fast,C:\Users\Light\Videos\高速运动.mp4,765,True,0.3629724979400635,96.30660247802734,42.91958999633789,134.32276916503906,62.306480407714844
fast,C:\Users\Light\Videos\高速运动.mp4,766,True,0.3695511221885681,96.3783950805664,42.91546630859375,134.27490234375,62.29814529418945
fast,C:\Users\Light\Videos\高速运动.mp4,767,True,0.499113529920578,75.72236633300781,42.36676788330078,121.11373138427734,64.0329818725586
fast,C:\Users\Light\Videos\高速运动.mp4,768,True,0.5582349300384521,57.646484375,43.159568786621094,96.71388244628906,62.627323150634766
fast,C:\Users\Light\Videos\高速运动.mp4,769,True,0.5615462064743042,57.639671325683594,43.14424133300781,96.7258071899414,62.62055206298828
fast,C:\Users\Light\Videos\高速运动.mp4,770,True,0.2633483111858368,36.95644760131836,42.946327209472656,78.73572540283203,62.372528076171875
fast,C:\Users\Light\Videos\高速运动.mp4,771,True,0.031959936022758484,18.11402130126953,42.524253845214844,63.52769088745117,63.974735260009766
fast,C:\Users\Light\Videos\高速运动.mp4,772,True,0.031543780118227005,18.119285583496094,42.53151321411133,63.513587951660156,63.97236251831055
fast,C:\Users\Light\Videos\高速运动.mp4,773,True,0.15867415070533752,13.01647663116455,43.97281265258789,39.98941421508789,64.33060455322266
fast,C:\Users\Light\Videos\高速运动.mp4,774,True,0.0999816358089447,18.271554946899414,44.157928466796875,54.3104248046875,64.42298889160156
fast,C:\Users\Light\Videos\高速运动.mp4,775,True,0.09627323597669601,18.237346649169922,44.146385192871094,54.341617584228516,64.43600463867188
fast,C:\Users\Light\Videos\高速运动.mp4,776,True,0.5650660395622253,33.4035530090332,43.334938049316406,64.16999816894531,62.388797760009766
fast,C:\Users\Light\Videos\高速运动.mp4,777,True,0.6846439838409424,44.949241638183594,43.275909423828125,75.52359771728516,62.92469787597656
fast,C:\Users\Light\Videos\高速运动.mp4,778,True,0.6541143655776978,56.621395111083984,43.59379196166992,86.57437133789062,62.55876541137695
fast,C:\Users\Light\Videos\高速运动.mp4,779,True,0.6551234126091003,56.700836181640625,43.603515625,86.49137878417969,62.56105041503906
fast,C:\Users\Light\Videos\高速运动.mp4,780,True,0.6752225756645203,66.8722915649414,44.034507751464844,99.20500183105469,63.258785247802734
fast,C:\Users\Light\Videos\高速运动.mp4,781,True,0.6446805000305176,78.20978546142578,44.30781555175781,110.49474334716797,63.06499481201172
fast,C:\Users\Light\Videos\高速运动.mp4,782,True,0.6460508704185486,78.24392700195312,44.31886291503906,110.47447967529297,63.069454193115234
fast,C:\Users\Light\Videos\高速运动.mp4,783,True,0.5672473907470703,91.98907470703125,44.787933349609375,124.7721939086914,64.17164611816406
fast,C:\Users\Light\Videos\高速运动.mp4,784,True,0.5128742456436157,105.24861907958984,46.09341812133789,138.12037658691406,64.59138488769531
fast,C:\Users\Light\Videos\高速运动.mp4,785,True,0.5115513801574707,105.31063079833984,46.071834564208984,138.0937957763672,64.57926177978516
fast,C:\Users\Light\Videos\高速运动.mp4,786,True,0.34464919567108154,120.33744049072266,46.88922119140625,154.34466552734375,65.64214324951172
fast,C:\Users\Light\Videos\高速运动.mp4,787,True,0.3459753394126892,120.32479858398438,46.89466857910156,154.34945678710938,65.641357421875
fast,C:\Users\Light\Videos\高速运动.mp4,788,True,0.32967349886894226,135.3096923828125,45.398643493652344,165.66796875,63.84609603881836
fast,C:\Users\Light\Videos\高速运动.mp4,789,True,0.44613200426101685,151.86619567871094,45.858524322509766,181.6117706298828,63.28150939941406
fast,C:\Users\Light\Videos\高速运动.mp4,790,True,0.44275322556495667,151.8697967529297,45.87006759643555,181.62686157226562,63.2904052734375
fast,C:\Users\Light\Videos\高速运动.mp4,791,True,0.5858786702156067,167.55245971679688,45.34577560424805,199.9619903564453,64.7408218383789
fast,C:\Users\Light\Videos\高速运动.mp4,792,True,0.5070074796676636,184.87417602539062,45.80946731567383,217.07273864746094,64.26068115234375
fast,C:\Users\Light\Videos\高速运动.mp4,793,True,0.5071790218353271,184.8889923095703,45.81271743774414,217.0669403076172,64.2608413696289
fast,C:\Users\Light\Videos\高速运动.mp4,794,True,0.5110289454460144,200.32525634765625,46.99901580810547,240.64300537109375,66.62499237060547
fast,C:\Users\Light\Videos\高速运动.mp4,795,True,0.3571850061416626,216.44290161132812,47.5954704284668,261.17388916015625,66.92476654052734
fast,C:\Users\Light\Videos\高速运动.mp4,796,True,0.35811832547187805,216.4686737060547,47.5872688293457,261.1746826171875,66.93126678466797
fast,C:\Users\Light\Videos\高速运动.mp4,797,True,0.31611543893814087,236.5879364013672,48.20069122314453,281.1177062988281,67.72966766357422
fast,C:\Users\Light\Videos\高速运动.mp4,798,True,0.3164825439453125,236.5843048095703,48.20071029663086,281.118896484375,67.7343978881836
fast,C:\Users\Light\Videos\高速运动.mp4,799,True,0.4899322986602783,256.4437561035156,48.20608901977539,301.264892578125,67.72122192382812
fast,C:\Users\Light\Videos\高速运动.mp4,800,True,0.2436920702457428,279.5830993652344,49.81161880493164,320.24114990234375,67.9985122680664
fast,C:\Users\Light\Videos\高速运动.mp4,801,True,0.289231538772583,301.3595886230469,49.8466911315918,344.1301574707031,68.11996459960938
fast,C:\Users\Light\Videos\高速运动.mp4,802,True,0.29819178581237793,322.3875732421875,49.204471588134766,367.8054504394531,67.30718994140625
fast,C:\Users\Light\Videos\高速运动.mp4,803,True,0.2964112162590027,322.262939453125,49.20344161987305,367.66204833984375,67.30589294433594
fast,C:\Users\Light\Videos\高速运动.mp4,804,True,0.08347287774085999,346.14837646484375,49.62638854980469,390.3746643066406,67.33336639404297
fast,C:\Users\Light\Videos\高速运动.mp4,805,True,0.03249145671725273,346.9383850097656,20.171220779418945,368.07879638671875,38.303077697753906
fast,C:\Users\Light\Videos\高速运动.mp4,806,True,0.032763514667749405,346.9309387207031,20.158939361572266,368.0726318359375,38.296485900878906
fast,C:\Users\Light\Videos\高速运动.mp4,807,True,0.059772636741399765,347.6665344238281,19.025867462158203,368.36865234375,39.18406677246094
fast,C:\Users\Light\Videos\高速运动.mp4,808,True,0.15504583716392517,392.5307922363281,43.96700668334961,429.3219909667969,62.76712417602539
fast,C:\Users\Light\Videos\高速运动.mp4,809,True,0.16059711575508118,392.6261291503906,43.91823959350586,429.3234558105469,62.72077560424805
fast,C:\Users\Light\Videos\高速运动.mp4,810,True,0.0924452394247055,376.30255126953125,42.87987518310547,419.0805358886719,64.00570678710938
fast,C:\Users\Light\Videos\高速运动.mp4,811,True,0.09267536550760269,376.31915283203125,42.91304397583008,419.07354736328125,64.01243591308594
fast,C:\Users\Light\Videos\高速运动.mp4,812,True,0.19410660862922668,369.4986877441406,47.480255126953125,406.8968200683594,66.69915008544922
fast,C:\Users\Light\Videos\高速运动.mp4,813,True,0.09287533909082413,359.8229064941406,43.16255187988281,396.04461669921875,62.75365447998047
fast,C:\Users\Light\Videos\高速运动.mp4,814,True,0.09293998777866364,359.8056945800781,43.15643310546875,396.0306091308594,62.75013732910156
fast,C:\Users\Light\Videos\高速运动.mp4,815,True,0.7035686373710632,351.3212585449219,40.55086898803711,385.7471618652344,60.46034622192383
fast,C:\Users\Light\Videos\高速运动.mp4,816,True,0.712884247303009,344.0797424316406,42.26887512207031,376.4763488769531,61.34891128540039
fast,C:\Users\Light\Videos\高速运动.mp4,817,True,0.7127932906150818,344.0828857421875,42.2690315246582,376.4743347167969,61.349246978759766
fast,C:\Users\Light\Videos\高速运动.mp4,818,True,0.6510969996452332,333.2153625488281,41.248687744140625,371.28326416015625,61.5141487121582
fast,C:\Users\Light\Videos\高速运动.mp4,819,True,0.7080192565917969,328.1353454589844,39.590206146240234,360.98175048828125,60.79887008666992
fast,C:\Users\Light\Videos\高速运动.mp4,820,True,0.7088542580604553,328.179443359375,39.593074798583984,360.98150634765625,60.799495697021484
fast,C:\Users\Light\Videos\高速运动.mp4,821,True,0.6737363338470459,318.9416809082031,39.140499114990234,353.9686584472656,60.8243293762207
fast,C:\Users\Light\Videos\高速运动.mp4,822,True,0.6763843894004822,318.9208679199219,39.14251708984375,353.9913635253906,60.834144592285156
fast,C:\Users\Light\Videos\高速运动.mp4,823,True,0.7283012270927429,309.7857360839844,40.57632827758789,345.0877380371094,61.48916244506836
fast,C:\Users\Light\Videos\高速运动.mp4,824,True,0.711207389831543,299.0079650878906,39.897239685058594,334.73748779296875,61.837188720703125
fast,C:\Users\Light\Videos\高速运动.mp4,825,True,0.6857777237892151,287.1372375488281,41.578067779541016,325.38531494140625,61.907135009765625
fast,C:\Users\Light\Videos\高速运动.mp4,826,True,0.7105559706687927,277.20562744140625,42.13178634643555,311.54052734375,62.012577056884766
fast,C:\Users\Light\Videos\高速运动.mp4,827,True,0.7093366980552673,277.19769287109375,42.13024139404297,311.5678405761719,62.00099182128906
fast,C:\Users\Light\Videos\高速运动.mp4,828,True,0.7518364787101746,266.66094970703125,41.96910095214844,299.9568176269531,62.364906311035156
fast,C:\Users\Light\Videos\高速运动.mp4,829,True,0.7578465342521667,255.78924560546875,41.42152404785156,288.353515625,62.27989959716797
fast,C:\Users\Light\Videos\高速运动.mp4,830,True,0.7604735493659973,255.8120880126953,41.39743423461914,288.312255859375,62.26333999633789
fast,C:\Users\Light\Videos\高速运动.mp4,831,True,0.7477397918701172,245.1297149658203,40.86556625366211,279.3071594238281,61.31865692138672
fast,C:\Users\Light\Videos\高速运动.mp4,832,True,0.7476576566696167,245.13888549804688,40.85716247558594,279.3116455078125,61.31939697265625
fast,C:\Users\Light\Videos\高速运动.mp4,833,True,0.7399271130561829,231.78915405273438,41.26103973388672,263.4705505371094,61.871185302734375
fast,C:\Users\Light\Videos\高速运动.mp4,834,True,0.7228807210922241,219.6375274658203,41.80289840698242,252.36038208007812,62.271183013916016
fast,C:\Users\Light\Videos\高速运动.mp4,835,True,0.7228700518608093,219.62913513183594,41.802452087402344,252.36288452148438,62.26791000366211
fast,C:\Users\Light\Videos\高速运动.mp4,836,True,0.7366893887519836,209.33645629882812,40.93206024169922,237.85337829589844,61.221771240234375
fast,C:\Users\Light\Videos\高速运动.mp4,837,True,0.723534882068634,194.88055419921875,40.39118576049805,227.0616455078125,61.34566116333008
fast,C:\Users\Light\Videos\高速运动.mp4,838,True,0.7233615517616272,194.88087463378906,40.3929557800293,227.0581817626953,61.34541702270508
fast,C:\Users\Light\Videos\高速运动.mp4,839,True,0.7487492561340332,182.4667205810547,40.5453987121582,214.42202758789062,61.78597640991211
fast,C:\Users\Light\Videos\高速运动.mp4,840,True,0.7034138441085815,169.37159729003906,41.063236236572266,200.78614807128906,62.1428108215332
fast,C:\Users\Light\Videos\高速运动.mp4,841,True,0.7031206488609314,169.37925720214844,41.062339782714844,200.81024169921875,62.14411163330078
fast,C:\Users\Light\Videos\高速运动.mp4,842,True,0.6991088390350342,157.3613739013672,41.16677474975586,187.21267700195312,61.56509017944336
fast,C:\Users\Light\Videos\高速运动.mp4,843,True,0.6984657049179077,157.3248291015625,41.167850494384766,187.2284698486328,61.56486892700195
fast,C:\Users\Light\Videos\高速运动.mp4,844,True,0.6060186624526978,144.72265625,42.58380126953125,174.74240112304688,61.18158721923828
fast,C:\Users\Light\Videos\高速运动.mp4,845,True,0.582541286945343,128.39613342285156,42.91923141479492,159.4137725830078,62.53413391113281
fast,C:\Users\Light\Videos\高速运动.mp4,846,True,0.5836716294288635,128.39170837402344,42.919456481933594,159.40948486328125,62.53570556640625
fast,C:\Users\Light\Videos\高速运动.mp4,847,True,0.3674089312553406,117.14472961425781,45.5712776184082,146.6014862060547,63.7711296081543
fast,C:\Users\Light\Videos\高速运动.mp4,848,True,0.41133490204811096,102.11116027832031,43.89659118652344,136.0788116455078,62.947715759277344
fast,C:\Users\Light\Videos\高速运动.mp4,849,True,0.3539837598800659,86.14801025390625,44.16743087768555,125.4407958984375,62.854549407958984
fast,C:\Users\Light\Videos\高速运动.mp4,850,True,0.6417216658592224,77.1345443725586,43.9500846862793,110.06314849853516,62.77521514892578
fast,C:\Users\Light\Videos\高速运动.mp4,851,True,0.641918420791626,77.13710021972656,43.95506286621094,110.01577758789062,62.78229522705078
fast,C:\Users\Light\Videos\高速运动.mp4,852,True,0.6903007626533508,66.1126937866211,43.7604866027832,97.63552856445312,62.965309143066406
fast,C:\Users\Light\Videos\高速运动.mp4,853,True,0.6763565540313721,54.2999382019043,43.13135528564453,86.0740966796875,62.491844177246094
fast,C:\Users\Light\Videos\高速运动.mp4,854,True,0.6822052001953125,54.38665771484375,43.14217758178711,85.92982482910156,62.50872039794922
fast,C:\Users\Light\Videos\高速运动.mp4,855,True,0.6833989024162292,43.61043167114258,43.21012878417969,73.83413696289062,62.535614013671875
fast,C:\Users\Light\Videos\高速运动.mp4,856,True,0.68358314037323,43.622886657714844,43.21393966674805,73.80892181396484,62.54350280761719
fast,C:\Users\Light\Videos\高速运动.mp4,857,True,0.6771842241287231,34.61664581298828,43.264591217041016,62.913414001464844,62.96380615234375
fast,C:\Users\Light\Videos\高速运动.mp4,858,True,0.6840572357177734,26.177108764648438,43.87245178222656,53.481624603271484,64.80536651611328
fast,C:\Users\Light\Videos\高速运动.mp4,859,True,0.6837436556816101,26.169273376464844,43.87491989135742,53.48392868041992,64.80644226074219
fast,C:\Users\Light\Videos\高速运动.mp4,860,True,0.5705596208572388,18.934106826782227,43.6630859375,44.38349914550781,64.60218811035156
fast,C:\Users\Light\Videos\高速运动.mp4,861,True,0.48982125520706177,15.757255554199219,43.03021240234375,40.668060302734375,64.19598388671875
fast,C:\Users\Light\Videos\高速运动.mp4,862,True,0.4920792877674103,15.766470909118652,43.04204559326172,40.67491912841797,64.19737243652344
fast,C:\Users\Light\Videos\高速运动.mp4,863,True,0.7020393013954163,21.107587814331055,43.579627990722656,45.07851028442383,64.86117553710938
fast,C:\Users\Light\Videos\高速运动.mp4,864,True,0.754365086555481,26.711198806762695,43.13776397705078,51.05854034423828,64.57861328125
fast,C:\Users\Light\Videos\高速运动.mp4,865,True,0.7549984455108643,26.719879150390625,43.13489532470703,51.07358932495117,64.57933044433594
fast,C:\Users\Light\Videos\高速运动.mp4,866,True,0.7134332060813904,31.640687942504883,43.749996185302734,57.375938415527344,64.08910369873047
fast,C:\Users\Light\Videos\高速运动.mp4,867,True,0.7133391499519348,31.646535873413086,43.7594108581543,57.38587951660156,64.09156799316406
fast,C:\Users\Light\Videos\高速运动.mp4,868,True,0.7405933141708374,40.442630767822266,43.460060119628906,64.14896392822266,64.31283569335938
fast,C:\Users\Light\Videos\高速运动.mp4,869,True,0.7228638529777527,45.85539245605469,43.339263916015625,72.8897933959961,62.95112228393555
fast,C:\Users\Light\Videos\高速运动.mp4,870,True,0.7235533595085144,45.86292266845703,43.340003967285156,72.8828125,62.950740814208984
fast,C:\Users\Light\Videos\高速运动.mp4,871,True,0.6907600164413452,53.804298400878906,43.83363723754883,83.52355194091797,63.58677291870117
fast,C:\Users\Light\Videos\高速运动.mp4,872,True,0.6700236797332764,64.27653503417969,43.32572937011719,94.81494903564453,63.7950439453125
fast,C:\Users\Light\Videos\高速运动.mp4,873,True,0.6335290670394897,74.36939239501953,44.18092346191406,105.97164154052734,63.977046966552734
fast,C:\Users\Light\Videos\高速运动.mp4,874,True,0.6531603932380676,85.8351821899414,44.19806671142578,118.9306640625,64.39109802246094
fast,C:\Users\Light\Videos\高速运动.mp4,875,True,0.6554353833198547,85.91080474853516,44.174468994140625,118.86774444580078,64.36884307861328
fast,C:\Users\Light\Videos\高速运动.mp4,876,True,0.590988039970398,97.77991485595703,45.22999954223633,132.67906188964844,63.36400604248047
fast,C:\Users\Light\Videos\高速运动.mp4,877,True,0.5903753042221069,97.78948211669922,45.217044830322266,132.72157287597656,63.34621047973633
fast,C:\Users\Light\Videos\高速运动.mp4,878,True,0.41657817363739014,112.15693664550781,46.324344635009766,149.2279510498047,65.9028091430664
fast,C:\Users\Light\Videos\高速运动.mp4,879,True,0.5263932347297668,129.8056182861328,45.87013244628906,159.22169494628906,63.66796875
fast,C:\Users\Light\Videos\高速运动.mp4,880,True,0.5259308815002441,129.81031799316406,45.88149642944336,159.21792602539062,63.66902542114258
fast,C:\Users\Light\Videos\高速运动.mp4,881,True,0.3173874020576477,142.30438232421875,46.223358154296875,174.85646057128906,64.37071990966797
fast,C:\Users\Light\Videos\高速运动.mp4,882,True,0.6215890645980835,157.74122619628906,45.474952697753906,189.42904663085938,63.18269729614258
fast,C:\Users\Light\Videos\高速运动.mp4,883,True,0.6229618191719055,157.73208618164062,45.47679138183594,189.4090576171875,63.186058044433594
fast,C:\Users\Light\Videos\高速运动.mp4,884,True,0.6563148498535156,176.07501220703125,44.700374603271484,205.76248168945312,64.10725402832031
fast,C:\Users\Light\Videos\高速运动.mp4,885,True,0.545159101486206,191.62083435058594,44.631568908691406,224.1171417236328,64.94216918945312
fast,C:\Users\Light\Videos\高速运动.mp4,886,True,0.5466123223304749,191.62437438964844,44.63296127319336,224.13893127441406,64.94786071777344
fast,C:\Users\Light\Videos\高速运动.mp4,887,True,0.5969105958938599,209.7315673828125,45.28763961791992,240.7910919189453,63.3463020324707
fast,C:\Users\Light\Videos\高速运动.mp4,888,True,0.5965312719345093,209.7296905517578,45.282596588134766,240.7840118408203,63.339195251464844
fast,C:\Users\Light\Videos\高速运动.mp4,889,True,0.368438184261322,223.8532257080078,44.40488052368164,261.6933898925781,64.76742553710938
fast,C:\Users\Light\Videos\高速运动.mp4,890,True,0.49921900033950806,242.15989685058594,44.007774353027344,280.6480712890625,63.65302276611328
fast,C:\Users\Light\Videos\高速运动.mp4,891,True,0.4962030053138733,242.16065979003906,44.008914947509766,280.66851806640625,63.651878356933594
fast,C:\Users\Light\Videos\高速运动.mp4,892,True,0.46282869577407837,261.0733947753906,45.52345275878906,306.894775390625,66.70343017578125
fast,C:\Users\Light\Videos\高速运动.mp4,893,True,0.19805829226970673,279.54632568359375,44.73175048828125,323.2254638671875,64.7001724243164
fast,C:\Users\Light\Videos\高速运动.mp4,894,True,0.19361281394958496,279.5297546386719,44.724891662597656,323.23577880859375,64.6971664428711
fast,C:\Users\Light\Videos\高速运动.mp4,895,True,0.4388180673122406,302.82098388671875,42.851749420166016,345.2215881347656,62.929046630859375
fast,C:\Users\Light\Videos\高速运动.mp4,896,True,0.5681560039520264,324.3811340332031,41.27024841308594,364.54718017578125,61.937095642089844
fast,C:\Users\Light\Videos\高速运动.mp4,897,True,0.02658751606941223,346.19134521484375,41.68781661987305,393.4306945800781,63.17294692993164
fast,C:\Users\Light\Videos\高速运动.mp4,898,True,0.047554779797792435,369.26751708984375,40.964176177978516,415.4410705566406,62.54011917114258
fast,C:\Users\Light\Videos\高速运动.mp4,899,True,0.047627825289964676,369.2707824707031,40.97114562988281,415.4430847167969,62.5422477722168
fast,C:\Users\Light\Videos\高速运动.mp4,900,True,0.23048582673072815,387.2447814941406,35.02799606323242,440.4521789550781,59.375770568847656
fast,C:\Users\Light\Videos\高速运动.mp4,901,True,0.23157724738121033,387.25189208984375,35.031803131103516,440.4368896484375,59.3785514831543
fast,C:\Users\Light\Videos\高速运动.mp4,902,True,0.05919365957379341,412.9833984375,42.213409423828125,456.5826110839844,61.884342193603516
fast,C:\Users\Light\Videos\高速运动.mp4,903,True,0.24306288361549377,443.9623718261719,34.460426330566406,469.0,57.41928482055664
fast,C:\Users\Light\Videos\高速运动.mp4,904,True,0.24359412491321564,443.9587097167969,34.4569091796875,469.0,57.42271041870117
fast,C:\Users\Light\Videos\高速运动.mp4,905,True,0.014951477758586407,425.7225341796875,39.14406204223633,463.5226745605469,59.24067687988281
fast,C:\Users\Light\Videos\高速运动.mp4,906,True,0.5039442181587219,407.5215759277344,40.57825469970703,448.42657470703125,61.93223571777344
fast,C:\Users\Light\Videos\高速运动.mp4,907,True,0.5032482743263245,407.5364074707031,40.572696685791016,448.4007263183594,61.92905044555664
fast,C:\Users\Light\Videos\高速运动.mp4,908,True,0.5291587710380554,395.95404052734375,39.7454948425293,434.10693359375,60.91852569580078
fast,C:\Users\Light\Videos\高速运动.mp4,909,True,0.40934544801712036,384.2481384277344,39.422454833984375,422.12969970703125,60.94245910644531
fast,C:\Users\Light\Videos\高速运动.mp4,910,True,0.41006186604499817,384.2375793457031,39.37837219238281,422.1483459472656,60.9393424987793
fast,C:\Users\Light\Videos\高速运动.mp4,911,True,0.22325441241264343,369.6607360839844,41.002769470214844,408.923095703125,62.47060012817383
fast,C:\Users\Light\Videos\高速运动.mp4,912,True,0.22341014444828033,369.6603698730469,41.002723693847656,408.92529296875,62.47010803222656
fast,C:\Users\Light\Videos\高速运动.mp4,913,True,0.22544105350971222,352.39459228515625,38.83317184448242,398.65814208984375,62.807395935058594
fast,C:\Users\Light\Videos\高速运动.mp4,914,True,0.6045248508453369,342.42791748046875,39.79983901977539,382.6533203125,61.649784088134766
fast,C:\Users\Light\Videos\高速运动.mp4,915,True,0.6083691120147705,342.4150695800781,39.808624267578125,382.63360595703125,61.64202880859375
fast,C:\Users\Light\Videos\高速运动.mp4,916,True,0.6321253776550293,325.7806091308594,38.33913803100586,365.4458312988281,61.16657257080078
fast,C:\Users\Light\Videos\高速运动.mp4,917,True,0.5233978629112244,309.1678161621094,39.46275329589844,351.500244140625,61.24030685424805
fast,C:\Users\Light\Videos\高速运动.mp4,918,True,0.521841287612915,309.1614074707031,39.464744567871094,351.5268859863281,61.24579620361328
fast,C:\Users\Light\Videos\高速运动.mp4,919,True,0.6415168642997742,296.06976318359375,39.32548141479492,332.95135498046875,61.24830627441406
fast,C:\Users\Light\Videos\高速运动.mp4,920,True,0.5348489880561829,276.9322509765625,40.37565612792969,318.3234558105469,62.4102668762207
fast,C:\Users\Light\Videos\高速运动.mp4,921,True,0.5965918898582458,258.1534118652344,38.494850158691406,301.2856750488281,61.65599060058594
fast,C:\Users\Light\Videos\高速运动.mp4,922,True,0.6000235676765442,258.16461181640625,38.49070358276367,301.2903137207031,61.66246795654297
fast,C:\Users\Light\Videos\高速运动.mp4,923,True,0.4261246621608734,239.59169006347656,38.76822280883789,282.35687255859375,61.9477424621582
fast,C:\Users\Light\Videos\高速运动.mp4,924,True,0.5676400065422058,225.13287353515625,40.1402473449707,263.5271911621094,61.768856048583984
fast,C:\Users\Light\Videos\高速运动.mp4,925,True,0.5674567222595215,225.1411590576172,40.14632034301758,263.5214538574219,61.764530181884766
fast,C:\Users\Light\Videos\高速运动.mp4,926,True,0.6547740697860718,211.4675750732422,41.137977600097656,242.3333740234375,60.72885513305664
fast,C:\Users\Light\Videos\高速运动.mp4,927,True,0.5778480172157288,191.41249084472656,41.91172790527344,229.49542236328125,61.99265670776367
fast,C:\Users\Light\Videos\高速运动.mp4,928,True,0.5777348875999451,191.41123962402344,41.909263610839844,229.50411987304688,61.99722671508789
fast,C:\Users\Light\Videos\高速运动.mp4,929,True,0.5905937552452087,173.9579315185547,41.9704704284668,210.44320678710938,62.650272369384766
fast,C:\Users\Light\Videos\高速运动.mp4,930,True,0.37385809421539307,156.9705047607422,43.04085922241211,195.78817749023438,62.305381774902344
fast,C:\Users\Light\Videos\高速运动.mp4,931,True,0.3716237246990204,156.9374237060547,43.04063415527344,195.8158721923828,62.31241989135742
fast,C:\Users\Light\Videos\高速运动.mp4,932,True,0.12638749182224274,143.92581176757812,43.740047454833984,181.2388458251953,63.479156494140625
fast,C:\Users\Light\Videos\高速运动.mp4,933,True,0.3393747806549072,128.24667358398438,45.552406311035156,160.49119567871094,64.20294952392578
fast,C:\Users\Light\Videos\高速运动.mp4,934,True,0.34339645504951477,128.2687530517578,45.55727005004883,160.4654083251953,64.1946792602539
fast,C:\Users\Light\Videos\高速运动.mp4,935,True,0.26169437170028687,113.53154754638672,47.22586441040039,149.18653869628906,66.15968322753906
fast,C:\Users\Light\Videos\高速运动.mp4,936,True,0.26233288645744324,113.55062103271484,47.232765197753906,149.1851348876953,66.15116882324219
fast,C:\Users\Light\Videos\高速运动.mp4,937,True,0.5805384516716003,98.04307556152344,44.79203414916992,130.4018096923828,64.38533782958984
fast,C:\Users\Light\Videos\高速运动.mp4,938,True,0.6542741656303406,85.13055419921875,44.83746337890625,116.81087493896484,64.18724060058594
fast,C:\Users\Light\Videos\高速运动.mp4,939,True,0.6544260382652283,85.05964660644531,44.84423065185547,116.84469604492188,64.18092346191406
fast,C:\Users\Light\Videos\高速运动.mp4,940,True,0.6661003828048706,71.36298370361328,44.51747512817383,101.83588409423828,64.20252227783203
fast,C:\Users\Light\Videos\高速运动.mp4,941,True,0.630975604057312,58.969017028808594,44.01259231567383,88.41570281982422,63.562591552734375
fast,C:\Users\Light\Videos\高速运动.mp4,942,True,0.6303934454917908,58.976558685302734,44.017364501953125,88.41387176513672,63.56297302246094
fast,C:\Users\Light\Videos\高速运动.mp4,943,True,0.6859238743782043,46.11003875732422,43.40022277832031,75.2357177734375,62.702266693115234
fast,C:\Users\Light\Videos\高速运动.mp4,944,True,0.6746941804885864,37.3310661315918,43.44242477416992,65.09139251708984,64.03410339355469
fast,C:\Users\Light\Videos\高速运动.mp4,945,True,0.6564474701881409,26.96253204345703,44.137916564941406,54.82988739013672,64.90467071533203
fast,C:\Users\Light\Videos\高速运动.mp4,946,True,0.6570154428482056,26.950389862060547,44.130184173583984,54.824424743652344,64.90523529052734
fast,C:\Users\Light\Videos\高速运动.mp4,947,True,0.6070892214775085,19.84541130065918,43.65439224243164,44.865753173828125,64.5832290649414
fast,C:\Users\Light\Videos\高速运动.mp4,948,True,0.5311901569366455,16.85882568359375,43.421424865722656,39.40735626220703,63.604366302490234
fast,C:\Users\Light\Videos\高速运动.mp4,949,True,0.5302895903587341,16.863597869873047,43.41826629638672,39.41805648803711,63.612144470214844
fast,C:\Users\Light\Videos\高速运动.mp4,950,True,0.7039840221405029,20.95770835876465,43.621402740478516,44.65208053588867,64.74947357177734
fast,C:\Users\Light\Videos\高速运动.mp4,951,True,0.7517383694648743,26.313499450683594,43.05623245239258,50.40388107299805,64.29385375976562
fast,C:\Users\Light\Videos\高速运动.mp4,952,True,0.7519784569740295,26.300796508789062,43.05748748779297,50.3913688659668,64.2942123413086
fast,C:\Users\Light\Videos\高速运动.mp4,953,True,0.721958339214325,30.993358612060547,43.044151306152344,57.04341125488281,63.48222351074219
fast,C:\Users\Light\Videos\高速运动.mp4,954,True,0.7488228678703308,40.06385803222656,43.309837341308594,63.93495559692383,64.18986511230469
fast,C:\Users\Light\Videos\高速运动.mp4,955,True,0.7477149963378906,40.067726135253906,43.305198669433594,63.9730224609375,64.19324493408203
fast,C:\Users\Light\Videos\高速运动.mp4,956,True,0.7187944650650024,45.354522705078125,43.50271224975586,71.96109771728516,63.179290771484375
fast,C:\Users\Light\Videos\高速运动.mp4,957,True,0.718234658241272,45.36643600463867,43.50282287597656,71.95491027832031,63.17577362060547
fast,C:\Users\Light\Videos\高速运动.mp4,958,True,0.6882210969924927,53.58061599731445,43.24175262451172,81.1657943725586,64.094482421875
fast,C:\Users\Light\Videos\高速运动.mp4,959,True,0.6830095052719116,62.998497009277344,43.595314025878906,92.76387023925781,63.79492950439453
fast,C:\Users\Light\Videos\高速运动.mp4,960,True,0.6833837032318115,62.97432327270508,43.58578872680664,92.78996276855469,63.79697036743164
fast,C:\Users\Light\Videos\高速运动.mp4,961,True,0.6830626130104065,74.16786193847656,44.486839294433594,102.58573150634766,64.43562316894531
fast,C:\Users\Light\Videos\高速运动.mp4,962,True,0.718299388885498,83.7209701538086,44.29241943359375,115.6163101196289,64.13861083984375
fast,C:\Users\Light\Videos\高速运动.mp4,963,True,0.7182618379592896,83.72528839111328,44.29497528076172,115.61601257324219,64.13802337646484
fast,C:\Users\Light\Videos\高速运动.mp4,964,True,0.670279324054718,94.85753631591797,44.83464050292969,126.57833862304688,64.00634002685547
fast,C:\Users\Light\Videos\高速运动.mp4,965,True,0.6558513641357422,108.011474609375,45.60142135620117,137.99586486816406,64.34456634521484
fast,C:\Users\Light\Videos\高速运动.mp4,966,True,0.6565389633178711,108.00343322753906,45.600860595703125,137.99229431152344,64.34163665771484
fast,C:\Users\Light\Videos\高速运动.mp4,967,True,0.6390544176101685,121.70352172851562,46.417327880859375,149.67767333984375,64.54900360107422
fast,C:\Users\Light\Videos\高速运动.mp4,968,True,0.6393815875053406,121.7359619140625,46.39231872558594,149.64382934570312,64.54080200195312
fast,C:\Users\Light\Videos\高速运动.mp4,969,True,0.4755306839942932,144.68002319335938,44.97157287597656,174.3760986328125,64.47518157958984
fast,C:\Users\Light\Videos\高速运动.mp4,970,True,0.47525909543037415,144.67739868164062,44.96729278564453,174.3780517578125,64.47058868408203
fast,C:\Users\Light\Videos\高速运动.mp4,971,True,0.6531715393066406,156.06546020507812,42.419795989990234,187.0721893310547,63.273597717285156
fast,C:\Users\Light\Videos\高速运动.mp4,972,True,0.7264729142189026,168.5166015625,41.36587905883789,198.37765502929688,62.80421447753906
fast,C:\Users\Light\Videos\高速运动.mp4,973,True,0.7261247634887695,168.53773498535156,41.36076736450195,198.3854217529297,62.79542922973633
fast,C:\Users\Light\Videos\高速运动.mp4,974,True,0.7073529362678528,178.83070373535156,41.00171661376953,209.17327880859375,62.12875747680664
fast,C:\Users\Light\Videos\高速运动.mp4,975,True,0.6612708568572998,189.73829650878906,39.4828987121582,221.0431365966797,61.39725112915039
fast,C:\Users\Light\Videos\高速运动.mp4,976,True,0.6609290838241577,189.74862670898438,39.4830322265625,220.98233032226562,61.39501190185547
fast,C:\Users\Light\Videos\高速运动.mp4,977,True,0.6508979797363281,201.8196563720703,39.32819366455078,230.31944274902344,61.31538391113281
fast,C:\Users\Light\Videos\高速运动.mp4,978,True,0.7297760844230652,208.6831512451172,39.0881462097168,240.35719299316406,61.28290939331055
fast,C:\Users\Light\Videos\高速运动.mp4,979,True,0.7296236157417297,208.6864471435547,39.08169174194336,240.36215209960938,61.27959442138672
fast,C:\Users\Light\Videos\高速运动.mp4,980,True,0.7227500677108765,217.891357421875,38.64126205444336,250.9038543701172,61.45879364013672
fast,C:\Users\Light\Videos\高速运动.mp4,981,True,0.7229108214378357,217.8908233642578,38.63749694824219,250.9058837890625,61.46282958984375
fast,C:\Users\Light\Videos\高速运动.mp4,982,True,0.7417955994606018,224.16302490234375,37.97188186645508,261.4508056640625,61.27582931518555
fast,C:\Users\Light\Videos\高速运动.mp4,983,True,0.7782050967216492,233.48690795898438,38.37512969970703,262.7273864746094,61.640350341796875
fast,C:\Users\Light\Videos\高速运动.mp4,984,True,0.7784234285354614,233.4808349609375,38.37445831298828,262.72998046875,61.642276763916016
fast,C:\Users\Light\Videos\高速运动.mp4,985,True,0.7612388730049133,240.0540771484375,37.602115631103516,267.50628662109375,61.41394805908203
fast,C:\Users\Light\Videos\高速运动.mp4,986,True,0.7915796041488647,243.03599548339844,37.43293380737305,271.28826904296875,61.36211013793945
fast,C:\Users\Light\Videos\高速运动.mp4,987,True,0.7916603088378906,243.03880310058594,37.43284225463867,271.2880859375,61.36211013793945
fast,C:\Users\Light\Videos\高速运动.mp4,988,True,0.7815179824829102,245.6485137939453,37.20684814453125,271.7522277832031,60.92957305908203
fast,C:\Users\Light\Videos\高速运动.mp4,989,True,0.7780865430831909,246.6777801513672,37.540260314941406,272.47833251953125,60.93560028076172
fast,C:\Users\Light\Videos\高速运动.mp4,990,True,0.7778979539871216,246.6971435546875,37.54747772216797,272.48626708984375,60.9344367980957
fast,C:\Users\Light\Videos\高速运动.mp4,991,True,0.7824113965034485,245.7384490966797,37.883758544921875,271.99755859375,61.53947448730469
fast,C:\Users\Light\Videos\高速运动.mp4,992,True,0.7825384736061096,245.74514770507812,37.893463134765625,271.9920654296875,61.545772552490234
fast,C:\Users\Light\Videos\高速运动.mp4,993,True,0.772784411907196,239.9936065673828,37.66630172729492,268.2482604980469,61.602203369140625
fast,C:\Users\Light\Videos\高速运动.mp4,994,True,0.7718195915222168,239.97958374023438,37.670650482177734,268.2840881347656,61.61833953857422
fast,C:\Users\Light\Videos\高速运动.mp4,995,True,0.7688571214675903,234.0738525390625,38.26204299926758,263.419189453125,61.75088119506836
fast,C:\Users\Light\Videos\高速运动.mp4,996,True,0.7548260688781738,226.87596130371094,37.34785842895508,260.7281799316406,60.63167953491211
fast,C:\Users\Light\Videos\高速运动.mp4,997,True,0.7552980780601501,226.90248107910156,37.34331130981445,260.7168884277344,60.62417221069336
fast,C:\Users\Light\Videos\高速运动.mp4,998,True,0.7593462467193604,218.30992126464844,37.986717224121094,252.06063842773438,60.99949645996094
fast,C:\Users\Light\Videos\高速运动.mp4,999,True,0.7232166528701782,209.9239044189453,38.23283767700195,241.32843017578125,60.72177505493164
fast,C:\Users\Light\Videos\高速运动.mp4,1000,True,0.72525554895401,209.83511352539062,38.24698257446289,241.22821044921875,60.755279541015625
fast,C:\Users\Light\Videos\高速运动.mp4,1001,True,0.72773677110672,201.087646484375,38.06199645996094,231.9939727783203,60.937931060791016
fast,C:\Users\Light\Videos\高速运动.mp4,1002,True,0.7290381789207458,201.13388061523438,38.0368537902832,232.01242065429688,60.92524719238281
fast,C:\Users\Light\Videos\高速运动.mp4,1003,True,0.6834266185760498,187.6298828125,37.791133880615234,221.74510192871094,60.83699035644531
fast,C:\Users\Light\Videos\高速运动.mp4,1004,True,0.6470903754234314,173.3415069580078,37.809444427490234,208.73040771484375,61.2947883605957
fast,C:\Users\Light\Videos\高速运动.mp4,1005,True,0.6488183736801147,173.30734252929688,37.79167175292969,208.71826171875,61.287864685058594
fast,C:\Users\Light\Videos\高速运动.mp4,1006,True,0.592266321182251,159.11216735839844,38.44267654418945,196.12850952148438,60.6407585144043
fast,C:\Users\Light\Videos\高速运动.mp4,1007,True,0.5837708711624146,145.58035278320312,38.336669921875,182.58120727539062,61.06930923461914
fast,C:\Users\Light\Videos\高速运动.mp4,1008,True,0.5865620374679565,145.61380004882812,38.343013763427734,182.63055419921875,61.09667205810547
fast,C:\Users\Light\Videos\高速运动.mp4,1009,True,0.42156827449798584,131.2373046875,39.88957595825195,171.23638916015625,62.846595764160156
fast,C:\Users\Light\Videos\高速运动.mp4,1010,True,0.5996929407119751,117.53205108642578,40.51411437988281,150.44741821289062,61.30839157104492
fast,C:\Users\Light\Videos\高速运动.mp4,1011,True,0.5964624285697937,117.26423645019531,40.3134880065918,150.52337646484375,61.95079040527344
fast,C:\Users\Light\Videos\高速运动.mp4,1012,True,0.6675556898117065,100.10216522216797,41.18031311035156,135.42274475097656,60.987953186035156
fast,C:\Users\Light\Videos\高速运动.mp4,1013,True,0.6642985939979553,99.97602081298828,41.17583084106445,135.54579162597656,60.99620056152344
fast,C:\Users\Light\Videos\高速运动.mp4,1014,True,0.6639049053192139,82.65634155273438,41.428001403808594,123.55326080322266,62.17647171020508
fast,C:\Users\Light\Videos\高速运动.mp4,1015,True,0.6188101172447205,65.11897277832031,42.04391098022461,102.74822998046875,62.012020111083984
fast,C:\Users\Light\Videos\高速运动.mp4,1016,True,0.6229833364486694,65.1178207397461,42.05282974243164,102.70488739013672,62.0097770690918
fast,C:\Users\Light\Videos\高速运动.mp4,1017,True,0.15664337575435638,30.201215744018555,42.605045318603516,72.79596710205078,63.958621978759766
fast,C:\Users\Light\Videos\高速运动.mp4,1018,True,0.15595485270023346,30.207218170166016,42.60565185546875,72.80546569824219,63.9536247253418
fast,C:\Users\Light\Videos\高速运动.mp4,1019,True,0.0237782821059227,379.3226623535156,22.7270565032959,409.2225341796875,47.620819091796875
fast,C:\Users\Light\Videos\高速运动.mp4,1020,True,0.03121069073677063,346.76470947265625,18.85614585876465,368.133056640625,36.80369186401367
fast,C:\Users\Light\Videos\高速运动.mp4,1021,True,0.031079145148396492,346.76483154296875,18.865983963012695,368.1297912597656,36.808509826660156
fast,C:\Users\Light\Videos\高速运动.mp4,1022,True,0.6042065620422363,26.00320816040039,43.62534713745117,57.25795364379883,64.51402282714844
fast,C:\Users\Light\Videos\高速运动.mp4,1023,True,0.6903930902481079,39.40475845336914,43.04538345336914,66.98758697509766,63.832313537597656
fast,C:\Users\Light\Videos\高速运动.mp4,1024,True,0.6906239986419678,39.41160583496094,43.05948257446289,66.98709106445312,63.839237213134766
fast,C:\Users\Light\Videos\高速运动.mp4,1025,True,0.7161837816238403,49.0892448425293,43.24912643432617,76.98405456542969,63.800018310546875
fast,C:\Users\Light\Videos\高速运动.mp4,1026,True,0.7158524990081787,49.11164855957031,43.24352264404297,77.01428985595703,63.8099250793457
fast,C:\Users\Light\Videos\高速运动.mp4,1027,True,0.6745347380638123,58.03909683227539,43.7112922668457,87.09255981445312,63.05398941040039
fast,C:\Users\Light\Videos\高速运动.mp4,1028,True,0.702705442905426,68.48612213134766,44.16415786743164,98.18085479736328,63.415687561035156
fast,C:\Users\Light\Videos\高速运动.mp4,1029,True,0.7015039920806885,68.46673583984375,44.171600341796875,98.20914459228516,63.4198112487793
fast,C:\Users\Light\Videos\高速运动.mp4,1030,True,0.6430345177650452,78.80457305908203,44.45357894897461,110.69293975830078,63.11304473876953
fast,C:\Users\Light\Videos\高速运动.mp4,1031,True,0.5677288174629211,90.71818542480469,44.79001998901367,122.61446380615234,63.08641815185547
fast,C:\Users\Light\Videos\高速运动.mp4,1032,True,0.5653738379478455,90.7384262084961,44.7564697265625,122.67190551757812,63.051971435546875
fast,C:\Users\Light\Videos\高速运动.mp4,1033,True,0.4766395390033722,105.11216735839844,46.54520797729492,136.9580841064453,65.59660339355469
fast,C:\Users\Light\Videos\高速运动.mp4,1034,True,0.6227389574050903,117.54820251464844,45.68846893310547,147.2765350341797,64.00992584228516
fast,C:\Users\Light\Videos\高速运动.mp4,1035,True,0.6226499676704407,117.51168823242188,45.67746353149414,147.31658935546875,64.00914001464844
fast,C:\Users\Light\Videos\高速运动.mp4,1036,True,0.6151885986328125,132.33392333984375,45.34521484375,161.32386779785156,64.51722717285156
fast,C:\Users\Light\Videos\高速运动.mp4,1037,True,0.6151201128959656,132.3277587890625,45.34156036376953,161.3192901611328,64.51536560058594
fast,C:\Users\Light\Videos\高速运动.mp4,1038,True,0.2852786183357239,144.36656188964844,45.882659912109375,176.98529052734375,64.77767181396484
fast,C:\Users\Light\Videos\高速运动.mp4,1039,True,0.6445105075836182,158.00631713867188,44.118080139160156,190.32989501953125,63.12393569946289
fast,C:\Users\Light\Videos\高速运动.mp4,1040,True,0.6448981165885925,158.0052490234375,44.10642623901367,190.32293701171875,63.12348556518555
fast,C:\Users\Light\Videos\高速运动.mp4,1041,True,0.6118507385253906,187.40399169921875,43.62982940673828,220.54660034179688,64.10165405273438
fast,C:\Users\Light\Videos\高速运动.mp4,1042,True,0.61292564868927,187.41563415527344,43.62548065185547,220.55230712890625,64.10174560546875
fast,C:\Users\Light\Videos\高速运动.mp4,1043,True,0.6091974377632141,203.07916259765625,44.893760681152344,235.82411193847656,63.35976791381836
fast,C:\Users\Light\Videos\高速运动.mp4,1044,True,0.3162743151187897,219.00872802734375,45.205322265625,252.43345642089844,63.49177169799805
fast,C:\Users\Light\Videos\高速运动.mp4,1045,True,0.30033406615257263,218.9501495361328,45.211395263671875,252.45828247070312,63.513668060302734
fast,C:\Users\Light\Videos\高速运动.mp4,1046,True,0.5564245581626892,235.03900146484375,45.3589973449707,270.8687744140625,65.04310607910156
fast,C:\Users\Light\Videos\高速运动.mp4,1047,True,0.5549967288970947,235.03268432617188,45.38560104370117,270.8600769042969,65.05384063720703
fast,C:\Users\Light\Videos\高速运动.mp4,1048,True,0.40741658210754395,250.7832489013672,45.14373779296875,290.2671203613281,63.75568771362305
fast,C:\Users\Light\Videos\高速运动.mp4,1049,True,0.657952606678009,269.96331787109375,45.48761749267578,305.6941833496094,65.07630157470703
fast,C:\Users\Light\Videos\高速运动.mp4,1050,True,0.6569008827209473,269.94439697265625,45.52473068237305,305.7137145996094,65.1058349609375
fast,C:\Users\Light\Videos\高速运动.mp4,1051,True,0.455651193857193,286.221435546875,45.28174591064453,323.9568176269531,63.776485443115234
fast,C:\Users\Light\Videos\高速运动.mp4,1052,True,0.5054234862327576,305.040283203125,45.277286529541016,342.8299865722656,65.91804504394531
fast,C:\Users\Light\Videos\高速运动.mp4,1053,True,0.4943245053291321,304.9724426269531,45.2524528503418,342.8590087890625,65.90379333496094
fast,C:\Users\Light\Videos\高速运动.mp4,1054,True,0.5119703412055969,320.47076416015625,46.74930953979492,364.5723876953125,66.8563232421875
fast,C:\Users\Light\Videos\高速运动.mp4,1055,True,0.4303920269012451,340.3506774902344,47.2315788269043,384.96478271484375,66.73070526123047
fast,C:\Users\Light\Videos\高速运动.mp4,1056,True,0.4427477717399597,340.3818054199219,47.27824020385742,384.9046630859375,66.76243591308594
fast,C:\Users\Light\Videos\高速运动.mp4,1057,True,0.12893164157867432,362.39398193359375,49.188358306884766,402.021240234375,67.23285675048828
fast,C:\Users\Light\Videos\高速运动.mp4,1058,True,0.12907610833644867,362.3952941894531,49.181251525878906,402.0209655761719,67.22785949707031
fast,C:\Users\Light\Videos\高速运动.mp4,1059,True,0.10913608968257904,380.03240966796875,47.72933578491211,424.97467041015625,67.20169830322266
fast,C:\Users\Light\Videos\高速运动.mp4,1060,True,0.004611745476722717,346.15618896484375,18.80231285095215,367.4350891113281,38.27315902709961
fast,C:\Users\Light\Videos\高速运动.mp4,1061,True,0.004567847121506929,346.1575927734375,18.81020164489746,367.4537658691406,38.28889083862305
fast,C:\Users\Light\Videos\高速运动.mp4,1062,True,0.12021459639072418,410.5244140625,47.38312530517578,441.6943054199219,66.74150848388672
fast,C:\Users\Light\Videos\高速运动.mp4,1063,True,0.47857433557510376,398.34942626953125,45.92291259765625,436.345703125,66.71759796142578
fast,C:\Users\Light\Videos\高速运动.mp4,1064,True,0.4783429503440857,398.35516357421875,45.92452621459961,436.33477783203125,66.71158599853516
fast,C:\Users\Light\Videos\高速运动.mp4,1065,True,0.5737290382385254,384.966064453125,34.932701110839844,417.80291748046875,58.689537048339844
fast,C:\Users\Light\Videos\高速运动.mp4,1066,True,0.5731303095817566,384.946533203125,34.9376335144043,417.81365966796875,58.69159698486328
fast,C:\Users\Light\Videos\高速运动.mp4,1067,True,0.31939443945884705,372.57574462890625,36.33852005004883,413.1568603515625,59.7181282043457
fast,C:\Users\Light\Videos\高速运动.mp4,1068,True,0.3937808871269226,364.0548400878906,34.92427444458008,405.6398620605469,58.825931549072266
fast,C:\Users\Light\Videos\高速运动.mp4,1069,True,0.39467161893844604,364.0488586425781,34.91905212402344,405.64349365234375,58.82528305053711
fast,C:\Users\Light\Videos\高速运动.mp4,1070,True,0.5918914675712585,352.20037841796875,35.39726638793945,390.3858947753906,58.26728439331055
fast,C:\Users\Light\Videos\高速运动.mp4,1071,True,0.5947324633598328,352.07891845703125,35.38222885131836,390.304443359375,58.26457214355469
fast,C:\Users\Light\Videos\高速运动.mp4,1072,True,0.6267937421798706,336.056640625,36.373592376708984,377.62030029296875,60.64696502685547
fast,C:\Users\Light\Videos\高速运动.mp4,1073,True,0.59159255027771,321.3134765625,37.29275131225586,362.63592529296875,61.01363754272461
fast,C:\Users\Light\Videos\高速运动.mp4,1074,True,0.5912900567054749,321.30804443359375,37.272335052490234,362.6358947753906,61.0045166015625
fast,C:\Users\Light\Videos\高速运动.mp4,1075,True,0.6092517971992493,304.5755310058594,38.385169982910156,346.1553039550781,61.601844787597656
fast,C:\Users\Light\Videos\高速运动.mp4,1076,True,0.4807604253292084,286.38726806640625,37.199832916259766,327.9510192871094,60.686744689941406
fast,C:\Users\Light\Videos\高速运动.mp4,1077,True,0.47932684421539307,286.4408264160156,37.17103576660156,327.952392578125,60.649295806884766
fast,C:\Users\Light\Videos\高速运动.mp4,1078,True,0.5466805696487427,267.5959167480469,37.688804626464844,311.12518310546875,61.57907485961914
fast,C:\Users\Light\Videos\高速运动.mp4,1079,True,0.7080802917480469,248.4940643310547,37.372310638427734,292.43994140625,61.497318267822266
fast,C:\Users\Light\Videos\高速运动.mp4,1080,True,0.7097919583320618,248.525390625,37.357765197753906,292.4261779785156,61.4786491394043
fast,C:\Users\Light\Videos\高速运动.mp4,1081,True,0.5722639560699463,227.3961944580078,37.34895706176758,271.8863830566406,61.489654541015625
fast,C:\Users\Light\Videos\高速运动.mp4,1082,True,0.5737486481666565,227.3953857421875,37.34938430786133,271.8905334472656,61.48976516723633
fast,C:\Users\Light\Videos\高速运动.mp4,1083,True,0.40330860018730164,208.2752227783203,38.58738708496094,254.25250244140625,62.04776382446289
fast,C:\Users\Light\Videos\高速运动.mp4,1084,True,0.103514164686203,189.28271484375,40.28107833862305,234.0287628173828,63.115867614746094
fast,C:\Users\Light\Videos\高速运动.mp4,1085,True,0.10221697390079498,189.3045196533203,40.29932403564453,233.9887237548828,63.115867614746094
fast,C:\Users\Light\Videos\高速运动.mp4,1086,True,0.4998266100883484,166.31497192382812,39.53852462768555,208.70310974121094,61.535396575927734
fast,C:\Users\Light\Videos\高速运动.mp4,1087,True,0.3740934431552887,147.0005645751953,40.52659606933594,189.32919311523438,62.31719207763672
fast,C:\Users\Light\Videos\高速运动.mp4,1088,True,0.3694976568222046,146.9947052001953,40.54447937011719,189.34677124023438,62.335121154785156
fast,C:\Users\Light\Videos\高速运动.mp4,1089,True,0.1972300112247467,103.25067901611328,42.30361557006836,147.44708251953125,62.886016845703125
fast,C:\Users\Light\Videos\高速运动.mp4,1090,True,0.2051129788160324,103.18036651611328,42.28971862792969,147.36489868164062,62.88202667236328
fast,C:\Users\Light\Videos\高速运动.mp4,1091,True,0.3601793944835663,78.67417907714844,42.342384338378906,126.2533187866211,63.295963287353516
fast,C:\Users\Light\Videos\高速运动.mp4,1092,True,0.36110228300094604,78.71514129638672,42.365848541259766,126.26512908935547,63.30105209350586
fast,C:\Users\Light\Videos\高速运动.mp4,1093,True,0.3641709089279175,55.46021270751953,42.82059860229492,99.63278198242188,62.27526092529297
fast,C:\Users\Light\Videos\高速运动.mp4,1094,True,0.0671662911772728,35.11859893798828,43.43166732788086,80.76544952392578,64.38610076904297
fast,C:\Users\Light\Videos\高速运动.mp4,1095,True,0.05775187164545059,35.14631652832031,43.52377700805664,80.8186264038086,64.42688751220703
fast,C:\Users\Light\Videos\高速运动.mp4,1096,True,0.01721278578042984,411.8359375,35.92236328125,441.3905944824219,55.33216094970703
fast,C:\Users\Light\Videos\高速运动.mp4,1097,True,0.033183008432388306,347.9657897949219,20.10107421875,368.9979553222656,38.22781753540039
fast,C:\Users\Light\Videos\高速运动.mp4,1098,True,0.03254035487771034,347.946533203125,20.113601684570312,368.9683837890625,38.23124694824219
fast,C:\Users\Light\Videos\高速运动.mp4,1099,True,0.04362810030579567,32.11249542236328,46.588844299316406,69.2589111328125,67.40122985839844
fast,C:\Users\Light\Videos\高速运动.mp4,1100,True,0.5845330953598022,47.20197296142578,43.561180114746094,81.9032974243164,64.06877136230469
fast,C:\Users\Light\Videos\高速运动.mp4,1101,True,0.5865091681480408,47.209983825683594,43.560264587402344,81.98011016845703,64.06637573242188
fast,C:\Users\Light\Videos\高速运动.mp4,1102,True,0.5983264446258545,60.990509033203125,43.5872917175293,101.26984405517578,62.942806243896484
fast,C:\Users\Light\Videos\高速运动.mp4,1103,True,0.5988573431968689,60.99374771118164,43.588993072509766,101.27741241455078,62.94293975830078
fast,C:\Users\Light\Videos\高速运动.mp4,1104,True,0.6238582134246826,77.4404067993164,43.82621765136719,118.31088256835938,63.90449905395508
fast,C:\Users\Light\Videos\高速运动.mp4,1105,True,0.4926970303058624,94.8291015625,45.06657409667969,130.53082275390625,64.55144500732422
fast,C:\Users\Light\Videos\高速运动.mp4,1106,True,0.49250924587249756,94.81916046142578,45.062068939208984,130.53616333007812,64.55026245117188
fast,C:\Users\Light\Videos\高速运动.mp4,1107,True,0.2780044972896576,111.04914093017578,46.410179138183594,149.6709747314453,66.357177734375
fast,C:\Users\Light\Videos\高速运动.mp4,1108,True,0.37403056025505066,129.1758270263672,46.45479965209961,159.8331298828125,64.6438980102539
fast,C:\Users\Light\Videos\高速运动.mp4,1109,True,0.37287867069244385,129.15933227539062,46.4605827331543,159.85227966308594,64.65021514892578
fast,C:\Users\Light\Videos\高速运动.mp4,1110,True,0.36294040083885193,143.83193969726562,46.54498291015625,177.3957061767578,64.99423217773438
fast,C:\Users\Light\Videos\高速运动.mp4,1111,True,0.4584335684776306,160.5386199951172,45.45009994506836,194.5383758544922,64.46285247802734
fast,C:\Users\Light\Videos\高速运动.mp4,1112,True,0.605754554271698,178.6069793701172,44.860389709472656,212.31866455078125,65.44902038574219
fast,C:\Users\Light\Videos\高速运动.mp4,1113,True,0.46735161542892456,195.41976928710938,46.241981506347656,233.75518798828125,66.69435119628906
fast,C:\Users\Light\Videos\高速运动.mp4,1114,True,0.46722209453582764,195.4219207763672,46.24639892578125,233.76129150390625,66.70132446289062
fast,C:\Users\Light\Videos\高速运动.mp4,1115,True,0.45875802636146545,213.94631958007812,45.20149230957031,249.5817108154297,65.80406188964844
fast,C:\Users\Light\Videos\高速运动.mp4,1116,True,0.45325222611427307,213.89468383789062,45.19768142700195,249.63818359375,65.8044204711914
fast,C:\Users\Light\Videos\高速运动.mp4,1117,True,0.2973629832267761,231.62359619140625,45.95879364013672,270.71966552734375,65.92232513427734
fast,C:\Users\Light\Videos\高速运动.mp4,1118,True,0.4606066942214966,252.68756103515625,47.13399887084961,294.8019714355469,67.55046844482422
fast,C:\Users\Light\Videos\高速运动.mp4,1119,True,0.4515782296657562,252.64849853515625,47.224205017089844,294.7783203125,67.59679412841797
fast,C:\Users\Light\Videos\高速运动.mp4,1120,True,0.38499099016189575,271.0045166015625,44.87262725830078,316.0220947265625,66.7590560913086
fast,C:\Users\Light\Videos\高速运动.mp4,1121,True,0.3879203200340271,294.53765869140625,44.78134536743164,334.49224853515625,64.15120697021484
fast,C:\Users\Light\Videos\高速运动.mp4,1122,True,0.38704708218574524,294.5405578613281,44.797550201416016,334.5101013183594,64.16893005371094
fast,C:\Users\Light\Videos\高速运动.mp4,1123,True,0.17930229008197784,313.87945556640625,43.36528396606445,360.8470458984375,63.6757926940918
fast,C:\Users\Light\Videos\高速运动.mp4,1124,True,0.2014799565076828,339.5052490234375,42.68142318725586,384.2938537597656,63.69358825683594
fast,C:\Users\Light\Videos\高速运动.mp4,1125,True,0.19828227162361145,339.50225830078125,42.70110321044922,384.3242492675781,63.690673828125
fast,C:\Users\Light\Videos\高速运动.mp4,1126,True,0.02467167191207409,365.97467041015625,41.810115814208984,411.0797424316406,62.993099212646484
fast,C:\Users\Light\Videos\高速运动.mp4,1127,True,0.024645118042826653,365.9732360839844,41.81551742553711,411.07537841796875,62.99217987060547
fast,C:\Users\Light\Videos\高速运动.mp4,1128,True,0.15657083690166473,387.540771484375,34.749176025390625,442.1426086425781,59.27664566040039
fast,C:\Users\Light\Videos\高速运动.mp4,1129,True,0.016871929168701172,443.4217224121094,16.135183334350586,469.0,43.27008056640625
fast,C:\Users\Light\Videos\高速运动.mp4,1130,True,0.016704680398106575,443.4200744628906,16.142623901367188,469.0,43.27613067626953
fast,C:\Users\Light\Videos\高速运动.mp4,1131,True,0.30496904253959656,436.02423095703125,42.75471115112305,468.0461120605469,62.1450080871582
fast,C:\Users\Light\Videos\高速运动.mp4,1132,True,0.013344748876988888,416.7016296386719,38.23857498168945,457.32513427734375,58.74468994140625
fast,C:\Users\Light\Videos\高速运动.mp4,1133,True,0.013586172834038734,416.6923522949219,38.22468185424805,457.3251953125,58.74814224243164
fast,C:\Users\Light\Videos\高速运动.mp4,1134,True,0.14032010734081268,396.4521484375,40.53569412231445,442.1883544921875,62.16838073730469
fast,C:\Users\Light\Videos\高速运动.mp4,1135,True,0.20657749474048615,379.1256408691406,35.12434005737305,426.5986022949219,59.55082702636719
fast,C:\Users\Light\Videos\高速运动.mp4,1136,True,0.23207761347293854,365.4945983886719,39.81705093383789,405.7460021972656,61.249515533447266
fast,C:\Users\Light\Videos\高速运动.mp4,1137,True,0.23618048429489136,365.4554138183594,39.81174087524414,405.734619140625,61.251468658447266
fast,C:\Users\Light\Videos\高速运动.mp4,1138,True,0.2928021252155304,347.50628662109375,40.96449279785156,391.3197326660156,62.7705078125
fast,C:\Users\Light\Videos\高速运动.mp4,1139,True,0.40383395552635193,334.22222900390625,42.07676696777344,376.6155700683594,63.8560676574707
fast,C:\Users\Light\Videos\高速运动.mp4,1140,True,0.3956448435783386,333.972412109375,42.01950454711914,376.73291015625,63.83583068847656
fast,C:\Users\Light\Videos\高速运动.mp4,1141,True,0.6453588008880615,320.1159973144531,42.96400833129883,359.2055969238281,62.70930099487305
fast,C:\Users\Light\Videos\高速运动.mp4,1142,True,0.5858218669891357,310.4019775390625,44.966552734375,343.86822509765625,63.56277084350586
fast,C:\Users\Light\Videos\高速运动.mp4,1143,True,0.5775015354156494,310.268798828125,44.9655876159668,343.92327880859375,63.56830596923828
fast,C:\Users\Light\Videos\高速运动.mp4,1144,True,0.48135673999786377,300.06988525390625,46.489112854003906,336.9302062988281,67.03251647949219
fast,C:\Users\Light\Videos\高速运动.mp4,1145,True,0.6507434248924255,291.7341003417969,46.34960174560547,322.2191162109375,65.0960693359375
fast,C:\Users\Light\Videos\高速运动.mp4,1146,True,0.6482946276664734,291.73193359375,46.350364685058594,322.20294189453125,65.08818054199219
fast,C:\Users\Light\Videos\高速运动.mp4,1147,True,0.6895069479942322,283.65521240234375,46.370849609375,313.72320556640625,65.93016815185547
fast,C:\Users\Light\Videos\高速运动.mp4,1148,True,0.6891023516654968,283.6458740234375,46.38017272949219,313.7137145996094,65.9344711303711
fast,C:\Users\Light\Videos\高速运动.mp4,1149,True,0.7952308058738708,275.5367736816406,46.6706428527832,306.7333679199219,65.61092376708984
fast,C:\Users\Light\Videos\高速运动.mp4,1150,True,0.7297577857971191,268.8861389160156,47.10542297363281,299.0606994628906,66.08514404296875
fast,C:\Users\Light\Videos\高速运动.mp4,1151,True,0.7295941710472107,268.87640380859375,47.10735321044922,299.0614929199219,66.08308410644531
fast,C:\Users\Light\Videos\高速运动.mp4,1152,True,0.7787129878997803,263.50469970703125,46.669029235839844,291.32757568359375,65.40693664550781
fast,C:\Users\Light\Videos\高速运动.mp4,1153,True,0.7758615016937256,259.67578125,45.786293029785156,284.5975646972656,65.69097900390625
fast,C:\Users\Light\Videos\高速运动.mp4,1154,True,0.7782802581787109,259.67108154296875,45.7928581237793,284.6056823730469,65.68570709228516
fast,C:\Users\Light\Videos\高速运动.mp4,1155,True,0.7588499188423157,254.07867431640625,46.316612243652344,280.1001281738281,65.9757080078125
fast,C:\Users\Light\Videos\高速运动.mp4,1156,True,0.6997746825218201,250.89694213867188,45.78887176513672,275.1769714355469,66.01748657226562
fast,C:\Users\Light\Videos\高速运动.mp4,1157,True,0.6997082829475403,250.89292907714844,45.78595733642578,275.17449951171875,66.01793670654297
fast,C:\Users\Light\Videos\高速运动.mp4,1158,True,0.7731840014457703,249.08070373535156,46.05280685424805,272.294677734375,65.75910949707031
fast,C:\Users\Light\Videos\高速运动.mp4,1159,True,0.6826393008232117,247.0486602783203,46.67335510253906,269.2542724609375,66.37042236328125
fast,C:\Users\Light\Videos\高速运动.mp4,1160,True,0.7179237604141235,246.1364288330078,46.90406036376953,268.3218688964844,66.71402740478516
fast,C:\Users\Light\Videos\高速运动.mp4,1161,True,0.7177704572677612,246.13522338867188,46.89695358276367,268.3179626464844,66.70571899414062
fast,C:\Users\Light\Videos\高速运动.mp4,1162,True,0.7107948064804077,245.92137145996094,46.89128494262695,268.0478210449219,66.71904754638672
fast,C:\Users\Light\Videos\高速运动.mp4,1163,True,0.7124719023704529,246.10679626464844,46.68729782104492,268.3016662597656,66.47871398925781
fast,C:\Users\Light\Videos\高速运动.mp4,1164,True,0.7126168608665466,246.0922088623047,46.67689895629883,268.2961120605469,66.47382354736328
fast,C:\Users\Light\Videos\高速运动.mp4,1165,True,0.7215631604194641,246.0867156982422,46.18006134033203,270.0644836425781,66.1729965209961
fast,C:\Users\Light\Videos\高速运动.mp4,1166,True,0.7439503073692322,248.4596405029297,46.003414154052734,272.48944091796875,66.08721160888672
fast,C:\Users\Light\Videos\高速运动.mp4,1167,True,0.7438929080963135,248.4586944580078,46.004154205322266,272.4879150390625,66.08683013916016
fast,C:\Users\Light\Videos\高速运动.mp4,1168,True,0.701000452041626,252.39552307128906,46.75284957885742,274.0863037109375,66.1230697631836
fast,C:\Users\Light\Videos\高速运动.mp4,1169,True,0.7749946117401123,254.06666564941406,45.772735595703125,278.92254638671875,65.9273910522461
fast,C:\Users\Light\Videos\高速运动.mp4,1170,True,0.7753711938858032,254.0848846435547,45.80215835571289,278.8945007324219,65.93409729003906
fast,C:\Users\Light\Videos\高速运动.mp4,1171,True,0.7442158460617065,258.4207763671875,46.91279983520508,282.7532653808594,66.92931365966797
fast,C:\Users\Light\Videos\高速运动.mp4,1172,True,0.7440854907035828,258.4212646484375,46.91965866088867,282.7532958984375,66.93595123291016
fast,C:\Users\Light\Videos\高速运动.mp4,1173,True,0.7487726807594299,262.284912109375,46.75116729736328,288.5470886230469,66.3404769897461
fast,C:\Users\Light\Videos\高速运动.mp4,1174,True,0.8071229457855225,266.4544982910156,47.064815521240234,295.1407470703125,66.3038330078125
fast,C:\Users\Light\Videos\高速运动.mp4,1175,True,0.8069696426391602,266.4671325683594,47.05264663696289,295.1202697753906,66.29969024658203
fast,C:\Users\Light\Videos\高速运动.mp4,1176,True,0.8028062582015991,271.57366943359375,47.58720016479492,301.93853759765625,66.465576171875
fast,C:\Users\Light\Videos\高速运动.mp4,1177,True,0.7291969060897827,277.5806579589844,47.956809997558594,309.620849609375,66.8795166015625
fast,C:\Users\Light\Videos\高速运动.mp4,1178,True,0.7284742593765259,277.5956115722656,47.95976638793945,309.60760498046875,66.8861083984375
fast,C:\Users\Light\Videos\高速运动.mp4,1179,True,0.743833601474762,285.6343994140625,47.5596809387207,317.16778564453125,65.99005126953125
fast,C:\Users\Light\Videos\高速运动.mp4,1180,True,0.6923890113830566,292.1898498535156,46.50740051269531,327.9299011230469,66.76286315917969
fast,C:\Users\Light\Videos\高速运动.mp4,1181,True,0.6927418112754822,292.1844482421875,46.506168365478516,327.93304443359375,66.76140594482422
fast,C:\Users\Light\Videos\高速运动.mp4,1182,True,0.6630516052246094,302.5585021972656,46.61040115356445,338.38140869140625,66.47147369384766
fast,C:\Users\Light\Videos\高速运动.mp4,1183,True,0.6633209586143494,302.53875732421875,46.609596252441406,338.3861999511719,66.46743774414062
fast,C:\Users\Light\Videos\高速运动.mp4,1184,True,0.6064841747283936,312.79034423828125,45.013145446777344,346.4833984375,64.39470672607422
fast,C:\Users\Light\Videos\高速运动.mp4,1185,True,0.578848123550415,320.7933654785156,44.17025375366211,360.03936767578125,64.0259017944336
fast,C:\Users\Light\Videos\高速运动.mp4,1186,True,0.43180006742477417,329.8779602050781,42.53330612182617,373.338623046875,63.33193588256836
fast,C:\Users\Light\Videos\高速运动.mp4,1187,True,0.6366929411888123,344.3883056640625,41.63062286376953,381.47186279296875,62.732879638671875
fast,C:\Users\Light\Videos\高速运动.mp4,1188,True,0.6358208060264587,344.3959045410156,41.62531280517578,381.47467041015625,62.73137664794922
fast,C:\Users\Light\Videos\高速运动.mp4,1189,True,0.3748175799846649,355.3231201171875,39.96532440185547,396.5445251464844,62.34287643432617
fast,C:\Users\Light\Videos\高速运动.mp4,1190,True,0.5911538600921631,365.9364318847656,39.245765686035156,405.5244445800781,61.42058181762695
fast,C:\Users\Light\Videos\高速运动.mp4,1191,True,0.5898650884628296,365.8988037109375,39.242584228515625,405.5766296386719,61.43560028076172
fast,C:\Users\Light\Videos\高速运动.mp4,1192,True,0.4722660779953003,374.2032775878906,39.25022506713867,412.5576171875,61.52558135986328
fast,C:\Users\Light\Videos\高速运动.mp4,1193,True,0.4727536737918854,374.230224609375,39.27669143676758,412.4835205078125,61.52336120605469
fast,C:\Users\Light\Videos\高速运动.mp4,1194,True,0.644177258014679,381.75762939453125,35.02263641357422,418.6242980957031,58.54343795776367
fast,C:\Users\Light\Videos\高速运动.mp4,1195,True,0.6964542865753174,389.87811279296875,34.5980339050293,420.3558349609375,58.139583587646484
fast,C:\Users\Light\Videos\高速运动.mp4,1196,True,0.6962141394615173,389.876953125,34.59543228149414,420.3567199707031,58.13886642456055
fast,C:\Users\Light\Videos\高速运动.mp4,1197,True,0.6378549337387085,393.3609313964844,35.62711715698242,421.6719970703125,58.881534576416016
fast,C:\Users\Light\Videos\高速运动.mp4,1198,True,0.6324549913406372,395.19488525390625,37.430198669433594,424.6571960449219,59.81303787231445
fast,C:\Users\Light\Videos\高速运动.mp4,1199,True,0.6326308846473694,395.19964599609375,37.43354034423828,424.6625671386719,59.8148078918457
fast,C:\Users\Light\Videos\高速运动.mp4,1200,True,0.656509280204773,395.9591979980469,37.4726676940918,424.7685241699219,59.90032958984375
fast,C:\Users\Light\Videos\高速运动.mp4,1201,True,0.6014727354049683,394.9129943847656,37.44185256958008,425.7219543457031,60.09618377685547
fast,C:\Users\Light\Videos\高速运动.mp4,1202,True,0.6016809344291687,394.916748046875,37.4393196105957,425.718017578125,60.09575653076172
fast,C:\Users\Light\Videos\高速运动.mp4,1203,True,0.7362362742424011,398.5955505371094,40.85597610473633,423.2728576660156,62.289066314697266
fast,C:\Users\Light\Videos\高速运动.mp4,1204,True,0.7699903845787048,397.96209716796875,41.28044509887695,423.1003723144531,62.41130065917969
fast,C:\Users\Light\Videos\高速运动.mp4,1205,True,0.7713450789451599,397.96868896484375,41.27845001220703,423.11126708984375,62.4078254699707
fast,C:\Users\Light\Videos\高速运动.mp4,1206,True,0.6558962464332581,395.87152099609375,39.12052917480469,422.5236511230469,60.58773422241211
fast,C:\Users\Light\Videos\高速运动.mp4,1207,True,0.6525545716285706,395.7820129394531,39.068782806396484,422.5495910644531,60.56789779663086
fast,C:\Users\Light\Videos\高速运动.mp4,1208,True,0.6775098443031311,389.0744323730469,39.354549407958984,418.15234375,60.72610092163086
fast,C:\Users\Light\Videos\高速运动.mp4,1209,True,0.6794388294219971,389.0655517578125,39.403472900390625,418.13262939453125,60.76206970214844
fast,C:\Users\Light\Videos\高速运动.mp4,1210,True,0.6657575368881226,389.1952209472656,40.92524719238281,414.2763977050781,61.610877990722656
fast,C:\Users\Light\Videos\高速运动.mp4,1211,True,0.6932702660560608,385.4762878417969,40.10246276855469,412.114501953125,61.60825729370117
fast,C:\Users\Light\Videos\高速运动.mp4,1212,True,0.6977406144142151,385.4726257324219,40.11825942993164,412.10894775390625,61.60737991333008
fast,C:\Users\Light\Videos\高速运动.mp4,1213,True,0.6261613965034485,382.2791748046875,41.033451080322266,408.9330749511719,61.43826675415039
fast,C:\Users\Light\Videos\高速运动.mp4,1214,True,0.651347279548645,378.4165344238281,42.568538665771484,404.0008850097656,62.61127471923828
fast,C:\Users\Light\Videos\高速运动.mp4,1215,True,0.6433074474334717,378.3809814453125,42.573692321777344,404.0028076171875,62.61127471923828
fast,C:\Users\Light\Videos\高速运动.mp4,1216,True,0.6945899724960327,376.91851806640625,43.682003021240234,400.03778076171875,63.62792205810547
fast,C:\Users\Light\Videos\高速运动.mp4,1217,True,0.6954718232154846,376.86944580078125,43.68771743774414,400.03533935546875,63.65241622924805
fast,C:\Users\Light\Videos\高速运动.mp4,1218,True,0.5374939441680908,373.8909606933594,44.25284194946289,396.9914245605469,64.03941345214844
fast,C:\Users\Light\Videos\高速运动.mp4,1219,True,0.7240983247756958,372.75537109375,45.67593765258789,395.9968566894531,64.65396118164062
fast,C:\Users\Light\Videos\高速运动.mp4,1220,True,0.7239531874656677,372.75689697265625,45.676185607910156,395.9974670410156,64.65523529052734
fast,C:\Users\Light\Videos\高速运动.mp4,1221,True,0.680990993976593,371.46307373046875,46.40072250366211,393.9615783691406,65.3763656616211
fast,C:\Users\Light\Videos\高速运动.mp4,1222,True,0.5883315801620483,370.8955993652344,46.733394622802734,391.90972900390625,65.74422454833984
fast,C:\Users\Light\Videos\高速运动.mp4,1223,True,0.5887181162834167,370.9057922363281,46.74247360229492,391.9122009277344,65.74666595458984
fast,C:\Users\Light\Videos\高速运动.mp4,1224,True,0.6151620745658875,370.1727600097656,48.032222747802734,392.26800537109375,66.57730102539062
fast,C:\Users\Light\Videos\高速运动.mp4,1225,True,0.694752037525177,370.5432434082031,48.71543502807617,393.1059265136719,66.8380126953125
fast,C:\Users\Light\Videos\高速运动.mp4,1226,True,0.694739580154419,370.5436706542969,48.72267150878906,393.09649658203125,66.83811950683594
fast,C:\Users\Light\Videos\高速运动.mp4,1227,True,0.7287375330924988,371.9584045410156,47.62736129760742,396.623779296875,65.73021697998047
fast,C:\Users\Light\Videos\高速运动.mp4,1228,True,0.7287858724594116,371.95892333984375,47.62689208984375,396.6241455078125,65.7298812866211
fast,C:\Users\Light\Videos\高速运动.mp4,1229,True,0.5459170937538147,373.7275390625,48.48168182373047,401.1335754394531,66.42478942871094
fast,C:\Users\Light\Videos\高速运动.mp4,1230,True,0.43310806155204773,377.9775390625,48.19701385498047,404.6054382324219,66.54899597167969
fast,C:\Users\Light\Videos\高速运动.mp4,1231,True,0.4316403865814209,377.9723815917969,48.20378112792969,404.6110534667969,66.55065155029297
fast,C:\Users\Light\Videos\高速运动.mp4,1232,True,0.3207088112831116,381.4154052734375,48.164608001708984,409.9511413574219,66.85369873046875
fast,C:\Users\Light\Videos\高速运动.mp4,1233,True,0.015439998358488083,347.1593017578125,19.01613998413086,366.9336242675781,38.711456298828125
fast,C:\Users\Light\Videos\高速运动.mp4,1234,True,0.03622496500611305,393.03985595703125,49.3372802734375,420.65850830078125,67.78760528564453
fast,C:\Users\Light\Videos\高速运动.mp4,1235,True,0.1898432970046997,400.97503662109375,38.20283126831055,424.4151611328125,60.99476623535156
fast,C:\Users\Light\Videos\高速运动.mp4,1236,True,0.18970957398414612,401.0052185058594,38.204219818115234,424.4121398925781,60.97988510131836
fast,C:\Users\Light\Videos\高速运动.mp4,1237,True,0.1672751009464264,397.05035400390625,46.1092643737793,419.90869140625,65.88297271728516
fast,C:\Users\Light\Videos\高速运动.mp4,1238,True,0.16583406925201416,397.0594177246094,46.108924865722656,419.9153137207031,65.87783813476562
fast,C:\Users\Light\Videos\高速运动.mp4,1239,True,0.19296696782112122,396.4800720214844,46.38917922973633,419.2961730957031,66.27423095703125
fast,C:\Users\Light\Videos\高速运动.mp4,1240,True,0.11247745901346207,393.5293273925781,49.146629333496094,418.37353515625,66.97064208984375
fast,C:\Users\Light\Videos\高速运动.mp4,1241,True,0.1125778928399086,393.5325012207031,49.1431999206543,418.3760070800781,66.9710693359375
fast,C:\Users\Light\Videos\高速运动.mp4,1242,True,0.20853886008262634,393.92205810546875,48.951717376708984,416.3768005371094,66.8185806274414
fast,C:\Users\Light\Videos\高速运动.mp4,1243,True,0.08162321895360947,397.2298889160156,43.23444747924805,421.06427001953125,62.81250762939453
fast,C:\Users\Light\Videos\高速运动.mp4,1244,True,0.08047958463430405,397.2497253417969,43.26465606689453,421.09136962890625,62.80811309814453
fast,C:\Users\Light\Videos\高速运动.mp4,1245,True,0.20760224759578705,397.0628356933594,45.64104461669922,420.1874694824219,65.78813171386719
fast,C:\Users\Light\Videos\高速运动.mp4,1246,True,0.15900222957134247,400.02081298828125,40.233184814453125,424.04193115234375,61.28913879394531
fast,C:\Users\Light\Videos\高速运动.mp4,1247,True,0.1594974845647812,399.4510192871094,44.26947021484375,422.5141906738281,64.2534408569336
fast,C:\Users\Light\Videos\高速运动.mp4,1248,True,0.0925273522734642,400.6865539550781,40.895263671875,424.4725341796875,60.8945198059082
fast,C:\Users\Light\Videos\高速运动.mp4,1249,True,0.06466928869485855,398.6268615722656,46.472190856933594,421.11370849609375,65.43367004394531
fast,C:\Users\Light\Videos\高速运动.mp4,1250,True,0.08237863332033157,398.3454284667969,45.93703079223633,420.98992919921875,65.2011947631836
fast,C:\Users\Light\Videos\高速运动.mp4,1251,True,0.08168238401412964,401.43743896484375,37.54884338378906,423.3995666503906,58.793907165527344
fast,C:\Users\Light\Videos\高速运动.mp4,1252,True,0.08101538568735123,401.45068359375,37.53315734863281,423.4156188964844,58.74921798706055
fast,C:\Users\Light\Videos\高速运动.mp4,1253,True,0.03446498140692711,399.9819030761719,41.55227279663086,423.2660217285156,60.936431884765625
fast,C:\Users\Light\Videos\高速运动.mp4,1254,True,0.03579504042863846,400.9795227050781,37.15057373046875,423.4418640136719,59.4737548828125
fast,C:\Users\Light\Videos\高速运动.mp4,1255,True,0.036672621965408325,400.95477294921875,37.18367385864258,423.4424133300781,59.48905944824219
fast,C:\Users\Light\Videos\高速运动.mp4,1256,True,0.023133333772420883,400.25518798828125,42.03178787231445,423.2471618652344,61.121280670166016
fast,C:\Users\Light\Videos\高速运动.mp4,1257,True,0.0502200573682785,400.665283203125,41.76408386230469,423.7054748535156,61.26441955566406
fast,C:\Users\Light\Videos\高速运动.mp4,1258,True,0.06476720422506332,400.8173828125,41.57957077026367,424.12359619140625,61.27345275878906
fast,C:\Users\Light\Videos\高速运动.mp4,1259,True,0.02267429605126381,400.4719543457031,37.462181091308594,423.7585144042969,59.971107482910156
fast,C:\Users\Light\Videos\高速运动.mp4,1260,True,0.022710386663675308,400.4747619628906,37.464935302734375,423.76025390625,59.968841552734375
fast,C:\Users\Light\Videos\高速运动.mp4,1261,True,0.14489248394966125,400.3442077636719,38.196556091308594,423.75213623046875,60.62834167480469
fast,C:\Users\Light\Videos\高速运动.mp4,1262,True,0.14395613968372345,400.3478698730469,38.1622428894043,423.7445068359375,60.60828399658203
fast,C:\Users\Light\Videos\高速运动.mp4,1263,True,0.041877564042806625,401.2315673828125,37.74290466308594,423.5166015625,60.11323928833008
fast,C:\Users\Light\Videos\高速运动.mp4,1264,True,0.03517104685306549,401.3196716308594,37.34026336669922,423.5841064453125,59.786705017089844
fast,C:\Users\Light\Videos\高速运动.mp4,1265,True,0.035131558775901794,401.3183288574219,37.36594772338867,423.58123779296875,59.80400848388672
fast,C:\Users\Light\Videos\高速运动.mp4,1266,True,0.046946313232183456,401.2440490722656,37.70193862915039,423.513671875,60.03506851196289
fast,C:\Users\Light\Videos\高速运动.mp4,1267,True,0.0364813469350338,400.5148010253906,41.62627410888672,424.2706604003906,60.8852424621582
fast,C:\Users\Light\Videos\高速运动.mp4,1268,True,0.03612646460533142,400.4934997558594,41.6950569152832,424.25750732421875,60.94066619873047
fast,C:\Users\Light\Videos\高速运动.mp4,1269,True,0.033058732748031616,400.4194641113281,41.8843879699707,423.2470397949219,61.057743072509766
fast,C:\Users\Light\Videos\高速运动.mp4,1270,True,0.019521333277225494,401.4329833984375,37.67809295654297,423.5329895019531,60.0029296875
fast,C:\Users\Light\Videos\高速运动.mp4,1271,True,0.020205913111567497,401.4659729003906,37.63707733154297,423.59197998046875,59.92995834350586
fast,C:\Users\Light\Videos\高速运动.mp4,1272,True,0.0365154929459095,400.6834716796875,41.70395278930664,423.67877197265625,60.95261001586914
fast,C:\Users\Light\Videos\高速运动.mp4,1273,True,0.0351555235683918,400.6348876953125,41.800838470458984,423.6133117675781,61.009918212890625
fast,C:\Users\Light\Videos\高速运动.mp4,1274,True,0.03996159881353378,401.4206237792969,37.51827621459961,423.201416015625,59.9912109375
fast,C:\Users\Light\Videos\高速运动.mp4,1275,True,0.045495614409446716,401.002197265625,37.6803092956543,423.40960693359375,60.40348815917969
fast,C:\Users\Light\Videos\高速运动.mp4,1276,True,0.04532347992062569,401.0085144042969,37.68277359008789,423.4132385253906,60.405731201171875
fast,C:\Users\Light\Videos\高速运动.mp4,1277,True,0.06260024756193161,401.29852294921875,38.04850769042969,423.50018310546875,60.22793960571289
fast,C:\Users\Light\Videos\高速运动.mp4,1278,True,0.05862925201654434,401.1476135253906,41.413658142089844,424.4708251953125,61.01937484741211
fast,C:\Users\Light\Videos\高速运动.mp4,1279,True,0.05886918678879738,401.14593505859375,41.43075942993164,424.4803771972656,61.040283203125
fast,C:\Users\Light\Videos\高速运动.mp4,1280,True,0.03430136293172836,401.19305419921875,37.486968994140625,423.3427429199219,60.19078063964844
fast,C:\Users\Light\Videos\高速运动.mp4,1281,True,0.03897511586546898,400.8490295410156,37.514041900634766,423.7264404296875,60.20521545410156
fast,C:\Users\Light\Videos\高速运动.mp4,1282,True,0.06567404419183731,401.23858642578125,37.871368408203125,423.4267272949219,60.43928146362305
fast,C:\Users\Light\Videos\高速运动.mp4,1283,True,0.06532268226146698,401.2856140136719,37.87038040161133,423.4358215332031,60.42964172363281
fast,C:\Users\Light\Videos\高速运动.mp4,1284,True,0.04687505587935448,401.6662902832031,37.404605865478516,423.66607666015625,59.49282455444336
fast,C:\Users\Light\Videos\高速运动.mp4,1285,True,0.049436118453741074,401.34051513671875,41.097503662109375,424.24383544921875,60.58766555786133
fast,C:\Users\Light\Videos\高速运动.mp4,1286,True,0.05032888799905777,401.3649597167969,41.1319694519043,424.257080078125,60.6303825378418
fast,C:\Users\Light\Videos\高速运动.mp4,1287,True,0.03385588526725769,400.9169616699219,37.41522979736328,423.2806091308594,60.0809440612793
fast,C:\Users\Light\Videos\高速运动.mp4,1288,True,0.04141401872038841,401.23553466796875,37.4507942199707,423.4540710449219,59.883296966552734
fast,C:\Users\Light\Videos\高速运动.mp4,1289,True,0.04108172655105591,401.22247314453125,37.497230529785156,423.4557800292969,59.895713806152344
fast,C:\Users\Light\Videos\高速运动.mp4,1290,True,0.027338307350873947,400.29638671875,41.86184310913086,423.5135498046875,61.00346374511719
fast,C:\Users\Light\Videos\高速运动.mp4,1291,True,0.04111763834953308,401.0068054199219,41.85637283325195,424.1136474609375,61.107139587402344
fast,C:\Users\Light\Videos\高速运动.mp4,1292,True,0.04032452404499054,400.9669189453125,41.8972053527832,424.0520324707031,61.13022232055664
fast,C:\Users\Light\Videos\高速运动.mp4,1293,True,0.020265774801373482,399.9643249511719,42.14518737792969,423.24163818359375,61.18017578125
fast,C:\Users\Light\Videos\高速运动.mp4,1294,True,0.030636411160230637,400.281982421875,41.77885055541992,423.40826416015625,60.970359802246094
fast,C:\Users\Light\Videos\高速运动.mp4,1295,True,0.030301081016659737,400.26025390625,41.79008102416992,423.3757629394531,60.97764587402344
fast,C:\Users\Light\Videos\高速运动.mp4,1296,True,0.03816206008195877,401.2245788574219,37.449249267578125,423.56005859375,59.94759750366211
fast,C:\Users\Light\Videos\高速运动.mp4,1297,True,0.03720979765057564,401.2093200683594,37.47105407714844,423.5356140136719,59.98087692260742
fast,C:\Users\Light\Videos\高速运动.mp4,1298,True,0.02672656625509262,399.77105712890625,42.0555419921875,423.10986328125,61.18201446533203
fast,C:\Users\Light\Videos\高速运动.mp4,1299,True,0.02799806371331215,401.4655456542969,37.420921325683594,423.4589538574219,59.87682342529297
fast,C:\Users\Light\Videos\高速运动.mp4,1300,True,0.028057191520929337,401.4600524902344,37.42939376831055,423.46136474609375,59.8870849609375
fast,C:\Users\Light\Videos\高速运动.mp4,1301,True,0.03966074436903,401.4355773925781,37.43838119506836,423.50286865234375,59.95819854736328
fast,C:\Users\Light\Videos\高速运动.mp4,1302,True,0.044765643775463104,401.4428405761719,37.48593521118164,423.4533996582031,59.78352355957031
fast,C:\Users\Light\Videos\高速运动.mp4,1303,True,0.04463612288236618,401.4447021484375,37.49068832397461,423.44537353515625,59.79607391357422
fast,C:\Users\Light\Videos\高速运动.mp4,1304,True,0.03306284919381142,400.4693908691406,42.32138442993164,423.50286865234375,61.42549133300781
fast,C:\Users\Light\Videos\高速运动.mp4,1305,True,0.033565811812877655,400.4663391113281,42.33431625366211,423.5159606933594,61.444698333740234
fast,C:\Users\Light\Videos\高速运动.mp4,1306,True,0.03292015194892883,400.2766418457031,41.617557525634766,423.5901184082031,60.83699035644531
fast,C:\Users\Light\Videos\高速运动.mp4,1307,True,0.034158386290073395,400.2742919921875,41.59938049316406,423.5603942871094,60.830963134765625
fast,C:\Users\Light\Videos\高速运动.mp4,1308,True,0.03235374391078949,401.1606140136719,37.404964447021484,423.5395812988281,59.858848571777344
fast,C:\Users\Light\Videos\高速运动.mp4,1309,True,0.02915719710290432,400.2655944824219,41.27298355102539,423.64080810546875,60.470497131347656
fast,C:\Users\Light\Videos\高速运动.mp4,1310,True,0.02921009622514248,400.265625,41.272735595703125,423.6484680175781,60.47016143798828
fast,C:\Users\Light\Videos\高速运动.mp4,1311,True,0.028527403250336647,401.0861511230469,37.41876983642578,423.4578857421875,60.16785430908203
fast,C:\Users\Light\Videos\高速运动.mp4,1312,True,0.025872256606817245,401.1401062011719,37.41361618041992,423.5897521972656,60.04616165161133
fast,C:\Users\Light\Videos\高速运动.mp4,1313,True,0.026025468483567238,401.147216796875,37.4093132019043,423.59002685546875,60.03822708129883
fast,C:\Users\Light\Videos\高速运动.mp4,1314,True,0.0205818060785532,400.8370666503906,37.7272834777832,423.7122497558594,60.11039352416992
fast,C:\Users\Light\Videos\高速运动.mp4,1315,True,0.061888404190540314,401.10833740234375,37.657718658447266,423.5022888183594,59.8192253112793
fast,C:\Users\Light\Videos\高速运动.mp4,1316,True,0.05917570739984512,401.1738586425781,37.645057678222656,423.5151062011719,59.79307174682617
fast,C:\Users\Light\Videos\高速运动.mp4,1317,True,0.02635931223630905,400.59515380859375,37.652252197265625,423.48333740234375,60.32236099243164
fast,C:\Users\Light\Videos\高速运动.mp4,1318,True,0.026562828570604324,400.58758544921875,37.66303253173828,423.48760986328125,60.33699417114258
fast,C:\Users\Light\Videos\高速运动.mp4,1319,True,0.030018428340554237,401.0522766113281,37.269622802734375,423.69677734375,59.63130569458008
fast,C:\Users\Light\Videos\高速运动.mp4,1320,True,0.03712932765483856,401.24603271484375,37.34794998168945,423.6875915527344,59.81904602050781
fast,C:\Users\Light\Videos\高速运动.mp4,1321,True,0.03776589781045914,401.2520751953125,37.32937240600586,423.6741027832031,59.794189453125
fast,C:\Users\Light\Videos\高速运动.mp4,1322,True,0.05661729723215103,401.17669677734375,37.37441635131836,423.4574279785156,60.033992767333984
empty,C:\Users\Light\Videos\空轨道.mp4,0,False,0.021178457885980606,346.1764831542969,17.642101287841797,366.14971923828125,37.91325378417969
empty,C:\Users\Light\Videos\空轨道.mp4,1,False,0.021532297134399414,346.16424560546875,17.63519859313965,366.14306640625,37.91181945800781
empty,C:\Users\Light\Videos\空轨道.mp4,2,False,0.020171931013464928,345.51641845703125,17.392528533935547,365.482666015625,37.77067184448242
empty,C:\Users\Light\Videos\空轨道.mp4,3,False,0.02275453694164753,345.9251403808594,17.44662857055664,365.968994140625,37.82486343383789
empty,C:\Users\Light\Videos\空轨道.mp4,4,False,0.023511536419391632,345.90191650390625,17.451290130615234,365.9629211425781,37.8248176574707
empty,C:\Users\Light\Videos\空轨道.mp4,5,False,0.022720087319612503,345.81500244140625,17.449968338012695,365.72821044921875,37.79794692993164
empty,C:\Users\Light\Videos\空轨道.mp4,6,False,0.02274962142109871,345.80877685546875,17.456310272216797,365.724853515625,37.795772552490234
empty,C:\Users\Light\Videos\空轨道.mp4,7,False,0.015261556953191757,345.92327880859375,18.988731384277344,366.9925231933594,37.23349380493164
empty,C:\Users\Light\Videos\空轨道.mp4,8,False,0.017440488561987877,29.303125381469727,44.117431640625,52.91830062866211,62.04489517211914
empty,C:\Users\Light\Videos\空轨道.mp4,9,False,0.01732935756444931,29.298561096191406,44.115570068359375,52.916805267333984,62.06033706665039
empty,C:\Users\Light\Videos\空轨道.mp4,10,False,0.02068750560283661,345.6389465332031,17.473051071166992,365.8348083496094,37.807987213134766
empty,C:\Users\Light\Videos\空轨道.mp4,11,False,0.01837323233485222,24.851808547973633,44.263484954833984,45.45173645019531,62.42089080810547
empty,C:\Users\Light\Videos\空轨道.mp4,12,False,0.01846657134592533,24.85696029663086,44.267208099365234,45.44953155517578,62.41470718383789
empty,C:\Users\Light\Videos\空轨道.mp4,13,False,0.024651996791362762,345.8714294433594,17.3501033782959,366.06494140625,37.81394958496094
empty,C:\Users\Light\Videos\空轨道.mp4,14,False,0.024080662056803703,345.8470764160156,17.35106658935547,366.04119873046875,37.82168197631836
empty,C:\Users\Light\Videos\空轨道.mp4,15,False,0.021461427211761475,346.2627258300781,17.49759292602539,366.24566650390625,37.890438079833984
empty,C:\Users\Light\Videos\空轨道.mp4,16,False,0.021367372944951057,346.260498046875,17.500123977661133,366.24468994140625,37.88754653930664
empty,C:\Users\Light\Videos\空轨道.mp4,17,False,0.029999040067195892,345.5895690917969,17.28441619873047,365.72760009765625,37.68537521362305
empty,C:\Users\Light\Videos\空轨道.mp4,18,False,0.02566264197230339,345.8511657714844,17.437955856323242,365.9510192871094,37.80314636230469
empty,C:\Users\Light\Videos\空轨道.mp4,19,False,0.025615200400352478,345.8331604003906,17.446584701538086,365.9351501464844,37.79595184326172
empty,C:\Users\Light\Videos\空轨道.mp4,20,False,0.028461525216698647,345.8739318847656,17.55120086669922,366.03515625,37.79500961303711
empty,C:\Users\Light\Videos\空轨道.mp4,21,False,0.01542710606008768,345.777099609375,18.853410720825195,366.8775634765625,37.184547424316406
empty,C:\Users\Light\Videos\空轨道.mp4,22,False,0.015652170404791832,345.7601013183594,18.838598251342773,366.8698425292969,37.18398666381836
empty,C:\Users\Light\Videos\空轨道.mp4,23,False,0.02186661586165428,346.1039123535156,17.457990646362305,366.0971374511719,37.8087043762207
empty,C:\Users\Light\Videos\空轨道.mp4,24,False,0.014065730385482311,345.78179931640625,19.032209396362305,366.8951721191406,37.30615234375
empty,C:\Users\Light\Videos\空轨道.mp4,25,False,0.014517286792397499,345.7700500488281,19.01703643798828,366.89794921875,37.308013916015625
empty,C:\Users\Light\Videos\空轨道.mp4,26,False,0.020654361695051193,346.25982666015625,17.519062042236328,366.3970642089844,37.841896057128906
empty,C:\Users\Light\Videos\空轨道.mp4,27,False,0.021652309224009514,346.3076477050781,17.50243377685547,366.4210205078125,37.83100509643555
empty,C:\Users\Light\Videos\空轨道.mp4,28,False,0.02043837122619152,345.7228698730469,18.69866180419922,366.9316711425781,37.17860794067383
empty,C:\Users\Light\Videos\空轨道.mp4,29,False,0.015963712707161903,345.7110595703125,17.391563415527344,365.8517761230469,37.81699752807617
empty,C:\Users\Light\Videos\空轨道.mp4,30,False,0.015650702640414238,345.705322265625,17.405258178710938,365.8552551269531,37.827999114990234
empty,C:\Users\Light\Videos\空轨道.mp4,31,False,0.013814065605401993,345.7221374511719,17.513391494750977,365.8447265625,37.9222412109375
empty,C:\Users\Light\Videos\空轨道.mp4,32,False,0.031304243952035904,345.78424072265625,17.36372947692871,365.7860107421875,37.70964813232422
empty,C:\Users\Light\Videos\空轨道.mp4,33,False,0.03100011870265007,345.8052062988281,17.363056182861328,365.80523681640625,37.70570373535156
empty,C:\Users\Light\Videos\空轨道.mp4,34,False,0.007823924534022808,345.8163146972656,17.748666763305664,366.2247619628906,37.888221740722656
empty,C:\Users\Light\Videos\空轨道.mp4,35,False,0.014786291867494583,346.73602294921875,17.384437561035156,366.7900695800781,37.54631423950195
empty,C:\Users\Light\Videos\空轨道.mp4,36,False,0.015617946162819862,346.7642517089844,17.36908531188965,366.7947998046875,37.53508377075195
empty,C:\Users\Light\Videos\空轨道.mp4,37,False,0.019897814840078354,342.4642333984375,17.54848861694336,365.09429931640625,39.33782958984375
empty,C:\Users\Light\Videos\空轨道.mp4,38,False,0.015557985752820969,346.0604553222656,17.632755279541016,366.072021484375,37.90018844604492
empty,C:\Users\Light\Videos\空轨道.mp4,39,False,0.02458050288259983,345.9604187011719,17.65624237060547,366.0850524902344,37.997989654541016
empty,C:\Users\Light\Videos\空轨道.mp4,40,False,0.02514435537159443,345.9354248046875,17.64266014099121,366.07080078125,37.99494171142578
empty,C:\Users\Light\Videos\空轨道.mp4,41,False,0.025716228410601616,345.9404296875,17.167001724243164,365.9071960449219,37.60763168334961
empty,C:\Users\Light\Videos\空轨道.mp4,42,False,0.010741105303168297,342.2709655761719,17.37123680114746,365.2729187011719,39.637718200683594
empty,C:\Users\Light\Videos\空轨道.mp4,43,False,0.010825682431459427,342.26263427734375,17.365297317504883,365.26593017578125,39.63711166381836
empty,C:\Users\Light\Videos\空轨道.mp4,44,False,0.016771702095866203,346.3174743652344,17.720361709594727,366.1794128417969,37.9314079284668
empty,C:\Users\Light\Videos\空轨道.mp4,45,False,0.02772754244506359,345.6681213378906,18.511884689331055,366.8994445800781,37.078163146972656
empty,C:\Users\Light\Videos\空轨道.mp4,46,False,0.027268236503005028,345.7058410644531,18.52105140686035,366.92303466796875,37.0767936706543
empty,C:\Users\Light\Videos\空轨道.mp4,47,False,0.03497382253408432,345.6697692871094,17.212451934814453,365.6975402832031,37.62287139892578
empty,C:\Users\Light\Videos\空轨道.mp4,48,False,0.021589132025837898,345.85247802734375,17.542997360229492,365.8431091308594,37.9132080078125
empty,C:\Users\Light\Videos\空轨道.mp4,49,False,0.022348694503307343,345.8615417480469,17.51841163635254,365.8540954589844,37.90220642089844
empty,C:\Users\Light\Videos\空轨道.mp4,50,False,0.039520811289548874,346.9819030761719,17.293560028076172,366.78875732421875,37.628807067871094
empty,C:\Users\Light\Videos\空轨道.mp4,51,False,0.0374494269490242,346.9687194824219,17.30974006652832,366.78399658203125,37.64655685424805
empty,C:\Users\Light\Videos\空轨道.mp4,52,False,0.015330160968005657,402.5481872558594,39.19780349731445,424.2854919433594,59.75999069213867
empty,C:\Users\Light\Videos\空轨道.mp4,53,False,0.028488313779234886,346.1002502441406,17.116397857666016,365.9643249511719,37.54241180419922
empty,C:\Users\Light\Videos\空轨道.mp4,54,False,0.028115104883909225,346.1062316894531,17.125070571899414,365.9692687988281,37.545169830322266
empty,C:\Users\Light\Videos\空轨道.mp4,55,False,0.020899366587400436,345.59246826171875,17.17975425720215,365.5575866699219,37.784610748291016
empty,C:\Users\Light\Videos\空轨道.mp4,56,False,0.02506958693265915,345.4954833984375,17.33842658996582,365.491455078125,37.82145690917969
empty,C:\Users\Light\Videos\空轨道.mp4,57,False,0.024958902969956398,345.4906005859375,17.33981704711914,365.4848937988281,37.819034576416016
empty,C:\Users\Light\Videos\空轨道.mp4,58,False,0.02020830474793911,346.0711364746094,18.81842803955078,367.1732177734375,37.166015625
empty,C:\Users\Light\Videos\空轨道.mp4,59,False,0.018311209976673126,346.07049560546875,17.594789505004883,366.0964050292969,37.984275817871094
empty,C:\Users\Light\Videos\空轨道.mp4,60,False,0.01893255114555359,346.0632629394531,17.577354431152344,366.09027099609375,37.9669303894043
empty,C:\Users\Light\Videos\空轨道.mp4,61,False,0.0251301359385252,342.2037353515625,17.35608673095703,364.6299133300781,39.245338439941406
empty,C:\Users\Light\Videos\空轨道.mp4,62,False,0.031828731298446655,345.6366271972656,17.075429916381836,365.62921142578125,37.6812744140625
empty,C:\Users\Light\Videos\空轨道.mp4,63,False,0.01559676043689251,345.7216796875,17.658885955810547,365.7642822265625,37.95872497558594
empty,C:\Users\Light\Videos\空轨道.mp4,64,False,0.015077698975801468,345.7356872558594,17.653059005737305,365.7911071777344,37.95065689086914
empty,C:\Users\Light\Videos\空轨道.mp4,65,False,0.02875370718538761,345.5340576171875,17.109697341918945,365.5548400878906,37.4564208984375
empty,C:\Users\Light\Videos\空轨道.mp4,66,False,0.044400591403245926,345.9211120605469,17.179574966430664,365.9964294433594,37.69837188720703
empty,C:\Users\Light\Videos\空轨道.mp4,67,False,0.04395484924316406,345.9336242675781,17.184213638305664,365.9984130859375,37.69682693481445
empty,C:\Users\Light\Videos\空轨道.mp4,68,False,0.045491013675928116,346.28204345703125,17.499788284301758,366.2190856933594,37.8007926940918
empty,C:\Users\Light\Videos\空轨道.mp4,69,False,0.0324353463947773,345.86077880859375,17.29716682434082,365.85919189453125,37.88539505004883
empty,C:\Users\Light\Videos\空轨道.mp4,70,False,0.03227623552083969,345.8558349609375,17.311758041381836,365.8595275878906,37.89299392700195
empty,C:\Users\Light\Videos\空轨道.mp4,71,False,0.020355673506855965,345.7615051269531,18.604734420776367,366.8387451171875,36.93986129760742
empty,C:\Users\Light\Videos\空轨道.mp4,72,False,0.020097561180591583,345.74853515625,18.595949172973633,366.82159423828125,36.92910385131836
empty,C:\Users\Light\Videos\空轨道.mp4,73,False,0.02468358911573887,346.0290832519531,17.522804260253906,365.89739990234375,37.85594940185547
empty,C:\Users\Light\Videos\空轨道.mp4,74,False,0.02539621666073799,345.43853759765625,17.22623634338379,365.4964294433594,37.681339263916016
empty,C:\Users\Light\Videos\空轨道.mp4,75,False,0.024136725813150406,345.53448486328125,17.311174392700195,365.59014892578125,37.71321105957031
empty,C:\Users\Light\Videos\空轨道.mp4,76,False,0.02340887114405632,345.9704284667969,18.789920806884766,367.1134338378906,37.1696891784668
empty,C:\Users\Light\Videos\空轨道.mp4,77,False,0.021430648863315582,345.79339599609375,17.5153865814209,365.69842529296875,37.70576858520508
empty,C:\Users\Light\Videos\空轨道.mp4,78,False,0.0216447152197361,345.786865234375,17.515140533447266,365.70025634765625,37.70745086669922
empty,C:\Users\Light\Videos\空轨道.mp4,79,False,0.026438748463988304,345.8166198730469,17.61697769165039,365.88916015625,37.94541549682617
empty,C:\Users\Light\Videos\空轨道.mp4,80,False,0.0364469550549984,346.507568359375,17.48040199279785,366.49981689453125,37.73255157470703
empty,C:\Users\Light\Videos\空轨道.mp4,81,False,0.03640022501349449,346.4769592285156,17.45252227783203,366.48931884765625,37.728023529052734
empty,C:\Users\Light\Videos\空轨道.mp4,82,False,0.02225380577147007,346.06365966796875,17.541719436645508,365.9480895996094,37.90220642089844
empty,C:\Users\Light\Videos\空轨道.mp4,83,False,0.022397182881832123,346.0641784667969,17.54819679260254,365.96612548828125,37.904197692871094
empty,C:\Users\Light\Videos\空轨道.mp4,84,False,0.022078637033700943,346.120361328125,18.55538558959961,367.1251525878906,36.885986328125
empty,C:\Users\Light\Videos\空轨道.mp4,85,False,0.024178773164749146,345.7557067871094,18.700992584228516,366.8852233886719,37.06946563720703
empty,C:\Users\Light\Videos\空轨道.mp4,86,False,0.0175014641135931,346.0523681640625,17.770225524902344,365.9304504394531,38.019012451171875
empty,C:\Users\Light\Videos\空轨道.mp4,87,False,0.021722497418522835,346.0675964355469,17.357139587402344,365.83636474609375,37.66715621948242
empty,C:\Users\Light\Videos\空轨道.mp4,88,False,0.021506819874048233,346.07464599609375,17.361331939697266,365.83831787109375,37.668521881103516
empty,C:\Users\Light\Videos\空轨道.mp4,89,False,0.03564674034714699,343.32427978515625,17.73481559753418,365.0250549316406,39.0605583190918
empty,C:\Users\Light\Videos\空轨道.mp4,90,False,0.02217286266386509,346.04034423828125,17.750638961791992,366.037841796875,37.9417839050293
empty,C:\Users\Light\Videos\空轨道.mp4,91,False,0.020712418481707573,346.06951904296875,17.798934936523438,366.0551452636719,37.97147750854492
empty,C:\Users\Light\Videos\空轨道.mp4,92,False,0.01646784134209156,346.3562927246094,17.68486213684082,366.1647033691406,37.88922882080078
empty,C:\Users\Light\Videos\空轨道.mp4,93,False,0.014931787736713886,346.1919250488281,17.923721313476562,366.05352783203125,38.026878356933594
empty,C:\Users\Light\Videos\空轨道.mp4,94,False,0.014848074875772,346.1839599609375,17.923967361450195,366.0543518066406,38.03963088989258
empty,C:\Users\Light\Videos\空轨道.mp4,95,False,0.02281995117664337,346.25738525390625,17.4212589263916,366.1723327636719,37.825130462646484
empty,C:\Users\Light\Videos\空轨道.mp4,96,False,0.02281208336353302,346.26531982421875,17.409561157226562,366.1763916015625,37.81370162963867
empty,C:\Users\Light\Videos\空轨道.mp4,97,False,0.0370132252573967,345.74200439453125,17.332197189331055,365.82244873046875,37.76628112792969
empty,C:\Users\Light\Videos\空轨道.mp4,98,False,0.02925935387611389,346.3125915527344,18.920286178588867,367.439453125,37.25447082519531
empty,C:\Users\Light\Videos\空轨道.mp4,99,False,0.028782764449715614,346.28497314453125,18.924299240112305,367.4158935546875,37.2500114440918
empty,C:\Users\Light\Videos\空轨道.mp4,100,False,0.021306322887539864,346.05267333984375,18.756572723388672,367.0998840332031,37.028587341308594
empty,C:\Users\Light\Videos\空轨道.mp4,101,False,0.02304759807884693,342.61529541015625,17.625247955322266,364.9118347167969,39.299617767333984
empty,C:\Users\Light\Videos\空轨道.mp4,102,False,0.023084314540028572,342.5948486328125,17.611621856689453,364.8935852050781,39.29450988769531
empty,C:\Users\Light\Videos\空轨道.mp4,103,False,0.019575461745262146,346.1546325683594,19.0323429107666,367.1423034667969,37.25599670410156
empty,C:\Users\Light\Videos\空轨道.mp4,104,False,0.032005779445171356,346.2250061035156,17.568592071533203,366.2851867675781,37.863277435302734
empty,C:\Users\Light\Videos\空轨道.mp4,105,False,0.031126921996474266,346.2124938964844,17.566394805908203,366.2679138183594,37.86152648925781
empty,C:\Users\Light\Videos\空轨道.mp4,106,False,0.017430264502763748,346.1311340332031,17.51025390625,366.0188293457031,37.9029655456543
empty,C:\Users\Light\Videos\空轨道.mp4,107,False,0.017146045342087746,346.14837646484375,17.551738739013672,366.0252685546875,37.898956298828125
empty,C:\Users\Light\Videos\空轨道.mp4,108,False,0.03258434310555458,345.7608947753906,18.150501251220703,367.04229736328125,36.698402404785156
empty,C:\Users\Light\Videos\空轨道.mp4,109,False,0.018133830279111862,346.1361389160156,17.716394424438477,366.1202697753906,37.966121673583984
empty,C:\Users\Light\Videos\空轨道.mp4,110,False,0.021192241460084915,346.0436096191406,18.635461807250977,367.1435852050781,36.94718933105469
empty,C:\Users\Light\Videos\空轨道.mp4,111,False,0.02397114224731922,345.9403991699219,17.23479652404785,365.8021240234375,37.57475280761719
empty,C:\Users\Light\Videos\空轨道.mp4,112,False,0.023700512945652008,345.95379638671875,17.24163246154785,365.8098449707031,37.57903289794922
empty,C:\Users\Light\Videos\空轨道.mp4,113,False,0.023616701364517212,346.6009521484375,17.374868392944336,366.5209045410156,37.64597702026367
empty,C:\Users\Light\Videos\空轨道.mp4,114,False,0.020808020606637,345.91058349609375,17.49458885192871,365.9205017089844,37.76686096191406
empty,C:\Users\Light\Videos\空轨道.mp4,115,False,0.02090425230562687,345.9128112792969,17.497682571411133,365.9202575683594,37.7685661315918
empty,C:\Users\Light\Videos\空轨道.mp4,116,False,0.031026961281895638,346.1259460449219,17.546403884887695,366.2474060058594,37.77640914916992
empty,C:\Users\Light\Videos\空轨道.mp4,117,False,0.031192928552627563,346.2391052246094,17.57379150390625,366.3525390625,37.79514694213867
empty,C:\Users\Light\Videos\空轨道.mp4,118,False,0.03139132261276245,346.42962646484375,17.197616577148438,366.3699951171875,37.5723991394043
empty,C:\Users\Light\Videos\空轨道.mp4,119,False,0.03620964288711548,342.6102294921875,17.298288345336914,364.8493347167969,38.92573165893555
empty,C:\Users\Light\Videos\空轨道.mp4,120,False,0.03573043271899223,342.5892639160156,17.29024314880371,364.84014892578125,38.935211181640625
empty,C:\Users\Light\Videos\空轨道.mp4,121,False,0.04107818007469177,346.6352233886719,17.42242431640625,366.5133972167969,37.63239288330078
empty,C:\Users\Light\Videos\空轨道.mp4,122,False,0.02451055496931076,402.8881530761719,39.75510787963867,424.31072998046875,59.48789596557617
empty,C:\Users\Light\Videos\空轨道.mp4,123,False,0.024372806772589684,402.8836364746094,39.74995422363281,424.3128356933594,59.47422409057617
empty,C:\Users\Light\Videos\空轨道.mp4,124,False,0.028923064470291138,346.3724670410156,17.414289474487305,366.36834716796875,37.676300048828125
empty,C:\Users\Light\Videos\空轨道.mp4,125,False,0.02455659955739975,345.92193603515625,18.973491668701172,367.0927734375,37.201759338378906
empty,C:\Users\Light\Videos\空轨道.mp4,126,False,0.024516994133591652,345.9211120605469,18.978466033935547,367.09039306640625,37.207496643066406
empty,C:\Users\Light\Videos\空轨道.mp4,127,False,0.01813233084976673,402.77044677734375,38.81949996948242,424.1309814453125,59.097782135009766
empty,C:\Users\Light\Videos\空轨道.mp4,128,False,0.017993096262216568,402.7747497558594,38.81358337402344,424.1243591308594,59.09612274169922
empty,C:\Users\Light\Videos\空轨道.mp4,129,False,0.01938994787633419,345.75006103515625,18.725465774536133,366.88934326171875,36.992191314697266
empty,C:\Users\Light\Videos\空轨道.mp4,130,False,0.016887931153178215,346.28277587890625,17.51841163635254,366.25201416015625,37.68472671508789
empty,C:\Users\Light\Videos\空轨道.mp4,131,False,0.017748313024640083,346.22088623046875,17.484235763549805,366.18927001953125,37.6688346862793
empty,C:\Users\Light\Videos\空轨道.mp4,132,False,0.01928158663213253,402.7767639160156,39.62173843383789,424.1862487792969,59.46707534790039
empty,C:\Users\Light\Videos\空轨道.mp4,133,False,0.020839422941207886,402.84588623046875,39.196327209472656,424.11480712890625,59.451026916503906
empty,C:\Users\Light\Videos\空轨道.mp4,134,False,0.015311059542000294,402.7257080078125,38.89986801147461,424.08624267578125,59.514854431152344
empty,C:\Users\Light\Videos\空轨道.mp4,135,False,0.017320550978183746,402.8574523925781,38.81132125854492,424.15020751953125,59.4188232421875
empty,C:\Users\Light\Videos\空轨道.mp4,136,False,0.017322963103652,402.8630065917969,38.804283142089844,424.1491394042969,59.417301177978516
empty,C:\Users\Light\Videos\空轨道.mp4,137,False,0.03572578355669975,402.7574157714844,39.996925354003906,424.60247802734375,59.7711296081543
empty,C:\Users\Light\Videos\空轨道.mp4,138,False,0.03328181058168411,346.2254943847656,17.252254486083984,366.2768249511719,37.57396697998047
empty,C:\Users\Light\Videos\空轨道.mp4,139,False,0.032947342842817307,346.240966796875,17.25214385986328,366.2856750488281,37.576454162597656
empty,C:\Users\Light\Videos\空轨道.mp4,140,False,0.019804324954748154,345.5384521484375,17.4110164642334,365.6999816894531,37.69700622558594
empty,C:\Users\Light\Videos\空轨道.mp4,141,False,0.019551722332835197,345.66302490234375,17.436386108398438,365.7782287597656,37.710227966308594
empty,C:\Users\Light\Videos\空轨道.mp4,142,False,0.013249865733087063,403.0368957519531,39.81312942504883,424.3919372558594,59.822383880615234
empty,C:\Users\Light\Videos\空轨道.mp4,143,False,0.030842941254377365,403.0159606933594,39.667144775390625,424.75341796875,59.537445068359375
empty,C:\Users\Light\Videos\空轨道.mp4,144,False,0.03149128332734108,403.0010986328125,39.66364669799805,424.7524108886719,59.53726577758789
empty,C:\Users\Light\Videos\空轨道.mp4,145,False,0.028494926169514656,346.6929931640625,17.35702896118164,366.60528564453125,37.58999252319336
empty,C:\Users\Light\Videos\空轨道.mp4,146,False,0.03330574184656143,402.6368713378906,39.866851806640625,424.631103515625,59.916893005371094
empty,C:\Users\Light\Videos\空轨道.mp4,147,False,0.03326538950204849,402.6400146484375,39.85979080200195,424.6296691894531,59.91261291503906
empty,C:\Users\Light\Videos\空轨道.mp4,148,False,0.03295178338885307,346.0757141113281,17.243648529052734,366.091064453125,37.64716339111328
empty,C:\Users\Light\Videos\空轨道.mp4,149,False,0.03212525695562363,402.6744079589844,39.148075103759766,424.5954895019531,59.51375961303711
empty,C:\Users\Light\Videos\空轨道.mp4,150,False,0.031779732555150986,402.6762390136719,39.17108917236328,424.59417724609375,59.5244026184082
empty,C:\Users\Light\Videos\空轨道.mp4,151,False,0.03047398291528225,402.71728515625,38.70273971557617,424.3372497558594,59.74094009399414
empty,C:\Users\Light\Videos\空轨道.mp4,152,False,0.02861359342932701,402.72979736328125,38.69375228881836,424.3247375488281,59.75898361206055
empty,C:\Users\Light\Videos\空轨道.mp4,153,False,0.023114139214158058,402.87103271484375,38.5260009765625,424.71160888671875,60.08042907714844
empty,C:\Users\Light\Videos\空轨道.mp4,154,False,0.0357653945684433,401.8843688964844,41.50608444213867,425.3794250488281,60.52565383911133
empty,C:\Users\Light\Videos\空轨道.mp4,155,False,0.03606221824884415,401.8888854980469,41.481388092041016,425.3892517089844,60.512386322021484
empty,C:\Users\Light\Videos\空轨道.mp4,156,False,0.031218046322464943,402.66656494140625,38.6383056640625,424.57427978515625,60.05409622192383
empty,C:\Users\Light\Videos\空轨道.mp4,157,False,0.01984715647995472,402.62518310546875,38.657020568847656,424.5972595214844,60.26285934448242
empty,C:\Users\Light\Videos\空轨道.mp4,158,False,0.016317427158355713,346.0294189453125,17.528385162353516,366.0992431640625,37.937278747558594
empty,C:\Users\Light\Videos\空轨道.mp4,159,False,0.026926150545477867,346.65863037109375,17.38506507873535,366.5708312988281,37.692928314208984
empty,C:\Users\Light\Videos\空轨道.mp4,160,False,0.027096111327409744,346.6631774902344,17.381120681762695,366.57696533203125,37.6915397644043
empty,C:\Users\Light\Videos\空轨道.mp4,161,False,0.0157531276345253,346.3231506347656,17.55819320678711,366.20452880859375,37.87945556640625
empty,C:\Users\Light\Videos\空轨道.mp4,162,False,0.014371131546795368,402.10595703125,38.25072479248047,424.5375671386719,60.27785110473633
empty,C:\Users\Light\Videos\空轨道.mp4,163,False,0.023956358432769775,346.3651428222656,17.910947799682617,366.37908935546875,37.9611701965332
empty,C:\Users\Light\Videos\空轨道.mp4,164,False,0.031880252063274384,346.27789306640625,18.077486038208008,366.4330749511719,38.18230056762695
empty,C:\Users\Light\Videos\空轨道.mp4,165,False,0.031937263906002045,346.2333984375,18.056665420532227,366.4010925292969,38.176944732666016
empty,C:\Users\Light\Videos\空轨道.mp4,166,False,0.03663618862628937,347.0960693359375,18.171367645263672,367.2414855957031,38.21867370605469
empty,C:\Users\Light\Videos\空轨道.mp4,167,False,0.038473132997751236,346.6746826171875,18.016639709472656,366.89886474609375,38.05390548706055
empty,C:\Users\Light\Videos\空轨道.mp4,168,False,0.039833229035139084,346.6800842285156,18.021076202392578,366.91351318359375,38.05507278442383
empty,C:\Users\Light\Videos\空轨道.mp4,169,False,0.03503793850541115,347.2120666503906,18.230533599853516,367.5130920410156,38.3813362121582
empty,C:\Users\Light\Videos\空轨道.mp4,170,False,0.05264800414443016,348.2496337890625,18.12333869934082,368.6148681640625,38.17499542236328
empty,C:\Users\Light\Videos\空轨道.mp4,171,False,0.053598836064338684,348.1909484863281,18.107181549072266,368.5663146972656,38.167442321777344
empty,C:\Users\Light\Videos\空轨道.mp4,172,False,0.01843884587287903,347.6297302246094,18.6903018951416,367.832275390625,38.379478454589844
empty,C:\Users\Light\Videos\空轨道.mp4,173,False,0.0211884044110775,347.6492614746094,18.714685440063477,367.8516540527344,38.37033462524414
empty,C:\Users\Light\Videos\空轨道.mp4,174,False,0.018410399556159973,418.5216369628906,36.29533386230469,442.51763916015625,56.71175765991211
empty,C:\Users\Light\Videos\空轨道.mp4,175,False,0.008455040864646435,346.2366943359375,18.060945510864258,367.1390380859375,37.582977294921875
empty,C:\Users\Light\Videos\空轨道.mp4,176,False,0.007457210682332516,346.22576904296875,18.106664657592773,367.18115234375,37.61184310913086
empty,C:\Users\Light\Videos\空轨道.mp4,177,False,0.008863029070198536,346.62738037109375,18.250255584716797,367.6223449707031,37.66547393798828
empty,C:\Users\Light\Videos\空轨道.mp4,178,False,0.021727748215198517,379.4872131347656,22.90728759765625,409.51959228515625,47.72010040283203
empty,C:\Users\Light\Videos\空轨道.mp4,179,False,0.021181924268603325,379.5335998535156,22.91705894470215,409.50286865234375,47.72709274291992
empty,C:\Users\Light\Videos\空轨道.mp4,180,False,0.005880766548216343,379.6078796386719,27.30461883544922,408.88201904296875,50.79439926147461
empty,C:\Users\Light\Videos\空轨道.mp4,181,False,0.005979285575449467,435.0334167480469,21.88201332092285,458.8284606933594,48.75483322143555
empty,C:\Users\Light\Videos\空轨道.mp4,182,False,0.0068876659497618675,430.2244873046875,18.8279972076416,463.4178466796875,44.23753356933594
empty,C:\Users\Light\Videos\空轨道.mp4,183,False,0.010159903205931187,450.3893127441406,36.38603210449219,469.0,57.25798797607422
empty,C:\Users\Light\Videos\空轨道.mp4,184,False,0.009757108055055141,450.3900451660156,36.36052703857422,469.0,57.260990142822266
empty,C:\Users\Light\Videos\空轨道.mp4,185,False,0.0066838497295975685,0.0,41.367244720458984,18.233013153076172,59.42034912109375
empty,C:\Users\Light\Videos\空轨道.mp4,186,False,0.006690109148621559,0.0,41.365543365478516,18.238353729248047,59.420928955078125
empty,C:\Users\Light\Videos\空轨道.mp4,187,False,0.006494141183793545,0.0,39.5162467956543,22.323741912841797,57.558860778808594
empty,C:\Users\Light\Videos\空轨道.mp4,188,False,0.010710873641073704,0.0,41.294227600097656,18.64988899230957,59.4290885925293
empty,C:\Users\Light\Videos\空轨道.mp4,189,False,0.010974770411849022,0.0,41.27215576171875,18.695533752441406,59.42861557006836
empty,C:\Users\Light\Videos\空轨道.mp4,190,False,0.010837387293577194,0.0,41.4796142578125,18.43602752685547,59.46382522583008
empty,C:\Users\Light\Videos\空轨道.mp4,191,False,0.01305104698985815,0.0,41.3934440612793,18.69773292541504,59.47774124145508
empty,C:\Users\Light\Videos\空轨道.mp4,192,False,0.013113541528582573,0.0,41.396583557128906,18.701919555664062,59.47191619873047
empty,C:\Users\Light\Videos\空轨道.mp4,193,False,0.014711376279592514,0.0,41.271636962890625,19.166706085205078,59.29511260986328
empty,C:\Users\Light\Videos\空轨道.mp4,194,False,0.009029299952089787,0.0,41.659332275390625,17.837888717651367,59.52637481689453
empty,C:\Users\Light\Videos\空轨道.mp4,195,False,0.008931191638112068,0.0,41.65525436401367,17.82087516784668,59.55062484741211
empty,C:\Users\Light\Videos\空轨道.mp4,196,False,0.016346970573067665,0.0,41.488399505615234,18.974437713623047,59.262794494628906
empty,C:\Users\Light\Videos\空轨道.mp4,197,False,0.016286442056298256,0.0,41.4885139465332,18.97782325744629,59.27940368652344
empty,C:\Users\Light\Videos\空轨道.mp4,198,False,0.010825435630977154,0.0,41.497947692871094,18.499637603759766,59.549259185791016
empty,C:\Users\Light\Videos\空轨道.mp4,199,False,0.009960075840353966,0.0,41.6446533203125,18.298179626464844,59.35468292236328
empty,C:\Users\Light\Videos\空轨道.mp4,200,False,0.009728067554533482,0.0,41.67416763305664,18.260726928710938,59.35452651977539
empty,C:\Users\Light\Videos\空轨道.mp4,201,False,0.012948502786457539,0.0,41.39875411987305,18.543081283569336,59.39520263671875
empty,C:\Users\Light\Videos\空轨道.mp4,202,False,0.008312859572470188,0.0,41.56977844238281,18.19507598876953,59.49060821533203
empty,C:\Users\Light\Videos\空轨道.mp4,203,False,0.008381165564060211,0.0,41.57329559326172,18.20945167541504,59.48897171020508
empty,C:\Users\Light\Videos\空轨道.mp4,204,False,0.008425719104707241,0.0,41.222938537597656,18.2751522064209,59.53672790527344
empty,C:\Users\Light\Videos\空轨道.mp4,205,False,0.010088701732456684,0.0,41.38396453857422,18.422883987426758,59.46405029296875
empty,C:\Users\Light\Videos\空轨道.mp4,206,False,0.008560007438063622,0.0,41.26973342895508,18.60472869873047,59.338748931884766
empty,C:\Users\Light\Videos\空轨道.mp4,207,False,0.008438325487077236,0.0,41.27056121826172,18.61553382873535,59.32958221435547
empty,C:\Users\Light\Videos\空轨道.mp4,208,False,0.009101330302655697,0.0,41.22869873046875,18.404287338256836,59.38556671142578
empty,C:\Users\Light\Videos\空轨道.mp4,209,False,0.004824356641620398,448.8782043457031,34.53377914428711,469.0,59.3454704284668
empty,C:\Users\Light\Videos\空轨道.mp4,210,False,0.0048211985267698765,448.87310791015625,34.533016204833984,469.0,59.346412658691406
empty,C:\Users\Light\Videos\空轨道.mp4,211,False,0.006141496356576681,433.4727783203125,17.237598419189453,464.0253601074219,45.5665283203125
empty,C:\Users\Light\Videos\空轨道.mp4,212,False,0.0045408690348267555,435.0252685546875,21.55709457397461,457.94561767578125,49.46944046020508
empty,C:\Users\Light\Videos\空轨道.mp4,213,False,0.004543074406683445,435.0238952636719,21.563413619995117,457.9381408691406,49.474281311035156
empty,C:\Users\Light\Videos\空轨道.mp4,214,False,0.01319874357432127,346.05126953125,16.180925369262695,367.9854736328125,34.00197982788086
empty,C:\Users\Light\Videos\空轨道.mp4,215,False,0.03222127631306648,346.96234130859375,19.191553115844727,368.3979187011719,37.2475700378418
empty,C:\Users\Light\Videos\空轨道.mp4,216,False,0.03203156217932701,346.9225769042969,19.160648345947266,368.3575439453125,37.22374725341797
empty,C:\Users\Light\Videos\空轨道.mp4,217,False,0.026673847809433937,348.084228515625,19.527006149291992,369.41998291015625,37.46746826171875
empty,C:\Users\Light\Videos\空轨道.mp4,218,False,0.02557421661913395,348.031982421875,19.533639907836914,369.362060546875,37.45648956298828
empty,C:\Users\Light\Videos\空轨道.mp4,219,False,0.015018945559859276,348.2370910644531,19.745763778686523,369.363037109375,37.62948226928711
empty,C:\Users\Light\Videos\空轨道.mp4,220,False,0.03857002779841423,414.7540588378906,34.90634536743164,440.8133544921875,55.1478271484375
empty,C:\Users\Light\Videos\空轨道.mp4,221,False,0.03714499622583389,414.77716064453125,35.05735397338867,440.83770751953125,55.250919342041016
empty,C:\Users\Light\Videos\空轨道.mp4,222,False,0.054508429020643234,413.221435546875,33.7261848449707,439.73345947265625,54.291378021240234
empty,C:\Users\Light\Videos\空轨道.mp4,223,False,0.015216685831546783,412.59295654296875,35.43857192993164,438.9473571777344,54.922950744628906
empty,C:\Users\Light\Videos\空轨道.mp4,224,False,0.015125998295843601,412.6174621582031,35.44430923461914,438.9568176269531,54.92518997192383
empty,C:\Users\Light\Videos\空轨道.mp4,225,False,0.01418297365307808,348.8356628417969,20.4252986907959,369.61175537109375,38.260337829589844
empty,C:\Users\Light\Videos\空轨道.mp4,226,False,0.008868711069226265,352.6339416503906,21.31532096862793,373.2358093261719,38.7623291015625
empty,C:\Users\Light\Videos\空轨道.mp4,227,False,0.008397872559726238,352.73663330078125,21.337709426879883,373.3073425292969,38.772483825683594
empty,C:\Users\Light\Videos\空轨道.mp4,228,False,0.00695418007671833,347.1492004394531,18.309600830078125,367.5639953613281,38.08026123046875
empty,C:\Users\Light\Videos\空轨道.mp4,229,False,0.013496105559170246,346.8575439453125,17.918006896972656,366.9506530761719,37.91179656982422
empty,C:\Users\Light\Videos\空轨道.mp4,230,False,0.02947532944381237,346.0655212402344,17.163999557495117,366.0423583984375,37.469398498535156
empty,C:\Users\Light\Videos\空轨道.mp4,231,False,0.029233813285827637,346.06182861328125,17.176504135131836,366.03729248046875,37.4748649597168
empty,C:\Users\Light\Videos\空轨道.mp4,232,False,0.018342522904276848,403.0713195800781,38.448123931884766,425.2768249511719,59.02232360839844
empty,C:\Users\Light\Videos\空轨道.mp4,233,False,0.01487355399876833,346.4954528808594,17.421056747436523,366.70501708984375,37.50673294067383
empty,C:\Users\Light\Videos\空轨道.mp4,234,False,0.014733841642737389,346.4859313964844,17.424396514892578,366.7001953125,37.5114631652832
empty,C:\Users\Light\Videos\空轨道.mp4,235,False,0.01899982988834381,402.9816589355469,37.9718132019043,425.3955078125,58.92041778564453
empty,C:\Users\Light\Videos\空轨道.mp4,236,False,0.026700612157583237,346.9028625488281,17.12070083618164,366.7915954589844,37.194007873535156
empty,C:\Users\Light\Videos\空轨道.mp4,237,False,0.024679116904735565,346.9815673828125,17.179372787475586,366.8433532714844,37.22273635864258
empty,C:\Users\Light\Videos\空轨道.mp4,238,False,0.026326265186071396,402.93701171875,38.43185043334961,425.691162109375,58.94379425048828
empty,C:\Users\Light\Videos\空轨道.mp4,239,False,0.02640688419342041,346.7663269042969,17.3201847076416,366.72607421875,37.444454193115234
empty,C:\Users\Light\Videos\空轨道.mp4,240,False,0.025886841118335724,346.7225341796875,17.311220169067383,366.6954650878906,37.445350646972656
empty,C:\Users\Light\Videos\空轨道.mp4,241,False,0.027563227340579033,346.7466125488281,17.321775436401367,366.716796875,37.51300811767578
empty,C:\Users\Light\Videos\空轨道.mp4,242,False,0.027449265122413635,346.7485046386719,17.325876235961914,366.7062072753906,37.51218032836914
empty,C:\Users\Light\Videos\空轨道.mp4,243,False,0.04737795144319534,346.24688720703125,17.078813552856445,366.36474609375,37.32670211791992
empty,C:\Users\Light\Videos\空轨道.mp4,244,False,0.01679358445107937,403.071533203125,37.8912467956543,425.7548522949219,59.4886589050293
empty,C:\Users\Light\Videos\空轨道.mp4,245,False,0.01669255644083023,403.0584716796875,37.91132736206055,425.7677307128906,59.500221252441406
empty,C:\Users\Light\Videos\空轨道.mp4,246,False,0.02270682528614998,346.19140625,17.323522567749023,366.1474609375,37.406150817871094
empty,C:\Users\Light\Videos\空轨道.mp4,247,False,0.026009831577539444,346.7119445800781,17.378767013549805,366.6573791503906,37.45588302612305
empty,C:\Users\Light\Videos\空轨道.mp4,248,False,0.02731447108089924,346.712158203125,17.363393783569336,366.65802001953125,37.446067810058594
empty,C:\Users\Light\Videos\空轨道.mp4,249,False,0.05018332973122597,346.3578186035156,17.106782913208008,366.4212341308594,37.31675338745117
empty,C:\Users\Light\Videos\空轨道.mp4,250,False,0.022640686482191086,347.1302490234375,17.594655990600586,367.06903076171875,37.534210205078125
empty,C:\Users\Light\Videos\空轨道.mp4,251,False,0.02265964075922966,347.128173828125,17.588022232055664,367.06915283203125,37.535240173339844
empty,C:\Users\Light\Videos\空轨道.mp4,252,False,0.0353323258459568,347.277099609375,17.72892189025879,367.19964599609375,37.64866638183594
empty,C:\Users\Light\Videos\空轨道.mp4,253,False,0.022241657599806786,346.64154052734375,19.89791488647461,367.57806396484375,37.84599685668945
empty,C:\Users\Light\Videos\空轨道.mp4,254,False,0.05512043461203575,347.7052917480469,18.729028701782227,368.30426025390625,38.728824615478516
empty,C:\Users\Light\Videos\空轨道.mp4,255,False,0.058026473969221115,347.7403564453125,18.680374145507812,368.3470153808594,38.68998718261719
empty,C:\Users\Light\Videos\空轨道.mp4,256,False,0.1099063977599144,348.1932067871094,18.372777938842773,368.9859924316406,38.4730224609375
empty,C:\Users\Light\Videos\空轨道.mp4,257,False,0.02823948673903942,415.141845703125,37.809173583984375,446.84161376953125,57.59812545776367
empty,C:\Users\Light\Videos\空轨道.mp4,258,False,0.028841305524110794,415.16070556640625,37.81618881225586,446.8538513183594,57.61365509033203
empty,C:\Users\Light\Videos\空轨道.mp4,259,False,0.029810642823576927,420.31884765625,39.745513916015625,455.17218017578125,59.39641189575195
empty,C:\Users\Light\Videos\空轨道.mp4,260,False,0.030460087582468987,425.8843078613281,40.482601165771484,462.82476806640625,59.51709747314453
empty,C:\Users\Light\Videos\空轨道.mp4,261,False,0.029259754344820976,425.7970275878906,40.40877914428711,462.8730163574219,59.48899459838867
empty,C:\Users\Light\Videos\空轨道.mp4,262,False,0.022408219054341316,346.5951232910156,16.55866813659668,367.54901123046875,33.44996643066406
empty,C:\Users\Light\Videos\空轨道.mp4,263,False,0.022349420934915543,346.61114501953125,16.579421997070312,367.55615234375,33.44440841674805
empty,C:\Users\Light\Videos\空轨道.mp4,264,False,0.009809009730815887,448.68017578125,35.321449279785156,469.0,57.078697204589844
empty,C:\Users\Light\Videos\空轨道.mp4,265,False,0.006681686732918024,212.8903350830078,0.0,469.0,109.0
empty,C:\Users\Light\Videos\空轨道.mp4,266,False,0.006604649126529694,212.7669219970703,0.0,469.0,109.0
empty,C:\Users\Light\Videos\空轨道.mp4,267,False,0.005409447476267815,211.371337890625,0.0,469.0,109.0
empty,C:\Users\Light\Videos\空轨道.mp4,268,False,0.007510232739150524,0.0,41.583984375,18.299449920654297,59.690650939941406
empty,C:\Users\Light\Videos\空轨道.mp4,269,False,0.007910562679171562,0.0,41.56713104248047,18.349870681762695,59.68598937988281
empty,C:\Users\Light\Videos\空轨道.mp4,270,False,0.012455855496227741,453.64910888671875,35.06367492675781,469.0,59.08339309692383
empty,C:\Users\Light\Videos\空轨道.mp4,271,False,0.007648704573512077,0.0,39.68953323364258,22.670520782470703,57.175270080566406
empty,C:\Users\Light\Videos\空轨道.mp4,272,False,0.007705834228545427,0.0,39.692222595214844,22.66695785522461,57.17266845703125
empty,C:\Users\Light\Videos\空轨道.mp4,273,False,0.024226602166891098,449.2228088378906,11.5127534866333,469.0,39.556922912597656
empty,C:\Users\Light\Videos\空轨道.mp4,274,False,0.009824827313423157,0.0,40.02973556518555,22.347623825073242,57.03452682495117
empty,C:\Users\Light\Videos\空轨道.mp4,275,False,0.00983060896396637,0.0,40.0290412902832,22.346248626708984,57.04024124145508
empty,C:\Users\Light\Videos\空轨道.mp4,276,False,0.038517046719789505,446.5874328613281,20.92856788635254,469.0,42.53759002685547
empty,C:\Users\Light\Videos\空轨道.mp4,277,False,0.03713561221957207,446.7735290527344,21.107566833496094,469.0,42.80327606201172
empty,C:\Users\Light\Videos\空轨道.mp4,278,False,0.04984147846698761,446.8440856933594,20.948715209960938,469.0,42.99260711669922
empty,C:\Users\Light\Videos\空轨道.mp4,279,False,0.049243081361055374,446.8194580078125,20.95953941345215,469.0,42.989131927490234
empty,C:\Users\Light\Videos\空轨道.mp4,280,False,0.030187776312232018,436.7289733886719,16.019855499267578,463.9696044921875,38.82241439819336
empty,C:\Users\Light\Videos\空轨道.mp4,281,False,0.05284218490123749,446.9675598144531,20.697999954223633,469.0,42.88536834716797
empty,C:\Users\Light\Videos\空轨道.mp4,282,False,0.05385219678282738,446.9573059082031,20.683746337890625,469.0,42.898006439208984
empty,C:\Users\Light\Videos\空轨道.mp4,283,False,0.0560791939496994,446.896484375,20.7098331451416,469.0,42.94318771362305
empty,C:\Users\Light\Videos\空轨道.mp4,284,False,0.04795531928539276,446.869384765625,20.83273696899414,469.0,42.92194366455078
empty,C:\Users\Light\Videos\空轨道.mp4,285,False,0.048031311482191086,446.8667907714844,20.82977867126465,469.0,42.91849136352539
empty,C:\Users\Light\Videos\空轨道.mp4,286,False,0.04599751904606819,446.70648193359375,20.491165161132812,469.0,42.506683349609375
empty,C:\Users\Light\Videos\空轨道.mp4,287,False,0.04607577994465828,446.7077331542969,20.50593376159668,469.0,42.52069091796875
empty,C:\Users\Light\Videos\空轨道.mp4,288,False,0.017089594155550003,0.08020740747451782,41.378990173339844,22.153358459472656,60.009361267089844
empty,C:\Users\Light\Videos\空轨道.mp4,289,False,0.07212900370359421,446.9058532714844,16.108604431152344,469.0,43.53310012817383
empty,C:\Users\Light\Videos\空轨道.mp4,290,False,0.07217308133840561,446.9066467285156,16.1165828704834,469.0,43.532203674316406
empty,C:\Users\Light\Videos\空轨道.mp4,291,False,0.03631390258669853,445.6538391113281,15.752667427062988,469.0,44.24116516113281
empty,C:\Users\Light\Videos\空轨道.mp4,292,False,0.017333729192614555,0.0,40.22868347167969,21.962650299072266,56.99653625488281
empty,C:\Users\Light\Videos\空轨道.mp4,293,False,0.01710956171154976,0.0,40.22388458251953,21.979877471923828,57.010658264160156
empty,C:\Users\Light\Videos\空轨道.mp4,294,False,0.010326161049306393,0.0,39.769832611083984,22.409446716308594,56.85673522949219
empty,C:\Users\Light\Videos\空轨道.mp4,295,False,0.01086775679141283,0.0,41.38734817504883,18.47673797607422,59.4487419128418
empty,C:\Users\Light\Videos\空轨道.mp4,296,False,0.010974953882396221,0.0,41.393062591552734,18.48101234436035,59.4438362121582
empty,C:\Users\Light\Videos\空轨道.mp4,297,False,0.005223747808486223,0.0,44.126373291015625,10.857917785644531,61.089569091796875
empty,C:\Users\Light\Videos\空轨道.mp4,298,False,0.004966201260685921,0.0,44.1209716796875,10.932722091674805,61.043556213378906
empty,C:\Users\Light\Videos\空轨道.mp4,299,False,0.006075518671423197,212.25213623046875,0.0,469.0,109.0
empty,C:\Users\Light\Videos\空轨道.mp4,300,False,0.005946412216871977,429.13226318359375,18.711322784423828,461.8299560546875,45.01198196411133
empty,C:\Users\Light\Videos\空轨道.mp4,301,False,0.00820157676935196,346.705322265625,16.41037368774414,367.93115234375,34.116233825683594
empty,C:\Users\Light\Videos\空轨道.mp4,302,False,0.02294912561774254,379.0907287597656,22.045503616333008,408.1689147949219,47.395381927490234
empty,C:\Users\Light\Videos\空轨道.mp4,303,False,0.02276691421866417,379.16033935546875,22.04572868347168,408.0859375,47.403045654296875
empty,C:\Users\Light\Videos\空轨道.mp4,304,False,0.011651724576950073,348.2484436035156,19.436779022216797,369.1116943359375,37.08436965942383
empty,C:\Users\Light\Videos\空轨道.mp4,305,False,0.018244128674268723,343.3223876953125,17.643266677856445,364.5336608886719,37.37538146972656
empty,C:\Users\Light\Videos\空轨道.mp4,306,False,0.020183609798550606,343.2240295410156,17.62661361694336,364.4869384765625,37.38423538208008
empty,C:\Users\Light\Videos\空轨道.mp4,307,False,0.03182635456323624,414.01544189453125,34.151039123535156,439.69964599609375,54.246036529541016
empty,C:\Users\Light\Videos\空轨道.mp4,308,False,0.03178642317652702,414.0321044921875,34.15565490722656,439.6978454589844,54.252986907958984
empty,C:\Users\Light\Videos\空轨道.mp4,309,False,0.02103286050260067,347.8396911621094,20.306541442871094,368.72900390625,38.46811294555664
empty,C:\Users\Light\Videos\空轨道.mp4,310,False,0.025386517867445946,347.7180480957031,20.20891761779785,368.718017578125,38.557132720947266
empty,C:\Users\Light\Videos\空轨道.mp4,311,False,0.025229163467884064,347.7310485839844,20.218082427978516,368.7211608886719,38.56446075439453
empty,C:\Users\Light\Videos\空轨道.mp4,312,False,0.03681277111172676,347.87664794921875,19.975502014160156,368.9954528808594,38.41062927246094
empty,C:\Users\Light\Videos\空轨道.mp4,313,False,0.03569655492901802,348.0838928222656,18.631853103637695,367.9617919921875,38.24066162109375
empty,C:\Users\Light\Videos\空轨道.mp4,314,False,0.03545670583844185,348.1026916503906,18.626697540283203,367.9786682128906,38.23461151123047
empty,C:\Users\Light\Videos\空轨道.mp4,315,False,0.024454940110445023,347.70831298828125,18.59173583984375,367.51263427734375,38.38315200805664
empty,C:\Users\Light\Videos\空轨道.mp4,316,False,0.02785542979836464,347.8105773925781,18.771453857421875,367.6214904785156,38.39097213745117
empty,C:\Users\Light\Videos\空轨道.mp4,317,False,0.0266354288905859,347.8139343261719,18.766992568969727,367.6145935058594,38.393821716308594
empty,C:\Users\Light\Videos\空轨道.mp4,318,False,0.02082446776330471,347.2543640136719,18.140260696411133,366.9905700683594,37.98075485229492
empty,C:\Users\Light\Videos\空轨道.mp4,319,False,0.019707372412085533,347.0046081542969,18.219058990478516,366.7415771484375,38.02665328979492
empty,C:\Users\Light\Videos\空轨道.mp4,320,False,0.020188644528388977,347.0237121582031,18.208412170410156,366.76751708984375,38.022823333740234
empty,C:\Users\Light\Videos\空轨道.mp4,321,False,0.02312518283724785,346.3397216796875,18.079883575439453,366.33203125,38.128849029541016
empty,C:\Users\Light\Videos\空轨道.mp4,322,False,0.024193523451685905,346.29901123046875,18.008392333984375,366.30450439453125,38.09738540649414
empty,C:\Users\Light\Videos\空轨道.mp4,323,False,0.017782285809516907,346.48565673828125,18.16399383544922,366.28326416015625,38.10197830200195
empty,C:\Users\Light\Videos\空轨道.mp4,324,False,0.01765330694615841,346.0065002441406,18.053707122802734,365.8757629394531,38.00249481201172
empty,C:\Users\Light\Videos\空轨道.mp4,325,False,0.017275262624025345,346.7274475097656,17.901668548583984,366.61358642578125,37.792457580566406
empty,C:\Users\Light\Videos\空轨道.mp4,326,False,0.024153009057044983,342.2676696777344,18.073854446411133,364.2578430175781,39.3567008972168
empty,C:\Users\Light\Videos\空轨道.mp4,327,False,0.023202240467071533,342.299072265625,18.123092651367188,364.2604675292969,39.367122650146484
empty,C:\Users\Light\Videos\空轨道.mp4,328,False,0.01788555085659027,346.4648742675781,18.09559440612793,366.2755432128906,38.03972244262695
empty,C:\Users\Light\Videos\空轨道.mp4,329,False,0.02260829694569111,346.56414794921875,18.064374923706055,366.3161926269531,37.93077850341797
empty,C:\Users\Light\Videos\空轨道.mp4,330,False,0.022938622161746025,346.5484924316406,18.040552139282227,366.3282165527344,37.94142532348633
empty,C:\Users\Light\Videos\空轨道.mp4,331,False,0.03246987238526344,342.01446533203125,18.22829246520996,364.1249694824219,39.41355895996094
empty,C:\Users\Light\Videos\空轨道.mp4,332,False,0.033381808549165726,342.01837158203125,18.252317428588867,364.1249694824219,39.416786193847656
empty,C:\Users\Light\Videos\空轨道.mp4,333,False,0.010594373568892479,347.1504821777344,18.72456932067871,367.0942687988281,38.465736389160156
empty,C:\Users\Light\Videos\空轨道.mp4,334,False,0.025083042681217194,347.65777587890625,18.987812042236328,367.50213623046875,38.681243896484375
empty,C:\Users\Light\Videos\空轨道.mp4,335,False,0.025475475937128067,347.6480407714844,18.975955963134766,367.49871826171875,38.68238830566406
empty,C:\Users\Light\Videos\空轨道.mp4,336,False,0.03385208174586296,347.8254089355469,20.271623611450195,368.84356689453125,38.60307312011719
empty,C:\Users\Light\Videos\空轨道.mp4,337,False,0.05215204134583473,348.1111755371094,18.532190322875977,368.3625183105469,38.60070037841797
empty,C:\Users\Light\Videos\空轨道.mp4,338,False,0.05173654109239578,348.1448059082031,18.541109085083008,368.3957824707031,38.60970687866211
empty,C:\Users\Light\Videos\空轨道.mp4,339,False,0.01593707874417305,349.26324462890625,20.959808349609375,369.9259338378906,38.911163330078125
empty,C:\Users\Light\Videos\空轨道.mp4,340,False,0.047523222863674164,417.2338562011719,36.50234603881836,446.54608154296875,57.19967269897461
empty,C:\Users\Light\Videos\空轨道.mp4,341,False,0.044245216995477676,417.1599426269531,36.499568939208984,446.5472106933594,57.1754264831543
empty,C:\Users\Light\Videos\空轨道.mp4,342,False,0.053689152002334595,423.3090515136719,39.623775482177734,452.7939758300781,58.617305755615234
empty,C:\Users\Light\Videos\空轨道.mp4,343,False,0.054097533226013184,423.3200988769531,39.646324157714844,452.8047180175781,58.644779205322266
empty,C:\Users\Light\Videos\空轨道.mp4,344,False,0.01192556507885456,347.1039733886719,20.062257766723633,367.5159912109375,37.853458404541016
empty,C:\Users\Light\Videos\空轨道.mp4,345,False,0.014077359810471535,435.0984191894531,26.63698387145996,463.0245666503906,53.27784729003906
empty,C:\Users\Light\Videos\空轨道.mp4,346,False,0.014330764301121235,435.10540771484375,26.62676429748535,463.0291442871094,53.27547073364258
empty,C:\Users\Light\Videos\空轨道.mp4,347,False,0.010335812345147133,447.08355712890625,40.8057975769043,469.0,64.05331420898438
empty,C:\Users\Light\Videos\空轨道.mp4,348,False,0.005889695603400469,0.0,44.04668045043945,10.611250877380371,61.02981948852539
empty,C:\Users\Light\Videos\空轨道.mp4,349,False,0.005919020622968674,0.0,44.051856994628906,10.60406494140625,61.02338790893555
empty,C:\Users\Light\Videos\空轨道.mp4,350,False,0.011296657845377922,452.2689514160156,34.58160400390625,469.0,59.32408905029297
empty,C:\Users\Light\Videos\空轨道.mp4,351,False,0.011142878793179989,452.3957214355469,34.60726547241211,469.0,59.280277252197266
empty,C:\Users\Light\Videos\空轨道.mp4,352,False,0.015509801916778088,449.8068542480469,33.18842697143555,469.0,57.92629623413086
empty,C:\Users\Light\Videos\空轨道.mp4,353,False,0.015480387955904007,449.8052978515625,33.1834716796875,469.0,57.926002502441406
empty,C:\Users\Light\Videos\空轨道.mp4,354,False,0.015563690103590488,0.0,40.282066345214844,21.9837703704834,56.89147186279297
empty,C:\Users\Light\Videos\空轨道.mp4,355,False,0.011133347637951374,0.0,41.870426177978516,19.262819290161133,59.26329040527344
empty,C:\Users\Light\Videos\空轨道.mp4,356,False,0.011163567192852497,0.0,41.871925354003906,19.260499954223633,59.25936508178711
empty,C:\Users\Light\Videos\空轨道.mp4,357,False,0.01742594689130783,447.11712646484375,23.01091766357422,469.0,43.88941955566406
empty,C:\Users\Light\Videos\空轨道.mp4,358,False,0.03980579227209091,447.15472412109375,22.04779052734375,469.0,43.719337463378906
empty,C:\Users\Light\Videos\空轨道.mp4,359,False,0.0397508405148983,447.1512451171875,22.015830993652344,469.0,43.68832015991211
empty,C:\Users\Light\Videos\空轨道.mp4,360,False,0.039320170879364014,447.5611877441406,22.545568466186523,469.0,44.37632751464844
empty,C:\Users\Light\Videos\空轨道.mp4,361,False,0.04384845495223999,447.2615661621094,20.945219039916992,469.0,43.04316711425781
empty,C:\Users\Light\Videos\空轨道.mp4,362,False,0.0436728335916996,447.26617431640625,20.9576358795166,469.0,43.047019958496094
empty,C:\Users\Light\Videos\空轨道.mp4,363,False,0.038768503814935684,447.39892578125,21.779481887817383,469.0,43.80069351196289
empty,C:\Users\Light\Videos\空轨道.mp4,364,False,0.03568679466843605,447.3097229003906,21.445955276489258,469.0,43.358516693115234
empty,C:\Users\Light\Videos\空轨道.mp4,365,False,0.03573167696595192,447.3164978027344,21.440689086914062,469.0,43.35158920288086
empty,C:\Users\Light\Videos\空轨道.mp4,366,False,0.03432442620396614,430.092529296875,15.688302040100098,457.8758850097656,38.26773452758789
empty,C:\Users\Light\Videos\空轨道.mp4,367,False,0.03449840471148491,429.96197509765625,15.655244827270508,457.7366943359375,38.23167419433594
empty,C:\Users\Light\Videos\空轨道.mp4,368,False,0.04890456795692444,426.3570556640625,14.671005249023438,454.29119873046875,37.38239669799805
empty,C:\Users\Light\Videos\空轨道.mp4,369,False,0.03584910184144974,447.6612854003906,18.36724281311035,469.0,45.017112731933594
empty,C:\Users\Light\Videos\空轨道.mp4,370,False,0.03671029955148697,429.5711975097656,15.495272636413574,457.4332580566406,38.09550094604492
empty,C:\Users\Light\Videos\空轨道.mp4,371,False,0.042532410472631454,447.7727966308594,18.351150512695312,469.0,44.94279479980469
empty,C:\Users\Light\Videos\空轨道.mp4,372,False,0.04294203221797943,447.836181640625,18.049808502197266,469.0,44.78461837768555
empty,C:\Users\Light\Videos\空轨道.mp4,373,False,0.042312946170568466,447.82135009765625,18.06742286682129,469.0,44.8153190612793
empty,C:\Users\Light\Videos\空轨道.mp4,374,False,0.05449669808149338,447.5591735839844,17.353553771972656,469.0,44.504676818847656
empty,C:\Users\Light\Videos\空轨道.mp4,375,False,0.055006131529808044,447.5469055175781,17.309606552124023,469.0,44.47350311279297
empty,C:\Users\Light\Videos\空轨道.mp4,376,False,0.033810850232839584,434.7388000488281,15.67897891998291,462.09893798828125,38.497406005859375
empty,C:\Users\Light\Videos\空轨道.mp4,377,False,0.03316161409020424,434.9340515136719,15.734312057495117,462.2894287109375,38.54856872558594
empty,C:\Users\Light\Videos\空轨道.mp4,378,False,0.018130429089069366,0.10851643979549408,41.55168914794922,22.299501419067383,59.90891647338867
empty,C:\Users\Light\Videos\空轨道.mp4,379,False,0.03677692636847496,446.3923645019531,21.818073272705078,469.0,43.40584945678711
empty,C:\Users\Light\Videos\空轨道.mp4,380,False,0.03607133775949478,446.3791809082031,21.822734832763672,469.0,43.39280700683594
empty,C:\Users\Light\Videos\空轨道.mp4,381,False,0.011408529244363308,0.0,39.86335372924805,22.4699649810791,57.17979431152344
empty,C:\Users\Light\Videos\空轨道.mp4,382,False,0.008933070115745068,0.0,39.66360092163086,22.46800422668457,56.99250411987305
empty,C:\Users\Light\Videos\空轨道.mp4,383,False,0.009146629832684994,0.0,39.6733283996582,22.453292846679688,56.996986389160156
empty,C:\Users\Light\Videos\空轨道.mp4,384,False,0.008178450167179108,259.8453674316406,0.0,469.0,109.0
empty,C:\Users\Light\Videos\空轨道.mp4,385,False,0.009569033980369568,267.3359069824219,0.0,469.0,109.0
empty,C:\Users\Light\Videos\空轨道.mp4,386,False,0.009580060839653015,267.3758850097656,0.0,469.0,109.0
empty,C:\Users\Light\Videos\空轨道.mp4,387,False,0.011057296767830849,433.70001220703125,27.372211456298828,462.02227783203125,53.420204162597656
empty,C:\Users\Light\Videos\空轨道.mp4,388,False,0.011151141487061977,433.7101745605469,27.388032913208008,462.02197265625,53.433067321777344
empty,C:\Users\Light\Videos\空轨道.mp4,389,False,0.007819877937436104,266.85858154296875,0.0,469.0,109.0
empty,C:\Users\Light\Videos\空轨道.mp4,390,False,0.016330160200595856,347.5693359375,20.223148345947266,367.1587829589844,37.821075439453125
empty,C:\Users\Light\Videos\空轨道.mp4,391,False,0.01695293001830578,347.5810546875,20.223730087280273,367.1397399902344,37.81300735473633
empty,C:\Users\Light\Videos\空轨道.mp4,392,False,0.015607509762048721,347.8327331542969,18.585908889770508,368.49908447265625,37.77952575683594
empty,C:\Users\Light\Videos\空轨道.mp4,393,False,0.037148717790842056,414.34588623046875,33.44160842895508,440.01519775390625,53.72356414794922
empty,C:\Users\Light\Videos\空轨道.mp4,394,False,0.0370180681347847,414.34588623046875,33.452701568603516,440.0139465332031,53.72923278808594
empty,C:\Users\Light\Videos\空轨道.mp4,395,False,0.0391017310321331,413.1657409667969,35.61577606201172,438.514404296875,55.63462448120117
empty,C:\Users\Light\Videos\空轨道.mp4,396,False,0.01866227574646473,349.1537780761719,20.443204879760742,369.8970947265625,38.319480895996094
empty,C:\Users\Light\Videos\空轨道.mp4,397,False,0.018554098904132843,349.6907958984375,20.85810661315918,370.3540954589844,38.63178253173828
empty,C:\Users\Light\Videos\空轨道.mp4,398,False,0.01833854243159294,349.7655029296875,20.85001564025879,370.41998291015625,38.618133544921875
empty,C:\Users\Light\Videos\空轨道.mp4,399,False,0.021729692816734314,348.48077392578125,18.71979522705078,368.232421875,38.30507278442383
empty,C:\Users\Light\Videos\空轨道.mp4,400,False,0.038393303751945496,347.9640808105469,18.65800666809082,368.0075988769531,38.362510681152344
empty,C:\Users\Light\Videos\空轨道.mp4,401,False,0.040391821414232254,347.9885559082031,18.66551399230957,368.05224609375,38.36598587036133
empty,C:\Users\Light\Videos\空轨道.mp4,402,False,0.027358578518033028,347.08355712890625,18.66103172302246,366.9667053222656,38.171363830566406
empty,C:\Users\Light\Videos\空轨道.mp4,403,False,0.01990380883216858,342.0982360839844,18.02528953552246,364.6372375488281,39.35009002685547
empty,C:\Users\Light\Videos\空轨道.mp4,404,False,0.019584987312555313,342.1673583984375,18.042457580566406,364.7047119140625,39.34479904174805
empty,C:\Users\Light\Videos\空轨道.mp4,405,False,0.020818928256630898,346.1718444824219,17.600975036621094,366.0030212402344,37.83913803100586
empty,C:\Users\Light\Videos\空轨道.mp4,406,False,0.013825776055455208,346.4181823730469,17.485063552856445,366.1707763671875,37.49772644042969
empty,C:\Users\Light\Videos\空轨道.mp4,407,False,0.014625274576246738,346.4577331542969,17.488649368286133,366.20257568359375,37.485355377197266
empty,C:\Users\Light\Videos\空轨道.mp4,408,False,0.010384033434092999,346.5263977050781,17.764846801757812,366.6066589355469,37.71856689453125
empty,C:\Users\Light\Videos\空轨道.mp4,409,False,0.013747342862188816,403.0099792480469,38.06623458862305,425.1502380371094,59.812904357910156
empty,C:\Users\Light\Videos\空轨道.mp4,410,False,0.012525312602519989,403.0236511230469,38.11912536621094,425.185791015625,59.87449264526367
empty,C:\Users\Light\Videos\空轨道.mp4,411,False,0.015056305564939976,403.0953674316406,38.520870208740234,424.9681396484375,59.915950775146484
empty,C:\Users\Light\Videos\空轨道.mp4,412,False,0.015169672667980194,403.1015930175781,38.5157585144043,424.9598388671875,59.921329498291016
empty,C:\Users\Light\Videos\空轨道.mp4,413,False,0.019467437639832497,346.5767517089844,17.494163513183594,366.4048156738281,37.50185012817383
empty,C:\Users\Light\Videos\空轨道.mp4,414,False,0.021490367129445076,346.6438293457031,18.025087356567383,366.494140625,37.872352600097656
empty,C:\Users\Light\Videos\空轨道.mp4,415,False,0.021552713587880135,346.7115783691406,18.046714782714844,366.5506286621094,37.87358474731445
empty,C:\Users\Light\Videos\空轨道.mp4,416,False,0.019101712852716446,345.7264099121094,17.458507537841797,365.58447265625,37.68443298339844
empty,C:\Users\Light\Videos\空轨道.mp4,417,False,0.02773897908627987,345.9095458984375,17.482463836669922,365.7843933105469,37.65451431274414
empty,C:\Users\Light\Videos\空轨道.mp4,418,False,0.02798931486904621,345.9269104003906,17.481008529663086,365.8045349121094,37.65458297729492
empty,C:\Users\Light\Videos\空轨道.mp4,419,False,0.014952887780964375,346.2477722167969,17.540151596069336,366.1515808105469,37.729862213134766
empty,C:\Users\Light\Videos\空轨道.mp4,420,False,0.018451010808348656,346.3091125488281,17.722354888916016,366.2348937988281,37.852542877197266
empty,C:\Users\Light\Videos\空轨道.mp4,421,False,0.011990389786660671,346.62884521484375,17.80491828918457,366.5259094238281,37.72461700439453
empty,C:\Users\Light\Videos\空轨道.mp4,422,False,0.012179275043308735,346.61328125,17.800325393676758,366.5069274902344,37.7272834777832
empty,C:\Users\Light\Videos\空轨道.mp4,423,False,0.010161204263567924,346.1868591308594,17.922332763671875,366.2378234863281,37.93423080444336
empty,C:\Users\Light\Videos\空轨道.mp4,424,False,0.01261927094310522,346.5422668457031,17.836811065673828,366.5535888671875,37.754356384277344
empty,C:\Users\Light\Videos\空轨道.mp4,425,False,0.012651130557060242,346.5554504394531,17.83519744873047,366.5635681152344,37.75373077392578
empty,C:\Users\Light\Videos\空轨道.mp4,426,False,0.016930202022194862,342.1824645996094,17.8143310546875,364.5989074707031,39.39327621459961
empty,C:\Users\Light\Videos\空轨道.mp4,427,False,0.03329773247241974,345.855712890625,18.114151000976562,365.7615661621094,37.97804641723633
empty,C:\Users\Light\Videos\空轨道.mp4,428,False,0.033594947308301926,345.90863037109375,18.1167049407959,365.8075866699219,37.983333587646484
empty,C:\Users\Light\Videos\空轨道.mp4,429,False,0.016981419175863266,404.4034423828125,37.4841194152832,427.4856872558594,59.44047164916992
empty,C:\Users\Light\Videos\空轨道.mp4,430,False,0.03221369907259941,347.5096130371094,18.68853187561035,367.44207763671875,38.26914596557617
empty,C:\Users\Light\Videos\空轨道.mp4,431,False,0.0314534530043602,347.49932861328125,18.709821701049805,367.4190979003906,38.26945877075195
empty,C:\Users\Light\Videos\空轨道.mp4,432,False,0.034859705716371536,348.7020263671875,20.170211791992188,369.5068359375,38.40623474121094
empty,C:\Users\Light\Videos\空轨道.mp4,433,False,0.03489666432142258,348.6592712402344,20.156944274902344,369.46539306640625,38.3927001953125
empty,C:\Users\Light\Videos\空轨道.mp4,434,False,0.014786727726459503,348.375732421875,20.395828247070312,369.0360107421875,38.01424026489258
empty,C:\Users\Light\Videos\空轨道.mp4,435,False,0.017272496595978737,413.7008361816406,35.77465057373047,439.3490905761719,55.32393264770508
empty,C:\Users\Light\Videos\空轨道.mp4,436,False,0.01702144555747509,413.6971435546875,35.77861785888672,439.3345642089844,55.31938552856445
empty,C:\Users\Light\Videos\空轨道.mp4,437,False,0.023394813761115074,344.17138671875,17.774999618530273,364.87908935546875,36.9515380859375
empty,C:\Users\Light\Videos\空轨道.mp4,438,False,0.01751597411930561,347.2502136230469,18.0987548828125,368.0397033691406,36.93271255493164
empty,C:\Users\Light\Videos\空轨道.mp4,439,False,0.01761232502758503,347.2517395019531,18.091829299926758,368.0419921875,36.927085876464844
empty,C:\Users\Light\Videos\空轨道.mp4,440,False,0.012642642483115196,346.5727844238281,17.51171112060547,366.9998474121094,35.90250778198242
empty,C:\Users\Light\Videos\空轨道.mp4,441,False,0.005840644706040621,139.21658325195312,0.0,449.64996337890625,109.0
empty,C:\Users\Light\Videos\空轨道.mp4,442,False,0.005922629497945309,139.33642578125,0.0,449.5035400390625,109.0
empty,C:\Users\Light\Videos\空轨道.mp4,443,False,0.00863027572631836,219.2911834716797,0.0,469.0,109.0
empty,C:\Users\Light\Videos\空轨道.mp4,444,False,0.0077198888175189495,0.0,44.02473831176758,10.621949195861816,61.16964340209961
empty,C:\Users\Light\Videos\空轨道.mp4,445,False,0.0077243889681994915,0.0,44.024044036865234,10.622274398803711,61.16971206665039
empty,C:\Users\Light\Videos\空轨道.mp4,446,False,0.0056613446213305,0.0,41.373252868652344,18.30804443359375,59.46315383911133
empty,C:\Users\Light\Videos\空轨道.mp4,447,False,0.008902373723685741,0.0,41.74321746826172,18.32018280029297,59.613624572753906
empty,C:\Users\Light\Videos\空轨道.mp4,448,False,0.009691947139799595,0.0,41.37892150878906,18.26079559326172,59.770973205566406
empty,C:\Users\Light\Videos\空轨道.mp4,449,False,0.009794823825359344,0.0,41.401222229003906,18.228933334350586,59.75566482543945
empty,C:\Users\Light\Videos\空轨道.mp4,450,False,0.013956194743514061,0.0,41.435848236083984,18.662702560424805,59.74995040893555
empty,C:\Users\Light\Videos\空轨道.mp4,451,False,0.006611373741179705,0.0,41.5161247253418,17.50107192993164,59.829959869384766
empty,C:\Users\Light\Videos\空轨道.mp4,452,False,0.0065619321539998055,0.0,41.52887725830078,17.472871780395508,59.83262634277344
empty,C:\Users\Light\Videos\空轨道.mp4,453,False,0.006540059577673674,0.0,43.89226531982422,10.294511795043945,61.25527572631836
empty,C:\Users\Light\Videos\空轨道.mp4,454,False,0.006500092800706625,0.0,43.905399322509766,10.262155532836914,61.58360290527344
empty,C:\Users\Light\Videos\空轨道.mp4,455,False,0.006680243648588657,0.0,43.960060119628906,10.207864761352539,61.57963562011719
empty,C:\Users\Light\Videos\空轨道.mp4,456,False,0.008369602262973785,0.0,41.554290771484375,17.81956672668457,59.8744010925293
empty,C:\Users\Light\Videos\空轨道.mp4,457,False,0.008388972841203213,0.0,41.57390213012695,17.814937591552734,59.85855484008789
empty,C:\Users\Light\Videos\空轨道.mp4,458,False,0.01604783721268177,450.57452392578125,35.5550651550293,469.0,59.81095504760742
empty,C:\Users\Light\Videos\空轨道.mp4,459,False,0.007038971409201622,0.0,44.06050491333008,10.061541557312012,61.20370864868164
empty,C:\Users\Light\Videos\空轨道.mp4,460,False,0.007020404562354088,0.0,44.05326843261719,10.07918930053711,61.206016540527344
empty,C:\Users\Light\Videos\空轨道.mp4,461,False,0.015570941381156445,450.08819580078125,35.16786193847656,469.0,59.135902404785156
empty,C:\Users\Light\Videos\空轨道.mp4,462,False,0.007818200625479221,0.0,44.21469497680664,10.146862030029297,61.07018280029297
empty,C:\Users\Light\Videos\空轨道.mp4,463,False,0.007816918194293976,0.0,44.21541213989258,10.15292739868164,61.073856353759766
empty,C:\Users\Light\Videos\空轨道.mp4,464,False,0.006156498566269875,0.0,39.396034240722656,22.656572341918945,57.29987716674805
empty,C:\Users\Light\Videos\空轨道.mp4,465,False,0.006055713165551424,0.0,40.819602966308594,18.529865264892578,59.351722717285156
empty,C:\Users\Light\Videos\空轨道.mp4,466,False,0.005934061016887426,0.0,40.83777618408203,18.499568939208984,59.356632232666016
empty,C:\Users\Light\Videos\空轨道.mp4,467,False,0.004387449938803911,139.5876007080078,0.0,449.7778625488281,109.0
empty,C:\Users\Light\Videos\空轨道.mp4,468,False,0.004388969857245684,139.58526611328125,0.0,449.7848815917969,109.0
empty,C:\Users\Light\Videos\空轨道.mp4,469,False,0.009384144097566605,429.65533447265625,17.566082000732422,462.12371826171875,44.24629592895508
empty,C:\Users\Light\Videos\空轨道.mp4,470,False,0.0053435503505170345,138.1888427734375,0.0,450.9455261230469,109.0
empty,C:\Users\Light\Videos\空轨道.mp4,471,False,0.0030119477305561304,137.8642578125,0.0,451.90386962890625,109.0
empty,C:\Users\Light\Videos\空轨道.mp4,472,False,0.008022504858672619,346.2231140136719,16.305219650268555,368.0534973144531,34.073158264160156
empty,C:\Users\Light\Videos\空轨道.mp4,473,False,0.008074806071817875,346.2209167480469,16.304950714111328,368.0543212890625,34.07392120361328
empty,C:\Users\Light\Videos\空轨道.mp4,474,False,0.019896578043699265,347.1351013183594,16.54764175415039,367.070068359375,33.94570541381836
empty,C:\Users\Light\Videos\空轨道.mp4,475,False,0.009531501680612564,378.4605407714844,21.664400100708008,407.598876953125,47.63309860229492
empty,C:\Users\Light\Videos\空轨道.mp4,476,False,0.009304262697696686,378.4494934082031,21.662717819213867,407.6024169921875,47.61900329589844
empty,C:\Users\Light\Videos\空轨道.mp4,477,False,0.007719334680587053,376.802734375,22.601171493530273,407.6029357910156,48.32612609863281
empty,C:\Users\Light\Videos\空轨道.mp4,478,False,0.007692959159612656,376.80450439453125,22.600006103515625,407.6018981933594,48.32899475097656
empty,C:\Users\Light\Videos\空轨道.mp4,479,False,0.009609072469174862,345.3196716308594,17.904560089111328,364.4296875,35.722251892089844
empty,C:\Users\Light\Videos\空轨道.mp4,480,False,0.006690485402941704,344.6529846191406,17.80660057067871,364.901611328125,35.965126037597656
empty,C:\Users\Light\Videos\空轨道.mp4,481,False,0.006712359841912985,344.65203857421875,17.803417205810547,364.8806457519531,35.960147857666016
empty,C:\Users\Light\Videos\空轨道.mp4,482,False,0.019040893763303757,374.4675598144531,23.737201690673828,403.12701416015625,47.214969635009766
empty,C:\Users\Light\Videos\空轨道.mp4,483,False,0.07621278613805771,413.687255859375,34.36775588989258,440.64154052734375,54.71340560913086
empty,C:\Users\Light\Videos\空轨道.mp4,484,False,0.07642962038516998,413.6707458496094,34.345054626464844,440.6423645019531,54.68836975097656
empty,C:\Users\Light\Videos\空轨道.mp4,485,False,0.016109226271510124,411.11517333984375,34.43568420410156,439.0118408203125,53.860496520996094
empty,C:\Users\Light\Videos\空轨道.mp4,486,False,0.014025879092514515,346.9667663574219,20.618013381958008,367.4676208496094,39.25385665893555
empty,C:\Users\Light\Videos\空轨道.mp4,487,False,0.013837619684636593,346.97003173828125,20.61846160888672,367.470458984375,39.25148010253906
empty,C:\Users\Light\Videos\空轨道.mp4,488,False,0.019415315240621567,346.8969421386719,17.586273193359375,366.6488342285156,37.23237609863281
empty,C:\Users\Light\Videos\空轨道.mp4,489,False,0.01773868128657341,347.59063720703125,17.842525482177734,367.230712890625,37.3429069519043
empty,C:\Users\Light\Videos\空轨道.mp4,490,False,0.018102683126926422,347.5908203125,17.83308982849121,367.2338562011719,37.34360122680664
empty,C:\Users\Light\Videos\空轨道.mp4,491,False,0.018228063359856606,347.0575866699219,17.90200424194336,366.9319152832031,37.53887176513672
empty,C:\Users\Light\Videos\空轨道.mp4,492,False,0.018219808116555214,347.0574951171875,17.900592803955078,366.93450927734375,37.540687561035156
empty,C:\Users\Light\Videos\空轨道.mp4,493,False,0.030619362369179726,343.21087646484375,17.112878799438477,365.5341491699219,38.09621810913086
empty,C:\Users\Light\Videos\空轨道.mp4,494,False,0.018863139674067497,346.3664855957031,18.804622650146484,367.3761291503906,36.8160400390625
empty,C:\Users\Light\Videos\空轨道.mp4,495,False,0.012821434065699577,343.26690673828125,17.361600875854492,365.6172790527344,38.44050216674805
empty,C:\Users\Light\Videos\空轨道.mp4,496,False,0.019877448678016663,347.4891662597656,17.88743782043457,367.3341064453125,37.31915283203125
empty,C:\Users\Light\Videos\空轨道.mp4,497,False,0.019873902201652527,347.49334716796875,17.887460708618164,367.3393859863281,37.32011413574219
empty,C:\Users\Light\Videos\空轨道.mp4,498,False,0.024347122758626938,346.76763916015625,18.904464721679688,367.78106689453125,36.91754150390625
empty,C:\Users\Light\Videos\空轨道.mp4,499,False,0.022405728697776794,347.0234069824219,17.89590835571289,367.0184326171875,37.52161407470703
empty,C:\Users\Light\Videos\空轨道.mp4,500,False,0.025396542623639107,342.59234619140625,17.656444549560547,364.72149658203125,38.76613998413086
empty,C:\Users\Light\Videos\空轨道.mp4,501,False,0.017845135182142258,347.1358337402344,17.912090301513672,367.1448974609375,37.501670837402344
empty,C:\Users\Light\Videos\空轨道.mp4,502,False,0.018511388450860977,347.1674499511719,17.872533798217773,367.2026672363281,37.511417388916016
empty,C:\Users\Light\Videos\空轨道.mp4,503,False,0.02138364128768444,347.56170654296875,18.129905700683594,367.40869140625,37.52598571777344
empty,C:\Users\Light\Videos\空轨道.mp4,504,False,0.036986302584409714,347.46234130859375,17.795595169067383,367.34906005859375,37.271728515625
empty,C:\Users\Light\Videos\空轨道.mp4,505,False,0.03960934653878212,347.460205078125,17.758840560913086,367.35357666015625,37.25169372558594
empty,C:\Users\Light\Videos\空轨道.mp4,506,False,0.04276909679174423,343.9852600097656,17.599294662475586,365.36407470703125,38.14077377319336
empty,C:\Users\Light\Videos\空轨道.mp4,507,False,0.022853247821331024,346.3299255371094,19.035167694091797,367.39337158203125,37.079124450683594
empty,C:\Users\Light\Videos\空轨道.mp4,508,False,0.023168878629803658,346.3472900390625,19.03763198852539,367.4063720703125,37.087284088134766
empty,C:\Users\Light\Videos\空轨道.mp4,509,False,0.013906298205256462,347.15155029296875,18.23933982849121,367.11956787109375,37.66917037963867
empty,C:\Users\Light\Videos\空轨道.mp4,510,False,0.0300983265042305,347.6432189941406,17.582935333251953,367.39447021484375,37.31850051879883
empty,C:\Users\Light\Videos\空轨道.mp4,511,False,0.03033379279077053,347.64208984375,17.57143783569336,367.3984069824219,37.31467056274414
empty,C:\Users\Light\Videos\空轨道.mp4,512,False,0.012220966629683971,347.2821044921875,18.091604232788086,367.11627197265625,37.49570846557617
empty,C:\Users\Light\Videos\空轨道.mp4,513,False,0.012235867790877819,347.2848815917969,18.091829299926758,367.1207580566406,37.495975494384766
empty,C:\Users\Light\Videos\空轨道.mp4,514,False,0.027381161227822304,347.8138122558594,17.832149505615234,367.5715637207031,37.48474884033203
empty,C:\Users\Light\Videos\空轨道.mp4,515,False,0.019749093800783157,347.3160705566406,17.880266189575195,366.9925537109375,37.61112594604492
empty,C:\Users\Light\Videos\空轨道.mp4,516,False,0.02004276029765606,347.3194580078125,17.87163734436035,366.9936218261719,37.610836029052734
empty,C:\Users\Light\Videos\空轨道.mp4,517,False,0.02348387986421585,346.348388671875,17.67721939086914,366.11309814453125,37.79691696166992
empty,C:\Users\Light\Videos\空轨道.mp4,518,False,0.02310566045343876,346.35028076171875,17.682889938354492,366.1252746582031,37.79698181152344
empty,C:\Users\Light\Videos\空轨道.mp4,519,False,0.03587028756737709,346.5264892578125,17.597434997558594,366.4149475097656,37.74182891845703
empty,C:\Users\Light\Videos\空轨道.mp4,520,False,0.007760593201965094,347.3049011230469,18.182371139526367,367.1842956542969,37.77983856201172
empty,C:\Users\Light\Videos\空轨道.mp4,521,False,0.007895834743976593,347.2830505371094,18.182125091552734,367.1626281738281,37.77842712402344
empty,C:\Users\Light\Videos\空轨道.mp4,522,False,0.022470494732260704,346.3766174316406,17.65256690979004,366.1280822753906,37.713592529296875
empty,C:\Users\Light\Videos\空轨道.mp4,523,False,0.022579239681363106,346.3517150878906,17.64759063720703,366.1134338378906,37.714576721191406
empty,C:\Users\Light\Videos\空轨道.mp4,524,False,0.019466213881969452,346.5985107421875,17.612159729003906,366.3963623046875,37.65095138549805
empty,C:\Users\Light\Videos\空轨道.mp4,525,False,0.019252890720963478,347.44989013671875,18.573089599609375,367.1915588378906,38.135284423828125
empty,C:\Users\Light\Videos\空轨道.mp4,526,False,0.01899191550910473,347.4175720214844,18.55377197265625,367.1463317871094,38.107852935791016
empty,C:\Users\Light\Videos\空轨道.mp4,527,False,0.0379825085401535,348.6433410644531,18.382482528686523,368.5521240234375,38.03620147705078
empty,C:\Users\Light\Videos\空轨道.mp4,528,False,0.013508793897926807,348.7126159667969,18.74296760559082,368.7152099609375,38.12394332885742
empty,C:\Users\Light\Videos\空轨道.mp4,529,False,0.013468561694025993,348.71185302734375,18.746801376342773,368.7212219238281,38.130374908447266
empty,C:\Users\Light\Videos\空轨道.mp4,530,False,0.02376416325569153,413.632080078125,34.73664855957031,439.3871765136719,54.485660552978516
empty,C:\Users\Light\Videos\空轨道.mp4,531,False,0.01742016151547432,346.6468505859375,18.201913833618164,367.453369140625,37.71085739135742
empty,C:\Users\Light\Videos\空轨道.mp4,532,False,0.014879782684147358,346.70159912109375,18.309600830078125,367.52490234375,37.739654541015625
empty,C:\Users\Light\Videos\空轨道.mp4,533,False,0.011187673546373844,347.0216369628906,18.193531036376953,367.9139099121094,37.35586166381836
empty,C:\Users\Light\Videos\空轨道.mp4,534,False,0.019116675481200218,345.8504638671875,17.450908660888672,364.8376159667969,35.29361343383789
empty,C:\Users\Light\Videos\空轨道.mp4,535,False,0.01888684183359146,345.8587341308594,17.468547821044922,364.80023193359375,35.28059387207031
empty,C:\Users\Light\Videos\空轨道.mp4,536,False,0.004453042522072792,137.05804443359375,0.0,452.23443603515625,109.0
empty,C:\Users\Light\Videos\空轨道.mp4,537,False,0.00446722749620676,137.0652618408203,0.0,452.22186279296875,109.0
empty,C:\Users\Light\Videos\空轨道.mp4,538,False,0.0055515640415251255,429.582763671875,18.21285057067871,462.198974609375,45.15182876586914
empty,C:\Users\Light\Videos\空轨道.mp4,539,False,0.005031139124184847,0.0,43.94392395019531,11.111395835876465,61.62512969970703
empty,C:\Users\Light\Videos\空轨道.mp4,540,False,0.004987985827028751,138.85044860839844,0.0,450.2504577636719,109.0
empty,C:\Users\Light\Videos\空轨道.mp4,541,False,0.00858796201646328,0.0,41.562313079833984,18.114248275756836,59.8377799987793
empty,C:\Users\Light\Videos\空轨道.mp4,542,False,0.008501476608216763,0.0,41.57278060913086,18.080829620361328,59.84125518798828
empty,C:\Users\Light\Videos\空轨道.mp4,543,False,0.010274488478899002,0.0,41.73212432861328,18.323074340820312,59.87213897705078
empty,C:\Users\Light\Videos\空轨道.mp4,544,False,0.01761811226606369,0.0,41.67744064331055,19.36985969543457,59.41032791137695
empty,C:\Users\Light\Videos\空轨道.mp4,545,False,0.01761578768491745,0.0,41.672889709472656,19.35958480834961,59.411922454833984
empty,C:\Users\Light\Videos\空轨道.mp4,546,False,0.026698628440499306,445.9527282714844,16.625343322753906,469.0,45.16758346557617
empty,C:\Users\Light\Videos\空轨道.mp4,547,False,0.02613760530948639,445.9757995605469,18.50168800354004,468.16412353515625,40.56781005859375
empty,C:\Users\Light\Videos\空轨道.mp4,548,False,0.0264494176954031,0.4446936547756195,42.00318908691406,22.4955997467041,60.56332778930664
empty,C:\Users\Light\Videos\空轨道.mp4,549,False,0.036754995584487915,447.3844909667969,16.676036834716797,469.0,43.507259368896484
empty,C:\Users\Light\Videos\空轨道.mp4,550,False,0.035569120198488235,447.3482971191406,16.743562698364258,469.0,43.60064697265625
empty,C:\Users\Light\Videos\空轨道.mp4,551,False,0.04109826683998108,447.4313049316406,16.79293441772461,469.0,43.762569427490234
empty,C:\Users\Light\Videos\空轨道.mp4,552,False,0.04995323717594147,447.3288879394531,16.894548416137695,469.0,43.84172821044922
empty,C:\Users\Light\Videos\空轨道.mp4,553,False,0.05005247890949249,447.3292236328125,16.9244441986084,469.0,43.8525276184082
empty,C:\Users\Light\Videos\空轨道.mp4,554,False,0.04346030205488205,447.1573791503906,16.99425506591797,469.0,43.772274017333984
empty,C:\Users\Light\Videos\空轨道.mp4,555,False,0.03768589347600937,447.0924377441406,17.137643814086914,469.0,44.16286087036133
empty,C:\Users\Light\Videos\空轨道.mp4,556,False,0.03905383124947548,447.11663818359375,17.174375534057617,469.0,44.16194152832031
empty,C:\Users\Light\Videos\空轨道.mp4,557,False,0.03831775486469269,447.4420166015625,17.351043701171875,469.0,44.096073150634766
empty,C:\Users\Light\Videos\空轨道.mp4,558,False,0.03852448984980583,447.4490051269531,17.346202850341797,469.0,44.08594512939453
empty,C:\Users\Light\Videos\空轨道.mp4,559,False,0.052621759474277496,447.51947021484375,17.063350677490234,469.0,43.88578796386719
empty,C:\Users\Light\Videos\空轨道.mp4,560,False,0.051750048995018005,447.2896423339844,16.72718048095703,469.0,43.757774353027344
empty,C:\Users\Light\Videos\空轨道.mp4,561,False,0.0509830079972744,447.30780029296875,16.768394470214844,469.0,43.766090393066406
empty,C:\Users\Light\Videos\空轨道.mp4,562,False,0.03859669715166092,447.3040771484375,17.28044891357422,469.0,44.13551712036133
empty,C:\Users\Light\Videos\空轨道.mp4,563,False,0.06751388311386108,447.6646728515625,16.08733558654785,469.0,43.12693786621094
empty,C:\Users\Light\Videos\空轨道.mp4,564,False,0.06338569521903992,447.56903076171875,16.158918380737305,469.0,43.22330856323242
empty,C:\Users\Light\Videos\空轨道.mp4,565,False,0.040896058082580566,447.1875,16.738386154174805,469.0,43.71868896484375
empty,C:\Users\Light\Videos\空轨道.mp4,566,False,0.026594771072268486,447.0981750488281,16.310171127319336,469.0,43.69620895385742
empty,C:\Users\Light\Videos\空轨道.mp4,567,False,0.030398746952414513,446.7333984375,15.9183988571167,469.0,43.875343322753906
empty,C:\Users\Light\Videos\空轨道.mp4,568,False,0.032071344554424286,446.76971435546875,15.891886711120605,469.0,43.79248809814453
empty,C:\Users\Light\Videos\空轨道.mp4,569,False,0.01651262864470482,440.666015625,17.593849182128906,468.1973876953125,40.0380973815918
empty,C:\Users\Light\Videos\空轨道.mp4,570,False,0.011157380416989326,0.0,40.22294616699219,22.215381622314453,56.919219970703125
empty,C:\Users\Light\Videos\空轨道.mp4,571,False,0.011325939558446407,0.0,40.2423095703125,22.19672393798828,56.91303253173828
empty,C:\Users\Light\Videos\空轨道.mp4,572,False,0.013166082091629505,0.0,39.822723388671875,22.348873138427734,57.113346099853516
empty,C:\Users\Light\Videos\空轨道.mp4,573,False,0.013385029509663582,446.6131591796875,30.158031463623047,469.0,55.12122344970703
empty,C:\Users\Light\Videos\空轨道.mp4,574,False,0.012739492580294609,446.5839538574219,30.177865982055664,469.0,55.14424133300781
empty,C:\Users\Light\Videos\空轨道.mp4,575,False,0.008595110848546028,266.8736877441406,0.0,469.0,109.0
empty,C:\Users\Light\Videos\空轨道.mp4,576,False,0.006781434174627066,266.6012268066406,0.0,469.0,109.0
empty,C:\Users\Light\Videos\空轨道.mp4,577,False,0.006804590113461018,266.6636962890625,0.0,469.0,109.0
empty,C:\Users\Light\Videos\空轨道.mp4,578,False,0.007774307858198881,271.686279296875,0.0,469.0,109.0
empty,C:\Users\Light\Videos\空轨道.mp4,579,False,0.004843598231673241,266.4898681640625,0.0,469.0,109.0
empty,C:\Users\Light\Videos\空轨道.mp4,580,False,0.004623690620064735,265.95025634765625,0.0,469.0,109.0
empty,C:\Users\Light\Videos\空轨道.mp4,581,False,0.011532972566783428,346.8046569824219,16.516647338867188,367.4741516113281,34.08714294433594
empty,C:\Users\Light\Videos\空轨道.mp4,582,False,0.01149685401469469,346.8135681152344,16.511178970336914,367.4710388183594,34.07598114013672
empty,C:\Users\Light\Videos\空轨道.mp4,583,False,0.006356732454150915,347.3865661621094,20.492778778076172,367.58380126953125,37.90074920654297
empty,C:\Users\Light\Videos\空轨道.mp4,584,False,0.007220426574349403,343.2381896972656,18.04366683959961,364.2951354980469,37.188514709472656
empty,C:\Users\Light\Videos\空轨道.mp4,585,False,0.007875114679336548,343.2078857421875,18.017154693603516,364.2203063964844,37.19068908691406
empty,C:\Users\Light\Videos\空轨道.mp4,586,False,0.00990328099578619,413.6381530761719,35.90331268310547,438.5299072265625,55.019386291503906
empty,C:\Users\Light\Videos\空轨道.mp4,587,False,0.008132941089570522,347.5062561035156,20.743539810180664,367.4029846191406,39.23823547363281
empty,C:\Users\Light\Videos\空轨道.mp4,588,False,0.008123672567307949,347.5007629394531,20.75299644470215,367.40924072265625,39.245094299316406
empty,C:\Users\Light\Videos\空轨道.mp4,589,False,0.01749233528971672,348.3031921386719,18.51744270324707,367.8639221191406,37.86722183227539
empty,C:\Users\Light\Videos\空轨道.mp4,590,False,0.014832036569714546,342.772705078125,17.658931732177734,365.28582763671875,38.83904266357422
empty,C:\Users\Light\Videos\空轨道.mp4,591,False,0.027503417804837227,346.6675720214844,17.395889282226562,366.44769287109375,37.30653381347656
empty,C:\Users\Light\Videos\空轨道.mp4,592,False,0.025508267804980278,346.6976013183594,17.46523094177246,366.45745849609375,37.32666015625
empty,C:\Users\Light\Videos\空轨道.mp4,593,False,0.019200026988983154,346.8257751464844,17.858795166015625,366.6627197265625,37.44084548950195
empty,C:\Users\Light\Videos\空轨道.mp4,594,False,0.010804824531078339,343.2434387207031,17.761821746826172,365.6642150878906,38.665245056152344
empty,C:\Users\Light\Videos\空轨道.mp4,595,False,0.01082458347082138,343.2449645996094,17.760881423950195,365.6641540527344,38.665245056152344
empty,C:\Users\Light\Videos\空轨道.mp4,596,False,0.022139543667435646,346.81182861328125,17.696044921875,366.38531494140625,37.40324020385742
empty,C:\Users\Light\Videos\空轨道.mp4,597,False,0.01764025166630745,346.6407165527344,17.604360580444336,366.4112548828125,37.23804473876953
empty,C:\Users\Light\Videos\空轨道.mp4,598,False,0.01673513650894165,346.7235107421875,17.64427375793457,366.496337890625,37.260433197021484
empty,C:\Users\Light\Videos\空轨道.mp4,599,False,0.018526112660765648,347.2648010253906,17.51370620727539,366.94561767578125,37.18889617919922
empty,C:\Users\Light\Videos\空轨道.mp4,600,False,0.015562189742922783,346.72998046875,17.655031204223633,366.4740295410156,37.264244079589844
empty,C:\Users\Light\Videos\空轨道.mp4,601,False,0.015549850650131702,346.71649169921875,17.659603118896484,366.46771240234375,37.26652908325195
empty,C:\Users\Light\Videos\空轨道.mp4,602,False,0.013097445480525494,346.851806640625,17.705501556396484,366.69403076171875,37.46738052368164
empty,C:\Users\Light\Videos\空轨道.mp4,603,False,0.01322642806917429,346.852294921875,17.703887939453125,366.687255859375,37.46195602416992
empty,C:\Users\Light\Videos\空轨道.mp4,604,False,0.012486563995480537,346.7892150878906,17.655031204223633,366.686279296875,37.32179641723633
empty,C:\Users\Light\Videos\空轨道.mp4,605,False,0.010719872079789639,342.2152099609375,17.44618034362793,365.07318115234375,38.97398376464844
empty,C:\Users\Light\Videos\空轨道.mp4,606,False,0.010663963854312897,342.2204284667969,17.453285217285156,365.0704040527344,38.97288513183594
empty,C:\Users\Light\Videos\空轨道.mp4,607,False,0.01618335023522377,346.6765441894531,17.762136459350586,366.5379333496094,37.59581756591797
empty,C:\Users\Light\Videos\空轨道.mp4,608,False,0.01405852846801281,346.7126770019531,17.88205909729004,366.5143737792969,37.70991516113281
empty,C:\Users\Light\Videos\空轨道.mp4,609,False,0.014523291029036045,346.7107238769531,17.88875961303711,366.49267578125,37.7272834777832
empty,C:\Users\Light\Videos\空轨道.mp4,610,False,0.01888439804315567,345.794677734375,17.614646911621094,365.5415954589844,37.77719497680664
empty,C:\Users\Light\Videos\空轨道.mp4,611,False,0.015114681795239449,346.2856750488281,18.17040252685547,365.973876953125,38.118072509765625
empty,C:\Users\Light\Videos\空轨道.mp4,612,False,0.01454552449285984,346.3252868652344,18.183895111083984,366.00689697265625,38.11650085449219
empty,C:\Users\Light\Videos\空轨道.mp4,613,False,0.02691044844686985,346.6302185058594,18.258792877197266,366.4591979980469,38.197181701660156
empty,C:\Users\Light\Videos\空轨道.mp4,614,False,0.04123333841562271,347.8712463378906,18.592880249023438,367.8957214355469,38.25009536743164
empty,C:\Users\Light\Videos\空轨道.mp4,615,False,0.014472651295363903,348.0084533691406,18.647876739501953,367.98052978515625,38.38559341430664
empty,C:\Users\Light\Videos\空轨道.mp4,616,False,0.014128646813333035,348.03564453125,18.660808563232422,368.0033874511719,38.38064193725586
empty,C:\Users\Light\Videos\空轨道.mp4,617,False,0.007746080867946148,346.61578369140625,18.8704891204834,367.3192138671875,38.3504753112793
empty,C:\Users\Light\Videos\空轨道.mp4,618,False,0.005606416147202253,346.9405517578125,18.714035034179688,367.96771240234375,37.743106842041016
empty,C:\Users\Light\Videos\空轨道.mp4,619,False,0.005640897434204817,346.9187927246094,18.711570739746094,367.95806884765625,37.74637985229492
empty,C:\Users\Light\Videos\空轨道.mp4,620,False,0.008400451391935349,345.9378662109375,17.390666961669922,364.63140869140625,34.844444274902344
empty,C:\Users\Light\Videos\空轨道.mp4,621,False,0.009760712273418903,267.48529052734375,0.0,469.0,109.0
empty,C:\Users\Light\Videos\空轨道.mp4,622,False,0.009736364707350731,267.4245300292969,0.0,469.0,109.0
empty,C:\Users\Light\Videos\空轨道.mp4,623,False,0.007511751260608435,0.0,41.2178955078125,18.501789093017578,59.69398880004883
empty,C:\Users\Light\Videos\空轨道.mp4,624,False,0.009606696665287018,0.0,44.49714660644531,9.76351261138916,61.03138732910156
empty,C:\Users\Light\Videos\空轨道.mp4,625,False,0.009537676349282265,0.0,44.49055862426758,9.774513244628906,61.05769729614258
empty,C:\Users\Light\Videos\空轨道.mp4,626,False,0.008417252451181412,288.992431640625,0.0,469.0,109.0
empty,C:\Users\Light\Videos\空轨道.mp4,627,False,0.008368019945919514,288.788818359375,0.0,469.0,109.0
empty,C:\Users\Light\Videos\空轨道.mp4,628,False,0.009445039555430412,0.0,41.70438003540039,18.133211135864258,59.82816696166992
empty,C:\Users\Light\Videos\空轨道.mp4,629,False,0.014061979949474335,450.1487731933594,33.2178955078125,469.0,58.16419219970703
empty,C:\Users\Light\Videos\空轨道.mp4,630,False,0.014237422496080399,450.1553955078125,33.2131462097168,469.0,58.15316390991211
empty,C:\Users\Light\Videos\空轨道.mp4,631,False,0.03339806944131851,446.1063232421875,16.605037689208984,469.0,45.05606460571289
empty,C:\Users\Light\Videos\空轨道.mp4,632,False,0.017272721976041794,0.5743117928504944,42.14323806762695,22.714885711669922,60.4364128112793
empty,C:\Users\Light\Videos\空轨道.mp4,633,False,0.016869591549038887,0.5712400078773499,42.1495361328125,22.717662811279297,60.45292663574219
empty,C:\Users\Light\Videos\空轨道.mp4,634,False,0.03333691135048866,434.68121337890625,15.796929359436035,462.18487548828125,38.54341506958008
empty,C:\Users\Light\Videos\空轨道.mp4,635,False,0.053488925099372864,447.7880859375,17.5537109375,469.0,44.42567825317383
empty,C:\Users\Light\Videos\空轨道.mp4,636,False,0.05342237651348114,447.7871398925781,17.549026489257812,469.0,44.42457962036133
empty,C:\Users\Light\Videos\空轨道.mp4,637,False,0.020773835480213165,0.8868268132209778,42.4226188659668,23.056039810180664,61.060386657714844
empty,C:\Users\Light\Videos\空轨道.mp4,638,False,0.018749140202999115,428.10931396484375,15.531041145324707,455.3151550292969,37.60787582397461
empty,C:\Users\Light\Videos\空轨道.mp4,639,False,0.03389286622405052,423.7618713378906,14.11567497253418,450.83575439453125,36.27260971069336
empty,C:\Users\Light\Videos\空轨道.mp4,640,False,0.03380754590034485,423.89605712890625,14.14698314666748,450.9714660644531,36.30593490600586
empty,C:\Users\Light\Videos\空轨道.mp4,641,False,0.02779221534729004,426.86328125,14.56822681427002,453.7569885253906,36.68239974975586
empty,C:\Users\Light\Videos\空轨道.mp4,642,False,0.032182175666093826,425.3790283203125,14.063657760620117,451.9537658691406,36.182090759277344
empty,C:\Users\Light\Videos\空轨道.mp4,643,False,0.03182920441031456,425.4173889160156,14.081138610839844,451.9992980957031,36.197418212890625
empty,C:\Users\Light\Videos\空轨道.mp4,644,False,0.02243238128721714,427.5694274902344,14.820870399475098,454.7122497558594,36.92011642456055
empty,C:\Users\Light\Videos\空轨道.mp4,645,False,0.028148377314209938,428.06591796875,14.747002601623535,455.1307678222656,36.932579040527344
empty,C:\Users\Light\Videos\空轨道.mp4,646,False,0.027606608346104622,428.34234619140625,14.8033447265625,455.4089660644531,36.98986053466797
empty,C:\Users\Light\Videos\空轨道.mp4,647,False,0.02193176932632923,429.16912841796875,15.105046272277832,456.3768615722656,37.239253997802734
empty,C:\Users\Light\Videos\空轨道.mp4,648,False,0.02246665209531784,428.9355773925781,15.04637336730957,456.130126953125,37.183406829833984
empty,C:\Users\Light\Videos\空轨道.mp4,649,False,0.029379399493336678,428.29376220703125,14.550275802612305,455.3638916015625,36.78251266479492
empty,C:\Users\Light\Videos\空轨道.mp4,650,False,0.05058027431368828,0.7425782680511475,42.120872497558594,22.4273738861084,60.51413345336914
empty,C:\Users\Light\Videos\空轨道.mp4,651,False,0.053600527346134186,0.7958948612213135,42.089561462402344,22.379472732543945,60.484798431396484
empty,C:\Users\Light\Videos\空轨道.mp4,652,False,0.037489812821149826,448.0381164550781,17.639860153198242,469.0,43.84352111816406
empty,C:\Users\Light\Videos\空轨道.mp4,653,False,0.04821491613984108,447.9828796386719,17.376615524291992,469.0,43.7320442199707
empty,C:\Users\Light\Videos\空轨道.mp4,654,False,0.04840033873915672,447.99798583984375,17.377445220947266,469.0,43.72964859008789
empty,C:\Users\Light\Videos\空轨道.mp4,655,False,0.021136201918125153,446.90338134765625,17.12708854675293,469.0,44.339439392089844
empty,C:\Users\Light\Videos\空轨道.mp4,656,False,0.02455621212720871,439.6163330078125,16.842754364013672,467.3553771972656,39.62922286987305
empty,C:\Users\Light\Videos\空轨道.mp4,657,False,0.024617720395326614,439.6756591796875,16.850284576416016,467.4014587402344,39.6376953125
empty,C:\Users\Light\Videos\空轨道.mp4,658,False,0.014160346239805222,450.1748962402344,31.950647354125977,469.0,57.296268463134766
empty,C:\Users\Light\Videos\空轨道.mp4,659,False,0.01432881411164999,450.16058349609375,31.922252655029297,469.0,57.26872253417969
empty,C:\Users\Light\Videos\空轨道.mp4,660,False,0.009023288264870644,0.0,39.51846694946289,22.706741333007812,57.08994674682617
empty,C:\Users\Light\Videos\空轨道.mp4,661,False,0.00880307424813509,0.0,39.780029296875,22.497406005859375,57.18952178955078
empty,C:\Users\Light\Videos\空轨道.mp4,662,False,0.006900513079017401,0.0,41.37614440917969,18.27042007446289,59.39616394042969
empty,C:\Users\Light\Videos\空轨道.mp4,663,False,0.0040495553985238075,0.0,43.6550407409668,11.35867691040039,61.835575103759766
empty,C:\Users\Light\Videos\空轨道.mp4,664,False,0.004079506732523441,0.0,43.64838409423828,11.361140251159668,61.844337463378906
empty,C:\Users\Light\Videos\空轨道.mp4,665,False,0.004318157210946083,0.0,37.86883544921875,23.420364379882812,57.490684509277344
empty,C:\Users\Light\Videos\空轨道.mp4,666,False,0.0024951514787971973,0.0,38.07898712158203,24.003597259521484,57.20957946777344
empty,C:\Users\Light\Videos\空轨道.mp4,667,False,0.0022889829706400633,0.0,38.026519775390625,24.12617301940918,57.197322845458984
empty,C:\Users\Light\Videos\空轨道.mp4,668,False,0.0036131057422608137,346.17462158203125,17.172224044799805,365.3125,34.39498519897461
empty,C:\Users\Light\Videos\空轨道.mp4,669,False,0.01792646385729313,345.2127685546875,17.810903549194336,364.240478515625,35.393096923828125
empty,C:\Users\Light\Videos\空轨道.mp4,670,False,0.01583690196275711,345.12945556640625,17.83138656616211,364.2317199707031,35.44074249267578
empty,C:\Users\Light\Videos\空轨道.mp4,671,False,0.007575256749987602,346.5270080566406,20.566131591796875,367.7350769042969,38.57329177856445
empty,C:\Users\Light\Videos\空轨道.mp4,672,False,0.007862397469580173,346.550048828125,20.567968368530273,367.7130432128906,38.5614128112793
empty,C:\Users\Light\Videos\空轨道.mp4,673,False,0.010451487265527248,346.8641052246094,20.2990779876709,367.61279296875,38.78440475463867
empty,C:\Users\Light\Videos\空轨道.mp4,674,False,0.009596064686775208,347.1318054199219,20.36514663696289,367.6181335449219,38.506996154785156
empty,C:\Users\Light\Videos\空轨道.mp4,675,False,0.008773980662226677,347.0972595214844,20.38235855102539,367.667236328125,38.52685546875
empty,C:\Users\Light\Videos\空轨道.mp4,676,False,0.04511082544922829,412.79522705078125,34.908206939697266,439.17169189453125,54.92274856567383
empty,C:\Users\Light\Videos\空轨道.mp4,677,False,0.00817202776670456,342.2492980957031,18.005477905273438,364.3868408203125,38.62831115722656
empty,C:\Users\Light\Videos\空轨道.mp4,678,False,0.008226923644542694,342.2704772949219,17.99292755126953,364.3940124511719,38.61181640625
empty,C:\Users\Light\Videos\空轨道.mp4,679,False,0.01587911881506443,347.4019775390625,21.083698272705078,367.1769714355469,39.5506477355957
empty,C:\Users\Light\Videos\空轨道.mp4,680,False,0.050201646983623505,347.3363037109375,18.77459144592285,367.26141357421875,38.36188507080078
empty,C:\Users\Light\Videos\空轨道.mp4,681,False,0.051227279007434845,347.3399658203125,18.78516960144043,367.2592468261719,38.372013092041016
empty,C:\Users\Light\Videos\空轨道.mp4,682,False,0.02649468556046486,346.58990478515625,19.384090423583984,366.2998352050781,38.84206771850586
empty,C:\Users\Light\Videos\空轨道.mp4,683,False,0.026235828176140785,346.5527038574219,19.387069702148438,366.259765625,38.84894943237305
empty,C:\Users\Light\Videos\空轨道.mp4,684,False,0.012705136090517044,346.3043518066406,19.104351043701172,365.7406005859375,38.445613861083984
empty,C:\Users\Light\Videos\空轨道.mp4,685,False,0.018845085054636,347.0202331542969,19.233327865600586,366.4251403808594,38.38499069213867
empty,C:\Users\Light\Videos\空轨道.mp4,686,False,0.01660853996872902,346.71484375,19.510826110839844,366.02947998046875,38.51287078857422
empty,C:\Users\Light\Videos\空轨道.mp4,687,False,0.020367609336972237,347.1397399902344,19.47622299194336,366.54656982421875,38.495121002197266
empty,C:\Users\Light\Videos\空轨道.mp4,688,False,0.020351605489850044,347.13671875,19.474742889404297,366.5474548339844,38.497047424316406
empty,C:\Users\Light\Videos\空轨道.mp4,689,False,0.012515641748905182,343.5767517089844,19.143705368041992,365.76995849609375,39.87025833129883
empty,C:\Users\Light\Videos\空轨道.mp4,690,False,0.02672453597187996,343.0298156738281,19.262351989746094,365.2586669921875,39.87474060058594
empty,C:\Users\Light\Videos\空轨道.mp4,691,False,0.026440761983394623,343.0533142089844,19.270709991455078,365.27252197265625,39.88125991821289
empty,C:\Users\Light\Videos\空轨道.mp4,692,False,0.022394603118300438,343.7229309082031,19.439916610717773,365.5926513671875,39.996543884277344
empty,C:\Users\Light\Videos\空轨道.mp4,693,False,0.02254343219101429,343.7529602050781,19.454349517822266,365.5943298339844,40.0084228515625
empty,C:\Users\Light\Videos\空轨道.mp4,694,False,0.017707156017422676,342.8438415527344,19.059484481811523,365.2464294433594,39.92597198486328
empty,C:\Users\Light\Videos\空轨道.mp4,695,False,0.022554414346814156,343.12603759765625,19.163875579833984,365.2255554199219,39.96142578125
empty,C:\Users\Light\Videos\空轨道.mp4,696,False,0.02212422527372837,343.1396789550781,19.1630916595459,365.2287292480469,39.9588508605957
empty,C:\Users\Light\Videos\空轨道.mp4,697,False,0.022180672734975815,343.0022888183594,19.257532119750977,364.73358154296875,39.837154388427734
empty,C:\Users\Light\Videos\空轨道.mp4,698,False,0.03540933504700661,342.6460266113281,19.25881004333496,364.5582275390625,39.970703125
empty,C:\Users\Light\Videos\空轨道.mp4,699,False,0.035075973719358444,342.63604736328125,19.267528533935547,364.5590515136719,39.97583770751953
empty,C:\Users\Light\Videos\空轨道.mp4,700,False,0.023542607203125954,343.22052001953125,19.33807945251465,365.28271484375,40.00407409667969
empty,C:\Users\Light\Videos\空轨道.mp4,701,False,0.014520923607051373,342.73699951171875,18.807222366333008,365.2693176269531,39.9670295715332
empty,C:\Users\Light\Videos\空轨道.mp4,702,False,0.013930996879935265,342.7707214355469,18.77994728088379,365.332763671875,39.99641036987305
empty,C:\Users\Light\Videos\空轨道.mp4,703,False,0.03037058375775814,346.285400390625,18.803298950195312,365.8516540527344,38.268272399902344
empty,C:\Users\Light\Videos\空轨道.mp4,704,False,0.03020676225423813,346.2987976074219,18.829700469970703,365.8756103515625,38.27436828613281
empty,C:\Users\Light\Videos\空轨道.mp4,705,False,0.010723776184022427,347.39306640625,19.631980895996094,366.6014709472656,38.67216873168945
empty,C:\Users\Light\Videos\空轨道.mp4,706,False,0.0276558306068182,346.66552734375,19.48850440979004,366.3682556152344,38.948143005371094
empty,C:\Users\Light\Videos\空轨道.mp4,707,False,0.0284279715269804,346.6443176269531,19.47319793701172,366.3550720214844,38.94368362426758
empty,C:\Users\Light\Videos\空轨道.mp4,708,False,0.023846419528126717,347.5625305175781,19.547693252563477,367.13934326171875,38.75309753417969
empty,C:\Users\Light\Videos\空轨道.mp4,709,False,0.042914535850286484,347.19976806640625,19.324878692626953,367.4625549316406,38.97205352783203
empty,C:\Users\Light\Videos\空轨道.mp4,710,False,0.012931239791214466,347.16766357421875,21.13423728942871,367.52850341796875,40.163082122802734
empty,C:\Users\Light\Videos\空轨道.mp4,711,False,0.01089613139629364,342.0393371582031,18.24476432800293,364.11962890625,38.829811096191406
empty,C:\Users\Light\Videos\空轨道.mp4,712,False,0.011061204597353935,342.0240173339844,18.227596282958984,364.121826171875,38.847023010253906
empty,C:\Users\Light\Videos\空轨道.mp4,713,False,0.01538415253162384,342.3914794921875,18.27044677734375,364.5107727050781,38.31834030151367
empty,C:\Users\Light\Videos\空轨道.mp4,714,False,0.013387741521000862,347.2010192871094,20.46039390563965,367.525390625,38.61008834838867
empty,C:\Users\Light\Videos\空轨道.mp4,715,False,0.013011404313147068,347.1739807128906,20.468441009521484,367.54638671875,38.618629455566406
empty,C:\Users\Light\Videos\空轨道.mp4,716,False,0.012818963266909122,347.5987548828125,20.356674194335938,367.1584777832031,37.72753143310547
empty,C:\Users\Light\Videos\空轨道.mp4,717,False,0.01269433181732893,347.5981140136719,20.36256980895996,367.1584777832031,37.73275375366211
empty,C:\Users\Light\Videos\空轨道.mp4,718,False,0.00861747469753027,438.0848083496094,32.23141860961914,464.33514404296875,52.080833435058594
empty,C:\Users\Light\Videos\空轨道.mp4,719,False,0.0037940992042422295,0.0,41.54837417602539,17.771604537963867,59.52348327636719
empty,C:\Users\Light\Videos\空轨道.mp4,720,False,0.0038544482085853815,0.0,41.55525588989258,17.77383804321289,59.50956726074219
empty,C:\Users\Light\Videos\空轨道.mp4,721,False,0.005818202160298824,0.0,44.25653839111328,10.861835479736328,61.3693962097168
empty,C:\Users\Light\Videos\空轨道.mp4,722,False,0.010056961327791214,0.0,41.510833740234375,17.920242309570312,59.899253845214844
empty,C:\Users\Light\Videos\空轨道.mp4,723,False,0.01013453584164381,0.0,41.50642013549805,17.93299102783203,59.89470672607422
empty,C:\Users\Light\Videos\空轨道.mp4,724,False,0.0052425796166062355,0.0,43.73193359375,10.991930961608887,61.61444091796875
empty,C:\Users\Light\Videos\空轨道.mp4,725,False,0.012321021407842636,0.0,41.682865142822266,18.506595611572266,59.71099853515625
empty,C:\Users\Light\Videos\空轨道.mp4,726,False,0.012282488867640495,0.0,41.684993743896484,18.5025691986084,59.712860107421875
empty,C:\Users\Light\Videos\空轨道.mp4,727,False,0.01334298774600029,0.0,41.78595733642578,18.926254272460938,59.51113510131836
empty,C:\Users\Light\Videos\空轨道.mp4,728,False,0.013250334188342094,0.0,41.792476654052734,18.89899444580078,59.51689529418945
empty,C:\Users\Light\Videos\空轨道.mp4,729,False,0.012037690728902817,0.0,41.72367477416992,19.066349029541016,59.49394607543945
empty,C:\Users\Light\Videos\空轨道.mp4,730,False,0.02524915151298046,448.6051025390625,11.299173355102539,469.0,39.46566390991211
empty,C:\Users\Light\Videos\空轨道.mp4,731,False,0.025509798899292946,448.62457275390625,11.302803993225098,469.0,39.46113967895508
empty,C:\Users\Light\Videos\空轨道.mp4,732,False,0.022989170625805855,0.14421911537647247,41.54696273803711,22.19509506225586,60.30539321899414
empty,C:\Users\Light\Videos\空轨道.mp4,733,False,0.059672821313142776,449.0308837890625,11.358810424804688,469.0,38.71670150756836
empty,C:\Users\Light\Videos\空轨道.mp4,734,False,0.03502499312162399,446.1999816894531,16.734821319580078,469.0,45.24814987182617
empty,C:\Users\Light\Videos\空轨道.mp4,735,False,0.030130358412861824,0.7065240144729614,41.774864196777344,22.053001403808594,60.1646728515625
empty,C:\Users\Light\Videos\空轨道.mp4,736,False,0.030269740149378777,0.6978136897087097,41.770225524902344,22.064083099365234,60.16599655151367
empty,C:\Users\Light\Videos\空轨道.mp4,737,False,0.03428669646382332,0.40618395805358887,41.6321907043457,21.73672866821289,60.24042510986328
empty,C:\Users\Light\Videos\空轨道.mp4,738,False,0.033379968255758286,0.44048380851745605,41.65032196044922,21.76494789123535,60.25129318237305
empty,C:\Users\Light\Videos\空轨道.mp4,739,False,0.03793277591466904,446.07452392578125,16.127227783203125,469.0,44.63764190673828
empty,C:\Users\Light\Videos\空轨道.mp4,740,False,0.02398887649178505,0.42402127385139465,41.599246978759766,22.1759033203125,60.1864128112793
empty,C:\Users\Light\Videos\空轨道.mp4,741,False,0.023841744288802147,0.41410917043685913,41.608795166015625,22.200284957885742,60.19488525390625
empty,C:\Users\Light\Videos\空轨道.mp4,742,False,0.03228252753615379,446.4718322753906,13.280426025390625,469.0,43.11647415161133
empty,C:\Users\Light\Videos\空轨道.mp4,743,False,0.019863465800881386,445.8369140625,19.616003036499023,467.69451904296875,41.07504653930664
empty,C:\Users\Light\Videos\空轨道.mp4,744,False,0.019871782511472702,445.8351135253906,19.637203216552734,467.6915588378906,41.09261703491211
empty,C:\Users\Light\Videos\空轨道.mp4,745,False,0.01568572409451008,0.0,41.640506744384766,18.941537857055664,59.472408294677734
empty,C:\Users\Light\Videos\空轨道.mp4,746,False,0.015973154455423355,449.7972717285156,32.86041259765625,469.0,57.78071212768555
empty,C:\Users\Light\Videos\空轨道.mp4,747,False,0.01520346850156784,449.78131103515625,32.88820266723633,469.0,57.808860778808594
empty,C:\Users\Light\Videos\空轨道.mp4,748,False,0.010284293442964554,0.0,41.76556396484375,18.02313804626465,59.75210189819336
empty,C:\Users\Light\Videos\空轨道.mp4,749,False,0.010388660244643688,0.0,41.76374816894531,18.029848098754883,59.76494598388672
empty,C:\Users\Light\Videos\空轨道.mp4,750,False,0.00605064956471324,0.0,41.60469436645508,17.541603088378906,59.821128845214844
empty,C:\Users\Light\Videos\空轨道.mp4,751,False,0.009782756678760052,0.0,41.41090393066406,18.485109329223633,59.62675476074219
empty,C:\Users\Light\Videos\空轨道.mp4,752,False,0.009786242619156837,0.0,41.38992691040039,18.497291564941406,59.62751770019531
empty,C:\Users\Light\Videos\空轨道.mp4,753,False,0.008646008558571339,0.0,44.388004302978516,10.05263614654541,60.7956657409668
empty,C:\Users\Light\Videos\空轨道.mp4,754,False,0.007006299681961536,0.0,39.12794876098633,22.65726089477539,57.305389404296875
empty,C:\Users\Light\Videos\空轨道.mp4,755,False,0.0070258197374641895,0.0,39.149620056152344,22.650390625,57.30581283569336
empty,C:\Users\Light\Videos\空轨道.mp4,756,False,0.006725093349814415,0.0,38.35769271850586,22.969362258911133,57.29174041748047
empty,C:\Users\Light\Videos\空轨道.mp4,757,False,0.0052491831593215466,428.9629211425781,17.76372718811035,461.99462890625,44.11207580566406
empty,C:\Users\Light\Videos\空轨道.mp4,758,False,0.001639709109440446,0.0,41.321258544921875,17.899995803833008,59.9110221862793
empty,C:\Users\Light\Videos\空轨道.mp4,759,False,0.011602071113884449,424.7853088378906,27.66893768310547,451.3404235839844,46.5441780090332
empty,C:\Users\Light\Videos\空轨道.mp4,760,False,0.011520116589963436,424.79864501953125,27.66322135925293,451.3707275390625,46.53864288330078
empty,C:\Users\Light\Videos\空轨道.mp4,761,False,0.011442870832979679,346.85205078125,18.480083465576172,367.5836181640625,37.25819396972656
empty,C:\Users\Light\Videos\空轨道.mp4,762,False,0.011185262352228165,346.8078308105469,18.48411750793457,367.5508728027344,37.25590515136719
empty,C:\Users\Light\Videos\空轨道.mp4,763,False,0.005783689208328724,346.9781799316406,20.617677688598633,367.95330810546875,38.9149284362793
empty,C:\Users\Light\Videos\空轨道.mp4,764,False,0.05542051047086716,413.46881103515625,33.53268814086914,440.1556396484375,53.82324981689453
empty,C:\Users\Light\Videos\空轨道.mp4,765,False,0.05520310625433922,413.48004150390625,33.56829833984375,440.10955810546875,53.859039306640625
empty,C:\Users\Light\Videos\空轨道.mp4,766,False,0.009032229892909527,342.65740966796875,18.1011962890625,364.4928283691406,38.44630813598633
empty,C:\Users\Light\Videos\空轨道.mp4,767,False,0.016691647469997406,348.00079345703125,18.764326095581055,367.6482849121094,38.22772979736328
empty,C:\Users\Light\Videos\空轨道.mp4,768,False,0.016431177034974098,347.98541259765625,18.78357696533203,367.62847900390625,38.24648666381836
empty,C:\Users\Light\Videos\空轨道.mp4,769,False,0.026554051786661148,346.3283996582031,18.464372634887695,366.1008605957031,38.14202880859375
empty,C:\Users\Light\Videos\空轨道.mp4,770,False,0.024351922795176506,346.5116271972656,18.56656837463379,366.10888671875,38.192138671875
empty,C:\Users\Light\Videos\空轨道.mp4,771,False,0.024846520274877548,346.492431640625,18.572172164916992,366.0920104980469,38.19160079956055
empty,C:\Users\Light\Videos\空轨道.mp4,772,False,0.03224538639187813,346.5440979003906,18.186113357543945,366.3549499511719,38.004825592041016
empty,C:\Users\Light\Videos\空轨道.mp4,773,False,0.03065307065844536,346.562255859375,18.212446212768555,366.3533630371094,38.0174446105957
empty,C:\Users\Light\Videos\空轨道.mp4,774,False,0.01427792850881815,347.50433349609375,18.739360809326172,367.0087890625,38.25090408325195
empty,C:\Users\Light\Videos\空轨道.mp4,775,False,0.030964186415076256,343.5107421875,18.756214141845703,364.8801574707031,39.490203857421875
empty,C:\Users\Light\Videos\空轨道.mp4,776,False,0.03258847817778587,343.51080322265625,18.74420166015625,364.86151123046875,39.48038864135742
empty,C:\Users\Light\Videos\空轨道.mp4,777,False,0.03979087620973587,342.9724426269531,18.369707107543945,364.8948669433594,39.361385345458984
empty,C:\Users\Light\Videos\空轨道.mp4,778,False,0.04037228599190712,346.798583984375,18.24904441833496,366.64581298828125,38.05314636230469
empty,C:\Users\Light\Videos\空轨道.mp4,779,False,0.040839046239852905,346.8038635253906,18.25617218017578,366.6517028808594,38.06605529785156
empty,C:\Users\Light\Videos\空轨道.mp4,780,False,0.027261845767498016,346.66162109375,18.279254913330078,366.26849365234375,38.044898986816406
empty,C:\Users\Light\Videos\空轨道.mp4,781,False,0.02833726443350315,342.7279357910156,18.17591667175293,364.3189392089844,39.37350845336914
empty,C:\Users\Light\Videos\空轨道.mp4,782,False,0.020073039457201958,342.9269714355469,18.12905502319336,365.2505187988281,39.4931640625
empty,C:\Users\Light\Videos\空轨道.mp4,783,False,0.020157141610980034,342.93499755859375,18.12186050415039,365.25799560546875,39.493186950683594
empty,C:\Users\Light\Videos\空轨道.mp4,784,False,0.02203448861837387,346.8143310546875,18.50648307800293,366.4863586425781,38.210269927978516
empty,C:\Users\Light\Videos\空轨道.mp4,785,False,0.03007514588534832,346.85137939453125,18.33685302734375,366.5272521972656,38.09263229370117
empty,C:\Users\Light\Videos\空轨道.mp4,786,False,0.029610298573970795,346.8795166015625,18.344337463378906,366.5523376464844,38.09263229370117
empty,C:\Users\Light\Videos\空轨道.mp4,787,False,0.043622519820928574,346.5443420410156,18.19171714782715,366.52947998046875,38.170310974121094
empty,C:\Users\Light\Videos\空轨道.mp4,788,False,0.028048379346728325,346.09979248046875,18.22696876525879,366.057373046875,38.142723083496094
empty,C:\Users\Light\Videos\空轨道.mp4,789,False,0.0271548293530941,346.05096435546875,18.218116760253906,366.00823974609375,38.14651107788086
empty,C:\Users\Light\Videos\空轨道.mp4,790,False,0.032729487866163254,346.5665588378906,18.303213119506836,366.37640380859375,38.08207702636719
empty,C:\Users\Light\Videos\空轨道.mp4,791,False,0.016443606466054916,347.4163818359375,18.80078887939453,367.0167541503906,38.348819732666016
empty,C:\Users\Light\Videos\空轨道.mp4,792,False,0.015659667551517487,347.3802795410156,18.79915428161621,366.9846496582031,38.34346008300781
empty,C:\Users\Light\Videos\空轨道.mp4,793,False,0.02947237715125084,346.4143371582031,18.382549285888672,366.3221130371094,38.22595977783203
empty,C:\Users\Light\Videos\空轨道.mp4,794,False,0.029458103701472282,346.409423828125,18.37929916381836,366.31915283203125,38.226070404052734
empty,C:\Users\Light\Videos\空轨道.mp4,795,False,0.030624516308307648,347.0117492675781,18.37356185913086,366.7161560058594,38.07053756713867
empty,C:\Users\Light\Videos\空轨道.mp4,796,False,0.027880564332008362,346.2476806640625,18.220088958740234,366.1377258300781,38.135799407958984
empty,C:\Users\Light\Videos\空轨道.mp4,797,False,0.026659101247787476,346.2592468261719,18.228471755981445,366.1463317871094,38.138755798339844
empty,C:\Users\Light\Videos\空轨道.mp4,798,False,0.020652487874031067,343.49945068359375,18.813833236694336,365.20977783203125,39.76683044433594
empty,C:\Users\Light\Videos\空轨道.mp4,799,False,0.02433735691010952,342.6212158203125,18.366479873657227,364.3770446777344,39.41010665893555
empty,C:\Users\Light\Videos\空轨道.mp4,800,False,0.02485477551817894,342.60491943359375,18.360048294067383,364.3514709472656,39.40506362915039
empty,C:\Users\Light\Videos\空轨道.mp4,801,False,0.014246132224798203,346.9149475097656,18.570423126220703,366.5265197753906,38.19586181640625
empty,C:\Users\Light\Videos\空轨道.mp4,802,False,0.020053016021847725,346.94940185546875,18.748952865600586,366.4980163574219,38.2078742980957
empty,C:\Users\Light\Videos\空轨道.mp4,803,False,0.02029023878276348,346.9787292480469,18.765268325805664,366.5125427246094,38.21110153198242
empty,C:\Users\Light\Videos\空轨道.mp4,804,False,0.020366085693240166,347.0380859375,18.474210739135742,366.7533874511719,38.17123031616211
empty,C:\Users\Light\Videos\空轨道.mp4,805,False,0.02665068954229355,347.3136291503906,18.996484756469727,367.2294616699219,38.70699691772461
empty,C:\Users\Light\Videos\空轨道.mp4,806,False,0.0413031205534935,347.0583801269531,19.23290252685547,367.2988586425781,38.90361022949219
empty,C:\Users\Light\Videos\空轨道.mp4,807,False,0.04149900749325752,347.0728454589844,19.23828125,367.3141174316406,38.907508850097656
empty,C:\Users\Light\Videos\空轨道.mp4,808,False,0.024055108428001404,348.47601318359375,19.078533172607422,368.5076599121094,38.81087112426758
empty,C:\Users\Light\Videos\空轨道.mp4,809,False,0.011415418237447739,347.39794921875,19.125194549560547,367.73876953125,38.35403823852539
empty,C:\Users\Light\Videos\空轨道.mp4,810,False,0.01161080040037632,347.4301452636719,19.132455825805664,367.7482604980469,38.34978103637695
empty,C:\Users\Light\Videos\空轨道.mp4,811,False,0.008746928535401821,347.1260070800781,20.497596740722656,367.75396728515625,38.17472839355469
empty,C:\Users\Light\Videos\空轨道.mp4,812,False,0.004538572859019041,346.3199157714844,17.15005874633789,365.9232482910156,34.56636428833008
empty,C:\Users\Light\Videos\空轨道.mp4,813,False,0.004547751508653164,346.3264465332031,17.151493072509766,365.93212890625,34.568336486816406
empty,C:\Users\Light\Videos\空轨道.mp4,814,False,0.010561701841652393,432.30645751953125,18.523000717163086,466.5172119140625,44.24867248535156
empty,C:\Users\Light\Videos\空轨道.mp4,815,False,0.00668163551017642,444.2073669433594,35.26362609863281,469.0,58.885902404785156
empty,C:\Users\Light\Videos\空轨道.mp4,816,False,0.007311888039112091,444.2627868652344,35.33753967285156,469.0,58.93745040893555
empty,C:\Users\Light\Videos\空轨道.mp4,817,False,0.012250848114490509,449.3854675292969,33.16872787475586,469.0,58.602962493896484
empty,C:\Users\Light\Videos\空轨道.mp4,818,False,0.01246500201523304,449.3318176269531,33.04338073730469,469.0,58.51598358154297
empty,C:\Users\Light\Videos\空轨道.mp4,819,False,0.013917271979153156,0.0,41.52253341674805,19.319292068481445,59.566715240478516
empty,C:\Users\Light\Videos\空轨道.mp4,820,False,0.016566386446356773,0.21946240961551666,41.68062210083008,22.93011474609375,60.47684097290039
empty,C:\Users\Light\Videos\空轨道.mp4,821,False,0.017655350267887115,0.2725359797477722,41.67750930786133,22.864240646362305,60.43468475341797
empty,C:\Users\Light\Videos\空轨道.mp4,822,False,0.021618125960230827,447.4970397949219,21.61493682861328,469.0,42.91208267211914
empty,C:\Users\Light\Videos\空轨道.mp4,823,False,0.014433275908231735,0.6940059065818787,42.361995697021484,23.153087615966797,61.213523864746094
empty,C:\Users\Light\Videos\空轨道.mp4,824,False,0.014875468797981739,398.9005126953125,16.376577377319336,424.4840393066406,36.768348693847656
empty,C:\Users\Light\Videos\空轨道.mp4,825,False,0.017285089939832687,0.0,42.52434158325195,22.920795440673828,61.69146728515625
empty,C:\Users\Light\Videos\空轨道.mp4,826,False,0.014517437666654587,0.0,42.785301208496094,23.110435485839844,61.580623626708984
empty,C:\Users\Light\Videos\空轨道.mp4,827,False,0.01440573949366808,0.0,42.789581298828125,23.122638702392578,61.58024215698242
empty,C:\Users\Light\Videos\空轨道.mp4,828,False,0.008708986453711987,265.0915832519531,0.0,469.0,109.0
empty,C:\Users\Light\Videos\空轨道.mp4,829,False,0.01908012665808201,0.0,42.302268981933594,22.967397689819336,61.28799819946289
empty,C:\Users\Light\Videos\空轨道.mp4,830,False,0.015165080316364765,0.0,41.63447952270508,25.719690322875977,62.741798400878906
empty,C:\Users\Light\Videos\空轨道.mp4,831,False,0.014676391147077084,0.0,41.625,25.757556915283203,62.76454544067383
empty,C:\Users\Light\Videos\空轨道.mp4,832,False,0.022208694368600845,0.0,42.08850860595703,24.50760841369629,62.46714782714844
empty,C:\Users\Light\Videos\空轨道.mp4,833,False,0.030525734648108482,0.0,42.47169876098633,22.853797912597656,61.35621643066406
empty,C:\Users\Light\Videos\空轨道.mp4,834,False,0.030362866818904877,0.0,42.47196960449219,22.859088897705078,61.3636589050293
empty,C:\Users\Light\Videos\空轨道.mp4,835,False,0.008140400052070618,0.058227479457855225,42.536197662353516,23.248170852661133,61.613677978515625
empty,C:\Users\Light\Videos\空轨道.mp4,836,False,0.01660609431564808,400.5760803222656,16.274694442749023,427.013671875,36.55817413330078
empty,C:\Users\Light\Videos\空轨道.mp4,837,False,0.017386306077241898,400.6424865722656,16.192197799682617,427.0939025878906,36.492889404296875
empty,C:\Users\Light\Videos\空轨道.mp4,838,False,0.018019113689661026,398.6774597167969,16.43921661376953,424.8401184082031,36.92166519165039
empty,C:\Users\Light\Videos\空轨道.mp4,839,False,0.05603525787591934,419.01904296875,13.924528121948242,447.592529296875,36.216915130615234
empty,C:\Users\Light\Videos\空轨道.mp4,840,False,0.01838490553200245,0.14188343286514282,41.92851638793945,22.995454788208008,60.65736389160156
empty,C:\Users\Light\Videos\空轨道.mp4,841,False,0.04304526001214981,423.3951110839844,14.797652244567871,451.6459655761719,37.17972946166992
empty,C:\Users\Light\Videos\空轨道.mp4,842,False,0.04293737933039665,423.5225524902344,14.805989265441895,451.76470947265625,37.18730545043945
empty,C:\Users\Light\Videos\空轨道.mp4,843,False,0.02127058245241642,447.44549560546875,23.12933921813965,469.0,44.4997673034668
empty,C:\Users\Light\Videos\空轨道.mp4,844,False,0.01875271648168564,429.326904296875,16.74432373046875,457.7509460449219,38.912776947021484
empty,C:\Users\Light\Videos\空轨道.mp4,845,False,0.019115347415208817,429.05926513671875,16.69026756286621,457.4101867675781,38.84877014160156
empty,C:\Users\Light\Videos\空轨道.mp4,846,False,0.016146555542945862,447.6514587402344,23.67622184753418,469.0,44.73212814331055
empty,C:\Users\Light\Videos\空轨道.mp4,847,False,0.02307106740772724,428.45001220703125,16.33742332458496,456.20880126953125,38.472843170166016
empty,C:\Users\Light\Videos\空轨道.mp4,848,False,0.023293359205126762,428.48480224609375,16.32021141052246,456.1653137207031,38.440032958984375
empty,C:\Users\Light\Videos\空轨道.mp4,849,False,0.019614500924944878,427.3522033691406,16.550668716430664,455.4504699707031,38.549556732177734
empty,C:\Users\Light\Videos\空轨道.mp4,850,False,0.020949415862560272,427.7439270019531,16.45024299621582,455.101806640625,38.4089241027832
empty,C:\Users\Light\Videos\空轨道.mp4,851,False,0.02041471004486084,428.0525207519531,16.517656326293945,455.3852233886719,38.46674728393555
empty,C:\Users\Light\Videos\空轨道.mp4,852,False,0.013729985803365707,0.0,39.83047866821289,22.33742904663086,57.259647369384766
empty,C:\Users\Light\Videos\空轨道.mp4,853,False,0.0143007542937994,0.0,39.8946418762207,22.288009643554688,57.1489143371582
empty,C:\Users\Light\Videos\空轨道.mp4,854,False,0.012160507962107658,447.7645568847656,25.014738082885742,469.0,45.65827941894531
empty,C:\Users\Light\Videos\空轨道.mp4,855,False,0.012171266600489616,447.760009765625,25.012296676635742,469.0,45.65494155883789
empty,C:\Users\Light\Videos\空轨道.mp4,856,False,0.04719376564025879,419.3583984375,14.375377655029297,446.0746154785156,36.50331115722656
empty,C:\Users\Light\Videos\空轨道.mp4,857,False,0.020967775955796242,0.0,40.1012077331543,22.27515411376953,57.3372802734375
empty,C:\Users\Light\Videos\空轨道.mp4,858,False,0.02186933532357216,0.0,40.12081527709961,22.28044891357422,57.34626770019531
empty,C:\Users\Light\Videos\空轨道.mp4,859,False,0.0520390123128891,0.0,40.81993865966797,21.927995681762695,59.749053955078125
empty,C:\Users\Light\Videos\空轨道.mp4,860,False,0.025468971580266953,0.0,40.94568634033203,22.121925354003906,59.88704299926758
empty,C:\Users\Light\Videos\空轨道.mp4,861,False,0.02568753995001316,0.0,40.942100524902344,22.11491584777832,59.885292053222656
empty,C:\Users\Light\Videos\空轨道.mp4,862,False,0.015796631574630737,0.0,39.94441604614258,22.46323585510254,57.4510383605957
empty,C:\Users\Light\Videos\空轨道.mp4,863,False,0.01557869277894497,0.0,39.93159866333008,22.472257614135742,57.46049880981445
empty,C:\Users\Light\Videos\空轨道.mp4,864,False,0.07437026500701904,0.02113179862499237,41.005191802978516,21.908164978027344,59.574649810791016
empty,C:\Users\Light\Videos\空轨道.mp4,865,False,0.022286470979452133,0.0,41.14830780029297,22.568254470825195,60.11861801147461
empty,C:\Users\Light\Videos\空轨道.mp4,866,False,0.02255626954138279,0.0,41.149227142333984,22.55478858947754,60.106807708740234
empty,C:\Users\Light\Videos\空轨道.mp4,867,False,0.016884880140423775,0.0,39.93332290649414,22.493240356445312,57.462135314941406
empty,C:\Users\Light\Videos\空轨道.mp4,868,False,0.026848359033465385,0.0,40.321800231933594,22.05303955078125,57.442771911621094
empty,C:\Users\Light\Videos\空轨道.mp4,869,False,0.02707058936357498,0.0,40.32444381713867,22.047826766967773,57.43174362182617
empty,C:\Users\Light\Videos\空轨道.mp4,870,False,0.016678085550665855,0.0,39.7512321472168,22.44521713256836,57.429927825927734
empty,C:\Users\Light\Videos\空轨道.mp4,871,False,0.048442207276821136,0.0,40.718055725097656,22.14664649963379,59.877201080322266
empty,C:\Users\Light\Videos\空轨道.mp4,872,False,0.04601486027240753,0.0,40.7533073425293,22.18100357055664,59.91738510131836
empty,C:\Users\Light\Videos\空轨道.mp4,873,False,0.022710932418704033,0.0,39.9533805847168,22.3017635345459,57.3983268737793
empty,C:\Users\Light\Videos\空轨道.mp4,874,False,0.023179713636636734,0.0,39.957794189453125,22.28704833984375,57.40404510498047
empty,C:\Users\Light\Videos\空轨道.mp4,875,False,0.056626852601766586,0.0,40.68455123901367,22.201568603515625,59.725948333740234
empty,C:\Users\Light\Videos\空轨道.mp4,876,False,0.07301611453294754,0.0,40.544837951660156,21.806114196777344,59.3394889831543
empty,C:\Users\Light\Videos\空轨道.mp4,877,False,0.05169926956295967,0.014166072010993958,41.0295524597168,22.318824768066406,59.64159393310547
empty,C:\Users\Light\Videos\空轨道.mp4,878,False,0.03039562702178955,0.0,39.65616226196289,22.178810119628906,57.404781341552734
empty,C:\Users\Light\Videos\空轨道.mp4,879,False,0.029981175437569618,0.0,39.64262390136719,22.18840980529785,57.406394958496094
empty,C:\Users\Light\Videos\空轨道.mp4,880,False,0.05283943563699722,0.0,40.63112258911133,22.152103424072266,59.530879974365234
empty,C:\Users\Light\Videos\空轨道.mp4,881,False,0.03872135654091835,0.1550627052783966,41.054832458496094,22.62795066833496,59.808780670166016
empty,C:\Users\Light\Videos\空轨道.mp4,882,False,0.05008631572127342,0.13907431066036224,40.966217041015625,22.515045166015625,59.71169662475586
empty,C:\Users\Light\Videos\空轨道.mp4,883,False,0.046192869544029236,0.0,40.80716323852539,22.38619041442871,59.898895263671875
empty,C:\Users\Light\Videos\空轨道.mp4,884,False,0.04573865607380867,0.0,40.805503845214844,22.393884658813477,59.902122497558594
empty,C:\Users\Light\Videos\空轨道.mp4,885,False,0.04039279744029045,0.2227085530757904,41.295841217041016,23.05744171142578,60.01680374145508
empty,C:\Users\Light\Videos\空轨道.mp4,886,False,0.03669368103146553,0.0,41.55498504638672,23.62989044189453,60.385536193847656
empty,C:\Users\Light\Videos\空轨道.mp4,887,False,0.03534996509552002,0.0,41.580177307128906,23.700546264648438,60.37858963012695
empty,C:\Users\Light\Videos\空轨道.mp4,888,False,0.017243409529328346,0.0,40.108333587646484,22.58814811706543,57.674434661865234
empty,C:\Users\Light\Videos\空轨道.mp4,889,False,0.014286131598055363,0.0,38.438777923583984,24.54880142211914,58.865509033203125
empty,C:\Users\Light\Videos\空轨道.mp4,890,False,0.014246435835957527,0.0,38.4340934753418,24.55377197265625,58.87082290649414
empty,C:\Users\Light\Videos\空轨道.mp4,891,False,0.026398038491606712,0.0,41.83230209350586,23.927452087402344,60.38154983520508
empty,C:\Users\Light\Videos\空轨道.mp4,892,False,0.006419082172214985,0.0,39.78207015991211,23.117250442504883,57.771568298339844
empty,C:\Users\Light\Videos\空轨道.mp4,893,False,0.006257438566535711,0.0,39.766807556152344,23.107200622558594,57.725196838378906
empty,C:\Users\Light\Videos\空轨道.mp4,894,False,0.012308744713664055,0.0,38.35563278198242,24.936800003051758,58.947444915771484
empty,C:\Users\Light\Videos\空轨道.mp4,895,False,0.00856748130172491,0.0,40.2057991027832,22.867229461669922,57.724571228027344
empty,C:\Users\Light\Videos\空轨道.mp4,896,False,0.008566259406507015,0.0,40.20053482055664,22.868791580200195,57.7264289855957
empty,C:\Users\Light\Videos\空轨道.mp4,897,False,0.02819196507334709,0.0,38.66679000854492,24.306915283203125,58.84466552734375
empty,C:\Users\Light\Videos\空轨道.mp4,898,False,0.028338292613625526,0.0,38.666297912597656,24.308134078979492,58.8438606262207
empty,C:\Users\Light\Videos\空轨道.mp4,899,False,0.037444423884153366,0.0,40.77090072631836,22.468618392944336,60.132511138916016
empty,C:\Users\Light\Videos\空轨道.mp4,900,False,0.025442976504564285,0.0,40.93331527709961,23.00391960144043,60.34181213378906
empty,C:\Users\Light\Videos\空轨道.mp4,901,False,0.04930935427546501,0.0,40.77556228637695,22.167526245117188,59.78325271606445
empty,C:\Users\Light\Videos\空轨道.mp4,902,False,0.029452042654156685,0.0,40.842506408691406,22.362478256225586,59.945804595947266
empty,C:\Users\Light\Videos\空轨道.mp4,903,False,0.029711555689573288,0.0,40.833900451660156,22.34674835205078,59.93455505371094
empty,C:\Users\Light\Videos\空轨道.mp4,904,False,0.01819062978029251,447.6424865722656,22.435819625854492,469.0,43.436866760253906
empty,C:\Users\Light\Videos\空轨道.mp4,905,False,0.01165495254099369,447.52166748046875,23.511676788330078,469.0,52.87094497680664
empty,C:\Users\Light\Videos\空轨道.mp4,906,False,0.011479957029223442,447.5140380859375,23.492605209350586,469.0,52.846988677978516
empty,C:\Users\Light\Videos\空轨道.mp4,907,False,0.007920123636722565,0.0,38.830078125,23.30521583557129,57.22136688232422
empty,C:\Users\Light\Videos\空轨道.mp4,908,False,0.007893241941928864,0.0,38.819725036621094,23.31126594543457,57.22571563720703
empty,C:\Users\Light\Videos\空轨道.mp4,909,False,0.017227334901690483,450.223876953125,33.59344482421875,469.0,58.24068069458008
empty,C:\Users\Light\Videos\空轨道.mp4,910,False,0.01939685083925724,449.39215087890625,34.612239837646484,469.0,59.08892822265625
empty,C:\Users\Light\Videos\空轨道.mp4,911,False,0.019471563398838043,449.4183654785156,34.62813186645508,469.0,59.075233459472656
empty,C:\Users\Light\Videos\空轨道.mp4,912,False,0.008212867192924023,0.0,39.01454544067383,23.644399642944336,57.613948822021484
empty,C:\Users\Light\Videos\空轨道.mp4,913,False,0.006161133758723736,139.51397705078125,0.0,449.1904602050781,109.0
empty,C:\Users\Light\Videos\空轨道.mp4,914,False,0.006136040668934584,139.47784423828125,0.0,449.2495422363281,109.0
empty,C:\Users\Light\Videos\空轨道.mp4,915,False,0.005402201320976019,138.7649383544922,0.0,450.13232421875,109.0
empty,C:\Users\Light\Videos\空轨道.mp4,916,False,0.00843545701354742,141.85302734375,0.0,446.3585510253906,109.0
empty,C:\Users\Light\Videos\空轨道.mp4,917,False,0.00838333461433649,141.7750244140625,0.0,446.44366455078125,109.0
empty,C:\Users\Light\Videos\空轨道.mp4,918,False,0.0057481699623167515,137.65261840820312,0.0,451.1071472167969,109.0
empty,C:\Users\Light\Videos\空轨道.mp4,919,False,0.0057406299747526646,137.64532470703125,0.0,451.11541748046875,109.0
empty,C:\Users\Light\Videos\空轨道.mp4,920,False,0.007171236909925938,266.9205017089844,0.0,469.0,109.0
empty,C:\Users\Light\Videos\空轨道.mp4,921,False,0.018470048904418945,377.4333190917969,23.2525577545166,408.46826171875,47.60988235473633
empty,C:\Users\Light\Videos\空轨道.mp4,922,False,0.01821560226380825,377.3927917480469,23.254440307617188,408.4729309082031,47.655330657958984
empty,C:\Users\Light\Videos\空轨道.mp4,923,False,0.006144088227301836,331.764892578125,13.69564151763916,443.2575988769531,109.0
empty,C:\Users\Light\Videos\空轨道.mp4,924,False,0.02446272037923336,414.1700744628906,33.976253509521484,440.4447937011719,53.74713897705078
empty,C:\Users\Light\Videos\空轨道.mp4,925,False,0.024238640442490578,414.1518859863281,33.991939544677734,440.453125,53.759822845458984
empty,C:\Users\Light\Videos\空轨道.mp4,926,False,0.006342258304357529,414.7835998535156,37.12778091430664,440.372802734375,56.12202453613281
empty,C:\Users\Light\Videos\空轨道.mp4,927,False,0.00640609348192811,414.7637939453125,37.118324279785156,440.3565673828125,56.116737365722656
empty,C:\Users\Light\Videos\空轨道.mp4,928,False,0.00805851723998785,414.1570739746094,36.55082321166992,439.353515625,55.61445236206055
empty,C:\Users\Light\Videos\空轨道.mp4,929,False,0.00786292739212513,414.1856689453125,36.61991882324219,439.3681335449219,55.67229461669922
empty,C:\Users\Light\Videos\空轨道.mp4,930,False,0.030741874128580093,347.8813781738281,21.800256729125977,367.5487976074219,39.30522155761719
empty,C:\Users\Light\Videos\空轨道.mp4,931,False,0.02704199217259884,347.7064208984375,21.606040954589844,367.5139465332031,39.41822052001953
empty,C:\Users\Light\Videos\空轨道.mp4,932,False,0.026662347838282585,347.70806884765625,21.598554611206055,367.522216796875,39.409122467041016
empty,C:\Users\Light\Videos\空轨道.mp4,933,False,0.016627982258796692,347.5682067871094,21.593265533447266,367.8941955566406,39.42924499511719
empty,C:\Users\Light\Videos\空轨道.mp4,934,False,0.009305635467171669,413.9687805175781,35.92366409301758,439.3749084472656,55.044578552246094
empty,C:\Users\Light\Videos\空轨道.mp4,935,False,0.009330637753009796,413.9636535644531,35.93471145629883,439.3614501953125,55.05598449707031
empty,C:\Users\Light\Videos\空轨道.mp4,936,False,0.009394324384629726,414.3492736816406,36.001522064208984,439.0485534667969,55.04793930053711
empty,C:\Users\Light\Videos\空轨道.mp4,937,False,0.018622998148202896,413.0865478515625,35.23139953613281,438.024169921875,54.728240966796875
empty,C:\Users\Light\Videos\空轨道.mp4,938,False,0.020273631438612938,413.09967041015625,35.11846923828125,438.0845642089844,54.67900466918945
empty,C:\Users\Light\Videos\空轨道.mp4,939,False,0.016260873526334763,413.93328857421875,35.21710205078125,438.70184326171875,54.720577239990234
empty,C:\Users\Light\Videos\空轨道.mp4,940,False,0.010022738948464394,346.5223693847656,20.68105697631836,368.0315246582031,38.852760314941406
empty,C:\Users\Light\Videos\空轨道.mp4,941,False,0.009554611518979073,346.5436096191406,20.706134796142578,368.0237731933594,38.832027435302734
empty,C:\Users\Light\Videos\空轨道.mp4,942,False,0.010165353305637836,347.2628479003906,20.658287048339844,367.5877685546875,38.1151123046875
empty,C:\Users\Light\Videos\空轨道.mp4,943,False,0.010132153518497944,347.2712097167969,20.667633056640625,367.57891845703125,38.112579345703125
empty,C:\Users\Light\Videos\空轨道.mp4,944,False,0.01670442521572113,347.4583740234375,20.735000610351562,367.45355224609375,37.86435317993164
empty,C:\Users\Light\Videos\空轨道.mp4,945,False,0.020360231399536133,345.8798522949219,18.668853759765625,364.4085693359375,35.1593017578125
empty,C:\Users\Light\Videos\空轨道.mp4,946,False,0.020289123058319092,345.8685302734375,18.663923263549805,364.4145812988281,35.165218353271484
empty,C:\Users\Light\Videos\空轨道.mp4,947,False,0.005365848541259766,262.8298034667969,0.0,469.0,109.0
empty,C:\Users\Light\Videos\空轨道.mp4,948,False,0.007258500903844833,261.73980712890625,0.0,469.0,109.0
empty,C:\Users\Light\Videos\空轨道.mp4,949,False,0.007470986805856228,260.6255187988281,0.0,469.0,109.0
empty,C:\Users\Light\Videos\空轨道.mp4,950,False,0.008092621341347694,260.52020263671875,0.0,469.0,109.0
empty,C:\Users\Light\Videos\空轨道.mp4,951,False,0.008129872381687164,260.60736083984375,0.0,469.0,109.0
empty,C:\Users\Light\Videos\空轨道.mp4,952,False,0.005917359609156847,212.57823181152344,0.0,469.0,109.0
empty,C:\Users\Light\Videos\空轨道.mp4,953,False,0.0058035762049257755,212.48301696777344,0.0,469.0,109.0
empty,C:\Users\Light\Videos\空轨道.mp4,954,False,0.0064796204678714275,0.0,41.45232009887695,18.273656845092773,59.61796951293945
empty,C:\Users\Light\Videos\空轨道.mp4,955,False,0.007010838482528925,0.0,41.4300422668457,18.52981185913086,60.12119674682617
empty,C:\Users\Light\Videos\空轨道.mp4,956,False,0.007043203338980675,0.0,41.42302703857422,18.541458129882812,60.122920989990234
empty,C:\Users\Light\Videos\空轨道.mp4,957,False,0.007558487821370363,450.1640319824219,34.295074462890625,469.0,58.95732879638672
empty,C:\Users\Light\Videos\空轨道.mp4,958,False,0.012929514050483704,446.2389221191406,22.164621353149414,467.7517395019531,42.69054412841797
empty,C:\Users\Light\Videos\空轨道.mp4,959,False,0.011438380926847458,446.2301025390625,22.493148803710938,467.6950378417969,42.849464416503906
empty,C:\Users\Light\Videos\空轨道.mp4,960,False,0.018294818699359894,446.9560852050781,22.225378036499023,469.0,43.20020294189453
empty,C:\Users\Light\Videos\空轨道.mp4,961,False,0.035535406321287155,447.3581848144531,22.62696647644043,469.0,44.29694747924805
empty,C:\Users\Light\Videos\空轨道.mp4,962,False,0.035356711596250534,447.36566162109375,22.618091583251953,469.0,44.28318405151367
empty,C:\Users\Light\Videos\空轨道.mp4,963,False,0.0390143096446991,447.1077575683594,21.063058853149414,469.0,43.02326583862305
empty,C:\Users\Light\Videos\空轨道.mp4,964,False,0.027483347803354263,435.7153015136719,16.544527053833008,463.7305603027344,39.20558166503906
empty,C:\Users\Light\Videos\空轨道.mp4,965,False,0.059677962213754654,447.822998046875,17.598623275756836,469.0,44.40725326538086
empty,C:\Users\Light\Videos\空轨道.mp4,966,False,0.05297138914465904,447.6875,17.936159133911133,469.0,44.68401336669922
empty,C:\Users\Light\Videos\空轨道.mp4,967,False,0.05292543023824692,447.6605224609375,17.925649642944336,469.0,44.70232391357422
empty,C:\Users\Light\Videos\空轨道.mp4,968,False,0.04921003058552742,447.6585388183594,17.792009353637695,469.0,44.70991897583008
empty,C:\Users\Light\Videos\空轨道.mp4,969,False,0.0213316697627306,0.0,41.198890686035156,22.37948989868164,60.15960693359375
empty,C:\Users\Light\Videos\空轨道.mp4,970,False,0.021649956703186035,0.0,41.2027702331543,22.36627769470215,60.15290832519531
empty,C:\Users\Light\Videos\空轨道.mp4,971,False,0.03865976259112358,446.91583251953125,20.855955123901367,469.0,42.735389709472656
empty,C:\Users\Light\Videos\空轨道.mp4,972,False,0.04108127951622009,446.95159912109375,16.43861198425293,469.0,44.27381896972656
empty,C:\Users\Light\Videos\空轨道.mp4,973,False,0.040524013340473175,446.93609619140625,16.432695388793945,469.0,44.27897262573242
empty,C:\Users\Light\Videos\空轨道.mp4,974,False,0.036318328231573105,446.6677551269531,16.537199020385742,469.0,44.740577697753906
empty,C:\Users\Light\Videos\空轨道.mp4,975,False,0.014218856580555439,0.0,39.95949935913086,22.224403381347656,57.09265899658203
empty,C:\Users\Light\Videos\空轨道.mp4,976,False,0.00826675072312355,449.2914733886719,32.13688659667969,469.0,57.37936782836914
empty,C:\Users\Light\Videos\空轨道.mp4,977,False,0.008039381355047226,0.0,39.68632888793945,22.644506454467773,57.21751403808594
empty,C:\Users\Light\Videos\空轨道.mp4,978,False,0.007715490646660328,0.0,39.209861755371094,22.76817512512207,57.44001388549805
empty,C:\Users\Light\Videos\空轨道.mp4,979,False,0.007958306930959225,261.3459167480469,0.0,469.0,109.0
empty,C:\Users\Light\Videos\空轨道.mp4,980,False,0.007976127788424492,261.2797546386719,0.0,469.0,109.0
empty,C:\Users\Light\Videos\空轨道.mp4,981,False,0.0037107765674591064,258.4859924316406,0.0,469.0,109.0
empty,C:\Users\Light\Videos\空轨道.mp4,982,False,0.0039042807184159756,261.0174865722656,0.0,469.0,109.0
empty,C:\Users\Light\Videos\空轨道.mp4,983,False,0.003838686738163233,260.97003173828125,0.0,469.0,109.0
empty,C:\Users\Light\Videos\空轨道.mp4,984,False,0.00459746690467,346.055908203125,17.960834503173828,365.0622253417969,34.612060546875
empty,C:\Users\Light\Videos\空轨道.mp4,985,False,0.009709812700748444,343.8968505859375,18.73185157775879,363.7862854003906,36.738651275634766
empty,C:\Users\Light\Videos\空轨道.mp4,986,False,0.01005062647163868,343.940185546875,18.7224178314209,363.8322448730469,36.700172424316406
empty,C:\Users\Light\Videos\空轨道.mp4,987,False,0.017201805487275124,343.7039794921875,19.015535354614258,363.7917175292969,37.006649017333984
empty,C:\Users\Light\Videos\空轨道.mp4,988,False,0.017297886312007904,343.6980285644531,19.008386611938477,363.7945556640625,37.008731842041016
empty,C:\Users\Light\Videos\空轨道.mp4,989,False,0.02312786690890789,414.17315673828125,33.605342864990234,440.9351806640625,53.377037048339844
empty,C:\Users\Light\Videos\空轨道.mp4,990,False,0.029261896386742592,411.95745849609375,33.89216613769531,439.2438049316406,53.6942024230957
empty,C:\Users\Light\Videos\空轨道.mp4,991,False,0.028544120490550995,412.03167724609375,34.00697708129883,439.24676513671875,53.78163146972656
empty,C:\Users\Light\Videos\空轨道.mp4,992,False,0.0103412801399827,349.18670654296875,20.972248077392578,369.79888916015625,38.21867370605469
empty,C:\Users\Light\Videos\空轨道.mp4,993,False,0.011992450803518295,348.5904846191406,20.61214256286621,369.17315673828125,38.02750778198242
empty,C:\Users\Light\Videos\空轨道.mp4,994,False,0.011901435442268848,348.5905456542969,20.623056411743164,369.17218017578125,38.030757904052734
empty,C:\Users\Light\Videos\空轨道.mp4,995,False,0.028282664716243744,343.0263671875,19.148569107055664,364.81732177734375,39.24271774291992
empty,C:\Users\Light\Videos\空轨道.mp4,996,False,0.04950375854969025,347.32562255859375,19.961204528808594,368.6026611328125,38.260562896728516
empty,C:\Users\Light\Videos\空轨道.mp4,997,False,0.026320159435272217,347.87969970703125,20.482357025146484,368.7885437011719,38.35509490966797
empty,C:\Users\Light\Videos\空轨道.mp4,998,False,0.025626253336668015,347.91815185546875,20.483680725097656,368.8143005371094,38.35005187988281
empty,C:\Users\Light\Videos\空轨道.mp4,999,False,0.028302989900112152,342.7881164550781,19.152894973754883,364.93707275390625,39.411094665527344
empty,C:\Users\Light\Videos\空轨道.mp4,1000,False,0.015129928477108479,348.6310119628906,20.82448959350586,369.3825988769531,38.296600341796875
empty,C:\Users\Light\Videos\空轨道.mp4,1001,False,0.015115742571651936,348.6197204589844,20.826438903808594,369.3734130859375,38.301822662353516
empty,C:\Users\Light\Videos\空轨道.mp4,1002,False,0.025920845568180084,348.24615478515625,20.72679901123047,369.1455383300781,38.472774505615234
empty,C:\Users\Light\Videos\空轨道.mp4,1003,False,0.05668108910322189,346.43646240234375,19.544981002807617,366.65863037109375,39.07288360595703
empty,C:\Users\Light\Videos\空轨道.mp4,1004,False,0.05660726875066757,346.4288024902344,19.556499481201172,366.64910888671875,39.07992172241211
empty,C:\Users\Light\Videos\空轨道.mp4,1005,False,0.0116288335993886,347.4019775390625,19.804548263549805,367.5948486328125,38.893009185791016
empty,C:\Users\Light\Videos\空轨道.mp4,1006,False,0.007768725510686636,412.840087890625,35.73155212402344,441.4195861816406,55.06322479248047
empty,C:\Users\Light\Videos\空轨道.mp4,1007,False,0.00774264894425869,412.8353576660156,35.72565841674805,441.4635925292969,55.06127166748047
empty,C:\Users\Light\Videos\空轨道.mp4,1008,False,0.03237254172563553,414.3199768066406,33.92515563964844,442.23895263671875,53.943687438964844
empty,C:\Users\Light\Videos\空轨道.mp4,1009,False,0.03370122238993645,414.33807373046875,33.767601013183594,442.2306823730469,53.82051467895508
empty,C:\Users\Light\Videos\空轨道.mp4,1010,False,0.013791567645967007,343.6742248535156,18.620601654052734,364.0728454589844,37.43295669555664
empty,C:\Users\Light\Videos\空轨道.mp4,1011,False,0.01752435229718685,344.5191345214844,18.634363174438477,363.8573913574219,36.32498550415039
empty,C:\Users\Light\Videos\空轨道.mp4,1012,False,0.018553173169493675,344.5120544433594,18.601530075073242,363.8730163574219,36.32048034667969
empty,C:\Users\Light\Videos\空轨道.mp4,1013,False,0.01115510892122984,346.10595703125,18.707693099975586,364.6213684082031,34.88151550292969
empty,C:\Users\Light\Videos\空轨道.mp4,1014,False,0.0028505679219961166,346.2071533203125,17.554718017578125,365.72052001953125,34.36954879760742
empty,C:\Users\Light\Videos\空轨道.mp4,1015,False,0.0027801762335002422,346.1551818847656,17.56556510925293,365.705078125,34.387657165527344
empty,C:\Users\Light\Videos\空轨道.mp4,1016,False,0.004149069078266621,0.0,41.007049560546875,18.92775535583496,59.472476959228516
empty,C:\Users\Light\Videos\空轨道.mp4,1017,False,0.01461554504930973,449.80023193359375,41.13685607910156,469.0,62.509033203125
empty,C:\Users\Light\Videos\空轨道.mp4,1018,False,0.014354960061609745,449.77093505859375,41.141944885253906,469.0,62.52604675292969
empty,C:\Users\Light\Videos\空轨道.mp4,1019,False,0.011071629822254181,0.0,41.40675735473633,18.693302154541016,59.77980422973633
empty,C:\Users\Light\Videos\空轨道.mp4,1020,False,0.011109568178653717,0.0,41.40583801269531,18.699630737304688,59.778526306152344
empty,C:\Users\Light\Videos\空轨道.mp4,1021,False,0.0049524554051458836,0.0,39.5905876159668,22.657943725585938,57.32289123535156
empty,C:\Users\Light\Videos\空轨道.mp4,1022,False,0.009759478271007538,0.0,41.63808822631836,18.29619598388672,59.694862365722656
empty,C:\Users\Light\Videos\空轨道.mp4,1023,False,0.010900626890361309,0.0,41.61686325073242,18.508697509765625,59.55683135986328
empty,C:\Users\Light\Videos\空轨道.mp4,1024,False,0.011768349446356297,0.0,40.00440979003906,22.237762451171875,56.99324417114258
empty,C:\Users\Light\Videos\空轨道.mp4,1025,False,0.011843747459352016,0.0,40.00727844238281,22.23921012878418,56.98804473876953
empty,C:\Users\Light\Videos\空轨道.mp4,1026,False,0.01910414732992649,445.8490905761719,20.791702270507812,467.7980651855469,41.81103515625
empty,C:\Users\Light\Videos\空轨道.mp4,1027,False,0.05418677255511284,448.80950927734375,11.409280776977539,469.0,38.818580627441406
empty,C:\Users\Light\Videos\空轨道.mp4,1028,False,0.053882405161857605,448.8093566894531,11.411857604980469,469.0,38.8243408203125
empty,C:\Users\Light\Videos\空轨道.mp4,1029,False,0.02246209792792797,0.0,41.51885986328125,19.48104476928711,59.372589111328125
empty,C:\Users\Light\Videos\空轨道.mp4,1030,False,0.053907718509435654,446.27545166015625,16.556764602661133,469.0,44.3333854675293
empty,C:\Users\Light\Videos\空轨道.mp4,1031,False,0.05457456782460213,446.28436279296875,16.547664642333984,469.0,44.31021499633789
empty,C:\Users\Light\Videos\空轨道.mp4,1032,False,0.03137267008423805,445.57501220703125,16.15049171447754,469.0,44.702457427978516
empty,C:\Users\Light\Videos\空轨道.mp4,1033,False,0.03132328391075134,445.57049560546875,16.13800811767578,469.0,44.69718933105469
empty,C:\Users\Light\Videos\空轨道.mp4,1034,False,0.020322971045970917,0.0,41.583648681640625,19.277969360351562,59.346839904785156
empty,C:\Users\Light\Videos\空轨道.mp4,1035,False,0.027031002566218376,452.191650390625,33.84727478027344,469.0,57.852874755859375
empty,C:\Users\Light\Videos\空轨道.mp4,1036,False,0.02693989686667919,452.19580078125,33.8453483581543,469.0,57.850318908691406
empty,C:\Users\Light\Videos\空轨道.mp4,1037,False,0.006187320686876774,0.0,41.458168029785156,18.081167221069336,59.811180114746094
empty,C:\Users\Light\Videos\空轨道.mp4,1038,False,0.00992411095649004,449.66839599609375,33.64360046386719,469.0,58.412933349609375
empty,C:\Users\Light\Videos\空轨道.mp4,1039,False,0.00988763477653265,449.6691589355469,33.64967346191406,469.0,58.41255569458008
empty,C:\Users\Light\Videos\空轨道.mp4,1040,False,0.005207068752497435,443.1275939941406,36.9527702331543,469.0,59.33744812011719
empty,C:\Users\Light\Videos\空轨道.mp4,1041,False,0.007174908183515072,260.4410400390625,0.0,469.0,109.0
empty,C:\Users\Light\Videos\空轨道.mp4,1042,False,0.007170884404331446,260.4524841308594,0.0,469.0,109.0
empty,C:\Users\Light\Videos\空轨道.mp4,1043,False,0.007974311709403992,264.2135009765625,0.0,469.0,109.0
empty,C:\Users\Light\Videos\空轨道.mp4,1044,False,0.008018030785024166,264.393310546875,0.0,469.0,109.0
empty,C:\Users\Light\Videos\空轨道.mp4,1045,False,0.00532436603680253,263.0747985839844,0.0,469.0,109.0
empty,C:\Users\Light\Videos\空轨道.mp4,1046,False,0.016359366476535797,379.06390380859375,22.079973220825195,408.8733215332031,47.567054748535156
empty,C:\Users\Light\Videos\空轨道.mp4,1047,False,0.00877958070486784,347.2280578613281,20.793764114379883,367.5142822265625,38.39097213745117
empty,C:\Users\Light\Videos\空轨道.mp4,1048,False,0.00933722872287035,346.9657897949219,20.58829689025879,367.56732177734375,38.65251541137695
empty,C:\Users\Light\Videos\空轨道.mp4,1049,False,0.009375135414302349,346.9778747558594,20.59831428527832,367.5535888671875,38.65876770019531
empty,C:\Users\Light\Videos\空轨道.mp4,1050,False,0.04634862020611763,412.4665832519531,35.05006790161133,439.7098388671875,55.148521423339844
empty,C:\Users\Light\Videos\空轨道.mp4,1051,False,0.019182443618774414,349.1942138671875,20.94232749938965,370.0683288574219,38.51291275024414
empty,C:\Users\Light\Videos\空轨道.mp4,1052,False,0.019264666363596916,349.2019958496094,20.948535919189453,370.0772399902344,38.52288818359375
empty,C:\Users\Light\Videos\空轨道.mp4,1053,False,0.028600599616765976,350.50079345703125,21.212474822998047,371.42303466796875,38.952266693115234
empty,C:\Users\Light\Videos\空轨道.mp4,1054,False,0.029859786853194237,350.4801025390625,21.18181610107422,371.419189453125,38.948768615722656
empty,C:\Users\Light\Videos\空轨道.mp4,1055,False,0.03883596509695053,347.4139709472656,20.06026268005371,368.58074951171875,38.170692443847656
empty,C:\Users\Light\Videos\空轨道.mp4,1056,False,0.031115597113966942,347.10772705078125,20.20228385925293,368.23809814453125,38.26089859008789
empty,C:\Users\Light\Videos\空轨道.mp4,1057,False,0.030923735350370407,347.100830078125,20.206295013427734,368.22442626953125,38.258140563964844
empty,C:\Users\Light\Videos\空轨道.mp4,1058,False,0.0477878600358963,347.18255615234375,19.533506393432617,367.1508483886719,38.69700241088867
empty,C:\Users\Light\Videos\空轨道.mp4,1059,False,0.036068450659513474,346.8639221191406,20.007976531982422,367.9996032714844,38.070579528808594
empty,C:\Users\Light\Videos\空轨道.mp4,1060,False,0.03696027025580406,346.8539123535156,19.974090576171875,367.9978332519531,38.048885345458984
empty,C:\Users\Light\Videos\空轨道.mp4,1061,False,0.03280404955148697,346.912841796875,20.150400161743164,367.9830322265625,38.10637283325195
empty,C:\Users\Light\Videos\空轨道.mp4,1062,False,0.03736069053411484,346.8125,19.08034896850586,366.916259765625,38.48332977294922
empty,C:\Users\Light\Videos\空轨道.mp4,1063,False,0.03820507228374481,346.81195068359375,19.074007034301758,366.9252014160156,38.47869110107422
empty,C:\Users\Light\Videos\空轨道.mp4,1064,False,0.013792570680379868,342.55255126953125,19.225866317749023,365.1784362792969,40.04331588745117
empty,C:\Users\Light\Videos\空轨道.mp4,1065,False,0.013869519345462322,342.5507507324219,19.22261619567871,365.1785583496094,40.043968200683594
empty,C:\Users\Light\Videos\空轨道.mp4,1066,False,0.028225868940353394,348.4711608886719,21.016218185424805,369.524658203125,38.78778839111328
empty,C:\Users\Light\Videos\空轨道.mp4,1067,False,0.01867026835680008,348.9240417480469,21.23869514465332,369.6910705566406,38.76585006713867
empty,C:\Users\Light\Videos\空轨道.mp4,1068,False,0.021465562283992767,348.6325378417969,21.080224990844727,369.4841003417969,38.689178466796875
empty,C:\Users\Light\Videos\空轨道.mp4,1069,False,0.054150450974702835,347.61065673828125,20.230791091918945,368.9169616699219,38.63037109375
empty,C:\Users\Light\Videos\空轨道.mp4,1070,False,0.07165564596652985,347.4267272949219,19.65533447265625,367.9421691894531,39.283775329589844
empty,C:\Users\Light\Videos\空轨道.mp4,1071,False,0.024855967611074448,348.74102783203125,21.30259132385254,369.7196044921875,38.91786575317383
empty,C:\Users\Light\Videos\空轨道.mp4,1072,False,0.012340795248746872,372.7214660644531,26.66582679748535,401.3084716796875,49.57389831542969
empty,C:\Users\Light\Videos\空轨道.mp4,1073,False,0.012260211631655693,372.7192687988281,26.662578582763672,401.309326171875,49.57293701171875
empty,C:\Users\Light\Videos\空轨道.mp4,1074,False,0.018661223351955414,343.1364440917969,19.26268768310547,363.9982604980469,38.51900863647461
empty,C:\Users\Light\Videos\空轨道.mp4,1075,False,0.00841832160949707,346.93743896484375,20.868505477905273,367.6746520996094,38.42609405517578
empty,C:\Users\Light\Videos\空轨道.mp4,1076,False,0.008421212434768677,346.93768310546875,20.863597869873047,367.6751708984375,38.42338180541992
empty,C:\Users\Light\Videos\空轨道.mp4,1077,False,0.01696545071899891,347.05975341796875,20.9583740234375,367.4795227050781,38.421653747558594
empty,C:\Users\Light\Videos\空轨道.mp4,1078,False,0.016506414860486984,347.0323486328125,20.945510864257812,367.51141357421875,38.44765090942383
empty,C:\Users\Light\Videos\空轨道.mp4,1079,False,0.0033325268886983395,345.61700439453125,17.88250732421875,365.31170654296875,34.93144607543945
empty,C:\Users\Light\Videos\空轨道.mp4,1080,False,0.00433354452252388,0.0,40.97287368774414,18.485748291015625,59.67366409301758
empty,C:\Users\Light\Videos\空轨道.mp4,1081,False,0.004331696778535843,0.0,40.97222137451172,18.488435745239258,59.67426681518555
empty,C:\Users\Light\Videos\空轨道.mp4,1082,False,0.006303665693849325,0.0,41.2684326171875,18.507463455200195,59.48935317993164
empty,C:\Users\Light\Videos\空轨道.mp4,1083,False,0.006970963906496763,0.0,41.46953201293945,18.181060791015625,59.616493225097656
empty,C:\Users\Light\Videos\空轨道.mp4,1084,False,0.006968460977077484,0.0,41.46753692626953,18.18611717224121,59.62077331542969
empty,C:\Users\Light\Videos\空轨道.mp4,1085,False,0.007434504106640816,0.0,41.422489166259766,18.407175064086914,59.86317443847656
empty,C:\Users\Light\Videos\空轨道.mp4,1086,False,0.009549403563141823,0.0,39.766807556152344,22.5777645111084,57.25944519042969
empty,C:\Users\Light\Videos\空轨道.mp4,1087,False,0.009439494460821152,0.0,39.778594970703125,22.58498764038086,57.25877380371094
empty,C:\Users\Light\Videos\空轨道.mp4,1088,False,0.008271625265479088,0.0,39.922183990478516,22.498851776123047,57.004112243652344
empty,C:\Users\Light\Videos\空轨道.mp4,1089,False,0.008388864807784557,0.0,39.923282623291016,22.490766525268555,57.006736755371094
empty,C:\Users\Light\Videos\空轨道.mp4,1090,False,0.010546042583882809,0.0,41.6264762878418,18.429195404052734,59.85124969482422
empty,C:\Users\Light\Videos\空轨道.mp4,1091,False,0.01236810814589262,0.0,41.73613739013672,18.267255783081055,59.76624298095703
empty,C:\Users\Light\Videos\空轨道.mp4,1092,False,0.012323733419179916,0.0,41.74357604980469,18.26612663269043,59.759117126464844
empty,C:\Users\Light\Videos\空轨道.mp4,1093,False,0.01155528798699379,0.0,41.6813850402832,18.603927612304688,59.51593017578125
empty,C:\Users\Light\Videos\空轨道.mp4,1094,False,0.013573418371379375,0.0,41.71468734741211,18.887889862060547,59.682090759277344
empty,C:\Users\Light\Videos\空轨道.mp4,1095,False,0.012243714183568954,0.0,41.61164093017578,18.437976837158203,59.66832733154297
empty,C:\Users\Light\Videos\空轨道.mp4,1096,False,0.014848325401544571,449.75372314453125,33.13894271850586,469.0,58.01110076904297
empty,C:\Users\Light\Videos\空轨道.mp4,1097,False,0.014837447553873062,449.7535705566406,33.13560104370117,469.0,58.013587951660156
empty,C:\Users\Light\Videos\空轨道.mp4,1098,False,0.012927518226206303,449.56195068359375,33.20225524902344,469.0,57.745548248291016
empty,C:\Users\Light\Videos\空轨道.mp4,1099,False,0.012586349621415138,449.5435791015625,33.26509475708008,469.0,57.7559928894043
empty,C:\Users\Light\Videos\空轨道.mp4,1100,False,0.008981557562947273,0.0,41.55583572387695,18.461502075195312,59.677650451660156
empty,C:\Users\Light\Videos\空轨道.mp4,1101,False,0.00866250041872263,0.0,39.25907897949219,22.422832489013672,57.140193939208984
empty,C:\Users\Light\Videos\空轨道.mp4,1102,False,0.008545765653252602,0.0,39.22095489501953,22.432518005371094,57.156532287597656
empty,C:\Users\Light\Videos\空轨道.mp4,1103,False,0.0051452964544296265,0.0,38.73451614379883,22.835025787353516,57.500301361083984
empty,C:\Users\Light\Videos\空轨道.mp4,1104,False,0.004283499903976917,430.0391540527344,17.40586280822754,463.19091796875,43.602664947509766
empty,C:\Users\Light\Videos\空轨道.mp4,1105,False,0.004400681238621473,430.01123046875,17.41236114501953,463.1913146972656,43.59899139404297
empty,C:\Users\Light\Videos\空轨道.mp4,1106,False,0.0032434528693556786,261.56024169921875,0.0,469.0,109.0
empty,C:\Users\Light\Videos\空轨道.mp4,1107,False,0.006281992886215448,345.7295227050781,18.172420501708984,364.71551513671875,35.004058837890625
empty,C:\Users\Light\Videos\空轨道.mp4,1108,False,0.006039226893335581,345.6864318847656,18.173629760742188,364.7170715332031,35.01813507080078
empty,C:\Users\Light\Videos\空轨道.mp4,1109,False,0.015197966247797012,346.7349548339844,20.64752960205078,367.37164306640625,38.414302825927734
empty,C:\Users\Light\Videos\空轨道.mp4,1110,False,0.014830481261014938,346.7176208496094,20.656448364257812,367.38702392578125,38.41139221191406
empty,C:\Users\Light\Videos\空轨道.mp4,1111,False,0.013446569442749023,415.8043212890625,36.26873016357422,443.9593200683594,55.729129791259766
empty,C:\Users\Light\Videos\空轨道.mp4,1112,False,0.06240212917327881,412.4803161621094,32.231685638427734,439.94378662109375,52.7166862487793
empty,C:\Users\Light\Videos\空轨道.mp4,1113,False,0.06082296371459961,412.45257568359375,32.27254104614258,439.8826904296875,52.728946685791016
empty,C:\Users\Light\Videos\空轨道.mp4,1114,False,0.021736308932304382,348.6953125,20.970678329467773,369.6829528808594,38.72575378417969
empty,C:\Users\Light\Videos\空轨道.mp4,1115,False,0.03810430318117142,347.5465393066406,20.321735382080078,368.6932067871094,38.36806869506836
empty,C:\Users\Light\Videos\空轨道.mp4,1116,False,0.03734054043889046,347.5572509765625,20.310619354248047,368.69110107421875,38.339115142822266
empty,C:\Users\Light\Videos\空轨道.mp4,1117,False,0.04536070302128792,346.6822509765625,19.273757934570312,366.7474060058594,38.67817687988281
empty,C:\Users\Light\Videos\空轨道.mp4,1118,False,0.024256542325019836,342.6499938964844,19.275461196899414,365.078125,40.00138473510742
empty,C:\Users\Light\Videos\空轨道.mp4,1119,False,0.022505609318614006,343.15191650390625,19.531892776489258,364.6752014160156,39.945404052734375
empty,C:\Users\Light\Videos\空轨道.mp4,1120,False,0.015788666903972626,342.4059753417969,19.232589721679688,365.0415344238281,40.31193923950195
empty,C:\Users\Light\Videos\空轨道.mp4,1121,False,0.01567854732275009,342.432373046875,19.247873306274414,365.0523681640625,40.31404495239258
empty,C:\Users\Light\Videos\空轨道.mp4,1122,False,0.02182886190712452,405.522705078125,37.627620697021484,427.0042419433594,59.5383415222168
empty,C:\Users\Light\Videos\空轨道.mp4,1123,False,0.02181282825767994,405.5257568359375,37.62065124511719,426.99688720703125,59.543251037597656
empty,C:\Users\Light\Videos\空轨道.mp4,1124,False,0.017031366005539894,405.15350341796875,37.982975006103516,427.26776123046875,59.71723175048828
empty,C:\Users\Light\Videos\空轨道.mp4,1125,False,0.022984467446804047,342.4296569824219,19.364547729492188,364.83978271484375,40.11005783081055
empty,C:\Users\Light\Videos\空轨道.mp4,1126,False,0.02252170443534851,342.40618896484375,19.344982147216797,364.818603515625,40.10219192504883
empty,C:\Users\Light\Videos\空轨道.mp4,1127,False,0.011404783464968204,405.1465148925781,38.456661224365234,427.3531799316406,59.78419494628906
empty,C:\Users\Light\Videos\空轨道.mp4,1128,False,0.012186248786747456,405.29132080078125,38.19969177246094,428.2630615234375,59.700645446777344
empty,C:\Users\Light\Videos\空轨道.mp4,1129,False,0.01207633875310421,405.2882385253906,38.21291732788086,428.2680358886719,59.70320129394531
empty,C:\Users\Light\Videos\空轨道.mp4,1130,False,0.015639672055840492,343.04412841796875,19.569318771362305,365.3559265136719,40.31375503540039
empty,C:\Users\Light\Videos\空轨道.mp4,1131,False,0.017460105940699577,347.96490478515625,21.19418716430664,368.7376708984375,38.79247283935547
empty,C:\Users\Light\Videos\空轨道.mp4,1132,False,0.017471669241786003,347.9784851074219,21.199296951293945,368.750244140625,38.793190002441406
empty,C:\Users\Light\Videos\空轨道.mp4,1133,False,0.03328639641404152,347.12042236328125,20.543832778930664,368.2904968261719,38.53884506225586
empty,C:\Users\Light\Videos\空轨道.mp4,1134,False,0.0331655777990818,347.1170959472656,20.525253295898438,368.29327392578125,38.51950454711914
empty,C:\Users\Light\Videos\空轨道.mp4,1135,False,0.03774196654558182,347.06890869140625,19.475618362426758,367.4728698730469,39.0478515625
empty,C:\Users\Light\Videos\空轨道.mp4,1136,False,0.009790870361030102,413.6733093261719,37.00626754760742,440.67791748046875,56.21261215209961
empty,C:\Users\Light\Videos\空轨道.mp4,1137,False,0.009904654696583748,413.6535339355469,37.008216857910156,440.63482666015625,56.21855163574219
empty,C:\Users\Light\Videos\空轨道.mp4,1138,False,0.005446161143481731,372.6783752441406,28.367677688598633,397.9966735839844,50.77494812011719
empty,C:\Users\Light\Videos\空轨道.mp4,1139,False,0.010126444511115551,342.1407775878906,18.990232467651367,363.7213134765625,38.50782775878906
empty,C:\Users\Light\Videos\空轨道.mp4,1140,False,0.009831136092543602,342.12274169921875,18.968381881713867,363.7442626953125,38.52945327758789
empty,C:\Users\Light\Videos\空轨道.mp4,1141,False,0.007418582681566477,343.4654541015625,18.82866859436035,364.0708923339844,37.23466110229492
empty,C:\Users\Light\Videos\空轨道.mp4,1142,False,0.007799533195793629,344.508544921875,18.587276458740234,364.4458312988281,36.24723815917969
empty,C:\Users\Light\Videos\空轨道.mp4,1143,False,0.00740162143483758,435.0204772949219,26.10995864868164,462.1223449707031,53.41984558105469
empty,C:\Users\Light\Videos\空轨道.mp4,1144,False,0.007390267215669155,435.01904296875,26.105117797851562,462.1061096191406,53.40841293334961
empty,C:\Users\Light\Videos\空轨道.mp4,1145,False,0.005743089132010937,0.0,41.14566421508789,18.639636993408203,59.4727668762207
empty,C:\Users\Light\Videos\空轨道.mp4,1146,False,0.008635819889605045,0.0,39.836395263671875,22.362560272216797,57.1983757019043
empty,C:\Users\Light\Videos\空轨道.mp4,1147,False,0.008620710112154484,0.0,39.82733917236328,22.364530563354492,57.202362060546875
empty,C:\Users\Light\Videos\空轨道.mp4,1148,False,0.011106587946414948,0.0,41.6445426940918,18.570249557495117,59.87249755859375
empty,C:\Users\Light\Videos\空轨道.mp4,1149,False,0.010910014621913433,0.0,41.65231704711914,18.42201042175293,59.7158203125
empty,C:\Users\Light\Videos\空轨道.mp4,1150,False,0.01079974789172411,0.0,41.656375885009766,18.425559997558594,59.71767807006836
empty,C:\Users\Light\Videos\空轨道.mp4,1151,False,0.013978485018014908,0.0,41.61325454711914,18.735889434814453,59.73493576049805
empty,C:\Users\Light\Videos\空轨道.mp4,1152,False,0.018095362931489944,0.0,41.72636413574219,19.16266441345215,59.36624526977539
empty,C:\Users\Light\Videos\空轨道.mp4,1153,False,0.018243001773953438,0.0,41.720088958740234,19.161090850830078,59.358089447021484
empty,C:\Users\Light\Videos\空轨道.mp4,1154,False,0.018512791022658348,446.3992614746094,20.74483871459961,468.4054870605469,41.87443542480469
empty,C:\Users\Light\Videos\空轨道.mp4,1155,False,0.020214496180415154,449.7940673828125,11.976153373718262,469.0,39.261653900146484
empty,C:\Users\Light\Videos\空轨道.mp4,1156,False,0.02030261978507042,449.79278564453125,11.976243019104004,469.0,39.26447677612305
empty,C:\Users\Light\Videos\空轨道.mp4,1157,False,0.02113865688443184,446.098388671875,22.795297622680664,469.0,43.89858627319336
empty,C:\Users\Light\Videos\空轨道.mp4,1158,False,0.021339403465390205,446.0757141113281,22.803388595581055,469.0,43.91926956176758
empty,C:\Users\Light\Videos\空轨道.mp4,1159,False,0.03932395204901695,449.63873291015625,11.539401054382324,469.0,38.74238204956055
empty,C:\Users\Light\Videos\空轨道.mp4,1160,False,0.023530935868620872,446.1468505859375,22.616321563720703,469.0,43.83108139038086
empty,C:\Users\Light\Videos\空轨道.mp4,1161,False,0.023661945015192032,446.1333312988281,22.607738494873047,469.0,43.830474853515625
empty,C:\Users\Light\Videos\空轨道.mp4,1162,False,0.02828926593065262,446.0261535644531,21.816326141357422,469.0,43.17393493652344
empty,C:\Users\Light\Videos\空轨道.mp4,1163,False,0.015840008854866028,0.0,41.6559944152832,19.189250946044922,59.31452178955078
empty,C:\Users\Light\Videos\空轨道.mp4,1164,False,0.015903515741229057,0.0,41.65549850463867,19.1781005859375,59.31389236450195
empty,C:\Users\Light\Videos\空轨道.mp4,1165,False,0.04869929701089859,448.7544250488281,11.272930145263672,469.0,39.08742904663086
empty,C:\Users\Light\Videos\空轨道.mp4,1166,False,0.026968715712428093,446.3306884765625,22.319236755371094,469.0,43.53789520263672
empty,C:\Users\Light\Videos\空轨道.mp4,1167,False,0.01612095534801483,0.0,41.65336990356445,18.64436912536621,59.49208450317383
empty,C:\Users\Light\Videos\空轨道.mp4,1168,False,0.01641686074435711,0.0,41.647789001464844,18.665512084960938,59.49789047241211
empty,C:\Users\Light\Videos\空轨道.mp4,1169,False,0.007257779594510794,0.0,41.580421447753906,18.078580856323242,59.80801773071289
empty,C:\Users\Light\Videos\空轨道.mp4,1170,False,0.007737114559859037,0.0,41.06393051147461,18.34476661682129,59.70698928833008
empty,C:\Users\Light\Videos\空轨道.mp4,1171,False,0.007747991476207972,0.0,41.06251907348633,18.34415626525879,59.709251403808594
empty,C:\Users\Light\Videos\空轨道.mp4,1172,False,0.005604197271168232,0.0,44.34983825683594,10.907989501953125,61.55875015258789
empty,C:\Users\Light\Videos\空轨道.mp4,1173,False,0.013353775255382061,429.9146728515625,17.55819320678711,462.3916015625,43.84513473510742
empty,C:\Users\Light\Videos\空轨道.mp4,1174,False,0.013385454192757607,429.9239196777344,17.554136276245117,462.4019775390625,43.832515716552734
empty,C:\Users\Light\Videos\空轨道.mp4,1175,False,0.00503028417006135,430.7306213378906,27.113874435424805,459.9210510253906,53.90439987182617
empty,C:\Users\Light\Videos\空轨道.mp4,1176,False,0.00711031723767519,379.52911376953125,21.6221981048584,408.3865966796875,47.37879943847656
empty,C:\Users\Light\Videos\空轨道.mp4,1177,False,0.007049939129501581,379.53350830078125,21.60263442993164,408.3736877441406,47.37496566772461
empty,C:\Users\Light\Videos\空轨道.mp4,1178,False,0.014295287430286407,344.19427490234375,18.395301818847656,363.9638977050781,36.30479049682617
empty,C:\Users\Light\Videos\空轨道.mp4,1179,False,0.014315641485154629,344.1861267089844,18.40334701538086,363.9936828613281,36.31709671020508
empty,C:\Users\Light\Videos\空轨道.mp4,1180,False,0.007146598771214485,346.95233154296875,20.60602378845215,367.75042724609375,38.15397262573242
empty,C:\Users\Light\Videos\空轨道.mp4,1181,False,0.010339639149606228,414.3645935058594,35.22528076171875,441.306640625,54.54085922241211
empty,C:\Users\Light\Videos\空轨道.mp4,1182,False,0.010452290996909142,414.3454284667969,35.18877410888672,441.3503723144531,54.51138687133789
empty,C:\Users\Light\Videos\空轨道.mp4,1183,False,0.04270390793681145,412.6629638671875,33.801578521728516,439.0110778808594,53.899627685546875
empty,C:\Users\Light\Videos\空轨道.mp4,1184,False,0.015944508835673332,411.7926940917969,34.469303131103516,439.0764465332031,53.88711929321289
empty,C:\Users\Light\Videos\空轨道.mp4,1185,False,0.015291132032871246,411.8497009277344,34.58057403564453,439.1309509277344,53.96719741821289
empty,C:\Users\Light\Videos\空轨道.mp4,1186,False,0.007331949193030596,352.4728698730469,21.66632652282715,372.9444274902344,38.9091682434082
empty,C:\Users\Light\Videos\空轨道.mp4,1187,False,0.010917996987700462,347.0353698730469,21.246135711669922,367.5929870605469,40.05351638793945
empty,C:\Users\Light\Videos\空轨道.mp4,1188,False,0.011294540949165821,347.0748596191406,21.279529571533203,367.5606994628906,40.015594482421875
empty,C:\Users\Light\Videos\空轨道.mp4,1189,False,0.013286030851304531,347.659912109375,19.42474365234375,367.4281005859375,38.624725341796875
empty,C:\Users\Light\Videos\空轨道.mp4,1190,False,0.016899826005101204,343.4694519042969,19.403005599975586,365.16497802734375,39.80172348022461
empty,C:\Users\Light\Videos\空轨道.mp4,1191,False,0.014637946151196957,343.4976806640625,19.61024284362793,365.0414123535156,39.8695182800293
empty,C:\Users\Light\Videos\空轨道.mp4,1192,False,0.014271830208599567,343.5208740234375,19.620664596557617,365.0794982910156,39.87630844116211
empty,C:\Users\Light\Videos\空轨道.mp4,1193,False,0.0234057679772377,343.019287109375,19.773935317993164,364.1977844238281,39.80613708496094
empty,C:\Users\Light\Videos\空轨道.mp4,1194,False,0.011735698208212852,343.91278076171875,20.057214736938477,365.5780944824219,40.10080337524414
empty,C:\Users\Light\Videos\空轨道.mp4,1195,False,0.01160057820379734,343.8941955566406,20.036752700805664,365.583251953125,40.09150314331055
empty,C:\Users\Light\Videos\空轨道.mp4,1196,False,0.02229364402592182,343.5026550292969,19.887157440185547,364.9938049316406,39.93867874145508
empty,C:\Users\Light\Videos\空轨道.mp4,1197,False,0.018088990822434425,343.15765380859375,19.80582618713379,364.3061828613281,39.85519790649414
empty,C:\Users\Light\Videos\空轨道.mp4,1198,False,0.018026703968644142,343.1476135253906,19.79493522644043,364.2987976074219,39.85179138183594
empty,C:\Users\Light\Videos\空轨道.mp4,1199,False,0.024809246882796288,343.2796325683594,19.611093521118164,364.927490234375,39.64997482299805
empty,C:\Users\Light\Videos\空轨道.mp4,1200,False,0.01494110468775034,343.3754577636719,19.667190551757812,364.8490295410156,39.727272033691406
empty,C:\Users\Light\Videos\空轨道.mp4,1201,False,0.016473514959216118,343.3753967285156,19.657440185546875,364.793701171875,39.69766616821289
empty,C:\Users\Light\Videos\空轨道.mp4,1202,False,0.019740955904126167,342.7181396484375,19.241106033325195,364.38238525390625,39.73905944824219
empty,C:\Users\Light\Videos\空轨道.mp4,1203,False,0.01968930847942829,342.7174377441406,19.239154815673828,364.3849182128906,39.741233825683594
empty,C:\Users\Light\Videos\空轨道.mp4,1204,False,0.017896845936775208,342.78265380859375,19.3978271484375,364.71380615234375,39.78749084472656
empty,C:\Users\Light\Videos\空轨道.mp4,1205,False,0.015813101083040237,342.9384765625,19.447267532348633,364.7777099609375,39.96982955932617
empty,C:\Users\Light\Videos\空轨道.mp4,1206,False,0.016103697940707207,342.9676513671875,19.45916748046875,364.8025817871094,39.96465301513672
empty,C:\Users\Light\Videos\空轨道.mp4,1207,False,0.025594687089323997,404.7457580566406,36.75593185424805,426.3538818359375,59.46185302734375
empty,C:\Users\Light\Videos\空轨道.mp4,1208,False,0.020064471289515495,343.47955322265625,19.755176544189453,364.84375,39.81902313232422
empty,C:\Users\Light\Videos\空轨道.mp4,1209,False,0.019517188891768456,343.501708984375,19.76463508605957,364.86676025390625,39.83426284790039
empty,C:\Users\Light\Videos\空轨道.mp4,1210,False,0.018287483602762222,343.1354064941406,19.613941192626953,364.5867919921875,39.768062591552734
empty,C:\Users\Light\Videos\空轨道.mp4,1211,False,0.02694757655262947,404.67138671875,36.92466735839844,426.29071044921875,59.739505767822266
empty,C:\Users\Light\Videos\空轨道.mp4,1212,False,0.0272264052182436,404.6849365234375,36.92424011230469,426.3023681640625,59.74746322631836
empty,C:\Users\Light\Videos\空轨道.mp4,1213,False,0.01814783550798893,404.8795471191406,37.1341438293457,426.6088562011719,59.59793472290039
empty,C:\Users\Light\Videos\空轨道.mp4,1214,False,0.014377618208527565,404.828369140625,37.111083984375,426.2466125488281,59.52534484863281
empty,C:\Users\Light\Videos\空轨道.mp4,1215,False,0.015257888473570347,343.3334045410156,19.67108917236328,364.85833740234375,39.91068649291992
empty,C:\Users\Light\Videos\空轨道.mp4,1216,False,0.015290610492229462,343.3382263183594,19.674562454223633,364.8547058105469,39.908782958984375
empty,C:\Users\Light\Videos\空轨道.mp4,1217,False,0.021585825830698013,343.3350830078125,19.694194793701172,364.65447998046875,39.69367980957031
empty,C:\Users\Light\Videos\空轨道.mp4,1218,False,0.015781912952661514,404.7687072753906,37.0374870300293,426.4765930175781,59.87509536743164
empty,C:\Users\Light\Videos\空轨道.mp4,1219,False,0.015794608741998672,404.7575378417969,37.043514251708984,426.4879455566406,59.83760070800781
empty,C:\Users\Light\Videos\空轨道.mp4,1220,False,0.012319996953010559,404.80657958984375,37.087440490722656,426.5437927246094,59.8675422668457
empty,C:\Users\Light\Videos\空轨道.mp4,1221,False,0.03317192941904068,343.01434326171875,19.489736557006836,364.3011169433594,39.710689544677734
empty,C:\Users\Light\Videos\空轨道.mp4,1222,False,0.03323182836174965,343.0069885253906,19.484716415405273,364.30120849609375,39.71171951293945
empty,C:\Users\Light\Videos\空轨道.mp4,1223,False,0.02242315746843815,343.36578369140625,19.712482452392578,364.7231750488281,39.88027572631836
empty,C:\Users\Light\Videos\空轨道.mp4,1224,False,0.022518524900078773,343.364990234375,19.711027145385742,364.72113037109375,39.8763542175293
empty,C:\Users\Light\Videos\空轨道.mp4,1225,False,0.01846432499587536,343.0762634277344,19.66716766357422,364.67376708984375,40.01469802856445
empty,C:\Users\Light\Videos\空轨道.mp4,1226,False,0.013237539678812027,404.7806091308594,37.3415412902832,426.6559753417969,59.96857452392578
empty,C:\Users\Light\Videos\空轨道.mp4,1227,False,0.013331535272300243,404.7776184082031,37.3416748046875,426.66607666015625,59.97144317626953
empty,C:\Users\Light\Videos\空轨道.mp4,1228,False,0.013679890893399715,404.7810363769531,37.270721435546875,426.50927734375,59.92531967163086
empty,C:\Users\Light\Videos\空轨道.mp4,1229,False,0.020449260249733925,343.6419982910156,19.87483024597168,364.79229736328125,40.052528381347656
empty,C:\Users\Light\Videos\空轨道.mp4,1230,False,0.020491547882556915,343.624755859375,19.867860794067383,364.7864990234375,40.06783676147461
empty,C:\Users\Light\Videos\空轨道.mp4,1231,False,0.013700515031814575,404.8438720703125,37.41462326049805,426.6109313964844,59.78934860229492
empty,C:\Users\Light\Videos\空轨道.mp4,1232,False,0.011650190688669682,343.3319091796875,19.907506942749023,364.8261413574219,40.06956100463867
empty,C:\Users\Light\Videos\空轨道.mp4,1233,False,0.011630164459347725,343.3215637207031,19.89188575744629,364.8228454589844,40.06088638305664
empty,C:\Users\Light\Videos\空轨道.mp4,1234,False,0.01734161749482155,342.5948486328125,19.450538635253906,364.36199951171875,39.57144546508789
empty,C:\Users\Light\Videos\空轨道.mp4,1235,False,0.017412517219781876,342.5917663574219,19.449800491333008,364.355224609375,39.56268310546875
empty,C:\Users\Light\Videos\空轨道.mp4,1236,False,0.020121658220887184,343.35064697265625,19.76288604736328,364.72222900390625,39.82189178466797
empty,C:\Users\Light\Videos\空轨道.mp4,1237,False,0.014454571530222893,343.9405212402344,19.77942657470703,365.2759704589844,39.96120071411133
empty,C:\Users\Light\Videos\空轨道.mp4,1238,False,0.020911740139126778,343.4624938964844,19.722591400146484,364.8111572265625,39.90956497192383
empty,C:\Users\Light\Videos\空轨道.mp4,1239,False,0.017545118927955627,343.2576904296875,19.496034622192383,365.1805114746094,40.024471282958984
empty,C:\Users\Light\Videos\空轨道.mp4,1240,False,0.01745031774044037,343.2687683105469,19.501615524291992,365.1850891113281,40.02511978149414
empty,C:\Users\Light\Videos\空轨道.mp4,1241,False,0.01378366257995367,404.8770446777344,37.3751335144043,426.6220397949219,59.88948440551758
empty,C:\Users\Light\Videos\空轨道.mp4,1242,False,0.01502628717571497,404.873046875,37.18669891357422,426.457763671875,59.69880676269531
empty,C:\Users\Light\Videos\空轨道.mp4,1243,False,0.015616603195667267,404.8752746582031,37.13918685913086,426.4456787109375,59.69504165649414
empty,C:\Users\Light\Videos\空轨道.mp4,1244,False,0.025896649807691574,343.1380615234375,19.4281063079834,364.87152099609375,39.60356140136719
empty,C:\Users\Light\Videos\空轨道.mp4,1245,False,0.009873493574559689,343.09613037109375,19.757081985473633,364.7991638183594,40.09721755981445
empty,C:\Users\Light\Videos\空轨道.mp4,1246,False,0.009651144035160542,343.09124755859375,19.744844436645508,364.7881774902344,40.09354019165039
empty,C:\Users\Light\Videos\空轨道.mp4,1247,False,0.016529079526662827,404.6930847167969,36.78656768798828,426.4775390625,59.52363967895508
empty,C:\Users\Light\Videos\空轨道.mp4,1248,False,0.016665572300553322,404.67327880859375,36.77253723144531,426.4765625,59.500736236572266
empty,C:\Users\Light\Videos\空轨道.mp4,1249,False,0.02030811831355095,404.45928955078125,36.64553451538086,426.4295654296875,59.33092498779297
empty,C:\Users\Light\Videos\空轨道.mp4,1250,False,0.021724827587604523,343.2539978027344,19.633304595947266,364.65838623046875,39.67899703979492
empty,C:\Users\Light\Videos\空轨道.mp4,1251,False,0.02161828614771366,343.24072265625,19.62761116027832,364.6546630859375,39.67962646484375
empty,C:\Users\Light\Videos\空轨道.mp4,1252,False,0.011238723993301392,404.7063903808594,37.41328048706055,426.5263366699219,59.83430862426758
empty,C:\Users\Light\Videos\空轨道.mp4,1253,False,0.020570509135723114,343.070068359375,19.576828002929688,364.493408203125,39.858333587646484
empty,C:\Users\Light\Videos\空轨道.mp4,1254,False,0.019995301961898804,343.06036376953125,19.58126449584961,364.50201416015625,39.8731689453125
empty,C:\Users\Light\Videos\空轨道.mp4,1255,False,0.02043260633945465,343.3302307128906,19.59363555908203,364.9434509277344,39.911224365234375
empty,C:\Users\Light\Videos\空轨道.mp4,1256,False,0.0202275849878788,343.2004089355469,19.38841438293457,364.8105163574219,39.84486389160156
empty,C:\Users\Light\Videos\空轨道.mp4,1257,False,0.0203400868922472,343.21575927734375,19.39312171936035,364.81915283203125,39.84647750854492
empty,C:\Users\Light\Videos\空轨道.mp4,1258,False,0.016956409439444542,343.7080993652344,19.776153564453125,364.986572265625,39.9052619934082
empty,C:\Users\Light\Videos\空轨道.mp4,1259,False,0.017043372616171837,343.7181091308594,19.778820037841797,364.9915466308594,39.90138626098633
empty,C:\Users\Light\Videos\空轨道.mp4,1260,False,0.01299738883972168,342.9609375,19.58935546875,364.57012939453125,40.0025520324707
empty,C:\Users\Light\Videos\空轨道.mp4,1261,False,0.022060250863432884,342.8539123535156,19.385456085205078,364.4296569824219,39.824920654296875
empty,C:\Users\Light\Videos\空轨道.mp4,1262,False,0.019422871991991997,343.6388244628906,19.60605239868164,364.88531494140625,39.897911071777344
