timestamp_ns,frame_id,detected,confidence,x_px,y_px,s_cm,velocity_cm_s,predicted
1785663469778423364,7,0,,,,,,0
1785663469819319578,9,0,,,,,,0
1785663469842205847,10,0,,,,,,0
1785663469860418789,11,0,,,,,,0
1785663469879751719,12,0,,,,,,0
1785663469903806102,13,0,,,,,,0
1785663469918770202,14,0,,,,,,0
1785663469942287632,15,1,0.035294,554.500,202.500,23.50581,0.00000,0
1785663469957726268,16,0,,,,23.50581,0.00000,1
1785663469977820149,17,0,,,,23.50581,0.00000,1
1785663469995574887,18,0,,,,23.50581,0.00000,1
1785663470008046428,19,1,0.031373,560.500,198.500,23.75914,3.74100,0
1785663470027535982,20,1,0.043137,552.500,197.500,23.64778,1.16081,0
1785663470050491960,21,1,0.082353,560.500,196.500,23.75240,2.22823,0
1785663470069803307,22,0,,,,23.79543,2.22823,1
1785663470090115061,23,0,,,,23.84069,2.22823,1
1785663470110011486,24,0,,,,23.88502,2.22823,1
1785663470129811078,25,1,0.050980,556.500,201.500,23.73522,0.42883,0
1785663470151656400,26,1,0.050980,555.500,201.500,23.64835,-0.51036,0
1785663470182558172,27,1,0.035294,555.500,200.500,23.57634,-1.15142,0
1785663470203445962,28,1,0.039216,554.500,195.500,23.50451,-1.74314,0
1785663470223559968,29,0,,,,23.46945,-1.74314,1
1785663470243456393,30,1,0.050980,558.500,197.500,23.53307,-0.57311,0
1785663470266474411,31,0,,,,23.51987,-0.57311,1
1785663470283339450,32,0,,,,23.51021,-0.57311,1
1785663470303638371,33,0,,,,23.49857,-0.57311,1
1785663470323559295,34,0,,,,,,0
1785663470343682926,35,1,0.035294,554.500,202.500,23.50581,0.00000,0
1785663470363388019,36,1,0.062745,560.500,198.500,23.71163,7.63463,0
1785663470383343068,37,0,,,,23.86399,7.63463,1
1785663470403501407,38,1,0.043137,554.500,201.500,23.83527,4.18572,0
1785663470430405928,39,1,0.050980,553.500,201.500,23.74978,1.26017,0
1785663470453923358,40,0,,,,23.77942,1.26017,1
1785663470474634400,41,1,0.043137,553.500,201.500,23.60731,-1.01853,0
1785663470494014580,42,1,0.050980,556.500,201.500,23.56915,-1.22741,0
1785663470514332334,43,0,,,,23.54421,-1.22741,1
1785663470534923043,44,1,0.078431,554.500,198.500,23.48344,-1.61952,0
1785663470554356306,45,0,,,,23.45197,-1.61952,1
1785663470573781694,46,0,,,,23.42051,-1.61952,1
1785663470593922824,47,1,0.039216,549.500,201.500,23.29957,-2.48523,0
1785663470613805833,48,0,,,,23.25015,-2.48523,1
1785663470634506958,49,0,,,,23.19870,-2.48523,1
1785663470656141407,50,1,0.043137,554.500,197.500,23.32440,-0.82960,0
1785663470678196143,51,1,0.035294,560.500,194.500,23.52659,1.39927,0
1785663470693714404,52,0,,,,23.54831,1.39927,1
1785663470716846546,53,0,,,,23.58068,1.39927,1
1785663470735631440,54,0,,,,23.60696,1.39927,1
1785663470755705196,55,0,,,,,,0
1785663470773873222,56,0,,,,,,0
1785663470795022926,57,1,0.039216,560.500,198.500,23.76725,0.00000,0
1785663470815618177,58,0,0.039216,560.500,198.500,23.76725,0.00000,1
1785663470835282146,59,0,,,,23.76725,0.00000,1
1785663470853787626,60,0,,,,23.76725,0.00000,1
1785663470879557575,61,1,0.066667,547.500,199.500,23.21370,-6.45090,0
1785663470893826640,62,0,,,,23.12165,-6.45090,1
1785663470918033271,63,1,0.066667,549.500,201.500,23.01873,-5.87102,0
1785663470935899133,64,1,0.031373,561.500,197.500,23.24790,-2.03965,0
1785663470953993368,65,0,,,,23.21100,-2.03965,1
1785663470978698161,66,1,0.035294,560.500,198.500,23.46591,1.44526,0
1785663470995731906,67,0,,,,23.49053,1.44526,1
1785663471016000202,68,1,0.031373,554.500,201.500,23.54315,1.70098,0
1785663471037462278,69,1,0.133333,554.500,197.500,23.57899,1.69340,0
1785663471062584442,70,1,0.058824,554.500,194.500,23.60546,1.50082,0
1785663471088965134,71,1,0.047059,559.500,198.500,23.71887,2.42662,0
1785663471107948943,72,1,0.050980,559.500,198.500,23.79494,2.81110,0
1785663471126225468,73,1,0.035294,554.500,201.500,23.74947,1.55703,0
1785663471146321682,74,0,,,,23.78076,1.55703,1
1785663471166073733,75,0,,,,23.81151,1.55703,1
1785663471186081574,76,1,0.050980,551.500,202.500,23.60335,-0.98785,0
1785663471205954374,77,0,,,,23.58372,-0.98785,1
1785663471226487501,78,0,,,,23.56343,-0.98785,1
1785663471246091095,79,1,0.039216,554.500,201.500,23.49066,-1.48898,0
1785663471269700982,80,1,0.047059,557.500,199.500,23.51661,-0.87036,0
1785663471285951610,81,1,0.043137,560.500,199.500,23.60022,0.21931,0
1785663471309596498,82,1,0.050980,559.500,198.500,23.65980,0.89028,0
1785663471327550442,83,1,0.094118,549.500,201.500,23.53487,-0.92050,0
1785663471346028506,84,1,0.066667,547.500,201.500,23.37993,-2.72213,0
1785663471369818350,85,0,,,,23.31518,-2.72213,1
1785663471389718566,86,1,0.098039,559.500,198.500,23.48497,-0.05675,0
1785663471410307401,87,1,0.031373,560.500,199.500,23.61684,1.50547,0
1785663471431266065,88,1,0.043137,554.500,197.500,23.60043,0.92866,0
1785663471449736546,89,1,0.031373,554.500,201.500,23.57909,0.45259,0
1785663471469861343,90,1,0.039216,553.500,201.500,23.54120,-0.14189,0
1785663471490457761,91,1,0.035294,552.500,202.500,23.48863,-0.77722,0
1785663471509715150,92,0,,,,23.47366,-0.77722,1
1785663471529953697,93,0,,,,23.45793,-0.77722,1
1785663471549743664,94,0,,,,23.44255,-0.77722,1
1785663471569892670,95,0,,,,,,0
1785663471590482088,96,0,,,,,,0
1785663471610056224,97,1,0.031373,553.500,201.500,23.46271,0.00000,0
1785663471630049773,98,1,0.043137,549.500,201.500,23.32542,-5.05852,0
1785663471650323027,99,1,0.031373,553.500,201.500,23.25037,-4.28887,0
1785663471670299368,100,1,0.031373,559.500,199.500,23.42421,1.20374,0
1785663471689937378,101,0,,,,23.44785,1.20374,1
1785663471710185841,102,0,,,,23.47222,1.20374,1
1785663471730092183,103,1,0.047059,557.500,195.500,23.65079,2.93370,0
1785663471749821484,104,1,0.050980,554.500,202.500,23.66050,2.41659,0
1785663471769857908,105,1,0.047059,553.500,201.500,23.61717,1.39082,0
1785663471789789332,106,0,0.047059,553.500,201.500,23.64489,1.39082,1
1785663471810198502,107,1,0.050980,549.500,195.500,23.49644,-0.60106,0
1785663471829953761,108,1,0.039216,560.500,198.500,23.60352,0.76847,0
1785663471849828894,109,1,0.050980,553.500,201.500,23.55904,0.05029,0
1785663471871052973,110,1,0.039216,549.500,201.500,23.44741,-1.35592,0
1785663471890092489,111,0,,,,23.42159,-1.35592,1
1785663471911083528,112,0,,,,23.39313,-1.35592,1
1785663471930655914,113,0,,,,23.36659,-1.35592,1
1785663471950418466,114,0,,,,,,0
1785663471971777876,115,0,,,,,,0
1785663471991266846,116,1,0.039216,554.500,201.500,23.50610,0.00000,0
1785663472013864077,117,0,,,,23.50610,0.00000,1
1785663472034614202,118,0,,,,23.50610,0.00000,1
1785663472055792489,119,0,,,,23.50610,0.00000,1
1785663472074510883,120,0,,,,,,0
1785663472095277341,121,1,0.054902,554.500,197.500,23.50729,0.00000,0
1785663472114130776,122,0,,,,23.50729,0.00000,1
1785663472134050826,123,1,0.050980,555.500,192.500,23.54856,0.97386,0
1785663472154345080,124,1,0.047059,556.500,195.500,23.61384,1.88239,0
1785663472175079455,125,1,0.035294,554.500,201.500,23.61095,1.16287,0
1785663472195084670,126,1,0.047059,555.500,198.500,23.61465,0.86500,0
1785663472217190073,127,0,,,,23.63377,0.86500,1
1785663472239827262,128,0,,,,23.65335,0.86500,1
1785663472254300949,129,0,,,,23.66587,0.86500,1
1785663472276209854,130,1,0.066667,554.500,193.500,23.56964,-0.19230,0
1785663472295295745,131,0,,,,23.56597,-0.19230,1
1785663472313810267,132,1,0.101961,556.500,196.500,23.57769,-0.04903,0
1785663472335548840,133,0,,,,23.57662,-0.04903,1
1785663472354152611,134,1,0.031373,555.500,203.500,23.55893,-0.21946,0
1785663472374979735,135,1,0.047059,555.500,203.500,23.54765,-0.29284,0
1785663472394429914,136,1,0.168627,558.500,195.500,23.59641,0.35159,0
1785663472414227465,137,0,,,,23.60337,0.35159,1
1785663472435391752,138,1,0.047059,555.500,195.500,23.58657,0.06805,0
1785663472454760849,139,0,,,,23.58789,0.06805,1
1785663472476613754,140,1,0.058824,555.500,195.500,23.56883,-0.15617,0
1785663472497758208,141,1,0.074510,554.500,195.500,23.53449,-0.50402,0
1785663472514444873,142,1,0.047059,554.500,201.500,23.50987,-0.69496,0
1785663472536516526,143,0,0.047059,554.500,201.500,23.49453,-0.69496,1
1785663472546461968,144,1,0.039216,554.500,194.500,23.48681,-0.70471,0
1785663472564387912,145,1,0.035294,556.500,198.500,23.51648,-0.19649,0
1785663472585349785,146,0,,,,23.51236,-0.19649,1
1785663472605817579,147,0,,,,23.50834,-0.19649,1
1785663472626643827,148,0,,,,23.50425,-0.19649,1
1785663472648311526,149,1,0.054902,556.500,198.500,23.56261,0.38278,0
1785663472674343972,150,1,0.031373,558.500,198.500,23.64175,1.07543,0
1785663472700111880,151,1,0.031373,554.500,193.500,23.60415,0.32758,0
1785663472721335374,152,0,0.031373,554.500,193.500,23.61110,0.32758,1
1785663472742087249,153,1,0.039216,554.500,201.500,23.56160,-0.32434,0
1785663472761182765,154,1,0.062745,559.500,198.500,23.62903,0.53871,0
1785663472779147793,155,0,,,,23.63871,0.53871,1
1785663472799279298,156,1,0.043137,554.500,201.500,23.58325,-0.21680,0
1785663472821312160,157,1,0.043137,560.500,198.500,23.66339,0.76427,0
1785663472842537405,158,1,0.039216,555.500,193.500,23.63063,0.17491,0
1785663472858712492,159,0,0.039216,555.500,193.500,23.63346,0.17491,1
1785663472880038944,160,1,0.031373,560.500,199.500,23.70841,1.00477,0
1785663472897930764,161,1,0.047059,553.500,201.500,23.62702,-0.16144,0
1785663472918250101,162,0,,,,23.62374,-0.16144,1
1785663472938906018,163,0,,,,23.62041,-0.16144,1
1785663472958495030,164,0,,,,23.61724,-0.16144,1
1785663472979831690,165,1,0.039216,560.500,198.500,23.72111,0.83255,0
1785663473003479327,166,0,,,,23.74080,0.83255,1
1785663473019875120,167,1,0.066667,556.500,201.500,23.67568,0.06775,0
1785663473038422309,168,0,,,,23.67694,0.06775,1
1785663473059021643,169,1,0.043137,552.500,194.500,23.53106,-1.44413,0
1785663473084967924,170,0,,,,23.49359,-1.44413,1
1785663473101376217,171,0,,,,23.46989,-1.44413,1
1785663473120299943,172,1,0.031373,554.500,201.500,23.45109,-1.36017,0
1785663473140253534,173,1,0.043137,554.500,201.500,23.43875,-1.20712,0
1785663473159598131,174,1,0.035294,553.500,201.500,23.41534,-1.20772,0
1785663473181084123,175,1,0.058824,554.500,200.500,23.41788,-0.85887,0
1785663473201048214,176,1,0.054902,555.500,200.500,23.44732,-0.26517,0
1785663473218421456,177,1,0.035294,555.500,192.500,23.48170,0.24004,0
1785663473239566493,178,0,,,,23.48678,0.24004,1
1785663473258699634,179,1,0.039216,554.500,201.500,23.50414,0.39272,0
1785663473282951765,180,1,0.031373,560.500,197.500,23.64069,1.88909,0
1785663473304296883,181,0,,,,23.68101,1.88909,1
1785663473324161808,182,0,,,,23.71854,1.88909,1
1785663473342161252,183,1,0.058824,556.500,191.500,23.67231,1.06333,0
1785663473362747462,184,1,0.043137,556.500,192.500,23.65571,0.65763,0
1785663473383832999,185,1,0.035294,554.500,201.500,23.60313,-0.09779,0
1785663473402458645,186,1,0.058824,559.500,198.500,23.65064,0.50000,0
1785663473424027178,187,1,0.043137,554.500,201.500,23.60188,-0.25427,0
1785663473439723937,188,0,0.043137,554.500,201.500,23.59788,-0.25427,1
1785663473460379562,189,1,0.058824,553.500,201.500,23.52398,-1.07636,0
1785663473482027428,190,0,,,,23.50068,-1.07636,1
1785663473502695887,191,0,,,,23.47843,-1.07636,1
1785663473522523770,192,0,,,,23.45709,-1.07636,1
1785663473542932648,193,0,,,,,,0
1785663473562115080,194,0,,,,,,0
1785663473582735706,195,0,,,,,,0
1785663473602565632,196,1,0.062745,554.500,193.500,23.50847,0.00000,0
1785663473621802313,197,1,0.031373,557.500,196.500,23.60947,3.78677,0
1785663473647228974,198,1,0.054902,548.500,201.500,23.47011,-2.18675,0
1785663473661980742,199,0,,,,23.43786,-2.18675,1
1785663473681769543,200,0,,,,23.39458,-2.18675,1
1785663473702118921,201,0,,,,23.35008,-2.18675,1
1785663473722401801,202,0,,,,,,0
1785663473742883595,203,1,0.031373,556.500,193.500,23.59524,0.00000,0
1785663473765888863,204,0,,,,23.59524,0.00000,1
1785663473782188199,205,0,,,,23.59524,0.00000,1
1785663473801865001,206,1,0.058824,556.500,198.500,23.59382,-0.02323,0
1785663473823379576,207,0,,,,23.59332,-0.02323,1
1785663473842188970,208,0,,,,23.59288,-0.02323,1
1785663473862222477,209,0,,,,23.59241,-0.02323,1
1785663473882319275,210,0,,,,,,0
1785663473902322448,211,0,,,,,,0
1785663473925962669,212,1,0.078431,554.500,198.500,23.50699,0.00000,0
1785663473945925301,213,0,,,,23.50699,0.00000,1
1785663473965922350,214,1,0.031373,555.500,201.500,23.54625,0.90377,0
1785663473985825192,215,1,0.054902,556.500,196.500,23.60979,1.80071,0
1785663474008915626,216,0,,,,23.65137,1.80071,1
1785663474028431429,217,1,0.074510,555.500,195.500,23.64299,1.21263,0
1785663474050636664,218,1,0.047059,556.500,193.500,23.65620,1.04308,0
1785663474067345204,219,0,,,,23.67363,1.04308,1
1785663474089236026,220,0,,,,23.69646,1.04308,1
1785663474108863245,221,1,0.031373,554.500,201.500,23.60199,-0.11720,0
1785663474125687284,222,1,0.039216,554.500,201.500,23.55168,-0.61868,0
1785663474145734499,223,0,,,,23.53928,-0.61868,1
1785663474165934254,224,0,,,,23.52678,-0.61868,1
1785663474188120239,225,0,,,,23.51305,-0.61868,1
1785663474206046475,226,0,,,,,,0
1785663474226434645,227,1,0.086275,554.500,201.500,23.50610,0.00000,0
1785663474247885929,228,1,0.039216,553.500,201.500,23.47105,-1.24731,0
1785663474270533910,229,1,0.031373,554.500,197.500,23.47099,-0.51886,0
1785663474286919870,230,0,,,,23.46248,-0.51886,1
1785663474307188458,231,0,,,,23.45197,-0.51886,1
1785663474327268631,232,0,,,,23.44155,-0.51886,1
1785663474345765069,233,0,,,,,,0
1785663474367055938,234,1,0.043137,554.500,194.500,23.50817,0.00000,0
1785663474386630075,235,0,,,,23.50817,0.00000,1
1785663474410416835,236,1,0.031373,553.500,201.500,23.46572,-0.91232,0
1785663474428219531,237,0,,,,23.44948,-0.91232,1
1785663474446545930,238,0,,,,23.43276,-0.91232,1
1785663474466005443,239,0,,,,23.41500,-0.91232,1
1785663474487727974,240,0,,,,,,0
1785663474506287704,241,0,,,,,,0
1785663474528439273,242,0,,,,,,0
1785663474552203159,243,0,,,,,,0
1785663474571282633,244,1,0.054902,558.500,196.500,23.68111,0.00000,0
1785663474589762739,245,0,,,,23.68111,0.00000,1
1785663474609909995,246,1,0.054902,559.500,199.500,23.72016,0.92450,0
1785663474632362852,247,0,,,,23.74092,0.92450,1
1785663474652186653,248,1,0.047059,554.500,195.500,23.56581,-1.95920,0
1785663474671736581,249,0,,,,23.52751,-1.95920,1
1785663474690275019,250,0,,,,23.49119,-1.95920,1
1785663474712155632,251,0,,,,23.44832,-1.95920,1
1785663474732084432,252,0,,,,,,0
1785663474752392103,253,0,,,,,,0
1785663474771933573,254,0,,,,,,0
1785663474790674717,255,0,,,,,,0
1785663474811945753,256,1,0.054902,560.500,198.500,23.76725,0.00000,0
1785663474832629670,257,1,0.031373,554.500,194.500,23.56024,-7.50414,0
1785663474850430491,258,0,,,,23.42666,-7.50414,1
1785663474870928910,259,0,,,,23.27283,-7.50414,1
1785663474891887282,260,1,0.039216,553.500,193.500,23.15146,-7.00164,0
1785663474909950309,261,0,,,,23.02499,-7.00164,1
1785663474932085836,262,1,0.062745,559.500,198.500,23.28218,-2.45908,0
1785663474952454173,263,1,0.031373,553.500,200.500,23.29920,-1.71635,0
1785663474970413950,264,1,0.066667,560.500,199.500,23.46091,0.52754,0
1785663474990074419,265,0,,,,23.47128,0.52754,1
1785663475010287299,266,1,0.035294,553.500,201.500,23.48291,0.53871,0
1785663475032549992,267,0,,,,23.49491,0.53871,1
1785663475050015983,268,0,,,,23.50431,0.53871,1
1785663475071437517,269,0,,,,23.51585,0.53871,1
1785663475090270244,270,1,0.050980,554.500,201.500,23.52734,0.55077,0
1785663475112088441,271,0,0.066667,48.500,176.500,23.53936,0.55077,1
1785663475128430652,272,0,0.431373,112.500,211.500,23.54836,0.55077,1
1785663475141335897,273,1,0.035294,556.500,200.500,23.59115,0.87796,0
1785663475161512319,274,1,0.039216,553.500,201.500,23.54540,0.24814,0
1785663475182509774,275,0,,,,23.55061,0.24814,1
1785663475204060807,276,0,,,,23.55596,0.24814,1
1785663475225519675,277,1,0.039216,554.500,203.500,23.52792,-0.08674,0
1785663475244738565,278,0,0.039216,554.500,203.500,23.52625,-0.08674,1
1785663475263814831,279,0,,,,23.52460,-0.08674,1
1785663475284046086,280,0,,,,23.52284,-0.08674,1
1785663475302062738,281,0,,,,,,0
1785663475323661312,282,0,,,,,,0
1785663475342836161,283,0,,,,,,0
1785663475364750774,284,1,0.035294,559.500,198.500,23.72389,0.00000,0
1785663475388370994,285,0,,,,23.72389,0.00000,1
1785663475402947181,286,0,,,,23.72389,0.00000,1
1785663475423078395,287,1,0.050980,553.500,195.500,23.47455,-4.11544,0
1785663475442562407,288,0,,,,23.39436,-4.11544,1
1785663475463651445,289,0,,,,23.30757,-4.11544,1
1785663475481707763,290,1,0.039216,548.500,202.500,23.10921,-5.46102,0
1785663475506182725,291,1,0.043137,560.500,198.500,23.30382,-1.90778,0
1785663475525986693,292,0,,,,23.26604,-1.90778,1
1785663475547892389,293,0,,,,23.22425,-1.90778,1
1785663475566712283,294,0,,,,23.18834,-1.90778,1
1785663475588409440,295,0,,,,,,0
1785663475605797556,296,1,0.141176,552.500,193.500,23.42168,0.00000,0
1785663475626566056,297,0,,,,23.42168,0.00000,1
1785663475645677905,298,0,,,,23.42168,0.00000,1
1785663475667166522,299,1,0.039216,559.500,194.500,23.71436,4.61056,0
1785663475687309111,300,0,,,,23.80723,4.61056,1
1785663475705766759,301,0,,,,23.89233,4.61056,1
1785663475727482873,302,1,0.035294,554.500,201.500,23.67136,1.22639,0
1785663475747178925,303,0,,,,23.69551,1.22639,1
1785663475766712812,304,1,0.047059,549.500,201.500,23.45303,-1.46063,0
1785663475787528561,305,0,,,,23.42262,-1.46063,1
1785663475806787117,306,0,,,,23.39449,-1.46063,1
1785663475826490752,307,1,0.054902,549.500,201.500,23.29273,-2.15686,0
1785663475847258085,308,1,0.050980,552.500,201.500,23.31266,-1.49611,0
1785663475866915929,309,0,0.050980,552.500,201.500,23.28325,-1.49611,1
1785663475888622419,310,0,,,,23.25078,-1.49611,1
1785663475907782684,311,1,0.058824,556.500,192.500,23.44827,0.79431,0
1785663475927593360,312,1,0.050980,559.500,195.500,23.60164,2.25074,0
1785663475945794635,313,1,0.094118,556.500,195.500,23.63962,2.21661,0
1785663475967389418,314,0,0.094118,556.500,195.500,23.68748,2.21661,1
1785663475986030813,315,1,0.156863,556.500,195.500,23.67975,1.64589,0
1785663476006491024,316,1,0.082353,550.500,203.500,23.55316,-0.23376,0
1785663476026299658,317,1,0.062745,556.500,194.500,23.56632,-0.01844,0
1785663476049381634,318,1,0.047059,547.500,199.500,23.40959,-1.97243,0
1785663476067126456,319,1,0.356863,556.500,195.500,23.44919,-1.02234,0
1785663476086903590,320,0,0.356863,556.500,195.500,23.42897,-1.02234,1
1785663476105981315,321,1,0.101961,559.500,198.500,23.56235,0.79638,0
1785663476129843491,322,0,0.101961,559.500,198.500,23.58135,0.79638,1
1785663476149684500,323,1,0.262745,549.500,201.500,23.42511,-1.07937,0
1785663476171416948,324,1,0.137255,549.500,202.500,23.33515,-1.82035,0
1785663476190531422,325,1,0.254902,549.500,203.500,23.28024,-2.05679,0
1785663476213904187,326,1,0.117647,554.500,198.500,23.33025,-0.84101,0
1785663476233636405,327,1,0.227451,559.500,195.500,23.47793,1.25094,0
1785663476250074573,328,1,0.223529,556.500,192.500,23.54424,1.84129,0
1785663476270622866,329,1,0.188235,548.500,201.500,23.46294,0.29758,0
1785663476291929193,330,0,0.188235,548.500,201.500,23.46928,0.29758,1
1785663476310482798,331,1,0.086275,556.500,195.500,23.54051,1.07990,0
1785663476331231465,332,1,0.082353,554.500,194.500,23.54799,0.90472,0
1785663476349809278,333,1,0.078431,549.500,201.500,23.45650,-0.39441,0
1785663476370017783,334,0,,,,23.44853,-0.39441,1
1785663476390544784,335,1,0.050980,546.500,202.500,23.28715,-2.16370,0
1785663476414794207,336,1,0.125490,552.500,200.500,23.29849,-1.42095,0
1785663476432499946,337,1,0.035294,554.500,201.500,23.36129,-0.36032,0
1785663476449960686,338,0,0.035294,554.500,201.500,23.35500,-0.36032,1
1785663476470059818,339,1,0.149020,550.500,197.500,23.33679,-0.48855,0
1785663476491417186,340,0,0.149020,550.500,197.500,23.32636,-0.48855,1
1785663476509957666,341,0,,,,23.31730,-0.48855,1
1785663476531978861,342,0,,,,23.30654,-0.48855,1
1785663476550810422,343,0,,,,,,0
1785663476570409641,344,0,,,,,,0
1785663476592451836,345,0,,,,,,0
1785663476610424738,346,1,0.121569,553.500,195.500,23.46448,0.00000,0
1785663476631106905,347,1,0.074510,555.500,194.500,23.53406,2.52214,0
1785663476651430326,348,1,0.035294,556.500,195.500,23.67087,4.88046,0
1785663476673057191,349,1,0.066667,553.500,197.500,23.70273,3.37348,0
1785663476690014521,350,1,0.098039,556.500,195.500,23.74009,3.03031,0
1785663476712522503,351,1,0.098039,554.500,195.500,23.71109,1.60171,0
1785663476730219491,352,1,0.066667,554.500,194.500,23.66094,0.53520,0
1785663476750945699,353,1,0.149020,556.500,197.500,23.64624,0.20230,0
1785663476769991341,354,1,0.168627,552.500,201.500,23.55590,-0.99004,0
1785663476793961141,355,1,0.113725,559.500,195.500,23.59775,-0.16353,0
1785663476817051284,356,1,0.074510,567.500,201.500,23.80006,2.44595,0
1785663476835892761,357,1,0.223529,566.500,198.500,23.96426,3.95149,0
1785663476854545240,358,1,0.529412,571.500,194.500,24.18085,5.78160,0
1785663476874823453,359,1,0.623529,572.500,193.500,24.38530,6.90040,0
1785663476894214424,360,1,0.709804,577.500,190.500,24.62344,8.23911,0
1785663476914214390,361,1,0.666667,576.500,194.500,24.78744,8.22912,0
1785663476934049857,362,1,0.611765,575.500,193.500,24.86884,7.18055,0
1785663476954023864,363,1,0.611765,577.500,195.500,24.92328,6.04083,0
1785663476977861249,364,1,0.674510,576.500,195.500,24.92204,4.18138,0
1785663476993839463,365,1,0.678431,576.500,194.500,24.84770,2.36640,0
1785663477017910263,366,1,0.584314,576.500,190.500,24.75833,0.48147,0
1785663477037256110,367,1,0.682353,578.500,190.500,24.68666,-0.56202,0
1785663477055161638,368,1,0.749020,575.500,194.500,24.56633,-1.98208,0
1785663477074936147,369,1,0.650980,578.500,189.500,24.50647,-2.24775,0
1785663477095747230,370,1,0.403922,583.500,191.500,24.54656,-1.13362,0
1785663477114718497,371,1,0.176471,583.500,194.500,24.60240,-0.14209,0
1785663477134468798,372,1,0.682353,580.500,188.500,24.61216,0.01882,0
1785663477155775125,373,1,0.521569,580.500,191.500,24.62234,0.14405,0
1785663477173642154,374,1,0.662745,581.500,191.500,24.64838,0.44489,0
1785663477195022272,375,1,0.607843,582.500,191.500,24.69107,0.87013,0
1785663477215799230,376,1,0.603922,586.500,198.500,24.79948,2.02775,0
1785663477233678800,377,1,0.600000,585.500,191.500,24.87302,2.50602,0
1785663477255675787,378,1,0.752941,592.500,193.500,25.06167,4.21801,0
1785663477275995707,379,1,0.725490,594.500,189.500,25.25899,5.64895,0
1785663477293752487,380,1,0.768628,590.500,189.500,25.32975,5.26978,0
1785663477316315593,381,1,0.780392,593.500,185.500,25.43365,5.07740,0
1785663477333931791,382,1,0.752941,590.500,188.500,25.42465,3.81271,0
1785663477354059505,383,1,0.827451,589.500,188.500,25.36928,2.11622,0
1785663477374128012,384,1,0.803922,587.500,187.500,25.25667,0.12688,0
1785663477396257122,385,1,0.788235,584.500,186.500,25.07537,-2.23173,0
1785663477418603231,386,1,0.647059,581.500,186.500,24.83691,-4.64579,0
1785663477438004994,387,1,0.788235,575.500,187.500,24.53256,-7.38982,0
1785663477458470163,388,1,0.756863,571.500,186.500,24.20527,-9.64493,0
1785663477479598284,389,1,0.807843,567.500,188.500,23.86509,-11.39119,0
1785663477500464949,390,1,0.862745,562.500,188.500,23.52411,-12.71302,0
1785663477520759119,391,1,0.831373,555.500,189.500,23.16879,-13.95855,0
1785663477538296859,392,1,0.811765,549.500,187.500,22.86160,-14.75837,0
1785663477560370262,393,1,0.815686,543.500,187.500,22.49990,-15.21907,0
1785663477578069584,394,1,0.800000,537.500,189.500,22.20523,-15.54398,0
1785663477598870167,395,1,0.811765,529.500,190.500,21.85898,-15.83827,0
1785663477619619124,396,1,0.835294,523.500,190.500,21.51970,-15.97488,0
1785663477640344458,397,1,0.823529,515.500,190.500,21.17336,-16.17023,0
1785663477660275674,398,1,0.823529,507.500,189.500,20.83367,-16.39313,0
1785663477678921319,399,1,0.796079,498.500,188.500,20.49355,-16.83458,0
1785663477697850004,400,1,0.815686,490.500,189.500,20.14218,-17.25375,0
1785663477721796180,401,1,0.792157,483.500,188.500,19.70793,-17.52408,0
1785663477737902726,402,1,0.839216,472.500,188.500,19.35176,-18.47527,0
1785663477758079148,403,1,0.819608,463.500,189.500,18.93714,-19.01447,0
1785663477780970376,404,1,0.815686,452.500,188.500,18.39396,-20.40178,0
1785663477797867039,405,1,0.788235,445.500,188.500,18.00780,-20.93526,0
1785663477819085576,406,1,0.819608,434.500,187.500,17.52782,-21.39521,0
1785663477837702763,407,1,0.788235,423.500,185.500,17.05386,-22.36722,0
1785663477861552107,408,1,0.819608,412.500,189.500,16.45091,-23.25886,0
1785663477877787277,409,1,0.800000,401.500,191.500,16.00108,-24.18844,0
1785663477897898074,410,1,0.811765,389.500,188.500,15.47472,-24.70240,0
1785663477917757458,411,1,0.792157,379.500,188.500,14.93655,-25.31430,0
1785663477939771069,412,1,0.776471,368.500,189.500,14.34912,-25.70128,0
1785663477959661661,413,1,0.780392,355.500,189.500,13.78758,-26.34646,0
1785663477977808103,414,1,0.780392,345.500,190.500,13.32418,-26.15796,0
1785663478001428782,415,1,0.792157,331.500,188.500,12.67706,-26.53294,0
1785663478017861992,416,1,0.815686,321.500,187.500,12.23411,-26.62216,0
1785663478040104268,417,1,0.811765,308.500,191.500,11.65677,-26.43178,0
1785663478063052954,418,1,0.780392,292.500,190.500,10.94449,-27.78947,0
1785663478084876693,419,1,0.788235,279.500,189.500,10.26776,-28.69027,0
1785663478102249268,420,1,0.800000,273.500,189.500,9.87245,-27.36637,0
1785663478122609313,421,1,0.768628,259.500,189.500,9.38743,-26.43987,0
1785663478142329864,422,1,0.741176,246.500,191.500,8.87382,-26.33992,0
1785663478162311455,423,1,0.705882,235.500,191.500,8.37167,-26.03028,0
1785663478182012465,424,1,0.760784,220.500,189.500,7.81502,-26.59162,0
1785663478206099514,425,1,0.756863,212.500,188.500,7.21092,-26.12538,0
1785663478222257685,426,1,0.780392,203.515,192.249,6.85950,-25.21597,0
1785663478242139527,427,1,0.760784,190.500,192.500,6.42511,-24.35376,0
1785663478262066868,428,1,0.752941,180.500,189.500,5.97088,-23.95404,0
1785663478284599933,429,1,0.647059,169.500,194.500,5.44884,-23.72675,0
1785663478301678886,430,1,0.639216,161.500,190.500,5.10189,-22.97790,0
1785663478324619697,431,1,0.745098,151.500,194.500,4.65183,-21.98816,0
1785663478342564391,432,1,0.725490,144.500,191.500,4.34032,-20.92011,0
1785663478365303579,433,1,0.737255,136.500,191.500,3.98486,-19.37596,0
1785663478381836538,434,1,0.725490,128.500,192.500,3.74913,-18.28718,0
1785663478405134928,435,1,0.756863,121.500,193.500,3.43712,-16.81985,0
1785663478421865635,436,1,0.780392,114.500,193.500,3.22608,-15.91282,0
1785663478442469927,437,1,0.800000,109.500,192.500,3.01449,-14.41556,0
1785663478463659298,438,1,0.796079,105.500,191.500,2.82792,-12.88837,0
1785663478482501066,439,1,0.788235,100.500,192.500,2.69472,-11.48126,0
1785663478505368669,440,1,0.831373,96.500,193.500,2.55060,-9.96382,0
1785663478521878878,441,1,0.811765,94.500,193.500,2.51299,-8.33341,0
1785663478543982031,442,1,0.772549,89.500,192.500,2.47755,-6.42155,0
1785663478565183359,443,1,0.819608,88.500,191.500,2.48815,-4.53736,0
1785663478582885598,444,1,0.823529,88.500,194.500,2.54341,-2.79557,0
1785663478602479859,445,1,0.800000,88.500,193.500,2.60265,-1.33182,0
1785663478626893863,446,1,0.764706,92.500,192.500,2.74504,0.91154,0
1785663478642012253,447,1,0.780392,91.500,194.500,2.84463,2.01755,0
1785663478664269112,448,1,0.819608,95.500,193.500,3.01349,3.61791,0
1785663478682135849,449,1,0.788235,100.500,193.500,3.22043,5.45477,0
1785663478709962611,450,1,0.811765,103.500,192.500,3.50226,7.13237,0
1785663478733750705,451,1,0.784314,108.500,192.500,3.77869,8.50720,0
1785663478754658328,452,0,0.784314,108.500,192.500,3.95655,8.50720,1
1785663478777606430,453,1,0.764706,120.500,192.500,4.33886,10.67723,0
1785663478796963568,454,1,0.756863,128.500,192.500,4.68982,12.35136,0
1785663478814456976,455,0,0.756863,128.500,192.500,4.90589,12.35136,1
1785663478835617763,456,1,0.745098,136.500,193.500,5.33679,14.26015,0
1785663478856164014,457,1,0.709804,151.500,194.500,5.78888,16.08612,0
1785663478878109960,458,1,0.760784,160.500,191.500,6.27224,17.65164,0
1785663478895189788,459,1,0.701961,167.500,191.500,6.62551,18.29575,0
1785663478914214139,460,0,0.701961,167.500,191.500,6.97358,18.29575,1
1785663478935008013,461,1,0.741176,179.500,193.500,7.51788,20.23279,0
1785663478958161446,462,1,0.756863,205.500,193.500,8.26606,23.52915,0
1785663478978533575,463,1,0.768628,214.500,189.500,8.85332,24.83696,0
1785663478996867848,464,0,0.768628,214.500,189.500,9.30868,24.83696,1
1785663479022772546,465,1,0.764706,239.500,194.500,10.13284,26.91085,0
1785663479047146884,466,1,0.741176,252.500,191.500,10.82872,27.37774,0
1785663479065834946,467,1,0.760784,273.500,193.500,11.48089,29.08527,0
1785663479087551936,468,1,0.756863,289.500,190.500,12.27672,31.14981,0
1785663479105814752,469,1,0.776471,302.500,193.500,12.91217,32.00187,0
1785663479126846332,470,1,0.784314,316.500,193.500,13.64709,32.79942,0
1785663479146407052,471,1,0.768628,329.500,191.500,14.28566,32.76064,0
1785663479167234176,472,1,0.764706,347.500,194.500,15.02980,33.55612,0
1785663479185946737,473,1,0.796079,366.500,199.500,15.75574,34.81526,0
1785663479207952474,474,1,0.807843,377.500,192.500,16.52478,34.85246,0
1785663479226691869,475,1,0.756863,398.868,192.205,17.25023,35.77986,0
1785663479247329703,476,1,0.737255,417.250,193.261,18.09556,37.14970,0
1785663479265818850,477,1,0.741176,434.500,193.500,18.85192,38.04053,0
1785663479287926086,478,1,0.760784,454.397,192.029,19.81316,39.58140,0
1785663479307893094,479,1,0.619608,473.323,192.348,20.66852,40.41479,0
1785663479332951091,480,1,0.709804,493.912,191.908,21.77033,41.55619,0
1785663479357687676,481,1,0.741176,514.500,191.500,22.79818,41.55488,0
1785663479377869056,482,1,0.792157,545.632,191.282,23.77786,43.36286,0
1785663479400706618,483,0,0.792157,545.632,191.282,24.76816,43.36286,1
1785663479418039902,484,1,0.760784,567.500,190.500,25.68053,45.26527,0
1785663479438645361,485,1,0.745098,597.500,192.500,26.83617,47.86930,0
1785663479458086499,486,1,0.788235,594.500,189.500,27.50708,44.76036,0
1785663479479225411,487,0,0.741176,581.500,187.500,28.45327,44.76036,1
1785663479500201575,488,0,0.819608,568.500,189.500,29.39216,44.76036,1
1785663479520762118,489,0,0.811765,559.500,189.500,30.31247,44.76036,1
1785663479538235401,490,0,0.768628,549.500,185.500,,,0
1785663479558729444,491,1,0.760784,541.500,186.500,22.94612,0.00000,0
1785663479578937366,492,1,0.835294,529.500,185.500,22.53248,-15.16383,0
1785663479597954425,493,1,0.811765,522.500,189.500,21.70647,-30.56649,0
1785663479618114514,494,1,0.831373,510.500,187.500,20.62436,-40.58634,0
1785663479638849763,495,1,0.792157,498.500,187.500,19.56112,-44.39509,0
1785663479662530817,496,1,0.792157,487.500,186.500,18.57264,-43.48956,0
1785663479682173786,497,1,0.796079,476.500,188.500,17.96900,-40.16372,0
1785663479705162054,498,1,0.839216,463.500,187.500,17.41682,-35.46049,0
1785663479723480787,499,0,0.792157,452.500,186.500,16.76723,-35.46049,1
1785663479741819435,500,0,0.819608,438.500,189.500,16.11694,-35.46049,1
1785663479762320771,501,0,0.819608,425.500,189.500,15.38994,-35.46049,1
1785663479787617058,502,0,0.815686,414.500,188.500,,,0
1785663479801651917,503,1,0.784314,397.500,188.500,16.64583,0.00000,0
1785663479821862172,504,1,0.760784,386.500,187.500,16.26140,-14.09259,0
1785663479842407256,505,1,0.713726,368.500,187.500,15.07231,-39.00205,0
1785663479863755000,506,0,0.741176,353.500,185.500,14.23970,-39.00205,1
1785663479882483603,507,1,0.772549,340.500,190.500,12.74587,-50.88590,0
1785663479902507193,508,1,0.792157,325.500,186.500,11.58794,-52.76537,0
1785663479922438326,509,1,0.780392,310.500,190.500,10.61242,-51.79677,0
1785663479944453105,510,1,0.749020,295.500,187.500,9.69871,-48.97424,0
1785663479962169343,511,1,0.745098,279.500,186.500,9.10149,-45.58933,0
1785663479982949217,512,1,0.772549,260.500,187.500,8.42977,-42.10655,0
1785663480002876267,513,1,0.760784,247.044,188.357,7.86298,-38.63968,0
1785663480023019147,514,1,0.780392,227.500,192.500,7.27267,-36.23493,0
1785663480041643335,515,1,0.768628,214.500,188.500,6.80066,-33.63414,0
1785663480062957537,516,1,0.733333,180.500,189.500,6.15974,-32.65997,0
1785663480082809337,517,1,0.631373,163.544,192.293,5.53708,-32.33033,0
1785663480103805626,518,1,0.647059,147.721,193.261,4.84707,-32.47378,0
1785663480121863986,519,0,0.647059,147.721,193.261,4.26065,-32.47378,1
1785663480143382061,520,1,0.501961,111.574,190.930,3.36039,-34.84467,0
1785663480161682794,521,1,0.686275,92.500,190.500,2.56755,-36.66346,0
1785663480182332586,522,1,0.674510,78.500,193.500,1.73008,-37.63049,0
1785663480201670183,523,1,0.501961,59.500,192.500,0.91512,-38.71149,0
1785663480221666940,524,1,0.494118,37.500,194.500,-0.02059,-40.75625,0
1785663480242340649,525,0,0.690196,47.500,193.500,-0.86318,-40.75625,1
1785663480263382728,526,0,0.470588,63.500,194.500,-1.72077,-40.75625,1
1785663480281856126,527,0,0.686275,73.500,191.500,-2.47368,-40.75625,1
1785663480308991645,528,0,0.682353,82.500,184.500,,,0
1785663480333636355,529,1,0.768628,88.500,192.500,2.83153,0.00000,0
1785663480358418439,530,1,0.788235,103.500,194.500,3.40251,18.71836,0
1785663480374948481,531,0,0.788235,103.500,194.500,3.71193,18.71836,1
1785663480394307078,532,1,0.784314,112.500,192.500,4.51397,27.10137,0
1785663480416601562,533,1,0.737255,120.500,191.500,5.30758,30.06043,0
1785663480434755587,534,1,0.729412,128.500,192.500,5.85589,30.09748,0
1785663480455105841,535,1,0.737255,141.500,193.500,6.42959,29.57772,0
1785663480474701269,536,1,0.760784,148.500,191.500,6.88285,27.94034,0
1785663480494309530,537,1,0.694118,158.500,191.500,7.28613,26.09458,0
1785663480514869781,538,1,0.752941,171.500,194.500,7.74143,25.06301,0
1785663480533788841,539,1,0.749020,177.500,193.500,8.06375,23.13133,0
1785663480555223208,540,1,0.678431,190.500,197.500,8.48045,22.12274,0
1785663480573744439,541,1,0.788235,202.500,187.500,8.87812,21.96843,0
1785663480595625052,542,1,0.780392,211.500,186.500,9.32123,21.48723,0
1785663480617575081,543,1,0.749020,224.500,194.500,9.83868,22.07385,0
1785663480638077291,544,1,0.756863,236.500,191.500,10.35112,22.84098,0
1785663480658772875,545,1,0.666667,247.500,191.500,10.86823,23.40948,0
1785663480680536239,546,1,0.752941,262.500,188.500,11.49418,24.90006,0
1785663480698632515,547,1,0.792157,275.500,189.500,12.06028,26.38033,0
1785663480718593689,548,1,0.823529,282.500,193.500,12.57387,26.21362,0
1785663480738400282,549,1,0.780392,302.500,191.500,13.24965,28.22062,0
1785663480759410570,550,1,0.792157,317.500,191.500,14.01255,30.39773,0
1785663480778883208,551,1,0.796079,327.500,192.500,14.67565,31.30953,0
1785663480797796434,552,1,0.796079,345.500,191.500,15.37969,32.74300,0
1785663480817946023,553,1,0.780392,359.500,196.500,16.12175,33.79718,0
1785663480837908655,554,1,0.756863,372.500,190.500,16.83723,34.31976,0
1785663480857828122,555,1,0.760784,391.015,189.148,17.60413,35.38608,0
1785663480878000460,556,1,0.764706,406.971,191.908,18.38339,36.22395,0
1785663480897713137,557,1,0.764706,418.500,192.500,19.06384,35.79349,0
1785663480920145286,558,1,0.764706,431.500,189.500,19.77622,34.63434,0
1785663480940632913,559,1,0.764706,453.500,190.500,20.52974,35.19727,0
1785663480958228986,560,1,0.776471,470.103,191.678,21.15831,35.31565,0
1785663480985761751,561,0,0.776471,470.103,191.678,22.13065,35.31565,1
1785663480997985961,562,1,0.792157,484.500,193.500,22.52271,34.83309,0
1785663481020782690,563,1,0.698039,515.500,190.500,23.18244,33.23223,0
1785663481038217181,564,1,0.803922,536.500,193.500,23.88861,34.76958,0
1785663481058876890,565,1,0.713726,557.677,191.293,24.75702,36.63617,0
1785663481078091405,566,1,0.756863,581.500,190.500,25.73327,40.08451,0
1785663481097956622,567,1,0.678431,576.500,187.500,26.32980,37.52898,0
1785663481120080774,568,0,0.756863,568.500,192.500,27.16010,37.52898,1
1785663481137992136,569,0,0.831373,561.500,194.500,27.83229,37.52898,1
1785663481158339181,570,0,0.807843,553.500,192.500,28.59588,37.52898,1
1785663481178843433,571,0,0.784314,546.500,191.500,,,0
1785663481198582943,572,1,0.807843,541.500,190.500,22.94493,0.00000,0
1785663481218961196,573,1,0.733333,533.500,190.500,22.66837,-10.09836,0
1785663481240041775,574,1,0.784314,525.500,192.500,21.97550,-23.19089,0
1785663481262181678,575,1,0.729412,518.500,190.500,21.10435,-30.38557,0
1785663481282047769,576,1,0.815686,511.500,190.500,20.41989,-31.72384,0
1785663481302586146,577,1,0.847059,502.500,190.500,19.87228,-30.22226,0
1785663481323357854,578,1,0.784314,494.500,191.500,19.44068,-27.61630,0
1785663481341823668,579,1,0.772549,485.500,190.500,19.14681,-24.84798,0
1785663481363793238,580,1,0.796079,476.500,190.500,18.82139,-22.06866,0
1785663481381944347,581,1,0.800000,467.500,188.500,18.58938,-19.94075,0
1785663481402375683,582,1,0.807843,457.500,190.500,18.31608,-18.23945,0
1785663481422725645,583,1,0.807843,446.500,193.500,17.98925,-17.67427,0
1785663481441831078,584,1,0.800000,436.500,189.500,17.65613,-17.61603,0
1785663481462132624,585,1,0.792157,428.500,188.500,17.30522,-17.52993,0
1785663481484732771,586,1,0.811765,419.500,188.500,16.88930,-17.78282,0
1785663481502801048,587,1,0.768628,407.500,190.500,16.48569,-18.83896,0
1785663481523972335,588,1,0.792157,396.500,189.500,15.99507,-20.01648,0
1785663481541890113,589,1,0.803922,386.500,190.500,15.53470,-21.32231,0
1785663481562129534,590,1,0.807843,375.500,190.500,15.00676,-22.55901,0
1785663481583619026,591,1,0.800000,363.500,190.500,14.39158,-24.23025,0
1785663481604007696,592,1,0.764706,352.500,190.500,13.79375,-25.56004,0
1785663481622069973,593,1,0.796079,343.500,191.500,13.31042,-25.83766,0
1785663481643956127,594,1,0.807843,330.500,188.500,12.70718,-26.32141,0
1785663481661803031,595,1,0.800000,319.500,189.500,12.20336,-26.75857,0
1785663481682185951,596,1,0.780392,309.500,190.500,11.68651,-26.39207,0
1785663481705098470,597,1,0.811765,296.500,191.500,11.06076,-26.66182,0
1785663481723079539,598,1,0.796079,284.500,187.500,10.56926,-26.81700,0
1785663481742803883,599,1,0.788235,274.500,187.500,10.09805,-26.07582,0
1785663481763703339,600,1,0.784314,262.500,189.500,9.57252,-25.82655,0
1785663481781751491,601,1,0.682353,251.500,191.500,9.12850,-25.54304,0
1785663481803831894,602,1,0.768628,237.500,190.500,8.54547,-25.78703,0
1785663481823095700,603,1,0.768628,223.500,187.500,7.96924,-26.80612,0
1785663481843477453,604,1,0.780392,214.500,191.500,7.43395,-26.66430,0
1785663481862744176,605,1,0.717647,202.500,189.500,6.91941,-26.67471,0
1785663481886217564,606,1,0.764706,191.500,192.500,6.31323,-26.41906,0
1785663481906050407,607,1,0.729412,178.500,191.500,5.77407,-26.61387,0
1785663481928398557,608,1,0.764706,164.500,191.500,5.16432,-26.80568,0
1785663481946070462,609,1,0.737255,155.500,192.500,4.72963,-26.30491,0
1785663481966845961,610,1,0.733333,143.500,192.500,4.23400,-25.65226,0
1785663481986675595,611,1,0.729412,135.500,194.500,3.80248,-24.66263,0
1785663482006120816,612,1,0.725490,118.500,190.500,3.28263,-25.17908,0
1785663482028209677,613,1,0.721569,107.500,190.500,2.69368,-25.59872,0
1785663482046030331,614,1,0.772549,95.500,193.500,2.19372,-26.16012,0
1785663482066666124,615,1,0.741176,82.500,188.500,1.61388,-26.67317,0
1785663482087393790,616,1,0.639216,73.500,190.500,1.05574,-26.74069,0
1785663482106028186,617,1,0.694118,61.500,191.500,0.55575,-26.76235,0
1785663482128119089,618,1,0.643137,54.500,194.500,0.06019,-25.53704,0
1785663482146082949,619,1,0.741176,40.500,193.500,-0.38864,-25.40975,0
1785663482168042312,620,0,0.721569,47.500,194.500,-0.94661,-25.40975,1
1785663482187820321,621,0,0.607843,53.500,191.500,-1.44917,-25.40975,1
1785663482206159262,622,0,0.784314,60.500,193.500,-1.91516,-25.40975,1
1785663482226728846,623,0,0.819608,65.500,193.500,,,0
1785663482247701510,624,1,0.764706,73.500,192.500,2.15075,0.00000,0
1785663482266415530,625,1,0.768628,79.500,193.500,2.36152,7.99533,0
1785663482287150488,626,1,0.725490,82.500,194.500,2.79447,15.58441,0
1785663482306773332,627,1,0.760784,91.500,190.500,3.43494,22.75702,0
1785663482327202335,628,1,0.788235,100.500,192.500,4.13122,26.73751,0
1785663482345892147,629,1,0.768628,109.500,191.500,4.73447,28.28723,0
1785663482369333745,630,1,0.737255,118.500,192.500,5.38974,28.18240,0
1785663482386288157,631,1,0.729412,128.500,191.500,5.82944,27.69104,0
1785663482406830326,632,1,0.650980,137.500,194.500,6.26501,26.00542,0
1785663482426020341,633,1,0.752941,146.500,191.500,6.65099,24.57844,0
1785663482447839996,634,1,0.705882,158.500,191.500,7.11099,23.61234,0
1785663482467898003,635,1,0.729412,172.500,192.500,7.59716,23.77212,0
1785663482486892312,636,1,0.721569,183.500,192.500,8.04901,23.77610,0
1785663482506794861,637,1,0.749020,194.500,189.500,8.52977,23.87294,0
1785663482534037129,638,1,0.768628,206.500,190.500,9.22476,24.44588,0
1785663482558271177,639,1,0.619608,232.500,192.500,9.86000,24.99584,0
1785663482578581181,640,0,0.619608,232.500,192.500,10.36767,24.99584,1
1785663482599318180,641,1,0.768628,268.500,191.500,11.20034,28.67469,0
1785663482620018722,642,1,0.768628,286.500,191.500,12.04628,31.61044,0
1785663482638200456,643,0,0.768628,286.500,191.500,12.62101,31.61044,1
1785663482661306640,644,1,0.807843,300.500,191.500,13.52158,33.51356,0
1785663482680223949,645,1,0.780392,310.500,189.500,14.17858,33.77690,0
1785663482698690347,646,1,0.780392,329.500,191.500,14.84397,34.27499,0
1785663482719263432,647,1,0.772549,347.500,193.500,15.64120,35.42146,0
1785663482738867609,648,1,0.803922,363.500,194.500,16.42858,36.60568,0
1785663482759082239,649,1,0.788235,382.500,197.500,17.27788,38.01202,0
1785663482779338285,650,1,0.733333,399.691,192.425,18.14179,39.22270,0
1785663482798400260,651,1,0.776471,413.500,196.500,18.88962,39.22484,0
1785663482820689494,652,1,0.768628,430.500,192.500,19.74486,38.98016,0
1785663482844898167,653,1,0.745098,452.676,192.084,20.77277,40.05960,0
1785663482871203611,654,1,0.670588,490.500,178.500,21.80556,39.79097,0
1785663482889754591,655,1,0.749020,516.500,194.500,22.56542,40.06960,0
1785663482911111376,656,0,0.749020,516.500,194.500,23.42118,40.06960,1
1785663482930035686,657,1,0.662745,557.794,191.820,24.30456,41.54706,0
1785663482951198514,658,1,0.690196,576.500,198.500,25.25739,42.40660,0
1785663482970086657,659,0,0.756863,559.500,188.500,26.05837,42.40660,1
1785663482990159247,660,0,0.784314,552.500,193.500,26.90958,42.40660,1
1785663483010806998,661,0,0.815686,542.500,193.500,27.78519,42.40660,1
1785663483030342926,662,0,0.815686,542.500,193.500,,,0
1785663483050636597,663,1,0.733333,534.500,190.500,22.64072,0.00000,0
1785663483071260139,664,1,0.827451,528.500,191.500,22.43218,-7.57019,0
1785663483090376072,665,1,0.835294,523.500,190.500,22.08600,-13.28013,0
1785663483111275528,666,1,0.811765,517.500,193.500,21.68222,-15.94553,0
1785663483130348586,667,1,0.827451,510.500,186.500,21.32833,-16.80530,0
1785663483152522030,668,0,0.827451,510.500,186.500,20.95570,-16.80530,1
1785663483173707900,669,1,0.807843,494.500,187.500,20.56147,-17.27103,0
1785663483195232100,670,1,0.788235,485.500,190.500,20.16000,-17.61415,0
1785663483214355324,671,1,0.831373,476.500,188.500,19.80173,-17.86547,0
1785663483233932669,672,1,0.772549,468.500,184.500,19.43612,-18.05782,0
1785663483254293714,673,1,0.823529,457.500,188.500,19.00484,-18.85340,0
1785663483275136296,674,1,0.768628,447.500,189.500,18.54528,-19.70190,0
1785663483294974096,675,1,0.780392,436.500,189.500,18.07923,-20.66752,0
1785663483316197008,676,1,0.831373,426.500,186.500,17.57572,-21.50198,0
1785663483333786373,677,1,0.792157,414.500,186.500,17.12611,-22.42098,0
1785663483355037284,678,1,0.815686,404.500,190.500,16.57958,-23.32152,0
1785663483374462963,679,1,0.776471,393.500,190.500,16.08215,-23.89131,0
1785663483395774832,680,0,0.776471,393.500,190.500,15.57299,-23.89131,1
1785663483415309011,681,1,0.741176,370.500,189.500,15.04363,-24.63042,0
1785663483435038604,682,1,0.803922,358.500,186.500,14.50353,-25.26338,0
1785663483453686999,683,0,0.803922,358.500,186.500,14.03242,-25.26338,1
1785663483474422832,684,1,0.796079,345.500,190.500,13.42570,-26.19561,0
1785663483496133989,685,1,0.831373,321.500,190.500,12.79121,-26.94871,0
1785663483513857519,686,1,0.796079,308.500,187.500,12.27939,-27.35671,0
1785663483534789058,687,0,0.796079,308.500,187.500,11.70677,-27.35671,1
1785663483556448590,688,1,0.796079,295.500,183.500,11.03493,-28.27516,0
1785663483577354172,689,1,0.780392,270.500,188.500,10.43559,-28.37123,0
1785663483594538415,690,1,0.792157,254.500,189.500,9.89327,-29.03139,0
1785663483614642213,691,0,0.792157,254.500,189.500,9.30963,-29.03139,1
1785663483634939384,692,1,0.768628,241.500,180.500,8.63191,-30.06123,0
1785663483654118316,693,1,0.772549,223.500,191.500,7.90815,-31.78150,0
1785663483675223395,694,1,0.741176,215.265,191.117,7.25009,-31.62847,0
1785663483695066445,695,1,0.733333,201.500,189.500,6.62779,-31.56253,0
1785663483714403751,696,1,0.729412,187.500,188.500,6.03674,-31.31789,0
1785663483735192375,697,1,0.662745,171.500,192.500,5.36091,-31.63548,0
1785663483754267766,698,1,0.686275,152.500,188.500,4.64087,-33.13523,0
1785663483775696301,699,1,0.666667,141.500,193.500,3.91283,-33.36667,0
1785663483802347657,700,1,0.466667,129.456,191.062,3.04967,-33.03144,0
1785663483825704381,701,1,0.741176,97.500,192.500,2.36383,-31.93252,0
1785663483846491255,702,0,0.741176,97.500,192.500,1.70006,-31.93252,1
1785663483868307119,703,1,0.388235,62.500,191.500,0.97567,-32.25549,0
1785663483885932650,704,1,0.270588,44.500,192.500,0.34076,-33.02742,0
1785663483905717076,705,1,0.576471,40.500,192.500,-0.18140,-31.45456,0
1785663483927003278,706,0,0.576471,40.500,192.500,-0.85096,-31.45456,1
1785663483945982129,707,0,0.490196,47.500,185.500,-1.44793,-31.45456,1
1785663483966259466,708,0,0.760784,62.500,190.500,-2.08574,-31.45456,1
1785663483988993487,709,0,0.698039,70.500,190.500,,,0
1785663484006756684,710,1,0.756863,78.500,192.500,2.37778,0.00000,0
1785663484028978543,711,1,0.796079,81.500,193.500,2.48865,3.87204,0
1785663484046014914,712,1,0.784314,87.500,192.500,2.82981,11.76081,0
1785663484068037275,713,1,0.764706,93.500,190.500,3.38287,17.96021,0
1785663484087937492,714,1,0.780392,101.500,191.500,3.99816,22.36646,0
1785663484106165308,715,1,0.768628,108.500,194.500,4.50091,23.78923,0
1785663484133295077,716,1,0.760784,114.500,194.500,5.11550,23.38191,0
1785663484158279201,717,1,0.737255,128.500,192.500,5.46247,20.39142,0
1785663484179285114,718,1,0.737255,140.500,192.500,5.76270,18.78616,0
1785663484197882469,719,1,0.749020,149.500,192.500,6.03889,17.86253,0
1785663484219336961,720,1,0.737255,157.500,190.500,6.38515,17.39243,0
1785663484240018545,721,1,0.752941,163.500,189.500,6.67664,16.52100,0
1785663484260738336,722,1,0.749020,170.500,192.500,6.96055,15.77332,0
1785663484280304014,723,1,0.752941,181.500,192.500,7.29800,16.14281,0
1785663484298740662,724,1,0.784314,189.500,189.500,7.63275,16.61910,0
1785663484319467454,725,1,0.764706,200.500,191.500,8.07899,17.92400,0
1785663484338719593,726,0,0.764706,200.500,191.500,8.42406,17.92400,1
1785663484361139493,727,1,0.788235,222.500,195.500,9.06434,20.71862,0
1785663484378784273,728,1,0.729412,232.500,190.500,9.54401,22.05447,0
1785663484399669147,729,1,0.768628,243.500,188.500,10.11828,23.42315,0
1785663484419804736,730,1,0.784314,253.500,189.500,10.64746,24.13704,0
1785663484441578016,731,1,0.815686,267.500,194.500,11.27040,25.37144,0
1785663484462097435,732,1,0.780392,279.500,189.500,11.85204,26.15298,0
1785663484482393439,733,1,0.803922,292.500,187.500,12.44262,26.92126,0
1785663484503086689,734,1,0.792157,304.500,190.500,13.03584,27.38531,0
1785663484522803449,735,0,0.792157,304.500,190.500,13.57579,27.38531,1
1785663484542733999,736,1,0.803922,316.500,191.500,14.13592,27.55430,0
1785663484564004451,737,1,0.839216,328.500,194.500,14.72560,27.59626,0
1785663484588598579,738,1,0.725490,355.500,189.500,15.43443,27.95960,0
1785663484602893185,739,0,0.725490,355.500,189.500,15.83411,27.95960,1
1785663484623831557,740,1,0.701961,366.500,189.500,16.33845,27.01275,0
1785663484644344268,741,1,0.760784,382.500,193.500,16.98852,28.14111,0
1785663484662139672,742,1,0.800000,399.500,188.500,17.62215,29.74897,0
1785663484681996722,743,1,0.811765,410.500,190.500,18.26308,30.37496,0
1785663484702503891,744,1,0.752941,427.500,188.500,19.00930,31.94273,0
1785663484724120840,745,1,0.792157,441.868,189.500,19.79957,33.22246,0
1785663484743631977,746,1,0.788235,453.500,192.500,20.45732,33.34525,0
1785663484762299914,747,1,0.803922,473.500,190.500,21.14899,34.23522,0
1785663484784486191,748,1,0.752941,486.500,190.500,21.92475,34.44338,0
1785663484802321136,749,1,0.760784,503.500,190.500,22.59067,35.10655,0
1785663484826648850,750,1,0.690196,519.279,190.160,23.45073,35.18351,0
1785663484844289547,751,1,0.737255,534.500,192.500,24.08961,35.41793,0
1785663484862395157,752,1,0.635294,552.500,189.500,24.71446,35.20673,0
1785663484885170594,753,1,0.705882,577.500,189.500,25.69383,37.48822,0
1785663484901924051,754,1,0.701961,575.500,189.500,26.15831,35.38270,0
1785663484923603416,755,0,0.741176,560.500,190.500,26.92538,35.38270,1
1785663484943834379,756,0,0.737255,552.500,191.500,27.64120,35.38270,1
1785663484961996279,757,0,0.772549,547.500,190.500,28.28382,35.38270,1
1785663484987332108,758,0,0.788235,543.500,191.500,,,0
1785663485008124857,759,1,0.796079,537.500,189.500,22.77142,0.00000,0
1785663485022389088,760,1,0.749020,533.500,191.500,22.64805,-5.07034,0
1785663485045146359,761,1,0.796079,530.500,189.500,22.32853,-11.09992,0
1785663485062011815,762,1,0.760784,527.500,188.500,21.97964,-14.78792,0
1785663485085815658,763,1,0.823529,522.500,187.500,21.55847,-15.98063,0
1785663485107797354,764,1,0.800000,520.500,188.500,21.25947,-15.22031,0
1785663485127270200,765,1,0.792157,515.500,191.500,21.07094,-13.78181,0
1785663485145791430,766,1,0.803922,509.500,190.500,20.91036,-12.56896,0
1785663485166411764,767,1,0.831373,502.500,187.500,20.69629,-12.00084,0
1785663485187113181,768,1,0.803922,496.500,187.500,20.46584,-11.77451,0
1785663485205579578,769,1,0.823529,488.500,188.500,20.21927,-12.14342,0
1785663485230370995,770,1,0.827451,478.500,188.500,19.81341,-13.47950,0
1785663485245803215,771,1,0.819608,467.500,187.500,19.43814,-15.63004,0
1785663485267433581,772,1,0.800000,459.500,186.500,18.97419,-17.25478,0
1785663485286342432,773,1,0.800000,451.500,187.500,18.51679,-18.94670,0
1785663485308655583,774,1,0.835294,441.500,189.500,17.97131,-20.52508,0
1785663485327293187,775,1,0.815686,432.500,188.500,17.49052,-21.78740,0
1785663485345839500,776,1,0.772549,418.500,187.500,16.95797,-23.43685,0
1785663485368453939,777,1,0.831373,411.500,188.500,16.37399,-24.12872,0
1785663485386272843,778,0,0.831373,411.500,188.500,15.94404,-24.12872,1
1785663485408420912,779,1,0.792157,376.500,186.500,15.29108,-25.52241,0
1785663485428882289,780,1,0.827451,366.500,186.500,14.76319,-25.58879,0
1785663485448413260,781,1,0.788235,353.500,188.500,14.23809,-25.89371,0
1785663485468114270,782,1,0.792157,343.500,189.500,13.73715,-25.77974,0
1785663485486513293,783,0,0.792157,343.500,189.500,13.26282,-25.77974,1
1785663485508294740,784,1,0.807843,320.500,187.500,12.69022,-25.90977,0
1785663485528078875,785,1,0.839216,305.500,188.500,12.12526,-26.52430,0
1785663485548532085,786,1,0.796079,291.500,189.500,11.50904,-27.41484,0
1785663485566026368,787,0,0.796079,291.500,189.500,11.02944,-27.41484,1
1785663485586821992,788,1,0.741176,280.500,186.500,10.43570,-27.68942,0
1785663485606195755,789,1,0.792157,267.500,190.500,9.84139,-28.36549,0
1785663485627264960,790,1,0.780392,254.500,187.500,9.20652,-28.81473,0
1785663485646172353,791,1,0.780392,238.500,187.500,8.57061,-29.94718,0
1785663485666438899,792,1,0.764706,226.500,187.500,7.92936,-30.38307,0
1785663485686358657,793,1,0.784314,209.500,186.500,7.22163,-31.69741,0
1785663485709789171,794,1,0.721569,199.500,187.500,6.47399,-31.76106,0
1785663485730520046,795,1,0.749020,185.500,191.500,5.81268,-31.79809,0
1785663485752093829,796,1,0.698039,169.500,190.500,5.13518,-31.68892,0
1785663485773758319,797,1,0.603922,159.515,192.645,4.54345,-30.47509,0
1785663485792822335,798,1,0.662745,141.500,190.500,3.97325,-30.33688,0
1785663485812022851,799,1,0.572549,128.456,188.709,3.42693,-29.87365,0
1785663485831954275,800,1,0.541176,111.500,189.500,2.78083,-30.52274,0
1785663485851429246,801,1,0.725490,97.500,193.500,2.12657,-31.28928,0
1785663485871509710,802,1,0.650980,85.500,189.500,1.48241,-31.49233,0
1785663485892128878,803,1,0.627451,70.500,189.500,0.79278,-32.00816,0
1785663485912922460,804,1,0.105882,52.500,191.500,0.02232,-33.35081,0
1785663485932298849,805,1,0.313726,36.500,195.500,-0.72426,-34.63606,0
1785663485951640529,806,0,0.286275,46.500,193.500,-1.39419,-34.63606,1
1785663485971541037,807,0,0.717647,57.500,192.500,-2.08346,-34.63606,1
1785663485993760480,808,0,0.780392,65.500,190.500,-2.85306,-34.63606,1
1785663486011526510,809,0,0.800000,72.500,191.500,,,0
1785663486033706370,810,1,0.803922,78.500,194.500,2.37716,0.00000,0
1785663486051998352,811,1,0.800000,86.500,192.500,2.65676,10.70503,0
1785663486073815675,812,1,0.772549,91.500,191.500,3.28700,21.78842,0
1785663486092064783,813,1,0.752941,99.500,191.500,4.02732,29.19317,0
1785663486113327360,814,1,0.772549,107.500,192.500,4.76711,31.23936,0
1785663486133730988,815,1,0.756863,114.500,192.500,5.35434,30.49894,0
1785663486151745307,816,1,0.745098,123.500,191.500,5.75482,28.47586,0
1785663486172994176,817,1,0.713726,131.500,192.500,6.14949,25.76840,0
1785663486193457887,818,1,0.725490,138.500,191.500,6.45667,22.99230,0
1785663486212280406,819,1,0.733333,148.500,193.500,6.70795,20.70713,0
1785663486231073467,820,1,0.776471,157.500,191.500,6.95084,18.85679,0
1785663486250115317,821,1,0.749020,166.500,190.500,7.21573,17.65868,0
1785663486271262396,822,1,0.772549,175.500,192.500,7.54152,17.05013,0
1785663486290163956,823,1,0.756863,185.500,195.500,7.87533,17.19801,0
1785663486311441700,824,1,0.749020,194.500,192.500,8.26773,17.53726,0
1785663486329862598,825,1,0.768628,204.500,191.500,8.65798,18.39940,0
1785663486353760941,826,1,0.639216,218.500,190.500,9.25554,20.42397,0
1785663486374009695,827,1,0.788235,230.500,191.500,9.86145,22.89269,0
1785663486394336616,828,1,0.760784,241.500,190.500,10.46060,24.60886,0
1785663486413887711,829,1,0.768628,253.500,189.500,11.06278,26.16049,0
1785663486434432212,830,1,0.749020,265.500,190.500,11.69918,27.42770,0
1785663486454417011,831,1,0.760784,280.500,192.500,12.37963,29.12197,0
1785663486476321249,832,1,0.807843,292.500,189.500,13.10048,30.18344,0
1785663486494535357,833,1,0.800000,307.500,188.500,13.74008,31.33475,0
1785663486515703144,834,1,0.776471,320.500,189.500,14.43264,31.70998,0
1785663486534490664,835,1,0.796079,334.500,189.500,15.06845,32.22364,0
1785663486555164664,836,1,0.784314,347.500,189.500,15.72439,32.09224,0
1785663486573994766,837,1,0.772549,362.500,190.500,16.34453,32.29525,0
1785663486600636581,838,1,0.749020,374.500,191.500,17.15835,31.69730,0
1785663486614769814,839,1,0.760784,392.500,191.500,17.64936,32.25410,0
1785663486636257265,840,1,0.780392,406.500,194.500,18.28039,31.44871,0
1785663486654657746,841,1,0.796079,419.500,190.500,18.86251,31.49331,0
1785663486675779742,842,1,0.772549,438.500,191.500,19.59457,32.35533,0
1785663486693999975,843,1,0.768628,456.324,190.677,20.30954,33.96879,0
1785663486714219272,844,1,0.803922,471.500,193.500,21.07704,35.00355,0
1785663486734579150,845,1,0.760784,487.500,193.500,21.87940,36.15253,0
1785663486753874456,846,1,0.686275,505.485,189.764,22.67039,37.34863,0
1785663486773989337,847,1,0.807843,523.309,191.678,23.50334,38.39439,0
1785663486795729660,848,1,0.796079,539.500,192.500,24.39014,39.06116,0
1785663486813765853,849,1,0.647059,557.500,193.500,25.13336,39.55711,0
1785663486833837568,850,1,0.627451,577.500,190.500,25.96179,39.99893,0
1785663486854089823,851,0,0.709804,559.500,188.500,26.77186,39.99893,1
1785663486875772396,852,0,0.749020,550.500,190.500,27.63914,39.99893,1
1785663486893879464,853,0,0.819608,544.500,192.500,28.36341,39.99893,1
1785663486914061427,854,0,0.776471,539.500,189.500,,,0
1785663486934047685,855,1,0.784314,534.500,188.500,22.64131,0.00000,0
1785663486955583551,856,1,0.800000,532.500,188.500,22.57099,-2.49733,0
1785663486973949325,857,1,0.807843,530.500,191.500,22.40880,-5.78575,0
1785663486997924083,858,1,0.764706,528.500,190.500,22.17498,-7.70370,0
1785663487018604209,859,1,0.823529,524.500,188.500,21.92367,-9.21266,0
1785663487037826599,860,1,0.807843,520.500,188.500,21.70389,-9.83001,0
1785663487057706399,861,1,0.796079,515.500,190.500,21.47094,-10.33112,0
1785663487077879904,862,1,0.780392,511.500,191.500,21.24603,-10.54238,0
1785663487097856828,863,1,0.772549,506.500,189.500,21.01980,-10.73946,0
1785663487118478912,864,1,0.827451,499.500,187.500,20.74941,-11.35602,0
1785663487137746510,865,1,0.823529,494.500,189.500,20.49615,-11.79243,0
1785663487163088088,866,1,0.764706,488.500,187.500,20.15975,-12.27119,0
1785663487178460100,867,1,0.784314,481.500,189.500,19.91612,-12.97860,0
1785663487199993925,868,1,0.772549,475.500,188.500,19.61765,-13.22397,0
1785663487217825079,869,1,0.784314,467.500,188.500,19.30978,-14.15500,0
1785663487240352311,870,1,0.792157,460.500,189.500,18.92898,-14.95252,0
1785663487257790010,871,1,0.788235,449.500,189.500,18.53620,-16.65262,0
1785663487279430292,872,1,0.807843,445.500,189.500,18.14669,-17.02704,0
1785663487297817066,873,1,0.780392,436.500,188.500,17.77240,-17.81326,0
1785663487320073342,874,1,0.772549,430.500,186.500,17.37508,-17.82439,0
1785663487337899537,875,1,0.796079,416.500,189.500,16.94264,-19.29670,0
1785663487359969732,876,1,0.811765,411.500,189.500,16.50656,-19.42746,0
1785663487377897426,877,1,0.839216,404.500,190.500,16.16545,-19.33529,0
1785663487399499792,878,1,0.807843,396.500,190.500,15.78414,-18.86852,0
1785663487417895316,879,1,0.796079,387.500,191.500,15.44198,-18.80513,0
1785663487439525681,880,1,0.776471,378.500,190.500,15.04323,-18.70242,0
1785663487457930246,881,1,0.784314,369.500,186.500,14.68457,-18.88782,0
1785663487479556528,882,1,0.819608,359.500,188.500,14.25017,-19.22018,0
1785663487497952635,883,1,0.788235,349.500,191.500,13.84095,-19.93389,0
1785663487519671666,884,1,0.780392,339.500,189.500,13.35711,-20.58639,0
1785663487538004190,885,1,0.796079,329.500,191.500,12.91442,-21.42380,0
1785663487558575525,886,0,0.796079,329.500,191.500,12.47370,-21.42380,1
1785663487578408367,887,1,0.788235,302.500,190.500,12.03186,-21.62392,0
1785663487597633382,888,1,0.776471,292.500,190.500,11.60021,-21.81047,0
1785663487623216374,889,0,0.776471,292.500,190.500,11.04224,-21.81047,1
1785663487641869728,890,1,0.796079,274.500,189.500,10.72160,-20.83578,0
1785663487663884799,891,1,0.792157,262.500,190.500,10.23314,-21.17663,0
1785663487682472820,892,0,0.792157,262.500,190.500,9.83951,-21.17663,1
1785663487704376474,893,1,0.776471,242.500,190.500,9.33530,-21.62929,0
1785663487723565031,894,0,0.776471,242.500,190.500,8.92027,-21.62929,1
1785663487744624611,895,1,0.792157,232.500,188.500,8.45591,-21.72468,0
1785663487762491931,896,0,0.792157,232.500,188.500,8.06775,-21.72468,1
1785663487782425981,897,1,0.800000,201.500,192.500,7.55604,-22.55781,0
1785663487803133231,898,1,0.729412,190.500,188.500,7.03271,-23.17926,0
1785663487822458869,899,1,0.752941,180.500,190.500,6.56531,-23.40833,0
1785663487844200942,900,1,0.760784,175.500,194.500,6.13827,-22.39068,0
1785663487861638350,901,1,0.733333,159.500,192.500,5.70943,-22.88079,0
1785663487882310601,902,1,0.729412,150.500,191.500,5.20673,-23.26469,0
1785663487901945403,903,0,0.729412,150.500,191.500,4.74994,-23.26469,1
1785663487921642330,904,1,0.741176,127.500,191.500,4.21198,-24.21336,0
1785663487942697535,905,0,0.741176,127.500,191.500,3.70216,-24.21336,1
1785663487962853832,906,1,0.760784,107.500,192.500,3.20854,-24.27410,0
1785663487982775340,907,0,0.760784,107.500,192.500,2.72496,-24.27410,1
1785663488003216884,908,1,0.764706,88.500,193.500,2.29062,-23.62382,0
1785663488022910311,909,1,0.717647,74.500,189.500,1.78133,-24.10654,0
1785663488045132754,910,0,0.717647,74.500,189.500,1.24562,-24.10654,1
1785663488061983626,911,1,0.760784,68.500,190.500,0.91607,-23.24195,0
1785663488083598533,912,1,0.780392,58.500,192.500,0.48922,-22.37200,0
1785663488101955849,913,1,0.694118,47.500,192.500,0.07672,-22.39372,0
1785663488122099021,914,1,0.729412,41.500,192.500,-0.28967,-21.33809,0
1785663488141975321,915,0,0.741176,54.500,193.500,-0.71379,-21.33809,1
1785663488161938537,916,0,0.741176,54.500,193.500,-1.13976,-21.33809,1
1785663488183847733,917,0,0.792157,67.500,191.500,-1.60727,-21.33809,1
1785663488202010800,918,0,0.792157,67.500,191.500,,,0
1785663488222416178,919,1,0.792157,80.500,192.500,2.46856,0.00000,0
1785663488241831358,920,0,0.792157,80.500,192.500,2.46856,0.00000,1
1785663488266192571,921,1,0.764706,99.500,191.500,3.27438,17.17659,0
1785663488285932372,922,0,0.764706,99.500,191.500,3.61344,17.17659,1
1785663488305578550,923,1,0.780392,116.500,191.500,4.34059,22.89908,0
1785663488328445278,924,1,0.737255,128.500,193.500,5.04625,25.31469,0
1785663488345596272,925,1,0.705882,141.500,194.500,5.56938,26.47160,0
1785663488366366521,926,1,0.698039,151.500,192.500,6.16987,27.12526,0
1785663488385807659,927,1,0.749020,162.500,192.500,6.69992,27.16014,0
1785663488405822499,928,0,0.749020,162.500,192.500,7.24353,27.16014,1
1785663488426293210,929,1,0.615686,190.500,191.500,7.90426,28.38990,0
1785663488447271415,930,1,0.725490,204.500,193.500,8.57503,29.26639,0
1785663488465864687,931,1,0.603922,219.500,188.500,9.18810,30.09158,0
1785663488487312471,932,1,0.525490,234.500,190.500,9.92560,31.23229,0
1785663488506879899,933,1,0.529412,250.500,191.500,10.61723,32.25119,0
1785663488525915041,934,0,0.529412,250.500,191.500,11.23114,32.25119,1
1785663488546237586,935,1,0.741176,282.500,190.500,12.05371,34.22822,0
1785663488566664839,936,1,0.772549,298.500,193.500,12.84864,35.35323,0
1785663488585956353,937,0,0.772549,298.500,193.500,13.53065,35.35323,1
1785663488606866601,938,1,0.760784,317.500,190.500,14.41034,36.93709,0
1785663488627631017,939,1,0.807843,336.500,207.500,15.32035,38.57612,0
1785663488646051915,940,1,0.717647,354.500,193.500,16.12583,39.70850,0
1785663488666011922,941,1,0.733333,374.368,189.588,17.01211,40.87105,0
1785663488686069054,942,1,0.729412,393.147,192.172,17.93517,42.18385,0
1785663488707191050,943,1,0.705882,414.103,192.161,18.94345,43.69029,0
1785663488725959319,944,1,0.768628,434.544,192.117,19.86458,44.99367,0
1785663488745796536,945,1,0.752941,456.279,192.073,20.83991,46.05966,0
1785663488770397664,946,0,0.752941,456.279,192.073,21.97302,46.05966,1
1785663488787623240,947,1,0.752941,527.323,191.117,22.95717,48.32696,0
1785663488807587914,948,1,0.745098,552.074,188.797,24.12901,50.75371,0
1785663488826626265,949,1,0.286275,578.500,185.500,25.27313,52.88485,0
1785663488846541356,950,1,0.784314,584.500,187.500,26.13785,50.55874,0
1785663488865926786,951,0,0.784314,584.500,187.500,27.11796,50.55874,1
1785663488886462829,952,0,0.803922,568.500,185.500,28.15622,50.55874,1
1785663488910531795,953,0,0.835294,555.500,188.500,29.37312,50.55874,1
1785663488930425887,954,0,0.772549,542.500,190.500,,,0
1785663488952031169,955,1,0.819608,530.500,189.500,22.46709,0.00000,0
1785663488971050269,956,1,0.784314,520.500,186.500,22.12902,-12.73747,0
1785663488991400815,957,1,0.815686,510.500,186.500,21.27750,-29.60745,0
1785663489010431582,958,0,0.815686,510.500,186.500,20.71404,-29.60745,1
1785663489030958875,959,1,0.823529,479.500,187.500,19.72532,-35.63757,0
1785663489049674645,960,0,0.823529,479.500,187.500,19.05833,-35.63757,1
1785663489070361770,961,1,0.831373,456.500,188.500,18.44737,-34.16687,0
1785663489093731910,962,1,0.803922,443.500,189.500,17.76908,-32.81932,0
1785663489109695249,963,1,0.839216,434.500,189.500,17.46703,-30.24948,0
1785663489133850548,964,1,0.784314,420.500,188.500,16.82043,-29.21940,0
1785663489150169884,965,1,0.839216,410.500,187.500,16.50235,-27.21287,0
1785663489170903967,966,1,0.843137,396.500,191.500,15.97799,-26.69875,0
1785663489191871672,967,1,0.756863,386.500,189.500,15.49331,-25.72645,0
1785663489210899814,968,1,0.796079,370.500,188.500,14.98831,-25.92641,0
1785663489229540043,969,1,0.811765,359.500,189.500,14.49722,-26.02717,0
1785663489250909662,970,1,0.807843,345.500,189.500,13.88074,-26.80143,0
1785663489269537932,971,1,0.796079,333.500,186.500,13.35677,-27.11842,0
1785663489290208433,972,1,0.815686,319.500,188.500,12.73175,-27.94442,0
1785663489310341105,973,1,0.823529,306.500,187.500,12.12402,-28.52246,0
1785663489327950886,974,0,0.823529,306.500,187.500,11.62174,-28.52246,1
1785663489341093837,975,1,0.764706,294.500,186.500,11.22942,-28.73450,0
1785663489361199385,976,0,0.764706,294.500,186.500,10.65169,-28.73450,1
1785663489379091788,977,1,0.788235,260.500,188.500,10.09456,-29.21226,0
1785663489399017088,978,1,0.752941,242.500,188.500,9.36358,-30.88038,0
1785663489421282239,979,0,0.752941,242.500,188.500,8.67602,-30.88038,1
1785663489439961426,980,1,0.792157,226.500,190.500,7.93065,-32.76417,0
1785663489459141816,981,1,0.698039,217.500,189.500,7.35009,-32.21813,0
1785663489479036199,982,1,0.600000,203.500,189.500,6.73109,-31.95632,0
1785663489501959219,983,1,0.658824,185.500,190.500,5.93263,-32.77703,0
1785663489519522625,984,1,0.694118,176.500,188.500,5.40624,-32.14929,0
1785663489541831984,985,1,0.717647,156.500,180.500,4.66355,-32.47728,0
1785663489559759679,986,1,0.725490,146.500,194.500,4.10767,-32.13649,0
1785663489579934642,987,0,0.725490,146.500,194.500,3.45931,-32.13649,1
1785663489591169821,988,1,0.717647,136.500,192.500,3.24910,-30.28172,0
1785663489612539439,989,1,0.752941,103.500,192.500,2.56752,-30.69500,0
1785663489632543863,990,1,0.698039,98.500,192.500,1.97914,-30.38361,0
1785663489651338215,991,1,0.713726,86.500,193.500,1.46941,-29.62401,0
1785663489673216204,992,1,0.678431,70.500,188.500,0.81701,-29.67803,0
1785663489693933078,993,1,0.341176,59.500,193.500,0.22181,-29.42735,0
1785663489711912981,994,1,0.435294,45.500,192.500,-0.28915,-29.19443,0
1785663489733928926,995,1,0.721569,43.500,192.500,-0.70578,-26.28752,0
1785663489751310959,996,0,0.619608,55.500,192.500,-1.16271,-26.28752,1
1785663489772448413,997,0,0.752941,62.500,192.500,-1.71837,-26.28752,1
1785663489792030133,998,0,0.772549,69.500,193.500,-2.23312,-26.28752,1
1785663489811448813,999,0,0.752941,78.500,194.500,,,0
1785663489833999086,1000,1,0.780392,82.500,190.500,2.55995,0.00000,0
1785663489851044206,1001,1,0.764706,88.500,191.500,2.76420,8.02446,0
1785663489872418491,1002,1,0.764706,103.500,190.500,3.52116,24.96161,0
1785663489891398216,1003,1,0.776471,111.500,194.500,4.23193,30.13730,0
1785663489905918987,1004,0,0.776471,111.500,194.500,4.66955,30.13730,1
1785663489926446280,1005,1,0.772549,116.500,191.500,5.19523,28.78626,0
1785663489947631275,1006,1,0.752941,120.500,191.500,5.62490,26.47511,0
1785663489965776260,1007,1,0.784314,130.500,191.500,5.95019,24.55916,0
1785663489986220720,1008,1,0.760784,139.500,194.500,6.29216,22.58957,0
1785663490008760785,1009,1,0.764706,148.500,193.500,6.67745,21.04757,0
1785663490026139860,1010,1,0.733333,156.500,191.500,6.92381,19.53958,0
1785663490047296856,1011,1,0.764706,165.500,190.500,7.22595,18.11947,0
1785663490067963565,1012,1,0.741176,175.500,192.500,7.56710,17.69212,0
1785663490086285588,1013,1,0.776471,182.500,194.500,7.84126,17.04977,0
1785663490105732268,1014,1,0.745098,193.500,191.500,8.18941,17.26291,0
1785663490126097396,1015,1,0.768628,203.500,192.500,8.60744,18.11577,0
1785663490147466723,1016,1,0.745098,213.500,192.500,9.08868,19.32170,0
1785663490165756080,1017,1,0.800000,223.500,190.500,9.53756,20.54607,0
1785663490187989023,1018,1,0.733333,232.500,189.500,10.05957,21.38164,0
1785663490206423046,1019,1,0.764706,246.500,192.500,10.59768,23.22832,0
1785663490230828884,1020,1,0.831373,266.500,190.500,11.26762,24.54985,0
1785663490245721526,1021,1,0.776471,280.500,192.500,11.70823,25.51698,0
1785663490267161727,1022,0,0.776471,280.500,192.500,12.25531,25.51698,1
1785663490286033537,1023,1,0.796079,301.500,190.500,12.81027,26.39213,0
1785663490310762830,1024,0,0.796079,301.500,190.500,13.46293,26.39213,1
1785663490325726929,1025,1,0.831373,326.500,192.500,13.88251,26.66541,0
1785663490351230297,1026,0,0.831373,326.500,192.500,14.56257,26.66541,1
1785663490365547778,1027,1,0.803922,351.500,192.500,14.97404,26.98459,0
1785663490392603673,1028,1,0.803922,364.500,192.500,15.81410,28.21423,0
1785663490406352409,1029,0,0.803922,364.500,192.500,16.20201,28.21423,1
1785663490428571644,1030,1,0.741176,375.500,194.500,16.75305,27.35608,0
1785663490447232873,1031,1,0.749020,393.500,194.500,17.41010,29.06092,0
1785663490470899635,1032,1,0.788235,416.500,190.500,18.12964,29.44843,0
1785663490489588863,1033,1,0.768628,436.544,193.921,18.77607,30.65740,0
1785663490511351061,1034,1,0.768628,450.500,194.500,19.52595,31.71699,0
1785663490529971749,1035,1,0.752941,463.500,193.500,20.12326,31.80372,0
1785663490555337452,1036,0,0.752941,463.500,193.500,20.92999,31.80372,1
1785663490569575017,1037,1,0.756863,498.809,193.701,21.46478,32.79362,0
1785663490594752597,1038,0,0.756863,498.809,193.701,22.29044,32.79362,1
1785663490609520990,1039,1,0.788235,529.500,195.500,22.85026,33.63268,0
1785663490632655757,1040,1,0.627451,550.500,191.500,23.86666,36.30820,0
1785663490649705544,1041,0,0.627451,550.500,191.500,24.48570,36.30820,1
1785663490674375921,1042,0,0.709804,534.500,193.500,25.38145,36.30820,1
1785663490689839932,1043,0,0.709804,534.500,193.500,25.94291,36.30820,1
1785663490713322070,1044,0,0.690196,527.500,197.500,,,0
1785663490729919195,1045,1,0.717647,522.500,195.500,22.11724,0.00000,0
1785663490749829911,1046,1,0.764706,518.500,194.500,21.97995,-5.06839,0
1785663490770347580,1047,1,0.800000,514.500,194.500,21.71503,-9.55385,0
1785663490795348995,1048,0,0.800000,514.500,194.500,21.47617,-9.55385,1
1785663490809981473,1049,1,0.772549,512.500,194.500,21.50262,-6.93864,0
1785663490834629391,1050,1,0.776471,511.500,191.500,21.41666,-5.81742,0
1785663490849686240,1051,0,0.776471,511.500,191.500,21.32906,-5.81742,1
1785663490870001202,1052,1,0.776471,512.500,193.500,21.37038,-3.99525,0
1785663490891056990,1053,1,0.784314,512.500,194.500,21.39986,-2.70518,0
1785663490911149996,1054,1,0.780392,514.500,194.500,21.48311,-1.08228,0
1785663490929774184,1055,1,0.784314,516.500,193.500,21.60682,0.68327,0
1785663490949656900,1056,1,0.756863,518.500,194.500,21.76101,2.45975,0
1785663490970280734,1057,1,0.701961,527.500,196.500,22.04448,5.44358,0
1785663490993346669,1058,1,0.411765,532.500,195.500,22.38545,8.21661,0
1785663491009737879,1059,1,0.733333,538.500,193.500,22.68869,10.39360,0
1785663491032114612,1060,1,0.466667,544.500,197.500,23.08005,12.44208,0
1785663491049831726,1061,1,0.137255,552.500,194.500,23.43546,14.18258,0
1785663491073676111,1062,0,0.137255,552.500,194.500,23.77363,14.18258,1
1785663491089657533,1063,1,0.619608,545.500,193.500,23.65823,10.08682,0
1785663491113924247,1064,0,0.619608,545.500,193.500,23.90301,10.08682,1
1785663491133521717,1065,1,0.756863,543.500,194.500,23.58484,4.47200,0
1785663491158527507,1066,1,0.709804,549.500,195.500,23.54764,2.80967,0
1785663491173521648,1067,1,0.615686,542.500,193.500,23.35597,0.06554,0
1785663491194997723,1068,1,0.447059,545.500,195.500,23.25863,-1.16342,0
1785663491214256279,1069,1,0.584314,544.500,195.500,23.16171,-2.11732,0
1785663491238855782,1070,0,0.584314,544.500,195.500,23.10962,-2.11732,1
1785663491253721007,1071,1,0.301961,552.500,196.500,23.21426,-0.47077,0
1785663491275281665,1072,1,0.031373,556.500,195.500,23.37908,1.60369,0
1785663491293728813,1073,1,0.066667,553.500,194.500,23.45943,2.21653,0
1785663491315565385,1074,1,0.133333,551.500,194.500,23.49082,2.00545,0
1785663491333660494,1075,1,0.129412,552.500,193.500,23.51701,1.87774,0
1785663491356132977,1076,1,0.113725,554.500,192.500,23.56988,2.01435,0
1785663491373932256,1077,0,,,,23.60573,2.01435,1
1785663491396124658,1078,1,0.129412,552.500,194.500,23.57150,1.08371,0
1785663491413565857,1079,1,0.117647,555.500,193.500,23.59237,1.10678,0
1785663491433782820,1080,1,0.066667,556.500,196.500,23.61557,1.11684,0
1785663491454390321,1081,0,,,,23.63859,1.11684,1
1785663491473935000,1082,0,,,,23.66042,1.11684,1
1785663491493850091,1083,1,0.086275,551.500,201.500,23.50234,-0.77648,0
1785663491514506883,1084,0,,,,23.48630,-0.77648,1
1785663491533633899,1085,1,0.031373,553.500,195.500,23.45847,-0.90865,0
1785663491557701115,1086,0,,,,23.43660,-0.90865,1
1785663491573645204,1087,0,,,,23.42212,-0.90865,1
1785663491596391559,1088,0,,,,23.40145,-0.90865,1
1785663491613563844,1089,0,,,,,,0
1785663491635089211,1090,0,,,,,,0
1785663491653907647,1091,0,,,,,,0
1785663491674323233,1092,0,,,,,,0
1785663491693994202,1093,0,,,,,,0
1785663491717817004,1094,1,0.035294,554.500,198.500,23.50699,0.00000,0
1785663491733858509,1095,1,0.035294,547.500,201.500,23.28269,-8.97779,0
1785663491754707216,1096,0,,,,23.09552,-8.97779,1
1785663491777541569,1097,1,0.031373,554.500,198.500,23.26590,-2.02447,0
1785663491797568368,1098,0,,,,23.22535,-2.02447,1
1785663491817616749,1099,1,0.050980,552.500,198.500,23.33289,-0.15032,0
1785663491838520914,1100,0,,,,23.32975,-0.15032,1
1785663491857574722,1101,0,,,,23.32688,-0.15032,1
1785663491878968549,1102,0,,,,23.32367,-0.15032,1
1785663491897569986,1103,0,,,,,,0
1785663491922114656,1104,0,,,,,,0
1785663491937634958,1105,0,,,,,,0
1785663491957633757,1106,1,0.035294,547.500,202.500,23.20197,0.00000,0
1785663491977616806,1107,1,0.043137,554.500,198.500,23.44315,8.88805,0
1785663491999037174,1108,0,0.043137,554.500,198.500,23.63353,8.88805,1
1785663492017665736,1109,0,,,,23.79910,8.88805,1
1785663492039096896,1110,0,,,,23.98958,8.88805,1
1785663492057640584,1111,0,,,,,,0
1785663492077862214,1112,0,,,,,,0
1785663492098194968,1113,1,0.031373,555.500,201.500,23.54949,0.00000,0
1785663492118998467,1114,0,,,,23.54949,0.00000,1
1785663492137752444,1115,0,,,,23.54949,0.00000,1
1785663492163003732,1116,0,,,,23.54949,0.00000,1
1785663492177828541,1117,0,,,,,,0
1785663492199207784,1118,0,,,,,,0
1785663492218061220,1119,0,,,,,,0
1785663492237963186,1120,0,,,,,,0
1785663492257810611,1121,0,,,,,,0
1785663492277769160,1122,0,,,,,,0
1785663492298536785,1123,0,,,,,,0
1785663492318267253,1124,0,,,,,,0
1785663492338746714,1125,1,0.043137,553.500,201.500,23.46271,0.00000,0
1785663492359346923,1126,0,0.043137,553.500,201.500,23.46271,0.00000,1
1785663492378277066,1127,0,,,,23.46271,0.00000,1
1785663492399177397,1128,0,,,,23.46271,0.00000,1
1785663492421574547,1129,0,,,,,,0
1785663492444387025,1130,0,,,,,,0
1785663492461987765,1131,0,,,,,,0
1785663492485453862,1132,0,,,,,,0
1785663492502349651,1133,0,,,,,,0
1785663492524213347,1134,0,,,,,,0
1785663492541795712,1135,1,0.058824,556.500,195.500,23.59465,0.00000,0
1785663492562809667,1136,0,,,,23.59465,0.00000,1
1785663492581778768,1137,1,0.043137,553.500,201.500,23.47275,-2.80460,0
1785663492603206427,1138,1,0.050980,554.500,195.500,23.39999,-3.04902,0
1785663492623393641,1139,1,0.039216,548.500,200.500,23.24682,-4.59144,0
1785663492644121599,1140,0,0.039216,548.500,200.500,23.15165,-4.59144,1
1785663492661985419,1141,1,0.062745,555.500,201.500,23.26792,-2.04466,0
1785663492683555410,1142,1,0.066667,556.500,196.500,23.37702,-0.20636,0
1785663492701863434,1143,0,,,,23.37324,-0.20636,1
1785663492728393959,1144,1,0.070588,552.500,193.500,23.39689,0.11245,0
1785663492743284393,1145,0,0.070588,552.500,193.500,23.39856,0.11245,1
1785663492762658156,1146,0,,,,23.40074,0.11245,1
1785663492783324281,1147,1,0.101961,560.500,198.500,23.64756,2.52614,0
1785663492801862720,1148,1,0.043137,560.500,198.500,23.77888,3.40038,0
1785663492826431014,1149,1,0.031373,548.500,203.500,23.64684,0.92317,0
1785663492842039107,1150,0,,,,23.66125,0.92317,1
1785663492864492548,1151,0,,,,23.68198,0.92317,1
1785663492882774406,1152,1,0.039216,554.500,202.500,23.60081,-0.12035,0
1785663492902288001,1153,1,0.043137,547.500,202.500,23.40193,-2.25111,0
1785663492922154968,1154,0,,,,23.35721,-2.25111,1
1785663492944160996,1155,0,,,,23.30767,-2.25111,1
1785663492961581779,1156,0,,,,23.26845,-2.25111,1
1785663492984308217,1157,1,0.039216,560.500,196.500,23.58590,1.11133,0
1785663493003198402,1158,1,0.058824,554.500,203.500,23.56558,0.70706,0
1785663493021784382,1159,0,,,,23.57873,0.70706,1
1785663493049671809,1160,1,0.035294,554.500,201.500,23.55615,0.25062,0
1785663493066025103,1161,0,0.035294,554.500,201.500,23.56025,0.25062,1
1785663493086251691,1162,1,0.031373,548.500,202.500,23.38828,-1.68961,0
1785663493107427645,1163,1,0.035294,547.500,201.500,23.24713,-2.88959,0
1785663493125863709,1164,1,0.050980,559.500,198.500,23.37050,-0.77023,0
1785663493148379566,1165,1,0.086275,560.500,198.500,23.51618,1.27540,0
1785663493165804141,1166,1,0.031373,547.500,200.500,23.42458,-0.18354,0
1785663493188263415,1167,0,,,,23.42046,-0.18354,1
1785663493205657365,1168,1,0.050980,559.500,198.500,23.57428,1.69815,0
1785663493228837923,1169,1,0.066667,554.500,203.500,23.59494,1.47768,0
1785663493245785919,1170,0,,,,23.61998,1.47768,1
1785663493266445045,1171,0,,,,23.65051,1.47768,1
1785663493288828611,1172,0,,,,23.68359,1.47768,1
1785663493306534350,1173,0,,,,,,0
1785663493325582033,1174,0,,,,,,0
1785663493347761601,1175,1,0.031373,553.500,201.500,23.46271,0.00000,0
1785663493366818326,1176,0,,,,23.46271,0.00000,1
1785663493385675553,1177,0,,,,23.46271,0.00000,1
1785663493405714893,1178,0,,,,23.46271,0.00000,1
1785663493426341352,1179,1,0.035294,555.500,195.500,23.54931,1.08162,0
1785663493446917645,1180,0,,,,23.57156,1.08162,1
1785663493467225024,1181,1,0.035294,560.500,198.500,23.73552,2.65245,0
1785663493485583215,1182,1,0.066667,557.500,195.500,23.73314,2.06948,0
1785663493505726387,1183,0,,,,23.77482,2.06948,1
1785663493526419345,1184,0,,,,23.81765,2.06948,1
1785663493547654798,1185,1,0.043137,554.500,202.500,23.64796,-0.10926,0
1785663493565969822,1186,0,,,,23.64596,-0.10926,1
1785663493586459491,1187,0,,,,23.64372,-0.10926,1
1785663493606707954,1188,0,,,,23.64151,-0.10926,1
1785663493628258695,1189,0,,,,,,0
1785663493646540761,1190,0,,,,,,0
1785663493666133856,1191,0,,,,,,0
1785663493695855265,1192,1,0.054902,552.500,193.500,23.42168,0.00000,0
1785663493717571088,1193,0,,,,23.42168,0.00000,1
1785663493738410170,1194,0,,,,23.42168,0.00000,1
1785663493757538645,1195,1,0.031373,560.500,198.500,23.75517,5.22927,0
1785663493777725275,1196,0,,,,23.86073,5.22927,1
1785663493798301859,1197,0,,,,23.96833,5.22927,1
1785663493818929777,1198,1,0.043137,554.500,201.500,23.69085,1.20807,0
1785663493837529173,1199,1,0.062745,547.500,200.500,23.44332,-1.66461,0
1785663493859077873,1200,1,0.031373,553.500,198.500,23.41704,-1.55393,0
1785663493877719560,1201,0,,,,23.38807,-1.55393,1
1785663493903476509,1202,1,0.047059,553.500,195.500,23.39216,-1.04973,0
1785663493919197101,1203,1,0.031373,552.500,193.500,23.38907,-0.89282,0
1785663493939456647,1204,0,,,,23.37098,-0.89282,1
1785663493958045543,1205,1,0.050980,556.500,195.500,23.47413,0.48578,0
1785663493981691597,1206,0,0.050980,556.500,195.500,23.48562,0.48578,1
1785663494002892925,1207,0,,,,23.49591,0.48578,1
1785663494026735727,1208,0,,,,23.50750,0.48578,1
1785663494045712953,1209,1,0.101961,559.500,196.500,23.68483,1.96410,0
1785663494062063913,1210,0,0.101961,559.500,196.500,23.71695,1.96410,1
1785663494082394625,1211,0,,,,23.75688,1.96410,1
1785663494105364311,1212,0,,,,23.80199,1.96410,1
1785663494122066143,1213,0,,,,,,0
1785663494141616071,1214,1,0.043137,559.500,198.500,23.72389,0.00000,0
1785663494163105855,1215,1,0.101961,549.500,201.500,23.37251,-12.49295,0
1785663494183472442,1216,1,0.066667,560.500,198.500,23.21354,-9.90491,0
1785663494201873798,1217,1,0.035294,553.500,201.500,23.06212,-9.24858,0
1785663494225119981,1218,1,0.031373,560.500,198.500,23.17433,-3.78345,0
1785663494241990103,1219,1,0.086275,552.500,206.500,23.18993,-2.60300,0
1785663494261803695,1220,0,,,,23.13836,-2.60300,1
1785663494282561986,1221,0,,,,23.08432,-2.60300,1
1785663494302037540,1222,1,0.058824,547.500,201.500,23.07842,-2.13768,0
1785663494321752550,1223,1,0.039216,560.500,198.500,23.36891,1.32992,0
1785663494349680811,1224,1,0.039216,553.500,201.500,23.46449,1.99646,0
1785663494375208387,1225,1,0.050980,556.500,196.500,23.57693,2.75186,0
1785663494397543704,1226,1,0.035294,560.500,198.500,23.72491,3.85373,0
1785663494413970789,1227,0,0.035294,560.500,198.500,23.78821,3.85373,1
1785663494434521124,1228,1,0.035294,553.500,202.500,23.72644,2.17318,0
1785663494454013886,1229,1,0.031373,555.500,203.500,23.70755,1.44852,0
1785663494474861426,1230,1,0.066667,555.500,194.500,23.68252,0.77992,0
1785663494495201471,1231,1,0.043137,556.500,197.500,23.66829,0.40582,0
1785663494518686610,1232,0,,,,23.67782,0.40582,1
1785663494534354911,1233,0,,,,23.68418,0.40582,1
1785663494553738882,1234,0,,,,23.69204,0.40582,1
1785663494573754889,1235,0,,,,,,0
1785663494596537993,1236,0,,,,,,0
1785663494615130681,1237,0,,,,,,0
1785663494636240135,1238,0,,,,,,0
1785663494653868291,1239,0,,,,,,0
1785663494678992205,1240,0,,,,,,0
1785663494693827389,1241,0,,,,,,0
1785663494716705117,1242,0,,,,,,0
1785663494733849237,1243,0,,,,,,0
1785663494761274961,1244,0,,,,,,0
1785663494785568508,1245,0,,,,,,0
1785663494805763721,1246,0,,,,,,0
1785663494827219964,1247,0,,,,,,0
1785663494849477115,1248,1,0.035294,560.500,198.500,23.76725,0.00000,0
1785663494865497328,1249,0,,,,23.76725,0.00000,1
1785663494885829374,1250,0,,,,23.76725,0.00000,1
1785663494905600008,1251,0,,,,23.76725,0.00000,1
1785663494927659411,1252,0,,,,,,0
1785663494947313172,1253,1,0.031373,560.500,196.500,23.76784,0.00000,0
1785663494969856070,1254,0,,,,23.76784,0.00000,1
1785663494987806139,1255,0,,,,23.76784,0.00000,1
1785663495013983584,1256,1,0.035294,555.500,199.500,23.55666,-3.08155,0
1785663495037467598,1257,0,,,,23.48429,-3.08155,1
1785663495060350493,1258,0,,,,23.41378,-3.08155,1
1785663495081706569,1259,0,,,,23.34797,-3.08155,1
1785663495098036238,1260,0,,,,,,0
1785663495119628688,1261,0,,,,,,0
1785663495139149450,1262,0,,,,,,0
1785663495160962105,1263,0,,,,,,0
1785663495180063163,1264,0,,,,,,0
1785663495197523029,1265,0,,,,,,0
1785663495221381122,1266,0,,,,,,0
1785663495237658875,1267,0,,,,,,0
1785663495262471292,1268,1,0.031373,553.500,194.500,23.46478,0.00000,0
1785663495277501599,1269,0,,,,23.46478,0.00000,1
1785663495303242465,1270,0,,,,23.46478,0.00000,1
1785663495317696070,1271,0,,,,23.46478,0.00000,1
1785663495343011898,1272,0,,,,,,0
1785663495358216620,1273,0,,,,,,0
1785663495381853049,1274,0,,,,,,0
1785663495397766514,1275,0,,,,,,0
1785663495418695887,1276,0,,,,,,0
1785663495442304441,1277,0,,,,,,0
1785663495460780171,1278,0,,,,,,0
1785663495477629002,1279,0,,,,,,0
1785663495505313640,1280,0,,,,,,0
1785663495517770598,1281,0,,,,,,0
1785663495544046000,1282,0,,,,,,0
1785663495559439637,1283,1,0.035294,560.500,197.500,23.76755,0.00000,0
1785663495582173075,1284,0,,,,23.76755,0.00000,1
1785663495601900918,1285,0,,,,23.76755,0.00000,1
1785663495621852176,1286,0,,,,23.76755,0.00000,1
1785663495643276918,1287,0,,,,,,0
1785663495664714203,1288,1,0.043137,552.500,193.500,23.42168,0.00000,0
1785663495681955321,1289,0,,,,23.42168,0.00000,1
1785663495701888203,1290,0,,,,23.42168,0.00000,1
1785663495723349112,1291,0,,,,23.42168,0.00000,1
1785663495747215372,1292,0,,,,,,0
1785663495761826267,1293,1,0.031373,554.500,199.500,23.50669,0.00000,0
1785663495785463862,1294,0,,,,23.50669,0.00000,1
1785663495802817563,1295,0,,,,23.50669,0.00000,1
1785663495828938967,1296,0,,,,23.50669,0.00000,1
1785663495853850049,1297,0,,,,,,0
1785663495869741931,1298,0,,,,,,0
1785663495892132081,1299,0,,,,,,0
1785663495917588199,1300,0,,,,,,0
1785663495941731540,1301,1,0.031373,560.500,198.500,23.76725,0.00000,0
1785663495961917003,1302,0,0.031373,560.500,198.500,23.76725,0.00000,1
1785663495982892001,1303,0,,,,23.76725,0.00000,1
1785663496005329108,1304,0,,,,23.76725,0.00000,1
1785663496021646819,1305,0,,,,,,0
1785663496041867574,1306,0,,,,,,0
1785663496061592500,1307,0,,,,,,0
1785663496085292512,1308,0,,,,,,0
1785663496101662139,1309,0,,,,,,0
1785663496127507920,1310,0,,,,,,0
1785663496141689486,1311,0,,,,,,0
1785663496161758867,1312,0,,,,,,0
1785663496183003362,1313,0,,,,,,0
1785663496206989496,1314,0,,,,,,0
1785663496222442715,1315,1,0.031373,559.500,199.500,23.72359,0.00000,0
1785663496246080311,1316,0,,,,23.72359,0.00000,1
1785663496266731269,1317,0,,,,23.72359,0.00000,1
1785663496287620226,1318,0,,,,23.72359,0.00000,1
1785663496305579712,1319,0,,,,,,0
1785663496327689864,1320,1,0.031373,560.500,198.500,23.76725,0.00000,0
1785663496345519852,1321,1,0.050980,561.500,196.500,23.80077,1.29584,0
1785663496367588588,1322,1,0.035294,549.500,201.500,23.42686,-9.98571,0
1785663496385540199,1323,0,,,,23.24760,-9.98571,1
1785663496408252720,1324,0,,,,23.02080,-9.98571,1
1785663496426046166,1325,0,,,,22.84312,-9.98571,1
1785663496446035340,1326,0,,,,,,0
1785663496466419427,1327,0,,,,,,0
1785663496485974313,1328,0,,,,,,0
1785663496506387274,1329,0,,,,,,0
1785663496528990922,1330,1,0.031373,556.500,201.500,23.59287,0.00000,0
1785663496545824586,1331,0,0.031373,556.500,201.500,23.59287,0.00000,1
1785663496566150048,1332,0,,,,23.59287,0.00000,1
1785663496589005401,1333,0,,,,23.59287,0.00000,1
1785663496606673224,1334,0,,,,,,0
1785663496626325234,1335,1,0.039216,549.500,201.500,23.28910,0.00000,0
1785663496649213254,1336,0,,,,23.28910,0.00000,1
1785663496666909951,1337,0,,,,23.28910,0.00000,1
1785663496686293631,1338,0,,,,23.28910,0.00000,1
1785663496707252878,1339,0,,,,,,0
1785663496728509622,1340,0,,,,,,0
1785663496745904156,1341,0,,,,,,0
1785663496768785842,1342,0,,,,,,0
1785663496787264615,1343,0,,,,,,0
1785663496809106436,1344,0,,,,,,0
1785663496826402679,1345,0,,,,,,0
1785663496848966369,1346,0,,,,,,0
1785663496871032188,1347,0,,,,,,0
1785663496892696679,1348,0,,,,,,0
1785663496909589550,1349,0,,,,,,0
1785663496930762296,1350,0,,,,,,0
1785663496949945894,1351,0,,,,,,0
1785663496972639666,1352,0,,,,,,0
1785663496990646110,1353,0,,,,,,0
1785663497011007155,1354,0,,,,,,0
1785663497029649717,1355,0,,,,,,0
1785663497051050835,1356,0,,,,,,0
1785663497069735397,1357,0,,,,,,0
1785663497092951538,1358,0,,,,,,0
1785663497109718120,1359,0,,,,,,0
1785663497132113811,1360,0,,,,,,0
1785663497150018464,1361,0,,,,,,0
1785663497171209293,1362,0,,,,,,0
1785663497190016645,1363,0,,,,,,0
1785663497209876903,1364,0,,,,,,0
1785663497230102033,1365,0,,,,,,0
1785663497249829876,1366,0,,,,,,0
1785663497270493085,1367,0,,,,,,0
1785663497291151044,1368,0,,,,,,0
1785663497309607233,1369,0,,,,,,0
1785663497329825655,1370,0,,,,,,0
1785663497349683288,1371,0,,,,,,0
1785663497376050356,1372,0,,,,,,0
1785663497390038132,1373,0,,,,,,0
1785663497410297970,1374,0,,,,,,0
1785663497430410518,1375,0,,,,,,0
1785663497452297547,1376,1,0.031373,554.500,201.500,23.50610,0.00000,0
1785663497469666123,1377,0,,,,23.50610,0.00000,1
1785663497489680088,1378,0,,,,23.50610,0.00000,1
1785663497513495598,1379,0,,,,23.50610,0.00000,1
1785663497535439294,1380,1,0.050980,549.500,201.500,23.29340,-2.51875,0
1785663497553597028,1381,0,,,,23.24767,-2.51875,1
1785663497577380747,1382,0,,,,23.18776,-2.51875,1
1785663497593471835,1383,1,0.043137,554.500,199.500,23.39741,-0.07166,0
1785663497618023213,1384,1,0.031373,555.500,201.500,23.48143,0.82243,0
1785663497636817149,1385,0,0.031373,555.500,201.500,23.49688,0.82243,1
1785663497654922467,1386,1,0.039216,560.500,197.500,23.67298,2.61291,0
1785663497673841526,1387,0,,,,23.72242,2.61291,1
1785663497696733046,1388,0,,,,23.78223,2.61291,1
1785663497714023747,1389,0,,,,23.82741,2.61291,1
1785663497734113045,1390,0,,,,,,0
1785663497754815045,1391,0,,,,,,0
1785663497774150808,1392,0,,,,,,0
1785663497794250523,1393,0,,,,,,0
1785663497816596923,1394,1,0.039216,554.500,201.500,23.50610,0.00000,0
1785663497833822583,1395,0,,,,23.50610,0.00000,1
1785663497855116369,1396,0,,,,23.50610,0.00000,1
1785663497873873847,1397,0,,,,23.50610,0.00000,1
1785663497897960604,1398,1,0.078431,555.500,197.500,23.54975,0.52754,0
1785663497913878736,1399,1,0.047059,556.500,196.500,23.59205,0.94341,0
1785663497933919242,1400,1,0.203922,551.500,197.500,23.51146,-0.34963,0
1785663497953796126,1401,1,0.035294,556.500,199.500,23.53888,0.10800,0
1785663497976877518,1402,1,0.184314,544.500,203.500,23.32738,-2.72569,0
1785663497998370219,1403,0,0.184314,544.500,203.500,23.26880,-2.72569,1
1785663498014666347,1404,1,0.090196,553.500,197.500,23.33175,-1.43518,0
1785663498034243399,1405,0,,,,23.30365,-1.43518,1
1785663498057593998,1406,0,,,,23.27014,-1.43518,1
1785663498073707252,1407,1,0.054902,554.500,198.500,23.40674,0.15209,0
1785663498096830936,1408,1,0.082353,556.500,193.500,23.50810,1.16293,0
1785663498114402801,1409,0,0.082353,556.500,193.500,23.52853,1.16293,1
1785663498136535120,1410,1,0.145098,554.500,192.500,23.54333,1.04409,0
1785663498157508367,1411,1,0.133333,544.500,197.500,23.34436,-1.47151,0
1785663498177907912,1412,0,0.133333,544.500,197.500,23.31434,-1.47151,1
1785663498199684110,1413,1,0.066667,555.500,195.500,23.39798,-0.16163,0
1785663498219036582,1414,1,0.094118,546.500,196.500,23.28245,-1.45973,0
1785663498237632478,1415,1,0.047059,554.500,197.500,23.33793,-0.46591,0
1785663498257962023,1416,1,0.156863,555.500,200.500,23.41174,0.57326,0
1785663498279848470,1417,1,0.070588,555.500,195.500,23.48731,1.37690,0
1785663498299005527,1418,1,0.109804,554.500,197.500,23.52180,1.48122,0
1785663498317693880,1419,0,0.109804,554.500,197.500,23.54948,1.48122,1
1785663498337724762,1420,0,,,,23.57915,1.48122,1
1785663498359615584,1421,0,,,,23.61157,1.48122,1
1785663498378049315,1422,1,0.070588,557.500,199.500,23.68035,1.87718,0
1785663498399184144,1423,1,0.125490,554.500,197.500,23.64790,1.15887,0
1785663498417868706,1424,1,0.058824,554.500,196.500,23.61907,0.60546,0
1785663498440461853,1425,1,0.090196,547.500,201.500,23.46058,-1.47357,0
1785663498457869803,1426,1,0.031373,557.500,198.500,23.49167,-0.75517,0
1785663498480614324,1427,1,0.047059,554.500,201.500,23.47503,-0.74824,0
1785663498497701152,1428,1,0.039216,554.500,197.500,23.46826,-0.66982,0
1785663498520134760,1429,1,0.141176,558.500,195.500,23.53697,0.41840,0
1785663498538809989,1430,1,0.058824,555.500,202.500,23.55350,0.53118,0
1785663498558329001,1431,1,0.109804,553.500,201.500,23.53144,0.11364,0
1785663498579119958,1432,1,0.168627,555.500,195.500,23.54277,0.22869,0
1785663498600063164,1433,1,0.101961,556.500,195.500,23.57084,0.52666,0
1785663498618937016,1434,0,,,,23.58078,0.52666,1
1785663498637743201,1435,1,0.098039,550.500,202.500,23.46777,-0.92891,0
1785663498660499097,1436,1,0.137255,558.500,195.500,23.53853,0.14759,0
1785663498678663915,1437,1,0.039216,558.500,194.500,23.60269,0.88633,0
1785663498697922763,1438,1,0.050980,557.500,198.500,23.64010,1.13823,0
1785663498721516900,1439,1,0.117647,558.500,195.500,23.69363,1.47660,0
1785663498737887985,1440,1,0.105882,554.500,196.500,23.65864,0.71647,0
1785663498761666746,1441,1,0.137255,554.500,196.500,23.61714,-0.03984,0
1785663498781847251,1442,1,0.215686,554.500,195.500,23.57057,-0.63092,0
1785663498807777032,1443,1,0.047059,553.500,201.500,23.50585,-1.25285,0
1785663498823439083,1444,0,0.047059,553.500,201.500,23.48623,-1.25285,1
1785663498842649223,1445,1,0.262745,554.500,196.500,23.46306,-1.24211,0
1785663498866011196,1446,1,0.250980,553.500,201.500,23.42253,-1.37778,0
1785663498882938776,1447,1,0.031373,554.500,198.500,23.42098,-1.11501,0
1785663498902172832,1448,1,0.094118,555.500,201.500,23.44350,-0.56870,0
1785663498922495086,1449,1,0.086275,555.500,195.500,23.47080,-0.07581,0
1785663498942670925,1450,1,0.160784,555.500,195.500,23.50103,0.33121,0
1785663498964560288,1451,1,0.066667,554.500,195.500,23.51389,0.40327,0
1785663498986400068,1452,1,0.050980,556.500,199.500,23.55998,0.88202,0
1785663499007517105,1453,1,0.113725,556.500,202.500,23.60044,1.16214,0
1785663499026770995,1454,1,0.380392,554.500,191.500,23.59548,0.81162,0
1785663499045088936,1455,1,0.145098,553.500,195.500,23.56464,0.22549,0
1785663499061599728,1456,1,0.062745,554.500,195.500,23.54849,-0.02971,0
1785663499084602080,1457,1,0.082353,554.500,196.500,23.53100,-0.24564,0
1785663499101846989,1458,1,0.133333,554.500,196.500,23.51548,-0.39088,0
1785663499122240409,1459,1,0.090196,545.500,195.500,23.34682,-2.45782,0
1785663499141613006,1460,1,0.031373,554.500,196.500,23.34298,-1.89556,0
1785663499161464223,1461,1,0.082353,554.500,192.500,23.35668,-1.23721,0
1785663499182523803,1462,1,0.050980,558.500,195.500,23.45257,0.32481,0
1785663499201698360,1463,1,0.101961,554.500,197.500,23.48340,0.63998,0
1785663499221459161,1464,1,0.031373,552.500,202.500,23.47524,0.37343,0
1785663499241532042,1465,1,0.125490,556.500,199.500,23.53015,0.98066,0
1785663499264272188,1466,1,0.047059,554.500,196.500,23.54300,0.85972,0
1785663499282651670,1467,1,0.062745,555.500,201.500,23.56141,0.89317,0
1785663499301988100,1468,1,0.356863,554.500,192.500,23.55771,0.62411,0
1785663499321545904,1469,1,0.180392,554.500,201.500,23.54940,0.36105,0
1785663499341714159,1470,1,0.039216,554.500,197.500,23.53981,0.14481,0
1785663499361633917,1471,1,0.054902,554.500,196.500,23.52977,-0.02072,0
1785663499381649340,1472,1,0.047059,553.500,202.500,23.50230,-0.36719,0
1785663499401622764,1473,1,0.058824,554.500,198.500,23.49685,-0.34307,0
1785663499426798011,1474,1,0.086275,554.500,199.500,23.49249,-0.28832,0
1785663499445439407,1475,1,0.050980,554.500,198.500,23.49310,-0.21142,0
1785663499466535153,1476,1,0.043137,554.500,196.500,23.49466,-0.13406,0
1785663499485655752,1477,1,0.098039,557.500,195.500,23.55022,0.61208,0
1785663499506505626,1478,1,0.043137,554.500,198.500,23.54527,0.38499,0
1785663499525463768,1479,1,0.266667,556.500,201.500,23.57163,0.62942,0
1785663499548362580,1480,1,0.039216,557.500,198.500,23.61352,0.98126,0
1785663499567231765,1481,1,0.188235,552.500,195.500,23.55399,-0.01943,0
1785663499585778953,1482,1,0.050980,554.500,197.500,23.53515,-0.25649,0
1785663499605519921,1483,1,0.070588,556.500,204.500,23.55265,0.03284,0
1785663499625575011,1484,1,0.082353,554.500,194.500,23.53553,-0.19497,0
1785663499645712933,1485,1,0.196078,554.500,201.500,23.51979,-0.34641,0
1785663499666191519,1486,1,0.078431,554.500,200.500,23.50727,-0.41582,0
1785663499685789863,1487,1,0.137255,554.500,197.500,23.49913,-0.41574,0
1785663499707203231,1488,1,0.254902,554.500,196.500,23.49370,-0.37131,0
1785663499725663212,1489,0,,,,23.48684,-0.37131,1
1785663499747953904,1490,0,,,,23.47856,-0.37131,1
1785663499770134639,1491,1,0.141176,556.500,196.500,23.54568,0.41683,0
1785663499787425340,1492,1,0.101961,550.500,199.500,23.44991,-0.68301,0
1785663499805708573,1493,0,0.101961,550.500,199.500,23.43743,-0.68301,1
1785663499828059640,1494,1,0.180392,555.500,199.500,23.48358,-0.01101,0
1785663499847774067,1495,1,0.137255,547.500,202.500,23.35406,-1.48211,0
1785663499868087570,1496,1,0.074510,556.500,193.500,23.42664,-0.24823,0
1785663499887755039,1497,1,0.082353,555.500,198.500,23.47239,0.38494,0
1785663499908896285,1498,0,0.082353,555.500,198.500,23.48053,0.38494,1
1785663499927302016,1499,1,0.125490,554.500,192.500,23.50671,0.61177,0
1785663499949866872,1500,1,0.047059,554.500,198.500,23.52065,0.61333,0
1785663499968518476,1501,1,0.078431,554.500,197.500,23.52641,0.54481,0
1785663499990052593,1502,1,0.129412,554.500,191.500,23.53086,0.45430,0
1785663500006233514,1503,0,0.129412,554.500,191.500,23.53821,0.45430,1
1785663500027314968,1504,1,0.043137,554.500,196.500,23.53582,0.31314,0
1785663500047912261,1505,1,0.058824,555.500,201.500,23.55151,0.42201,0
1785663500074366161,1506,1,0.047059,554.500,197.500,23.54220,0.17257,0
1785663500097631886,1507,1,0.031373,555.500,199.500,23.54978,0.21736,0
1785663500120113618,1508,1,0.192157,555.500,201.500,23.55454,0.21569,0
1785663500140265248,1509,1,0.172549,554.500,196.500,23.53877,-0.04246,0
1785663500158973435,1510,1,0.043137,544.500,201.500,23.34655,-2.50691,0
1785663500177784287,1511,1,0.086275,555.500,192.500,23.38171,-1.44692,0
1785663500198125499,1512,1,0.231373,554.500,197.500,23.40300,-0.79498,0
1785663500217561387,1513,1,0.192157,557.500,198.500,23.48126,0.40755,0
1785663500240110493,1514,1,0.086275,556.500,195.500,23.53774,1.01339,0
1785663500261593861,1515,1,0.050980,554.500,197.500,23.54671,0.84945,0
1785663500278892436,1516,1,0.047059,559.500,195.500,23.63199,1.75500,0
1785663500299014901,1517,1,0.125490,547.500,201.500,23.49548,-0.45005,0
1785663500318750910,1518,1,0.086275,554.500,201.500,23.49084,-0.39562,0
1785663500338686710,1519,1,0.035294,549.500,201.500,23.40216,-1.43120,0
1785663500358213305,1520,1,0.062745,554.500,201.500,23.41563,-0.90057,0
1785663500382751558,1521,0,,,,23.39353,-0.90057,1
1785663500402669858,1522,1,0.035294,559.500,199.500,23.55709,1.23096,0
1785663500425477378,1523,1,0.086275,555.500,201.500,23.58148,1.18805,0
1785663500442363833,1524,1,0.058824,555.500,197.500,23.58861,1.03291,0
1785663500463044250,1525,1,0.062745,555.500,200.500,23.59401,0.83477,0
1785663500483151839,1526,1,0.117647,558.500,195.500,23.64628,1.28511,0
1785663500502947640,1527,1,0.078431,556.500,201.500,23.65019,1.00903,0
1785663500527985805,1528,0,0.078431,556.500,201.500,23.67546,1.00903,1
1785663500546076248,1529,0,,,,23.69371,1.00903,1
1785663500563091035,1530,0,,,,23.71088,1.00903,1
1785663500583942950,1531,1,0.074510,555.500,199.500,23.62720,0.01374,0
1785663500603404504,1532,0,,,,23.62747,0.01374,1
1785663500622661602,1533,1,0.066667,548.500,201.500,23.39584,-2.21159,0
1785663500646652694,1534,1,0.066667,554.500,200.500,23.37658,-1.85491,0
1785663500666112498,1535,1,0.152941,552.500,195.500,23.34049,-1.85486,0
1785663500681913798,1536,1,0.066667,556.500,196.500,23.39599,-0.80467,0
1785663500703830410,1537,1,0.200000,555.500,191.500,23.43663,-0.05109,0
1785663500726791346,1538,1,0.031373,554.500,198.500,23.46538,0.33924,0
1785663500746197484,1539,0,0.031373,554.500,198.500,23.47196,0.33924,1
1785663500766785152,1540,1,0.043137,552.500,195.500,23.45496,0.05471,0
1785663500784848178,1541,0,,,,23.45595,0.05471,1
1785663500802981496,1542,1,0.219608,554.500,200.500,23.48557,0.36894,0
1785663500824814568,1543,1,0.156863,554.500,196.500,23.50725,0.52092,0
1785663500842960719,1544,1,0.074510,550.500,202.500,23.44814,-0.28158,0
1785663500869081539,1545,1,0.078431,554.500,196.500,23.46703,0.04427,0
1785663500883367229,1546,0,0.078431,554.500,196.500,23.46766,0.04427,1
1785663500903547442,1547,1,0.192157,555.500,199.500,23.51100,0.55149,0
1785663500923574532,1548,1,0.094118,554.500,200.500,23.52500,0.58663,0
1785663500944189033,1549,1,0.086275,556.500,195.500,23.57185,1.00988,0
1785663500963029635,1550,1,0.192157,555.500,202.500,23.59013,1.00057,0
1785663500986836396,1551,1,0.278431,556.500,196.500,23.62377,1.12538,0
1785663501003168981,1552,1,0.231373,556.500,201.500,23.64054,1.10462,0
1785663501026763411,1553,0,,,,23.66660,1.10462,1
1785663501052502485,1554,1,0.066667,555.500,195.500,23.64359,0.50710,0
1785663501069728020,1555,1,0.066667,554.500,197.500,23.59523,-0.16096,0
1785663501086634016,1556,1,0.031373,553.500,195.500,23.53779,-0.82164,0
1785663501111215144,1557,1,0.196078,554.500,194.500,23.49890,-1.05618,0
1785663501126876320,1558,1,0.070588,558.500,195.500,23.54350,-0.27375,0
1785663501148987931,1559,1,0.050980,555.500,202.500,23.53802,-0.26631,0
1785663501165622097,1560,1,0.058824,552.500,195.500,23.48605,-0.88330,0
1785663501186957007,1561,1,0.164706,547.500,200.500,23.34707,-2.43810,0
1785663501206417103,1562,1,0.054902,554.500,200.500,23.36343,-1.61536,0
1785663501226754523,1563,1,0.223529,557.500,193.500,23.44175,-0.18736,0
1785663501247874477,1564,1,0.094118,554.500,196.500,23.46482,0.15887,0
1785663501266783329,1565,1,0.101961,555.500,202.500,23.50162,0.59174,0
1785663501286901126,1566,1,0.070588,554.500,197.500,23.51580,0.62089,0
1785663501310549222,1567,0,,,,23.53049,0.62089,1
1785663501326721392,1568,0,,,,23.54053,0.62089,1
1785663501346501151,1569,1,0.137255,554.500,197.500,23.53178,0.39656,0
1785663501372593097,1570,1,0.184314,556.500,200.500,23.57439,0.74484,0
1785663501385857964,1571,0,0.184314,556.500,200.500,23.58427,0.74484,1
1785663501406391674,1572,1,0.058824,545.500,194.500,23.35796,-1.92905,0
1785663501430269892,1573,1,0.458824,555.500,197.500,23.38486,-1.08680,0
1785663501445680237,1574,0,0.458824,555.500,197.500,23.36811,-1.08680,1
1785663501468909211,1575,1,0.054902,555.500,195.500,23.44228,0.04703,0
1785663501487126236,1576,1,0.215686,559.500,196.500,23.57099,1.53642,0
1785663501507006620,1577,0,0.215686,559.500,196.500,23.60153,1.53642,1
1785663501530099096,1578,1,0.031373,555.500,195.500,23.62604,1.41235,0
1785663501548310871,1579,1,0.039216,554.500,201.500,23.61176,0.95104,0
1785663501567001266,1580,1,0.050980,559.500,194.500,23.68394,1.60463,0
1785663501591225980,1581,1,0.035294,559.500,194.500,23.75348,1.98858,0
1785663501607752814,1582,1,0.101961,548.500,200.500,23.60419,-0.34033,0
1785663501626044505,1583,1,0.066667,554.500,197.500,23.55807,-0.85607,0
1785663501650840006,1584,1,0.137255,554.500,201.500,23.51472,-1.14256,0
1785663501669595442,1585,1,0.235294,554.500,197.500,23.49025,-1.18200,0
1785663501689833988,1586,1,0.192157,554.500,193.500,23.47379,-1.08580,0
1785663501709637372,1587,1,0.058824,554.500,199.500,23.46565,-0.91408,0
1785663501730239332,1588,0,0.058824,554.500,199.500,23.44681,-0.91408,1
1785663501750253297,1589,1,0.090196,554.500,196.500,23.46076,-0.53446,0
1785663501770636508,1590,1,0.035294,555.500,200.500,23.49095,-0.05459,0
1785663501790322060,1591,1,0.274510,556.500,196.500,23.53377,0.47150,0
1785663501812438921,1592,1,0.043137,555.500,196.500,23.55146,0.56143,0
1785663501832435386,1593,1,0.078431,555.500,201.500,23.56187,0.55119,0
1785663501849674171,1594,1,0.058824,553.500,195.500,23.53336,0.06414,0
1785663501870804334,1595,1,0.031373,554.500,200.500,23.52386,-0.07566,0
1785663501893209358,1596,1,0.050980,554.500,201.500,23.51474,-0.17129,0
1785663501913004284,1597,1,0.172549,555.500,199.500,23.52588,0.01554,0
1785663501938028741,1598,1,0.101961,554.500,196.500,23.51823,-0.08760,0
1785663501957627960,1599,1,0.101961,554.500,198.500,23.51177,-0.14843,0
1785663501986287130,1600,1,0.176471,554.500,197.500,23.50541,-0.17541,0
1785663502013572564,1601,1,0.364706,554.500,197.500,23.50154,-0.16374,0
1785663502031819922,1602,1,0.058824,554.500,197.500,23.50107,-0.13130,0
1785663502055153312,1603,0,0.058824,554.500,197.500,23.49801,-0.13130,1
1785663502071071735,1604,1,0.050980,554.500,198.500,23.50080,-0.07294,0
1785663502090616413,1605,0,0.050980,554.500,198.500,23.49938,-0.07294,1
1785663502110771252,1606,0,,,,23.49791,-0.07294,1
1785663502132415909,1607,1,0.058824,555.500,201.500,23.53045,0.26167,0
1785663502150522102,1608,1,0.486275,550.500,195.500,23.44088,-0.70308,0
1785663502176041595,1609,1,0.588235,553.500,196.500,23.42784,-0.64702,0
1785663502190875613,1610,1,0.576471,551.500,195.500,23.39173,-0.96986,0
1785663502214139295,1611,1,0.682353,553.500,196.500,23.39341,-0.65800,0
1785663502230390215,1612,1,0.317647,552.500,197.500,23.38731,-0.59798,0
1785663502251910332,1613,1,0.733333,553.500,196.500,23.40179,-0.23984,0
1785663502270475312,1614,1,0.486275,553.500,197.500,23.42210,0.08271,0
1785663502295720266,1615,0,0.486275,553.500,197.500,23.42419,0.08271,1
1785663502315549025,1616,1,0.709804,553.500,197.500,23.44909,0.35681,0
1785663502339343535,1617,1,0.317647,553.500,197.500,23.46838,0.48258,0
1785663502354621465,1618,1,0.541176,552.500,197.500,23.46064,0.30148,0
1785663502379870503,1619,1,0.713726,553.500,197.500,23.46967,0.31924,0
1785663502395132974,1620,1,0.698039,551.500,194.500,23.43863,-0.14023,0
1785663502415295104,1621,0,0.698039,551.500,194.500,23.43581,-0.14023,1
1785663502435232070,1622,1,0.431373,551.500,197.500,23.40098,-0.52287,0
1785663502456520315,1623,1,0.470588,553.500,197.500,23.41419,-0.23543,0
1785663502475027253,1624,1,0.580392,553.500,198.500,23.42846,-0.01051,0
1785663502499002887,1625,1,0.545098,549.500,195.500,23.36879,-0.75043,0
1785663502514880769,1626,1,0.403922,553.500,196.500,23.38722,-0.36485,0
1785663502534124159,1627,1,0.650980,554.500,197.500,23.42494,0.21104,0
1785663502559853275,1628,1,0.690196,553.500,197.500,23.44898,0.45155,0
1785663502574507336,1629,1,0.756863,553.500,197.500,23.46589,0.58534,0
1785663502596231617,1630,1,0.674510,552.500,196.500,23.46377,0.39247,0
1785663502614294060,1631,1,0.635294,552.500,195.500,23.45739,0.21798,0
1785663502634238901,1632,1,0.752941,553.500,196.500,23.46601,0.27315,0
1785663502654671696,1633,1,0.749020,552.500,197.500,23.45544,0.06568,0
1785663502674783077,1634,1,0.054902,552.500,195.500,23.44343,-0.10507,0
1785663502693998175,1635,1,0.031373,554.500,197.500,23.46601,0.20991,0
1785663502713669144,1636,1,0.156863,555.500,199.500,23.50360,0.63821,0
1785663502734291228,1637,0,0.156863,555.500,199.500,23.51676,0.63821,1
1785663502759017312,1638,1,0.235294,552.500,200.500,23.47885,0.01418,0
1785663502773736997,1639,0,0.235294,552.500,200.500,23.47906,0.01418,1
1785663502794581913,1640,1,0.031373,554.500,198.500,23.49488,0.18448,0
1785663502816894480,1641,0,0.031373,554.500,198.500,23.49900,0.18448,1
1785663502837334566,1642,1,0.168627,554.500,196.500,23.51025,0.26385,0
1785663502854342353,1643,1,0.066667,554.500,200.500,23.51296,0.24438,0
1785663502875731221,1644,0,0.066667,554.500,200.500,23.51819,0.24438,1
1785663502894993277,1645,1,0.062745,554.500,198.500,23.51967,0.20817,0
1785663502918155461,1646,1,0.070588,554.500,197.500,23.52049,0.16200,0
1785663502938484715,1647,1,0.117647,555.500,195.500,23.53723,0.32406,0
1785663502958774302,1648,0,0.117647,555.500,195.500,23.54380,0.32406,1
1785663502979074681,1649,1,0.086275,556.500,198.500,23.58097,0.68005,0
1785663503002153741,1650,1,0.172549,555.500,201.500,23.58815,0.58062,0
1785663503017471920,1651,1,0.078431,559.500,194.500,23.65865,1.32274,0
1785663503040142067,1652,0,0.078431,559.500,194.500,23.68864,1.32274,1
1785663503058956711,1653,1,0.074510,550.500,202.500,23.54005,-0.70829,0
1785663503078225475,1654,1,0.050980,554.500,196.500,23.51162,-0.88138,0
1785663503099054640,1655,0,0.050980,554.500,196.500,23.49326,-0.88138,1
1785663503122783818,1656,1,0.125490,555.500,195.500,23.50513,-0.51422,0
1785663503138236163,1657,0,0.125490,555.500,195.500,23.49719,-0.51422,1
1785663503158559583,1658,0,,,,23.48674,-0.51422,1
1785663503179242917,1659,0,,,,23.47610,-0.51422,1
1785663503199861501,1660,1,0.031373,554.500,197.500,23.48073,-0.37722,0
1785663503218429106,1661,1,0.101961,556.500,196.500,23.52793,0.14610,0
1785663503242748611,1662,1,0.098039,555.500,200.500,23.54281,0.27236,0
1785663503258444786,1663,1,0.086275,552.500,195.500,23.50106,-0.28453,0
1785663503280845728,1664,0,,,,23.49468,-0.28453,1
1785663503300556654,1665,0,,,,23.48908,-0.28453,1
1785663503320508495,1666,1,0.039216,554.500,198.500,23.49132,-0.19955,0
1785663503338693146,1667,1,0.039216,550.500,201.500,23.40820,-1.06042,0
1785663503363243357,1668,0,,,,23.38217,-1.06042,1
1785663503377597296,1669,1,0.035294,559.500,198.500,23.53774,0.84603,0
1785663503397647719,1670,1,0.031373,553.500,195.500,23.52657,0.52455,0
1785663503420114868,1671,0,,,,23.53836,0.52455,1
1785663503438779305,1672,1,0.043137,547.500,201.500,23.37055,-1.48766,0
1785663503458226859,1673,0,,,,23.34162,-1.48766,1
1785663503481244086,1674,0,,,,23.30738,-1.48766,1
1785663503497586297,1675,0,,,,23.28307,-1.48766,1
1785663503518816500,1676,0,,,,,,0
1785663503537593519,1677,0,,,,,,0
1785663503567244054,1678,1,0.035294,554.500,192.500,23.50876,0.00000,0
1785663503590168823,1679,0,,,,23.50876,0.00000,1
1785663503610423703,1680,1,0.058824,554.500,195.500,23.50794,-0.01786,0
1785663503633671344,1681,1,0.043137,554.500,195.500,23.50748,-0.01861,0
1785663503651121293,1682,0,0.043137,554.500,195.500,23.50715,-0.01861,1
1785663503671357798,1683,0,,,,23.50678,-0.01861,1
1785663503691475304,1684,1,0.043137,555.500,200.500,23.54032,0.36193,0
1785663503712039055,1685,0,,,,23.54776,0.36193,1
1785663503734272873,1686,0,,,,23.55581,0.36193,1
1785663503750789499,1687,0,,,,23.56179,0.36193,1
1785663503771211210,1688,0,,,,,,0
1785663503792649661,1689,1,0.039216,560.500,198.500,23.76725,0.00000,0
1785663503811632303,1690,1,0.035294,549.500,201.500,23.39522,-14.02888,0
1785663503831019775,1691,0,,,,23.12323,-14.02888,1
1785663503852060396,1692,1,0.039216,546.500,202.500,22.61692,-18.02886,0
1785663503870609626,1693,1,0.043137,556.500,201.500,22.65905,-11.99345,0
1785663503894995047,1694,0,0.031373,556.500,195.500,22.36658,-11.99345,1
1785663503914453102,1695,0,,,,22.13321,-11.99345,1
1785663503938111989,1696,0,,,,21.84946,-11.99345,1
1785663503954967819,1697,0,,,,,,0
1785663503975655527,1698,0,,,,,,0
1785663503994628545,1699,0,,,,,,0
1785663504015582834,1700,0,,,,,,0
1785663504034209355,1701,0,,,,,,0
1785663504055631181,1702,0,,,,,,0
1785663504074225619,1703,0,,,,,,0
1785663504094557498,1704,1,0.062745,548.500,202.500,23.24539,0.00000,0
1785663504114882085,1705,0,,,,23.24539,0.00000,1
1785663504135674209,1706,0,,,,23.24539,0.00000,1
1785663504154587144,1707,0,,,,23.24539,0.00000,1
1785663504174651858,1708,1,0.047059,560.500,195.500,23.75700,6.27582,0
1785663504195264609,1709,0,,,,23.88636,6.27582,1
1785663504214795288,1710,1,0.039216,554.500,194.500,23.82987,4.30628,0
1785663504235087500,1711,1,0.062745,559.500,198.500,23.90561,4.17385,0
1785663504255586211,1712,1,0.047059,556.500,194.500,23.88628,2.90550,0
1785663504274567394,1713,0,,,,23.94143,2.90550,1
1785663504295567475,1714,0,,,,24.00244,2.90550,1
1785663504314519784,1715,0,,,,24.05751,2.90550,1
1785663504336009276,1716,0,,,,,,0
1785663504354425216,1717,0,,,,,,0
1785663504375884792,1718,0,,,,,,0
1785663504398001777,1719,1,0.039216,559.500,198.500,23.72389,0.00000,0
1785663504416192261,1720,0,,,,23.72389,0.00000,1
1785663504434626284,1721,1,0.035294,548.500,198.500,23.28864,-10.75679,0
1785663504456030027,1722,0,,,,23.05841,-10.75679,1
1785663504474686881,1723,0,,,,22.85772,-10.75679,1
1785663504497391736,1724,1,0.035294,560.500,198.500,23.25056,-3.15287,0
1785663504518045028,1725,0,,,,23.18544,-3.15287,1
1785663504539633102,1726,0,,,,23.11738,-3.15287,1
1785663504558192832,1727,1,0.047059,556.500,195.500,23.37418,-0.22144,0
1785663504579123205,1728,1,0.282353,555.500,197.500,23.46414,0.71674,0
1785663504598207929,1729,0,0.282353,555.500,197.500,23.47782,0.71674,1
1785663504619708796,1730,1,0.047059,547.500,189.500,23.34772,-0.85829,0
1785663504638833479,1731,0,,,,23.33130,-0.85829,1
1785663504662347992,1732,0,,,,23.31112,-0.85829,1
1785663504678544371,1733,0,,,,23.29722,-0.85829,1
1785663504699996238,1734,0,,,,,,0
1785663504718258471,1735,0,,,,,,0
1785663504739619340,1736,0,,,,,,0
1785663504758254902,1737,0,,,,,,0
1785663504785069507,1738,0,,,,,,0
1785663504806331877,1739,0,,,,,,0
1785663504830898713,1740,0,,,,,,0
1785663504849582983,1741,0,,,,,,0
1785663504877671159,1742,0,,,,,,0
1785663504902536367,1743,0,,,,,,0
1785663504924518062,1744,0,,,,,,0
1785663504941267435,1745,0,,,,,,0
1785663504958433888,1746,0,,,,,,0
1785663504978718225,1747,0,,,,,,0
1785663504999638390,1748,1,0.031373,556.500,199.500,23.59347,0.00000,0
1785663505018506117,1749,0,0.031373,556.500,199.500,23.59347,0.00000,1
1785663505045084266,1750,1,0.058824,554.500,200.500,23.51170,-1.68780,0
1785663505059620494,1751,1,0.086275,555.500,195.500,23.48384,-1.75191,0
1785663505078238265,1752,0,,,,23.45122,-1.75191,1
1785663505104949413,1753,1,0.117647,554.500,205.500,23.42006,-1.54285,0
1785663505129095087,1754,1,0.035294,554.500,195.500,23.40986,-1.20944,0
1785663505147552151,1755,1,0.105882,555.500,200.500,23.44053,-0.55694,0
1785663505168790104,1756,0,,,,23.42870,-0.55694,1
1785663505190204639,1757,1,0.090196,546.500,195.500,23.25544,-2.40615,0
1785663505207241592,1758,0,0.090196,546.500,195.500,23.21445,-2.40615,1
1785663505220066922,1759,1,0.078431,555.500,197.500,23.31355,-0.96830,0
1785663505242574320,1760,1,0.094118,556.500,195.500,23.41771,0.44940,0
1785663505259838771,1761,1,0.078431,555.500,193.500,23.48069,1.09952,0
1785663505280011110,1762,0,0.078431,555.500,193.500,23.50287,1.09952,1
1785663505299499497,1763,1,0.149020,554.500,196.500,23.53821,1.26132,0
1785663505319589878,1764,0,,,,23.56355,1.26132,1
1785663505341070621,1765,1,0.054902,544.500,202.500,23.32302,-1.65311,0
1785663505359805057,1766,1,0.074510,554.500,196.500,23.36136,-0.87917,0
1785663505380128769,1767,1,0.164706,556.500,198.500,23.43563,0.20805,0
1785663505399968028,1768,1,0.043137,555.500,201.500,23.48805,0.80490,0
1785663505419576289,1769,1,0.074510,556.500,200.500,23.55246,1.42292,0
1785663505439253383,1770,1,0.031373,551.500,203.500,23.52077,0.65478,0
1785663505459966466,1771,1,0.070588,554.500,193.500,23.53457,0.65785,0
1785663505480142304,1772,1,0.215686,556.500,201.500,23.57710,1.03475,0
1785663505499669775,1773,1,0.054902,554.500,193.500,23.57807,0.78757,0
1785663505514229628,1774,1,0.035294,555.500,198.500,23.58499,0.72892,0
1785663505531816076,1775,0,0.035294,555.500,198.500,23.59780,0.72892,1
1785663505553847479,1776,1,0.098039,554.500,194.500,23.56893,0.19531,0
1785663505573343325,1777,0,0.098039,554.500,194.500,23.57274,0.19531,1
1785663505593633621,1778,1,0.062745,554.500,201.500,23.54160,-0.19060,0
1785663505612401598,1779,1,0.047059,555.500,201.500,23.53987,-0.16996,0
1785663505634609750,1780,1,0.254902,558.500,195.500,23.59618,0.53940,0
1785663505651390623,1781,1,0.094118,553.500,201.500,23.55724,-0.05135,0
1785663505674139811,1782,1,0.121569,554.500,193.500,23.53561,-0.31180,0
1785663505691109390,1783,1,0.066667,554.500,200.500,23.51617,-0.49445,0
1785663505712747047,1784,1,0.094118,555.500,196.500,23.51620,-0.35545,0
1785663505732039061,1785,1,0.066667,554.500,196.500,23.50279,-0.44015,0
1785663505751989652,1786,1,0.117647,557.500,193.500,23.54529,0.22028,0
1785663505772045325,1787,1,0.133333,549.500,201.500,23.44811,-1.08387,0
1785663505791930959,1788,1,0.109804,553.500,195.500,23.42440,-1.11155,0
1785663505812058673,1789,0,,,,23.40203,-1.11155,1
1785663505832502550,1790,1,0.274510,554.500,200.500,23.42256,-0.60263,0
1785663505852284935,1791,1,0.149020,559.500,194.500,23.54315,0.94613,0
1785663505863893443,1792,1,0.168627,557.500,198.500,23.59646,1.45210,0
1785663505883195457,1793,1,0.066667,554.500,195.500,23.59751,1.11692,0
1785663505904059039,1794,1,0.105882,554.500,196.500,23.58579,0.67092,0
1785663505923689758,1795,1,0.062745,555.500,197.500,23.58518,0.49360,0
1785663505943409143,1796,1,0.078431,553.500,201.500,23.54648,-0.13097,0
1785663505964069726,1797,1,0.262745,555.500,200.500,23.54511,-0.11383,0
1785663505983492489,1798,0,0.262745,555.500,200.500,23.54290,-0.11383,1
1785663506003217124,1799,1,0.035294,559.500,194.500,23.63425,0.99367,0
1785663506023573211,1800,1,0.101961,547.500,202.500,23.45698,-1.32027,0
1785663506043593301,1801,0,0.101961,547.500,202.500,23.43054,-1.32027,1
1785663506064078887,1802,1,0.031373,549.500,201.500,23.31240,-2.34531,0
1785663506084553389,1803,1,0.074510,545.500,197.500,23.17355,-3.38391,0
1785663506104124609,1804,0,0.074510,545.500,197.500,23.10732,-3.38391,1
1785663506123114251,1805,1,0.078431,554.500,196.500,23.22127,-1.37071,0
1785663506143487254,1806,1,0.101961,554.500,197.500,23.32480,0.13919,0
1785663506155854671,1807,0,0.101961,554.500,197.500,23.32652,0.13919,1
1785663506176451089,1808,1,0.094118,557.500,197.500,23.48519,1.91679,0
1785663506196568887,1809,0,,,,23.52375,1.91679,1
1785663506215559404,1810,1,0.070588,554.500,195.500,23.57263,2.05391,0
1785663506236094864,1811,0,,,,23.61481,2.05391,1
1785663506255623792,1812,1,0.090196,553.500,195.500,23.56898,1.13874,0
1785663506276143794,1813,0,0.090196,553.500,195.500,23.59235,1.13874,1
1785663506295241060,1814,0,,,,23.61410,1.13874,1
1785663506316884843,1815,0,,,,23.63874,1.13874,1
1785663506336234690,1816,1,0.039216,554.500,200.500,23.56162,0.26232,0
1785663506356609734,1817,1,0.082353,556.500,200.500,23.58344,0.42065,0
1785663506376962030,1818,1,0.054902,557.500,195.500,23.61623,0.68662,0
1785663506397003411,1819,0,0.054902,557.500,195.500,23.62999,0.68662,1
1785663506416411591,1820,1,0.050980,553.500,201.500,23.55470,-0.34161,0
1785663506435661981,1821,0,0.050980,553.500,201.500,23.54813,-0.34161,1
1785663506456267732,1822,1,0.094118,555.500,194.500,23.53929,-0.36137,0
1785663506468512650,1823,1,0.109804,555.500,198.500,23.53643,-0.34385,0
1785663506488535657,1824,1,0.039216,556.500,201.500,23.55075,-0.09204,0
1785663506508117960,1825,1,0.098039,556.500,199.500,23.56513,0.10885,0
1785663506528101800,1826,0,0.098039,556.500,199.500,23.56731,0.10885,1
1785663506547084026,1827,1,0.094118,554.500,196.500,23.54101,-0.22795,0
1785663506567005826,1828,1,0.054902,554.500,197.500,23.51930,-0.43038,0
1785663506588468485,1829,1,0.164706,555.500,201.500,23.51937,-0.31796,0
1785663506607765040,1830,1,0.058824,555.500,202.500,23.52265,-0.20105,0
1785663506628869953,1831,1,0.078431,554.500,197.500,23.51050,-0.30123,0
1785663506648523214,1832,1,0.066667,555.500,195.500,23.51851,-0.12288,0
1785663506669503961,1833,1,0.039216,549.500,202.500,23.42070,-1.34630,0
1785663506687513321,1834,1,0.039216,554.500,196.500,23.41963,-1.04808,0
1785663506708111489,1835,1,0.117647,556.500,201.500,23.46016,-0.24989,0
1785663506728137121,1836,1,0.086275,555.500,198.500,23.48943,0.19001,0
1785663506747393635,1837,1,0.129412,547.500,200.500,23.38032,-1.25575,0
1785663506767608849,1838,1,0.074510,555.500,201.500,23.41314,-0.51023,0
1785663506788480014,1839,1,0.070588,554.500,197.500,23.43663,-0.07319,0
1785663506799626526,1840,0,0.070588,554.500,197.500,23.43582,-0.07319,1
1785663506822801543,1841,1,0.086275,549.500,201.500,23.36206,-0.93666,0
1785663506839804955,1842,0,0.086275,549.500,201.500,23.34613,-0.93666,1
1785663506859704297,1843,1,0.062745,555.500,198.500,23.42911,0.19871,0
1785663506880120466,1844,1,0.074510,554.500,197.500,23.47104,0.62740,0
1785663506902308201,1845,1,0.031373,553.500,201.500,23.48691,0.65063,0
1785663506920880765,1846,1,0.074510,555.500,202.500,23.53024,1.03658,0
1785663506939763366,1847,1,0.207843,553.500,195.500,23.53139,0.80291,0
1785663506959577250,1848,0,0.207843,553.500,195.500,23.54730,0.80291,1
1785663506978920389,1849,1,0.094118,545.500,201.500,23.34018,-1.84663,0
1785663507001192331,1850,1,0.121569,556.500,200.500,23.41710,-0.45596,0
1785663507019687479,1851,1,0.054902,551.500,201.500,23.39133,-0.66519,0
1785663507039550654,1852,1,0.141176,546.500,195.500,23.28416,-1.83125,0
1785663507060572609,1853,1,0.039216,554.500,196.500,23.33708,-0.67310,0
1785663507079396878,1854,0,0.039216,554.500,196.500,23.32441,-0.67310,1
1785663507099580008,1855,1,0.078431,554.500,196.500,23.40635,0.45664,0
1785663507112089007,1856,0,0.078431,554.500,196.500,23.41207,0.45664,1
1785663507131972432,1857,1,0.070588,555.500,195.500,23.49726,1.30131,0
1785663507151446819,1858,1,0.141176,552.500,198.500,23.49964,1.04229,0
1785663507172537899,1859,1,0.050980,554.500,195.500,23.53369,1.18510,0
1785663507192869194,1860,1,0.145098,555.500,201.500,23.57450,1.39156,0
1785663507211344342,1861,1,0.086275,546.500,196.500,23.44778,-0.54073,0
1785663507232166507,1862,1,0.039216,548.500,201.500,23.35109,-1.63825,0
1785663507251213024,1863,1,0.113725,555.500,195.500,23.38590,-0.78688,0
1785663507272152146,1864,1,0.090196,554.500,196.500,23.41276,-0.22863,0
1785663507290854791,1865,1,0.109804,556.500,193.500,23.47908,0.67950,0
1785663507311261628,1866,1,0.105882,553.500,197.500,23.49195,0.66668,0
1785663507333028492,1867,1,0.098039,553.500,195.500,23.50073,0.59325,0
1785663507351244934,1868,1,0.184314,554.500,197.500,23.51929,0.69259,0
1785663507371351065,1869,0,0.184314,554.500,197.500,23.53321,0.69259,1
1785663507391904608,1870,1,0.074510,549.500,201.500,23.41915,-0.81898,0
1785663507412565775,1871,0,0.074510,549.500,201.500,23.40223,-0.81898,1
1785663507431922914,1872,1,0.270588,554.500,201.500,23.43592,-0.27881,0
1785663507443638171,1873,1,0.043137,554.500,191.500,23.46142,0.03998,0
1785663507464526544,1874,1,0.054902,554.500,197.500,23.48111,0.26184,0
1785663507484399635,1875,1,0.039216,557.500,198.500,23.55050,1.05410,0
1785663507505126719,1876,1,0.074510,556.500,204.500,23.59741,1.37269,0
1785663507524515148,1877,1,0.066667,554.500,197.500,23.59947,1.05671,0
1785663507543814829,1878,0,0.066667,554.500,197.500,23.61987,1.05671,1
1785663507563567755,1879,1,0.152941,555.500,197.500,23.62609,0.88251,0
1785663507583210433,1880,1,0.070588,555.500,195.500,23.60961,0.48449,0
1785663507604811632,1881,1,0.152941,555.500,198.500,23.59453,0.17678,0
1785663507623526819,1882,1,0.031373,554.500,200.500,23.56206,-0.26622,0
1785663507644149486,1883,1,0.074510,554.500,196.500,23.53447,-0.54586,0
1785663507664841570,1884,1,0.066667,555.500,198.500,23.52966,-0.46280,0
1785663507683146969,1885,1,0.035294,555.500,201.500,23.52904,-0.36196,0
1785663507704575503,1886,1,0.074510,553.500,195.500,23.49496,-0.70047,0
1785663507724266305,1887,1,0.066667,555.500,201.500,23.50321,-0.41722,0
1785663507743425404,1888,0,0.066667,555.500,201.500,23.49522,-0.41722,1
1785663507755552490,1889,1,0.141176,554.500,192.500,23.49279,-0.38516,0
1785663507776999691,1890,1,0.035294,554.500,202.500,23.48822,-0.34111,0
1785663507796655243,1891,1,0.109804,554.500,201.500,23.48591,-0.28800,0
1785663507815395180,1892,1,0.054902,556.500,200.500,23.52088,0.21143,0
1785663507838048993,1893,1,0.031373,556.500,196.500,23.55762,0.61526,0
1785663507856273018,1894,1,0.113725,556.500,201.500,23.58835,0.86494,0
1785663507876121902,1895,1,0.098039,554.500,196.500,23.57962,0.53197,0
1785663507895882995,1896,1,0.058824,553.500,195.500,23.54839,-0.00494,0
1785663507916948699,1897,1,0.031373,554.500,201.500,23.53101,-0.22682,0
1785663507936097007,1898,1,0.137255,554.500,196.500,23.51537,-0.37182,0
1785663507958021661,1899,1,0.117647,554.500,201.500,23.50044,-0.45863,0
1785663507975701441,1900,1,0.160784,556.500,199.500,23.52509,-0.03845,0
1785663507995699657,1901,1,0.149020,554.500,197.500,23.51696,-0.13283,0
1785663508015726164,1902,1,0.192157,554.500,200.500,23.50901,-0.20065,0
1785663508037959398,1903,0,,,,23.50455,-0.20065,1
1785663508057016707,1904,1,0.094118,556.500,196.500,23.54608,0.33465,0
1785663508074982609,1905,1,0.035294,554.500,196.500,23.53770,0.16621,0
1785663508087126612,1906,1,0.156863,556.500,199.500,23.56170,0.42872,0
1785663508108440522,1907,0,0.156863,556.500,199.500,23.57084,0.42872,1
1785663508127485664,1908,1,0.043137,556.500,201.500,23.59458,0.61109,0
1785663508149598650,1909,0,,,,23.60809,0.61109,1
1785663508167181015,1910,1,0.058824,553.500,201.500,23.54544,-0.19878,0
1785663508189514290,1911,0,,,,23.54100,-0.19878,1
1785663508208465433,1912,1,0.121569,555.500,192.500,23.54114,-0.15740,0
1785663508227749947,1913,1,0.031373,554.500,200.500,23.52041,-0.35180,0
1785663508248191199,1914,1,0.090196,554.500,198.500,23.50456,-0.45320,0
1785663508267943542,1915,1,0.070588,555.500,198.500,23.51056,-0.26874,0
1785663508287370097,1916,1,0.141176,555.500,201.500,23.51880,-0.09742,0
1785663508308087847,1917,1,0.090196,555.500,198.500,23.52884,0.05787,0
1785663508327814231,1918,1,0.117647,554.500,200.500,23.52140,-0.05297,0
1785663508348093611,1919,1,0.098039,555.500,200.500,23.53143,0.09019,0
1785663508367180085,1920,0,0.098039,555.500,200.500,23.53315,0.09019,1
1785663508379056049,1921,1,0.145098,554.500,197.500,23.52367,-0.03880,0
1785663508400177753,1922,0,,,,23.52285,-0.03880,1
1785663508425060086,1923,1,0.200000,558.500,201.500,23.61254,0.95034,0
1785663508447575401,1924,1,0.043137,552.500,201.500,23.55089,0.01716,0
1785663508463321743,1925,1,0.035294,554.500,201.500,23.53279,-0.19979,0
1785663508485437437,1926,1,0.172549,559.500,195.500,23.60686,0.77887,0
1785663508502942219,1927,1,0.086275,556.500,196.500,23.62235,0.80261,0
1785663508522969893,1928,1,0.211765,556.500,201.500,23.63229,0.72314,0
1785663508543361271,1929,1,0.078431,552.500,195.500,23.56762,-0.30472,0
1785663508565433507,1930,1,0.101961,558.500,200.500,23.60517,0.26596,0
1785663508581943424,1931,1,0.121569,554.500,196.500,23.57376,-0.19549,0
1785663508602260428,1932,1,0.039216,554.500,196.500,23.54218,-0.55066,0
1785663508621956772,1933,1,0.050980,554.500,197.500,23.51298,-0.78631,0
1785663508641849696,1934,1,0.188235,554.500,201.500,23.48840,-0.90086,0
1785663508663495062,1935,1,0.156863,556.500,196.500,23.50508,-0.43770,0
1785663508681889252,1936,1,0.062745,548.500,201.500,23.39011,-1.80774,0
1785663508702117007,1937,1,0.047059,553.500,201.500,23.36933,-1.60555,0
1785663508724938527,1938,1,0.078431,555.500,201.500,23.39460,-0.81268,0
1785663508742117521,1939,1,0.031373,549.500,201.500,23.33163,-1.44184,0
1785663508761856447,1940,1,0.180392,555.500,201.500,23.37978,-0.45774,0
1785663508782242575,1941,1,0.121569,554.500,195.500,23.41828,0.15610,0
1785663508801924627,1942,1,0.188235,547.500,202.500,23.33604,-0.93785,0
1785663508822250089,1943,1,0.047059,549.500,201.500,23.29060,-1.27573,0
1785663508843071088,1944,0,,,,23.26404,-1.27573,1
1785663508861991023,1945,1,0.078431,556.500,199.500,23.39844,0.59808,0
1785663508881847781,1946,0,,,,23.41032,0.59808,1
1785663508902485907,1947,0,,,,23.42266,0.59808,1
1785663508921935794,1948,0,,,,23.43429,0.59808,1
1785663508942044550,1949,1,0.047059,546.500,196.500,23.24242,-1.22910,0
1785663508964109495,1950,1,0.062745,555.500,196.500,23.37863,0.34986,0
1785663508985703403,1951,1,0.031373,554.500,196.500,23.44475,0.99558,0
1785663509005757034,1952,1,0.043137,555.500,199.500,23.50905,1.53360,0
1785663509025782374,1953,1,0.031373,557.500,195.500,23.59274,2.21048,0
1785663509045927297,1954,1,0.133333,553.500,195.500,23.58473,1.52665,0
1785663509065763639,1955,1,0.254902,555.500,199.500,23.60088,1.34240,0
1785663509085782854,1956,1,0.086275,555.500,198.500,23.60715,1.07539,0
1785663509105746945,1957,1,0.066667,546.500,196.500,23.44692,-1.26646,0
1785663509126553360,1958,1,0.203922,554.500,196.500,23.44547,-0.94700,0
1785663509145824166,1959,1,0.121569,554.500,196.500,23.45225,-0.62652,0
1785663509165554051,1960,1,0.082353,557.500,195.500,23.51439,0.32705,0
1785663509190199512,1961,1,0.078431,554.500,198.500,23.51927,0.28628,0
1785663509208526702,1962,1,0.219608,548.500,201.500,23.41274,-1.14869,0
1785663509226016443,1963,1,0.098039,554.500,196.500,23.42974,-0.67158,0
1785663509245852785,1964,1,0.137255,556.500,196.500,23.48145,0.16463,0
1785663509266435786,1965,0,0.137255,556.500,196.500,23.48484,0.16463,1
1785663509285847757,1966,1,0.137255,554.500,205.500,23.49849,0.28829,0
1785663509307678371,1967,0,0.137255,554.500,205.500,23.50478,0.28829,1
1785663509329292320,1968,1,0.090196,556.500,201.500,23.56266,0.84735,0
1785663509346346774,1969,0,0.090196,556.500,201.500,23.57711,0.84735,1
1785663509368056180,1970,1,0.098039,556.500,201.500,23.61294,1.03060,0
1785663509387233945,1971,1,0.152941,557.500,198.500,23.65442,1.26929,0
1785663509407664698,1972,1,0.098039,554.500,196.500,23.61764,0.53075,0
1785663509426951546,1973,0,0.098039,554.500,196.500,23.62787,0.53075,1
1785663509446604140,1974,1,0.078431,553.500,201.500,23.55723,-0.41531,0
1785663509466176526,1975,1,0.156863,554.500,200.500,23.52606,-0.68572,0
1785663509486551279,1976,0,0.156863,554.500,200.500,23.51209,-0.68572,1
1785663509507091698,1977,1,0.058824,555.500,201.500,23.51837,-0.45496,0
1785663509531031165,1978,1,0.164706,555.500,195.500,23.52345,-0.27114,0
1785663509547250294,1979,0,0.164706,555.500,195.500,23.51905,-0.27114,1
1785663509566226519,1980,1,0.035294,555.500,195.500,23.52854,-0.10454,0
1785663509586112736,1981,1,0.058824,550.500,202.500,23.43638,-1.14575,0
1785663509611250358,1982,1,0.070588,555.500,193.500,23.44953,-0.63803,0
1785663509629534174,1983,1,0.133333,554.500,201.500,23.45473,-0.42700,0
1785663509649767179,1984,1,0.062745,553.500,195.500,23.45010,-0.37579,0
1785663509669870393,1985,1,0.062745,550.500,202.500,23.39439,-0.99607,0
1785663509691463134,1986,1,0.078431,552.500,195.500,23.38401,-0.85266,0
1785663509710033072,1987,1,0.035294,553.500,195.500,23.40060,-0.43525,0
1785663509735096903,1988,1,0.203922,552.500,195.500,23.39860,-0.32077,0
1785663509750341292,1989,0,0.203922,552.500,195.500,23.39371,-0.32077,1
1785663509776783234,1990,1,0.058824,555.500,199.500,23.47163,0.69119,0
1785663509791090798,1991,0,0.058824,555.500,199.500,23.48152,0.69119,1
1785663509813641655,1992,1,0.062745,555.500,201.500,23.53549,1.11462,0
1785663509831048729,1993,0,0.062745,555.500,201.500,23.55489,1.11462,1
1785663509851524107,1994,1,0.082353,555.500,195.500,23.57566,1.09260,0
1785663509870815329,1995,0,0.082353,555.500,195.500,23.59674,1.09260,1
1785663509891364789,1996,1,0.129412,554.500,196.500,23.56795,0.55157,0
1785663509910765677,1997,0,0.129412,554.500,196.500,23.57865,0.55157,1
1785663509930666769,1998,0,,,,23.58963,0.55157,1
1785663509955466936,1999,0,,,,23.60331,0.55157,1
1785663509975184279,2000,1,0.101961,548.500,201.500,23.35254,-1.74728,0
1785663509993169848,2001,1,0.058824,557.500,197.500,23.45002,-0.51379,0
1785663510016189866,2002,1,0.274510,554.500,194.500,23.46464,-0.21892,0
1785663510031648336,2003,0,0.274510,554.500,194.500,23.46126,-0.21892,1
1785663510057663282,2004,1,0.129412,556.500,200.500,23.52606,0.59888,0
1785663510081624916,2005,1,0.050980,555.500,200.500,23.55208,0.73806,0
1785663510102189543,2006,1,0.039216,554.500,196.500,23.54728,0.49131,0
1785663510122757669,2007,0,,,,23.55739,0.49131,1
1785663510143225171,2008,1,0.098039,554.500,196.500,23.53985,0.16896,0
1785663510161925775,2009,1,0.082353,548.500,200.500,23.40718,-1.41767,0
1785663510182097822,2010,1,0.035294,555.500,201.500,23.43949,-0.68486,0
1785663510200684676,2011,0,0.035294,555.500,201.500,23.42676,-0.68486,1
1785663510221594341,2012,1,0.066667,555.500,195.500,23.47141,-0.00188,0
1785663510247393456,2013,1,0.035294,556.500,199.500,23.53123,0.69813,0
1785663510262349972,2014,1,0.176471,556.500,199.500,23.57478,1.09869,0
1785663510280008170,2015,0,0.176471,556.500,199.500,23.59418,1.09869,1
1785663510293007914,2016,1,0.047059,555.500,202.500,23.60417,1.04710,0
1785663510312632217,2017,1,0.090196,554.500,197.500,23.58901,0.62062,0
1785663510341473968,2018,1,0.145098,554.500,201.500,23.56848,0.14755,0
1785663510360056739,2019,1,0.094118,555.500,201.500,23.56314,0.04556,0
1785663510372285616,2020,0,0.094118,555.500,201.500,23.56370,0.04556,1
1785663510401201742,2021,1,0.149020,547.500,201.500,23.36920,-2.27892,0
1785663510421981616,2022,1,0.113725,556.500,195.500,23.39719,-1.37311,0
1785663510442599325,2023,1,0.262745,554.500,196.500,23.40485,-0.92883,0
1785663510463453574,2024,1,0.403922,556.500,196.500,23.45810,-0.01218,0
1785663510481979762,2025,1,0.196078,548.500,201.500,23.37142,-1.11746,0
1785663510509439903,2026,1,0.156863,556.500,197.500,23.43203,0.05811,0
1785663510533586451,2027,1,0.149020,555.500,201.500,23.48728,0.75121,0
1785663510555456440,2028,1,0.133333,554.500,196.500,23.51278,0.86776,0
1785663510575271324,2029,1,0.168627,551.500,201.500,23.47149,0.11715,0
1785663510593021395,2030,0,0.168627,551.500,201.500,23.47357,0.11715,1
1785663510619731959,2031,1,0.349020,556.500,195.500,23.54503,0.90996,0
1785663510632036086,2032,0,0.349020,556.500,195.500,23.55623,0.90996,1
1785663510645300369,2033,1,0.168627,554.500,196.500,23.54936,0.69573,0
1785663510666229283,2034,1,0.156863,559.500,195.500,23.64687,1.64615,0
1785663510687613193,2035,1,0.235294,554.500,196.500,23.63736,1.11182,0
1785663510708466858,2036,1,0.258824,549.500,200.500,23.52576,-0.56104,0
1785663510731381711,2037,1,0.125490,553.500,195.500,23.48180,-0.95641,0
1785663510749224531,2038,1,0.058824,554.500,196.500,23.46629,-0.93640,0
1785663510773682869,2039,1,0.101961,554.500,201.500,23.45336,-0.80781,0
1785663510793763042,2040,1,0.058824,554.500,197.500,23.45152,-0.62233,0
1785663510815660280,2041,1,0.039216,555.500,196.500,23.47494,-0.14619,0
1785663510834032178,2042,1,0.215686,556.500,204.500,23.51855,0.44836,0
1785663510862321518,2043,1,0.086275,555.500,201.500,23.54915,0.67861,0
1785663510884658585,2044,1,0.078431,547.500,202.500,23.40829,-1.32762,0
1785663510910358535,2045,1,0.121569,556.500,200.500,23.46036,-0.22337,0
1785663510924806973,2046,0,0.121569,556.500,200.500,23.45713,-0.22337,1
1785663510948352986,2047,1,0.066667,554.500,196.500,23.47774,0.08130,0
1785663510966829883,2048,1,0.254902,554.500,201.500,23.49314,0.24514,0
1785663510995833508,2049,1,0.180392,554.500,198.500,23.50690,0.32660,0
1785663511018731153,2050,0,0.180392,554.500,198.500,23.51438,0.32660,1
1785663511038237623,2051,1,0.141176,545.500,197.500,23.29516,-2.29115,0
1785663511064969479,2052,1,0.231373,556.500,196.500,23.38911,-0.48821,0
1785663511087335129,2053,1,0.247059,554.500,196.500,23.43385,0.18463,0
1785663511104118043,2054,0,0.247059,554.500,196.500,23.43695,0.18463,1
1785663511119631637,2055,1,0.094118,554.500,204.500,23.47620,0.61607,0
1785663511137365376,2056,1,0.117647,554.500,201.500,23.50438,0.82015,0
1785663511158263957,2057,1,0.168627,555.500,201.500,23.54656,1.12333,0
1785663511181386474,2058,1,0.101961,546.500,195.500,23.41795,-0.80357,0
1785663511199562666,2059,1,0.058824,556.500,197.500,23.46689,0.00326,0
1785663511215085885,2060,1,0.082353,548.500,201.500,23.38391,-1.06351,0
1785663511240762210,2061,1,0.274510,555.500,198.500,23.41988,-0.24395,0
1785663511259699353,2062,1,0.074510,556.500,194.500,23.48429,0.65134,0
1785663511276992095,2063,1,0.074510,559.500,196.500,23.59428,1.93030,0
1785663511298180591,2064,1,0.094118,554.500,198.500,23.61340,1.64938,0
1785663511321732729,2065,1,0.054902,554.500,206.500,23.62078,1.24528,0
1785663511339909212,2066,1,0.098039,555.500,196.500,23.62700,1.03446,0
1785663511360191800,2067,0,,,,23.64798,1.03446,1
1785663511383975227,2068,1,0.050980,554.500,196.500,23.60686,0.26820,0
1785663511398423957,2069,1,0.082353,555.500,201.500,23.58851,0.00793,0
1785663511418808335,2070,1,0.152941,554.500,196.500,23.55512,-0.39764,0
1785663511442486763,2071,1,0.176471,555.500,201.500,23.53983,-0.47096,0
1785663511458448061,2072,1,0.333333,556.500,195.500,23.54937,-0.25361,0
1785663511479444058,2073,1,0.145098,554.500,198.500,23.52539,-0.49411,0
1785663511503804688,2074,1,0.105882,554.500,201.500,23.50059,-0.65896,0
1785663511522624290,2075,1,0.066667,559.500,195.500,23.57404,0.44928,0
1785663511547203960,2076,1,0.039216,552.500,195.500,23.52178,-0.36481,0
1785663511568407330,2077,1,0.039216,555.500,201.500,23.52213,-0.26105,0
1785663511583240472,2078,1,0.113725,555.500,201.500,23.52672,-0.15203,0
1785663511614217494,2079,1,0.098039,554.500,201.500,23.51245,-0.27623,0
1785663511627929189,2080,0,0.098039,554.500,201.500,23.50866,-0.27623,1
1785663511647214870,2081,1,0.098039,556.500,200.500,23.54531,0.23304,0
1785663511659146541,2082,1,0.047059,556.500,195.500,23.57016,0.49952,0
1785663511697818527,2083,1,0.113725,555.500,200.500,23.57897,0.36535,0
1785663511725881828,2084,1,0.054902,554.500,198.500,23.55195,-0.11747,0
1785663511744172644,2085,1,0.066667,556.500,195.500,23.56926,0.13623,0
1785663511759529323,2086,0,0.066667,556.500,195.500,23.57135,0.13623,1
1785663511785018983,2087,1,0.058824,553.500,202.500,23.51349,-0.58915,0
1785663511799476754,2088,0,0.058824,553.500,202.500,23.50498,-0.58915,1
1785663511823650428,2089,1,0.262745,555.500,195.500,23.51757,-0.29437,0
1785663511840188345,2090,0,0.262745,555.500,195.500,23.51270,-0.29437,1
1785663511863594067,2091,1,0.090196,543.500,200.500,23.22337,-3.30089,0
1785663511880640354,2092,0,0.090196,543.500,200.500,23.16711,-3.30089,1
1785663511904588572,2093,1,0.035294,554.500,196.500,23.28804,-1.18948,0
1785663511919335382,2094,0,0.035294,554.500,196.500,23.27050,-1.18948,1
1785663511935072973,2095,1,0.086275,555.500,198.500,23.39161,0.31368,0
1785663511955434310,2096,1,0.050980,554.500,197.500,23.45290,0.92845,0
1785663511978790158,2097,1,0.282353,554.500,196.500,23.50695,1.31544,0
1785663511998084297,2098,1,0.227451,554.500,195.500,23.54545,1.47916,0
1785663512015861493,2099,1,0.066667,555.500,202.500,23.58448,1.64206,0
1785663512037963771,2100,1,0.152941,555.500,201.500,23.61839,1.61121,0
1785663512055933757,2101,1,0.325490,559.500,198.500,23.70329,2.33572,0
1785663512074391405,2102,1,0.145098,556.500,204.500,23.71932,1.98564,0
1785663512116118860,2103,1,0.215686,556.500,204.500,23.73397,1.08373,0
1785663512133515726,2104,1,0.196078,555.500,200.500,23.66792,-0.05134,0
1785663512155982583,2105,1,0.082353,555.500,201.500,23.61256,-0.77094,0
1785663512171861340,2106,0,0.082353,555.500,201.500,23.60031,-0.77094,1
1785663512195761808,2107,1,0.101961,556.500,198.500,23.57822,-0.81441,0
1785663512215621692,2108,1,0.039216,554.500,197.500,23.52851,-1.20949,0
1785663512237729219,2109,1,0.137255,554.500,195.500,23.49257,-1.32073,0
1785663512252064408,2110,0,0.137255,554.500,195.500,23.47364,-1.32073,1
1785663512265986768,2111,1,0.074510,553.500,196.500,23.44187,-1.48013,0
1785663512287539843,2112,1,0.109804,554.500,195.500,23.42998,-1.24269,0
1785663512310043741,2113,1,0.078431,554.500,197.500,23.42382,-0.97722,0
1785663512327476483,2114,1,0.050980,554.500,196.500,23.43146,-0.66930,0
1785663512348819560,2115,1,0.533333,557.500,199.500,23.49603,0.33377,0
1785663512369019898,2116,1,0.133333,548.500,202.500,23.40383,-0.93573,0
1785663512386247891,2117,1,0.176471,554.500,201.500,23.42007,-0.51888,0
1785663512408655832,2118,1,0.105882,554.500,197.500,23.44049,-0.10619,0
1785663512428354218,2119,1,0.184314,556.500,200.500,23.49934,0.67769,0
1785663512450503161,2120,1,0.129412,554.500,196.500,23.52337,0.79354,0
1785663512467865320,2121,1,0.160784,559.500,195.500,23.62379,1.90617,0
1785663512489618476,2122,1,0.058824,554.500,196.500,23.63122,1.46937,0
1785663512510155103,2123,1,0.243137,549.500,195.500,23.53487,-0.15312,0
1785663512530041028,2124,1,0.121569,548.500,202.500,23.41284,-1.67787,0
1785663512548175220,2125,1,0.262745,553.500,204.500,23.38856,-1.59910,0
1785663512569355549,2126,1,0.254902,555.500,202.500,23.40793,-0.91683,0
1785663512609412062,2127,1,0.082353,554.500,196.500,23.42420,-0.22346,0
1785663512627533130,2128,1,0.196078,554.500,196.500,23.45874,0.28752,0
1785663512636799578,2129,0,0.196078,554.500,196.500,23.46141,0.28752,1
1785663512659452225,2130,1,0.149020,554.500,204.500,23.49190,0.58497,0
1785663512682485577,2131,1,0.086275,553.500,199.500,23.49805,0.49563,0
1785663512699846569,2132,1,0.066667,554.500,201.500,23.51489,0.59743,0
1785663512718986126,2133,1,0.058824,554.500,198.500,23.52733,0.61006,0
1785663512740221288,2134,1,0.176471,555.500,197.500,23.55468,0.79339,0
1785663512763090057,2135,1,0.105882,556.500,201.500,23.59623,1.09317,0
1785663512783018565,2136,1,0.054902,554.500,196.500,23.59156,0.75355,0
1785663512799307693,2137,1,0.078431,553.500,200.500,23.55980,0.18679,0
1785663512819715988,2138,1,0.086275,556.500,196.500,23.57853,0.37877,0
1785663512840047283,2139,1,0.098039,546.500,202.500,23.42066,-1.74898,0
1785663512856174537,2140,0,,,,23.39246,-1.74898,1
1785663512867742504,2141,1,0.031373,555.500,201.500,23.43009,-1.03856,0
1785663512893046375,2142,1,0.050980,555.500,194.500,23.45343,-0.44265,0
1785663512907054984,2143,0,0.050980,555.500,194.500,23.44723,-0.44265,1
1785663512932975723,2144,1,0.047059,551.500,200.500,23.39739,-0.88022,0
1785663512947323245,2145,0,0.047059,551.500,200.500,23.38477,-0.88022,1
1785663512967542833,2146,1,0.243137,547.500,201.500,23.26085,-2.05115,0
1785663512993574988,2147,1,0.172549,554.500,201.500,23.30819,-0.90195,0
1785663513011093478,2148,1,0.184314,554.500,201.500,23.36701,-0.00731,0
1785663513035807896,2149,1,0.043137,556.500,200.500,23.46657,1.24815,0
1785663513051523322,2150,1,0.117647,553.500,201.500,23.49692,1.38621,0
1785663513075210792,2151,1,0.125490,557.500,196.500,23.59876,2.28320,0
1785663513093356651,2152,1,0.086275,552.500,201.500,23.58933,1.62181,0
1785663513109731819,2153,1,0.164706,555.500,201.500,23.61190,1.56991,0
1785663513131486725,2154,1,0.082353,555.500,196.500,23.63185,1.38635,0
1785663513154985780,2155,1,0.066667,558.500,194.500,23.69849,1.82439,0
1785663513167349989,2156,1,0.078431,558.500,194.500,23.73069,1.94912,0
1785663513179122121,2157,1,0.090196,553.500,194.500,23.67274,0.89396,0
1785663513203523584,2158,1,0.356863,557.500,194.500,23.68119,0.71835,0
1785663513219887669,2159,0,0.356863,557.500,194.500,23.69295,0.71835,1
1785663513244297590,2160,1,0.235294,553.500,199.500,23.59015,-0.71766,0
1785663513259525062,2161,0,0.235294,553.500,199.500,23.57922,-0.71766,1
1785663513279532610,2162,1,0.270588,555.500,197.500,23.54336,-0.95674,0
1785663513300329401,2163,1,0.250980,554.500,196.500,23.49791,-1.24520,0
1785663513321575646,2164,1,0.164706,555.500,196.500,23.48321,-1.10589,0
1785663513347447344,2165,1,0.090196,556.500,195.500,23.49412,-0.61398,0
1785663513359706845,2166,1,0.039216,558.500,200.500,23.55119,0.21157,0
1785663513382983361,2167,1,0.054902,554.500,194.500,23.53844,-0.01974,0
1785663513399549278,2168,0,,,,23.53811,-0.01974,1
1785663513429366061,2169,1,0.113725,555.500,198.500,23.54452,0.06260,0
1785663513451251049,2170,1,0.239216,556.500,194.500,23.57061,0.35633,0
1785663513478401234,2171,1,0.039216,545.500,201.500,23.35842,-2.37345,0
1785663513496109223,2172,1,0.078431,557.500,194.500,23.43737,-0.84467,0
1785663513512692056,2173,0,0.078431,557.500,194.500,23.42336,-0.84467,1
1785663513536885854,2174,1,0.231373,554.500,195.500,23.44904,-0.30135,0
1785663513551748746,2175,0,0.231373,554.500,195.500,23.44457,-0.30135,1
1785663513571965126,2176,0,,,,23.43847,-0.30135,1
1785663513593202621,2177,0,,,,23.43207,-0.30135,1
1785663513611754184,2178,1,0.090196,559.500,191.500,23.63740,1.62804,0
1785663513634056251,2179,1,0.039216,563.500,195.500,23.82752,3.13297,0
1785663513651905905,2180,0,,,,23.88345,3.13297,1
1785663513689587234,2181,1,0.203922,571.500,193.500,24.23115,5.61902,0
1785663513716930709,2182,1,0.168627,576.500,193.500,24.51046,7.11118,0
1785663513737489794,2183,1,0.403922,580.500,200.500,24.71499,7.84548,0
1785663513751417320,2184,0,0.403922,580.500,200.500,24.82426,7.84548,1
1785663513775317996,2185,1,0.196078,586.500,189.500,25.05144,8.32038,0
1785663513792127744,2186,0,0.196078,586.500,189.500,25.19131,8.32038,1
1785663513808622786,2187,1,0.552941,585.500,182.500,25.22052,7.10205,0
1785663513831126976,2188,1,0.521569,588.500,190.500,25.32240,6.44328,0
1785663513843103856,2189,1,0.545098,590.500,189.500,25.35759,5.94906,0
1785663513863507776,2190,1,0.760784,595.500,186.500,25.45111,5.60302,0
1785663513883919278,2191,1,0.725490,593.500,187.500,25.46596,4.33109,0
1785663513905474395,2192,1,0.654902,601.500,182.500,25.59215,4.75503,0
1785663513924877616,2193,1,0.764706,598.500,186.500,25.61318,3.83430,0
1785663513944188380,2194,1,0.733333,598.500,182.500,25.60870,2.82148,0
1785663513963915932,2195,0,0.733333,598.500,182.500,25.66436,2.82148,1
1785663513989175719,2196,1,0.768628,596.500,182.500,25.55109,0.67265,0
1785663514003057455,2197,0,0.768628,596.500,182.500,25.56043,0.67265,1
1785663514028004912,2198,1,0.800000,587.500,181.500,25.22222,-3.20444,0
1785663514044597078,2199,0,0.800000,587.500,181.500,25.16905,-3.20444,1
1785663514066711606,2200,1,0.788235,574.500,181.500,24.64425,-8.05566,0
1785663514084112556,2201,0,0.788235,574.500,181.500,24.50407,-8.05566,1
1785663514108071856,2202,1,0.827451,557.500,181.500,23.80613,-13.38934,0
1785663514123366994,2203,0,0.827451,557.500,181.500,23.60135,-13.38934,1
1785663514138745547,2204,1,0.815686,546.500,182.500,23.05315,-17.06775,0
1785663514155277339,2205,1,0.713726,535.500,181.500,22.49800,-20.10569,0
1785663514181018122,2206,1,0.815686,529.500,182.500,21.80181,-22.24813,0
1785663514196970378,2207,1,0.796079,516.500,183.500,21.24318,-24.79527,0
1785663514217670920,2208,1,0.831373,500.500,181.500,20.53866,-27.25622,0
1785663514236082776,2209,1,0.850980,488.500,179.500,19.85454,-29.62211,0
1785663514257774683,2210,1,0.827451,472.500,184.500,19.02330,-32.06738,0
1785663514276498328,2211,1,0.800000,453.500,186.500,18.17804,-35.23064,0
1785663514295910008,2212,1,0.784314,438.500,183.500,17.33975,-37.21791,0
1785663514315913473,2213,1,0.772549,419.500,181.500,16.41665,-39.50955,0
1785663514337945751,2214,1,0.690196,400.500,188.500,15.36860,-41.78273,0
1785663514360515857,2215,1,0.721569,382.500,181.500,14.29694,-43.42817,0
1785663514377557769,2216,1,0.749020,365.500,185.500,13.54007,-43.64328,0
1785663514394986136,2217,1,0.725490,340.500,178.500,12.72077,-44.39753,0
1785663514416081882,2218,1,0.749020,320.500,179.500,11.68439,-45.67972,0
1785663514436812465,2219,1,0.737255,298.500,189.500,10.58182,-47.67699,0
1785663514459526944,2220,1,0.792157,277.500,190.500,9.39719,-48.98010,0
1785663514478333714,2221,1,0.666667,251.500,189.500,8.33767,-50.75459,0
1785663514498056307,2222,1,0.545098,226.500,189.500,7.23946,-52.00093,0
1785663514520428373,2223,1,0.647059,201.691,188.973,5.93999,-53.74440,0
1785663514539523389,2224,1,0.294118,176.721,189.544,4.78170,-55.43677,0
1785663514558204576,2225,1,0.180392,156.500,189.500,3.77244,-55.09850,0
1785663514579052117,2226,1,0.443137,129.103,193.129,2.57025,-55.78463,0
1785663514598013759,2227,1,0.454902,104.500,190.500,1.44257,-56.68074,0
1785663514616297284,2228,1,0.674510,76.500,209.500,0.31460,-57.85580,0
1785663514629154112,2229,0,0.674510,76.500,209.500,-0.42923,-57.85580,1
1785663514647546427,2230,0,0.592157,45.500,193.500,-1.49333,-57.85580,1
1785663514670923275,2231,0,0.729412,73.500,193.500,-2.84583,-57.85580,1
1785663514692287352,2232,0,0.713726,84.500,188.500,,,0
1785663514707657447,2233,1,0.749020,96.500,184.500,3.19670,0.00000,0
1785663514732516239,2234,1,0.529412,107.500,190.500,3.61434,13.66545,0
1785663514751411966,2235,0,0.529412,107.500,190.500,3.87255,13.66545,1
1785663514769806614,2236,1,0.717647,116.500,193.500,4.54015,21.41238,0
1785663514787817724,2237,1,0.752941,124.500,191.500,5.12022,24.52023,0
1785663514799391524,2238,1,0.737255,125.500,186.500,5.32419,23.30805,0
1785663514819862235,2239,1,0.545098,130.500,189.500,5.65304,21.21111,0
1785663514845928514,2240,1,0.745098,131.500,189.500,5.99220,18.39296,0
1785663514859953748,2241,1,0.741176,135.500,193.500,6.02128,15.41249,0
1785663514878908974,2242,1,0.768628,139.500,190.500,6.04488,11.94370,0
1785663514900049345,2243,1,0.690196,146.500,191.500,6.05511,8.83461,0
1785663514924175769,2244,1,0.784314,149.500,192.500,6.06684,6.25850,0
1785663514943857529,2245,1,0.694118,153.500,194.500,6.06581,4.66840,0
1785663514962731381,2246,1,0.756863,154.500,191.500,6.05275,3.37170,0
1785663514983922209,2247,1,0.709804,155.500,189.500,6.04558,2.36431,0
1785663515004407045,2248,1,0.784314,157.500,192.500,6.05510,1.86595,0
1785663515027453313,2249,1,0.749020,160.500,192.500,6.11132,2.03503,0
1785663515040745304,2250,0,0.749020,160.500,192.500,6.13837,2.03503,1
1785663515066084174,2251,1,0.596078,163.500,190.500,6.23406,2.55640,0
1785663515079960368,2252,1,0.658824,166.500,192.500,6.32135,3.17325,0
1785663515095171506,2253,0,0.658824,166.500,192.500,6.36962,3.17325,1
1785663515115047223,2254,1,0.737255,167.500,193.500,6.47219,3.62973,0
1785663515132659337,2255,0,0.737255,167.500,193.500,6.53612,3.62973,1
1785663515151828644,2256,1,0.749020,170.500,194.500,6.67840,4.42850,0
1785663515171908817,2257,1,0.694118,175.500,191.500,6.84400,5.28862,0
1785663515195106584,2258,1,0.776471,179.500,192.500,7.05595,6.34772,0
1785663515212937738,2259,1,0.788235,188.500,190.500,7.28655,7.79980,0
1785663515232211336,2260,0,0.788235,188.500,190.500,7.43688,7.79980,1
1785663515252198343,2261,1,0.752941,189.500,190.500,7.64709,8.44249,0
1785663515272886635,2262,1,0.745098,195.500,191.500,7.90526,9.42689,0
1785663515298623167,2263,0,0.745098,195.500,191.500,8.14788,9.42689,1
1785663515311771827,2264,1,0.741176,199.500,191.500,8.34172,10.23680,0
1785663515333388192,2265,1,0.764706,213.500,193.500,8.68565,11.66219,0
1785663515353137035,2266,1,0.800000,217.500,194.500,9.00748,12.76143,0
1785663515373123876,2267,1,0.788235,223.500,190.500,9.32901,13.58675,0
1785663515392390599,2268,1,0.780392,227.500,191.500,9.60599,13.77966,0
1785663515406082753,2269,1,0.737255,241.500,192.500,9.93312,15.55973,0
1785663515425770054,2270,1,0.796079,246.500,191.500,10.24398,15.61843,0
1785663515444510616,2271,1,0.807843,257.500,193.500,10.60973,16.56519,0
1785663515465573987,2272,1,0.815686,263.500,192.500,10.99603,17.04771,0
1785663515484635670,2273,1,0.784314,267.500,190.500,11.27642,16.47411,0
1785663515506225203,2274,1,0.807843,278.500,188.500,11.67182,16.98383,0
1785663515524107982,2275,0,0.807843,278.500,188.500,11.97554,16.98383,1
1785663515543947532,2276,1,0.811765,288.500,194.500,12.38721,17.86834,0
1785663515564999528,2277,1,0.815686,305.500,190.500,12.84918,18.87492,0
1785663515584571623,2278,0,0.815686,305.500,190.500,13.21861,18.87492,1
1785663515606015907,2279,1,0.847059,325.500,188.500,13.75696,20.37697,0
1785663515625469003,2280,0,0.847059,325.500,188.500,14.15335,20.37697,1
1785663515644870475,2281,1,0.807843,335.500,189.500,14.63336,21.29039,0
1785663515663892783,2282,1,0.803922,342.500,190.500,15.03638,21.26846,0
1785663515683760917,2283,1,0.850980,356.500,189.500,15.54516,22.28185,0
1785663515711105266,2284,1,0.788235,362.500,188.500,16.15399,22.27614,0
1785663515723885096,2285,1,0.831373,374.500,190.500,16.47181,22.70172,0
1785663515739412107,2286,1,0.764706,385.500,190.500,16.80036,22.38740,0
1785663515757488550,2287,1,0.725490,401.500,191.500,17.21275,22.48903,0
1785663515776989478,2288,0,0.725490,401.500,191.500,17.65130,22.48903,1
1785663515797062651,2289,1,0.827451,413.500,191.500,18.17193,23.32007,0
1785663515819157054,2290,1,0.776471,420.500,196.500,18.66484,23.05614,0
1785663515839250644,2291,1,0.788235,435.500,191.500,19.19683,23.88543,0
1785663515858768780,2292,1,0.733333,447.500,189.500,19.71457,24.52426,0
1785663515875692860,2293,1,0.803922,458.500,189.500,20.16388,24.95741,0
1785663515900592485,2294,1,0.776471,483.500,188.500,20.89273,26.33671,0
1785663515917122235,2295,1,0.788235,495.500,189.500,21.34757,26.58881,0
1785663515937324323,2296,1,0.800000,508.500,190.500,21.94918,27.42344,0
1785663515956134301,2297,1,0.764706,520.500,188.500,22.49779,27.84664,0
1785663515976978633,2298,1,0.815686,532.500,189.500,23.10095,28.13874,0
1785663515999318616,2299,1,0.803922,546.500,189.500,23.75526,28.46814,0
1785663516019317623,2300,1,0.717647,561.500,191.500,24.34824,28.77114,0
1785663516037672438,2301,0,0.717647,561.500,191.500,24.87634,28.77114,1
1785663516057065452,2302,1,0.658824,576.500,186.500,25.22158,26.25372,0
1785663516070849188,2303,0,0.658824,576.500,186.500,25.58345,26.25372,1
1785663516088309054,2304,0,0.760784,566.500,189.500,26.04184,26.25372,1
1785663516108606225,2305,0,0.643137,565.500,189.500,26.57471,26.25372,1
1785663516128432359,2306,0,0.776471,558.500,190.500,,,0
1785663516148593614,2307,1,0.768628,554.500,190.500,23.50936,0.00000,0
1785663516168410123,2308,1,0.729412,549.500,188.500,23.33869,-6.31423,0
1785663516189340204,2309,1,0.792157,546.500,189.500,22.97501,-12.72013,0
1785663516209065714,2310,1,0.784314,539.500,191.500,22.46743,-18.12488,0
1785663516228921597,2311,1,0.745098,535.500,189.500,22.02484,-19.54190,0
1785663516249992844,2312,1,0.800000,530.500,190.500,21.64194,-19.11768,0
1785663516268940486,2313,1,0.760784,528.500,186.500,21.44034,-16.95038,0
1785663516293358574,2314,1,0.835294,523.500,188.500,21.21741,-14.51660,0
1785663516306887104,2315,1,0.756863,521.500,189.500,21.22352,-11.94530,0
1785663516333476920,2316,1,0.792157,512.500,188.500,21.10952,-9.34594,0
1785663516349250386,2317,1,0.831373,507.500,187.500,21.10455,-7.51147,0
1785663516369344559,2318,0,0.831373,507.500,187.500,20.95361,-7.51147,1
1785663516389356774,2319,1,0.768628,499.500,187.500,20.81006,-7.43105,0
1785663516407724006,2320,1,0.792157,499.500,189.500,20.74441,-6.59731,0
1785663516419688636,2321,1,0.792157,496.500,190.500,20.71033,-6.05922,0
1785663516442450657,2322,1,0.784314,487.500,186.500,20.52641,-6.63334,0
1785663516461063011,2323,1,0.768628,483.500,188.500,20.36113,-7.16656,0
1785663516483021665,2324,1,0.796079,478.500,187.500,20.13852,-8.00643,0
1785663516499913079,2325,0,0.796079,478.500,187.500,20.00328,-8.00643,1
1785663516521358321,2326,1,0.819608,473.500,188.500,19.75042,-8.97001,0
1785663516541782949,2327,1,0.784314,467.500,187.500,19.46524,-10.17210,0
1785663516560222805,2328,1,0.815686,462.500,185.500,19.20629,-11.03312,0
1785663516580511518,2329,1,0.807843,457.500,190.500,18.93001,-11.68368,0
1785663516600132028,2330,1,0.784314,448.500,190.500,18.58848,-13.10500,0
1785663516621094192,2331,1,0.768628,445.500,190.500,18.27689,-13.57691,0
1785663516639413300,2332,1,0.772549,440.500,189.500,18.01805,-13.70704,0
1785663516660558920,2333,1,0.792157,435.500,189.500,17.74738,-13.46049,0
1785663516681754999,2334,1,0.780392,425.500,190.500,17.39819,-14.28079,0
1785663516701057804,2335,1,0.768628,422.500,189.500,17.14056,-14.04938,0
1785663516720516275,2336,1,0.733333,412.500,187.500,16.82501,-14.59001,0
1785663516742515012,2337,1,0.776471,407.500,185.500,16.49500,-14.70591,0
1785663516761074159,2338,1,0.764706,403.500,189.500,16.25860,-14.23774,0
1785663516781944449,2339,1,0.843137,397.500,189.500,16.01135,-13.59839,0
1785663516801452086,2340,1,0.776471,392.500,191.500,15.79813,-12.93137,0
1785663516822070795,2341,1,0.745098,385.500,190.500,15.55827,-12.58846,0
1785663516842214759,2342,1,0.792157,382.500,186.500,15.37257,-11.71929,0
1785663516861259526,2343,1,0.788235,360.500,191.500,15.00576,-13.55894,0
1785663516881243158,2344,1,0.725490,361.500,192.500,14.75492,-13.30128,0
1785663516901690827,2345,0,0.725490,361.500,192.500,14.48294,-13.30128,1
1785663516921560419,2346,1,0.835294,344.500,191.500,14.12491,-14.40664,0
1785663516946552792,2347,1,0.866667,342.500,186.500,13.80971,-13.88179,0
1785663516964030158,2348,1,0.839216,333.500,190.500,13.57032,-13.84288,0
1785663516988604578,2349,1,0.831373,324.500,185.500,13.16417,-14.66780,0
1785663517003884840,2350,1,0.823529,318.500,182.500,12.93622,-14.71659,0
1785663517025270792,2351,0,0.823529,318.500,182.500,12.62149,-14.71659,1
1785663517044369225,2352,1,0.803922,310.500,183.500,12.26856,-15.57491,0
1785663517063433533,2353,1,0.839216,303.500,188.500,11.93565,-15.99982,0
1785663517085717225,2354,1,0.831373,281.500,190.500,11.39238,-18.25438,0
1785663517109979273,2355,1,0.803922,274.500,186.500,10.86275,-19.33370,0
1785663517124104839,2356,0,0.803922,274.500,186.500,10.58965,-19.33370,1
1785663517144354469,2357,1,0.749020,264.500,188.500,10.14051,-20.01802,0
1785663517164638806,2358,1,0.788235,255.500,188.500,9.64494,-21.07816,0
1785663517184782853,2359,1,0.800000,247.500,189.500,9.18555,-21.50025,0
1785663517204437197,2360,1,0.760784,238.500,187.500,8.75075,-21.65241,0
1785663517223297924,2361,1,0.780392,228.500,189.500,8.32823,-21.83173,0
1785663517244733458,2362,1,0.717647,219.500,187.500,7.85954,-21.84092,0
1785663517263860766,2363,1,0.784314,210.500,190.500,7.44427,-21.80889,0
1785663517283621859,2364,1,0.776471,200.500,187.500,7.02324,-21.68110,0
1785663517304350692,2365,1,0.694118,190.500,190.500,6.56757,-21.76131,0
1785663517323696747,2366,1,0.745098,180.500,191.500,6.13370,-21.92644,0
1785663517339683711,2367,1,0.776471,170.500,191.500,5.77516,-22.02924,0
1785663517355311346,2368,1,0.658824,162.500,192.500,5.44852,-21.80245,0
1785663517375577600,2369,1,0.768628,158.500,194.500,5.08470,-20.79829,0
1785663517400932803,2370,1,0.780392,146.500,192.500,4.53576,-21.07654,0
1785663517415911778,2371,1,0.756863,131.500,191.500,4.10807,-22.52648,0
1785663517439704830,2372,1,0.745098,121.500,191.500,3.52247,-23.16927,0
1785663517455578628,2373,1,0.788235,108.500,190.500,3.02515,-24.84987,0
1785663517479955300,2374,1,0.776471,100.500,191.500,2.40092,-25.08884,0
1785663517495694933,2375,1,0.803922,86.500,190.500,1.90075,-26.45296,0
1785663517518846242,2376,1,0.800000,75.500,192.500,1.25699,-26.85802,0
1785663517539097705,2377,1,0.756863,59.500,190.500,0.56308,-28.79103,0
1785663517556914275,2378,0,0.756863,59.500,190.500,0.05012,-28.79103,1
1785663517574654722,2379,1,0.800000,44.500,193.500,-0.06677,-24.08805,0
1785663517602868605,2380,0,0.733333,61.500,194.500,-0.74638,-24.08805,1
1785663517615611101,2381,0,0.733333,61.500,194.500,-1.05333,-24.08805,1
1785663517629044258,2382,0,0.811765,60.500,191.500,-1.37691,-24.08805,1
1785663517653463512,2383,0,0.764706,64.500,191.500,,,0
1785663517667739577,2384,1,0.725490,65.500,190.500,1.78790,0.00000,0
1785663517688916405,2385,1,0.815686,71.500,192.500,2.00678,7.84110,0
1785663517708724748,2386,1,0.807843,71.500,191.500,2.32707,12.39492,0
1785663517730000159,2387,1,0.772549,83.500,192.500,2.94602,19.72117,0
1785663517750183872,2388,1,0.788235,77.500,189.500,3.22981,17.80089,0
1785663517770061339,2389,1,0.835294,76.500,192.500,3.27707,13.31369,0
1785663517789361894,2390,1,0.796079,80.500,188.500,3.27623,9.84304,0
1785663517809548525,2391,1,0.807843,81.500,189.500,3.21931,6.55932,0
1785663517829377158,2392,0,0.807843,81.500,189.500,3.34938,6.55932,1
1785663517847326311,2393,1,0.788235,83.500,190.500,3.20969,3.56130,0
1785663517869374923,2394,1,0.796079,81.500,193.500,2.99016,0.12313,0
1785663517887960319,2395,1,0.780392,75.500,189.500,2.67794,-3.61509,0
1785663517908766151,2396,1,0.788235,76.500,196.500,2.41337,-5.94933,0
1785663517928568869,2397,1,0.800000,72.500,188.500,2.12154,-8.14821,0
1785663517948992830,2398,1,0.737255,66.500,192.500,1.77260,-10.48480,0
1785663517968375343,2399,1,0.760784,68.500,192.500,1.54408,-10.81029,0
1785663517982286536,2400,1,0.776471,59.500,190.500,1.30664,-11.93527,0
1785663518001030889,2401,1,0.811765,55.500,189.500,1.03105,-12.60672,0
1785663518019380913,2402,1,0.854902,42.500,194.500,0.69059,-14.01627,0
1785663518045114404,2403,0,0.854902,42.500,194.500,0.32991,-14.01627,1
1785663518060513083,2404,1,0.811765,36.500,195.500,-0.00189,-15.41357,0
1785663518079603349,2405,1,0.800000,38.500,195.500,-0.15121,-13.69766,0
1785663518100431931,2406,1,0.835294,41.500,194.500,-0.18768,-10.69999,0
1785663518122021089,2407,1,0.835294,42.500,195.500,-0.12276,-7.03747,0
1785663518143973951,2408,0,0.815686,47.500,191.500,-0.27725,-7.03747,1
1785663518159964873,2409,0,0.843137,50.500,193.500,-0.38979,-7.03747,1
1785663518180179503,2410,0,0.819608,45.500,194.500,-0.53204,-7.03747,1
1785663518201625454,2411,0,0.803922,45.500,195.500,,,0
1785663518219764480,2412,1,0.831373,44.500,194.500,0.83126,0.00000,0
1785663518240710019,2413,1,0.823529,42.500,194.500,0.75821,-2.63175,0
1785663518261601017,2414,1,0.858824,38.500,194.500,0.50828,-7.91267,0
1785663518280437828,2415,1,0.800000,38.500,193.500,0.28358,-9.50795,0
1785663518300952288,2416,1,0.784314,37.500,193.500,0.11804,-9.00393,0
1785663518320629965,2417,1,0.850980,38.500,196.500,0.07460,-7.02293,0
1785663518339449276,2418,1,0.850980,38.500,195.500,0.10557,-4.80672,0
1785663518361353222,2419,1,0.866667,38.500,196.500,0.16580,-2.67984,0
1785663518379222292,2420,1,0.847059,34.500,196.500,0.18114,-1.88033,0
1785663518391921331,2421,0,0.847059,34.500,196.500,0.15726,-1.88033,1
1785663518413504447,2422,1,0.788235,36.500,192.500,0.25859,-0.20770,0
1785663518431652639,2423,1,0.800000,36.500,195.500,0.34277,0.82831,0
1785663518454477951,2424,1,0.796079,36.500,194.500,0.42118,1.54949,0
1785663518473520968,2425,1,0.811765,37.500,199.500,0.50154,2.18274,0
1785663518491661869,2426,1,0.819608,36.500,194.500,0.54381,2.21675,0
1785663518512086205,2427,1,0.819608,33.500,195.500,0.51987,1.32906,0
1785663518533747195,2428,1,0.850980,31.500,194.500,0.44442,-0.01153,0
1785663518555475727,2429,1,0.839216,33.500,194.500,0.39619,-0.62812,0
1785663518574262371,2430,1,0.847059,33.500,194.500,0.35209,-1.04305,0
1785663518597139307,2431,1,0.854902,31.500,195.500,0.27203,-1.76360,0
1785663518612865524,2432,1,0.866667,33.500,193.500,0.25128,-1.67372,0
1785663518634134810,2433,1,0.862745,29.500,193.500,0.16357,-2.34457,0
1785663518652161962,2434,1,0.870588,32.500,195.500,0.14895,-1.98876,0
1785663518665751159,2435,1,0.866667,31.500,195.500,0.14113,-1.74080,0
1785663518685383044,2436,1,0.870588,31.500,193.500,0.14351,-1.26854,0
1785663518708275856,2437,1,0.835294,31.500,195.500,0.15277,-0.77451,0
1785663518725824387,2438,1,0.866667,29.500,193.500,0.13733,-0.79836,0
1785663518745418815,2439,0,0.866667,29.500,193.500,0.12169,-0.79836,1
1785663518765327782,2440,1,0.862745,32.500,192.500,0.18168,0.10154,0
1785663518785594036,2441,1,0.839216,43.500,196.500,0.45826,3.32465,0
1785663518807379858,2442,1,0.858824,30.500,194.500,0.44516,2.29494,0
1785663518823437114,2443,1,0.858824,31.500,195.500,0.42077,1.53744,0
1785663518847370748,2444,1,0.858824,31.500,194.500,0.38171,0.57295,0
1785663518864706657,2445,1,0.862745,31.500,191.500,0.33565,-0.14789,0
1785663518885922860,2446,0,0.862745,31.500,191.500,0.33251,-0.14789,1
1785663518903203353,2447,1,0.847059,31.500,195.500,0.28017,-0.74479,0
1785663518915864767,2448,1,0.854902,31.500,193.500,0.24867,-1.00723,0
1785663518937114220,2449,1,0.866667,29.500,191.500,0.18146,-1.56220,0
1785663518956669398,2450,1,0.862745,30.500,194.500,0.14244,-1.66740,0
1785663518977205733,2451,1,0.874510,32.500,194.500,0.15195,-1.11384,0
1785663518997869817,2452,1,0.843137,31.500,195.500,0.15471,-0.78433,0
1785663519017504911,2453,1,0.862745,30.500,191.500,0.14867,-0.66416,0
1785663519037238587,2454,1,0.847059,34.500,193.500,0.22140,0.43871,0
1785663519058038586,2455,1,0.847059,34.500,195.500,0.29666,1.28741,0
1785663519078465714,2456,1,0.835294,35.500,196.500,0.38444,2.07557,0
1785663519096247118,2457,1,0.823529,34.500,197.500,0.43416,2.23999,0
1785663519121328158,2458,1,0.800000,36.500,196.500,0.52110,2.63464,0
1785663519136759502,2459,1,0.823529,35.500,195.500,0.54847,2.46329,0
1785663519158601324,2460,1,0.850980,39.500,192.500,0.64042,2.95593,0
1785663519175303448,2461,1,0.854902,38.500,197.500,0.68252,2.86201,0
1785663519201141646,2462,1,0.870588,37.500,195.500,0.70376,2.18174,0
1785663519215535835,2463,1,0.854902,40.500,199.500,0.73521,2.18241,0
1785663519227747795,2464,1,0.866667,38.500,196.500,0.71116,1.52038,0
1785663519248759250,2465,0,0.866667,38.500,196.500,0.74311,1.52038,1
1785663519269091712,2466,1,0.862745,41.500,196.500,0.74946,1.22448,0
1785663519289037137,2467,0,0.862745,41.500,196.500,0.77388,1.22448,1
1785663519310013592,2468,1,0.850980,42.500,194.500,0.79431,1.16679,0
1785663519328773112,2469,1,0.811765,48.500,189.500,0.92947,2.43249,0
1785663519349256072,2470,1,0.784314,44.500,195.500,0.95678,2.16766,0
1785663519368639460,2471,1,0.792157,49.500,198.500,1.05768,2.89205,0
1785663519388285054,2472,1,0.803922,47.500,194.500,1.10102,2.72134,0
1785663519407266238,2473,1,0.831373,51.500,190.500,1.19350,3.24581,0
1785663519430285215,2474,1,0.803922,53.500,198.500,1.31316,3.82560,0
1785663519448493907,2475,0,0.803922,53.500,198.500,1.38282,3.82560,1
1785663519466832972,2476,1,0.800000,56.500,192.500,1.53151,4.76329,0
1785663519488288340,2477,1,0.768628,62.500,191.500,1.68888,5.41247,0
1785663519511188318,2478,1,0.788235,64.500,193.500,1.83618,5.69411,0
1785663519528794891,2479,0,0.788235,64.500,193.500,1.93644,5.69411,1
1785663519549913678,2480,1,0.760784,71.500,193.500,2.12219,6.45163,0
1785663519568131370,2481,0,0.760784,71.500,193.500,2.23972,6.45163,1
1785663519581990939,2482,1,0.698039,78.500,193.500,2.46377,7.94903,0
1785663519600823957,2483,1,0.819608,82.500,189.500,2.70563,8.98568,0
1785663519621744830,2484,1,0.788235,87.500,194.500,2.99825,10.21818,0
1785663519640684431,2485,1,0.843137,94.500,196.500,3.31870,11.77725,0
1785663519666129175,2486,1,0.827451,93.500,192.500,3.60225,11.57233,0
1785663519681271773,2487,1,0.803922,102.500,192.500,3.83908,12.36813,0
1785663519699693254,2488,1,0.811765,114.500,190.500,4.20528,14.16898,0
1785663519721725532,2489,1,0.800000,126.500,191.500,4.65875,16.00295,0
1785663519744257431,2490,0,0.800000,126.500,191.500,5.01933,16.00295,1
1785663519760117229,2491,1,0.776471,132.500,192.500,5.35868,17.02935,0
1785663519781837136,2492,1,0.800000,140.500,190.500,5.77343,17.55724,0
1785663519801377147,2493,1,0.807843,149.500,191.500,6.20117,18.57399,0
1785663519820231749,2494,1,0.721569,156.500,188.500,6.57917,18.91707,0
1785663519840780334,2495,1,0.807843,168.500,190.500,7.05849,20.06072,0
1785663519860441970,2496,1,0.776471,180.500,196.500,7.58850,21.79343,0
1785663519880780848,2497,1,0.760784,192.500,190.500,8.17945,23.69034,0
1785663519900044280,2498,1,0.784314,196.500,191.500,8.63894,23.73060,0
1785663519915263585,2499,1,0.776471,207.500,187.500,9.00698,23.81926,0
1785663519931177925,2500,1,0.780392,218.500,191.500,9.40322,24.04071,0
1785663519951928049,2501,1,0.807843,226.500,190.500,9.91357,24.18900,0
1785663519976296262,2502,1,0.796079,239.500,188.500,10.59536,25.37859,0
1785663519991549400,2503,1,0.721569,249.500,188.500,11.02193,25.88872,0
1785663520017179059,2504,1,0.800000,268.500,190.500,11.81366,27.54803,0
1785663520031363541,2505,1,0.850980,275.500,191.500,12.25470,28.20222,0
1785663520056584913,2506,1,0.803922,289.500,193.500,12.96920,28.24380,0
1785663520072066715,2507,1,0.800000,304.500,187.500,13.51322,29.63511,0
1785663520097722040,2508,1,0.835294,334.500,193.500,14.42365,31.58432,0
1785663520112080063,2509,0,0.835294,334.500,193.500,14.87714,31.58432,1
1785663520134162507,2510,1,0.843137,345.500,189.500,15.53574,31.12066,0
1785663520153277565,2511,1,0.831373,374.500,191.500,16.17346,31.62844,0
1785663520173870191,2512,0,0.831373,374.500,191.500,16.82478,31.62844,1
1785663520192391129,2513,1,0.803922,393.500,187.500,17.56889,33.42937,0
1785663520212957797,2514,1,0.819608,406.500,187.500,18.29917,33.92000,0
1785663520233126344,2515,1,0.796079,420.500,188.500,19.00729,34.20633,0
1785663520252495441,2516,1,0.800000,437.500,188.500,19.70523,34.64437,0
1785663520273594979,2517,1,0.792157,468.500,192.500,20.45930,34.93718,0
1785663520295327594,2518,1,0.803922,488.500,193.500,21.29206,35.87999,0
1785663520312856709,2519,0,0.803922,488.500,193.500,21.92102,35.87999,1
1785663520332430262,2520,1,0.780392,507.500,191.500,22.71259,36.94235,0
1785663520353659298,2521,1,0.737255,523.500,187.500,23.57683,37.88382,0
1785663520373445016,2522,1,0.819608,538.500,191.500,24.34412,38.09744,0
1785663520391665374,2523,1,0.807843,563.500,185.500,25.16251,39.63529,0
1785663520405625275,2524,1,0.752941,582.500,186.500,25.81848,40.93258,0
1785663520424521002,2525,1,0.780392,592.500,182.500,26.55876,40.50656,0
1785663520444995212,2526,0,0.792157,574.500,183.500,27.38811,40.50656,1
1785663520466444163,2527,0,0.772549,565.500,185.500,28.25693,40.50656,1
1785663520485180933,2528,0,0.803922,559.500,183.500,29.01588,40.50656,1
1785663520505696852,2529,0,0.792157,552.500,182.500,,,0
1785663520517196278,2530,0,0.792157,552.500,182.500,,,0
1785663520536243961,2531,1,0.796079,543.500,181.500,23.03448,0.00000,0
1785663520556691755,2532,1,0.831373,538.500,181.500,22.86150,-6.30545,0
1785663520576440723,2533,1,0.800000,527.500,183.500,22.24549,-20.09062,0
1785663520597255014,2534,1,0.819608,514.500,183.500,21.23734,-32.45847,0
1785663520617191980,2535,1,0.788235,502.500,180.500,20.19810,-39.13817,0
1785663520637618941,2536,1,0.807843,493.500,181.500,19.33436,-40.08276,0
1785663520657023037,2537,1,0.835294,472.500,181.500,18.45448,-41.45886,0
1785663520680440135,2538,1,0.823529,457.500,189.500,17.49401,-41.32656,0
1785663520695100904,2539,1,0.749020,440.500,181.500,16.91917,-40.93300,0
1785663520717116849,2540,0,0.749020,440.500,181.500,16.01800,-40.93300,1
1785663520734706505,2541,1,0.784314,420.500,183.500,15.37122,-40.06997,0
1785663520756923698,2542,1,0.725490,363.500,184.500,14.37589,-41.29625,0
1785663520777160786,2543,0,0.725490,363.500,184.500,13.54018,-41.29625,1
1785663520796039596,2544,1,0.745098,338.500,193.500,12.57780,-43.35863,0
1785663520808545846,2545,1,0.760784,324.500,186.500,12.04521,-43.24817,0
1785663520827166825,2546,1,0.803922,289.500,180.500,11.16948,-44.08767,0
1785663520851047668,2547,1,0.776471,267.500,191.500,9.99786,-45.56917,0
1785663520870066185,2548,1,0.815686,238.500,190.500,8.96645,-47.67154,0
1785663520891799508,2549,1,0.749020,216.500,192.500,7.77992,-49.60979,0
1785663520911209146,2550,1,0.756863,192.500,186.500,6.71445,-50.93312,0
1785663520927253151,2551,0,0.756863,192.500,186.500,5.89727,-50.93312,1
1785663520948807184,2552,1,0.615686,148.500,191.500,4.61925,-53.07295,0
1785663520971465665,2553,1,0.756863,125.500,194.500,3.36383,-53.69614,0
1785663520989189986,2554,1,0.772549,96.500,191.500,2.34151,-54.54942,0
1785663521010251524,2555,0,0.772549,96.500,191.500,1.19261,-54.54942,1
1785663521028700214,2556,1,0.760784,74.500,192.500,0.11027,-55.43562,0
1785663521054074083,2557,0,0.674510,52.500,191.500,-1.29635,-55.43562,1
1785663521067770904,2558,0,0.674510,52.500,191.500,-2.05565,-55.43562,1
1785663521090359093,2559,0,0.749020,88.500,192.500,-3.30783,-55.43562,1
1785663521108957614,2560,0,0.749020,88.500,192.500,,,0
1785663521128661541,2561,1,0.690196,103.500,188.500,3.51260,0.00000,0
1785663521141139499,2562,1,0.819608,112.500,187.500,3.78804,11.47883,0
1785663521161176214,2563,1,0.764706,126.500,192.500,4.72892,34.86081,0
1785663521183046410,2564,1,0.768628,126.500,193.500,5.86900,43.32908,0
1785663521200992688,2565,1,0.811765,129.500,190.500,6.50664,40.79940,0
1785663521219623001,2566,1,0.756863,141.500,191.500,6.97875,36.34881,0
1785663521242217023,2567,0,0.588235,142.500,190.500,7.80002,36.34881,1
1785663521262811983,2568,0,0.784314,153.500,193.500,8.54862,36.34881,1
1785663521279609189,2569,0,0.760784,162.500,192.500,9.15918,36.34881,1
1785663521308948852,2570,0,0.764706,172.500,190.500,,,0
1785663521327695830,2571,1,0.674510,172.500,190.500,6.62699,0.00000,0
1785663521341290568,2572,1,0.792157,181.500,190.500,6.90856,11.65365,0
1785663521360864413,2573,1,0.768628,196.500,187.500,7.75553,31.77772,0
1785663521380491340,2574,1,0.701961,205.500,188.500,8.62745,37.55190,0
1785663521402144247,2575,0,0.701961,205.500,188.500,9.44056,37.55190,1
1785663521422046339,2576,1,0.815686,227.500,191.500,9.92546,33.91567,0
1785663521440881399,2577,1,0.831373,234.500,194.500,10.27670,30.32281,0
1785663521462884219,2578,1,0.788235,241.500,185.500,10.67367,27.06573,0
1785663521482690103,2579,0,0.788235,241.500,185.500,11.20973,27.06573,1
1785663521504078971,2580,1,0.850980,264.500,190.500,11.52785,24.13491,0
1785663521519934104,2581,1,0.815686,272.500,195.500,11.72075,21.97371,0
1785663521533295802,2582,0,0.815686,272.500,195.500,12.01436,21.97371,1
1785663521552816564,2583,1,0.819608,285.500,190.500,12.42579,21.77488,0
1785663521575500294,2584,1,0.792157,291.500,192.500,12.89744,21.51578,0
1785663521596905704,2585,1,0.819608,301.500,189.500,13.35274,21.45214,0
1785663521611473432,2586,1,0.807843,311.500,188.500,13.64550,21.20549,0
1785663521631572272,2587,1,0.780392,336.500,188.500,14.19056,22.72820,0
1785663521654009088,2588,1,0.800000,349.500,188.500,14.83836,24.50995,0
1785663521673071646,2589,1,0.815686,357.500,191.500,15.32214,24.72423,0
1785663521696206413,2590,1,0.815686,371.500,195.500,15.96813,25.67754,0
1785663521713377532,2591,0,0.815686,371.500,195.500,16.40904,25.67754,1
1785663521734096448,2592,1,0.768628,400.500,187.500,17.13462,27.96752,0
1785663521754175746,2593,1,0.815686,412.500,189.500,17.77450,28.88650,0
1785663521773265346,2594,1,0.792157,425.500,186.500,18.36941,29.40915,0
1785663521792764233,2595,1,0.815686,440.500,190.500,19.00990,30.23876,0
1785663521817027156,2596,1,0.827451,457.500,187.500,19.85950,31.70848,0
1785663521832970953,2597,1,0.811765,471.500,189.500,20.37848,31.88087,0
1785663521852912878,2598,0,0.811765,471.500,189.500,21.01424,31.88087,1
1785663521872340599,2599,1,0.807843,485.500,190.500,21.69906,32.66177,0
1785663521884235813,2600,1,0.850980,501.500,194.500,22.14371,33.32886,0
1785663521905064103,2601,1,0.847059,517.500,190.500,22.89970,34.07970,0
1785663521925089735,2602,1,0.788235,523.500,192.500,23.57095,33.94000,0
1785663521946853099,2603,1,0.784314,541.500,186.500,24.33197,34.22387,0
1785663521965015000,2604,1,0.796079,558.500,186.500,24.99173,34.71320,0
1785663521986746281,2605,0,0.807843,560.500,187.500,25.74610,34.71320,1
1785663522004881057,2606,0,0.717647,549.500,190.500,26.37562,34.71320,1
1785663522025394059,2607,0,0.788235,541.500,193.500,27.08769,34.71320,1
1785663522044502116,2608,0,0.800000,537.500,191.500,,,0
1785663522069993527,2609,1,0.807843,532.500,196.500,22.55198,0.00000,0
1785663522084209509,2610,1,0.788235,526.500,189.500,22.36913,-7.51932,0
1785663522097935787,2611,0,0.788235,526.500,189.500,22.26592,-7.51932,1
1785663522117866337,2612,1,0.784314,521.500,191.500,21.85719,-13.45622,0
1785663522137966926,2613,1,0.788235,519.500,192.500,21.49470,-15.11354,0
1785663522154702299,2614,1,0.745098,520.500,190.500,21.36796,-13.11362,0
1785663522180688371,2615,1,0.803922,514.500,190.500,21.24425,-10.12073,0
1785663522195947634,2616,1,0.800000,511.500,191.500,21.26742,-7.76718,0
1785663522221241005,2617,1,0.835294,506.500,190.500,21.14283,-6.84654,0
1785663522236101563,2618,1,0.756863,505.500,188.500,21.13682,-5.62068,0
1785663522262136926,2619,1,0.835294,501.500,183.500,21.02102,-5.22874,0
1785663522276901820,2620,0,0.835294,501.500,183.500,20.94382,-5.22874,1
1785663522303256846,2621,1,0.796079,497.500,188.500,20.85366,-4.66944,0
1785663522316500129,2622,0,0.796079,497.500,188.500,20.79182,-4.66944,1
1785663522337058631,2623,1,0.827451,493.500,186.500,20.69707,-4.65556,0
1785663522355430821,2624,1,0.807843,492.500,186.500,20.62039,-4.55516,0
1785663522376918271,2625,1,0.831373,490.500,187.500,20.53134,-4.44993,0
1785663522395899747,2626,1,0.862745,485.500,186.500,20.39806,-5.05487,0
1785663522411460007,2627,1,0.788235,484.500,187.500,20.30763,-5.20437,0
1785663522427545845,2628,1,0.819608,480.500,182.500,20.18796,-5.66792,0
1785663522447872182,2629,1,0.768628,476.500,184.500,20.00988,-6.48294,0
1785663522470768077,2630,1,0.803922,471.500,184.500,19.76081,-7.78532,0
1785663522487262244,2631,1,0.792157,471.500,182.500,19.61575,-8.00080,0
1785663522512073786,2632,1,0.847059,459.500,184.500,19.25742,-10.06349,0
1785663522527878169,2633,1,0.823529,448.500,176.500,18.85814,-13.17165,0
1785663522554949522,2634,1,0.792157,436.500,179.500,18.19200,-17.17773,0
1785663522567335897,2635,0,0.780392,425.500,178.500,17.97923,-17.17773,1
1785663522588501351,2636,1,0.788235,418.500,180.500,17.30046,-20.97789,0
1785663522615205498,2637,0,0.796079,396.500,179.500,16.74026,-20.97789,1
1785663522628120952,2638,0,0.752941,377.500,181.500,16.46932,-20.97789,1
1785663522647802712,2639,0,0.792157,341.500,186.500,16.05644,-20.97789,1
1785663522670326735,2640,0,0.800000,326.500,182.500,,,0
1785663522689777331,2641,1,0.800000,308.500,182.500,12.71039,0.00000,0
1785663522709407759,2642,1,0.737255,283.500,185.500,11.83529,-32.51548,0
1785663522734330133,2643,1,0.713726,261.500,190.500,10.04357,-57.49102,0
1785663522747889288,2644,0,0.713726,261.500,190.500,9.26403,-57.49102,1
1785663522760275372,2645,1,0.721569,236.500,190.500,8.16280,-64.48455,0
1785663522782525231,2646,1,0.776471,209.500,184.500,6.32781,-70.41326,0
1785663522807557271,2647,1,0.741176,195.500,184.500,4.43868,-72.07486,0
1785663522818875866,2648,1,0.698039,172.500,181.500,3.78669,-69.95486,0
1785663522847049707,2649,1,0.772549,120.500,188.500,2.04728,-66.98326,0
1785663522860162325,2650,0,0.772549,120.500,188.500,1.16895,-66.98326,1
1785663522880955616,2651,0,0.745098,90.500,195.500,-0.22386,-66.98326,1
1785663522900201339,2652,1,0.764706,64.500,186.500,-1.15060,-63.08073,0
1785663522920196054,2653,1,0.764706,32.500,195.500,-2.30304,-61.90111,0
1785663522940048730,2654,0,0.450980,40.500,201.500,-3.53194,-61.90111,1
1785663522963235871,2655,0,0.639216,63.500,194.500,-4.96725,-61.90111,1
1785663522983957496,2656,0,0.756863,79.500,189.500,-6.24995,-61.90111,1
1785663523008325417,2657,0,0.803922,98.500,185.500,,,0
1785663523019291974,2658,1,0.811765,106.500,193.500,3.64691,0.00000,0
1785663523031983429,2659,0,0.811765,106.500,193.500,3.64691,0.00000,1
1785663523053115633,2660,1,0.756863,112.500,187.500,3.89290,6.47402,0
1785663523071991235,2661,1,0.792157,114.500,186.500,4.19300,10.40797,0
1785663523093315646,2662,1,0.780392,116.500,188.500,4.48029,11.59988,0
1785663523112582952,2663,1,0.756863,115.500,188.500,4.60675,10.06280,0
1785663523131852299,2664,1,0.756863,117.500,190.500,4.66827,8.16924,0
1785663523153028836,2665,1,0.650980,116.500,189.500,4.64807,5.60080,0
1785663523172557765,2666,1,0.772549,112.500,188.500,4.48915,2.15610,0
1785663523193582928,2667,1,0.725490,110.500,188.500,4.26896,-1.20333,0
1785663523212921984,2668,1,0.823529,106.500,191.500,3.97865,-4.57978,0
1785663523236071917,2669,1,0.800000,100.500,191.500,3.57754,-8.32479,0
1785663523252637542,2670,1,0.772549,94.500,189.500,3.17674,-11.68454,0
1785663523277398626,2671,1,0.752941,88.500,189.500,2.65745,-14.63860,0
1785663523293963668,2672,1,0.803922,79.500,190.500,2.17861,-17.68917,0
1785663523314426129,2673,1,0.792157,70.500,193.500,1.63238,-20.06786,0
1785663523332845194,2674,1,0.788235,61.500,195.500,1.09007,-22.29350,0
1785663523355262760,2675,1,0.749020,47.500,197.500,0.36996,-25.12455,0
1785663523374046779,2676,1,0.737255,41.500,193.500,-0.19763,-26.35269,0
1785663523394383033,2677,1,0.741176,46.500,196.500,-0.48118,-23.11659,0
1785663523413788879,2678,0,0.733333,44.500,194.500,-0.92978,-23.11659,1
1785663523435127581,2679,0,0.690196,51.500,190.500,-1.42305,-23.11659,1
1785663523452871527,2680,0,0.694118,58.500,194.500,-1.83323,-23.11659,1
1785663523478701267,2681,0,0.725490,48.500,191.500,,,0
1785663523492886333,2682,1,0.764706,52.500,191.500,1.19637,0.00000,0
1785663523514477616,2683,1,0.713726,51.500,191.500,1.15954,-1.30618,0
1785663523534066919,2684,1,0.643137,48.500,192.500,1.00404,-4.87965,0
1785663523553781637,2685,1,0.788235,47.500,195.500,0.82026,-6.72789,0
1785663523573772561,2686,1,0.803922,39.500,192.500,0.48062,-10.24801,0
1785663523597059576,2687,1,0.792157,41.500,194.500,0.24702,-10.17507,0
1785663523612983833,2688,1,0.823529,31.500,195.500,-0.02869,-11.71538,0
1785663523640326474,2689,1,0.800000,36.500,195.500,-0.19850,-9.79215,0
1785663523669758553,2690,1,0.827451,37.500,196.500,-0.12595,-5.25704,0
1785663523685095399,2691,0,0.827451,37.500,196.500,-0.20658,-5.25704,1
1785663523704022625,2692,0,0.827451,43.500,198.500,-0.30608,-5.25704,1
1785663523716588374,2693,1,0.807843,33.500,192.500,-0.04212,-1.63013,0
1785663523738002325,2694,1,0.811765,31.500,193.500,0.05224,-0.22003,0
1785663523758070539,2695,1,0.847059,33.500,190.500,0.16793,1.15611,0
1785663523776760935,2696,1,0.831373,31.500,194.500,0.22772,1.61708,0
1785663523801629643,2697,1,0.831373,31.500,197.500,0.28532,1.83663,0
1785663523817343318,2698,1,0.850980,31.500,195.500,0.31377,1.83129,0
1785663523837161285,2699,1,0.788235,30.500,196.500,0.31349,1.35596,0
1785663523857407706,2700,1,0.811765,30.500,194.500,0.30342,0.86922,0
1785663523878226372,2701,1,0.800000,31.500,195.500,0.30221,0.62008,0
1785663523898249379,2702,1,0.800000,32.500,195.500,0.31254,0.59327,0
1785663523918371551,2703,1,0.796079,32.500,191.500,0.31829,0.51390,0
1785663523938282559,2704,1,0.819608,32.500,193.500,0.31916,0.39414,0
1785663523961230370,2705,1,0.823529,37.500,196.500,0.41274,1.47538,0
1785663523974757151,2706,1,0.788235,30.500,194.500,0.36326,0.58158,0
1785663523994718033,2707,1,0.819608,32.500,193.500,0.34461,0.19037,0
1785663524007770860,2708,0,0.819608,32.500,193.500,0.34709,0.19037,1
1785663524033020356,2709,1,0.839216,33.500,195.500,0.34318,0.08615,0
1785663524049934519,2710,0,0.839216,33.500,195.500,0.34463,0.08615,1
1785663524068045003,2711,1,0.850980,32.500,195.500,0.31462,-0.26848,0
1785663524087253685,2712,1,0.835294,39.500,189.500,0.43872,1.19647,0
1785663524108398139,2713,1,0.835294,34.500,195.500,0.44683,0.99300,0
1785663524133564469,2714,1,0.803922,34.500,194.500,0.44972,0.71871,0
1785663524155658122,2715,1,0.807843,39.500,194.500,0.54046,1.67126,0
1785663524172832157,2716,1,0.827451,43.500,193.500,0.68334,3.14187,0
1785663524187901839,2717,1,0.827451,38.500,194.500,0.70395,2.79502,0
1785663524208056095,2718,1,0.788235,54.500,192.500,0.98637,5.73068,0
1785663524240389644,2719,1,0.760784,56.500,191.500,1.35719,8.14721,0
1785663524260360735,2720,1,0.784314,57.500,195.500,1.54899,8.52670,0
1785663524288453786,2721,1,0.764706,61.500,192.500,1.81568,8.87758,0
1785663524307250930,2722,1,0.709804,62.500,192.500,1.91009,7.94147,0
1785663524319884344,2723,0,0.709804,62.500,192.500,2.01042,7.94147,1
1785663524340865758,2724,1,0.729412,79.500,196.500,2.43716,11.06815,0
1785663524360257313,2725,1,0.643137,81.500,196.500,2.78951,12.70881,0
1785663524379337079,2726,1,0.709804,86.500,192.500,3.11409,13.70527,0
1785663524401772145,2727,1,0.800000,98.500,196.500,3.60247,15.95860,0
1785663524421105367,2728,1,0.784314,98.500,192.500,3.92743,16.16683,0
1785663524440464547,2729,1,0.792157,112.500,191.500,4.36223,17.72634,0
1785663524462071872,2730,1,0.800000,122.500,191.500,4.89023,19.58871,0
1785663524482004088,2731,1,0.752941,129.500,192.500,5.37062,20.74451,0
1785663524502375216,2732,1,0.737255,142.500,190.500,5.92307,22.41117,0
1785663524522061060,2733,1,0.733333,160.500,196.500,6.61425,25.61648,0
1785663524541232992,2734,1,0.756863,167.500,189.500,7.22187,27.10948,0
1785663524561173458,2735,1,0.760784,183.500,197.500,7.92936,29.24738,0
1785663524581953624,2736,1,0.752941,199.500,197.500,8.73680,31.80359,0
1785663524602292294,2737,1,0.760784,212.500,192.500,9.52473,33.60966,0
1785663524622274843,2738,1,0.807843,227.500,195.500,10.29871,34.92025,0
1785663524640906905,2739,1,0.756863,243.500,193.500,11.03220,35.98160,0
1785663524661463074,2740,1,0.800000,261.500,196.500,11.87293,37.27649,0
1785663524681908618,2741,1,0.788235,274.500,188.500,12.67109,37.73770,0
1785663524701942708,2742,1,0.823529,286.500,190.500,13.35844,36.85818,0
1785663524722938913,2743,1,0.862745,303.500,188.500,14.07758,36.15744,0
1785663524743287125,2744,1,0.819608,325.500,192.500,14.87204,36.90906,0
1785663524764521120,2745,1,0.874510,344.500,189.500,15.73189,37.88319,0
1785663524780971246,2746,1,0.776471,363.500,191.500,16.43926,38.96341,0
1785663524814071413,2748,1,0.835294,383.500,187.500,17.83886,40.39131,0
1785663524831581862,2749,1,0.752941,399.500,197.500,18.64483,41.68391,0
1785663524852246112,2750,1,0.835294,430.500,187.500,19.58398,42.70069,0
1785663524872227703,2751,1,0.768628,454.500,188.500,20.62478,45.13470,0
1785663524893536572,2752,1,0.721569,476.500,193.500,21.75018,47.24175,0
1785663524912062010,2753,1,0.780392,499.500,188.500,22.77664,49.18416,0
1785663524931710479,2754,1,0.811765,518.500,197.500,23.77400,49.58095,0
1785663524945118552,2755,1,0.800000,538.500,188.500,24.44435,49.65256,0
1785663524964544524,2756,1,0.737255,565.500,193.500,25.48640,50.65205,0
1785663524983145961,2757,1,0.717647,565.500,191.500,26.23366,48.13915,0
1785663525003469382,2758,0,0.768628,544.500,187.500,27.21200,48.13915,1
1785663525031699806,2759,0,0.807843,521.500,194.500,28.57099,48.13915,1
1785663525043173566,2760,0,0.807843,521.500,194.500,29.12333,48.13915,1
1785663525074561833,2761,0,0.792157,509.500,189.500,,,0
1785663525092201947,2762,1,0.749020,505.500,189.500,21.37850,0.00000,0
1785663525127556842,2763,1,0.827451,504.500,188.500,21.33924,-1.00129,0
1785663525149130333,2764,1,0.788235,498.500,193.500,21.12595,-4.98756,0
1785663525163549021,2765,0,0.788235,498.500,193.500,21.05403,-4.98756,1
1785663525184864682,2766,1,0.780392,493.500,191.500,20.75182,-7.86280,0
1785663525204927355,2767,1,0.823529,493.500,192.500,20.55761,-8.34513,0
1785663525223739082,2768,1,0.803922,492.500,193.500,20.44126,-7.82776,0
1785663525245467155,2769,1,0.800000,491.500,190.500,20.35230,-6.80831,0
1785663525264669420,2770,1,0.780392,492.500,191.500,20.35340,-5.14654,0
1785663525283904060,2771,1,0.827451,492.500,192.500,20.40102,-3.28614,0
1785663525296161228,2772,1,0.823529,492.500,195.500,20.48475,-1.69705,0
1785663525316314900,2773,1,0.831373,492.500,193.500,20.56537,-0.21193,0
1785663525335443375,2774,1,0.796079,494.500,193.500,20.68678,1.41213,0
1785663525361681652,2775,1,0.819608,499.500,192.500,20.90857,3.79970,0
1785663525375834468,2776,0,0.819608,499.500,192.500,20.96235,3.79970,1
1785663525400072016,2777,1,0.752941,505.500,192.500,21.27527,6.42014,0
1785663525415984022,2778,0,0.752941,505.500,192.500,21.37743,6.42014,1
1785663525436689814,2779,1,0.811765,508.500,190.500,21.64019,7.85671,0
1785663525456545114,2780,1,0.784314,512.500,190.500,21.89176,8.93341,0
1785663525476634329,2781,1,0.866667,516.500,192.500,22.13189,9.65077,0
1785663525495523639,2782,1,0.803922,522.500,194.500,22.38649,10.54257,0
1785663525517100630,2783,1,0.772549,528.500,195.500,22.69220,11.53609,0
1785663525536549351,2784,1,0.811765,533.500,195.500,22.97806,12.32659,0
1785663525557512682,2785,1,0.815686,538.500,193.500,23.26735,12.72475,0
1785663525576712030,2786,1,0.815686,542.500,193.500,23.50638,12.65674,0
1785663525596948826,2787,1,0.764706,553.500,192.500,23.84426,13.70746,0
1785663525616300423,2788,1,0.717647,562.500,188.500,24.22560,15.19674,0
1785663525636846383,2789,1,0.631373,568.500,193.500,24.61227,16.15048,0
1785663525656812516,2790,1,0.635294,564.500,193.500,24.79821,14.40250,0
1785663525679054042,2791,0,0.725490,556.500,192.500,25.11854,14.40250,1
1785663525700315661,2792,0,0.780392,552.500,194.500,25.42476,14.40250,1
1785663525719152763,2793,0,0.741176,552.500,189.500,25.69606,14.40250,1
1785663525739360102,2794,0,0.721569,550.500,188.500,,,0
1785663525760970343,2795,1,0.737255,547.500,191.500,23.20523,0.00000,0
1785663525781534386,2796,1,0.776471,551.500,188.500,23.34444,5.06073,0
1785663525795591119,2797,1,0.729412,548.500,193.500,23.42084,5.22778,0
1785663525808284325,2798,0,0.729412,548.500,193.500,23.48720,5.22778,1
1785663525827883544,2799,1,0.741176,551.500,192.500,23.55674,4.60643,0
1785663525850940729,2800,1,0.764706,551.500,195.500,23.60707,3.76605,0
1785663525867563812,2801,1,0.780392,550.500,193.500,23.57618,2.47857,0
1785663525889983419,2802,1,0.788235,551.500,193.500,23.55670,1.50961,0
1785663525908596815,2803,1,0.745098,560.500,190.500,23.69237,2.87118,0
1785663525927946954,2804,1,0.705882,562.500,190.500,23.83840,4.01223,0
1785663525941803898,2805,1,0.650980,563.500,192.500,23.94544,4.66539,0
1785663525961683698,2806,1,0.592157,567.500,190.500,24.11168,5.60590,0
1785663525979262979,2807,1,0.278431,564.500,192.500,24.18853,5.32712,0
1785663526002077791,2808,1,0.721569,554.500,193.500,24.07341,2.28317,0
1785663526026606544,2809,1,0.796079,562.500,192.500,24.05787,1.36331,0
1785663526039207876,2810,1,0.780392,561.500,192.500,23.99560,0.33411,0
1785663526065782233,2811,1,0.772549,562.500,192.500,23.94455,-0.44777,0
1785663526079823801,2812,0,0.772549,562.500,192.500,23.93827,-0.44777,1
1785663526100529884,2813,1,0.768628,563.500,192.500,23.90578,-0.72790,0
1785663526120739847,2814,1,0.721569,561.500,193.500,23.84172,-1.31566,0
1785663526143618534,2815,1,0.537255,562.500,193.500,23.80595,-1.38455,0
1785663526160665820,2816,1,0.545098,562.500,195.500,23.78928,-1.29828,0
1785663526183347050,2817,1,0.403922,566.500,191.500,23.85067,-0.14379,0
1785663526198799978,2818,1,0.678431,565.500,194.500,23.89870,0.50230,0
1785663526224873258,2819,1,0.545098,564.500,192.500,23.93391,0.78888,0
1785663526239554151,2820,1,0.207843,562.500,194.500,23.92300,0.49570,0
1785663526255187328,2821,1,0.627451,565.500,196.500,23.95611,0.82716,0
1785663526274139637,2822,1,0.156863,562.500,194.500,23.93373,0.33179,0
1785663526298421517,2823,1,0.447059,565.500,196.500,23.96290,0.60491,0
1785663526315329847,2824,1,0.458824,561.500,194.500,23.91392,-0.16052,0
1785663526340418386,2825,1,0.713726,557.500,196.500,23.79147,-1.68721,0
1785663526351020655,2826,0,0.713726,557.500,196.500,23.77358,-1.68721,1
1785663526372003527,2827,1,0.658824,555.500,192.500,23.62115,-3.10457,0
1785663526392022159,2828,1,0.470588,545.500,195.500,23.30714,-6.12862,0
1785663526414129520,2829,1,0.584314,550.500,194.500,23.13058,-6.63093,0
1785663526433737781,2830,1,0.196078,550.500,195.500,23.02413,-6.33650,0
1785663526457190670,2831,1,0.501961,553.500,196.500,23.01067,-4.61973,0
1785663526473107926,2832,1,0.384314,553.500,200.500,23.07193,-2.88870,0
1785663526494371671,2833,1,0.423529,554.500,197.500,23.16807,-0.85520,0
1785663526514519510,2834,1,0.662745,554.500,197.500,23.28109,0.82443,0
1785663526535554714,2835,1,0.368627,553.500,197.500,23.38051,1.87973,0
1785663526553275161,2836,1,0.372549,556.500,198.500,23.51348,3.16024,0
1785663526577419960,2837,1,0.274510,553.500,196.500,23.59263,3.19672,0
1785663526593459423,2838,1,0.513726,552.500,196.500,23.60691,2.72036,0
1785663526615071414,2839,1,0.247059,551.500,194.500,23.59045,1.75077,0
1785663526633028275,2840,1,0.537255,554.500,197.500,23.60408,1.52145,0
1785663526657205740,2841,1,0.262745,554.500,197.500,23.61147,1.14348,0
1785663526673648867,2842,1,0.078431,553.500,197.500,23.58312,0.53575,0
1785663526696448512,2843,1,0.117647,560.500,197.500,23.67554,1.56881,0
1785663526713590465,2844,1,0.086275,551.500,194.500,23.59956,0.24270,0
1785663526736706857,2845,1,0.078431,554.500,196.500,23.56857,-0.22827,0
1785663526752307658,2846,1,0.101961,554.500,196.500,23.53953,-0.55683,0
1785663526775291635,2847,1,0.121569,557.500,195.500,23.56363,-0.08104,0
1785663526793253163,2848,1,0.047059,554.500,191.500,23.53985,-0.36899,0
1785663526819516607,2849,1,0.050980,551.500,194.500,23.45630,-1.31987,0
1785663526835447863,2850,1,0.109804,556.500,198.500,23.47626,-0.78985,0
1785663526860210114,2851,1,0.098039,554.500,196.500,23.46479,-0.68533,0
1785663526878006268,2852,1,0.105882,558.500,195.500,23.53380,0.36495,0
1785663526898612603,2853,1,0.058824,557.500,194.500,23.58683,0.95173,0
1785663526918139781,2854,0,,,,23.60542,0.95173,1
1785663526940290475,2855,1,0.054902,556.500,195.500,23.63071,1.00115,0
1785663526958045505,2856,1,0.168627,553.500,197.500,23.58337,0.23949,0
1785663526975775326,2857,1,0.117647,555.500,197.500,23.57603,0.10056,0
1785663527004614869,2858,1,0.043137,554.500,198.500,23.54845,-0.28189,0
1785663527025832822,2859,1,0.090196,556.500,200.500,23.55851,-0.07638,0
1785663527046487573,2860,1,0.137255,555.500,194.500,23.55326,-0.12372,0
1785663527073651800,2861,1,0.090196,555.500,199.500,23.54724,-0.15799,0
1785663527083557575,2862,0,0.090196,555.500,199.500,23.54567,-0.15799,1
1785663527099017961,2863,1,0.141176,554.500,196.500,23.52529,-0.37983,0
1785663527120865616,2864,0,0.141176,554.500,196.500,23.51699,-0.37983,1
1785663527138806436,2865,1,0.047059,554.500,201.500,23.49961,-0.49908,0
1785663527159570852,2866,1,0.094118,556.500,198.500,23.52918,-0.04704,0
1785663527177490963,2867,1,0.039216,555.500,199.500,23.53661,0.05035,0
1785663527198366795,2868,0,,,,23.53766,0.05035,1
1785663527219092878,2869,1,0.090196,556.500,195.500,23.56949,0.40531,0
1785663527237190071,2870,1,0.054902,556.500,197.500,23.59156,0.57690,0
1785663527259487055,2871,1,0.050980,555.500,201.500,23.59075,0.41178,0
1785663527277845995,2872,1,0.062745,554.500,199.500,23.56799,0.03414,0
1785663527303024741,2873,1,0.062745,549.500,201.500,23.44804,-1.50726,0
1785663527318492836,2874,1,0.070588,554.500,201.500,23.43263,-1.40515,0
1785663527339157503,2875,1,0.039216,556.500,199.500,23.45958,-0.67859,0
1785663527358800180,2876,1,0.101961,555.500,195.500,23.47746,-0.27460,0
1785663527380423546,2877,1,0.137255,551.500,194.500,23.42818,-0.83278,0
1785663527399463646,2878,1,0.098039,552.500,194.500,23.40232,-0.96133,0
1785663527417947835,2879,1,0.074510,545.500,195.500,23.26499,-2.49513,0
1785663527437015351,2880,0,,,,23.21741,-2.49513,1
1785663527463885373,2881,1,0.082353,549.500,201.500,23.16371,-2.34012,0
1785663527480272958,2882,0,,,,23.12536,-2.34012,1
1785663527501259038,2883,0,,,,23.07625,-2.34012,1
1785663527520098765,2884,1,0.047059,556.500,196.500,23.34196,0.77256,0
1785663527541113721,2885,0,,,,23.35819,0.77256,1
1785663527560829605,2886,1,0.039216,556.500,195.500,23.52595,2.29873,0
1785663527579842872,2887,1,0.070588,555.500,194.500,23.60318,2.65591,0
1785663527600644038,2888,1,0.039216,555.500,200.500,23.65718,2.64138,0
1785663527620546546,2889,0,,,,23.70975,2.64138,1
1785663527639843894,2890,1,0.050980,558.500,198.500,23.77301,2.78496,0
1785663527665433011,2891,1,0.058824,554.500,201.500,23.73976,1.55358,0
1785663527679800075,2892,1,0.050980,549.500,186.500,23.59566,-0.47048,0
1785663527701806395,2893,1,0.149020,557.500,199.500,23.59960,-0.28996,0
1785663527721846027,2894,1,0.047059,557.500,195.500,23.60692,-0.12128,0
1785663527741530995,2895,1,0.094118,557.500,196.500,23.61605,0.02733,0
1785663527761147423,2896,0,,,,23.61659,0.02733,1
1785663527783278742,2897,1,0.062745,559.500,196.500,23.67553,0.71373,0
1785663527800144697,2898,1,0.031373,554.500,196.500,23.61989,-0.08021,0
1785663527811841871,2899,0,,,,23.61895,-0.08021,1
1785663527832862660,2900,0,,,,23.61727,-0.08021,1
1785663527853867865,2901,0,,,,23.61558,-0.08021,1
1785663527872916298,2902,0,,,,,,0
1785663527899409073,2903,1,0.047059,554.500,191.500,23.50906,0.00000,0
1785663527916312737,2904,1,0.031373,556.500,197.500,23.57274,2.50853,0
1785663527939659252,2905,0,0.031373,556.500,197.500,23.63130,2.50853,1
1785663527956500790,2906,1,0.082353,554.500,199.500,23.61422,1.35104,0
1785663527977308373,2907,1,0.047059,557.500,199.500,23.67197,1.82345,0
1785663527995910102,2908,0,,,,23.70589,1.82345,1
1785663528013859088,2909,0,,,,23.73862,1.82345,1
1785663528033133103,2910,0,,,,23.77376,1.82345,1
1785663528056087038,2911,0,,,,,,0
1785663528072718579,2912,1,0.043137,555.500,197.500,23.55067,0.00000,0
1785663528094806565,2913,0,0.043137,555.500,197.500,23.55067,0.00000,1
1785663528115849520,2914,1,0.043137,557.500,194.500,23.63247,1.76576,0
1785663528138818622,2915,0,,,,23.67303,1.76576,1
1785663528152312737,2916,0,,,,23.69686,1.76576,1
1785663528164314699,2917,1,0.054902,551.500,200.500,23.46873,-1.54624,0
1785663528184316706,2918,1,0.070588,555.500,194.500,23.48619,-0.95011,0
1785663528205726574,2919,1,0.050980,554.500,193.500,23.47694,-0.81442,0
1785663528223300481,2920,0,,,,23.46263,-0.81442,1
1785663528244286561,2921,0,,,,23.44554,-0.81442,1
1785663528263573117,2922,1,0.050980,554.500,198.500,23.47040,-0.39320,0
1785663528284328783,2923,1,0.062745,554.500,197.500,23.48088,-0.19531,0
1785663528304237166,2924,0,,,,23.47700,-0.19531,1
1785663528325091123,2925,1,0.050980,549.500,201.500,23.36844,-1.33568,0
1785663528343857059,2926,1,0.031373,556.500,193.500,23.44733,-0.15881,0
1785663528363726943,2927,0,,,,23.44418,-0.15881,1
1785663528386008593,2928,0,,,,23.44064,-0.15881,1
1785663528404660489,2929,0,,,,23.43768,-0.15881,1
1785663528424422748,2930,1,0.039216,555.500,199.500,23.51660,0.60642,0
1785663528445824741,2931,1,0.031373,557.500,196.500,23.59312,1.23483,0
1785663528467131360,2932,1,0.086275,556.500,195.500,23.62012,1.24247,0
1785663528483728485,2933,0,0.086275,556.500,195.500,23.64074,1.24247,1
1785663528496829728,2934,0,,,,23.65702,1.24247,1
1785663528517097149,2935,0,,,,23.68220,1.24247,1
1785663528536363289,2936,0,,,,,,0
1785663528555810843,2937,1,0.078431,555.500,196.500,23.55097,0.00000,0
1785663528576913381,2938,1,0.066667,554.500,199.500,23.51538,-1.27725,0
1785663528595587026,2939,1,0.050980,557.500,195.500,23.56233,0.72893,0
