timestamp_ns,frame_id,detected,confidence,x_px,y_px,s_cm,velocity_cm_s,predicted
1785663247885931529,0,0,,,,,,0
1785663247941846591,1,0,,,,,,0
1785663247959887159,2,0,,,,,,0
1785663247978147642,3,0,,,,,,0
1785663247999327971,4,0,,,,,,0
1785663248017063167,5,0,,,,,,0
1785663248038067914,6,1,0.043137,554.500,201.500,23.50610,0.00000,0
1785663248062853915,7,1,0.047059,549.500,201.500,23.32367,-5.98003,0
1785663248080323697,8,1,0.105882,555.500,200.500,23.27479,-4.48328,0
1785663248105524652,9,1,0.039216,556.500,201.500,23.32941,-1.23060,0
1785663248120199713,10,1,0.054902,552.500,197.500,23.34406,-0.67387,0
1785663248142025201,11,0,0.054902,552.500,197.500,23.32935,-0.67387,1
1785663248160651431,12,1,0.031373,554.500,202.500,23.42100,0.63424,0
1785663248180587813,13,1,0.066667,560.500,198.500,23.61081,2.72663,0
1785663248200703569,14,0,0.066667,560.500,198.500,23.66565,2.72663,1
1785663248220871533,15,1,0.086275,552.500,202.500,23.61197,1.53007,0
1785663248241411368,16,1,0.031373,554.500,198.500,23.60836,1.13685,0
1785663248260690632,17,0,,,,23.63028,1.13685,1
1785663248280779263,18,1,0.078431,554.500,201.500,23.59790,0.51906,0
1785663248300748021,19,0,,,,23.60827,0.51906,1
1785663248321130649,20,1,0.035294,549.500,201.500,23.44210,-1.38693,0
1785663248340722869,21,1,0.031373,554.500,201.500,23.43167,-1.20060,0
1785663248361092080,22,1,0.062745,553.500,199.500,23.41069,-1.15954,0
1785663248381128212,23,1,0.058824,549.500,201.500,23.32771,-1.89931,0
1785663248400860722,24,1,0.086275,553.500,198.500,23.32977,-1.39608,0
1785663248421358557,25,1,0.039216,547.500,200.500,23.23821,-2.20674,0
1785663248441277440,26,0,,,,23.19425,-2.20674,1
1785663248461163073,27,1,0.035294,553.500,202.500,23.26862,-0.80415,0
1785663248481543368,28,1,0.039216,554.500,201.500,23.35429,0.39381,0
1785663248502457574,29,0,,,,23.36253,0.39381,1
1785663248521479133,30,1,0.082353,553.500,201.500,23.42880,1.05770,0
1785663248541377599,31,1,0.094118,552.500,183.500,23.45720,1.14173,0
1785663248561736020,32,1,0.074510,556.500,201.500,23.54798,1.94671,0
1785663248581477571,33,1,0.054902,553.500,201.500,23.56776,1.71573,0
1785663248601427953,34,1,0.074510,560.500,199.500,23.69605,2.90909,0
1785663248622854571,35,0,,,,23.75838,2.90909,1
1785663248641589966,36,1,0.066667,549.500,201.500,23.59860,0.36504,0
1785663248661159727,37,0,,,,23.60575,0.36504,1
1785663248681421315,38,1,0.058824,555.500,195.500,23.58616,0.07074,0
1785663248705915527,39,0,,,,23.58790,0.07074,1
1785663248725172333,40,1,0.043137,549.500,201.500,23.41144,-1.80597,0
1785663248748970344,41,0,,,,23.36846,-1.80597,1
1785663248764590687,42,0,,,,23.34025,-1.80597,1
1785663248785048564,43,1,0.101961,553.500,201.500,23.36747,-1.18321,0
1785663248804657117,44,1,0.113725,556.500,196.500,23.44605,-0.14040,0
1785663248824733790,45,0,,,,23.44323,-0.14040,1
1785663248844738130,46,1,0.062745,549.500,201.500,23.35437,-1.08195,0
1785663248865589462,47,1,0.050980,554.500,202.500,23.39244,-0.39011,0
1785663248885204431,48,1,0.050980,554.500,201.500,23.42978,0.15140,0
1785663248904952399,49,0,,,,23.43277,0.15140,1
1785663248924693367,50,1,0.035294,553.500,200.500,23.45333,0.35725,0
1785663248944753707,51,1,0.047059,556.500,201.500,23.52778,1.14649,0
1785663248965081794,52,0,,,,23.55109,1.14649,1
1785663248985117342,53,0,,,,23.57406,1.14649,1
1785663249008234610,54,1,0.043137,552.500,202.500,23.51313,0.25813,0
1785663249024733735,55,1,0.047059,559.500,195.500,23.62242,1.36315,0
1785663249044745076,56,1,0.062745,556.500,201.500,23.64667,1.32864,0
1785663249067941842,57,1,0.054902,559.500,198.500,23.71052,1.73446,0
1785663249087305689,58,0,0.054902,559.500,198.500,23.74411,1.73446,1
1785663249105722337,59,1,0.039216,548.500,201.500,23.53271,-1.15914,0
1785663249125258265,60,1,0.043137,553.500,194.500,23.46948,-1.63889,0
1785663249144810527,61,1,0.062745,549.500,201.500,23.34797,-2.72073,0
1785663249166407351,62,0,,,,23.28921,-2.72073,1
1785663249190829314,63,0,,,,23.22277,-2.72073,1
1785663249205881496,64,1,0.047059,556.500,200.500,23.37685,-0.65598,0
1785663249225500257,65,1,0.066667,549.500,182.500,23.31853,-1.14349,0
1785663249244735188,66,0,,,,23.29654,-1.14349,1
1785663249266502511,67,1,0.031373,554.500,201.500,23.37522,-0.01357,0
1785663249284732494,68,1,0.058824,555.500,203.500,23.45362,0.87594,0
1785663249304813250,69,1,0.078431,554.500,201.500,23.50002,1.22048,0
1785663249328691760,70,1,0.090196,553.500,197.500,23.52415,1.15767,0
1785663249349575758,71,1,0.043137,552.500,202.500,23.50376,0.58721,0
1785663249368556359,72,0,,,,23.51490,0.58721,1
1785663249391438295,73,0,,,,23.52834,0.58721,1
1785663249409252241,74,1,0.070588,553.500,193.500,23.50668,0.24522,0
1785663249428947126,75,0,,,,23.51151,0.24522,1
1785663249452397432,76,1,0.043137,554.500,202.500,23.51672,0.23977,0
1785663249468770559,77,1,0.058824,553.500,198.500,23.49859,0.00463,0
1785663249488814565,78,1,0.043137,549.500,201.500,23.41039,-1.02233,0
1785663249508792073,79,0,,,,23.38996,-1.02233,1
1785663249529284366,80,1,0.082353,549.500,201.500,23.30490,-1.77008,0
1785663249550167323,81,1,0.070588,549.500,201.500,23.24379,-2.05391,0
1785663249571305069,82,1,0.058824,554.500,193.500,23.29694,-0.88157,0
1785663249588846684,83,1,0.035294,554.500,199.500,23.35835,0.07802,0
1785663249608893024,84,1,0.050980,549.500,201.500,23.33270,-0.26859,0
1785663249629310943,85,1,0.058824,551.500,180.500,23.34501,-0.03991,0
1785663249648916288,86,1,0.066667,559.500,198.500,23.49608,1.91497,0
1785663249669362498,87,1,0.043137,554.500,199.500,23.55476,2.16601,0
1785663249689084217,88,1,0.054902,554.500,201.500,23.59571,2.14342,0
1785663249710365044,89,1,0.043137,556.500,200.500,23.65765,2.35261,0
1785663249730640340,90,1,0.113725,553.500,197.500,23.64654,1.59953,0
1785663249749192070,91,1,0.058824,555.500,201.500,23.65052,1.27036,0
1785663249769704780,92,0,,,,23.67658,1.27036,1
1785663249789103335,93,1,0.058824,553.500,195.500,23.60432,0.12523,0
1785663249809439297,94,1,0.078431,548.500,201.500,23.44407,-1.78047,0
1785663249829108058,95,1,0.047059,553.500,193.500,23.40263,-1.85747,0
1785663249849639559,96,0,,,,23.36450,-1.85747,1
1785663249869526359,97,1,0.031373,554.500,205.500,23.38170,-1.23139,0
1785663249889414909,98,1,0.054902,555.500,195.500,23.42349,-0.46100,0
1785663249909462416,99,1,0.078431,553.500,201.500,23.42699,-0.30793,0
1785663249929204675,100,1,0.090196,553.500,195.500,23.43369,-0.14936,0
1785663249950596835,101,1,0.070588,560.500,199.500,23.56659,1.57748,0
1785663249973031318,102,1,0.070588,554.500,193.500,23.59167,1.44532,0
1785663249992830910,103,0,,,,23.62028,1.44532,1
1785663250013504327,104,1,0.043137,553.500,201.500,23.58051,0.62477,0
1785663250033887247,105,1,0.047059,554.500,201.500,23.56458,0.28945,0
1785663250053069096,106,1,0.050980,553.500,201.500,23.52943,-0.19926,0
1785663250075183790,107,1,0.047059,554.500,195.500,23.51592,-0.31206,0
1785663250093969767,108,0,0.047059,554.500,195.500,23.51006,-0.31206,1
1785663250116135794,109,1,0.031373,552.500,193.500,23.45246,-0.90417,0
1785663250135810055,110,0,,,,23.43467,-0.90417,1
1785663250153706833,111,0,,,,23.41849,-0.90417,1
1785663250173332010,112,1,0.035294,553.500,195.500,23.42040,-0.70770,0
1785663250193416267,113,1,0.047059,554.500,201.500,23.44198,-0.33726,0
1785663250213315025,114,1,0.070588,550.500,189.500,23.38629,-0.88807,0
1785663250233098867,115,1,0.035294,553.500,196.500,23.39337,-0.58979,0
1785663250253897408,116,1,0.047059,549.500,201.500,23.33383,-1.18833,0
1785663250273384920,117,0,,,,23.31068,-1.18833,1
1785663250295893985,118,1,0.070588,548.500,200.500,23.23648,-1.74894,0
1785663250313258644,119,1,0.070588,553.500,193.500,23.29111,-0.74589,0
1785663250333370900,120,1,0.058824,555.500,195.500,23.38030,0.51520,0
1785663250353922693,121,1,0.058824,553.500,201.500,23.42911,0.99067,0
1785663250378501654,122,1,0.043137,549.500,201.500,23.40150,0.33054,0
1785663250394815990,123,1,0.035294,559.500,195.500,23.53877,2.02629,0
1785663250418218629,124,1,0.074510,554.500,201.500,23.58635,2.02844,0
1785663250434158302,125,1,0.035294,549.500,201.500,23.52129,0.76615,0
1785663250454391599,126,1,0.070588,549.500,201.500,23.44929,-0.36595,0
1785663250473815820,127,1,0.031373,553.500,201.500,23.44457,-0.33516,0
1785663250495169813,128,0,,,,23.43742,-0.33516,1
1785663250514077873,129,1,0.062745,556.500,196.500,23.50954,0.59379,0
1785663250536865394,130,1,0.039216,554.500,201.500,23.52675,0.63688,0
1785663250556272073,131,1,0.054902,553.500,201.500,23.51786,0.38166,0
1785663250573147154,132,1,0.031373,554.500,201.500,23.52259,0.36047,0
1785663250593274284,133,1,0.054902,547.500,201.500,23.40564,-1.21256,0
1785663250616645299,134,1,0.078431,553.500,193.500,23.39196,-1.02447,0
1785663250637673088,135,1,0.058824,552.500,201.500,23.37185,-1.00608,0
1785663250656934269,136,1,0.050980,557.500,200.500,23.45193,0.27441,0
1785663250676782569,137,1,0.047059,556.500,201.500,23.51670,1.03685,0
1785663250696682202,138,1,0.090196,554.500,201.500,23.54137,1.08862,0
1785663250717978613,139,1,0.043137,554.500,201.500,23.55895,1.01692,0
1785663250739331190,140,1,0.043137,552.500,201.500,23.53154,0.38834,0
1785663250758594037,141,1,0.066667,553.500,194.500,23.51528,0.08433,0
1785663250777112934,142,1,0.101961,553.500,201.500,23.49669,-0.17389,0
1785663250796778070,143,1,0.031373,556.500,201.500,23.53011,0.29828,0
1785663250817463862,144,0,,,,23.53628,0.29828,1
1785663250836999290,145,1,0.074510,553.500,193.500,23.50816,-0.10274,0
1785663250857516959,146,1,0.031373,555.500,195.500,23.52490,0.11783,0
1785663250877387300,147,1,0.062745,555.500,193.500,23.53970,0.26736,0
1785663250897307725,148,1,0.094118,553.500,195.500,23.51645,-0.08601,0
1785663250918943716,149,0,,,,23.51459,-0.08601,1
1785663250940341250,150,1,0.039216,549.500,201.500,23.38939,-1.52527,0
1785663250957674451,151,0,,,,23.36295,-1.52527,1
1785663250978075620,152,1,0.070588,553.500,201.500,23.37317,-1.07410,0
1785663251000697226,153,1,0.078431,554.500,198.500,23.40285,-0.46982,0
1785663251017110978,154,1,0.043137,554.500,202.500,23.43331,-0.02081,0
1785663251037129901,155,1,0.050980,554.500,201.500,23.46204,0.33979,0
1785663251057635903,156,1,0.066667,552.500,193.500,23.45547,0.16735,0
1785663251076826793,157,1,0.098039,556.500,198.500,23.51513,0.89486,0
1785663251097152547,158,1,0.035294,554.500,201.500,23.53660,0.93726,0
1785663251117863422,159,1,0.043137,559.500,199.500,23.64012,2.02102,0
1785663251136920939,160,1,0.031373,554.500,201.500,23.64171,1.54621,0
1785663251160170038,161,1,0.078431,554.500,196.500,23.63349,0.97995,0
1785663251177460739,162,1,0.050980,549.500,201.500,23.52263,-0.66171,0
1785663251198160031,163,1,0.058824,555.500,201.500,23.51516,-0.58167,0
1785663251219749897,164,1,0.031373,559.500,198.500,23.58396,0.46168,0
1785663251241464845,165,1,0.035294,553.500,201.500,23.54725,-0.13692,0
1785663251261393478,166,1,0.035294,554.500,201.500,23.52633,-0.36996,0
1785663251280847157,167,1,0.078431,555.500,195.500,23.52624,-0.27883,0
1785663251304675376,168,0,,,,23.51960,-0.27883,1
1785663251320924170,169,1,0.070588,554.500,201.500,23.50444,-0.40548,0
1785663251340871053,170,1,0.145098,554.500,199.500,23.49436,-0.42880,0
1785663251361141391,171,1,0.050980,554.500,195.500,23.48779,-0.40341,0
1785663251381278146,172,1,0.070588,550.500,201.500,23.41242,-1.23373,0
1785663251402366976,173,1,0.101961,554.500,195.500,23.41546,-0.86682,0
1785663251421379493,174,1,0.074510,553.500,194.500,23.41143,-0.70772,0
1785663251441433416,175,1,0.043137,554.500,201.500,23.42989,-0.28812,0
1785663251461401882,176,1,0.094118,559.500,198.500,23.54017,1.20364,0
1785663251481457847,177,1,0.039216,553.500,201.500,23.54276,0.92692,0
1785663251501461895,178,0,,,,23.56130,0.92692,1
1785663251520947366,179,0,,,,23.57936,0.92692,1
1785663251542024154,180,0,,,,23.59890,0.92692,1
1785663251561506999,181,1,0.094118,556.500,191.500,23.62883,1.03953,0
1785663251583640277,182,1,0.101961,555.500,192.500,23.62215,0.74414,0
1785663251601741136,183,0,,,,23.63562,0.74414,1
1785663251626377263,184,1,0.066667,553.500,198.500,23.56385,-0.22155,0
1785663251641972981,185,1,0.039216,554.500,197.500,23.53277,-0.53348,0
1785663251661323412,186,1,0.031373,555.500,201.500,23.52592,-0.49155,0
1785663251683547146,187,1,0.047059,554.500,198.500,23.50309,-0.64225,0
1785663251701306593,188,1,0.086275,553.500,201.500,23.46993,-0.92295,0
1785663251721039686,189,0,,,,23.45172,-0.92295,1
1785663251741327231,190,1,0.082353,549.500,201.500,23.33816,-2.05281,0
1785663251762093106,191,1,0.070588,555.500,194.500,23.37491,-1.11760,0
1785663251781469494,192,1,0.086275,555.500,203.500,23.41715,-0.34767,0
1785663251802678156,193,0,,,,23.40978,-0.34767,1
1785663251825290678,194,1,0.031373,559.500,198.500,23.57082,1.59110,0
1785663251841379350,195,1,0.082353,553.500,193.500,23.56542,1.23123,0
1785663251861839144,196,1,0.090196,558.500,195.500,23.64761,1.91808,0
1785663251884584832,197,1,0.058824,553.500,201.500,23.62946,1.14690,0
1785663251907993513,198,1,0.035294,560.500,198.500,23.72755,2.05449,0
1785663251928370183,199,1,0.039216,559.500,198.500,23.78824,2.29625,0
1785663251945049098,200,1,0.062745,552.500,192.500,23.70036,0.66817,0
1785663251966383758,201,1,0.047059,552.500,192.500,23.60578,-0.73580,0
1785663251986014769,202,1,0.039216,554.500,201.500,23.54474,-1.33573,0
1785663252004800247,203,0,,,,23.51965,-1.33573,1
1785663252028053596,204,1,0.050980,560.500,196.500,23.60845,0.06838,0
1785663252047869688,205,1,0.066667,559.500,197.500,23.66392,0.70195,0
1785663252066884289,206,1,0.058824,554.500,195.500,23.61745,-0.01812,0
1785663252087523998,207,1,0.035294,554.500,201.500,23.57110,-0.58904,0
1785663252105078488,208,1,0.050980,554.500,201.500,23.53061,-0.97109,0
1785663252134160612,209,1,0.074510,554.500,198.500,23.49169,-1.10888,0
1785663252153819914,210,1,0.074510,553.500,193.500,23.45844,-1.25760,0
1785663252172749473,211,0,,,,23.43464,-1.25760,1
1785663252200385112,212,1,0.039216,559.500,199.500,23.56781,0.69034,0
1785663252227148134,213,1,0.039216,559.500,198.500,23.66764,1.64349,0
1785663252245692698,214,1,0.047059,559.500,196.500,23.72364,1.95419,0
1785663252269312793,215,1,0.047059,548.500,198.500,23.55614,-0.73985,0
1785663252286451829,216,0,0.047059,548.500,198.500,23.54346,-0.73985,1
1785663252305055267,217,1,0.039216,554.500,201.500,23.51011,-0.97336,0
1785663252325670476,218,0,0.039216,554.500,201.500,23.49004,-0.97336,1
1785663252347847878,219,1,0.031373,549.500,201.500,23.35069,-2.25427,0
1785663252370968270,220,1,0.035294,554.500,202.500,23.37528,-1.39698,0
1785663252385356042,221,0,0.035294,554.500,202.500,23.35518,-1.39698,1
1785663252405160010,222,1,0.062745,560.500,199.500,23.53162,0.90475,0
1785663252425355098,223,0,,,,23.54989,0.90475,1
1785663252446764174,224,0,,,,23.56926,0.90475,1
1785663252466472268,225,0,,,,23.58709,0.90475,1
1785663252486360734,226,0,,,,,,0
1785663252507461564,227,1,0.043137,554.500,200.500,23.50640,0.00000,0
1785663252528403311,228,1,0.078431,549.500,200.500,23.33236,-6.27003,0
1785663252549038812,229,0,0.078431,549.500,200.500,23.20297,-6.27003,1
1785663252568706572,230,1,0.047059,549.500,201.500,23.15587,-4.85601,0
1785663252588527456,231,1,0.031373,554.500,194.500,23.28364,-1.35953,0
1785663252608500005,232,0,,,,23.25648,-1.35953,1
1785663252630372368,233,1,0.070588,549.500,201.500,23.24863,-1.09781,0
1785663252651081410,234,1,0.054902,554.500,196.500,23.36120,0.46715,0
1785663252668774899,235,1,0.043137,549.500,201.500,23.33758,0.09001,0
1785663252689528731,236,1,0.031373,549.500,201.500,23.31896,-0.16139,0
1785663252710998682,237,1,0.058824,553.500,201.500,23.37587,0.59971,0
1785663252728584963,238,0,,,,23.38641,0.59971,1
1785663252748785885,239,1,0.050980,549.500,201.500,23.34792,0.00045,0
1785663252769820382,240,1,0.043137,549.500,201.500,23.32080,-0.31886,0
1785663252788513402,241,0,,,,23.31484,-0.31886,1
1785663252809986269,242,0,,,,23.30800,-0.31886,1
1785663252828561457,243,1,0.047059,560.500,199.500,23.59592,2.71485,0
1785663252848658255,244,0,0.047059,560.500,199.500,23.65047,2.71485,1
1785663252869276548,245,1,0.031373,549.500,201.500,23.48986,0.52696,0
1785663252889366929,246,1,0.043137,549.500,201.500,23.40462,-0.50064,0
1785663252909360769,247,1,0.074510,553.500,193.500,23.42051,-0.19902,0
1785663252928744741,248,0,,,,23.41666,-0.19902,1
1785663252947546552,249,0,,,,23.41291,-0.19902,1
1785663252967227729,250,0,,,,23.40900,-0.19902,1
1785663252981259962,251,1,0.050980,554.500,200.500,23.47074,0.43525,0
1785663253002115086,252,1,0.054902,549.500,202.500,23.38990,-0.47138,0
1785663253023011334,253,1,0.066667,554.500,193.500,23.42831,0.06128,0
1785663253041989601,254,1,0.043137,553.500,201.500,23.44403,0.23523,0
1785663253062537311,255,1,0.074510,559.500,198.500,23.56386,1.68397,0
1785663253081939366,256,1,0.074510,555.500,195.500,23.60533,1.79741,0
1785663253102398993,257,1,0.039216,554.500,201.500,23.61603,1.45926,0
1785663253121327386,258,1,0.109804,556.500,196.500,23.64691,1.50152,0
1785663253143245041,259,1,0.047059,556.500,198.500,23.66960,1.36973,0
1785663253162826469,260,1,0.035294,554.500,202.500,23.64197,0.67006,0
1785663253185147494,261,1,0.105882,560.500,198.500,23.71504,1.41465,0
1785663253200623463,262,0,,,,23.73694,1.41465,1
1785663253222903489,263,1,0.050980,555.500,192.500,23.68374,0.41436,0
1785663253243297784,264,1,0.062745,553.500,201.500,23.59533,-0.72569,0
1785663253262198469,265,1,0.062745,548.500,201.500,23.42909,-2.56663,0
1785663253285130196,266,1,0.039216,554.500,201.500,23.38233,-2.41602,0
1785663253301232951,267,1,0.058824,560.500,198.500,23.47178,-0.78577,0
1785663253320826629,268,1,0.043137,549.500,201.500,23.37980,-1.77062,0
1785663253340968634,269,1,0.035294,554.500,201.500,23.38058,-1.30049,0
1785663253364609980,270,1,0.062745,560.500,198.500,23.50242,0.66425,0
1785663253380995648,271,1,0.066667,554.500,196.500,23.52150,0.77004,0
1785663253400813324,272,1,0.043137,553.500,193.500,23.51939,0.54614,0
1785663253420845372,273,1,0.066667,560.500,199.500,23.63362,1.87429,0
1785663253441331541,274,0,,,,23.67202,1.87429,1
1785663253461078634,275,1,0.050980,549.500,201.500,23.52831,-0.25938,0
1785663253484754146,276,1,0.035294,554.500,202.500,23.50896,-0.41387,0
1785663253504887985,277,1,0.039216,552.500,197.500,23.45777,-0.92979,0
1785663253524899033,278,1,0.133333,560.500,193.500,23.56092,0.58161,0
1785663253544704459,279,0,,,,23.57244,0.58161,1
1785663253565269377,280,1,0.035294,553.500,193.500,23.53344,-0.01631,0
1785663253584750473,281,1,0.086275,555.500,191.500,23.54165,0.08364,0
1785663253604942353,282,1,0.070588,555.500,194.500,23.54825,0.14276,0
1785663253626087807,283,0,,,,23.55127,0.14276,1
1785663253645034283,284,0,,,,23.55397,0.14276,1
1785663253665086748,285,1,0.039216,552.500,202.500,23.47253,-0.74163,0
1785663253684762966,286,1,0.054902,552.500,202.500,23.42429,-1.10103,0
1785663253705246218,287,1,0.070588,552.500,193.500,23.39113,-1.22222,0
1785663253725277392,288,1,0.035294,556.500,200.500,23.43977,-0.33382,0
1785663253744983069,289,1,0.078431,553.500,200.500,23.43987,-0.24950,0
1785663253765200324,290,0,,,,23.43482,-0.24950,1
1785663253785046582,291,0,,,,23.42987,-0.24950,1
1785663253805207254,292,1,0.035294,554.500,201.500,23.47014,0.23321,0
1785663253825106596,293,1,0.035294,553.500,195.500,23.47431,0.22813,0
1785663253845252685,294,1,0.047059,556.500,200.500,23.53277,0.84425,0
1785663253865011736,295,1,0.050980,554.500,196.500,23.54609,0.80345,0
1785663253885162783,296,0,,,,23.56228,0.80345,1
1785663253905289039,297,1,0.043137,549.500,201.500,23.44321,-0.78693,0
1785663253925257213,298,1,0.035294,554.500,201.500,23.44903,-0.53375,0
1785663253946665747,299,0,,,,23.43760,-0.53375,1
1785663253965037854,300,1,0.062745,553.500,201.500,23.43520,-0.44959,0
1785663253985046278,301,0,,,,23.42620,-0.44959,1
1785663254005698987,302,1,0.043137,552.500,201.500,23.40778,-0.54788,0
1785663254025324748,303,0,,,,23.39702,-0.54788,1
1785663254045001841,304,1,0.062745,560.500,200.500,23.59277,1.62976,0
1785663254065243012,305,1,0.062745,555.500,201.500,23.62047,1.57159,0
1785663254086541215,306,1,0.070588,552.500,202.500,23.58018,0.70221,0
1785663254109076905,307,1,0.058824,554.500,201.500,23.57057,0.38595,0
1785663254129002496,308,1,0.039216,553.500,198.500,23.53732,-0.13695,0
1785663254149185043,309,1,0.039216,553.500,193.500,23.50363,-0.53608,0
1785663254169349507,310,1,0.035294,554.500,201.500,23.48939,-0.58034,0
1785663254188999767,311,1,0.054902,555.500,195.500,23.49836,-0.31772,0
1785663254209543102,312,1,0.054902,554.500,200.500,23.49257,-0.30832,0
1785663254228899949,313,1,0.070588,556.500,196.500,23.52502,0.18435,0
1785663254249010747,314,1,0.047059,547.500,203.500,23.39977,-1.46729,0
1785663254270160992,315,0,,,,23.36873,-1.46729,1
1785663254291143739,316,0,,,,23.33795,-1.46729,1
1785663254309021559,317,1,0.039216,553.500,201.500,23.37130,-0.83381,0
1785663254329172898,318,1,0.039216,554.500,198.500,23.41415,-0.19503,0
1785663254348952074,319,1,0.047059,553.500,198.500,23.43004,0.02943,0
1785663254368789875,320,0,,,,23.43063,0.02943,1
1785663254392601468,321,1,0.086275,560.500,199.500,23.61596,2.12854,0
1785663254408780264,322,1,0.094118,553.500,198.500,23.60531,1.60453,0
1785663254428759229,323,0,,,,23.63737,1.60453,1
1785663254448837944,324,1,0.043137,554.500,198.500,23.61703,1.00458,0
1785663254468936783,325,1,0.066667,549.500,201.500,23.49580,-0.63109,0
1785663254489012581,326,1,0.086275,553.500,187.500,23.46542,-0.84384,0
1785663254509080796,327,1,0.035294,554.500,193.500,23.45921,-0.71045,0
1785663254528914805,328,1,0.066667,555.500,200.500,23.47599,-0.31824,0
1785663254548874521,329,1,0.066667,553.500,201.500,23.46174,-0.41964,0
1785663254568793404,330,1,0.035294,554.500,193.500,23.46884,-0.22066,0
1785663254589067241,331,1,0.074510,553.500,195.500,23.46082,-0.26623,0
1785663254609015582,332,1,0.086275,549.500,201.500,23.38391,-1.18545,0
1785663254629119088,333,1,0.047059,554.500,201.500,23.39993,-0.67458,0
1785663254649089596,334,1,0.074510,549.500,201.500,23.33626,-1.31752,0
1785663254669407766,335,1,0.070588,555.500,195.500,23.38593,-0.33907,0
1785663254689236233,336,1,0.039216,554.500,202.500,23.42474,0.24373,0
1785663254710721767,337,1,0.047059,549.500,201.500,23.37609,-0.44577,0
1785663254729449370,338,1,0.054902,554.500,202.500,23.41583,0.17019,0
1785663254753254089,339,0,,,,23.41988,0.17019,1
1785663254774257669,340,1,0.094118,560.500,199.500,23.61753,2.44183,0
1785663254793158646,341,1,0.054902,554.500,202.500,23.63572,2.11581,0
1785663254812895530,342,1,0.035294,552.500,202.500,23.60232,1.21478,0
1785663254833273492,343,1,0.086275,549.500,201.500,23.50784,-0.26085,0
1785663254853160584,344,1,0.035294,549.500,201.500,23.41192,-1.40891,0
1785663254875026155,345,0,,,,23.38111,-1.40891,1
1785663254893064682,346,1,0.058824,552.500,201.500,23.35958,-1.36278,0
1785663254912914732,347,1,0.035294,549.500,201.500,23.28910,-1.87299,0
1785663254937717691,348,0,,,,23.24265,-1.87299,1
1785663254968493340,349,1,0.043137,553.500,193.500,23.32432,-0.34346,0
1785663254974188366,350,0,0.043137,553.500,193.500,23.32237,-0.34346,1
1785663254992805845,351,1,0.043137,555.500,193.500,23.43430,0.98440,0
1785663255012431898,352,1,0.047059,559.500,196.500,23.59252,2.61305,0
1785663255033865682,353,1,0.050980,553.500,193.500,23.61571,2.20945,0
1785663255052632201,354,0,0.050980,553.500,193.500,23.65717,2.20945,1
1785663255073996278,355,1,0.035294,553.500,198.500,23.60027,0.98923,0
1785663255092538800,356,1,0.074510,553.500,201.500,23.55611,0.25543,0
1785663255113092051,357,1,0.039216,553.500,194.500,23.52241,-0.21527,0
1785663255132777603,358,1,0.062745,553.500,201.500,23.49372,-0.51932,0
1785663255152594987,359,0,,,,23.48343,-0.51932,1
1785663255173115864,360,0,,,,23.47277,-0.51932,1
1785663255192701958,361,0,,,,23.46260,-0.51932,1
1785663255212628716,362,0,,,,,,0
1785663255239075742,363,1,0.086275,558.500,180.500,23.68584,0.00000,0
1785663255253331140,364,0,,,,23.68584,0.00000,1
1785663255274724800,365,0,,,,23.68584,0.00000,1
1785663255294432143,366,0,,,,23.68584,0.00000,1
1785663255313619825,367,1,0.035294,554.500,200.500,23.51079,-2.29853,0
1785663255334045036,368,1,0.058824,552.500,197.500,23.40737,-3.02271,0
1785663255353082803,369,0,0.058824,552.500,197.500,23.34982,-3.02271,1
1785663255372974561,370,1,0.050980,554.500,202.500,23.35171,-2.28488,0
1785663255396719197,371,1,0.035294,553.500,193.500,23.35710,-1.58071,0
1785663255416836703,372,0,0.035294,553.500,193.500,23.32530,-1.58071,1
1785663255436777169,373,0,,,,23.29378,-1.58071,1
1785663255456875133,374,1,0.047059,553.500,201.500,23.35516,-0.63149,0
1785663255476947723,375,1,0.031373,553.500,202.500,23.39045,-0.12761,0
1785663255497844846,376,1,0.039216,554.500,201.500,23.43935,0.45967,0
1785663255516774697,377,0,0.039216,554.500,201.500,23.44805,0.45967,1
1785663255536952578,378,1,0.058824,553.500,201.500,23.46972,0.60252,0
1785663255556982876,379,1,0.047059,560.500,199.500,23.62364,2.26129,0
1785663255576620303,380,1,0.074510,555.500,193.500,23.65683,2.12551,0
1785663255596978724,381,1,0.043137,554.500,200.500,23.65530,1.56586,0
1785663255616650276,382,1,0.062745,549.500,201.500,23.55085,-0.15585,0
1785663255637100570,383,1,0.062745,554.500,200.500,23.52835,-0.40380,0
1785663255656817913,384,1,0.109804,550.500,187.500,23.43967,-1.44236,0
1785663255676971294,385,1,0.047059,554.500,201.500,23.42598,-1.24468,0
1785663255696985259,386,1,0.047059,554.500,201.500,23.42332,-0.95905,0
1785663255716776101,387,0,,,,23.40434,-0.95905,1
1785663255736752734,388,1,0.070588,554.500,203.500,23.42826,-0.45088,0
1785663255757144987,389,0,,,,23.41906,-0.45088,1
1785663255782687021,390,1,0.058824,554.500,201.500,23.45426,0.05051,0
1785663255797186417,391,1,0.070588,554.500,201.500,23.47901,0.31682,0
1785663255817417089,392,1,0.070588,557.500,184.500,23.55537,1.14588,0
1785663255836899643,393,1,0.070588,553.500,201.500,23.54968,0.79737,0
1785663255856648777,394,1,0.066667,553.500,201.500,23.53686,0.43244,0
1785663255876706200,395,1,0.074510,549.500,195.500,23.45013,-0.79908,0
1785663255897496283,396,1,0.035294,554.500,201.500,23.44982,-0.58849,0
1785663255920796048,397,1,0.058824,556.500,200.500,23.49216,0.13285,0
1785663255939217405,398,1,0.031373,560.500,199.500,23.60795,1.59075,0
1785663255957950966,399,0,,,,23.63775,1.59075,1
1785663255977084107,400,1,0.058824,556.500,200.500,23.66057,1.50040,0
1785663255997155822,401,1,0.043137,550.500,202.500,23.55493,-0.09241,0
1785663256026948855,402,1,0.047059,554.500,201.500,23.52782,-0.38900,0
1785663256049636710,403,1,0.050980,554.500,200.500,23.50917,-0.51253,0
1785663256068657269,404,0,0.050980,554.500,200.500,23.49942,-0.51253,1
1785663256089542725,405,1,0.043137,549.500,201.500,23.36661,-1.94606,0
1785663256109231194,406,1,0.031373,554.500,202.500,23.39354,-1.18225,0
1785663256128860455,407,0,0.031373,554.500,202.500,23.37034,-1.18225,1
1785663256148888711,408,1,0.035294,549.500,201.500,23.28977,-1.82438,0
1785663256169453046,409,0,,,,23.25226,-1.82438,1
1785663256188600187,410,1,0.039216,548.500,202.500,23.21340,-1.86672,0
1785663256209882598,411,0,,,,23.17367,-1.86672,1
1785663256228735450,412,0,,,,23.13848,-1.86672,1
1785663256248990329,413,1,0.039216,556.500,201.500,23.38337,0.87482,0
1785663256269043377,414,1,0.039216,553.500,201.500,23.44963,1.37354,0
1785663256288712596,415,1,0.105882,556.500,195.500,23.55168,2.21840,0
1785663256308773227,416,1,0.050980,553.500,196.500,23.57813,1.99856,0
1785663256328906775,417,1,0.031373,555.500,201.500,23.62302,2.05772,0
1785663256352406997,418,0,,,,23.67137,2.05772,1
1785663256372736250,419,1,0.035294,555.500,201.500,23.64586,1.25971,0
1785663256392542551,420,0,,,,23.67081,1.25971,1
1785663256412943637,421,0,,,,23.69651,1.25971,1
1785663256432740480,422,1,0.047059,560.500,201.500,23.78630,1.90022,0
1785663256453794518,423,1,0.043137,554.500,203.500,23.70235,0.62406,0
1785663256472537121,424,0,,,,23.71405,0.62406,1
1785663256494754481,425,0,,,,23.72792,0.62406,1
1785663256512685800,426,1,0.074510,553.500,197.500,23.57758,-1.00924,0
1785663256532703266,427,1,0.066667,560.500,199.500,23.64210,-0.11482,0
1785663256552712856,428,1,0.058824,553.500,198.500,23.56106,-1.01659,0
1785663256573200775,429,1,0.047059,549.500,201.500,23.41873,-2.50564,0
1785663256592736120,430,0,,,,23.36978,-2.50564,1
1785663256612644795,431,1,0.047059,555.500,195.500,23.38961,-1.68011,0
1785663256632532469,432,1,0.078431,560.500,198.500,23.51369,0.17915,0
1785663256653352302,433,1,0.039216,554.500,176.500,23.51887,0.19669,0
1785663256672428860,434,1,0.050980,553.500,193.500,23.50234,-0.05560,0
1785663256692448075,435,0,0.050980,553.500,193.500,23.50123,-0.05560,1
1785663256712714913,436,0,,,,23.50010,-0.05560,1
1785663256733099874,437,0,,,,23.49897,-0.05560,1
1785663256752596428,438,1,0.043137,555.500,195.500,23.53559,0.30250,0
1785663256773267803,439,0,0.043137,555.500,195.500,23.54184,0.30250,1
1785663256794189718,440,0,,,,23.54817,0.30250,1
1785663256813266567,441,1,0.113725,554.500,202.500,23.52434,0.03473,0
1785663256833379115,442,0,0.113725,554.500,202.500,23.52503,0.03473,1
1785663256854474361,443,0,,,,23.52577,0.03473,1
1785663256874182371,444,1,0.039216,549.500,201.500,23.36246,-1.47222,0
1785663256893300929,445,0,0.039216,549.500,201.500,23.33432,-1.47222,1
1785663256913194728,446,1,0.086275,552.500,201.500,23.33907,-1.13574,0
1785663256933322151,447,1,0.047059,556.500,203.500,23.42613,0.04714,0
1785663256953344574,448,1,0.047059,554.500,200.500,23.46195,0.45868,0
1785663256976523383,449,1,0.031373,549.500,201.500,23.40187,-0.43131,0
1785663256996357975,450,1,0.035294,553.500,200.500,23.41890,-0.10112,0
1785663257016712020,451,0,0.035294,553.500,200.500,23.41684,-0.10112,1
1785663257037037774,452,1,0.082353,554.500,203.500,23.46167,0.45577,0
1785663257057031323,453,1,0.086275,557.500,196.500,23.55699,1.46926,0
1785663257077555699,454,1,0.101961,550.500,199.500,23.50313,0.45784,0
1785663257096845464,455,1,0.090196,555.500,195.500,23.53553,0.74971,0
1785663257117304216,456,1,0.078431,555.500,201.500,23.56244,0.89600,0
1785663257136719396,457,1,0.035294,549.500,201.500,23.47760,-0.41200,0
1785663257157030275,458,1,0.035294,554.500,201.500,23.47751,-0.30564,0
1785663257176496787,459,0,,,,23.47156,-0.30564,1
1785663257196440170,460,1,0.047059,553.500,193.500,23.46208,-0.34569,0
1785663257216495551,461,1,0.035294,553.500,201.500,23.45543,-0.34232,0
1785663257236615682,462,1,0.047059,548.500,201.500,23.35952,-1.41197,0
1785663257256496065,463,1,0.043137,554.500,198.500,23.39174,-0.66612,0
1785663257276533072,464,1,0.074510,554.500,200.500,23.42469,-0.08094,0
1785663257296842659,465,1,0.054902,554.500,195.500,23.45669,0.34935,0
1785663257317539118,466,1,0.054902,555.500,201.500,23.50180,0.83589,0
1785663257336527468,467,1,0.058824,554.500,201.500,23.51939,0.85803,0
1785663257356506726,468,0,,,,23.53654,0.85803,1
1785663257376558607,469,0,,,,23.55374,0.85803,1
1785663257396886986,470,1,0.047059,554.500,200.500,23.54117,0.54010,0
1785663257419800380,471,0,0.047059,554.500,200.500,23.55355,0.54010,1
1785663257436585045,472,1,0.035294,553.500,201.500,23.50851,-0.01473,0
1785663257458129661,473,0,0.035294,553.500,201.500,23.50819,-0.01473,1
1785663257476798182,474,0,,,,23.50792,-0.01473,1
1785663257497387600,475,0,,,,23.50761,-0.01473,1
1785663257517678312,476,0,,,,,,0
1785663257537353947,477,1,0.050980,549.500,200.500,23.28940,0.00000,0
1785663257556926042,478,1,0.047059,553.500,201.500,23.42555,5.06590,0
1785663257576934758,479,1,0.050980,556.500,196.500,23.73048,10.84405,0
1785663257597886130,480,1,0.082353,553.500,201.500,23.77474,6.99614,0
1785663257620384779,481,0,0.082353,553.500,201.500,23.93214,6.99614,1
1785663257641367942,482,1,0.050980,554.500,200.500,23.87841,4.36558,0
1785663257660563208,483,1,0.082353,554.500,201.500,23.80833,2.50501,0
1785663257680820129,484,1,0.043137,554.500,193.500,23.74023,1.08635,0
1785663257700659679,485,1,0.062745,559.500,196.500,23.76449,1.11927,0
1785663257720773393,486,1,0.031373,555.500,195.500,23.70750,0.12926,0
1785663257741154272,487,1,0.035294,558.500,201.500,23.69975,-0.00227,0
1785663257760970489,488,1,0.070588,554.500,201.500,23.62112,-1.00753,0
1785663257780957329,489,1,0.054902,548.500,202.500,23.44092,-3.06268,0
1785663257800699172,490,0,,,,23.38045,-3.06268,1
1785663257820686305,491,0,,,,23.31924,-3.06268,1
1785663257840960142,492,1,0.054902,557.500,201.500,23.41942,-1.34289,0
1785663257861638518,493,1,0.047059,554.500,202.500,23.42104,-1.02758,0
1785663257881236570,494,1,0.035294,553.500,201.500,23.40978,-0.92632,0
1785663257900685291,495,1,0.031373,555.500,204.500,23.44102,-0.32968,0
1785663257921499290,496,1,0.047059,559.500,198.500,23.54665,1.08971,0
1785663257940999636,497,1,0.054902,553.500,201.500,23.54330,0.77350,0
1785663257960884102,498,1,0.050980,554.500,199.500,23.55002,0.66166,0
1785663257981056149,499,1,0.031373,553.500,201.500,23.53337,0.27446,0
1785663258003223343,500,1,0.050980,554.500,202.500,23.53025,0.15604,0
1785663258021167329,501,0,,,,23.53305,0.15604,1
1785663258040860922,502,1,0.035294,549.500,201.500,23.41084,-1.32735,0
1785663258060867596,503,1,0.047059,555.500,195.500,23.43624,-0.71809,0
1785663258080888853,504,1,0.050980,555.500,193.500,23.46470,-0.20372,0
1785663258101507437,505,1,0.113725,553.500,193.500,23.45897,-0.22260,0
1785663258121067865,506,1,0.086275,554.500,201.500,23.47176,-0.00594,0
1785663258140864833,507,1,0.113725,556.500,194.500,23.52097,0.62488,0
1785663258160865090,508,0,,,,23.53347,0.62488,1
1785663258181319759,509,1,0.074510,551.500,188.500,23.47191,-0.25352,0
1785663258200883395,510,1,0.043137,549.500,201.500,23.38135,-1.25764,0
1785663258221063901,511,1,0.062745,559.500,195.500,23.49129,0.36967,0
1785663258241000575,512,1,0.047059,550.500,202.500,23.43661,-0.39860,0
1785663258266945106,513,0,,,,23.42627,-0.39860,1
1785663258285394295,514,0,,,,23.41891,-0.39860,1
1785663258305615341,515,1,0.039216,553.500,195.500,23.43607,-0.13363,0
1785663258325066979,516,1,0.074510,553.500,193.500,23.44661,0.00650,0
1785663258346053643,517,1,0.113725,554.500,201.500,23.47318,0.30824,0
1785663258378999686,518,0,0.113725,554.500,201.500,23.48333,0.30824,1
1785663258404369181,520,1,0.086275,549.500,201.500,23.36646,-1.09789,0
1785663258424614144,521,0,0.086275,549.500,201.500,23.34423,-1.09789,1
1785663258444988606,522,1,0.066667,558.500,197.500,23.51592,0.99144,0
1785663258464875405,523,1,0.035294,554.500,201.500,23.54071,1.04799,0
1785663258484673831,524,0,,,,23.56146,1.04799,1
1785663258504783754,525,1,0.062745,555.500,195.500,23.58836,1.11332,0
1785663258524602013,526,1,0.031373,554.500,200.500,23.58275,0.79543,0
1785663258544657978,527,1,0.066667,554.500,195.500,23.57342,0.49182,0
1785663258564611860,528,1,0.039216,549.500,201.500,23.47024,-0.91686,0
1785663258586780929,529,1,0.031373,553.500,201.500,23.43908,-1.05506,0
1785663258605769988,530,0,0.031373,553.500,201.500,23.41904,-1.05506,1
1785663258625402165,531,1,0.047059,554.500,193.500,23.42256,-0.76751,0
1785663258645525796,532,1,0.039216,554.500,202.500,23.43842,-0.39958,0
1785663258664877393,533,1,0.050980,554.500,203.500,23.45559,-0.09991,0
1785663258684730651,534,1,0.031373,549.500,201.500,23.38502,-0.94907,0
1785663258704665867,535,1,0.043137,549.500,201.500,23.31993,-1.53271,0
1785663258724552959,536,1,0.066667,554.500,198.500,23.35220,-0.73019,0
1785663258744572758,537,1,0.090196,553.500,195.500,23.37687,-0.22545,0
1785663258764578556,538,1,0.039216,553.500,201.500,23.40511,0.19540,0
1785663258784681771,539,1,0.082353,554.500,194.500,23.45221,0.74976,0
1785663258805384062,540,1,0.098039,554.500,196.500,23.49646,1.11798,0
1785663258828567079,541,0,,,,23.52238,1.11798,1
1785663258845182453,542,1,0.101961,559.500,198.500,23.66095,2.54516,0
1785663258864829506,543,1,0.043137,554.500,200.500,23.65969,1.94401,0
1785663258890067002,544,0,,,,23.70875,1.94401,1
1785663258908867771,545,1,0.031373,553.500,201.500,23.63418,0.69117,0
1785663258928984693,546,1,0.031373,559.500,198.500,23.69652,1.24435,0
1785663258949446654,547,0,,,,23.72198,1.24435,1
1785663258969528285,548,1,0.043137,551.500,203.500,23.57074,-0.73579,0
1785663258988580927,549,1,0.043137,553.500,194.500,23.50135,-1.36967,0
1785663259008857098,550,1,0.039216,558.500,197.500,23.53879,-0.58953,0
1785663259028727856,551,1,0.039216,556.500,204.500,23.54396,-0.37981,0
1785663259049743103,552,0,,,,23.53598,-0.37981,1
1785663259071950963,553,0,,,,23.52754,-0.37981,1
1785663259089156207,554,0,,,,23.52101,-0.37981,1
1785663259111105652,555,1,0.062745,554.500,202.500,23.49676,-0.52992,0
1785663259128625893,556,1,0.054902,554.500,196.500,23.48707,-0.53397,0
1785663259149013479,557,1,0.031373,554.500,202.500,23.48029,-0.48882,0
1785663259170726969,558,1,0.050980,547.500,202.500,23.34837,-1.95344,0
1785663259189110534,559,0,,,,23.31246,-1.95344,1
1785663259208812711,560,1,0.074510,555.500,194.500,23.37953,-0.70005,0
1785663259228750260,561,0,,,,23.36558,-0.70005,1
1785663259249257429,562,0,,,,23.35122,-0.70005,1
1785663259268932773,563,1,0.039216,554.500,202.500,23.43119,0.23697,0
1785663259288768240,564,1,0.035294,555.500,201.500,23.49746,0.87449,0
1785663259308512416,565,1,0.054902,555.500,204.500,23.54452,1.20983,0
1785663259328402132,566,1,0.047059,553.500,201.500,23.54482,0.92200,0
1785663259348648554,567,1,0.031373,553.500,201.500,23.53766,0.59490,0
1785663259368741851,568,1,0.039216,554.500,203.500,23.54148,0.48991,0
1785663259388670651,569,1,0.039216,559.500,198.500,23.62906,1.49816,0
1785663259409796730,570,0,,,,23.66071,1.49816,1
1785663259429025245,571,1,0.031373,553.500,200.500,23.60143,0.45281,0
1785663259448726838,572,0,,,,23.61035,0.45281,1
1785663259470862199,573,0,,,,23.62038,0.45281,1
1785663259489735634,574,1,0.047059,556.500,201.500,23.61716,0.33650,0
1785663259519313253,575,0,,,,23.62712,0.33650,1
1785663259540551331,576,0,,,,23.63426,0.33650,1
1785663259560808544,577,0,,,,23.64108,0.33650,1
1785663259582562866,578,1,0.066667,548.500,201.500,23.33047,-2.30678,0
1785663259600610727,579,0,0.066667,548.500,201.500,23.28883,-2.30678,1
1785663259620519984,580,1,0.062745,553.500,193.500,23.35156,-1.28927,0
1785663259640559324,581,0,0.062745,553.500,193.500,23.32572,-1.28927,1
1785663259661122493,582,1,0.035294,553.500,201.500,23.36443,-0.61350,0
1785663259684932461,583,1,0.035294,554.500,200.500,23.41403,0.10573,0
1785663259700837468,584,1,0.035294,552.500,202.500,23.41885,0.14337,0
1785663259722245752,585,1,0.031373,556.500,193.500,23.49635,1.08716,0
1785663259740689234,586,1,0.074510,553.500,201.500,23.51223,1.03322,0
1785663259763662127,587,1,0.047059,553.500,201.500,23.52309,0.86561,0
1785663259780618873,588,1,0.062745,552.500,201.500,23.50444,0.43218,0
1785663259803470893,589,0,,,,23.51432,0.43218,1
1785663259820762261,590,0,,,,23.52179,0.43218,1
1785663259844977351,591,1,0.039216,556.500,202.500,23.58356,0.97003,0
1785663259864718902,592,1,0.058824,552.500,203.500,23.53210,0.21336,0
1785663259885019573,593,1,0.058824,549.500,201.500,23.43129,-0.99314,0
1785663259904923289,594,0,,,,23.41152,-0.99314,1
1785663259925085711,595,0,,,,23.39149,-0.99314,1
1785663259943493776,596,1,0.082353,554.500,196.500,23.43391,-0.35374,0
1785663259963467783,597,1,0.062745,554.500,201.500,23.45915,-0.00691,0
1785663259984323532,598,1,0.031373,555.500,192.500,23.49983,0.46155,0
1785663260003883752,599,1,0.074510,552.500,201.500,23.47964,0.10590,0
1785663260024151006,600,0,,,,23.48178,0.10590,1
1785663260043670851,601,1,0.035294,559.500,195.500,23.61247,1.62356,0
1785663260064186187,602,1,0.066667,554.500,201.500,23.61141,1.21890,0
1785663260083886322,603,1,0.047059,560.500,199.500,23.71213,2.14603,0
1785663260106787174,604,1,0.031373,553.500,194.500,23.67350,1.05222,0
1785663260122788722,605,1,0.074510,549.500,201.500,23.54944,-0.73813,0
1785663260147711096,606,1,0.054902,553.500,193.500,23.49006,-1.26651,0
1785663260168966549,607,1,0.031373,554.500,201.500,23.45653,-1.35183,0
1785663260182668619,608,1,0.070588,553.500,193.500,23.43038,-1.45092,0
1785663260204615440,609,1,0.047059,553.500,201.500,23.40353,-1.38600,0
1785663260223494542,610,1,0.121569,551.500,202.500,23.35424,-1.68540,0
1785663260244217583,611,1,0.039216,549.500,178.500,23.28286,-2.15503,0
1785663260263589888,612,1,0.039216,553.500,200.500,23.29534,-1.45865,0
1785663260283921392,613,1,0.031373,553.500,201.500,23.32180,-0.73971,0
1785663260308887974,614,0,,,,23.30333,-0.73971,1
1785663260324749606,615,0,,,,23.29160,-0.73971,1
1785663260345061943,616,1,0.035294,553.500,201.500,23.37888,0.34771,0
1785663260364713954,617,0,,,,23.38571,0.34771,1
1785663260384776627,618,1,0.043137,547.500,186.500,23.28977,-0.69714,0
1785663260405109089,619,1,0.031373,548.500,201.500,23.24784,-0.99422,0
1785663260423513362,620,0,,,,23.22954,-0.99422,1
1785663260436179443,621,1,0.039216,554.500,196.500,23.34454,0.44758,0
1785663260456886901,622,1,0.047059,549.500,201.500,23.32932,0.16351,0
1785663260475077302,623,0,0.047059,549.500,201.500,23.33230,0.16351,1
1785663260494613938,624,1,0.054902,556.500,201.500,23.47225,1.72570,0
1785663260517256086,625,1,0.035294,559.500,198.500,23.64454,3.26994,0
1785663260542328458,626,0,,,,23.72653,3.26994,1
1785663260557558680,627,0,,,,23.77633,3.26994,1
1785663260577315106,628,1,0.039216,554.500,201.500,23.69716,1.77681,0
1785663260598146022,629,1,0.031373,553.500,193.500,23.61743,0.53610,0
1785663260617241538,630,0,0.031373,553.500,193.500,23.62766,0.53610,1
1785663260637674624,631,1,0.050980,553.500,201.500,23.55380,-0.39164,0
1785663260657391092,632,1,0.054902,554.500,201.500,23.52044,-0.68254,0
1785663260677377058,633,1,0.070588,554.500,201.500,23.49501,-0.82367,0
1785663260697217483,634,0,,,,23.47866,-0.82367,1
1785663260717418113,635,1,0.035294,553.500,201.500,23.44491,-1.02338,0
1785663260737525411,636,1,0.031373,553.500,201.500,23.42301,-1.03884,0
1785663260757452752,637,1,0.050980,555.500,194.500,23.44811,-0.48591,0
1785663260780363521,638,1,0.062745,561.500,197.500,23.59242,1.45242,0
1785663260802242968,639,0,0.062745,561.500,197.500,23.62420,1.45242,1
1785663260820486243,640,1,0.047059,549.500,201.500,23.47016,-0.67656,0
1785663260840857496,641,0,0.047059,549.500,201.500,23.45638,-0.67656,1
1785663260860839961,642,1,0.101961,551.500,201.500,23.39638,-1.18205,0
1785663260881079966,643,0,0.101961,551.500,201.500,23.37245,-1.18205,1
1785663260900499229,644,0,,,,23.34950,-1.18205,1
1785663260920693442,645,0,,,,23.32563,-1.18205,1
1785663260940544659,646,0,,,,,,0
1785663260961394241,647,0,,,,,,0
1785663260982368947,648,1,0.054902,554.500,200.500,23.50640,0.00000,0
1785663261002756533,649,0,0.054902,554.500,200.500,23.50640,0.00000,1
1785663261020844935,650,1,0.066667,560.500,198.500,23.74608,5.69176,0
1785663261040897983,651,1,0.031373,559.500,197.500,23.91645,6.82253,0
1785663261060954823,652,1,0.031373,553.500,202.500,23.78179,2.10587,0
1785663261080654374,653,0,,,,23.82328,2.10587,1
1785663261101305625,654,0,,,,23.86677,2.10587,1
1785663261121602212,655,1,0.054902,554.500,200.500,23.63307,-0.87536,0
1785663261140824019,656,0,0.054902,554.500,200.500,23.61625,-0.87536,1
1785663261161417228,657,1,0.043137,552.500,201.500,23.46169,-2.22887,0
1785663261181020823,658,1,0.074510,554.500,201.500,23.41727,-2.23646,0
1785663261201252952,659,0,,,,23.37202,-2.23646,1
1785663261221719872,660,1,0.031373,560.500,199.500,23.54280,0.15525,0
1785663261240972303,661,0,0.031373,560.500,199.500,23.54579,0.15525,1
1785663261261343264,662,1,0.098039,553.500,201.500,23.50317,-0.34011,0
1785663261281495770,663,1,0.043137,549.500,201.500,23.39205,-1.50696,0
1785663261301046865,664,1,0.078431,547.500,186.500,23.27063,-2.59622,0
1785663261321229412,665,1,0.035294,553.500,198.500,23.27672,-1.87010,0
1785663261342239700,666,1,0.058824,553.500,201.500,23.29852,-1.09105,0
1785663261361497965,667,1,0.031373,554.500,201.500,23.35210,-0.12987,0
1785663261381339557,668,0,,,,23.34952,-0.12987,1
1785663261401070900,669,1,0.035294,559.500,198.500,23.54191,2.18517,0
1785663261421257239,670,1,0.047059,554.500,201.500,23.58937,2.22451,0
1785663261446738316,671,1,0.047059,553.500,201.500,23.58809,1.52373,0
1785663261464824758,672,0,0.047059,553.500,201.500,23.61565,1.52373,1
1785663261485595299,673,0,,,,23.64730,1.52373,1
1785663261506224384,674,0,,,,23.67873,1.52373,1
1785663261524743281,675,0,,,,,,0
1785663261544815870,676,1,0.168627,554.500,194.500,23.50817,0.00000,0
1785663261565654077,677,0,,,,23.50817,0.00000,1
1785663261584925467,678,0,,,,23.50817,0.00000,1
1785663261604650101,679,1,0.078431,554.500,196.500,23.50760,-0.00918,0
1785663261624566068,680,0,0.078431,554.500,196.500,23.50742,-0.00918,1
1785663261646322140,681,1,0.113725,560.500,198.500,23.70628,2.47246,0
1785663261667975839,682,1,0.043137,549.500,181.500,23.55693,0.01006,0
1785663261685339164,683,1,0.058824,554.500,201.500,23.53352,-0.28277,0
1785663261707635523,684,0,,,,23.52722,-0.28277,1
1785663261725464761,685,1,0.039216,555.500,197.500,23.53178,-0.16967,0
1785663261745455393,686,0,,,,23.52838,-0.16967,1
1785663261766183059,687,1,0.031373,552.500,197.500,23.45937,-0.87937,0
1785663261785479532,688,0,,,,23.44240,-0.87937,1
1785663261804539757,689,1,0.031373,554.500,201.500,23.45257,-0.59558,0
1785663261824423931,690,1,0.062745,554.500,195.500,23.46138,-0.36921,0
1785663261845813966,691,0,,,,23.45348,-0.36921,1
1785663261864754317,692,1,0.070588,552.500,202.500,23.42351,-0.62672,0
1785663261884812032,693,0,0.070588,552.500,202.500,23.41094,-0.62672,1
1785663261906050985,694,1,0.039216,549.500,201.500,23.32708,-1.38699,0
1785663261924678381,695,0,,,,23.30125,-1.38699,1
1785663261945308048,696,0,,,,23.27264,-1.38699,1
1785663261966518418,697,1,0.035294,554.500,202.500,23.38176,-0.04372,0
1785663261985450894,698,0,,,,23.38093,-0.04372,1
1785663262005803481,699,1,0.039216,553.500,201.500,23.42855,0.43908,0
1785663262025920404,700,1,0.101961,556.500,200.500,23.52013,1.32615,0
1785663262045953911,701,0,,,,23.54669,1.32615,1
1785663262066067333,702,1,0.121569,554.500,201.500,23.56574,1.24048,0
1785663262089478889,703,0,,,,23.59478,1.24048,1
1785663262111055380,704,1,0.035294,559.500,199.500,23.71650,2.26642,0
1785663262129627110,705,1,0.047059,553.500,201.500,23.66115,1.17878,0
1785663262149860698,706,0,,,,23.68500,1.17878,1
1785663262169984329,707,1,0.058824,552.500,201.500,23.57623,-0.30996,0
1785663262189718881,708,1,0.094118,549.500,196.500,23.43514,-1.86071,0
1785663262209654972,709,1,0.039216,548.500,202.500,23.30162,-3.01844,0
1785663262230005225,710,1,0.070588,547.500,185.500,23.17627,-3.81517,0
1785663262253527072,711,0,,,,23.08654,-3.81517,1
1785663262270109613,712,1,0.070588,553.500,201.500,23.17527,-2.00570,0
1785663262289879748,713,1,0.070588,556.500,197.500,23.31263,0.07918,0
1785663262310396624,714,0,,,,23.31426,0.07918,1
1785663262329790804,715,1,0.054902,556.500,201.500,23.46754,1.79340,0
1785663262350197641,716,1,0.035294,553.500,201.500,23.51801,1.95210,0
1785663262370458062,717,0,,,,23.55756,1.95210,1
1785663262389105582,718,1,0.043137,555.500,201.500,23.61081,2.14226,0
1785663262409797958,719,0,,,,23.65514,2.14226,1
1785663262429954546,720,1,0.070588,556.500,199.500,23.68837,2.03500,0
1785663262449503308,721,1,0.062745,556.500,196.500,23.70331,1.75912,0
1785663262469834020,722,1,0.043137,549.500,201.500,23.57640,-0.15703,0
1785663262489810652,723,1,0.039216,554.500,201.500,23.54309,-0.53008,0
1785663262509861076,724,0,,,,23.53246,-0.53008,1
1785663262534114832,725,0,,,,23.51960,-0.53008,1
1785663262549131680,726,1,0.031373,554.500,198.500,23.49552,-0.70362,0
1785663262569190854,727,1,0.058824,555.500,195.500,23.50374,-0.46179,0
1785663262588793573,728,1,0.050980,558.500,196.500,23.56767,0.37388,0
1785663262609051077,729,1,0.031373,552.500,202.500,23.51691,-0.33382,0
1785663262629317915,730,1,0.047059,552.500,203.500,23.46750,-0.87121,0
1785663262649420255,731,1,0.062745,549.500,201.500,23.37062,-1.88995,0
1785663262669060599,732,0,,,,23.33350,-1.88995,1
1785663262689053856,733,1,0.039216,555.500,200.500,23.38978,-0.77279,0
1785663262712661118,734,0,,,,23.37154,-0.77279,1
1785663262732670417,735,1,0.050980,553.500,201.500,23.39917,-0.30377,0
1785663262752785298,736,1,0.031373,554.500,203.500,23.44115,0.23100,0
1785663262773672754,737,1,0.113725,554.500,197.500,23.47692,0.59487,0
1785663262792651313,738,1,0.090196,549.500,195.500,23.41713,-0.28104,0
1785663262813634769,739,1,0.054902,552.500,192.500,23.41103,-0.28356,0
1785663262832774909,740,1,0.070588,553.500,201.500,23.42398,-0.04708,0
1785663262852769917,741,1,0.047059,553.500,201.500,23.43828,0.14976,0
1785663262872895589,742,1,0.031373,554.500,200.500,23.47006,0.52058,0
1785663262893178760,743,0,,,,23.48062,0.52058,1
1785663262912979227,744,1,0.058824,549.500,201.500,23.39555,-0.60616,0
1785663262933007484,745,1,0.074510,553.500,201.500,23.40868,-0.31052,0
1785663262953019408,746,1,0.070588,554.500,203.500,23.44095,0.15102,0
1785663262973907489,747,1,0.058824,553.500,195.500,23.45512,0.28731,0
1785663262992753050,748,1,0.035294,554.500,201.500,23.48333,0.57541,0
1785663263015184615,749,1,0.050980,560.500,195.500,23.61904,2.14721,0
1785663263033146143,750,1,0.039216,553.500,201.500,23.61457,1.59329,0
1785663263054782092,751,1,0.039216,549.500,201.500,23.52716,0.02381,0
1785663263076951161,752,1,0.054902,560.500,198.500,23.62910,1.32682,0
1785663263092390964,753,1,0.074510,553.500,198.500,23.59706,0.65025,0
1785663263112826383,754,1,0.039216,557.500,199.500,23.63007,0.90434,0
1785663263132977138,755,1,0.078431,554.500,203.500,23.60586,0.35850,0
1785663263153025228,756,1,0.035294,555.500,201.500,23.59330,0.10510,0
1785663263174243182,757,1,0.078431,554.500,195.500,23.56139,-0.33231,0
1785663263192841703,758,1,0.050980,554.500,196.500,23.53097,-0.64289,0
1785663263212916376,759,1,0.047059,555.500,201.500,23.52069,-0.60923,0
1785663263235620772,760,1,0.031373,555.500,201.500,23.51379,-0.52055,0
1785663263253309969,761,1,0.031373,557.500,201.500,23.54856,0.04377,0
1785663263272374277,762,1,0.054902,549.500,201.500,23.44747,-1.26485,0
1785663263292310368,763,1,0.035294,554.500,201.500,23.43597,-1.08891,0
1785663263312349708,764,0,,,,23.41414,-1.08891,1
1785663263337956784,765,1,0.047059,559.500,198.500,23.54578,0.76493,0
1785663263357151466,766,0,,,,23.56046,0.76493,1
1785663263381512137,767,0,,,,23.57910,0.76493,1
1785663263397171563,768,1,0.050980,555.500,203.500,23.58327,0.68676,0
1785663263416513827,769,1,0.050980,549.500,181.500,23.45758,-0.75348,0
1785663263437134744,770,1,0.090196,554.500,193.500,23.45802,-0.57305,0
1785663263456949212,771,1,0.035294,553.500,201.500,23.44372,-0.60875,0
1785663263476859636,772,1,0.054902,553.500,201.500,23.43440,-0.57324,0
1785663263497237890,773,0,,,,23.42272,-0.57324,1
1785663263517286854,774,1,0.039216,554.500,202.500,23.44904,-0.12335,0
1785663263537114155,775,1,0.054902,554.500,197.500,23.47220,0.17866,0
1785663263557140662,776,1,0.047059,554.500,196.500,23.49236,0.37882,0
1785663263577102711,777,1,0.074510,549.500,201.500,23.41956,-0.61784,0
1785663263597293133,778,0,,,,23.40709,-0.61784,1
1785663263616661646,779,1,0.031373,553.500,197.500,23.41831,-0.34508,0
1785663263643013881,780,0,,,,23.40922,-0.34508,1
1785663263657891981,781,1,0.050980,556.500,201.500,23.50488,0.77184,0
1785663263677355285,782,0,,,,23.51990,0.77184,1
1785663263696821214,783,1,0.058824,556.500,193.500,23.58711,1.32527,0
1785663263716856763,784,1,0.043137,555.500,199.500,23.60837,1.26707,0
1785663263736830770,785,1,0.062745,549.500,201.500,23.50823,-0.20215,0
1785663263763148380,786,1,0.043137,554.500,203.500,23.49988,-0.23985,0
1785663263779755713,787,1,0.039216,554.500,201.500,23.49586,-0.24033,0
1785663263797151122,788,1,0.031373,550.500,202.500,23.42634,-1.08992,0
1785663263818444449,789,1,0.062745,553.500,201.500,23.41018,-0.99815,0
1785663263836480184,790,0,,,,23.39218,-0.99815,1
1785663263856544024,791,0,,,,23.37215,-0.99815,1
1785663263876659780,792,0,,,,23.35208,-0.99815,1
1785663263899617882,793,1,0.062745,554.500,202.500,23.42633,-0.08171,0
1785663263916550878,794,1,0.074510,555.500,195.500,23.48678,0.52954,0
1785663263940992216,795,1,0.043137,554.500,194.500,23.51363,0.68531,0
1785663263956546684,796,1,0.031373,549.500,201.500,23.44166,-0.31156,0
1785663263976475192,797,1,0.050980,553.500,195.500,23.44257,-0.22065,0
1785663264000929821,798,0,,,,23.43718,-0.22065,1
1785663264021240700,799,0,,,,23.43270,-0.22065,1
1785663264044750463,800,0,,,,23.42751,-0.22065,1
1785663264060226058,801,1,0.074510,549.500,201.500,23.31772,-1.23591,0
1785663264080274731,802,1,0.047059,549.500,201.500,23.26798,-1.48332,0
1785663264100398945,803,1,0.031373,549.500,201.500,23.23430,-1.52526,0
1785663264120392785,804,1,0.043137,554.500,201.500,23.30359,-0.32976,0
1785663264140846288,805,1,0.035294,553.500,201.500,23.35904,0.45659,0
1785663264160309009,806,1,0.035294,554.500,201.500,23.43087,1.27047,0
1785663264180399973,807,1,0.066667,554.500,201.500,23.49686,1.79611,0
1785663264200421230,808,0,,,,23.53282,1.79611,1
1785663264225807141,809,1,0.035294,552.500,202.500,23.53482,1.28720,0
1785663264240420369,810,0,0.035294,552.500,202.500,23.55363,1.28720,1
1785663264260428501,811,1,0.074510,553.500,186.500,23.55998,1.07345,0
1785663264280468133,812,1,0.086275,553.500,193.500,23.53738,0.57749,0
1785663264300450890,813,0,,,,23.54892,0.57749,1
1785663264320451147,814,1,0.074510,556.500,195.500,23.58515,0.85418,0
1785663264340485821,815,0,,,,23.60227,0.85418,1
1785663264360593702,816,0,,,,23.61944,0.85418,1
1785663264384617460,817,1,0.043137,554.500,201.500,23.56227,0.09756,0
1785663264400507592,818,1,0.062745,554.500,201.500,23.53655,-0.18213,0
1785663264421570380,819,0,0.062745,554.500,201.500,23.53272,-0.18213,1
1785663264440596480,820,1,0.121569,555.500,193.500,23.53753,-0.09069,0
1785663264461158481,821,1,0.062745,555.500,201.500,23.54041,-0.03642,0
1785663264481077947,822,1,0.066667,553.500,201.500,23.50625,-0.43942,0
1785663264500687958,823,1,0.043137,553.500,201.500,23.47623,-0.70744,0
1785663264520877214,824,1,0.082353,553.500,201.500,23.45081,-0.84984,0
1785663264540701014,825,0,,,,23.43396,-0.84984,1
1785663264560681438,826,0,,,,23.41698,-0.84984,1
1785663264580788444,827,1,0.043137,547.500,202.500,23.25234,-2.41903,0
1785663264600854909,828,0,,,,23.20380,-2.41903,1
1785663264624351339,829,1,0.043137,549.500,201.500,23.19940,-1.88853,0
1785663264644366179,830,0,,,,23.16161,-1.88853,1
1785663264664335228,831,0,,,,23.12389,-1.88853,1
1785663264684362318,832,1,0.078431,553.500,195.500,23.31783,0.33460,0
1785663264704420908,833,1,0.086275,549.500,201.500,23.31007,0.18653,0
1785663264724387916,834,1,0.058824,553.500,201.500,23.38060,0.94333,0
1785663264744384089,835,1,0.035294,553.500,193.500,23.43440,1.37132,0
1785663264764394555,836,0,0.035294,553.500,193.500,23.46184,1.37132,1
1785663264784404145,837,1,0.031373,552.500,202.500,23.46662,1.10216,0
1785663264804718816,838,1,0.074510,556.500,200.500,23.54746,1.79373,0
1785663264824426826,839,0,,,,23.58281,1.79373,1
1785663264844600331,840,0,,,,23.61900,1.79373,1
1785663264864437840,841,0,,,,23.65458,1.79373,1
1785663264884493221,842,0,,,,,,0
1785663264905426802,843,1,0.035294,554.500,193.500,23.50847,0.00000,0
1785663264924583276,844,1,0.043137,549.500,201.500,23.33729,-6.42960,0
1785663264944598700,845,0,0.043137,549.500,201.500,23.20860,-6.42960,1
1785663264964596040,846,1,0.035294,554.500,200.500,23.23053,-3.56340,0
1785663264987371478,847,0,,,,23.14938,-3.56340,1
1785663265004516055,848,1,0.078431,554.500,201.500,23.35949,-0.06662,0
1785663265025556385,849,0,0.078431,554.500,201.500,23.35809,-0.06662,1
1785663265045114772,850,1,0.035294,553.500,201.500,23.42562,0.67198,0
1785663265064745199,851,1,0.094118,555.500,193.500,23.50258,1.36466,0
1785663265084992495,852,0,0.094118,555.500,193.500,23.53021,1.36466,1
1785663265104837004,853,1,0.109804,549.500,187.500,23.44103,0.08585,0
1785663265125425838,854,1,0.054902,551.500,197.500,23.41283,-0.25440,0
1785663265145230097,855,0,0.054902,551.500,197.500,23.40779,-0.25440,1
1785663265164941899,856,1,0.047059,556.500,200.500,23.50046,0.85028,0
1785663265184781158,857,0,,,,23.51733,0.85028,1
1785663265205710072,858,1,0.086275,553.500,201.500,23.50363,0.51016,0
1785663265224879088,859,0,,,,23.51341,0.51016,1
1785663265244961594,860,0,,,,23.52365,0.51016,1
1785663265268379566,861,1,0.039216,554.500,194.500,23.53201,0.47563,0
1785663265288427948,862,1,0.062745,553.500,193.500,23.50767,0.12748,0
1785663265311954336,863,1,0.039216,554.500,201.500,23.50995,0.11919,0
1785663265328498212,864,0,0.039216,554.500,201.500,23.51192,0.11919,1
1785663265348564093,865,1,0.043137,556.500,201.500,23.55686,0.61645,0
1785663265368520892,866,0,,,,23.56916,0.61645,1
1785663265388720939,867,0,,,,23.58162,0.61645,1
1785663265408754737,868,0,,,,23.59397,0.61645,1
1785663265429064450,869,1,0.031373,549.500,200.500,23.37821,-1.44239,0
1785663265448675627,870,0,0.031373,549.500,200.500,23.34993,-1.44239,1
1785663265469128838,871,1,0.031373,553.500,201.500,23.37246,-0.94865,0
1785663265488656016,872,1,0.035294,556.500,200.500,23.44994,0.05379,0
1785663265508604357,873,0,,,,23.45101,0.05379,1
1785663265528510699,874,1,0.054902,549.500,201.500,23.36519,-0.92215,0
1785663265548682162,875,0,,,,23.34659,-0.92215,1
1785663265568675128,876,1,0.062745,553.500,197.500,23.38481,-0.30375,0
1785663265592267516,877,0,,,,23.37765,-0.30375,1
1785663265609106429,878,0,,,,23.37253,-0.30375,1
1785663265629172602,879,1,0.050980,553.500,201.500,23.42426,0.26202,0
1785663265648875363,880,1,0.031373,554.500,202.500,23.47306,0.71001,0
1785663265669162617,881,1,0.047059,549.500,201.500,23.41290,-0.13093,0
1785663265689482829,882,1,0.031373,554.500,201.500,23.44784,0.32709,0
1785663265709606751,883,1,0.066667,556.500,202.500,23.51617,1.11233,0
1785663265729840339,884,1,0.039216,554.500,202.500,23.54358,1.17573,0
1785663265749886388,885,1,0.039216,553.500,199.500,23.54413,0.87719,0
1785663265768764031,886,1,0.043137,553.500,201.500,23.53516,0.54689,0
1785663265789189242,887,1,0.043137,553.500,201.500,23.52119,0.22315,0
1785663265808875669,888,1,0.035294,554.500,194.500,23.52218,0.17945,0
1785663265828752844,889,1,0.047059,558.500,197.500,23.59091,1.01430,0
1785663265851575948,890,0,,,,23.61406,1.01430,1
1785663265868968398,891,0,,,,23.63170,1.01430,1
1785663265889005404,892,1,0.105882,553.500,201.500,23.55591,-0.00607,0
1785663265912801082,893,0,,,,23.55577,-0.00607,1
1785663265935751184,894,0,,,,23.55563,-0.00607,1
1785663265957813712,895,0,,,,23.55550,-0.00607,1
1785663265972699729,896,1,0.035294,549.500,201.500,23.34945,-1.77880,0
1785663265993099274,897,1,0.050980,554.500,201.500,23.38190,-1.13085,0
1785663266012894783,898,1,0.105882,554.500,194.500,23.40515,-0.63533,0
1785663266032820957,899,1,0.035294,554.500,196.500,23.42958,-0.18658,0
1785663266052853006,900,1,0.039216,552.500,193.500,23.42112,-0.24698,0
1785663266072399434,901,0,0.039216,552.500,193.500,23.41630,-0.24698,1
1785663266092565356,902,0,,,,23.41132,-0.24698,1
1785663266113762018,903,0,,,,23.40608,-0.24698,1
1785663266132550995,904,1,0.066667,549.500,201.500,23.31653,-1.06091,0
1785663266157653201,905,1,0.043137,560.500,199.500,23.53465,1.40135,0
1785663266174551114,906,0,0.043137,560.500,199.500,23.55833,1.40135,1
1785663266194364415,907,1,0.031373,554.500,199.500,23.55790,1.09634,0
1785663266212403233,908,0,,,,23.57768,1.09634,1
1785663266232634488,909,0,,,,23.59986,1.09634,1
1785663266252786702,910,1,0.031373,549.500,201.500,23.43142,-0.79855,0
1785663266272821667,911,1,0.043137,554.500,201.500,23.44464,-0.49397,0
1785663266292835341,912,1,0.074510,553.500,201.500,23.43832,-0.45340,0
1785663266312858348,913,1,0.043137,551.500,202.500,23.39960,-0.81560,0
1785663266332847813,914,1,0.031373,558.500,199.500,23.49057,0.54930,0
1785663266352650905,915,1,0.039216,553.500,201.500,23.49463,0.46115,0
1785663266373195115,916,1,0.050980,553.500,201.500,23.49480,0.34057,0
1785663266393266247,917,0,,,,23.50164,0.34057,1
1785663266412730426,918,1,0.039216,553.500,201.500,23.49135,0.13977,0
1785663266435849443,919,1,0.078431,554.500,201.500,23.50291,0.23737,0
1785663266453114478,920,1,0.070588,553.500,193.500,23.49347,0.07470,0
1785663266472480075,921,1,0.050980,552.500,197.500,23.46606,-0.28289,0
1785663266493279490,922,1,0.086275,554.500,198.500,23.47453,-0.10101,0
1785663266517404747,923,1,0.054902,556.500,200.500,23.52211,0.54012,0
1785663266533342420,924,1,0.105882,559.500,199.500,23.61510,1.62978,0
1785663266556499937,925,1,0.050980,554.500,202.500,23.61802,1.17948,0
1785663266576734400,926,1,0.054902,552.500,193.500,23.57186,0.27593,0
1785663266596888364,927,1,0.050980,549.500,201.500,23.46344,-1.19003,0
1785663266616682707,928,1,0.035294,553.500,200.500,23.42995,-1.31745,0
1785663266636744797,929,1,0.070588,556.500,201.500,23.45902,-0.60650,0
1785663266657916959,930,1,0.082353,556.500,196.500,23.49688,0.04213,0
1785663266676684061,931,1,0.074510,552.500,197.500,23.46745,-0.34473,0
1785663266696538778,932,1,0.043137,554.500,203.500,23.47325,-0.18280,0
1785663266716710825,933,1,0.035294,556.500,195.500,23.51693,0.42383,0
1785663266736574292,934,1,0.054902,555.500,196.500,23.54245,0.64279,0
1785663266756472175,935,1,0.054902,549.500,201.500,23.45870,-0.59351,0
1785663266777964292,936,1,0.047059,548.500,202.500,23.35342,-1.77785,0
1785663266797563803,937,1,0.047059,553.500,201.500,23.34737,-1.40909,0
1785663266818874380,938,1,0.031373,549.500,201.500,23.28194,-1.86233,0
1785663266836257081,939,1,0.109804,554.500,198.500,23.32226,-0.92998,0
1785663266856356212,940,0,,,,23.30357,-0.92998,1
1785663266876195179,941,1,0.039216,560.500,199.500,23.51539,1.79363,0
1785663266896511308,942,1,0.062745,560.500,199.500,23.68265,3.32727,0
1785663266916234192,943,1,0.129412,549.500,201.500,23.61078,1.67570,0
1785663266936456989,944,0,0.129412,549.500,201.500,23.64467,1.67570,1
1785663266956301498,945,1,0.050980,549.500,201.500,23.49047,-0.49346,0
1785663266976862916,946,0,,,,23.48033,-0.49346,1
1785663266996543801,947,1,0.035294,553.500,201.500,23.46057,-0.60270,0
1785663267016937221,948,0,0.035294,553.500,201.500,23.44828,-0.60270,1
1785663267037460722,949,1,0.031373,549.500,201.500,23.33598,-1.65592,0
1785663267056413032,950,1,0.062745,549.500,201.500,23.26678,-2.07080,0
1785663267076590037,951,1,0.078431,556.500,196.500,23.34784,-0.62908,0
1785663267100344298,952,1,0.035294,549.500,201.500,23.30752,-0.94479,0
1785663267116547093,953,1,0.058824,550.500,182.500,23.30429,-0.79029,0
1785663267137523549,954,1,0.035294,552.500,197.500,23.33477,-0.18028,0
1785663267156732522,955,1,0.050980,559.500,198.500,23.48723,1.84369,0
1785663267180254036,956,1,0.054902,549.500,201.500,23.44640,0.75630,0
1785663267201024577,957,1,0.098039,553.500,193.500,23.46998,0.85759,0
1785663267220281383,958,1,0.031373,551.500,201.500,23.44797,0.36312,0
1785663267240349014,959,1,0.196078,556.500,196.500,23.51488,1.12717,0
1785663267260365021,960,0,,,,23.53744,1.12717,1
1785663267281601932,961,1,0.090196,548.500,185.500,23.40798,-0.67235,0
1785663267300337535,962,1,0.054902,553.500,201.500,23.42021,-0.38235,0
1785663267320324084,963,1,0.043137,554.500,201.500,23.44882,0.05265,0
1785663267340276509,964,0,,,,23.44987,0.05265,1
1785663267360755677,965,1,0.031373,553.500,201.500,23.45774,0.13122,0
1785663267383236243,966,0,0.031373,553.500,201.500,23.46069,0.13122,1
1785663267400315779,967,1,0.050980,554.500,201.500,23.48873,0.41388,0
1785663267420435327,968,0,0.050980,554.500,201.500,23.49706,0.41388,1
1785663267440441417,969,1,0.054902,553.500,195.500,23.49131,0.26577,0
1785663267460473466,970,1,0.090196,553.500,183.500,23.48816,0.17274,0
1785663267480788136,971,0,,,,23.49167,0.17274,1
1785663267500864226,972,0,,,,23.49514,0.17274,1
1785663267520406863,973,0,,,,23.49852,0.17274,1
1785663267540972072,974,0,,,,,,0
1785663267560668124,975,1,0.039216,560.500,199.500,23.76696,0.00000,0
1785663267580464217,976,1,0.066667,552.500,193.500,23.49475,-10.07581,0
1785663267601223966,977,0,,,,23.28557,-10.07581,1
1785663267620441398,978,1,0.098039,560.500,199.500,23.51926,-1.99451,0
1785663267644956609,979,0,0.098039,560.500,199.500,23.47037,-1.99451,1
1785663267660512203,980,1,0.035294,559.500,198.500,23.59476,0.00439,0
1785663267680339211,981,0,,,,23.59485,0.00439,1
1785663267700570758,982,1,0.121569,560.500,198.500,23.70939,1.23283,0
1785663267720559057,983,1,0.043137,556.500,200.500,23.68785,0.73069,0
1785663267741255515,984,0,,,,23.70297,0.73069,1
1785663267760551696,985,0,,,,23.71707,0.73069,1
1785663267780574703,986,1,0.039216,549.500,201.500,23.46020,-2.00901,0
1785663267800682292,987,0,,,,23.41981,-2.00901,1
1785663267824250180,988,1,0.031373,554.500,193.500,23.42720,-1.45992,0
1785663267844249562,989,1,0.039216,553.500,201.500,23.41520,-1.27457,0
1785663267864309319,990,0,,,,23.38963,-1.27457,1
1785663267884296159,991,1,0.031373,552.500,202.500,23.38027,-1.09337,0
1785663267904549872,992,1,0.039216,559.500,198.500,23.51825,0.75749,0
1785663267924286757,993,0,,,,23.53320,0.75749,1
1785663267944351471,994,1,0.047059,549.500,200.500,23.41568,-0.75102,0
1785663267964278229,995,1,0.082353,552.500,197.500,23.40294,-0.72530,0
1785663267985897803,996,0,0.082353,552.500,197.500,23.38726,-0.72530,1
1785663268004668114,997,1,0.035294,560.500,199.500,23.57214,1.52375,0
1785663268024999993,998,0,,,,23.60312,1.52375,1
1785663268044508214,999,0,,,,23.63284,1.52375,1
1785663268065000216,1000,0,,,,23.66407,1.52375,1
1785663268084391770,1001,0,,,,,,0
1785663268104415944,1002,1,0.035294,553.500,196.500,23.46419,0.00000,0
1785663268124752489,1003,1,0.043137,556.500,193.500,23.56837,3.80761,0
1785663268145033327,1004,1,0.039216,549.500,201.500,23.43345,-2.08619,0
1785663268164532214,1005,0,0.039216,549.500,201.500,23.39277,-2.08619,1
1785663268184348140,1006,1,0.054902,553.500,193.500,23.40958,-1.17031,0
1785663268205456719,1007,0,0.054902,553.500,193.500,23.38488,-1.17031,1
1785663268224533569,1008,1,0.058824,555.500,203.500,23.47842,0.17226,0
1785663268245748313,1009,1,0.031373,554.500,201.500,23.49686,0.33777,0
1785663268264551583,1010,0,0.031373,554.500,201.500,23.50322,0.33777,1
1785663268285503538,1011,1,0.035294,549.500,201.500,23.39224,-0.94890,0
1785663268305322089,1012,0,,,,23.37343,-0.94890,1
1785663268324489646,1013,1,0.043137,549.500,201.500,23.29609,-1.58017,0
1785663268344636610,1014,1,0.086275,549.500,201.500,23.24669,-1.77464,0
1785663268364507660,1015,0,,,,23.21142,-1.77464,1
1785663268384500917,1016,0,,,,23.17594,-1.77464,1
1785663268404744422,1017,1,0.086275,553.500,193.500,23.30376,-0.09712,0
1785663268424723971,1018,0,,,,23.30182,-0.09712,1
1785663268444639062,1019,1,0.035294,548.500,201.500,23.26635,-0.43744,0
1785663268468947192,1020,0,,,,23.25572,-0.43744,1
1785663268488346330,1021,0,,,,23.24723,-0.43744,1
1785663268508734500,1022,0,,,,23.23832,-0.43744,1
1785663268528284720,1023,1,0.070588,549.500,183.500,23.27266,-0.06239,0
1785663268548611349,1024,1,0.043137,549.500,200.500,23.28020,0.02183,0
1785663268568369525,1025,0,0.043137,549.500,200.500,23.28063,0.02183,1
1785663268590724384,1026,1,0.066667,559.500,198.500,23.53098,2.71598,0
1785663268608350790,1027,1,0.039216,549.500,201.500,23.46873,1.46259,0
1785663268629414453,1028,0,0.039216,549.500,201.500,23.49954,1.46259,1
1785663268648419261,1029,1,0.070588,553.500,201.500,23.50741,1.23365,0
1785663268668479601,1030,0,0.070588,553.500,201.500,23.53216,1.23365,1
1785663268693460600,1031,1,0.050980,554.500,202.500,23.54713,1.06322,0
1785663268708294617,1032,1,0.050980,554.500,194.500,23.54519,0.86606,0
1785663268728487081,1033,0,0.050980,554.500,194.500,23.56268,0.86606,1
1785663268748398380,1034,0,,,,23.57993,0.86606,1
1785663268771137693,1035,0,,,,23.59962,0.86606,1
1785663268788834098,1036,0,,,,,,0
1785663268810864252,1037,0,,,,,,0
1785663268828883237,1038,1,0.062745,550.500,180.500,23.33872,0.00000,0
1785663268851313636,1039,0,,,,23.33872,0.00000,1
1785663268870209071,1040,1,0.047059,549.500,201.500,23.29267,-1.03080,0
1785663268888872342,1041,0,0.047059,549.500,201.500,23.27343,-1.03080,1
1785663268908653559,1042,1,0.047059,553.500,201.500,23.38969,1.04403,0
1785663268928950730,1043,1,0.047059,553.500,201.500,23.46635,1.80673,0
1785663268948854738,1044,1,0.047059,555.500,201.500,23.56272,2.60351,0
1785663268969753028,1045,1,0.082353,555.500,194.500,23.63609,2.84846,0
1785663268988523922,1046,1,0.066667,548.500,201.500,23.54682,1.01701,0
1785663269009125298,1047,1,0.050980,552.500,192.500,23.52302,0.44442,0
1785663269028619519,1048,1,0.098039,553.500,195.500,23.51136,0.18464,0
1785663269048682192,1049,0,,,,23.51507,0.18464,1
1785663269068494034,1050,1,0.058824,553.500,201.500,23.49301,-0.11822,0
1785663269092267253,1051,1,0.039216,554.500,204.500,23.49606,-0.04971,0
1785663269113197334,1052,1,0.050980,554.500,193.500,23.50050,0.01632,0
1785663269132144394,1053,1,0.058824,554.500,200.500,23.50325,0.04658,0
1785663269153658385,1054,0,0.058824,554.500,200.500,23.50425,0.04658,1
1785663269172604278,1055,1,0.062745,553.500,195.500,23.48454,-0.19610,0
1785663269192656160,1056,0,,,,23.48061,-0.19610,1
1785663269212253046,1057,1,0.050980,554.500,194.500,23.49249,-0.02449,0
1785663269232320677,1058,0,0.050980,554.500,194.500,23.49200,-0.02449,1
1785663269252469099,1059,1,0.121569,555.500,195.500,23.52584,0.33710,0
1785663269273569804,1060,1,0.039216,546.500,202.500,23.35751,-1.59044,0
1785663269292751069,1061,1,0.047059,553.500,201.500,23.37179,-1.06538,0
1785663269312468996,1062,0,0.047059,553.500,201.500,23.35078,-1.06538,1
1785663269333551617,1063,1,0.039216,554.500,201.500,23.39988,-0.23486,0
1785663269352669591,1064,1,0.039216,549.500,201.500,23.34276,-0.85134,0
1785663269373177343,1065,1,0.031373,555.500,203.500,23.41322,0.21288,0
1785663269393232433,1066,0,,,,23.41749,0.21288,1
1785663269413155982,1067,1,0.070588,549.500,201.500,23.35353,-0.58044,0
1785663269433316071,1068,1,0.066667,556.500,199.500,23.45216,0.70641,0
1785663269454201819,1069,0,,,,23.46692,0.70641,1
1785663269475127234,1070,1,0.031373,549.500,201.500,23.38351,-0.39957,0
1785663269496092898,1071,1,0.043137,555.500,193.500,23.45447,0.50954,0
1785663269516108321,1072,1,0.047059,552.500,201.500,23.44954,0.32846,0
1785663269537662271,1073,1,0.094118,556.500,196.500,23.51781,1.08993,0
1785663269553041991,1074,1,0.086275,552.500,193.500,23.49763,0.61976,0
1785663269572731627,1075,0,0.086275,552.500,193.500,23.50984,0.61976,1
1785663269592990298,1076,1,0.043137,560.500,198.500,23.66090,2.27145,0
1785663269613384301,1077,1,0.039216,553.500,201.500,23.63797,1.45316,0
1785663269632687773,1078,1,0.058824,554.500,199.500,23.62335,0.93774,0
1785663269653149734,1079,0,,,,23.64254,0.93774,1
1785663269672754787,1080,0,,,,23.66092,0.93774,1
1785663269692802877,1081,1,0.050980,559.500,198.500,23.73130,1.47871,0
1785663269712491345,1082,1,0.078431,553.500,201.500,23.64316,0.22570,0
1785663269738501625,1083,1,0.078431,555.500,196.500,23.60589,-0.27437,0
1785663269757929930,1084,1,0.050980,560.500,196.500,23.66985,0.57675,0
1785663269776483243,1085,0,0.050980,560.500,196.500,23.68056,0.57675,1
1785663269797771195,1086,1,0.074510,560.500,198.500,23.73924,1.12408,0
1785663269817319082,1087,0,0.074510,560.500,198.500,23.76122,1.12408,1
1785663269836491597,1088,0,,,,23.78277,1.12408,1
1785663269856551645,1089,1,0.047059,549.500,201.500,23.49035,-2.01810,0
1785663269878968628,1090,1,0.031373,554.500,203.500,23.43211,-2.15316,0
1785663269896694492,1091,1,0.047059,556.500,200.500,23.44250,-1.60688,0
1785663269917060495,1092,0,,,,23.40978,-1.60688,1
1785663269938110450,1093,1,0.082353,553.500,203.500,23.40393,-1.28457,0
1785663269956640722,1094,0,0.082353,553.500,203.500,23.38013,-1.28457,1
1785663269976561938,1095,1,0.047059,557.500,196.500,23.48646,0.16321,0
1785663269997857474,1096,1,0.031373,554.500,201.500,23.49928,0.26831,0
1785663270018454475,1097,0,0.031373,554.500,201.500,23.50481,0.26831,1
1785663270036707958,1098,0,,,,23.50970,0.26831,1
1785663270056513092,1099,0,,,,23.51502,0.26831,1
1785663270077005385,1100,1,0.039216,553.500,201.500,23.48630,-0.04877,0
1785663270098039007,1101,1,0.054902,553.500,192.500,23.47435,-0.15643,0
1785663270117394687,1102,1,0.050980,549.500,201.500,23.38988,-1.05342,0
1785663270138082687,1103,1,0.035294,556.500,200.500,23.45273,-0.02875,0
1785663270156629876,1104,0,0.035294,556.500,200.500,23.45220,-0.02875,1
1785663270177638123,1105,0,,,,23.45159,-0.02875,1
1785663270198472538,1106,1,0.035294,552.500,201.500,23.43035,-0.24876,0
1785663270216637064,1107,0,0.035294,552.500,201.500,23.42583,-0.24876,1
1785663270236864527,1108,0,,,,23.42080,-0.24876,1
1785663270256925158,1109,1,0.043137,558.500,195.500,23.59033,1.40430,0
1785663270276676626,1110,1,0.031373,549.500,201.500,23.48106,0.02234,0
1785663270296531051,1111,1,0.058824,553.500,198.500,23.47410,-0.06055,0
1785663270316544725,1112,1,0.043137,559.500,195.500,23.57542,1.18781,0
1785663270336611481,1113,0,,,,23.59925,1.18781,1
1785663270356990610,1114,1,0.039216,554.500,201.500,23.58676,0.75260,0
1785663270380307667,1115,0,,,,23.60431,0.75260,1
1785663270402071031,1116,1,0.031373,553.500,201.500,23.53549,-0.17484,0
1785663270421953164,1117,1,0.050980,553.500,201.500,23.49684,-0.56724,0
1785663270441996296,1118,1,0.054902,559.500,198.500,23.58414,0.59670,0
1785663270460404944,1119,0,0.054902,559.500,198.500,23.59512,0.59670,1
1785663270482287599,1120,1,0.031373,553.500,201.500,23.53739,-0.22239,0
1785663270501214825,1121,0,,,,23.53318,-0.22239,1
1785663270521978366,1122,1,0.058824,549.500,195.500,23.39018,-1.73415,0
1785663270541349504,1123,0,,,,23.35659,-1.73415,1
1785663270561978005,1124,1,0.031373,549.500,201.500,23.28172,-2.14810,0
1785663270581915554,1125,1,0.062745,554.500,203.500,23.34450,-0.98403,0
1785663270600562492,1126,0,,,,23.32615,-0.98403,1
1785663270622013193,1127,1,0.054902,554.500,198.500,23.40309,0.11238,0
1785663270642686318,1128,1,0.047059,552.500,193.500,23.41406,0.21183,0
1785663270663663065,1129,1,0.031373,553.500,201.500,23.43960,0.46627,0
1785663270683098370,1130,0,0.031373,553.500,201.500,23.44866,0.46627,1
1785663270702202927,1131,1,0.058824,554.500,202.500,23.48769,0.81871,0
1785663270722452557,1132,1,0.058824,553.500,194.500,23.49375,0.69555,0
1785663270740386668,1133,0,0.058824,553.500,194.500,23.50623,0.69555,1
1785663270762171907,1134,1,0.070588,552.500,184.500,23.47720,0.19680,0
1785663270781685961,1135,0,0.070588,552.500,184.500,23.48105,0.19680,1
1785663270800694561,1136,1,0.098039,554.500,182.500,23.50423,0.40761,0
1785663270822055430,1137,1,0.066667,555.500,195.500,23.53526,0.65664,0
1785663270841383985,1138,0,0.066667,555.500,195.500,23.54795,0.65664,1
1785663270860735582,1139,1,0.035294,554.500,201.500,23.54500,0.48101,0
1785663270882999441,1140,1,0.058824,548.500,201.500,23.41456,-1.14124,0
1785663270900484099,1141,0,0.058824,548.500,201.500,23.39460,-1.14124,1
1785663270920709812,1142,0,,,,23.37152,-1.14124,1
1785663270940551112,1143,0,,,,23.34888,-1.14124,1
1785663270960435287,1144,1,0.058824,555.500,201.500,23.45471,0.06081,0
1785663270980908039,1145,1,0.050980,560.500,198.500,23.61834,1.66664,0
1785663271005994037,1146,1,0.043137,553.500,195.500,23.58794,0.85504,0
1785663271024345811,1147,0,,,,23.60363,0.85504,1
1785663271048132155,1148,1,0.035294,554.500,201.500,23.56934,0.22791,0
1785663271067148338,1149,1,0.031373,554.500,201.500,23.54418,-0.11813,0
1785663271084685495,1150,0,,,,23.54211,-0.11813,1
1785663271105013291,1151,0,,,,23.53971,-0.11813,1
1785663271125934913,1152,1,0.031373,549.500,201.500,23.37564,-1.79358,0
1785663271144346770,1153,0,0.031373,549.500,201.500,23.34262,-1.79358,1
1785663271166109259,1154,1,0.039216,556.500,201.500,23.45356,-0.27198,0
1785663271187364545,1155,1,0.105882,554.500,198.500,23.47364,0.00760,0
1785663271204556955,1156,0,0.105882,554.500,198.500,23.47377,0.00760,1
1785663271226838898,1157,0,,,,23.47394,0.00760,1
1785663271247862311,1158,1,0.031373,549.500,201.500,23.35377,-1.22439,0
1785663271265914546,1159,1,0.039216,553.500,201.500,23.38477,-0.65961,0
1785663271284582192,1160,0,0.039216,553.500,201.500,23.37246,-0.65961,1
1785663271304441575,1161,1,0.031373,559.500,198.500,23.54125,1.35113,0
1785663271324377083,1162,1,0.054902,551.500,196.500,23.50554,0.63496,0
1785663271344552922,1163,1,0.031373,554.500,196.500,23.52459,0.70990,0
1785663271364632511,1164,1,0.039216,554.500,201.500,23.53713,0.68854,0
1785663271384570936,1165,1,0.047059,556.500,196.500,23.57968,1.05644,0
1785663271404626317,1166,1,0.050980,553.500,201.500,23.56202,0.55628,0
1785663271427243090,1167,1,0.031373,554.500,199.500,23.55130,0.25608,0
1785663271444552165,1168,0,0.031373,554.500,199.500,23.55573,0.25608,1
1785663271464546006,1169,1,0.054902,553.500,197.500,23.51311,-0.31046,0
1785663271484599637,1170,0,0.054902,553.500,197.500,23.50689,-0.31046,1
1785663271504486729,1171,1,0.054902,554.500,198.500,23.49724,-0.34842,0
1785663271524611235,1172,1,0.054902,549.500,201.500,23.38918,-1.47327,0
1785663271544617908,1173,1,0.058824,560.500,198.500,23.50844,0.27174,0
1785663271564537375,1174,1,0.050980,554.500,194.500,23.51597,0.29773,0
1785663271584666547,1175,0,,,,23.52196,0.29773,1
1785663271608706763,1176,0,,,,23.52912,0.29773,1
1785663271624684269,1177,1,0.031373,549.500,200.500,23.38618,-1.28415,0
1785663271648404406,1178,1,0.035294,549.500,201.500,23.29521,-1.93946,0
1785663271671748296,1179,1,0.047059,553.500,201.500,23.32799,-1.03437,0
1785663271688565335,1180,0,0.047059,553.500,201.500,23.31059,-1.03437,1
1785663271708548384,1181,0,,,,23.28992,-1.03437,1
1785663271732012731,1182,1,0.090196,552.500,193.500,23.35164,-0.14176,0
1785663271748757437,1183,0,,,,23.34926,-0.14176,1
1785663271768571321,1184,0,,,,23.34645,-0.14176,1
1785663271788638369,1185,1,0.043137,553.500,201.500,23.42044,0.58903,0
1785663271808801083,1186,1,0.031373,553.500,201.500,23.45948,0.86495,0
1785663271831079234,1187,1,0.050980,552.500,201.500,23.46071,0.66008,0
1785663271848750556,1188,0,0.050980,552.500,201.500,23.47238,0.66008,1
1785663271869562222,1189,1,0.058824,555.500,200.500,23.53326,1.20745,0
1785663271890001433,1190,1,0.058824,549.500,201.500,23.44532,-0.11919,0
1785663271908732661,1191,0,0.058824,549.500,201.500,23.44308,-0.11919,1
1785663271930223028,1192,1,0.031373,553.500,201.500,23.45124,0.00266,0
1785663271948427803,1193,0,0.031373,553.500,201.500,23.45129,0.00266,1
1785663271968997263,1194,0,,,,23.45134,0.00266,1
1785663271989096394,1195,1,0.066667,553.500,201.500,23.45900,0.07796,0
1785663272008926903,1196,1,0.043137,554.500,201.500,23.48484,0.32908,0
1785663272028747495,1197,1,0.031373,554.500,201.500,23.50344,0.46542,0
1785663272048527254,1198,1,0.062745,549.500,195.500,23.42931,-0.54741,0
1785663272073100049,1199,0,,,,23.41586,-0.54741,1
1785663272088601476,1200,0,,,,23.40737,-0.54741,1
1785663272108801231,1201,1,0.133333,553.500,197.500,23.42698,-0.21828,0
1785663272128731197,1202,1,0.062745,554.500,201.500,23.45966,0.18242,0
1785663272148771995,1203,1,0.031373,554.500,204.500,23.48483,0.42911,0
1785663272168573630,1204,1,0.035294,554.500,200.500,23.50575,0.58006,0
1785663272188694344,1205,1,0.047059,555.500,181.500,23.54219,0.89239,0
1785663272209032347,1206,1,0.082353,555.500,195.500,23.57131,1.03320,0
1785663272231174583,1207,1,0.062745,560.500,198.500,23.67621,2.09163,0
1785663272248653407,1208,0,0.062745,560.500,198.500,23.71277,2.09163,1
1785663272274817185,1209,1,0.043137,549.500,180.500,23.55575,-0.38208,0
1785663272292429966,1210,0,,,,23.54902,-0.38208,1
1785663272312641680,1211,0,,,,23.54129,-0.38208,1
1785663272332622104,1212,1,0.086275,556.500,195.500,23.56420,-0.07748,0
1785663272352737276,1213,1,0.035294,554.500,199.500,23.53298,-0.38499,0
1785663272372650034,1214,1,0.043137,554.500,199.500,23.51044,-0.55278,0
1785663272392449918,1215,0,,,,23.49950,-0.55278,1
1785663272412979545,1216,1,0.047059,549.500,201.500,23.37045,-1.90809,0
1785663272432476391,1217,1,0.074510,553.500,184.500,23.35975,-1.59822,0
1785663272452333732,1218,1,0.039216,554.500,199.500,23.37703,-1.00437,0
1785663272483306379,1219,1,0.050980,554.500,199.500,23.39838,-0.34000,0
1785663272502175272,1220,1,0.098039,557.500,202.500,23.49134,0.94327,0
1785663272533716247,1221,1,0.054902,553.500,201.500,23.50681,0.75807,0
1785663272552466850,1222,0,0.054902,553.500,201.500,23.52103,0.75807,1
1785663272572506773,1223,0,,,,23.53622,0.75807,1
1785663272592593654,1224,0,,,,23.55144,0.75807,1
1785663272613791483,1225,1,0.039216,559.500,195.500,23.69948,1.98269,0
1785663272639331809,1226,1,0.031373,554.500,201.500,23.64285,0.91834,0
1785663272656051432,1227,0,0.031373,554.500,201.500,23.65821,0.91834,1
1785663272672952846,1228,1,0.062745,554.500,201.500,23.60072,0.12422,0
1785663272694276089,1229,1,0.050980,553.500,194.500,23.54138,-0.58604,0
1785663272715419793,1230,0,,,,23.52899,-0.58604,1
1785663272732775327,1231,0,,,,23.51882,-0.58604,1
1785663272754717064,1232,1,0.050980,553.500,201.500,23.46281,-1.03274,0
1785663272773480959,1233,1,0.039216,553.500,192.500,23.43355,-1.13804,0
1785663272793011637,1234,1,0.039216,553.500,201.500,23.41469,-1.09949,0
1785663272812980103,1235,0,,,,23.39274,-1.09949,1
1785663272833249274,1236,1,0.039216,553.500,201.500,23.39588,-0.80619,0
1785663272853083283,1237,1,0.031373,557.500,200.500,23.48239,0.39128,0
1785663272872660628,1238,1,0.031373,559.500,198.500,23.59524,1.66313,0
1785663272893262879,1239,1,0.047059,554.500,202.500,23.60603,1.37013,0
1785663272916652560,1240,1,0.039216,559.500,198.500,23.70057,2.16612,0
1785663272936870106,1241,1,0.082353,555.500,201.500,23.70232,1.62608,0
1785663272956676990,1242,1,0.050980,553.500,195.500,23.65019,0.54055,0
1785663272976635540,1243,1,0.066667,555.500,201.500,23.62424,0.06813,0
1785663272996567256,1244,1,0.058824,554.500,197.500,23.57867,-0.53427,0
1785663273016817469,1245,1,0.035294,553.500,201.500,23.51641,-1.19368,0
1785663273036597228,1246,0,,,,23.49280,-1.19368,1
1785663273056514361,1247,1,0.078431,553.500,201.500,23.44085,-1.52587,0
1785663273076712658,1248,1,0.031373,560.500,198.500,23.54556,0.05907,0
1785663273096610249,1249,0,,,,23.54673,0.05907,1
1785663273116633839,1250,1,0.050980,554.500,202.500,23.52646,-0.18256,0
1785663273136605513,1251,1,0.047059,554.500,199.500,23.51205,-0.30571,0
1785663273156874684,1252,1,0.054902,555.500,204.500,23.51881,-0.15110,0
1785663273176845192,1253,1,0.074510,554.500,201.500,23.50933,-0.23122,0
1785663273197081696,1254,1,0.039216,555.500,201.500,23.51908,-0.04793,0
1785663273216603916,1255,0,,,,23.51815,-0.04793,1
1785663273236474967,1256,1,0.050980,549.500,201.500,23.39694,-1.47346,0
1785663273256657513,1257,1,0.035294,553.500,201.500,23.38390,-1.27717,0
1785663273276514855,1258,1,0.039216,554.500,198.500,23.39980,-0.78031,0
1785663273296766235,1259,0,,,,23.38400,-0.78031,1
1785663273316647493,1260,1,0.039216,549.500,201.500,23.30990,-1.45855,0
1785663273336667875,1261,1,0.043137,553.500,201.500,23.33736,-0.79960,0
1785663273356715382,1262,0,,,,23.32133,-0.79960,1
1785663273376724680,1263,0,,,,23.30533,-0.79960,1
1785663273396992976,1264,1,0.086275,553.500,195.500,23.38150,0.14880,0
1785663273416728111,1265,1,0.109804,552.500,202.500,23.40445,0.36040,0
1785663273437239238,1266,0,,,,23.41184,0.36040,1
1785663273456690459,1267,1,0.035294,554.500,203.500,23.47404,0.96579,0
1785663273476966921,1268,1,0.086275,559.500,198.500,23.61793,2.37817,0
1785663273497527173,1269,0,,,,23.66683,2.37817,1
1785663273518343797,1270,1,0.070588,549.500,183.500,23.53855,0.36984,0
1785663273538002516,1271,1,0.035294,554.500,197.500,23.53491,0.24414,0
1785663273560441956,1272,1,0.141176,548.500,200.500,23.41506,-1.26594,0
1785663273580541962,1273,1,0.039216,553.500,201.500,23.39770,-1.16498,0
1785663273601582001,1274,1,0.047059,552.500,203.500,23.37219,-1.17775,0
1785663273620948473,1275,1,0.031373,549.500,201.500,23.30539,-1.74340,0
1785663273640699357,1276,0,,,,23.27096,-1.74340,1
1785663273661588314,1277,1,0.043137,552.500,193.500,23.29646,-1.01230,0
1785663273680627830,1278,0,,,,23.27719,-1.01230,1
1785663273703648015,1279,0,,,,23.25389,-1.01230,1
1785663273721082798,1280,1,0.058824,553.500,195.500,23.36137,0.23392,0
1785663273745273805,1281,0,,,,23.36703,0.23392,1
1785663273760682275,1282,1,0.031373,554.500,201.500,23.45752,1.10832,0
1785663273781127902,1283,1,0.035294,553.500,199.500,23.49114,1.22565,0
1785663273801008577,1284,0,,,,23.51551,1.22565,1
1785663273820967418,1285,1,0.090196,550.500,182.500,23.45699,0.29875,0
1785663273841116424,1286,1,0.054902,549.500,201.500,23.38819,-0.56219,0
1785663273860978432,1287,1,0.054902,554.500,201.500,23.42238,-0.01551,0
1785663273880830816,1288,1,0.062745,554.500,197.500,23.45678,0.41849,0
1785663273900843614,1289,1,0.031373,550.500,201.500,23.41809,-0.18228,0
1785663273923483845,1290,0,,,,23.41397,-0.18228,1
1785663273942123699,1291,1,0.090196,550.500,200.500,23.36487,-0.72476,0
1785663273960980051,1292,0,,,,23.35120,-0.72476,1
1785663273981031349,1293,1,0.043137,553.500,193.500,23.39367,-0.10315,0
1785663274000846691,1294,1,0.043137,554.500,200.500,23.44347,0.47326,0
1785663274021196945,1295,1,0.078431,549.500,201.500,23.39104,-0.25463,0
1785663274041271284,1296,1,0.050980,554.500,205.500,23.43055,0.29433,0
1785663274060493383,1297,1,0.050980,552.500,203.500,23.43384,0.26436,0
1785663274081103425,1298,1,0.062745,549.500,201.500,23.38281,-0.46163,0
1785663274100695811,1299,0,,,,23.37376,-0.46163,1
1785663274121431644,1300,0,,,,23.36419,-0.46163,1
1785663274141087447,1301,1,0.031373,554.500,202.500,23.43904,0.43102,0
1785663274163761302,1302,1,0.062745,546.500,180.500,23.31386,-1.02121,0
1785663274182126200,1303,1,0.062745,553.500,198.500,23.35002,-0.39377,0
1785663274204516058,1304,1,0.031373,555.500,200.500,23.42310,0.60574,0
1785663274224336942,1305,0,,,,23.43510,0.60574,1
1785663274244518614,1306,1,0.054902,553.500,201.500,23.46848,0.85467,0
1785663274264726536,1307,1,0.035294,554.500,196.500,23.51182,1.16118,0
1785663274284425213,1308,1,0.058824,553.500,201.500,23.52377,1.02919,0
1785663274308612178,1309,0,,,,23.54866,1.02919,1
1785663274328505686,1310,0,,,,23.56914,1.02919,1
1785663274349214394,1311,0,,,,23.59045,1.02919,1
1785663274364272409,1312,0,,,,,,0
1785663274384809619,1313,0,,,,,,0
1785663274404611545,1314,0,,,,,,0
1785663274426928737,1315,1,0.047059,555.500,195.500,23.55126,0.00000,0
1785663274444549893,1316,1,0.070588,560.500,199.500,23.71510,6.36210,0
1785663274468406611,1317,0,,,,23.86687,6.36210,1
1785663274484902529,1318,0,,,,23.97182,6.36210,1
1785663274504446040,1319,1,0.070588,553.500,193.500,23.71729,0.97173,0
1785663274525059083,1320,1,0.054902,554.500,201.500,23.61774,-0.55108,0
1785663274545156756,1321,0,,,,23.60667,-0.55108,1
1785663274564781350,1322,1,0.101961,553.500,196.500,23.50027,-1.62769,0
1785663274584894481,1323,1,0.054902,549.500,201.500,23.34706,-2.99044,0
1785663274605477357,1324,0,,,,23.28550,-2.99044,1
1785663274624709247,1325,1,0.058824,558.500,178.500,23.41632,-0.88748,0
1785663274644808086,1326,1,0.074510,548.500,201.500,23.31086,-1.88658,0
1785663274665672251,1327,1,0.031373,559.500,201.500,23.43344,0.04899,0
1785663274685094431,1328,1,0.094118,553.500,193.500,23.44781,0.21572,0
1785663274705056480,1329,1,0.043137,553.500,199.500,23.46009,0.31723,0
1785663274725309609,1330,1,0.066667,555.500,195.500,23.50609,0.82600,0
1785663274745545239,1331,1,0.043137,551.500,204.500,23.47630,0.22684,0
1785663274765200750,1332,1,0.035294,554.500,201.500,23.49464,0.40550,0
1785663274785154924,1333,1,0.050980,554.500,200.500,23.51069,0.50772,0
1785663274805254055,1334,1,0.054902,553.500,201.500,23.50561,0.31170,0
1785663274828779068,1335,1,0.062745,548.500,201.500,23.40505,-1.06952,0
1785663274848545119,1336,1,0.050980,549.500,201.500,23.32541,-1.81904,0
1785663274868384378,1337,1,0.050980,554.500,193.500,23.34946,-1.04844,0
1785663274888894921,1338,0,,,,23.32795,-1.04844,1
1785663274908460891,1339,1,0.043137,554.500,198.500,23.39074,-0.06606,0
1785663274928723646,1340,1,0.031373,553.500,201.500,23.42192,0.31407,0
1785663274954192764,1341,0,,,,23.42992,0.31407,1
1785663274968768743,1342,0,,,,23.43450,0.31407,1
1785663274988871957,1343,1,0.058824,549.500,201.500,23.34948,-0.63142,0
1785663275008485468,1344,1,0.035294,554.500,201.500,23.40832,0.12309,0
1785663275028406976,1345,1,0.039216,560.500,198.500,23.56787,1.90930,0
1785663275048590981,1346,0,,,,23.60641,1.90930,1
1785663275068847611,1347,1,0.039216,554.500,202.500,23.61211,1.53022,0
1785663275088873534,1348,1,0.050980,554.500,193.500,23.60944,1.14180,0
1785663275108630544,1349,1,0.035294,553.500,201.500,23.57950,0.50733,0
1785663275129285002,1350,1,0.070588,559.500,198.500,23.65392,1.30555,0
1785663275148634849,1351,1,0.054902,559.500,198.500,23.71831,1.80353,0
1785663275168579399,1352,1,0.031373,552.500,202.500,23.64778,0.43584,0
1785663275188624864,1353,1,0.066667,556.500,200.500,23.63799,0.19735,0
1785663275208905993,1354,0,,,,23.64199,0.19735,1
1785663275229052665,1355,1,0.078431,560.500,198.500,23.71428,1.00407,0
1785663275248964256,1356,1,0.043137,552.500,198.500,23.60881,-0.46469,0
1785663275268917847,1357,0,,,,23.59954,-0.46469,1
1785663275289279767,1358,0,,,,23.59008,-0.46469,1
1785663275313176110,1359,0,,,,23.57898,-0.46469,1
1785663275330167273,1360,1,0.050980,553.500,201.500,23.47781,-1.32965,0
1785663275348885959,1361,0,,,,23.45292,-1.32965,1
1785663275369261004,1362,1,0.035294,554.500,201.500,23.44305,-1.16458,0
1785663275392560561,1363,1,0.054902,553.500,201.500,23.41391,-1.18591,0
1785663275410104718,1364,1,0.074510,559.500,198.500,23.51255,0.20289,0
1785663275429160568,1365,1,0.035294,553.500,201.500,23.49780,-0.02945,0
1785663275450249606,1366,1,0.050980,553.500,195.500,23.48333,-0.20833,0
1785663275473181958,1367,0,,,,23.47856,-0.20833,1
1785663275492514889,1368,1,0.058824,556.500,200.500,23.53456,0.50726,0
1785663275512502604,1369,0,,,,23.54470,0.50726,1
1785663275532548069,1370,1,0.031373,556.500,198.500,23.58924,0.88155,0
1785663275552482702,1371,1,0.058824,548.500,201.500,23.45228,-0.83412,0
1785663275573125786,1372,1,0.066667,549.500,201.500,23.35728,-1.74646,0
1785663275592520258,1373,1,0.058824,559.500,197.500,23.45874,-0.08197,0
1785663275612878678,1374,0,,,,23.45707,-0.08197,1
1785663275632783561,1375,1,0.101961,553.500,198.500,23.45800,-0.05182,0
1785663275652828151,1376,1,0.054902,554.500,201.500,23.47853,0.20178,0
1785663275672382746,1377,1,0.039216,555.500,201.500,23.51418,0.58440,0
1785663275700243340,1378,1,0.058824,553.500,201.500,23.51216,0.35499,0
1785663275720719301,1379,1,0.047059,553.500,201.500,23.50220,0.13486,0
1785663275741019096,1380,1,0.054902,560.500,198.500,23.61850,1.59751,0
1785663275761345434,1381,1,0.070588,555.500,204.500,23.63531,1.39555,0
1785663275784626324,1382,0,,,,23.66780,1.39555,1
1785663275804452167,1383,0,,,,23.69546,1.39555,1
1785663275824536131,1384,1,0.039216,559.500,198.500,23.76052,1.78386,0
1785663275846934447,1385,1,0.035294,554.500,201.500,23.66948,0.38864,0
1785663275864503396,1386,0,0.035294,554.500,201.500,23.67631,0.38864,1
1785663275885087272,1387,1,0.047059,554.500,201.500,23.59509,-0.58565,0
1785663275904494868,1388,1,0.039216,553.500,193.500,23.51872,-1.32263,0
1785663275924600707,1389,0,,,,23.49213,-1.32263,1
1785663275944670964,1390,1,0.043137,554.500,201.500,23.45877,-1.39980,0
1785663275964644388,1391,1,0.047059,553.500,201.500,23.41968,-1.52822,0
1785663275984835976,1392,1,0.047059,548.500,200.500,23.30170,-2.57570,0
1785663276004499945,1393,1,0.035294,553.500,201.500,23.29567,-2.02011,0
1785663276024387328,1394,1,0.062745,552.500,197.500,23.28988,-1.58257,0
1785663276044909955,1395,1,0.039216,554.500,201.500,23.33253,-0.61740,0
1785663276064746880,1396,1,0.031373,553.500,199.500,23.36806,-0.00207,0
1785663276084574181,1397,0,,,,23.36802,-0.00207,1
1785663276105022725,1398,1,0.070588,549.500,201.500,23.32628,-0.49446,0
1785663276124587820,1399,0,,,,23.31660,-0.49446,1
1785663276144756950,1400,1,0.058824,554.500,201.500,23.40901,0.62029,0
1785663276164984122,1401,1,0.078431,554.500,201.500,23.47318,1.19437,0
1785663276185087336,1402,1,0.050980,560.500,199.500,23.63327,2.79152,0
1785663276204763846,1403,1,0.078431,551.500,193.500,23.60702,1.79231,0
1785663276224552064,1404,0,,,,23.64249,1.79231,1
1785663276244830860,1405,1,0.054902,554.500,201.500,23.62588,1.16821,0
1785663276265298071,1406,1,0.054902,549.500,201.500,23.50581,-0.52503,0
1785663276287037644,1407,1,0.035294,553.500,201.500,23.47089,-0.80940,0
1785663276305039587,1408,1,0.090196,552.500,193.500,23.42925,-1.14597,0
1785663276325514673,1409,1,0.031373,554.500,201.500,23.42855,-0.85696,0
1785663276344778479,1410,1,0.047059,549.500,179.500,23.35198,-1.62716,0
1785663276365070108,1411,1,0.039216,552.500,192.500,23.33453,-1.42695,0
1785663276388907243,1412,0,,,,23.30051,-1.42695,1
1785663276405117622,1413,0,,,,23.27738,-1.42695,1
1785663276432441680,1414,0,,,,23.23839,-1.42695,1
1785663276457836466,1415,1,0.039216,554.500,201.500,23.40819,0.44908,0
1785663276478243011,1416,1,0.094118,549.500,201.500,23.35396,-0.17995,0
1785663276498099186,1417,1,0.035294,553.500,198.500,23.39961,0.37360,0
1785663276516451252,1418,0,,,,23.40647,0.37360,1
1785663276539058691,1419,1,0.039216,558.500,196.500,23.56441,2.11153,0
1785663276557896668,1420,1,0.043137,549.500,201.500,23.47776,0.61653,0
1785663276577364180,1421,0,,,,23.48976,0.61653,1
1785663276597306896,1422,0,,,,23.50206,0.61653,1
1785663276620193458,1423,1,0.035294,552.500,199.500,23.46198,0.06073,0
1785663276638717313,1424,1,0.050980,552.500,198.500,23.44251,-0.15767,0
1785663276656670674,1425,0,0.050980,552.500,198.500,23.43968,-0.15767,1
1785663276678015501,1426,1,0.098039,552.500,193.500,23.42655,-0.26483,0
1785663276699216537,1427,0,0.098039,552.500,193.500,23.42094,-0.26483,1
1785663276717964974,1428,1,0.058824,553.500,195.500,23.44082,0.00447,0
1785663276742942056,1429,1,0.031373,553.500,195.500,23.45273,0.13723,0
1785663276760520921,1430,0,0.031373,553.500,195.500,23.45514,0.13723,1
1785663276780279388,1431,0,,,,23.45785,0.13723,1
1785663276802400332,1432,0,,,,23.46089,0.13723,1
1785663276823550620,1433,1,0.031373,555.500,204.500,23.52891,0.73662,0
1785663276843415545,1434,1,0.047059,554.500,199.500,23.53198,0.62270,0
1785663276861885734,1435,1,0.058824,553.500,197.500,23.51389,0.29692,0
1785663276882044073,1436,1,0.086275,560.500,198.500,23.62391,1.55806,0
1785663276900989382,1437,0,,,,23.65343,1.55806,1
1785663276920914973,1438,1,0.035294,554.500,201.500,23.60793,0.64558,0
1785663276940361944,1439,0,0.035294,554.500,201.500,23.62048,0.64558,1
1785663276960352285,1440,0,,,,23.63339,0.64558,1
1785663276982684685,1441,1,0.054902,555.500,201.500,23.59109,0.08271,0
1785663277000589046,1442,0,0.054902,555.500,201.500,23.59257,0.08271,1
1785663277021968581,1443,1,0.039216,555.500,201.500,23.56847,-0.17514,0
1785663277040458020,1444,0,0.039216,555.500,201.500,23.56523,-0.17514,1
1785663277062743171,1445,1,0.050980,553.500,201.500,23.50137,-0.79497,0
1785663277081820896,1446,0,0.050980,553.500,201.500,23.48620,-0.79497,1
1785663277100409209,1447,1,0.043137,554.500,201.500,23.47412,-0.76640,0
1785663277120536923,1448,1,0.050980,556.500,194.500,23.50867,-0.21076,0
1785663277140392806,1449,1,0.031373,549.500,201.500,23.40907,-1.34233,0
1785663277160468896,1450,0,,,,23.38212,-1.34233,1
1785663277183961826,1451,1,0.078431,547.500,200.500,23.25166,-2.48649,0
1785663277200637700,1452,0,0.078431,547.500,200.500,23.21020,-2.48649,1
1785663277220679957,1453,1,0.050980,553.500,201.500,23.27898,-1.18344,0
1785663277240453008,1454,0,,,,23.25558,-1.18344,1
1785663277260635846,1455,0,,,,23.23169,-1.18344,1
1785663277280785435,1456,0,,,,23.20785,-1.18344,1
1785663277300602236,1457,0,,,,,,0
1785663277320550868,1458,1,0.054902,554.500,196.500,23.50758,0.00000,0
1785663277340966746,1459,0,,,,23.50758,0.00000,1
1785663277360554882,1460,1,0.066667,555.500,195.500,23.54794,0.92822,0
1785663277386340873,1461,1,0.039216,554.500,200.500,23.54139,0.37147,0
1785663277404652980,1462,0,,,,23.54819,0.37147,1
1785663277424359532,1463,0,,,,23.55551,0.37147,1
1785663277446595100,1464,0,,,,23.56377,0.37147,1
1785663277466037113,1465,1,0.047059,553.500,195.500,23.48523,-0.43261,0
1785663277484210971,1466,0,,,,23.47736,-0.43261,1
1785663277504445726,1467,0,,,,23.46861,-0.43261,1
1785663277525965551,1468,1,0.062745,553.500,202.500,23.45480,-0.47188,0
1785663277547218796,1469,1,0.109804,554.500,198.500,23.47187,-0.20680,0
1785663277564365415,1470,0,0.109804,554.500,198.500,23.46832,-0.20680,1
1785663277585913823,1471,1,0.086275,559.500,194.500,23.60405,1.33232,0
1785663277608716468,1472,1,0.031373,554.500,201.500,23.58755,0.78843,0
1785663277624579934,1473,0,0.031373,554.500,201.500,23.60006,0.78843,1
1785663277646420006,1474,1,0.047059,553.500,201.500,23.54306,-0.06515,0
1785663277664970694,1475,0,0.047059,553.500,201.500,23.54185,-0.06515,1
1785663277684310333,1476,0,,,,23.54059,-0.06515,1
1785663277710993648,1477,0,,,,23.53885,-0.06515,1
1785663277725281337,1478,0,,,,,,0
1785663277744408353,1479,1,0.031373,554.500,198.500,23.50699,0.00000,0
1785663277764578067,1480,1,0.050980,548.500,181.500,23.30448,-7.43058,0
1785663277784446783,1481,1,0.035294,553.500,201.500,23.16316,-7.25288,0
1785663277804512373,1482,1,0.054902,549.500,201.500,23.00541,-7.51238,0
1785663277825678993,1483,1,0.035294,555.500,201.500,23.08318,-3.49439,0
1785663277844734843,1484,0,,,,23.01659,-3.49439,1
1785663277866472833,1485,1,0.047059,551.500,202.500,23.13497,-1.11013,0
1785663277884765399,1486,1,0.035294,553.500,201.500,23.26880,0.69295,0
1785663277907592961,1487,0,,,,23.28462,0.69295,1
1785663277924557290,1488,0,,,,23.29638,0.69295,1
1785663277944911044,1489,1,0.062745,558.500,194.500,23.57397,3.34034,0
1785663277965018925,1490,1,0.035294,548.500,201.500,23.51081,1.98523,0
1785663277985063515,1491,1,0.039216,553.500,199.500,23.54729,1.94779,0
1785663278004800691,1492,0,,,,23.58573,1.94779,1
1785663278028725284,1493,1,0.035294,555.500,204.500,23.63306,1.95607,0
1785663278050605022,1494,1,0.054902,559.500,197.500,23.71942,2.46540,0
1785663278068654340,1495,0,0.054902,559.500,197.500,23.76392,2.46540,1
1785663278088743263,1496,1,0.043137,549.500,201.500,23.58006,-0.19907,0
1785663278108699187,1497,1,0.035294,549.500,195.500,23.44053,-1.76690,0
1785663278128516863,1498,1,0.054902,553.500,193.500,23.40096,-1.82164,0
1785663278148635535,1499,1,0.047059,560.500,198.500,23.50009,-0.13285,0
1785663278168487627,1500,1,0.035294,554.500,201.500,23.49880,-0.11565,0
1785663278188511217,1501,1,0.039216,553.500,201.500,23.48098,-0.31469,0
1785663278208853888,1502,1,0.058824,554.500,201.500,23.48222,-0.21636,0
1785663278228661855,1503,0,,,,23.47794,-0.21636,1
1785663278248617654,1504,0,,,,23.47362,-0.21636,1
1785663278268370289,1505,1,0.074510,562.500,195.500,23.70802,2.31841,0
1785663278288769833,1506,1,0.035294,553.500,201.500,23.65656,1.25921,0
1785663278308501760,1507,1,0.047059,552.500,194.500,23.59039,0.22212,0
1785663278330692203,1508,0,,,,23.59532,0.22212,1
1785663278348621064,1509,0,,,,23.59930,0.22212,1
1785663278368416574,1510,1,0.105882,547.500,184.500,23.35726,-2.36017,0
1785663278388557413,1511,0,,,,23.30972,-2.36017,1
1785663278410966645,1512,0,,,,23.25683,-2.36017,1
1785663278428849590,1513,1,0.043137,554.500,201.500,23.34979,-1.08296,0
1785663278449028054,1514,1,0.035294,555.500,201.500,23.41913,-0.16366,0
1785663278468447900,1515,0,,,,23.41595,-0.16366,1
1785663278488454282,1516,1,0.039216,554.500,201.500,23.46005,0.35317,0
1785663278508992367,1517,0,,,,23.46730,0.35317,1
1785663278528742377,1518,1,0.035294,560.500,199.500,23.65014,2.25750,0
1785663278548680218,1519,1,0.031373,550.500,200.500,23.56660,0.81715,0
1785663278569301719,1520,1,0.066667,553.500,201.500,23.54557,0.36722,0
1785663278588692982,1521,1,0.043137,549.500,201.500,23.45058,-0.90129,0
1785663278608728530,1522,1,0.054902,549.500,201.500,23.35995,-1.82695,0
1785663278628967660,1523,0,,,,23.32297,-1.82695,1
1785663278652850211,1524,1,0.054902,554.500,201.500,23.35995,-0.88216,0
1785663278674418744,1525,1,0.043137,560.500,198.500,23.53574,1.40247,0
1785663278693004141,1526,0,,,,23.56180,1.40247,1
1785663278712536861,1527,0,,,,23.58919,1.40247,1
1785663278732674783,1528,1,0.031373,559.500,200.500,23.72175,2.47656,0
1785663278752497417,1529,1,0.054902,553.500,190.500,23.66899,1.39863,0
1785663278772459758,1530,1,0.050980,554.500,202.500,23.63799,0.72780,0
1785663278792458265,1531,1,0.129412,549.500,201.500,23.51491,-0.94578,0
1785663278812711978,1532,1,0.058824,553.500,193.500,23.46784,-1.29916,0
1785663278832660027,1533,1,0.086275,552.500,202.500,23.41155,-1.69048,0
1785663278853330819,1534,1,0.047059,554.500,197.500,23.40196,-1.36250,0
1785663278874833019,1535,0,,,,23.37267,-1.36250,1
1785663278894807151,1536,1,0.043137,555.500,199.500,23.44115,-0.23203,0
1785663278912757012,1537,0,0.043137,555.500,199.500,23.43699,-0.23203,1
1785663278932608813,1538,1,0.117647,560.500,198.500,23.61613,1.77094,0
1785663278952419780,1539,1,0.054902,554.500,201.500,23.61631,1.38303,0
1785663278972510745,1540,1,0.101961,560.500,197.500,23.72007,2.27339,0
1785663278992456460,1541,0,,,,23.76541,2.27339,1
1785663279012636382,1542,0,,,,23.81129,2.27339,1
1785663279032760305,1543,1,0.031373,555.500,201.500,23.71996,0.83511,0
1785663279052612105,1544,1,0.035294,548.500,198.500,23.51184,-1.57392,0
1785663279072714736,1545,1,0.074510,549.500,181.500,23.37217,-2.81200,0
1785663279092703910,1546,0,,,,23.31596,-2.81200,1
1785663279112502627,1547,1,0.047059,553.500,193.500,23.30943,-2.24575,0
1785663279132495885,1548,0,,,,23.26453,-2.24575,1
1785663279152498183,1549,1,0.031373,553.500,195.500,23.30796,-1.28106,0
1785663279172419691,1550,1,0.035294,553.500,201.500,23.34313,-0.60216,0
1785663279194703967,1551,1,0.078431,555.500,196.500,23.41605,0.42050,0
1785663279212491080,1552,1,0.062745,552.500,201.500,23.42865,0.48375,0
1785663279232391588,1553,0,,,,23.43828,0.48375,1
1785663279252696050,1554,1,0.043137,553.500,201.500,23.46596,0.69487,0
1785663279272449851,1555,0,,,,23.47969,0.69487,1
1785663279299835534,1556,1,0.062745,553.500,199.500,23.48876,0.58759,0
1785663279326946011,1557,1,0.054902,555.500,197.500,23.53727,0.95633,0
1785663279344149796,1558,0,0.054902,555.500,197.500,23.55373,0.95633,1
1785663279364560424,1559,1,0.035294,553.500,201.500,23.53148,0.48190,0
1785663279384282434,1560,1,0.031373,554.500,200.500,23.53383,0.39893,0
1785663279404587188,1561,0,,,,23.54193,0.39893,1
1785663279424912359,1562,1,0.039216,556.500,200.500,23.58274,0.76977,0
1785663279444819575,1563,1,0.043137,548.500,198.500,23.44889,-0.94777,0
1785663279464487627,1564,0,,,,23.43024,-0.94777,1
1785663279484470384,1565,1,0.074510,554.500,198.500,23.44277,-0.59231,0
1785663279504524308,1566,1,0.058824,553.500,199.500,23.43491,-0.54622,0
1785663279525084559,1567,1,0.043137,555.500,204.500,23.46773,-0.01834,0
1785663279549357523,1568,0,,,,23.46728,-0.01834,1
1785663279564692910,1569,1,0.086275,552.500,201.500,23.44129,-0.32135,0
1785663279584525752,1570,1,0.070588,549.500,202.500,23.36266,-1.16971,0
1785663279608414179,1571,1,0.031373,554.500,201.500,23.38867,-0.51695,0
1785663279628570184,1572,1,0.047059,553.500,201.500,23.40447,-0.19040,0
1785663279648420818,1573,1,0.062745,553.500,201.500,23.42315,0.09485,0
1785663279671066465,1574,1,0.031373,560.500,197.500,23.57162,1.97092,0
1785663279688478790,1575,0,0.031373,560.500,197.500,23.60594,1.97092,1
1785663279708694003,1576,1,0.031373,553.500,201.500,23.58875,1.29457,0
1785663279728343097,1577,1,0.054902,559.500,195.500,23.68796,2.16198,0
1785663279748480144,1578,1,0.043137,554.500,201.500,23.67238,1.45036,0
1785663279768621567,1579,1,0.039216,553.500,198.500,23.62790,0.53761,0
1785663279788314118,1580,0,,,,23.63848,0.53761,1
1785663279808424333,1581,1,0.035294,553.500,202.500,23.56258,-0.48037,0
1785663279828776336,1582,0,,,,23.55280,-0.48037,1
1785663279848564262,1583,0,,,,23.54330,-0.48037,1
1785663279868380188,1584,1,0.066667,553.500,201.500,23.47372,-1.07696,0
1785663279888465027,1585,0,,,,23.45209,-1.07696,1
1785663279908420076,1586,1,0.039216,554.500,201.500,23.45005,-0.88359,0
1785663279930302065,1587,0,,,,23.43071,-0.88359,1
1785663279948531923,1588,1,0.054902,554.500,201.500,23.44721,-0.54581,0
1785663279968398598,1589,1,0.054902,549.500,201.500,23.35717,-1.41396,0
1785663279988768976,1590,1,0.043137,554.500,200.500,23.38040,-0.79943,0
1785663280010116428,1591,0,,,,23.36333,-0.79943,1
1785663280028907156,1592,1,0.031373,549.500,201.500,23.29961,-1.36982,0
1785663280048499667,1593,1,0.031373,554.500,201.500,23.35563,-0.39687,0
1785663280068778463,1594,1,0.047059,551.500,197.500,23.35343,-0.32618,0
1785663280089681711,1595,0,,,,23.34661,-0.32618,1
1785663280109734217,1596,1,0.133333,552.500,193.500,23.37673,0.09890,0
1785663280128583861,1597,1,0.054902,554.500,193.500,23.43940,0.80665,0
1785663280148950739,1598,0,,,,23.45583,0.80665,1
1785663280168914830,1599,0,,,,23.47194,0.80665,1
1785663280188992086,1600,0,,,,23.48813,0.80665,1
1785663280209260966,1601,1,0.031373,549.500,181.500,23.37550,-0.38812,0
1785663280228757811,1602,1,0.066667,554.500,201.500,23.43107,0.23111,0
1785663280254260888,1603,1,0.043137,554.500,201.500,23.47218,0.62631,0
1785663280272193541,1604,0,0.043137,554.500,201.500,23.48341,0.62631,1
1785663280293361036,1605,1,0.031373,554.500,194.500,23.51620,0.85213,0
1785663280313200878,1606,0,,,,23.53311,0.85213,1
1785663280332510767,1607,0,,,,23.54956,0.85213,1
1785663280354670961,1608,0,,,,23.56845,0.85213,1
1785663280372315033,1609,0,,,,,,0
1785663280392266874,1610,0,,,,,,0
1785663280412887208,1611,1,0.047059,554.500,197.500,23.50729,0.00000,0
1785663280432691176,1612,1,0.070588,552.500,193.500,23.43979,-2.49796,0
1785663280452613267,1613,1,0.078431,555.500,195.500,23.43702,-1.16757,0
1785663280472523108,1614,1,0.050980,548.500,201.500,23.26943,-4.25097,0
1785663280492815321,1615,0,,,,23.18317,-4.25097,1
1785663280512743537,1616,1,0.066667,553.500,201.500,23.23967,-2.32332,0
1785663280532727461,1617,0,,,,23.19324,-2.32332,1
1785663280552786050,1618,1,0.043137,553.500,201.500,23.29425,-0.71531,0
1785663280572793599,1619,1,0.039216,549.500,201.500,23.27007,-0.82259,0
1785663280592790065,1620,0,,,,23.25362,-0.82259,1
1785663280612580324,1621,1,0.070588,555.500,189.500,23.39380,0.88757,0
1785663280633160408,1622,1,0.031373,554.500,201.500,23.47271,1.57260,0
1785663280652551088,1623,1,0.050980,555.500,201.500,23.54944,2.12324,0
1785663280672908342,1624,1,0.078431,554.500,197.500,23.59226,2.11822,0
1785663280693004848,1625,0,,,,23.63483,2.11822,1
1785663280712887564,1626,1,0.058824,560.500,197.500,23.76943,3.21127,0
1785663280733010029,1627,0,,,,23.83405,3.21127,1
1785663280760577126,1628,1,0.066667,553.500,198.500,23.69596,0.77736,0
1785663280776948878,1629,0,0.066667,553.500,198.500,23.70869,0.77736,1
1785663280793167423,1630,0,,,,23.72130,0.77736,1
1785663280815172035,1631,1,0.031373,554.500,203.500,23.60363,-0.54866,0
1785663280833327519,1632,0,,,,23.59367,-0.54866,1
1785663280852944530,1633,1,0.035294,560.500,194.500,23.67993,0.42536,0
1785663280873113952,1634,1,0.058824,555.500,203.500,23.63046,-0.19885,0
1785663280898840568,1635,0,,,,23.62534,-0.19885,1
1785663280917145759,1636,0,,,,23.62170,-0.19885,1
1785663280938298671,1637,1,0.047059,553.500,201.500,23.51056,-1.29049,0
1785663280956445113,1638,0,0.047059,553.500,201.500,23.48714,-1.29049,1
1785663280978621765,1639,1,0.031373,551.500,202.500,23.39066,-1.97603,0
1785663280996584168,1640,0,0.031373,551.500,202.500,23.35516,-1.97603,1
1785663281016428093,1641,1,0.090196,553.500,201.500,23.35736,-1.54516,0
1785663281036731097,1642,1,0.043137,555.500,201.500,23.40205,-0.70689,0
1785663281056681188,1643,1,0.043137,554.500,202.500,23.42617,-0.25433,0
1785663281076453364,1644,0,,,,23.42114,-0.25433,1
1785663281096692785,1645,1,0.035294,554.500,196.500,23.45924,0.25118,0
1785663281117401202,1646,1,0.031373,547.500,201.500,23.34761,-1.12109,0
1785663281137302585,1647,1,0.082353,557.500,200.500,23.44895,0.37581,0
1785663281156594974,1648,0,0.082353,557.500,200.500,23.45620,0.37581,1
1785663281180852064,1649,1,0.039216,559.500,198.500,23.61312,2.07651,0
1785663281199363377,1650,1,0.047059,549.500,201.500,23.50269,0.34103,0
1785663281216683536,1651,0,0.047059,549.500,201.500,23.50860,0.34103,1
1785663281236513462,1652,1,0.074510,557.500,195.500,23.58646,1.15097,0
1785663281256606468,1653,1,0.098039,555.500,192.500,23.60436,1.09061,0
1785663281276939222,1654,1,0.078431,555.500,195.500,23.61331,0.93177,0
1785663281296676106,1655,0,,,,23.63170,0.93177,1
1785663281316809945,1656,0,,,,23.65046,0.93177,1
1785663281336837911,1657,0,,,,23.66912,0.93177,1
1785663281356599295,1658,1,0.050980,554.500,203.500,23.58303,-0.05649,0
1785663281377024798,1659,1,0.031373,553.500,201.500,23.51903,-0.68028,0
1785663281396774224,1660,1,0.058824,548.500,180.500,23.38196,-2.04091,0
1785663281421925638,1661,1,0.058824,556.500,198.500,23.42438,-0.89751,0
1785663281437060652,1662,0,0.058824,556.500,198.500,23.41080,-0.89751,1
1785663281456620205,1663,1,0.039216,560.500,199.500,23.56881,1.20547,0
1785663281476579338,1664,1,0.054902,553.500,193.500,23.55656,0.77157,0
1785663281496674094,1665,1,0.043137,555.500,194.500,23.57648,0.82551,0
1785663281517066347,1666,0,,,,23.59332,0.82551,1
1785663281544494738,1667,1,0.047059,553.500,201.500,23.54078,-0.03255,0
1785663281560267329,1668,0,0.047059,553.500,201.500,23.54027,-0.03255,1
1785663281581945527,1669,1,0.062745,560.500,199.500,23.66998,1.39299,0
1785663281602734151,1670,1,0.043137,559.500,198.500,23.72470,1.68335,0
1785663281623329111,1671,1,0.035294,549.500,201.500,23.56938,-0.57932,0
1785663281640315607,1672,0,0.035294,549.500,201.500,23.55954,-0.57932,1
1785663281660459071,1673,1,0.043137,550.500,195.500,23.42605,-2.00236,0
1785663281681875355,1674,1,0.070588,553.500,195.500,23.40091,-1.79380,0
1785663281700360711,1675,0,0.070588,553.500,195.500,23.36775,-1.79380,1
1785663281722512571,1676,1,0.074510,560.500,199.500,23.54652,0.67771,0
1785663281741193050,1677,0,0.074510,560.500,199.500,23.55918,0.67771,1
1785663281762650167,1678,1,0.062745,555.500,193.500,23.57679,0.71084,0
1785663281782641091,1679,1,0.058824,560.500,198.500,23.68092,1.71290,0
1785663281800391746,1680,0,0.058824,560.500,198.500,23.71133,1.71290,1
1785663281821477284,1681,1,0.058824,553.500,194.500,23.63157,0.41359,0
1785663281840827714,1682,1,0.047059,555.500,195.500,23.60702,0.03919,0
1785663281860485266,1683,1,0.054902,554.500,194.500,23.56657,-0.45633,0
1785663281880658480,1684,0,,,,23.55737,-0.45633,1
1785663281900358906,1685,1,0.031373,553.500,201.500,23.49366,-1.09474,0
1785663281920919158,1686,1,0.035294,554.500,200.500,23.46709,-1.14231,0
1785663281940859916,1687,1,0.070588,553.500,198.500,23.43282,-1.28084,0
1785663281960629467,1688,1,0.035294,556.500,201.500,23.46259,-0.59618,0
1785663281980586266,1689,0,,,,23.45069,-0.59618,1
1785663282000502815,1690,0,,,,23.43882,-0.59618,1
1785663282021038859,1691,0,,,,23.42657,-0.59618,1
1785663282040539496,1692,1,0.058824,549.500,201.500,23.30706,-1.62144,0
1785663282060665460,1693,0,,,,23.27443,-1.62144,1
1785663282092038561,1694,1,0.086275,549.500,201.500,23.21166,-1.73569,0
1785663282114190421,1695,1,0.058824,552.500,193.500,23.28070,-0.57154,0
1785663282134622924,1696,0,0.058824,552.500,193.500,23.26902,-0.57154,1
1785663282154981927,1697,1,0.082353,556.500,196.500,23.44296,1.54825,0
1785663282174970226,1698,1,0.043137,555.500,203.500,23.52434,2.13794,0
1785663282194062826,1699,1,0.062745,549.500,195.500,23.46482,0.91706,0
1785663282214538203,1700,1,0.050980,556.500,194.500,23.53791,1.59977,0
1785663282232998184,1701,0,,,,23.56744,1.59977,1
1785663282252488905,1702,0,,,,23.59862,1.59977,1
1785663282272708784,1703,0,,,,23.63096,1.59977,1
1785663282293477867,1704,0,,,,,,0
1785663282312372135,1705,0,,,,,,0
1785663282334607703,1706,1,0.070588,554.500,194.500,23.50817,0.00000,0
1785663282352933227,1707,0,,,,23.50817,0.00000,1
1785663282374417469,1708,1,0.078431,552.500,205.500,23.42503,-1.91966,0
1785663282393759275,1709,0,,,,23.38790,-1.91966,1
1785663282412661834,1710,0,,,,23.35162,-1.91966,1
1785663282434005203,1711,1,0.054902,549.500,181.500,23.26068,-2.52286,0
1785663282455038241,1712,1,0.047059,554.500,200.500,23.35322,-0.84338,0
1785663282472850145,1713,0,0.047059,554.500,200.500,23.33820,-0.84338,1
1785663282497823852,1714,1,0.058824,560.500,199.500,23.58075,2.04426,0
1785663282516497915,1715,0,,,,23.61892,2.04426,1
1785663282537745909,1716,1,0.035294,549.500,201.500,23.46481,-0.06440,0
1785663282557805374,1717,1,0.043137,555.500,201.500,23.50433,0.38937,0
1785663282577803589,1718,1,0.105882,549.500,201.500,23.41875,-0.71709,0
1785663282597913220,1719,1,0.047059,549.500,201.500,23.35047,-1.38730,0
1785663282617886061,1720,1,0.070588,554.500,194.500,23.38718,-0.56409,0
1785663282637814569,1721,1,0.050980,552.500,201.500,23.38899,-0.39558,0
1785663282656607921,1722,0,,,,23.38155,-0.39558,1
1785663282677204047,1723,0,,,,23.37341,-0.39558,1
1785663282697943672,1724,1,0.062745,560.500,199.500,23.61594,2.26479,0
1785663282716723316,1725,0,,,,23.65847,2.26479,1
1785663282738774553,1726,1,0.039216,554.500,201.500,23.61675,1.33405,0
1785663282757933360,1727,1,0.054902,552.500,197.500,23.54936,0.33665,0
1785663282778491278,1728,1,0.050980,555.500,197.500,23.55684,0.34324,0
1785663282797921624,1729,1,0.066667,547.500,199.500,23.41917,-1.44132,0
1785663282816366439,1730,0,0.066667,547.500,199.500,23.39259,-1.44132,1
1785663282838308593,1731,1,0.035294,557.500,195.500,23.49044,0.09005,0
1785663282857710064,1732,0,,,,23.49219,0.09005,1
1785663282879467595,1733,1,0.090196,555.500,193.500,23.52866,0.46772,0
1785663282899103273,1734,1,0.039216,553.500,193.500,23.50781,0.13143,0
1785663282917989374,1735,1,0.039216,553.500,201.500,23.49124,-0.09307,0
1785663282938013256,1736,1,0.050980,556.500,195.500,23.53151,0.42733,0
1785663282958206886,1737,1,0.047059,553.500,201.500,23.51233,0.07394,0
1785663282979361548,1738,1,0.086275,553.500,195.500,23.49424,-0.17880,0
1785663282998138568,1739,1,0.074510,554.500,193.500,23.49658,-0.10525,0
1785663283016692756,1740,0,,,,23.49463,-0.10525,1
1785663283036767679,1741,0,,,,23.49252,-0.10525,1
1785663283057145057,1742,0,,,,23.49037,-0.10525,1
1785663283076798235,1743,0,,,,,,0
1785663283096913115,1744,1,0.035294,553.500,201.500,23.46271,0.00000,0
1785663283121815657,1745,1,0.062745,561.500,194.500,23.75654,9.60378,0
1785663283141716165,1746,1,0.054902,554.500,203.500,23.76226,4.85428,0
1785663283162498080,1747,1,0.043137,559.500,197.500,23.83809,4.35562,0
1785663283184039489,1748,1,0.031373,555.500,194.500,23.76289,1.60296,0
1785663283201851976,1749,1,0.043137,556.500,200.500,23.70558,0.35240,0
1785663283220221541,1750,0,0.043137,556.500,200.500,23.71206,0.35240,1
1785663283240384255,1751,1,0.039216,554.500,200.500,23.59863,-1.08174,0
1785663283260643218,1752,0,0.039216,554.500,200.500,23.57671,-1.08174,1
1785663283281290968,1753,1,0.031373,555.500,203.500,23.53773,-1.25878,0
1785663283300468442,1754,0,0.031373,555.500,203.500,23.51359,-1.25878,1
1785663283320145827,1755,1,0.039216,549.500,201.500,23.35873,-2.60984,0
1785663283341031576,1756,1,0.047059,558.500,195.500,23.45762,-0.93757,0
1785663283360239674,1757,0,,,,23.43961,-0.93757,1
1785663283380327722,1758,0,,,,23.42078,-0.93757,1
1785663283400745933,1759,1,0.031373,554.500,201.500,23.44444,-0.49923,0
1785663283420470276,1760,1,0.082353,554.500,196.500,23.46071,-0.22194,0
1785663283440850863,1761,0,,,,23.45618,-0.22194,1
1785663283460392624,1762,1,0.043137,561.500,197.500,23.64335,1.88844,0
1785663283480622129,1763,1,0.031373,553.500,201.500,23.61497,1.12955,0
1785663283500549179,1764,1,0.070588,547.500,201.500,23.47152,-0.86099,0
1785663283520743392,1765,0,,,,23.45413,-0.86099,1
1785663283540701358,1766,0,,,,23.43695,-0.86099,1
1785663283560951862,1767,0,,,,23.41951,-0.86099,1
1785663283581338282,1768,1,0.035294,559.500,197.500,23.61089,1.10954,0
1785663283600645546,1769,1,0.047059,555.500,201.500,23.61237,0.91216,0
1785663283620849093,1770,1,0.050980,560.500,198.500,23.70680,1.74900,0
1785663283641295304,1771,1,0.086275,550.500,201.500,23.60184,0.05299,0
1785663283660397820,1772,1,0.054902,549.500,201.500,23.47793,-1.53003,0
1785663283681273943,1773,1,0.039216,553.500,201.500,23.42788,-1.76460,0
1785663283700712456,1774,0,,,,23.39358,-1.76460,1
1785663283720527798,1775,1,0.058824,552.500,193.500,23.35535,-1.80354,0
1785663283740957676,1776,1,0.062745,553.500,199.500,23.35180,-1.41120,0
1785663283764188692,1777,0,,,,23.31902,-1.41120,1
1785663283785486270,1778,1,0.121569,559.500,198.500,23.50080,0.96421,0
1785663283805635567,1779,1,0.043137,555.500,204.500,23.55260,1.33350,0
1785663283824482586,1780,1,0.031373,549.500,201.500,23.47728,0.13675,0
1785663283844330303,1781,1,0.050980,549.500,201.500,23.40417,-0.80361,0
1785663283864534433,1782,0,,,,23.38794,-0.80361,1
1785663283884726271,1783,0,,,,23.37171,-0.80361,1
1785663283904430781,1784,1,0.054902,552.500,202.500,23.37560,-0.59413,0
1785663283924487329,1785,1,0.047059,559.500,195.500,23.53033,1.19814,0
1785663283944504503,1786,1,0.054902,548.500,201.500,23.44073,-0.10074,0
1785663283967778685,1787,0,,,,23.43839,-0.10074,1
1785663283986177375,1788,1,0.070588,549.500,201.500,23.35457,-1.04578,0
1785663284006208549,1789,0,,,,23.33362,-1.04578,1
1785663284027238795,1790,1,0.062745,554.500,202.500,23.39941,-0.09319,0
1785663284046923139,1791,1,0.066667,554.500,195.500,23.44794,0.46843,0
1785663284064814000,1792,1,0.070588,554.500,203.500,23.48416,0.79563,0
1785663284084785674,1793,1,0.035294,548.500,201.500,23.40950,-0.32269,0
1785663284108370895,1794,0,,,,23.40189,-0.32269,1
1785663284130074219,1795,0,,,,23.39489,-0.32269,1
1785663284150579637,1796,0,,,,23.38827,-0.32269,1
1785663284164905118,1797,1,0.058824,555.500,191.500,23.49767,0.77676,0
1785663284184666211,1798,1,0.047059,547.500,199.500,23.36660,-0.67783,0
1785663284204827758,1799,1,0.031373,548.500,201.500,23.29371,-1.32488,0
1785663284224974722,1800,1,0.094118,553.500,201.500,23.32572,-0.62458,0
1785663284245217935,1801,1,0.054902,553.500,201.500,23.36348,0.01046,0
1785663284264977570,1802,1,0.043137,547.500,198.500,23.29925,-0.82093,0
1785663284284888577,1803,1,0.082353,551.500,199.500,23.30753,-0.50134,0
1785663284304229091,1804,1,0.050980,549.500,200.500,23.28657,-0.64724,0
1785663284324239556,1805,1,0.043137,549.500,201.500,23.27464,-0.63410,0
1785663284344336354,1806,0,0.043137,549.500,201.500,23.26189,-0.63410,1
1785663284364635275,1807,1,0.066667,554.500,200.500,23.37799,0.88667,0
1785663284384354368,1808,0,,,,23.39548,0.88667,1
1785663284408108338,1809,1,0.058824,553.500,201.500,23.45610,1.31307,0
1785663284428080595,1810,1,0.035294,552.500,201.500,23.46476,1.11772,0
1785663284448078810,1811,1,0.058824,556.500,201.500,23.54235,1.76936,0
1785663284468074984,1812,0,,,,23.57773,1.76936,1
1785663284489831640,1813,1,0.039216,554.500,199.500,23.57773,1.32411,0
1785663284516247958,1814,1,0.039216,555.500,203.500,23.59826,1.15481,0
1785663284538781314,1815,1,0.047059,551.500,197.500,23.52180,-0.09371,0
1785663284557959080,1816,1,0.031373,554.500,201.500,23.51329,-0.17809,0
1785663284577995211,1817,1,0.031373,548.500,199.500,23.39847,-1.60122,0
1785663284598047968,1818,1,0.078431,547.500,202.500,23.28547,-2.64323,0
1785663284616482282,1819,0,0.078431,547.500,202.500,23.23674,-2.64323,1
1785663284636327958,1820,0,,,,23.18429,-2.64323,1
1785663284660549964,1821,1,0.047059,555.500,201.500,23.35780,-0.15505,0
1785663284678711781,1822,1,0.031373,556.500,200.500,23.47012,1.08006,0
1785663284698171002,1823,1,0.047059,554.500,201.500,23.50663,1.25771,0
1785663284727758954,1824,1,0.035294,553.500,193.500,23.52441,1.01580,0
1785663284758250064,1825,1,0.035294,556.500,201.500,23.58997,1.46026,0
1785663284783136397,1826,1,0.050980,550.500,202.500,23.49963,-0.17442,0
1785663284800165767,1827,0,,,,23.49666,-0.17442,1
1785663284828632314,1828,1,0.043137,559.500,198.500,23.62931,1.41299,0
1785663284853119984,1829,1,0.070588,553.500,198.500,23.57809,0.40991,0
1785663284868917450,1830,0,0.070588,553.500,198.500,23.58457,0.40991,1
1785663284891866428,1831,1,0.070588,555.500,195.500,23.57516,0.19635,0
1785663284910070620,1832,1,0.043137,559.500,198.500,23.64750,0.99282,0
1785663284928475768,1833,0,0.043137,559.500,198.500,23.66577,0.99282,1
1785663284949143643,1834,0,,,,23.68629,0.99282,1
1785663284968710488,1835,0,,,,23.70572,0.99282,1
1785663284989253239,1836,0,,,,,,0
1785663285008729668,1837,1,0.031373,555.500,201.500,23.54949,0.00000,0
1785663285033936998,1838,1,0.031373,553.500,201.500,23.47622,-2.37682,0
1785663285053661050,1839,1,0.047059,560.500,199.500,23.64323,3.08951,0
1785663285074024720,1840,1,0.082353,560.500,198.500,23.78711,4.71023,0
1785663285093844437,1841,1,0.082353,559.500,198.500,23.84410,4.10488,0
1785663285112154503,1842,0,,,,23.91926,4.10488,1
1785663285139922223,1843,1,0.070588,553.500,201.500,23.72265,0.42284,0
1785663285160318268,1844,0,,,,23.73127,0.42284,1
1785663285180335733,1845,0,,,,23.73974,0.42284,1
1785663285202178430,1846,1,0.070588,556.500,195.500,23.64364,-0.57638,0
1785663285222319269,1847,1,0.039216,553.500,201.500,23.53814,-1.52058,0
1785663285242149486,1848,1,0.039216,553.500,201.500,23.47460,-1.89376,0
1785663285262099577,1849,1,0.047059,560.500,199.500,23.55811,-0.41786,0
1785663285282481039,1850,1,0.070588,560.500,198.500,23.63522,0.67425,0
1785663285304746731,1851,1,0.031373,551.500,202.500,23.54072,-0.74638,0
1785663285320531781,1852,0,0.031373,551.500,202.500,23.52894,-0.74638,1
1785663285347209096,1853,1,0.031373,559.500,195.500,23.61068,0.45223,0
1785663285365942657,1854,0,,,,23.61915,0.45223,1
1785663285387314442,1855,0,,,,23.62882,0.45223,1
1785663285406320792,1856,1,0.074510,554.500,193.500,23.56255,-0.29572,0
1785663285426030844,1857,1,0.105882,553.500,195.500,23.50457,-0.83563,0
1785663285445949727,1858,1,0.039216,553.500,201.500,23.46243,-1.12285,0
1785663285466091149,1859,1,0.086275,549.500,186.500,23.36082,-2.08100,0
1785663285486201072,1860,1,0.066667,553.500,192.500,23.34440,-1.75877,0
1785663285506037706,1861,0,,,,23.30951,-1.75877,1
1785663285526358210,1862,0,,,,23.27377,-1.75877,1
1785663285546076719,1863,1,0.031373,554.500,202.500,23.36395,-0.42497,0
1785663285566224267,1864,0,,,,23.35539,-0.42497,1
1785663285586561979,1865,0,,,,23.34675,-0.42497,1
1785663285605636787,1866,1,0.129412,548.500,201.500,23.26338,-1.13457,0
1785663285625766834,1867,1,0.086275,556.500,198.500,23.39624,0.42866,0
1785663285645944131,1868,1,0.074510,549.500,183.500,23.36414,-0.02672,0
1785663285665839681,1869,1,0.082353,552.500,197.500,23.38658,0.25253,0
1785663285685809022,1870,1,0.058824,554.500,197.500,23.44251,0.90085,0
1785663285705781279,1871,1,0.031373,555.500,203.500,23.51081,1.55334,0
1785663285725703662,1872,1,0.031373,553.500,201.500,23.53484,1.46341,0
1785663285745715877,1873,0,,,,23.56413,1.46341,1
1785663285765665385,1874,1,0.039216,553.500,201.500,23.55522,1.01130,0
1785663285785636475,1875,1,0.031373,553.500,201.500,23.54223,0.62209,0
1785663285805647816,1876,1,0.043137,549.500,201.500,23.45233,-0.60660,0
1785663285825690947,1877,1,0.054902,560.500,198.500,23.56435,0.92833,0
1785663285846294657,1878,1,0.043137,559.500,197.500,23.65626,1.84799,0
1785663285866375121,1879,0,,,,23.69337,1.84799,1
1785663285886219630,1880,1,0.031373,556.500,201.500,23.69668,1.45399,0
1785663285906452343,1881,1,0.031373,554.500,201.500,23.65185,0.58305,0
1785663285926279352,1882,0,,,,23.66341,0.58305,1
1785663285948060508,1883,1,0.082353,560.500,198.500,23.73962,1.29666,0
1785663285966659029,1884,1,0.039216,553.500,201.500,23.65015,-0.00236,0
1785663285989540340,1885,1,0.086275,547.500,201.500,23.45327,-2.36353,0
1785663286009887385,1886,1,0.035294,555.500,201.500,23.42290,-2.14281,0
1785663286029958517,1887,1,0.066667,560.500,198.500,23.50374,-0.56576,0
1785663286052200960,1888,1,0.031373,556.500,201.500,23.52399,-0.14381,0
1785663286070557775,1889,1,0.105882,549.500,201.500,23.42504,-1.38561,0
1785663286089106422,1890,1,0.039216,553.500,193.500,23.40511,-1.31112,0
1785663286114537541,1891,0,,,,23.37177,-1.31112,1
1785663286128121321,1892,0,,,,23.35396,-1.31112,1
1785663286149192859,1893,0,,,,23.32633,-1.31112,1
1785663286168328916,1894,0,,,,,,0
1785663286188429505,1895,1,0.031373,553.500,198.500,23.46360,0.00000,0
1785663286208821759,1896,1,0.066667,556.500,195.500,23.56786,3.80578,0
1785663286228650809,1897,1,0.031373,559.500,198.500,23.81967,8.74860,0
1785663286249031979,1898,1,0.043137,553.500,201.500,23.87422,6.13849,0
1785663286268462617,1899,1,0.050980,554.500,195.500,23.85183,3.69973,0
1785663286288702913,1900,1,0.039216,553.500,193.500,23.76004,1.22824,0
1785663286308487047,1901,1,0.058824,549.500,201.500,23.56952,-1.67654,0
1785663286328771676,1902,1,0.039216,554.500,203.500,23.49162,-2.24071,0
1785663286349436052,1903,1,0.082353,553.500,195.500,23.41383,-2.63736,0
1785663286371314748,1904,1,0.050980,555.500,201.500,23.39103,-2.19870,0
1785663286388873322,1905,0,,,,23.35242,-2.19870,1
1785663286409152993,1906,1,0.043137,554.500,201.500,23.36812,-1.49304,0
1785663286429190583,1907,0,,,,23.33820,-1.49304,1
1785663286448936801,1908,1,0.074510,553.500,201.500,23.36234,-0.90913,0
1785663286469312429,1909,1,0.035294,554.500,202.500,23.40291,-0.25144,0
1785663286489444810,1910,1,0.050980,554.500,193.500,23.44085,0.25379,0
1785663286509605773,1911,0,,,,23.44597,0.25379,1
1785663286531700676,1912,1,0.035294,553.500,201.500,23.46342,0.39026,0
1785663286550355322,1913,1,0.039216,553.500,201.500,23.47431,0.43229,0
1785663286569442088,1914,1,0.066667,552.500,193.500,23.46392,0.20732,0
1785663286588798351,1915,1,0.039216,553.500,201.500,23.46904,0.22112,0
1785663286609731641,1916,0,,,,23.47367,0.22112,1
1785663286632407913,1917,1,0.062745,558.500,197.500,23.59380,1.56631,0
1785663286652717625,1918,0,,,,23.62561,1.56631,1
1785663286672954713,1919,0,,,,23.65731,1.56631,1
1785663286692763930,1920,0,,,,23.68833,1.56631,1
1785663286712952019,1921,1,0.050980,553.500,201.500,23.57338,0.25602,0
1785663286732647487,1922,1,0.043137,555.500,203.500,23.56836,0.15952,0
1785663286752438038,1923,1,0.039216,555.500,180.500,23.56733,0.11398,0
1785663286773252912,1924,1,0.031373,553.500,201.500,23.52709,-0.40048,0
1785663286792798757,1925,1,0.054902,554.500,202.500,23.50728,-0.55317,0
1785663286813397216,1926,1,0.078431,559.500,195.500,23.58034,0.54521,0
1785663286832497982,1927,0,,,,23.59075,0.54521,1
1785663286852520989,1928,1,0.047059,561.500,198.500,23.72292,1.99428,0
1785663286872457372,1929,1,0.039216,553.500,201.500,23.66168,0.80291,0
1785663286892918166,1930,1,0.031373,553.500,200.500,23.59989,-0.13956,0
1785663286912493761,1931,1,0.031373,554.500,203.500,23.55735,-0.63222,0
1785663286932561392,1932,1,0.062745,554.500,203.500,23.51870,-0.96030,0
1785663286952988937,1933,0,,,,23.49909,-0.96030,1
1785663286972850362,1934,0,,,,23.48001,-0.96030,1
1785663286992915951,1935,1,0.047059,553.500,201.500,23.43764,-1.20530,0
1785663287012845918,1936,1,0.050980,554.500,197.500,23.43604,-0.96468,0
1785663287032892841,1937,1,0.066667,558.500,200.500,23.51453,0.15217,0
1785663287053844505,1938,0,,,,23.51772,0.15217,1
1785663287073126103,1939,0,,,,23.52065,0.15217,1
1785663287093241275,1940,1,0.031373,556.500,200.500,23.57181,0.65459,0
1785663287112939660,1941,0,,,,23.58470,0.65459,1
1785663287133338038,1942,1,0.050980,554.500,201.500,23.55881,0.25478,0
1785663287153106131,1943,1,0.031373,560.500,198.500,23.66541,1.34804,0
1785663287173535134,1944,1,0.035294,553.500,199.500,23.61747,0.46757,0
1785663287193402684,1945,1,0.058824,556.500,183.500,23.62276,0.41819,0
1785663287213596606,1946,1,0.050980,547.500,200.500,23.46367,-1.72310,0
1785663287232526165,1947,1,0.039216,553.500,201.500,23.41678,-1.90768,0
1785663287253623078,1948,1,0.035294,553.500,201.500,23.38055,-1.85571,0
1785663287276430598,1949,1,0.086275,554.500,197.500,23.37545,-1.37579,0
1785663287296789310,1950,0,,,,23.34744,-1.37579,1
1785663287316506070,1951,1,0.050980,559.500,198.500,23.50822,0.83849,0
1785663287336294871,1952,0,,,,23.52482,0.83849,1
1785663287356726207,1953,1,0.070588,549.500,201.500,23.41564,-0.53037,0
1785663287376359551,1954,1,0.043137,553.500,203.500,23.42200,-0.34454,0
1785663287396452266,1955,1,0.035294,555.500,201.500,23.46667,0.26007,0
1785663287416736603,1956,1,0.062745,552.500,192.500,23.45571,0.06018,0
1785663287436953566,1957,1,0.039216,554.500,202.500,23.47778,0.32483,0
1785663287456996406,1958,1,0.062745,555.500,203.500,23.51576,0.72943,0
1785663287476786957,1959,0,,,,23.53020,0.72943,1
1785663287496664299,1960,0,,,,23.54469,0.72943,1
1785663287516879054,1961,1,0.031373,554.500,201.500,23.54413,0.56672,0
1785663287537222307,1962,1,0.050980,554.500,200.500,23.54264,0.42681,0
1785663287556579446,1963,0,,,,23.55090,0.42681,1
1785663287576529245,1964,0,,,,23.55941,0.42681,1
1785663287596586085,1965,1,0.039216,554.500,202.500,23.53889,0.13393,0
1785663287616643508,1966,1,0.113725,554.500,197.500,23.52729,-0.01621,0
1785663287636898971,1967,1,0.043137,549.500,201.500,23.42294,-1.20391,0
1785663287656853145,1968,1,0.039216,555.500,199.500,23.44131,-0.68580,0
1785663287676779028,1969,1,0.039216,555.500,194.500,23.46677,-0.18847,0
1785663287697129865,1970,1,0.050980,560.500,195.500,23.58397,1.37492,0
1785663287716957457,1971,0,,,,23.61123,1.37492,1
1785663287737469584,1972,1,0.035294,554.500,203.500,23.59774,0.88020,0
1785663287757307676,1973,0,,,,23.61521,0.88020,1
1785663287776647023,1974,1,0.086275,559.500,198.500,23.70396,1.66443,0
1785663287796991735,1975,1,0.043137,559.500,198.500,23.76240,1.93798,0
1785663287817102824,1976,1,0.031373,556.500,201.500,23.74565,1.28429,0
1785663287837152664,1977,1,0.047059,553.500,194.500,23.66670,-0.00367,0
1785663287856602843,1978,1,0.078431,556.500,200.500,23.63710,-0.37781,0
1785663287877522133,1979,0,,,,23.62920,-0.37781,1
1785663287900247113,1980,1,0.039216,548.500,201.500,23.40708,-2.88563,0
1785663287920379785,1981,1,0.035294,554.500,194.500,23.36558,-2.69096,0
1785663287940387042,1982,1,0.062745,553.500,201.500,23.33022,-2.46805,0
1785663287960248467,1983,0,,,,23.28120,-2.46805,1
1785663287980389889,1984,0,,,,23.23149,-2.46805,1
1785663288000454313,1985,0,,,,23.18197,-2.46805,1
1785663288020383404,1986,1,0.039216,555.500,201.500,23.36324,-0.29781,0
1785663288040258537,1987,1,0.062745,557.500,200.500,23.49524,1.06600,0
1785663288060643207,1988,1,0.031373,553.500,201.500,23.51195,1.01077,0
1785663288080642589,1989,1,0.047059,555.500,193.500,23.55718,1.31188,0
1785663288100401057,1990,1,0.047059,553.500,201.500,23.55556,0.96269,0
1785663288120815768,1991,1,0.082353,554.500,198.500,23.56321,0.80725,0
1785663288140883399,1992,0,,,,23.57940,0.80725,1
1785663288160490202,1993,1,0.031373,555.500,201.500,23.58799,0.72083,0
1785663288180626374,1994,1,0.031373,549.500,201.500,23.47145,-0.82276,0
1785663288200708297,1995,1,0.062745,556.500,195.500,23.50044,-0.27506,0
1785663288220686096,1996,0,,,,23.49494,-0.27506,1
1785663288240369315,1997,1,0.047059,557.500,199.500,23.56152,0.55790,0
1785663288260505196,1998,1,0.031373,554.500,201.500,23.55242,0.32161,0
1785663288280529661,1999,1,0.035294,559.500,198.500,23.63435,1.22812,0
1785663288300599626,2000,1,0.047059,548.500,202.500,23.50959,-0.62569,0
1785663288320518800,2001,0,,,,23.49713,-0.62569,1
1785663288340688805,2002,0,,,,23.48451,-0.62569,1
1785663288361410639,2003,1,0.054902,549.500,201.500,23.33884,-2.02702,0
1785663288380531238,2004,0,,,,23.30008,-2.02702,1
1785663288400595953,2005,1,0.113725,556.500,200.500,23.41039,-0.48768,0
1785663288420516585,2006,1,0.082353,548.500,201.500,23.31787,-1.37739,0
1785663288440654216,2007,1,0.062745,554.500,198.500,23.35930,-0.57336,0
1785663288461498548,2008,0,,,,23.34735,-0.57336,1
1785663288481042935,2009,1,0.050980,559.500,198.500,23.52990,1.68223,0
1785663288500924776,2010,1,0.031373,553.500,201.500,23.54760,1.49769,0
1785663288520714744,2011,1,0.054902,552.500,206.500,23.53480,0.98434,0
1785663288544186674,2012,1,0.031373,554.500,201.500,23.55393,0.93462,0
1785663288564245847,2013,1,0.050980,554.500,202.500,23.56172,0.79523,0
1785663288584573060,2014,1,0.050980,554.500,201.500,23.56147,0.58450,0
1785663288604304986,2015,1,0.039216,549.500,201.500,23.46670,-0.78327,0
1785663288624261202,2016,0,,,,23.45107,-0.78327,1
1785663288644370833,2017,0,,,,23.43532,-0.78327,1
1785663288664367007,2018,1,0.047059,553.500,201.500,23.42707,-0.70473,0
1785663288685035174,2019,1,0.109804,560.500,198.500,23.57481,1.03444,0
1785663288704318230,2020,1,0.035294,549.500,201.500,23.48022,-0.26997,0
1785663288724865939,2021,1,0.047059,555.500,200.500,23.50130,0.05284,0
1785663288744437451,2022,0,,,,23.50233,0.05284,1
1785663288765430531,2023,0,,,,23.50344,0.05284,1
1785663288784432715,2024,0,,,,23.50444,0.05284,1
1785663288804908967,2025,1,0.043137,554.500,194.500,23.50894,0.08533,0
1785663288824430604,2026,1,0.039216,553.500,201.500,23.48775,-0.14197,0
1785663288844360570,2027,1,0.031373,559.500,198.500,23.58741,0.98640,0
1785663288865329443,2028,0,,,,23.60810,0.98640,1
1785663288884617457,2029,0,,,,23.62712,0.98640,1
1785663288904891003,2030,1,0.074510,553.500,195.500,23.55550,0.02676,0
1785663288924519097,2031,1,0.066667,549.500,201.500,23.42515,-1.37996,0
1785663288944437688,2032,1,0.043137,553.500,201.500,23.40222,-1.32754,0
1785663288964834608,2033,1,0.078431,548.500,201.500,23.29923,-2.25558,0
1785663288984878323,2034,1,0.070588,560.500,194.500,23.42628,-0.07169,0
1785663289004773581,2035,1,0.062745,560.500,198.500,23.56223,1.69776,0
1785663289024734755,2036,0,,,,23.59611,1.69776,1
1785663289044791595,2037,0,,,,23.63017,1.69776,1
1785663289064508355,2038,0,,,,23.66364,1.69776,1
1785663289085229896,2039,1,0.066667,545.500,201.500,23.32556,-1.84327,0
1785663289105140904,2040,1,0.043137,549.500,201.500,23.25029,-2.22564,0
1785663289124985413,2041,1,0.050980,560.500,198.500,23.41398,0.05687,0
1785663289144951254,2042,1,0.043137,553.500,201.500,23.43564,0.30320,0
1785663289164995844,2043,1,0.070588,558.500,201.500,23.54276,1.58195,0
1785663289188044862,2044,0,,,,23.57922,1.58195,1
1785663289209556020,2045,1,0.054902,549.500,201.500,23.45218,-0.32165,0
1785663289229250822,2046,1,0.090196,556.500,196.500,23.51260,0.46325,0
1785663289248284214,2047,0,0.090196,556.500,196.500,23.52142,0.46325,1
1785663289268404345,2048,1,0.141176,552.500,201.500,23.48013,-0.10887,0
1785663289288334894,2049,0,,,,23.47796,-0.10887,1
1785663289308922854,2050,0,,,,23.47571,-0.10887,1
1785663289328333075,2051,1,0.058824,553.500,193.500,23.46499,-0.19373,0
1785663289348710453,2052,1,0.031373,554.500,200.500,23.47996,0.00127,0
1785663289368328339,2053,0,,,,23.47999,0.00127,1
1785663289388682093,2054,1,0.086275,559.500,193.500,23.61441,1.46692,0
1785663289408537976,2055,1,0.035294,549.500,201.500,23.50737,-0.08085,0
1785663289428780023,2056,1,0.094118,548.500,186.500,23.39539,-1.40698,0
1785663289448663906,2057,1,0.070588,560.500,198.500,23.50849,0.35886,0
1785663289468422374,2058,1,0.043137,555.500,201.500,23.53507,0.60812,0
1785663289492732879,2059,0,,,,23.54985,0.60812,1
1785663289509273129,2060,1,0.086275,555.500,203.500,23.56730,0.69654,0
1785663289528948181,2061,1,0.094118,554.500,194.500,23.55908,0.43807,0
1785663289548471860,2062,1,0.031373,552.500,194.500,23.51295,-0.21951,0
1785663289568518491,2063,0,,,,23.50855,-0.21951,1
1785663289588552873,2064,1,0.070588,549.500,201.500,23.38594,-1.58506,0
1785663289608579088,2065,0,,,,23.35419,-1.58506,1
1785663289628671219,2066,1,0.043137,555.500,201.500,23.41546,-0.57364,0
1785663289648502020,2067,1,0.074510,555.500,182.500,23.46415,0.09510,0
1785663289668662984,2068,0,,,,23.46606,0.09510,1
1785663289688837947,2069,0,,,,23.46798,0.09510,1
1785663289708943787,2070,0,,,,23.46990,0.09510,1
1785663289728673963,2071,1,0.031373,554.500,201.500,23.49952,0.35199,0
1785663289749438379,2072,1,0.031373,554.500,201.500,23.51387,0.42130,0
1785663289768803976,2073,1,0.125490,547.500,186.500,23.39105,-1.01974,0
1785663289788741817,2074,1,0.145098,555.500,192.500,23.42888,-0.31743,0
1785663289812263330,2075,0,,,,23.42141,-0.31743,1
1785663289833177953,2076,0,,,,23.41477,-0.31743,1
1785663289852194428,2077,1,0.043137,556.500,195.500,23.52227,0.88845,0
1785663289872869887,2078,0,,,,23.54064,0.88845,1
1785663289895152038,2079,1,0.043137,553.500,201.500,23.51218,0.39972,0
1785663289912256032,2080,0,0.043137,553.500,201.500,23.51902,0.39972,1
1785663289932308497,2081,1,0.137255,558.500,198.500,23.62378,1.40043,0
1785663289952601293,2082,0,,,,23.65220,1.40043,1
1785663289972624008,2083,1,0.109804,553.500,201.500,23.58721,0.42064,0
1785663289992674431,2084,1,0.050980,549.500,201.500,23.45897,-1.09143,0
1785663290012457399,2085,1,0.062745,555.500,204.500,23.47565,-0.63844,0
1785663290032317658,2086,0,0.062745,555.500,204.500,23.46297,-0.63844,1
1785663290053052032,2087,1,0.039216,553.500,193.500,23.44409,-0.70425,0
1785663290073466743,2088,1,0.050980,556.500,196.500,23.49931,0.11193,0
1785663290092663467,2089,0,0.050980,556.500,196.500,23.50146,0.11193,1
1785663290112586725,2090,1,0.039216,550.500,201.500,23.41370,-0.90966,0
1785663290132719689,2091,1,0.058824,548.500,198.500,23.30992,-1.89264,0
1785663290152695738,2092,1,0.035294,555.500,201.500,23.35778,-0.86750,0
1785663290173115699,2093,1,0.137255,549.500,201.500,23.30458,-1.30802,0
1785663290192812626,2094,1,0.039216,554.500,194.500,23.35036,-0.39941,0
1785663290213885455,2095,0,,,,23.34194,-0.39941,1
1785663290232806265,2096,0,,,,23.33438,-0.39941,1
1785663290252486275,2097,0,,,,23.32652,-0.39941,1
1785663290272523282,2098,0,,,,,,0
1785663290294094732,2099,0,,,,,,0
1785663290312678670,2100,1,0.035294,549.500,201.500,23.28910,0.00000,0
1785663290332497803,2101,1,0.050980,553.500,195.500,23.42742,5.11714,0
1785663290352884515,2102,1,0.039216,554.500,202.500,23.66887,8.95741,0
1785663290377529309,2103,1,0.054902,555.500,188.500,23.80725,7.33564,0
1785663290397276402,2104,0,0.054902,555.500,188.500,23.95211,7.33564,1
1785663290412777329,2105,1,0.043137,549.500,201.500,23.70422,2.36766,0
1785663290433598036,2106,1,0.062745,554.500,201.500,23.66539,1.27604,0
1785663290456227642,2107,1,0.043137,560.500,197.500,23.75700,2.03097,0
1785663290476263773,2108,1,0.074510,549.500,201.500,23.61091,-0.24492,0
1785663290497144855,2109,1,0.101961,552.500,193.500,23.52303,-1.27507,0
1785663290516309204,2110,0,,,,23.49859,-1.27507,1
1785663290536605791,2111,1,0.050980,547.500,201.500,23.30219,-3.27252,0
1785663290556908795,2112,1,0.047059,559.500,195.500,23.40008,-1.35164,0
1785663290576529598,2113,0,,,,23.37356,-1.35164,1
1785663290598874373,2114,0,,,,23.34336,-1.35164,1
1785663290617736766,2115,1,0.043137,553.500,201.500,23.37581,-0.75675,0
1785663290636802533,2116,1,0.090196,553.500,175.500,23.40090,-0.33971,0
1785663290656484293,2117,1,0.031373,554.500,200.500,23.43697,0.14601,0
1785663290676676465,2118,0,,,,23.43992,0.14601,1
1785663290697263841,2119,0,,,,23.44292,0.14601,1
1785663290716716062,2120,1,0.039216,554.500,201.500,23.48780,0.58694,0
1785663290736702028,2121,1,0.058824,557.500,195.500,23.57922,1.44236,0
1785663290756807867,2122,1,0.035294,553.500,201.500,23.56998,1.00338,0
1785663290777051372,2123,0,,,,23.59030,1.00338,1
1785663290797239752,2124,1,0.054902,558.500,199.500,23.66935,1.68063,0
1785663290817987043,2125,0,,,,23.70422,1.68063,1
1785663290836597689,2126,1,0.062745,555.500,190.500,23.66919,0.95460,0
1785663290856667945,2127,1,0.074510,551.500,203.500,23.55844,-0.49884,0
1785663290877203989,2128,0,,,,23.54820,-0.49884,1
1785663290900432672,2129,1,0.054902,555.500,201.500,23.53157,-0.55485,0
1785663290916757382,2130,1,0.066667,549.500,195.500,23.40862,-1.85563,0
1785663290936780681,2131,1,0.078431,552.500,197.500,23.36375,-1.94833,0
1785663290958811417,2132,1,0.031373,555.500,194.500,23.38324,-1.16685,0
1785663290977059942,2133,0,,,,23.36195,-1.16685,1
1785663290996753369,2134,0,,,,23.33897,-1.16685,1
1785663291017016998,2135,1,0.039216,556.500,195.500,23.46219,0.39803,0
1785663291037008214,2136,0,,,,23.47015,0.39803,1
1785663291056901430,2137,1,0.070588,552.500,202.500,23.45235,0.13521,0
1785663291076701898,2138,1,0.050980,549.500,196.500,23.37948,-0.67628,0
1785663291100942404,2139,1,0.105882,554.500,184.500,23.41648,-0.04971,0
1785663291120581873,2140,1,0.094118,556.500,196.500,23.49000,0.87478,0
1785663291140502506,2141,0,,,,23.50742,0.87478,1
1785663291160638720,2142,1,0.035294,553.500,201.500,23.51044,0.70189,0
1785663291180483520,2143,0,,,,23.52437,0.70189,1
1785663291200776899,2144,1,0.105882,550.500,187.500,23.43851,-0.39301,0
1785663291220574742,2145,1,0.101961,549.500,202.500,23.35630,-1.22329,0
1785663291240464458,2146,1,0.035294,554.500,201.500,23.38567,-0.59207,0
1785663291260777962,2147,1,0.039216,556.500,193.500,23.45511,0.41211,0
1785663291280439014,2148,0,,,,23.46321,0.41211,1
1785663291300807934,2149,1,0.054902,553.500,195.500,23.47655,0.47028,0
1785663291320403945,2150,1,0.043137,553.500,201.500,23.48382,0.44748,0
1785663291343301382,2151,0,,,,23.49407,0.44748,1
1785663291360916163,2152,1,0.031373,553.500,201.500,23.49046,0.31664,0
1785663291380783129,2153,1,0.054902,553.500,195.500,23.48732,0.20842,0
1785663291400546556,2154,1,0.031373,549.500,201.500,23.40914,-0.77321,0
1785663291420586479,2155,1,0.039216,553.500,201.500,23.40931,-0.57926,0
1785663291440634569,2156,1,0.050980,549.500,201.500,23.34440,-1.25508,0
1785663291460794366,2157,1,0.074510,553.500,201.500,23.35675,-0.77205,0
1785663291480566542,2158,1,0.039216,554.500,201.500,23.39536,-0.07860,0
1785663291500565049,2159,1,0.066667,549.500,201.500,23.35031,-0.63798,0
1785663291520520973,2160,0,,,,23.33758,-0.63798,1
1785663291540589480,2161,1,0.066667,553.500,195.500,23.38478,0.07048,0
1785663291563322626,2162,0,,,,23.38638,0.07048,1
1785663291580469037,2163,0,,,,23.38759,0.07048,1
1785663291604180923,2164,1,0.043137,553.500,201.500,23.44146,0.58222,0
1785663291622226867,2165,1,0.031373,553.500,201.500,23.46936,0.76090,0
1785663291641116760,2166,1,0.039216,560.500,198.500,23.61705,2.26041,0
1785663291660270609,2167,1,0.039216,553.500,201.500,23.61545,1.71539,0
1785663291681278272,2168,0,,,,23.65149,1.71539,1
1785663291703204010,2169,1,0.031373,559.500,198.500,23.74747,2.40315,0
1785663291726604024,2170,1,0.082353,553.500,192.500,23.69273,1.09402,0
1785663291744031099,2171,1,0.078431,560.500,195.500,23.75463,1.61409,0
1785663291767555696,2172,1,0.094118,560.500,198.500,23.81022,1.83505,0
1785663291784199903,2173,1,0.098039,556.500,195.500,23.77216,0.95865,0
1785663291804184994,2174,1,0.035294,553.500,201.500,23.67388,-0.55613,0
1785663291824272458,2175,1,0.062745,553.500,201.500,23.57320,-1.71177,0
1785663291844026843,2176,0,0.062745,553.500,201.500,23.53939,-1.71177,1
1785663291864164182,2177,1,0.054902,560.500,198.500,23.62455,-0.29632,0
1785663291885610799,2178,0,0.054902,560.500,198.500,23.61820,-0.29632,1
1785663291904366527,2179,1,0.031373,554.500,199.500,23.54532,-1.03142,0
1785663291924123829,2180,1,0.039216,549.500,197.500,23.40525,-2.36183,0
1785663291945781902,2181,0,0.039216,549.500,197.500,23.35409,-2.36183,1
1785663291965283706,2182,0,,,,23.30803,-2.36183,1
1785663291984137433,2183,1,0.047059,553.500,201.500,23.36310,-1.34283,0
1785663292005355386,2184,0,0.047059,553.500,201.500,23.33460,-1.34283,1
1785663292025021105,2185,1,0.074510,549.500,201.500,23.26371,-1.79266,0
1785663292044956904,2186,1,0.039216,554.500,201.500,23.32685,-0.73163,0
1785663292064196502,2187,0,,,,23.31278,-0.73163,1
1785663292084297383,2188,0,,,,23.29807,-0.73163,1
1785663292104724636,2189,1,0.035294,547.500,201.500,23.21200,-1.46035,0
1785663292125075765,2190,1,0.078431,558.500,196.500,23.40045,0.86135,0
1785663292145745807,2191,0,,,,23.41826,0.86135,1
1785663292166416890,2192,1,0.070588,559.500,195.500,23.61668,2.85016,0
1785663292185607656,2193,1,0.066667,547.500,200.500,23.50730,0.98128,0
1785663292205587788,2194,1,0.035294,554.500,195.500,23.53516,1.08033,0
1785663292225232215,2195,1,0.078431,560.500,197.500,23.66016,2.37645,0
1785663292249705302,2196,0,,,,23.71832,2.37645,1
1785663292264987690,2197,1,0.062745,555.500,201.500,23.69631,1.67661,0
1785663292285420193,2198,0,,,,23.73057,1.67661,1
1785663292306004652,2199,1,0.101961,549.500,195.500,23.53057,-0.88680,0
1785663292330500489,2200,0,,,,23.50885,-0.88680,1
1785663292349709754,2201,1,0.043137,559.500,198.500,23.60820,0.34078,0
1785663292368167027,2202,1,0.035294,548.500,201.500,23.44612,-1.50393,0
1785663292388834027,2203,1,0.082353,553.500,196.500,23.41085,-1.55299,0
1785663292408359456,2204,1,0.070588,553.500,193.500,23.38960,-1.44088,0
1785663292428521294,2205,1,0.050980,556.500,196.500,23.43221,-0.52715,0
1785663292448461177,2206,1,0.035294,555.500,201.500,23.46484,0.02950,0
1785663292468459392,2207,1,0.047059,550.500,181.500,23.41449,-0.62891,0
1785663292488410942,2208,1,0.149020,560.500,199.500,23.53948,1.14448,0
1785663292508546239,2209,1,0.074510,555.500,194.500,23.57668,1.32635,0
1785663292528434206,2210,1,0.058824,552.500,197.500,23.55077,0.65594,0
1785663292548658752,2211,1,0.062745,560.500,198.500,23.65694,1.84555,0
1785663292568367929,2212,1,0.086275,559.500,198.500,23.73524,2.38214,0
1785663292588726057,2213,1,0.086275,551.500,197.500,23.65789,0.77175,0
1785663292608831605,2214,1,0.054902,553.500,201.500,23.60087,-0.15676,0
1785663292628720738,2215,0,,,,23.59775,-0.15676,1
1785663292649219740,2216,1,0.047059,559.500,198.500,23.65941,0.60674,0
1785663292668775502,2217,0,,,,23.67128,0.60674,1
1785663292689251171,2218,1,0.054902,549.500,197.500,23.47324,-1.68157,0
1785663292709779922,2219,1,0.050980,555.500,201.500,23.45850,-1.46158,0
1785663292728970521,2220,1,0.117647,560.500,199.500,23.54849,-0.07692,0
1785663292748922654,2221,0,,,,23.54695,-0.07692,1
1785663292769573029,2222,0,,,,23.54536,-0.07692,1
1785663292789134041,2223,1,0.043137,554.500,201.500,23.51795,-0.34941,0
1785663292808991674,2224,1,0.043137,554.500,201.500,23.50182,-0.44803,0
1785663292829725174,2225,1,0.050980,556.500,201.500,23.52860,-0.03417,0
1785663292856941067,2226,1,0.035294,559.500,197.500,23.61723,1.07192,0
1785663292869723771,2227,0,0.035294,559.500,197.500,23.63094,1.07192,1
1785663292889976026,2228,1,0.062745,559.500,199.500,23.70702,1.72482,0
1785663292913435415,2229,0,,,,23.74748,1.72482,1
1785663292929538753,2230,1,0.035294,553.500,201.500,23.63682,0.17058,0
1785663292949508677,2231,1,0.043137,553.500,201.500,23.55951,-0.74235,0
1785663292970597423,2232,0,,,,23.54386,-0.74235,1
1785663292994546807,2233,1,0.035294,559.500,195.500,23.62046,0.30252,0
1785663293012635208,2234,1,0.070588,555.500,201.500,23.59647,-0.03336,0
1785663293031989430,2235,1,0.070588,556.500,195.500,23.59480,-0.04564,0
1785663293051944771,2236,1,0.043137,552.500,192.500,23.52295,-0.93118,0
1785663293072103110,2237,1,0.058824,554.500,201.500,23.48981,-1.11460,0
1785663293094409094,2238,1,0.039216,554.500,201.500,23.46236,-1.14793,0
1785663293114300685,2239,1,0.043137,556.500,198.500,23.48316,-0.58531,0
1785663293132751708,2240,0,,,,23.47237,-0.58531,1
1785663293152135679,2241,1,0.035294,554.500,201.500,23.47291,-0.44419,0
1785663293172117270,2242,1,0.070588,549.500,201.500,23.38057,-1.42408,0
1785663293192174110,2243,0,0.070588,549.500,201.500,23.35200,-1.42408,1
1785663293212135867,2244,0,,,,23.32358,-1.42408,1
1785663293232180749,2245,1,0.054902,560.500,199.500,23.57980,1.49613,0
1785663293252187422,2246,0,0.054902,560.500,199.500,23.60973,1.49613,1
1785663293272887089,2247,1,0.070588,553.500,195.500,23.57159,0.79891,0
1785663293293069344,2248,1,0.031373,554.500,201.500,23.55642,0.46325,0
1785663293313055310,2249,0,0.031373,554.500,201.500,23.56568,0.46325,1
1785663293333516687,2250,1,0.050980,554.500,201.500,23.54268,0.10048,0
1785663293352445372,2251,0,0.050980,554.500,201.500,23.54458,0.10048,1
1785663293372868833,2252,1,0.109804,556.500,195.500,23.57626,0.42185,0
1785663293392778383,2253,1,0.074510,553.500,195.500,23.53619,-0.12070,0
1785663293412566017,2254,0,,,,23.53380,-0.12070,1
1785663293432506775,2255,1,0.035294,554.500,195.500,23.51607,-0.29290,0
1785663293452709155,2256,1,0.047059,549.500,180.500,23.40546,-1.49564,0
1785663293473482904,2257,1,0.074510,554.500,187.500,23.40649,-1.11004,0
1785663293492896917,2258,1,0.086275,557.500,198.500,23.47005,-0.04980,0
1785663293513032214,2259,1,0.070588,554.500,198.500,23.48365,0.13623,0
1785663293533476384,2260,1,0.129412,554.500,198.500,23.49707,0.27284,0
1785663293552847230,2261,0,,,,23.50235,0.27284,1
1785663293572768155,2262,0,,,,23.50779,0.27284,1
1785663293595623133,2263,0,,,,23.51402,0.27284,1
1785663293616188801,2264,1,0.035294,554.500,201.500,23.51840,0.26123,0
1785663293638848865,2265,1,0.070588,559.500,198.500,23.63379,1.35211,0
1785663293656336730,2266,0,0.070588,559.500,198.500,23.65744,1.35211,1
1785663293677550767,2267,0,,,,23.68612,1.35211,1
1785663293697138487,2268,1,0.035294,556.500,201.500,23.67073,0.93131,0
1785663293718345357,2269,1,0.062745,554.500,202.500,23.60771,0.05461,0
1785663293738744610,2270,1,0.047059,556.500,196.500,23.60292,-0.01349,0
1785663293758735825,2271,1,0.078431,559.500,196.500,23.65336,0.61122,0
1785663293776577479,2272,0,0.078431,559.500,196.500,23.66426,0.61122,1
1785663293796422571,2273,1,0.066667,553.500,201.500,23.57787,-0.56153,0
1785663293817808814,2274,1,0.113725,558.500,198.500,23.61334,0.00098,0
1785663293836271128,2275,0,0.113725,558.500,198.500,23.61336,0.00098,1
1785663293856486633,2276,1,0.035294,548.500,201.500,23.41583,-2.24292,0
1785663293876572348,2277,0,,,,23.37078,-2.24292,1
1785663293896762478,2278,1,0.047059,552.500,197.500,23.32816,-2.21414,0
1785663293916298698,2279,1,0.039216,553.500,201.500,23.32694,-1.74745,0
1785663293936513911,2280,1,0.031373,556.500,193.500,23.39163,-0.57069,0
1785663293956555001,2281,1,0.098039,559.500,199.500,23.51164,1.05288,0
1785663293976708090,2282,1,0.050980,553.500,201.500,23.52157,0.90935,0
1785663293996629889,2283,1,0.078431,555.500,195.500,23.55909,1.15912,0
1785663294016582314,2284,0,,,,23.58221,1.15912,1
1785663294037741267,2285,0,,,,23.60674,1.15912,1
1785663294056709452,2286,0,,,,23.62872,1.15912,1
1785663294076973373,2287,1,0.094118,554.500,192.500,23.58125,0.48508,0
1785663294096564425,2288,1,0.058824,561.500,198.500,23.71388,1.70423,0
1785663294116700306,2289,0,,,,23.74819,1.70423,1
1785663294137544346,2290,0,,,,23.78372,1.70423,1
1785663294157021942,2291,0,,,,23.81691,1.70423,1
1785663294176738994,2292,1,0.105882,554.500,198.500,23.64868,-0.13553,0
1785663294196676835,2293,1,0.035294,554.500,200.500,23.57120,-0.86816,0
1785663294217008713,2294,1,0.039216,555.500,195.500,23.53708,-1.05028,0
1785663294236502934,2295,1,0.039216,555.500,201.500,23.51293,-1.09492,0
1785663294256643481,2296,1,0.082353,554.500,198.500,23.47981,-1.23624,0
1785663294280533366,2297,1,0.035294,559.500,198.500,23.55527,0.12935,0
1785663294300631914,2298,0,0.035294,559.500,198.500,23.55787,0.12935,1
1785663294320035718,2299,1,0.035294,549.500,201.500,23.41480,-1.60463,0
1785663294340360014,2300,1,0.062745,559.500,196.500,23.52693,0.09574,0
1785663294361539759,2301,0,0.062745,559.500,196.500,23.52896,0.09574,1
1785663294380383278,2302,1,0.047059,553.500,201.500,23.49568,-0.29997,0
1785663294400073788,2303,1,0.125490,552.500,198.500,23.45497,-0.69741,0
1785663294420144919,2304,0,0.125490,552.500,198.500,23.44097,-0.69741,1
1785663294440125635,2305,1,0.054902,558.500,196.500,23.54914,0.67542,0
1785663294460428056,2306,1,0.043137,556.500,200.500,23.58942,0.97981,0
1785663294480413146,2307,1,0.050980,553.500,201.500,23.56357,0.43616,0
1785663294500909815,2308,1,0.109804,554.500,192.500,23.55346,0.19939,0
1785663294520389452,2309,1,0.101961,560.500,199.500,23.64518,1.31645,0
1785663294540348293,2310,1,0.031373,560.500,198.500,23.73098,2.08129,0
1785663294560265134,2311,0,,,,23.77243,2.08129,1
1785663294580356099,2312,1,0.058824,553.500,201.500,23.67319,0.41051,0
1785663294601433178,2313,1,0.070588,552.500,197.500,23.56842,-0.92002,0
1785663294621426435,2314,1,0.086275,554.500,199.500,23.51531,-1.33762,0
1785663294640933489,2315,0,,,,23.48921,-1.33762,1
1785663294660956496,2316,1,0.054902,554.500,201.500,23.45757,-1.39383,0
1785663294681197376,2317,1,0.054902,553.500,195.500,23.41974,-1.50577,0
1785663294701386922,2318,1,0.101961,553.500,191.500,23.39592,-1.42669,0
1785663294721453679,2319,1,0.047059,554.500,197.500,23.40122,-1.00530,0
1785663294740898608,2320,1,0.105882,555.500,195.500,23.43387,-0.34320,0
1785663294760928907,2321,1,0.043137,554.500,200.500,23.45347,-0.00379,0
1785663294780401544,2322,1,0.031373,561.500,198.500,23.59600,1.83104,0
1785663294801164210,2323,1,0.058824,553.500,201.500,23.59438,1.32137,0
1785663294820803679,2324,1,0.039216,549.500,201.500,23.50842,-0.11589,0
1785663294840859352,2325,1,0.043137,555.500,201.500,23.52174,0.08473,0
1785663294860889651,2326,1,0.035294,554.500,201.500,23.51782,0.01272,0
1785663294881172530,2327,1,0.047059,556.500,195.500,23.54927,0.41213,0
1785663294900982622,2328,0,,,,23.55744,0.41213,1
1785663294924293263,2329,1,0.050980,554.500,201.500,23.54358,0.13830,0
1785663294944392685,2330,1,0.039216,549.500,201.500,23.42940,-1.22764,0
1785663294964632690,2331,1,0.035294,554.500,201.500,23.42693,-0.95819,0
1785663294984676697,2332,1,0.039216,554.500,200.500,23.43256,-0.64971,0
1785663295004317916,2333,1,0.101961,560.500,199.500,23.54981,0.99894,0
1785663295025159914,2334,1,0.074510,554.500,198.500,23.56115,0.87746,0
1785663295044791800,2335,1,0.035294,550.500,203.500,23.49311,-0.21914,0
1785663295064379353,2336,1,0.043137,554.500,192.500,23.49338,-0.16052,0
1785663295084759648,2337,1,0.039216,553.500,201.500,23.47642,-0.33621,0
1785663295104803655,2338,0,,,,23.46968,-0.33621,1
1785663295124476957,2339,1,0.058824,556.500,201.500,23.52412,0.38456,0
1785663295144420339,2340,1,0.031373,553.500,199.500,23.50749,0.10031,0
1785663295164167724,2341,1,0.054902,555.500,197.500,23.52854,0.32903,0
1785663295184725059,2342,1,0.066667,552.500,201.500,23.49305,-0.19347,0
1785663295204909939,2343,1,0.105882,556.500,196.500,23.52867,0.30610,0
1785663295226518888,2344,0,,,,23.53528,0.30610,1
1785663295244219127,2345,1,0.047059,560.500,199.500,23.66516,1.78516,0
1785663295270202865,2346,0,,,,23.71154,1.78516,1
1785663295288419223,2347,0,,,,23.74406,1.78516,1
1785663295304475312,2348,1,0.043137,553.500,193.500,23.60717,0.11960,0
1785663295324423944,2349,1,0.039216,554.500,201.500,23.55973,-0.39485,0
1785663295344397952,2350,1,0.035294,549.500,201.500,23.43025,-1.75512,0
1785663295364177128,2351,0,0.035294,549.500,201.500,23.39554,-1.75512,1
1785663295385120042,2352,1,0.035294,553.500,192.500,23.39593,-1.32993,0
1785663295404631762,2353,0,0.035294,553.500,192.500,23.36998,-1.32993,1
1785663295424300398,2354,1,0.039216,555.500,199.500,23.44583,-0.21310,0
1785663295444786567,2355,0,0.039216,555.500,199.500,23.44147,-0.21310,1
1785663295464524618,2356,1,0.035294,560.500,198.500,23.62342,1.76308,0
1785663295484277836,2357,1,0.074510,552.500,201.500,23.57851,0.88431,0
1785663295504264968,2358,1,0.066667,552.500,202.500,23.52808,0.08415,0
1785663295524297891,2359,0,0.066667,552.500,202.500,23.52976,0.08415,1
1785663295544241857,2360,1,0.031373,554.500,203.500,23.51861,-0.06500,0
1785663295567939536,2361,0,,,,23.51707,-0.06500,1
1785663295588886825,2362,0,,,,23.51571,-0.06500,1
1785663295607969508,2363,1,0.050980,548.500,201.500,23.32889,-1.90066,0
1785663295629309376,2364,1,0.066667,549.500,201.500,23.26785,-2.11203,0
1785663295648009397,2365,1,0.101961,556.500,195.500,23.37085,-0.50961,0
1785663295668275068,2366,1,0.070588,556.500,195.500,23.45300,0.61462,0
1785663295688067368,2367,1,0.031373,553.500,201.500,23.46909,0.66451,0
1785663295708871742,2368,0,,,,23.48292,0.66451,1
1785663295728130590,2369,0,,,,23.49571,0.66451,1
1785663295748107806,2370,0,,,,23.50899,0.66451,1
1785663295768130813,2371,0,,,,,,0
1785663295788272527,2372,0,,,,,,0
1785663295808398783,2373,1,0.054902,552.500,194.500,23.42138,0.00000,0
1785663295828160459,2374,0,0.054902,552.500,194.500,23.42138,0.00000,1
1785663295849160539,2375,1,0.058824,548.500,201.500,23.25862,-3.68495,0
1785663295868902090,2376,1,0.031373,554.500,196.500,23.30336,-1.39440,0
1785663295888575976,2377,1,0.039216,553.500,201.500,23.35334,-0.06805,0
1785663295908662565,2378,1,0.054902,554.500,201.500,23.43237,1.15909,0
1785663295928738947,2379,0,,,,23.45564,1.15909,1
1785663295949025034,2380,0,,,,23.47915,1.15909,1
1785663295969347705,2381,0,,,,23.50271,1.15909,1
1785663295988495554,2382,0,,,,,,0
1785663296013363220,2383,1,0.062745,548.500,202.500,23.24539,0.00000,0
1785663296028202654,2384,1,0.058824,554.500,195.500,23.43353,7.67504,0
1785663296048293618,2385,1,0.043137,559.500,198.500,23.90196,17.49216,0
1785663296068251293,2386,0,0.043137,559.500,198.500,24.25106,17.49216,1
1785663296088297633,2387,0,,,,24.60172,17.49216,1
1785663296108542012,2388,0,,,,24.95583,17.49216,1
1785663296128239814,2389,1,0.050980,559.500,195.500,24.15341,5.79903,0
1785663296148417111,2390,0,0.050980,559.500,195.500,24.27042,5.79903,1
1785663296168999529,2391,1,0.070588,556.500,194.500,23.93279,1.50290,0
1785663296192122338,2392,0,0.070588,556.500,194.500,23.96755,1.50290,1
1785663296212598007,2393,0,,,,23.99832,1.50290,1
1785663296232163685,2394,1,0.031373,554.500,201.500,23.70342,-1.51591,0
1785663296252096276,2395,0,,,,23.67321,-1.51591,1
1785663296272317031,2396,0,,,,23.64256,-1.51591,1
1785663296292263330,2397,1,0.062745,554.500,197.500,23.49701,-2.58340,0
1785663296312417877,2398,0,,,,23.44494,-2.58340,1
1785663296332540050,2399,1,0.062745,561.500,198.500,23.58310,-0.70312,0
1785663296352790263,2400,0,,,,23.56886,-0.70312,1
1785663296372794686,2401,0,,,,23.55480,-0.70312,1
1785663296392040118,2402,0,,,,23.54126,-0.70312,1
1785663296423147513,2403,1,0.074510,554.500,192.500,23.49387,-0.92148,0
1785663296439861011,2404,1,0.035294,553.500,201.500,23.46238,-1.07713,0
1785663296452602342,2405,0,0.035294,553.500,201.500,23.44865,-1.07713,1
1785663296471104614,2406,1,0.062745,555.500,201.500,23.47268,-0.58431,0
1785663296491667032,2407,0,,,,23.46067,-0.58431,1
1785663296512169450,2408,1,0.082353,551.500,202.500,23.39368,-1.19940,0
1785663296531487506,2409,0,,,,23.37051,-1.19940,1
1785663296551435847,2410,1,0.047059,559.500,198.500,23.53753,0.85880,0
1785663296571102149,2411,1,0.054902,553.500,199.500,23.52750,0.55937,0
1785663296591860440,2412,1,0.062745,555.500,195.500,23.55415,0.73695,0
1785663296613753887,2413,0,,,,23.57028,0.73695,1
1785663296633958600,2414,1,0.058824,560.500,198.500,23.70143,2.08458,0
1785663296653760234,2415,1,0.066667,554.500,201.500,23.67157,1.25465,0
1785663296674048363,2416,1,0.109804,552.500,193.500,23.60029,0.08797,0
1785663296693984454,2417,0,,,,23.60204,0.08797,1
1785663296713771213,2418,1,0.039216,553.500,193.500,23.53197,-0.74647,0
1785663296733671721,2419,0,,,,23.51711,-0.74647,1
1785663296754138349,2420,1,0.054902,556.500,201.500,23.53673,-0.36717,0
1785663296777439489,2421,0,,,,23.52817,-0.36717,1
1785663296793560327,2422,0,,,,23.52225,-0.36717,1
1785663296819551191,2423,0,,,,23.51271,-0.36717,1
1785663296836407021,2424,1,0.035294,555.500,200.500,23.52741,-0.18201,0
1785663296856361778,2425,0,,,,23.52378,-0.18201,1
1785663296879997624,2426,0,,,,23.51948,-0.18201,1
1785663296896819621,2427,1,0.054902,548.500,201.500,23.32102,-1.94805,0
1785663296921079127,2428,0,,,,23.27377,-1.94805,1
1785663296936912510,2429,1,0.035294,555.500,201.500,23.38157,-0.56862,0
1785663296956661644,2430,1,0.054902,554.500,197.500,23.42619,0.03420,0
1785663296976679109,2431,1,0.035294,553.500,201.500,23.44289,0.22353,0
1785663296996679366,2432,1,0.054902,549.500,195.500,23.38637,-0.54152,0
1785663297016830997,2433,1,0.047059,553.500,201.500,23.40228,-0.19557,0
1785663297036898920,2434,0,,,,23.39836,-0.19557,1
1785663297057035967,2435,1,0.086275,561.500,198.500,23.61203,2.39626,0
1785663297076983725,2436,1,0.050980,554.500,200.500,23.63336,2.08450,0
1785663297097133897,2437,1,0.062745,556.500,182.500,23.67824,2.11908,0
1785663297123962711,2438,0,,,,23.73509,2.11908,1
1785663297149598078,2439,1,0.031373,554.500,201.500,23.65112,0.55346,0
1785663297169990914,2440,1,0.039216,554.500,201.500,23.59115,-0.26905,0
1785663297189914755,2441,1,0.047059,555.500,200.500,23.56754,-0.48922,0
1785663297209879429,2442,1,0.082353,553.500,194.500,23.51462,-1.02893,0
1785663297229935686,2443,1,0.043137,561.500,195.500,23.61624,0.53224,0
1785663297249642529,2444,1,0.043137,559.500,197.500,23.67061,1.09732,0
1785663297271778640,2445,1,0.062745,556.500,195.500,23.66306,0.68719,0
1785663297290775574,2446,1,0.043137,554.500,193.500,23.61323,-0.12237,0
1785663297308335772,2447,0,,,,23.61108,-0.12237,1
1785663297328411570,2448,0,,,,23.60862,-0.12237,1
1785663297350956301,2449,1,0.050980,554.500,201.500,23.54074,-0.80978,0
1785663297368218711,2450,0,,,,23.52677,-0.80978,1
1785663297388349342,2451,0,,,,23.51046,-0.80978,1
1785663297409679002,2452,0,,,,23.49319,-0.80978,1
1785663297428154441,2453,0,,,,,,0
1785663297450219969,2454,1,0.035294,554.500,201.500,23.50610,0.00000,0
1785663297468861365,2455,0,,,,23.50610,0.00000,1
1785663297492898706,2456,1,0.035294,553.500,201.500,23.46566,-0.88087,0
1785663297508312843,2457,0,0.035294,553.500,201.500,23.45208,-0.88087,1
1785663297528668346,2458,0,,,,23.43415,-0.88087,1
1785663297552315858,2459,1,0.031373,554.500,202.500,23.47598,-0.13700,0
1785663297571622539,2460,1,0.086275,554.500,190.500,23.49268,0.08605,0
1785663297589061114,2461,0,0.086275,554.500,190.500,23.49418,0.08605,1
1785663297608755999,2462,0,,,,23.49587,0.08605,1
1785663297628433676,2463,0,,,,23.49756,0.08605,1
1785663297651345904,2464,1,0.035294,549.500,195.500,23.34138,-1.33896,0
1785663297669087225,2465,0,,,,23.31763,-1.33896,1
1785663297688884192,2466,0,,,,23.29112,-1.33896,1
1785663297712916909,2467,0,,,,23.25894,-1.33896,1
1785663297728571668,2468,0,,,,,,0
1785663297751834184,2469,1,0.094118,556.500,195.500,23.59465,0.00000,0
1785663297768642182,2470,0,0.094118,556.500,195.500,23.59465,0.00000,1
1785663297791977030,2471,0,,,,23.59465,0.00000,1
1785663297818495013,2472,0,,,,23.59465,0.00000,1
1785663297833072491,2473,0,,,,,,0
1785663297853041541,2474,1,0.050980,560.500,199.500,23.76696,0.00000,0
1785663297872499011,2475,0,,,,23.76696,0.00000,1
1785663297892508893,2476,0,,,,23.76696,0.00000,1
1785663297912256861,2477,1,0.035294,553.500,201.500,23.47419,-4.76577,0
1785663297932206952,2478,1,0.047059,553.500,194.500,23.31230,-5.77675,0
1785663297956250877,2479,0,,,,23.17341,-5.77675,1
1785663297977082209,2480,0,,,,23.05307,-5.77675,1
1785663297992395097,2481,0,,,,22.96461,-5.77675,1
1785663298013743132,2482,0,,,,,,0
1785663298033106979,2483,0,,,,,,0
1785663298052474325,2484,1,0.066667,553.500,195.500,23.46448,0.00000,0
1785663298072296667,2485,0,,,,23.46448,0.00000,1
1785663298092666463,2486,0,,,,23.46448,0.00000,1
1785663298112689178,2487,1,0.039216,555.500,192.500,23.54894,1.35396,0
1785663298132633144,2488,1,0.050980,549.500,203.500,23.42578,-0.89277,0
1785663298160150617,2489,1,0.035294,559.500,199.500,23.57740,1.56464,0
1785663298177431693,2490,0,,,,23.60444,1.56464,1
1785663298195890257,2491,0,,,,23.63332,1.56464,1
1785663298213246582,2492,1,0.031373,554.500,203.500,23.59157,0.81967,0
1785663298233885291,2493,1,0.058824,547.500,195.500,23.41398,-1.26847,0
1785663298253525052,2494,0,,,,23.38907,-1.26847,1
1785663298273224312,2495,1,0.082353,560.500,199.500,23.56013,0.85823,0
1785663298293579232,2496,1,0.086275,559.500,199.500,23.66168,1.80425,0
1785663298313431324,2497,1,0.043137,554.500,203.500,23.64666,1.19919,0
1785663298333081002,2498,1,0.062745,549.500,201.500,23.53400,-0.49522,0
1785663298357325966,2499,0,,,,23.52200,-0.49522,1
1785663298377736136,2500,0,,,,23.51189,-0.49522,1
1785663298393481435,2501,1,0.078431,553.500,201.500,23.46615,-0.90305,0
1785663298413319527,2502,1,0.082353,548.500,198.500,23.33240,-2.15022,0
1785663298436291255,2503,1,0.043137,555.500,195.500,23.36284,-1.23541,0
1785663298464411263,2504,1,0.058824,556.500,196.500,23.43710,0.10671,0
1785663298477356091,2505,0,0.058824,556.500,196.500,23.43848,0.10671,1
1785663298496315401,2506,0,,,,23.44050,0.10671,1
1785663298516338116,2507,1,0.054902,554.500,197.500,23.48549,0.57122,0
1785663298536924325,2508,1,0.047059,553.500,201.500,23.49164,0.50992,0
1785663298558790564,2509,0,,,,23.50279,0.50992,1
1785663298576526552,2510,1,0.050980,553.500,201.500,23.49597,0.33415,0
1785663298596812639,2511,1,0.047059,555.500,195.500,23.53118,0.65724,0
1785663298616832438,2512,0,,,,23.54433,0.65724,1
1785663298636797695,2513,0,,,,23.55746,0.65724,1
1785663298656701412,2514,1,0.043137,552.500,189.500,23.49223,-0.14834,0
1785663298680101218,2515,0,,,,23.48876,-0.14834,1
1785663298699118985,2516,0,,,,23.48593,-0.14834,1
1785663298717185720,2517,1,0.066667,559.500,198.500,23.64565,1.38496,0
1785663298736870105,2518,1,0.035294,556.500,193.500,23.66012,1.25634,0
1785663298757046235,2519,1,0.035294,557.500,192.500,23.68701,1.27358,0
1785663298777252115,2520,1,0.062745,560.500,198.500,23.75654,1.80691,0
1785663298797047333,2521,1,0.039216,552.500,192.500,23.67161,0.26853,0
1785663298818877988,2522,0,,,,23.67747,0.26853,1
1785663298837546758,2523,1,0.082353,556.500,192.500,23.64202,-0.21588,0
1785663298857305810,2524,1,0.047059,558.500,199.500,23.65348,-0.03006,0
1785663298878404181,2525,0,,,,23.65284,-0.03006,1
1785663298897601196,2526,0,,,,23.65227,-0.03006,1
1785663298917731827,2527,1,0.058824,547.500,202.500,23.35925,-3.02683,0
1785663298937318213,2528,0,,,,23.29996,-3.02683,1
1785663298957466052,2529,1,0.050980,560.500,198.500,23.48239,-0.57379,0
1785663298977015105,2530,0,,,,23.47117,-0.57379,1
1785663298997532190,2531,0,,,,23.45940,-0.57379,1
1785663299016882329,2532,1,0.058824,554.500,203.500,23.47132,-0.35246,0
1785663299037449288,2533,1,0.066667,551.500,197.500,23.41327,-0.87329,0
1785663299063857398,2534,0,,,,23.39020,-0.87329,1
1785663299091018291,2535,1,0.086275,552.500,201.500,23.38464,-0.67608,0
1785663299110927841,2536,1,0.066667,554.500,193.500,23.43236,0.02308,0
1785663299130123689,2537,1,0.070588,553.500,198.500,23.44650,0.18940,0
1785663299148150841,2538,0,,,,23.44991,0.18940,1
1785663299168208848,2539,0,,,,23.45371,0.18940,1
1785663299190182793,2540,1,0.031373,555.500,201.500,23.51988,0.84382,0
1785663299208174362,2541,0,,,,23.53506,0.84382,1
1785663299232501034,2542,0,,,,23.55559,0.84382,1
1785663299255716884,2543,1,0.031373,552.500,192.500,23.47990,-0.04326,0
1785663299285175712,2544,0,,,,23.47862,-0.04326,1
1785663299307396197,2545,1,0.043137,549.500,196.500,23.35193,-1.29568,0
1785663299320696938,2546,0,,,,23.33470,-1.29568,1
1785663299340280116,2547,0,,,,23.30932,-1.29568,1
1785663299360355331,2548,0,,,,23.28331,-1.29568,1
1785663299380294922,2549,0,,,,,,0
1785663299400699425,2550,1,0.039216,560.500,198.500,23.76725,0.00000,0
1785663299420392560,2551,1,0.035294,549.500,201.500,23.39089,-13.96401,0
1785663299440509191,2552,0,,,,23.10998,-13.96401,1
1785663299460511781,2553,1,0.074510,554.500,192.500,22.93540,-11.98582,0
1785663299484667788,2554,0,,,,22.64587,-11.98582,1
1785663299500988041,2555,1,0.054902,560.500,198.500,23.08364,-3.87835,0
1785663299520371137,2556,1,0.070588,549.500,202.500,23.08680,-2.93863,0
1785663299540634475,2557,1,0.039216,560.500,196.500,23.32297,0.60717,0
1785663299560863021,2558,0,,,,23.33525,0.60717,1
1785663299581344065,2559,0,,,,23.34768,0.60717,1
1785663299602925723,2560,0,,,,23.36079,0.60717,1
1785663299620915542,2561,1,0.039216,549.500,201.500,23.32834,0.20474,0
1785663299640936799,2562,1,0.070588,556.500,201.500,23.47209,1.57138,0
1785663299660943181,2563,0,,,,23.50353,1.57138,1
1785663299683004001,2564,0,,,,23.53819,1.57138,1
1785663299704619783,2565,0,,,,23.57216,1.57138,1
1785663299724030879,2566,0,,,,,,0
1785663299749379708,2567,1,0.050980,555.500,201.500,23.54949,0.00000,0
1785663299766140456,2568,1,0.035294,559.500,200.500,23.67933,5.12904,0
1785663299784192107,2569,0,0.035294,559.500,200.500,23.77192,5.12904,1
1785663299804138115,2570,1,0.070588,561.500,195.500,23.99191,7.52248,0
1785663299824654908,2571,0,,,,24.14625,7.52248,1
1785663299844232253,2572,1,0.047059,554.500,201.500,23.91846,2.55843,0
1785663299864534090,2573,0,,,,23.97040,2.55843,1
1785663299884754845,2574,0,,,,24.02213,2.55843,1
1785663299904396064,2575,0,,,,24.07238,2.55843,1
1785663299934253264,2576,1,0.117647,548.500,198.500,23.45614,-3.10035,0
1785663299952384998,2577,0,0.117647,548.500,198.500,23.39993,-3.10035,1
1785663299972350839,2578,0,,,,23.33802,-3.10035,1
1785663299992382596,2579,0,,,,23.27592,-3.10035,1
1785663300022210295,2580,1,0.054902,548.500,201.500,23.15922,-3.29723,0
1785663300044072867,2581,0,0.054902,548.500,201.500,23.08714,-3.29723,1
1785663300064097624,2582,0,,,,23.02111,-3.29723,1
1785663300084120047,2583,0,,,,22.95509,-3.29723,1
1785663300105965661,2584,0,,,,,,0
1785663300124948303,2585,1,0.047059,555.500,196.500,23.55097,0.00000,0
1785663300146498753,2586,0,,,,23.55097,0.00000,1
1785663300165801642,2587,0,,,,23.55097,0.00000,1
1785663300191098888,2588,0,,,,23.55097,0.00000,1
1785663300204289546,2589,1,0.047059,560.500,198.500,23.76256,2.62004,0
1785663300224356011,2590,1,0.031373,554.500,201.500,23.67809,0.93659,0
1785663300244101063,2591,0,,,,23.69659,0.93659,1
1785663300264138944,2592,1,0.031373,560.500,199.500,23.77095,1.58691,0
1785663300284317116,2593,1,0.039216,549.500,196.500,23.57783,-1.05955,0
1785663300304442205,2594,1,0.086275,559.500,196.500,23.61278,-0.37539,0
1785663300324280297,2595,1,0.043137,553.500,201.500,23.53849,-1.21296,0
1785663300349431919,2596,0,,,,23.50798,-1.21296,1
1785663300368038899,2597,0,,,,23.48541,-1.21296,1
1785663300391373747,2598,1,0.047059,554.500,199.500,23.47158,-1.06312,0
1785663300408086954,2599,0,0.047059,554.500,199.500,23.45382,-1.06312,1
1785663300428137086,2600,1,0.062745,549.500,201.500,23.32400,-2.16344,0
1785663300450623484,2601,1,0.058824,554.500,195.500,23.36518,-1.19252,0
1785663300468305598,2602,0,0.058824,554.500,195.500,23.34410,-1.19252,1
1785663300488272897,2603,0,,,,23.32029,-1.19252,1
1785663300509486600,2604,1,0.035294,549.500,201.500,23.25952,-1.55612,0
1785663300531348130,2605,0,,,,23.22550,-1.55612,1
1785663300548220210,2606,1,0.047059,559.500,196.500,23.47490,1.27569,0
1785663300568344716,2607,1,0.043137,553.500,201.500,23.50502,1.32382,0
1785663300595572901,2608,1,0.070588,560.500,198.500,23.66453,2.79355,0
1785663300625156145,2609,1,0.054902,556.500,191.500,23.71313,2.36355,0
1785663300656488913,2610,1,0.039216,559.500,198.500,23.79285,2.43622,0
1785663300680042509,2611,0,,,,23.85023,2.43622,1
1785663300702581699,2612,1,0.074510,556.500,189.500,23.74594,0.60519,0
1785663300719966316,2613,0,,,,23.75646,0.60519,1
1785663300742731711,2614,0,,,,23.77023,0.60519,1
1785663300760895654,2615,0,,,,23.78123,0.60519,1
1785663300781662695,2616,1,0.035294,553.500,201.500,23.54901,-1.55235,0
1785663300802821148,2617,1,0.035294,554.500,203.500,23.49302,-1.77405,0
1785663300820255931,2618,0,,,,23.46209,-1.77405,1
1785663300840145939,2619,0,,,,23.42681,-1.77405,1
1785663300861283393,2620,1,0.031373,555.500,193.500,23.47001,-0.96470,0
1785663300881869603,2621,1,0.054902,554.500,199.500,23.46840,-0.77075,0
1785663300901552238,2622,1,0.050980,549.500,201.500,23.37502,-1.67562,0
1785663300925480789,2623,1,0.039216,553.500,198.500,23.37374,-1.19310,0
1785663300940420889,2624,0,0.039216,553.500,198.500,23.35591,-1.19310,1
1785663300960561269,2625,0,,,,23.33188,-1.19310,1
1785663300982329300,2626,0,,,,23.30591,-1.19310,1
1785663301001687814,2627,0,,,,,,0
1785663301020342335,2628,1,0.035294,552.500,193.500,23.42168,0.00000,0
1785663301040553464,2629,0,,,,23.42168,0.00000,1
1785663301060343140,2630,1,0.050980,560.500,198.500,23.74099,7.34338,0
1785663301080174816,2631,0,,,,23.88662,7.34338,1
1785663301101376894,2632,0,,,,24.04231,7.34338,1
1785663301120823782,2633,1,0.031373,550.500,202.500,23.69480,1.48341,0
1785663301140237211,2634,1,0.031373,548.500,198.500,23.47915,-1.32518,0
1785663301160350342,2635,0,,,,23.45250,-1.32518,1
1785663301180345933,2636,1,0.039216,549.500,202.500,23.31239,-2.58009,0
1785663301200260732,2637,1,0.086275,552.500,187.500,23.28974,-2.25517,0
1785663301222769464,2638,0,,,,23.23897,-2.25517,1
1785663301241351152,2639,0,,,,23.19707,-2.25517,1
1785663301262628480,2640,0,,,,23.14909,-2.25517,1
1785663301280399968,2641,1,0.070588,553.500,195.500,23.30626,-0.42601,0
1785663301303944231,2642,0,,,,23.29623,-0.42601,1
1785663301324030820,2643,0,,,,23.28767,-0.42601,1
1785663301346923715,2644,0,,,,23.27792,-0.42601,1
1785663301366118188,2645,1,0.039216,552.500,191.500,23.38301,0.50972,0
1785663301387956969,2646,0,,,,23.39414,0.50972,1
1785663301406300701,2647,1,0.043137,558.500,195.500,23.58188,2.19188,0
1785663301424941513,2648,0,,,,23.62274,2.19188,1
1785663301446258715,2649,0,,,,23.66946,2.19188,1
1785663301464348866,2650,1,0.031373,552.500,193.500,23.57441,0.88262,0
1785663301484226625,2651,1,0.035294,559.500,194.500,23.67533,1.74723,0
1785663301504348214,2652,1,0.043137,555.500,201.500,23.67057,1.29058,0
1785663301524061182,2653,1,0.031373,561.500,198.500,23.76456,2.13415,0
1785663301550586415,2654,0,,,,23.82117,2.13415,1
1785663301566551046,2655,0,,,,23.85524,2.13415,1
1785663301585428898,2656,0,,,,23.89553,2.13415,1
1785663301604450332,2657,0,,,,,,0
1785663301624665253,2658,1,0.039216,556.500,195.500,23.59465,0.00000,0
1785663301644880466,2659,1,0.039216,554.500,201.500,23.52439,-2.57531,0
1785663301666193960,2660,1,0.031373,560.500,194.500,23.61739,1.45077,0
1785663301687151124,2661,0,,,,23.64779,1.45077,1
1785663301705011736,2662,0,,,,23.67370,1.45077,1
1785663301724904078,2663,1,0.054902,556.500,196.500,23.65586,0.87634,0
1785663301745440413,2664,1,0.094118,552.500,193.500,23.54659,-0.57261,0
1785663301766244787,2665,1,0.050980,553.500,195.500,23.48899,-1.09939,0
1785663301785638092,2666,0,,,,23.46767,-1.09939,1
1785663301805894429,2667,1,0.047059,553.500,201.500,23.43087,-1.26323,0
1785663301825580190,2668,1,0.035294,561.500,195.500,23.57092,0.62937,0
1785663301846364564,2669,1,0.058824,558.500,196.500,23.63690,1.26345,0
1785663301867308853,2670,0,,,,23.66336,1.26345,1
1785663301885944499,2671,1,0.039216,553.500,201.500,23.59436,0.18446,0
1785663301905775591,2672,1,0.039216,555.500,201.500,23.57903,-0.03719,0
1785663301928513696,2673,0,,,,23.57819,-0.03719,1
1785663301948289372,2674,1,0.054902,557.500,179.500,23.61289,0.36291,0
1785663301968475418,2675,0,,,,23.62021,0.36291,1
1785663301988388468,2676,1,0.058824,555.500,201.500,23.59076,-0.03147,0
1785663302008387267,2677,1,0.062745,560.500,198.500,23.67331,0.89070,0
1785663302028377607,2678,1,0.031373,553.500,194.500,23.60941,-0.07029,0
1785663302048351615,2679,1,0.149020,560.500,198.500,23.67223,0.72335,0
1785663302068352747,2680,1,0.043137,555.500,201.500,23.64284,0.16535,0
1785663302088612001,2681,1,0.031373,553.500,194.500,23.57527,-0.74785,0
1785663302109844037,2682,0,,,,23.55939,-0.74785,1
1785663302130111167,2683,0,,,,23.54424,-0.74785,1
1785663302150785792,2684,1,0.031373,553.500,201.500,23.46611,-1.40915,0
1785663302168622904,2685,1,0.078431,552.500,191.500,23.40546,-1.78862,0
1785663302188917742,2686,0,,,,23.36916,-1.78862,1
1785663302208382796,2687,0,,,,23.33434,-1.78862,1
1785663302228458594,2688,1,0.074510,552.500,193.500,23.33219,-1.44855,0
1785663302248735640,2689,1,0.047059,548.500,200.500,23.24582,-2.04779,0
1785663302272441318,2690,0,,,,23.19728,-2.04779,1
1785663302289523021,2691,1,0.039216,549.500,196.500,23.18702,-1.77362,0
1785663302308500122,2692,0,,,,23.15337,-1.77362,1
1785663302328979582,2693,1,0.035294,553.500,193.500,23.27618,-0.05729,0
1785663302350386075,2694,0,,,,23.27496,-0.05729,1
1785663302372211272,2695,0,,,,23.27371,-0.05729,1
1785663302388753272,2696,0,,,,23.27276,-0.05729,1
1785663302411059423,2697,0,,,,,,0
1785663302429452321,2698,1,0.043137,556.500,201.500,23.59287,0.00000,0
1785663302449378204,2699,0,,,,23.59287,0.00000,1
1785663302471547023,2700,1,0.094118,558.500,194.500,23.67551,1.82099,0
1785663302489330927,2701,1,0.039216,553.500,195.500,23.59448,-0.39726,0
1785663302509318059,2702,1,0.035294,556.500,196.500,23.58234,-0.46977,0
1785663302530017434,2703,1,0.039216,553.500,201.500,23.50354,-1.52569,0
1785663302550087107,2704,0,,,,23.47292,-1.52569,1
1785663302572951461,2705,1,0.109804,553.500,188.500,23.41453,-1.80588,0
1785663302592682512,2706,0,,,,23.37890,-1.80588,1
1785663302613259680,2707,0,,,,23.34174,-1.80588,1
1785663302632121573,2708,1,0.035294,549.500,197.500,23.24557,-2.40609,0
1785663302656531911,2709,0,,,,23.18684,-2.40609,1
1785663302672302044,2710,0,,,,23.14890,-2.40609,1
1785663302692599798,2711,1,0.039216,560.500,198.500,23.50494,1.31962,0
1785663302712219434,2712,1,0.047059,549.500,201.500,23.43543,0.36874,0
1785663302732570854,2713,1,0.035294,553.500,201.500,23.45807,0.53868,0
1785663302752689235,2714,0,,,,23.46890,0.53868,1
1785663302772653243,2715,0,,,,23.47966,0.53868,1
1785663302792741707,2716,1,0.054902,555.500,194.500,23.54341,1.09748,0
1785663302813035378,2717,1,0.082353,553.500,195.500,23.53739,0.79205,0
1785663302832329517,2718,1,0.035294,559.500,194.500,23.64115,1.81044,0
1785663302852602771,2719,0,,,,23.67786,1.81044,1
1785663302872916442,2720,0,,,,23.71464,1.81044,1
1785663302892888991,2721,0,,,,23.75079,1.81044,1
1785663302912867373,2722,1,0.054902,553.500,201.500,23.60430,0.08919,0
1785663302933016962,2723,1,0.035294,555.500,200.500,23.57881,-0.18154,0
1785663302952768138,2724,1,0.047059,554.500,198.500,23.54201,-0.54764,0
1785663302972818562,2725,1,0.047059,554.500,195.500,23.51248,-0.77130,0
1785663302992859943,2726,1,0.047059,553.500,189.500,23.47203,-1.08852,0
1785663303013649151,2727,0,,,,23.44940,-1.08852,1
1785663303032796583,2728,1,0.039216,549.500,201.500,23.33198,-2.24390,0
1785663303056958673,2729,0,,,,23.27777,-2.24390,1
1785663303072640474,2730,1,0.043137,560.500,193.500,23.49309,0.53352,0
1785663303093012602,2731,1,0.039216,557.500,192.500,23.57721,1.35432,0
1785663303113329606,2732,0,,,,23.60473,1.35432,1
1785663303132495413,2733,1,0.047059,556.500,201.500,23.63916,1.44893,0
1785663303154342610,2734,0,,,,23.67082,1.44893,1
1785663303172634176,2735,1,0.031373,553.500,201.500,23.59643,0.35894,0
1785663303192753723,2736,1,0.031373,549.500,201.500,23.46195,-1.21701,0
1785663303220608860,2737,0,,,,23.42805,-1.21701,1
1785663303243842418,2738,1,0.050980,559.500,198.500,23.57918,0.77513,0
1785663303270696939,2739,1,0.031373,560.500,198.500,23.69924,1.91482,0
1785663303284117554,2740,0,0.031373,560.500,198.500,23.72494,1.91482,1
1785663303304229810,2741,1,0.035294,560.500,193.500,23.80086,2.34463,0
1785663303325086392,2742,0,,,,23.84976,2.34463,1
1785663303345367479,2743,0,,,,23.89731,2.34463,1
1785663303364354788,2744,0,,,,23.94183,2.34463,1
1785663303384105673,2745,1,0.047059,553.500,201.500,23.66216,-0.59565,0
1785663303404252637,2746,0,,,,23.65016,-0.59565,1
1785663303424416517,2747,1,0.047059,559.500,197.500,23.67641,-0.23299,0
1785663303444347358,2748,0,,,,23.67177,-0.23299,1
1785663303464122743,2749,1,0.062745,554.500,194.500,23.56939,-1.23438,0
1785663303486352936,2750,0,,,,23.54195,-1.23438,1
1785663303505280620,2751,0,,,,23.51859,-1.23438,1
1785663303530703198,2752,1,0.039216,560.500,198.500,23.66176,0.44070,0
1785663303548077898,2753,0,0.039216,560.500,198.500,23.66942,0.44070,1
1785663303569299934,2754,0,,,,23.67877,0.44070,1
1785663303592691199,2755,1,0.043137,553.500,201.500,23.53646,-0.97683,0
1785663303608372499,2756,0,0.043137,553.500,201.500,23.52114,-0.97683,1
1785663303630426361,2757,1,0.054902,547.500,200.500,23.30889,-2.87369,0
1785663303648607219,2758,0,,,,23.25665,-2.87369,1
1785663303668421395,2759,0,,,,23.19971,-2.87369,1
1785663303690759712,2760,0,,,,23.13551,-2.87369,1
1785663303708348993,2761,0,,,,,,0
1785663303730355897,2762,1,0.086275,552.500,202.500,23.41902,0.00000,0
1785663303748127551,2763,1,0.043137,555.500,195.500,23.51975,3.89946,0
1785663303768245932,2764,1,0.070588,552.500,191.500,23.57657,3.26427,0
1785663303788383271,2765,0,,,,23.64231,3.26427,1
1785663303808408320,2766,1,0.074510,555.500,200.500,23.68572,2.91561,0
1785663303828281411,2767,1,0.031373,554.500,202.500,23.63641,1.44585,0
1785663303848227711,2768,0,0.031373,554.500,202.500,23.66525,1.44585,1
1785663303868342883,2769,1,0.039216,550.500,196.500,23.50614,-0.69553,0
1785663303888302599,2770,1,0.094118,560.500,198.500,23.61454,0.68207,0
1785663303908412522,2771,0,,,,23.62825,0.68207,1
1785663303928169240,2772,0,,,,23.64173,0.68207,1
1785663303948085206,2773,0,,,,23.65531,0.68207,1
1785663303970246733,2774,0,,,,,,0
1785663303988341551,2775,1,0.047059,554.500,194.500,23.50817,0.00000,0
1785663304008430765,2776,1,0.031373,553.500,201.500,23.47217,-1.32362,0
1785663304028513438,2777,1,0.078431,559.500,193.500,23.61747,3.49672,0
1785663304049831599,2778,1,0.058824,549.500,201.500,23.51545,-0.16994,0
1785663304068376162,2779,1,0.043137,559.500,196.500,23.63158,1.87816,0
1785663304088228546,2780,1,0.031373,548.500,197.500,23.48571,-0.84460,0
1785663304108586966,2781,1,0.058824,561.500,198.500,23.61735,1.16761,0
1785663304128694847,2782,1,0.031373,555.500,201.500,23.62093,0.91175,0
1785663304149068433,2783,1,0.074510,554.500,198.500,23.59823,0.39133,0
1785663304172763903,2784,0,,,,23.60750,0.39133,1
1785663304192970658,2785,0,,,,23.61541,0.39133,1
1785663304212302130,2786,0,,,,23.62297,0.39133,1
1785663304232481761,2787,0,,,,,,0
1785663304255829942,2788,0,,,,,,0
1785663304272201528,2789,0,,,,,,0
1785663304292256909,2790,1,0.031373,554.500,193.500,23.50847,0.00000,0
1785663304312364498,2791,0,,,,23.50847,0.00000,1
1785663304332451088,2792,0,,,,23.50847,0.00000,1
1785663304352259430,2793,0,,,,23.50847,0.00000,1
1785663304372411061,2794,1,0.039216,554.500,201.500,23.50615,-0.02838,0
1785663304395913408,2795,0,,,,23.50549,-0.02838,1
1785663304412488366,2796,0,,,,23.50502,-0.02838,1
1785663304439273221,2797,1,0.074510,560.500,193.500,23.71937,1.98972,0
1785663304462283240,2798,1,0.066667,554.500,200.500,23.64525,0.75856,0
1785663304483890272,2799,0,,,,23.66164,0.75856,1
1785663304505828927,2800,1,0.054902,548.500,202.500,23.42861,-2.00152,0
1785663304525635519,2801,1,0.039216,553.500,201.500,23.40551,-1.81113,0
1785663304545789191,2802,1,0.082353,554.500,197.500,23.41377,-1.26714,0
1785663304565634575,2803,1,0.031373,553.500,201.500,23.40915,-1.00824,0
1785663304586143493,2804,1,0.031373,549.500,201.500,23.33862,-1.64867,0
1785663304608937181,2805,1,0.043137,560.500,199.500,23.48460,0.71970,0
1785663304629669722,2806,1,0.113725,553.500,194.500,23.49113,0.61157,0
1785663304644107660,2807,0,0.113725,553.500,194.500,23.49996,0.61157,1
1785663304664999533,2808,0,,,,23.51274,0.61157,1
1785663304685953822,2809,1,0.109804,554.500,191.500,23.52326,0.58704,0
1785663304704443261,2810,0,0.109804,554.500,191.500,23.53411,0.58704,1
1785663304728815683,2811,1,0.066667,552.500,201.500,23.47864,-0.12350,0
1785663304746499255,2812,0,0.066667,552.500,201.500,23.47646,-0.12350,1
1785663304764679947,2813,1,0.031373,554.500,203.500,23.48940,0.03509,0
1785663304784152584,2814,1,0.043137,556.500,201.500,23.53823,0.56462,0
1785663304804132425,2815,1,0.047059,554.500,201.500,23.54058,0.45923,0
1785663304824186640,2816,1,0.031373,554.500,201.500,23.53945,0.33077,0
1785663304845014638,2817,0,,,,23.54634,0.33077,1
1785663304864290986,2818,0,,,,23.55272,0.33077,1
1785663304884882737,2819,0,,,,23.55953,0.33077,1
1785663304904196418,2820,0,,,,,,0
1785663304926662108,2821,1,0.058824,553.500,201.500,23.46271,0.00000,0
1785663304944402847,2822,0,0.058824,553.500,201.500,23.46271,0.00000,1
1785663304964193106,2823,1,0.043137,546.500,202.500,23.18430,-6.74660,0
1785663304984192196,2824,0,,,,23.04937,-6.74660,1
1785663305004326327,2825,1,0.047059,553.500,201.500,23.14301,-3.19713,0
1785663305024417583,2826,0,,,,23.07878,-3.19713,1
1785663305044167009,2827,1,0.031373,561.500,197.500,23.49155,2.45554,0
1785663305064158808,2828,0,,,,23.54065,2.45554,1
1785663305084196106,2829,0,,,,23.58985,2.45554,1
1785663305105542183,2830,0,,,,23.64226,2.45554,1
1785663305128085748,2831,0,,,,,,0
1785663305149602657,2832,1,0.043137,561.500,198.500,23.81062,0.00000,0
1785663305168848671,2833,0,,,,23.81062,0.00000,1
1785663305190158207,2834,1,0.066667,559.500,198.500,23.73033,-1.82543,0
1785663305208043610,2835,0,0.066667,559.500,198.500,23.69768,-1.82543,1
1785663305227926618,2836,0,,,,23.66138,-1.82543,1
1785663305248345996,2837,0,,,,23.62411,-1.82543,1
1785663305268112339,2838,0,,,,,,0
1785663305288052513,2839,0,,,,,,0
1785663305308378559,2840,0,,,,,,0
1785663305328426649,2841,1,0.039216,560.500,199.500,23.76696,0.00000,0
1785663305348466572,2842,0,,,,23.76696,0.00000,1
1785663305368077750,2843,1,0.070588,559.500,193.500,23.72857,-0.88921,0
1785663305388215964,2844,1,0.050980,559.500,198.500,23.69537,-1.19086,0
1785663305409463667,2845,1,0.074510,554.500,195.500,23.54235,-3.35815,0
1785663305429983085,2846,1,0.098039,559.500,199.500,23.53271,-2.46603,0
1785663305449998800,2847,0,,,,23.48335,-2.46603,1
1785663305469830767,2848,1,0.031373,552.500,193.500,23.36594,-3.29247,0
1785663305489964606,2849,0,,,,23.29965,-3.29247,1
1785663305509890198,2850,1,0.031373,560.500,198.500,23.47813,-0.68593,0
1785663305529892205,2851,1,0.062745,555.500,201.500,23.49234,-0.38129,0
1785663305553578675,2852,0,,,,23.48331,-0.38129,1
1785663305569763095,2853,0,,,,23.47714,-0.38129,1
1785663305594691886,2854,1,0.031373,553.500,193.500,23.45540,-0.50412,0
1785663305609694485,2855,1,0.054902,554.500,193.500,23.46718,-0.30120,0
1785663305629873240,2856,1,0.031373,553.500,197.500,23.45777,-0.33958,0
1785663305649939997,2857,0,,,,23.45095,-0.33958,1
1785663305671438239,2858,1,0.039216,553.500,201.500,23.44631,-0.30881,0
1785663305690648670,2859,0,,,,23.44037,-0.30881,1
1785663305711268421,2860,1,0.062745,553.500,201.500,23.44342,-0.20576,0
1785663305730746600,2861,1,0.031373,553.500,201.500,23.44648,-0.12652,0
1785663305749961698,2862,1,0.066667,553.500,201.500,23.44987,-0.05777,0
1785663305774939114,2863,0,,,,23.44843,-0.05777,1
1785663305792426979,2864,1,0.062745,559.500,198.500,23.59627,1.68150,0
1785663305812401862,2865,1,0.035294,552.500,201.500,23.56127,0.87908,0
1785663305836228164,2866,0,,,,23.58222,0.87908,1
1785663305851827507,2867,1,0.062745,552.500,197.500,23.51948,0.00368,0
1785663305871915846,2868,0,,,,23.51956,0.00368,1
1785663305892642929,2869,0,,,,23.51963,0.00368,1
1785663305911925985,2870,0,,,,23.51970,0.00368,1
1785663305931907868,2871,0,,,,,,0
1785663305951829667,2872,1,0.043137,559.500,197.500,23.72418,0.00000,0
1785663305971945131,2873,0,,,,23.72418,0.00000,1
1785663305991994680,2874,0,,,,23.72418,0.00000,1
1785663306011922021,2875,1,0.043137,554.500,201.500,23.51411,-3.37389,0
1785663306031896903,2876,0,,,,23.44672,-3.37389,1
1785663306052069242,2877,0,,,,23.37866,-3.37389,1
1785663306073788190,2878,0,,,,23.30538,-3.37389,1
1785663306092323337,2879,0,,,,,,0
1785663306111955514,2880,0,,,,,,0
1785663306132162269,2881,0,,,,,,0
1785663306152049069,2882,1,0.031373,549.500,201.500,23.28910,0.00000,0
1785663306173089107,2883,0,0.031373,549.500,201.500,23.28910,0.00000,1
1785663306191898210,2884,1,0.105882,554.500,201.500,23.48950,4.62353,0
1785663306212186630,2885,0,0.105882,554.500,201.500,23.58331,4.62353,1
1785663306231966390,2886,0,,,,23.67476,4.62353,1
1785663306252080104,2887,0,,,,23.76776,4.62353,1
1785663306271960487,2888,1,0.031373,551.500,202.500,23.49829,1.04442,0
1785663306292338157,2889,0,0.031373,551.500,202.500,23.51957,1.04442,1
1785663306312348622,2890,1,0.047059,559.500,193.500,23.69321,2.50235,0
1785663306332479253,2891,0,,,,23.74358,2.50235,1
1785663306352503135,2892,0,,,,23.79369,2.50235,1
1785663306374238875,2893,0,,,,23.84808,2.50235,1
1785663306397205644,2894,0,,,,,,0
1785663306416029037,2895,0,,,,,,0
1785663306436005670,2896,0,,,,,,0
1785663306456007968,2897,1,0.050980,554.500,203.500,23.50551,0.00000,0
1785663306476734177,2898,0,0.050980,554.500,203.500,23.50551,0.00000,1
1785663306498277918,2899,1,0.058824,553.500,201.500,23.46567,-0.87486,0
1785663306516661483,2900,0,0.058824,553.500,201.500,23.44959,-0.87486,1
1785663306535933748,2901,1,0.039216,556.500,193.500,23.54880,0.88827,0
1785663306555991171,2902,0,,,,23.56662,0.88827,1
1785663306576770837,2903,0,,,,23.58507,0.88827,1
1785663306596193891,2904,0,,,,23.60233,0.88827,1
1785663306616125024,2905,0,,,,,,0
1785663306635903033,2906,0,,,,,,0
1785663306659383630,2907,1,0.070588,554.500,201.500,23.50610,0.00000,0
1785663306676446250,2908,0,0.070588,554.500,201.500,23.50610,0.00000,1
1785663306696132677,2909,1,0.035294,554.500,188.500,23.50961,0.08645,0
1785663306716230933,2910,1,0.031373,554.500,201.500,23.51008,0.06035,0
1785663306736375564,2911,1,0.043137,553.500,199.500,23.48374,-0.42621,0
1785663306756475862,2912,1,0.058824,549.500,201.500,23.36504,-2.13125,0
1785663306776106581,2913,1,0.039216,554.500,202.500,23.37145,-1.45101,0
1785663306796655749,2914,1,0.031373,559.500,198.500,23.49199,0.53940,0
1785663306816411592,2915,1,0.035294,556.500,195.500,23.55244,1.17819,0
1785663306836734429,2916,0,,,,23.57638,1.17819,1
1785663306856774352,2917,0,,,,23.60000,1.17819,1
1785663306881569728,2918,0,,,,23.62921,1.17819,1
1785663306901895523,2919,1,0.078431,560.500,198.500,23.77904,2.33377,0
