timestamp_ns,frame_id,detected,confidence,x_px,y_px,s_cm,velocity_cm_s,predicted
1785663309760634589,0,0,,,,,,0
1785663309780132893,1,0,,,,,,0
1785663309801041099,2,0,,,,,,0
1785663309819961325,3,0,,,,,,0
1785663309836363035,4,0,,,,,,0
1785663309856546457,5,0,,,,,,0
1785663309876811836,6,1,0.050980,553.500,201.500,23.46271,0.00000,0
1785663309896656928,7,0,,,,23.46271,0.00000,1
1785663309916542562,8,1,0.062745,552.500,193.500,23.42484,-0.87595,0
1785663309936924023,9,1,0.117647,561.500,197.500,23.66245,4.14204,0
1785663309956843781,10,0,,,,23.74496,4.14204,1
1785663309977131619,11,0,,,,23.82899,4.14204,1
1785663310000809464,12,0,,,,23.92707,4.14204,1
1785663310017038800,13,1,0.047059,560.500,198.500,23.94050,3.62689,0
1785663310037583302,14,1,0.031373,554.500,203.500,23.80254,1.55123,0
1785663310057772265,15,1,0.039216,553.500,195.500,23.69233,0.01981,0
1785663310077132321,16,1,0.054902,560.500,198.500,23.72427,0.39484,0
1785663310098012819,17,0,,,,23.73252,0.39484,1
1785663310118103492,18,0,,,,23.74045,0.39484,1
1785663310138140790,19,1,0.039216,559.500,198.500,23.74281,0.33586,0
1785663310157861425,20,0,,,,23.74944,0.33586,1
1785663310182249971,21,1,0.031373,556.500,201.500,23.66457,-0.60827,0
1785663310198136478,22,1,0.050980,559.500,195.500,23.67597,-0.38246,0
1785663310217899904,23,0,,,,23.66841,-0.38246,1
1785663310237154377,24,0,,,,23.66104,-0.38246,1
1785663310261488549,25,1,0.043137,557.500,196.500,23.63163,-0.58736,0
1785663310277881592,26,0,,,,23.62200,-0.58736,1
1785663310297166690,27,1,0.054902,553.500,201.500,23.51261,-1.59459,0
1785663310320992117,28,1,0.031373,549.500,202.500,23.34952,-2.96793,0
1785663310341312912,29,0,,,,23.28921,-2.96793,1
1785663310361079547,30,1,0.047059,554.500,192.500,23.31874,-1.97441,0
1785663310381047137,31,1,0.047059,554.500,201.500,23.34857,-1.17548,0
1785663310402583587,32,1,0.050980,555.500,201.500,23.40099,-0.23685,0
1785663310420969486,33,1,0.054902,549.500,200.500,23.34896,-0.83255,0
1785663310451465804,34,0,,,,23.32357,-0.83255,1
1785663310469250291,35,0,,,,23.30876,-0.83255,1
1785663310489425547,36,1,0.070588,554.500,203.500,23.41647,0.47663,0
1785663310509218431,37,0,,,,23.42590,0.47663,1
1785663310530063054,38,0,,,,23.43584,0.47663,1
1785663310549685315,39,0,,,,23.44519,0.47663,1
1785663310569925028,40,0,,,,,,0
1785663310591074524,41,0,,,,,,0
1785663310609860001,42,1,0.039216,554.500,200.500,23.50640,0.00000,0
1785663310633380348,43,0,,,,23.50640,0.00000,1
1785663310654082640,44,0,,,,23.50640,0.00000,1
1785663310689791905,45,0,,,,23.50640,0.00000,1
1785663310701328664,46,0,,,,,,0
1785663310722244454,47,1,0.043137,547.500,201.500,23.20227,0.00000,0
1785663310741440011,48,0,,,,23.20227,0.00000,1
1785663310763042960,49,1,0.074510,547.500,201.500,23.20227,0.00000,0
1785663310781927895,50,1,0.031373,553.500,201.500,23.37869,3.47478,0
1785663310801735362,51,0,,,,23.44752,3.47478,1
1785663310823440685,52,0,,,,23.52294,3.47478,1
1785663310842909823,53,0,,,,23.59059,3.47478,1
1785663310860591937,54,0,,,,,,0
1785663310882886546,55,0,,,,,,0
1785663310904731034,56,0,,,,,,0
1785663310921397950,57,0,,,,,,0
1785663310940872337,58,1,0.043137,554.500,201.500,23.50610,0.00000,0
1785663310965327758,59,1,0.050980,560.500,198.500,23.72488,7.23054,0
1785663310984686063,60,0,,,,23.86485,7.23054,1
1785663311004961067,61,1,0.066667,554.500,201.500,23.82121,3.80551,0
1785663311024985824,62,0,,,,23.89742,3.80551,1
1785663311044745750,63,1,0.043137,559.500,198.500,23.89998,2.88967,0
1785663311063676185,64,1,0.031373,553.500,199.500,23.74843,0.42664,0
1785663311084303519,65,0,,,,23.75723,0.42664,1
1785663311105511555,66,0,,,,23.76628,0.42664,1
1785663311124952401,67,0,,,,23.77458,0.42664,1
1785663311145469195,68,0,,,,,,0
1785663311165726408,69,0,,,,,,0
1785663311185463292,70,0,,,,,,0
1785663311205388884,71,1,0.035294,555.500,192.500,23.55215,0.00000,0
1785663311228146613,72,0,,,,23.55215,0.00000,1
1785663311245818518,73,1,0.074510,555.500,195.500,23.55133,-0.01871,0
1785663311273696530,74,0,,,,23.55081,-0.01871,1
1785663311296675632,75,1,0.082353,560.500,198.500,23.73577,2.44955,0
1785663311316829595,76,0,,,,23.78513,2.44955,1
1785663311339574117,77,1,0.054902,557.500,195.500,23.73622,1.30821,0
1785663311359313626,78,1,0.074510,556.500,195.500,23.68784,0.48435,0
1785663311379068886,79,1,0.043137,554.500,201.500,23.61512,-0.48466,0
1785663311398974061,80,1,0.031373,553.500,201.500,23.54085,-1.28545,0
1785663311416561384,81,0,,,,23.51825,-1.28545,1
1785663311436721472,82,0,,,,23.49233,-1.28545,1
1785663311458366713,83,1,0.050980,560.500,198.500,23.64010,0.57770,0
1785663311476628071,84,0,,,,23.65065,0.57770,1
1785663311497743358,85,0,,,,23.66285,0.57770,1
1785663311519857011,86,1,0.098039,555.500,196.500,23.59794,-0.15144,0
1785663311539163983,87,1,0.117647,555.500,201.500,23.57063,-0.39725,0
1785663311559238031,88,1,0.054902,548.500,201.500,23.42065,-1.99692,0
1785663311578459838,89,1,0.054902,553.500,197.500,23.39992,-1.78107,0
1785663311596834944,90,0,0.054902,553.500,197.500,23.36719,-1.78107,1
1785663311618439060,91,1,0.070588,556.500,195.500,23.44820,-0.36129,0
1785663311637095331,92,0,0.070588,556.500,195.500,23.44145,-0.36129,1
1785663311657340294,93,1,0.039216,554.500,201.500,23.46692,0.00057,0
1785663311677581174,94,1,0.054902,552.500,193.500,23.44563,-0.23874,0
1785663311700213112,95,0,,,,23.44023,-0.23874,1
1785663311718721801,96,1,0.031373,559.500,195.500,23.58938,1.48519,0
1785663311738112481,97,1,0.086275,549.500,201.500,23.49238,0.04622,0
1785663311757474870,98,1,0.058824,554.500,198.500,23.49981,0.12422,0
1785663311778276702,99,0,,,,23.50239,0.12422,1
1785663311797279761,100,1,0.031373,554.500,201.500,23.50806,0.16281,0
1785663311817775554,101,1,0.047059,553.500,201.500,23.49198,-0.06414,0
1785663311837198026,102,0,,,,23.49073,-0.06414,1
1785663311857592612,103,1,0.035294,556.500,203.500,23.54365,0.54886,0
1785663311877135540,104,1,0.054902,559.500,199.500,23.64195,1.55365,0
1785663311897757291,105,0,,,,23.67399,1.55365,1
1785663311920687019,106,0,,,,23.70962,1.55365,1
1785663311940595985,107,0,,,,23.74055,1.55365,1
1785663311964736867,108,0,,,,,,0
1785663311982308440,109,0,,,,,,0
1785663312001329999,110,0,,,,,,0
1785663312021434088,111,1,0.039216,553.500,195.500,23.46448,0.00000,0
1785663312041460595,112,1,0.031373,549.500,197.500,23.32665,-5.07441,0
1785663312061557101,113,1,0.062745,560.500,196.500,23.48238,2.15935,0
1785663312081764440,114,1,0.031373,554.500,198.500,23.57186,3.12865,0
1785663312103531596,115,1,0.058824,553.500,201.500,23.61210,2.66050,0
1785663312121905244,116,0,,,,23.66098,2.66050,1
1785663312144015105,117,1,0.050980,555.500,200.500,23.67852,2.15528,0
1785663312162611876,118,0,,,,23.71860,2.15528,1
1785663312183283835,119,0,,,,23.76315,2.15528,1
1785663312202061729,120,1,0.054902,549.500,201.500,23.50061,-0.75969,0
1785663312221605824,121,0,,,,23.48576,-0.75969,1
1785663312242344865,122,0,,,,23.47001,-0.75969,1
1785663312262107708,123,0,,,,23.45500,-0.75969,1
1785663312282093965,124,0,,,,,,0
1785663312302825132,125,1,0.062745,560.500,198.500,23.76725,0.00000,0
1785663312322386727,126,1,0.035294,559.500,199.500,23.73296,-1.27632,0
1785663312342424025,127,1,0.050980,555.500,201.500,23.54896,-5.77106,0
1785663312362212242,128,0,,,,23.43477,-5.77106,1
1785663312382585829,129,1,0.050980,554.500,195.500,23.28381,-6.29509,0
1785663312402165215,130,1,0.043137,550.500,203.500,23.11321,-6.94125,0
1785663312422249180,131,1,0.039216,554.500,202.500,23.10258,-5.29421,0
1785663312442210062,132,1,0.035294,553.500,201.500,23.11230,-3.84913,0
1785663312462742022,133,0,,,,23.03327,-3.84913,1
1785663312482812570,134,0,,,,22.95602,-3.84913,1
1785663312502729703,135,0,,,,22.87935,-3.84913,1
1785663312522757377,136,1,0.031373,555.500,198.500,23.24125,0.22583,0
1785663312546421805,137,0,,,,23.24659,0.22583,1
1785663312565587904,138,1,0.054902,560.500,198.500,23.58150,3.39801,0
1785663312585305539,139,1,0.047059,560.500,198.500,23.76983,4.66843,0
1785663312606771115,140,1,0.031373,552.500,197.500,23.75712,3.35160,0
1785663312626560207,141,0,,,,23.82344,3.35160,1
1785663312646318675,142,1,0.050980,554.500,201.500,23.75546,1.77710,0
1785663312666506180,143,1,0.039216,554.500,200.500,23.69230,0.60877,0
1785663312684823829,144,1,0.050980,553.500,201.500,23.61250,-0.49475,0
1785663312705344998,145,1,0.035294,560.500,195.500,23.66252,0.25682,0
1785663312723526148,146,1,0.047059,559.500,198.500,23.69347,0.59108,0
1785663312742562165,147,0,,,,23.70472,0.59108,1
1785663312766230093,148,0,,,,23.71871,0.59108,1
1785663312788454286,149,0,,,,23.73185,0.59108,1
1785663312807601135,150,0,,,,,,0
1785663312825177667,151,0,,,,,,0
1785663312847008989,152,1,0.058824,549.500,201.500,23.28910,0.00000,0
1785663312864021151,153,0,,,,23.28910,0.00000,1
1785663312884180365,154,0,,,,23.28910,0.00000,1
1785663312903789792,155,1,0.039216,553.500,194.500,23.45761,2.85026,0
1785663312927936050,156,1,0.039216,554.500,201.500,23.59725,3.91824,0
1785663312944367217,157,1,0.090196,555.500,197.500,23.68692,4.28833,0
1785663312965271049,158,0,,,,23.77656,4.28833,1
1785663312986475585,159,1,0.047059,555.500,201.500,23.78123,3.23401,0
1785663313003947701,160,1,0.039216,561.500,197.500,23.88583,3.80697,0
1785663313024166123,161,0,,,,23.96280,3.80697,1
1785663313048781958,162,1,0.054902,554.500,193.500,23.83580,1.35772,0
1785663313063568435,163,1,0.070588,555.500,194.500,23.74312,0.07700,0
1785663313084756930,164,1,0.062745,555.500,195.500,23.66362,-0.89622,0
1785663313103474575,165,0,,,,23.64685,-0.89622,1
1785663313115468579,166,0,,,,23.63610,-0.89622,1
1785663313134630886,167,0,,,,23.61892,-0.89622,1
1785663313160570000,168,0,,,,,,0
1785663313175578141,169,1,0.039216,551.500,202.500,23.37562,0.00000,0
1785663313197989874,170,0,0.039216,551.500,202.500,23.37562,0.00000,1
1785663313214598665,171,1,0.054902,556.500,195.500,23.57729,4.73477,0
1785663313228581899,172,1,0.043137,559.500,195.500,23.78734,7.83089,0
1785663313248249368,173,0,,,,23.94135,7.83089,1
1785663313268997159,174,1,0.039216,557.500,196.500,23.99323,6.21587,0
1785663313287430307,175,0,,,,24.10781,6.21587,1
1785663313308661093,176,1,0.050980,552.500,192.500,23.85376,1.81379,0
1785663313327361113,177,1,0.039216,549.500,201.500,23.62026,-1.18998,0
1785663313351069875,178,1,0.066667,555.500,200.500,23.54868,-1.69773,0
1785663313367991330,179,1,0.035294,559.500,198.500,23.57568,-1.01733,0
1785663313387281094,180,1,0.039216,554.500,201.500,23.52125,-1.45711,0
1785663313412006595,181,1,0.086275,553.500,198.500,23.44828,-1.93257,0
1785663313427446981,182,1,0.058824,548.500,202.500,23.32026,-3.20696,0
1785663313448707684,183,0,,,,23.25208,-3.20696,1
1785663313468355111,184,0,,,,23.18907,-3.20696,1
1785663313487497585,185,0,,,,23.12768,-3.20696,1
1785663313508974827,186,1,0.031373,556.500,193.500,23.35351,-0.41012,0
1785663313527453183,187,0,,,,23.34593,-0.41012,1
1785663313549316005,188,0,,,,23.33696,-0.41012,1
1785663313570856455,189,0,,,,23.32813,-0.41012,1
1785663313591611038,190,0,,,,,,0
1785663313610091977,191,1,0.050980,555.500,201.500,23.54949,0.00000,0
1785663313629042536,192,1,0.054902,560.500,198.500,23.71883,6.39026,0
1785663313647025063,193,1,0.054902,559.500,198.500,23.92707,9.20145,0
1785663313663647271,194,1,0.047059,547.500,199.500,23.71905,0.66933,0
1785663313682902327,195,0,,,,23.73194,0.66933,1
1785663313701588348,196,1,0.047059,555.500,195.500,23.61233,-1.27242,0
1785663313720070787,197,0,,,,23.58881,-1.27242,1
1785663313743241303,198,1,0.050980,554.500,201.500,23.50306,-1.89532,0
1785663313758966228,199,0,,,,23.47326,-1.89532,1
1785663313780867050,200,0,,,,23.43175,-1.89532,1
1785663313800938514,201,1,0.066667,560.500,198.500,23.59802,0.03141,0
1785663313822476006,202,0,,,,23.59869,0.03141,1
1785663313839025006,203,1,0.047059,560.500,198.500,23.70010,1.02590,0
1785663313860078461,204,0,,,,23.72170,1.02590,1
1785663313879050937,205,0,,,,23.74116,1.02590,1
1785663313890954025,206,1,0.117647,555.500,192.500,23.64551,-0.04245,0
1785663313910900158,207,0,,,,23.64466,-0.04245,1
1785663313933856010,208,0,,,,23.64368,-0.04245,1
1785663313950725840,209,1,0.047059,559.500,195.500,23.69737,0.46966,0
1785663313975338759,210,1,0.058824,549.500,201.500,23.49883,-1.68032,0
1785663313990370233,211,1,0.043137,560.500,198.500,23.56913,-0.60848,0
1785663314011782143,212,1,0.031373,554.500,198.500,23.52671,-0.97171,0
1785663314030777910,213,0,,,,23.50825,-0.97171,1
1785663314052805230,214,0,,,,23.48684,-0.97171,1
1785663314074183306,215,1,0.094118,553.500,195.500,23.43756,-1.27456,0
1785663314092423081,216,0,,,,23.41432,-1.27456,1
1785663314114207737,217,1,0.039216,553.500,195.500,23.41685,-0.96514,0
1785663314134616907,218,1,0.082353,553.500,201.500,23.41925,-0.72641,0
1785663314154358166,219,1,0.058824,550.500,190.500,23.36901,-1.14558,0
1785663314174596421,220,1,0.043137,561.500,198.500,23.52818,1.11467,0
1785663314194332431,221,1,0.090196,554.500,183.500,23.54338,1.02782,0
1785663314213753152,222,0,,,,23.56335,1.02782,1
1785663314234318362,223,1,0.050980,552.500,190.500,23.51019,0.14424,0
1785663314255354608,224,1,0.031373,548.500,197.500,23.39072,-1.29933,0
1785663314274631539,225,1,0.078431,547.500,201.500,23.28559,-2.26529,0
1785663314292618150,226,0,,,,23.24485,-2.26529,1
1785663314317714064,227,1,0.039216,554.500,200.500,23.33084,-0.62487,0
1785663314332702663,228,0,,,,23.32147,-0.62487,1
1785663314352960459,229,0,,,,23.30882,-0.62487,1
1785663314373113257,230,0,,,,23.29622,-0.62487,1
1785663314394621415,231,0,,,,,,0
1785663314413329019,232,1,0.050980,552.500,193.500,23.42168,0.00000,0
1785663314433813146,233,1,0.050980,554.500,200.500,23.48918,2.45826,0
1785663314457223535,234,1,0.058824,554.500,192.500,23.60187,3.88574,0
1785663314477306041,235,1,0.050980,560.500,198.500,23.85059,7.29346,0
1785663314498029333,236,1,0.043137,547.500,199.500,23.70772,2.46816,0
1785663314517131266,237,0,,,,23.75487,2.46816,1
1785663314538367302,238,1,0.082353,552.500,193.500,23.62105,0.19503,0
1785663314558501724,239,0,,,,23.62498,0.19503,1
1785663314578695646,240,1,0.043137,558.500,199.500,23.66575,0.58562,0
1785663314617910668,241,1,0.070588,555.500,201.500,23.61968,-0.19248,0
1785663314640531816,242,0,,,,23.61533,-0.19248,1
1785663314655123460,243,0,,,,23.61252,-0.19248,1
1785663314674799679,244,1,0.047059,549.500,201.500,23.38352,-2.54197,0
1785663314696229088,245,1,0.054902,554.500,202.500,23.36672,-2.13823,0
1785663314716091680,246,0,,,,23.32425,-2.13823,1
1785663314736120687,247,0,,,,23.28143,-2.13823,1
1785663314756520273,248,0,,,,23.23781,-2.13823,1
1785663314776142826,249,1,0.031373,553.500,201.500,23.33022,-0.91015,0
1785663314794669306,250,1,0.074510,555.500,195.500,23.41759,0.10482,0
1785663314816820167,251,0,,,,23.41992,0.10482,1
1785663314837615916,252,0,,,,23.42210,0.10482,1
1785663314854925033,253,0,,,,23.42391,0.10482,1
1785663314867881903,254,0,,,,,,0
1785663314886966627,255,0,,,,,,0
1785663314908037582,256,0,,,,,,0
1785663314927420679,257,1,0.031373,554.500,201.500,23.50610,0.00000,0
1785663314946608902,258,1,0.035294,553.500,201.500,23.47223,-1.27156,0
1785663314967340944,259,0,,,,23.44586,-1.27156,1
1785663314987597281,260,1,0.031373,554.500,203.500,23.44985,-0.71485,0
1785663315014918298,261,0,,,,23.43032,-0.71485,1
1785663315026844720,262,0,,,,23.42179,-0.71485,1
1785663315048398086,263,0,,,,23.40638,-0.71485,1
1785663315068620883,264,0,,,,,,0
1785663315087593317,265,1,0.078431,555.500,195.500,23.55126,0.00000,0
1785663315108727146,266,0,,,,23.55126,0.00000,1
1785663315128412823,267,1,0.074510,555.500,197.500,23.55072,-0.01239,0
1785663315148274248,268,0,,,,23.55047,-0.01239,1
1785663315167449097,269,1,0.031373,554.500,198.500,23.51489,-0.54817,0
1785663315179904888,270,1,0.035294,553.500,199.500,23.47458,-1.02993,0
1785663315200750386,271,0,,,,23.45311,-1.02993,1
1785663315220906100,272,0,,,,23.43235,-1.02993,1
1785663315240699568,273,1,0.054902,553.500,198.500,23.41951,-0.95064,0
1785663315260789366,274,1,0.058824,554.500,203.500,23.43560,-0.57901,0
1785663315280700665,275,1,0.047059,554.500,199.500,23.45071,-0.27865,0
1785663315301618496,276,1,0.031373,559.500,198.500,23.55813,1.08854,0
1785663315321341965,277,1,0.078431,547.500,201.500,23.44343,-0.62662,0
1785663315340757436,278,1,0.058824,561.500,198.500,23.57894,1.27205,0
1785663315362584966,279,0,0.058824,561.500,198.500,23.60671,1.27205,1
1785663315382628098,280,1,0.035294,549.500,196.500,23.47705,-0.56755,0
1785663315404390879,281,1,0.043137,552.500,193.500,23.43307,-0.93853,0
1785663315422103909,282,0,,,,23.41645,-0.93853,1
1785663315441501297,283,1,0.050980,559.500,198.500,23.55306,0.81348,0
1785663315467852865,284,0,,,,23.57449,0.81348,1
1785663315482132138,285,0,,,,23.58611,0.81348,1
1785663315501142197,286,1,0.039216,556.500,201.500,23.61383,0.93632,0
1785663315521900488,287,0,,,,23.63327,0.93632,1
1785663315541677622,288,1,0.035294,553.500,199.500,23.56082,0.02873,0
1785663315561211509,289,0,,,,23.56138,0.02873,1
1785663315581187266,290,1,0.043137,545.500,203.500,23.30342,-2.63767,0
1785663315604090744,291,0,,,,23.24301,-2.63767,1
1785663315621130031,292,1,0.031373,555.500,179.500,23.34415,-1.08887,0
1785663315641147496,293,0,,,,23.32235,-1.08887,1
1785663315661296502,294,1,0.043137,555.500,195.500,23.42072,0.18287,0
1785663315681276926,295,1,0.074510,553.500,198.500,23.44640,0.42630,0
1785663315701803928,296,0,,,,23.45515,0.42630,1
1785663315721180316,297,1,0.113725,556.500,196.500,23.54378,1.33089,0
1785663315745636028,298,1,0.031373,554.500,195.500,23.57140,1.27392,0
1785663315765268789,299,1,0.043137,553.500,201.500,23.56246,0.86399,0
1785663315790166413,300,0,,,,23.58398,0.86399,1
1785663315805427427,301,0,,,,23.59716,0.86399,1
1785663315825167811,302,1,0.047059,553.500,201.500,23.53568,0.03044,0
1785663315847935582,303,1,0.058824,559.500,196.500,23.63361,1.07650,0
1785663315865520363,304,0,,,,23.65254,1.07650,1
1785663315885726243,305,1,0.050980,559.500,194.500,23.72412,1.62303,0
1785663315905323421,306,1,0.050980,554.500,193.500,23.67212,0.67135,0
1785663315925536885,307,1,0.062745,549.500,182.500,23.53110,-1.17994,0
1785663315946574298,308,1,0.031373,553.500,201.500,23.46787,-1.65946,0
1785663315965114778,309,1,0.086275,552.500,198.500,23.40405,-2.08146,0
1785663315987296805,310,0,,,,23.35788,-2.08146,1
1785663316005741911,311,1,0.074510,560.500,198.500,23.51151,0.20535,0
1785663316026732575,312,0,,,,23.51582,0.20535,1
1785663316046022422,313,1,0.039216,554.500,201.500,23.51668,0.17145,0
1785663316065195521,314,1,0.039216,548.500,202.500,23.39472,-1.22024,0
1785663316087148925,315,1,0.047059,558.500,197.500,23.48261,0.12703,0
1785663316105080119,316,1,0.031373,554.500,201.500,23.49547,0.25710,0
1785663316125442915,317,1,0.043137,560.500,195.500,23.61219,1.67143,0
1785663316145615837,318,1,0.035294,560.500,198.500,23.72216,2.65236,0
1785663316170424670,319,0,,,,23.78796,2.65236,1
1785663316185521185,320,1,0.031373,554.500,201.500,23.71395,1.27872,0
1785663316205649482,321,0,,,,23.73969,1.27872,1
1785663316226547689,322,0,,,,23.76641,1.27872,1
1785663316251109775,323,1,0.031373,554.500,201.500,23.63557,-0.29882,0
1785663316267228071,324,0,,,,23.63076,-0.29882,1
1785663316284801978,325,1,0.043137,553.500,201.500,23.52559,-1.29721,0
1785663316311060380,326,1,0.039216,549.500,201.500,23.36161,-2.71471,0
1785663316324822116,327,1,0.043137,556.500,202.500,23.38921,-1.95409,0
1785663316345071746,328,1,0.043137,553.500,199.500,23.36857,-1.71562,0
1785663316364960588,329,1,0.043137,552.500,193.500,23.34182,-1.61991,0
1785663316393610424,330,0,,,,23.29541,-1.61991,1
1785663316419897493,331,1,0.078431,556.500,196.500,23.43769,0.51534,0
1785663316438072810,332,0,,,,23.44706,0.51534,1
1785663316460152630,333,1,0.039216,552.500,197.500,23.44229,0.34136,0
1785663316478396779,334,0,,,,23.44852,0.34136,1
1785663316505053303,335,1,0.043137,554.500,201.500,23.49316,0.71217,0
1785663316531381413,336,1,0.062745,556.500,201.500,23.56406,1.29632,0
1785663316550709385,337,1,0.054902,554.500,197.500,23.56347,0.98804,0
1785663316570423812,338,1,0.133333,552.500,201.500,23.52172,0.21441,0
1785663316590550359,339,1,0.074510,559.500,199.500,23.61012,1.30130,0
1785663316610530783,340,1,0.043137,554.500,200.500,23.59335,0.74561,0
1785663316630314042,341,1,0.039216,549.500,196.500,23.48434,-0.85771,0
1785663316649341892,342,0,,,,23.46802,-0.85771,1
1785663316673845729,343,1,0.039216,554.500,195.500,23.46893,-0.60156,0
1785663316689480655,344,0,0.039216,554.500,195.500,23.45952,-0.60156,1
1785663316709072875,345,0,,,,23.44774,-0.60156,1
1785663316729323963,346,0,,,,23.43555,-0.60156,1
1785663316751456448,347,0,,,,,,0
1785663316769484475,348,0,,,,,,0
1785663316789964811,349,0,,,,,,0
1785663316809914318,350,0,,,,,,0
1785663316829034334,351,0,,,,,,0
1785663316856575807,352,1,0.031373,553.500,201.500,23.46271,0.00000,0
1785663316887647203,353,1,0.039216,555.500,200.500,23.53981,2.16874,0
1785663316908958988,354,0,0.039216,555.500,200.500,23.58603,2.16874,1
1785663316928823913,355,0,,,,23.62911,2.16874,1
1785663316951638142,356,1,0.054902,556.500,193.500,23.64755,1.78846,0
1785663316968905218,357,0,,,,23.67843,1.78846,1
1785663316994287671,358,1,0.035294,553.500,201.500,23.57095,0.20573,0
1785663317015703206,359,1,0.050980,555.500,199.500,23.56433,0.08608,0
1785663317035998335,360,1,0.066667,554.500,193.500,23.54057,-0.21340,0
1785663317053052205,361,0,0.066667,554.500,193.500,23.53693,-0.21340,1
1785663317074691904,362,1,0.058824,552.500,193.500,23.47025,-0.93766,0
1785663317092908637,363,0,0.058824,552.500,193.500,23.45317,-0.93766,1
1785663317116581232,364,1,0.031373,553.500,206.500,23.43570,-0.88609,0
1785663317134932714,365,1,0.062745,556.500,195.500,23.49393,-0.04927,0
1785663317153305488,366,0,0.062745,556.500,195.500,23.49303,-0.04927,1
1785663317172802917,367,0,,,,23.49207,-0.04927,1
1785663317192853340,368,0,,,,23.49108,-0.04927,1
1785663317215696443,369,1,0.074510,553.500,201.500,23.46922,-0.24068,0
1785663317233895968,370,0,,,,23.46484,-0.24068,1
1785663317252926444,371,0,,,,23.46026,-0.24068,1
1785663317273801400,372,0,,,,23.45524,-0.24068,1
1785663317299892429,373,1,0.039216,554.500,201.500,23.48851,0.08706,0
1785663317332226146,374,1,0.035294,556.500,196.500,23.55341,0.71407,0
1785663317352722023,375,0,0.035294,556.500,196.500,23.56804,0.71407,1
1785663317374103016,376,1,0.066667,549.500,196.500,23.41613,-1.16443,0
1785663317395126721,377,1,0.050980,552.500,197.500,23.39381,-1.13914,0
1785663317414782815,378,1,0.066667,555.500,193.500,23.44153,-0.27829,0
1785663317432810550,379,0,,,,23.43651,-0.27829,1
1785663317455902151,380,1,0.113725,549.500,201.500,23.34888,-1.22772,0
1785663317472842272,381,0,,,,23.32808,-1.22772,1
1785663317496268120,382,1,0.031373,553.500,201.500,23.37776,-0.37285,0
1785663317515526676,383,1,0.141176,558.500,195.500,23.51393,1.23555,0
1785663317534001240,384,0,,,,23.53676,1.23555,1
1785663317560387891,385,1,0.086275,561.500,195.500,23.72611,2.98078,0
1785663317591727534,386,1,0.047059,553.500,195.500,23.67834,1.33007,0
1785663317620581869,387,1,0.031373,555.500,199.500,23.64977,0.50272,0
1785663317646436400,388,1,0.086275,553.500,192.500,23.57024,-0.67271,0
1785663317668091849,389,1,0.070588,559.500,196.500,23.62779,0.25439,0
1785663317686626496,390,1,0.035294,560.500,198.500,23.69261,1.03189,0
1785663317704942103,391,0,,,,23.71151,1.03189,1
1785663317728082995,392,1,0.074510,560.500,198.500,23.76613,1.39342,0
1785663317748936077,393,0,,,,23.79519,1.39342,1
1785663317766388068,394,1,0.035294,549.500,202.500,23.52948,-1.78811,0
1785663317784777467,395,0,,,,23.49660,-1.78811,1
1785663317808533769,396,1,0.031373,560.500,198.500,23.61380,-0.11552,0
1785663317829297602,397,1,0.054902,559.500,198.500,23.66428,0.46675,0
1785663317847478169,398,0,,,,23.67277,0.46675,1
1785663317867373135,399,1,0.031373,560.500,195.500,23.73315,1.04165,0
1785663317887017854,400,0,0.031373,560.500,195.500,23.75362,1.04165,1
1785663317907345066,401,1,0.054902,559.500,198.500,23.75785,0.85770,0
1785663317925189929,402,0,0.054902,559.500,198.500,23.77315,0.85770,1
1785663317945183769,403,1,0.043137,561.500,197.500,23.81170,1.08497,0
1785663317968608450,404,0,,,,23.83712,1.08497,1
1785663317988572832,405,1,0.031373,553.500,195.500,23.63775,-1.24681,0
1785663318008552673,406,1,0.054902,549.500,200.500,23.44634,-3.08334,0
1785663318028926551,407,0,,,,23.38353,-3.08334,1
1785663318049912340,408,1,0.035294,553.500,201.500,23.36265,-2.59233,0
1785663318069369811,409,1,0.039216,556.500,195.500,23.41970,-1.35719,0
1785663318090781429,410,0,,,,23.39064,-1.35719,1
1785663318108694832,411,0,,,,23.36633,-1.35719,1
1785663318129928243,412,0,,,,23.33751,-1.35719,1
1785663318150891574,413,1,0.047059,556.500,196.500,23.49821,0.39191,0
1785663318169462970,414,0,,,,23.50549,0.39191,1
1785663318192078951,415,1,0.062745,555.500,201.500,23.54163,0.65341,0
1785663318210668597,416,0,0.062745,555.500,201.500,23.55377,0.65341,1
1785663318229565782,417,1,0.031373,553.500,194.500,23.52212,0.19967,0
1785663318249511207,418,0,,,,23.52610,0.19967,1
1785663318269879252,419,1,0.054902,554.500,201.500,23.52092,0.10174,0
1785663318290356671,420,1,0.035294,553.500,201.500,23.49635,-0.19495,0
1785663318310114847,421,0,,,,23.49250,-0.19495,1
1785663318332118334,422,0,,,,23.48821,-0.19495,1
1785663318349766823,423,1,0.035294,556.500,198.500,23.55026,0.48310,0
1785663318369219627,424,1,0.043137,552.500,197.500,23.49982,-0.15339,0
1785663318392888264,425,0,,,,23.49619,-0.15339,1
1785663318410251422,426,1,0.047059,553.500,193.500,23.47428,-0.36620,0
1785663318429558103,427,1,0.047059,555.500,195.500,23.49979,0.00467,0
1785663318450092980,428,0,,,,23.49989,0.00467,1
1785663318475600556,429,0,,,,23.50001,0.00467,1
1785663318489772622,430,0,,,,23.50007,0.00467,1
1785663318511759318,431,0,,,,,,0
1785663318529719095,432,1,0.043137,553.500,201.500,23.46271,0.00000,0
1785663318549633603,433,0,,,,23.46271,0.00000,1
1785663318569853191,434,0,,,,23.46271,0.00000,1
1785663318588926249,435,1,0.043137,560.500,198.500,23.75576,4.77101,0
1785663318613078048,436,0,,,,23.87099,4.77101,1
1785663318633791131,437,0,,,,23.96981,4.77101,1
1785663318653441975,438,0,,,,24.06356,4.77101,1
1785663318673453899,439,0,,,,,,0
1785663318693460864,440,0,,,,,,0
1785663318713060667,441,1,0.054902,549.500,201.500,23.28910,0.00000,0
1785663318732989466,442,1,0.043137,549.500,201.500,23.28910,0.00000,0
1785663318753490510,443,1,0.039216,554.500,202.500,23.45453,4.61109,0
1785663318777477435,444,0,,,,23.56514,4.61109,1
1785663318793511357,445,1,0.050980,556.500,193.500,23.75292,6.39155,0
1785663318812909037,446,1,0.031373,553.500,201.500,23.76651,4.88949,0
1785663318833274457,447,1,0.047059,559.500,196.500,23.89259,5.22718,0
1785663318856880803,448,1,0.035294,553.500,201.500,23.86173,3.30929,0
1785663318874040839,449,0,,,,23.91852,3.30929,1
1785663318894103803,450,1,0.031373,553.500,201.500,23.76813,0.80184,0
1785663318917004031,451,0,,,,23.78649,0.80184,1
1785663318934195858,452,1,0.062745,549.500,201.500,23.52412,-2.20361,0
1785663318953562038,453,1,0.039216,555.500,192.500,23.47682,-2.25498,0
1785663318974382246,454,1,0.054902,549.500,200.500,23.33025,-3.42423,0
1785663318994840665,455,0,,,,23.26020,-3.42423,1
1785663319014739506,456,0,,,,23.19206,-3.42423,1
1785663319034328517,457,1,0.031373,549.500,200.500,23.14358,-3.22887,0
1785663319054789895,458,0,,,,23.07752,-3.22887,1
1785663319074323781,459,0,,,,23.01444,-3.22887,1
1785663319095822607,460,1,0.050980,559.500,199.500,23.39269,0.96621,0
1785663319117801761,461,0,,,,23.41393,0.96621,1
1785663319134615591,462,0,,,,23.43017,0.96621,1
1785663319154789097,463,1,0.043137,560.500,198.500,23.69254,3.21600,0
1785663319174584606,464,1,0.035294,560.500,198.500,23.82635,3.92084,0
1785663319201268171,465,1,0.039216,559.500,196.500,23.91947,3.78793,0
1785663319224839642,466,0,,,,24.00876,3.78793,1
1785663319246290926,467,1,0.043137,559.500,198.500,23.92317,1.85858,0
1785663319266317724,468,1,0.039216,553.500,201.500,23.73778,-0.74333,0
1785663319284570624,469,0,,,,23.72421,-0.74333,1
1785663319306293155,470,1,0.035294,553.500,201.500,23.56299,-2.38491,0
1785663319325703585,471,0,,,,23.51670,-2.38491,1
1785663319347830862,472,0,,,,23.46393,-2.38491,1
1785663319364741234,473,0,,,,23.42360,-2.38491,1
1785663319387743961,474,0,,,,,,0
1785663319408654500,475,1,0.062745,554.500,180.500,23.51231,0.00000,0
1785663319426587737,476,1,0.031373,554.500,202.500,23.50734,-0.19175,0
1785663319444800678,477,0,0.031373,554.500,202.500,23.50385,-0.19175,1
1785663319465507345,478,0,,,,23.49988,-0.19175,1
1785663319485936931,479,0,,,,23.49596,-0.19175,1
1785663319504837908,480,0,,,,,,0
1785663319524927705,481,0,,,,,,0
1785663319547392813,482,1,0.054902,555.500,195.500,23.55126,0.00000,0
1785663319576117940,483,1,0.062745,556.500,201.500,23.58750,1.07821,0
1785663319596741774,484,0,,,,23.60974,1.07821,1
1785663319616645491,485,0,,,,23.63120,1.07821,1
1785663319638244357,486,1,0.039216,559.500,195.500,23.74048,2.17135,0
1785663319661577955,487,1,0.129412,546.500,202.500,23.43038,-2.07354,0
1785663319679599357,488,0,0.129412,546.500,202.500,23.39302,-2.07354,1
1785663319697369178,489,0,,,,23.35617,-2.07354,1
1785663319719350124,490,1,0.031373,560.500,195.500,23.59759,0.79861,0
1785663319736975655,491,0,0.031373,560.500,195.500,23.61167,0.79861,1
1785663319757085869,492,1,0.039216,552.500,201.500,23.52053,-0.27421,0
1785663319777287957,493,1,0.082353,553.500,195.500,23.48555,-0.58956,0
1785663319797432880,494,0,,,,23.47368,-0.58956,1
1785663319817346513,495,1,0.058824,555.500,195.500,23.49766,-0.18945,0
1785663319837127147,496,0,,,,23.49391,-0.18945,1
1785663319856929073,497,0,,,,23.49016,-0.18945,1
1785663319880451169,498,0,,,,23.48570,-0.18945,1
1785663319902129368,499,1,0.054902,554.500,196.500,23.49831,-0.04155,0
1785663319922115917,500,1,0.058824,554.500,201.500,23.50158,-0.00198,0
1785663319943284704,501,1,0.074510,560.500,198.500,23.62128,1.32736,0
1785663319961604394,502,0,0.074510,560.500,198.500,23.64560,1.32736,1
1785663319980740952,503,0,,,,23.67100,1.32736,1
1785663320000533836,504,0,,,,23.69727,1.32736,1
1785663320021318668,505,0,,,,,,0
1785663320040572266,506,0,,,,,,0
1785663320064315986,507,0,,,,,,0
1785663320080874736,508,0,,,,,,0
1785663320100745286,509,0,,,,,,0
1785663320121540160,510,1,0.058824,555.500,203.500,23.54890,0.00000,0
1785663320140624301,511,0,0.058824,555.500,203.500,23.54890,0.00000,1
1785663320160816765,512,1,0.176471,548.500,198.500,23.27028,-6.50519,0
1785663320181932636,513,0,,,,23.13292,-6.50519,1
1785663320200698280,514,0,,,,23.01084,-6.50519,1
1785663320221580195,515,1,0.031373,560.500,196.500,23.43825,0.23863,0
1785663320253914245,516,1,0.050980,549.500,201.500,23.35186,-0.81345,0
1785663320261713916,517,0,0.050980,549.500,201.500,23.34552,-0.81345,1
1785663320280647559,518,1,0.058824,559.500,198.500,23.51952,1.35544,0
1785663320303156416,519,1,0.035294,554.500,199.500,23.54384,1.28183,0
1785663320320817821,520,0,0.035294,554.500,199.500,23.56648,1.28183,1
1785663320344687748,521,1,0.035294,558.500,197.500,23.66197,2.02513,0
1785663320365253082,522,1,0.035294,554.500,201.500,23.62912,1.15795,0
1785663320382077038,523,0,0.035294,554.500,201.500,23.64860,1.15795,1
1785663320404621770,524,1,0.047059,554.500,200.500,23.60749,0.39644,0
1785663320422594672,525,0,,,,23.61462,0.39644,1
1785663320442726178,526,0,,,,23.62260,0.39644,1
1785663320462339980,527,1,0.074510,550.500,196.500,23.44467,-1.45159,0
1785663320483517892,528,0,,,,23.41393,-1.45159,1
1785663320502803407,529,1,0.070588,554.500,198.500,23.42345,-1.07631,0
1785663320525442345,530,1,0.121569,554.500,195.500,23.43037,-0.73978,0
1785663320545709475,531,1,0.047059,553.500,195.500,23.42298,-0.65071,0
1785663320565483109,532,1,0.035294,554.500,201.500,23.44462,-0.22139,0
1785663320585237494,533,0,0.035294,554.500,201.500,23.44024,-0.22139,1
1785663320605276834,534,1,0.039216,554.500,201.500,23.46840,0.16598,0
1785663320626133416,535,0,,,,23.47186,0.16598,1
1785663320647409410,536,0,,,,23.47539,0.16598,1
1785663320665283147,537,0,,,,23.47836,0.16598,1
1785663320686531141,538,0,,,,,,0
1785663320706177027,539,1,0.047059,561.500,198.500,23.81062,0.00000,0
1785663320727945766,540,0,,,,23.81062,0.00000,1
1785663320745732462,541,1,0.035294,545.500,201.500,23.16926,-14.88823,0
1785663320765738261,542,1,0.054902,559.500,196.500,23.07186,-10.92333,0
1785663320785691852,543,0,,,,22.85390,-10.92333,1
1785663320809826817,544,1,0.050980,560.500,197.500,23.27722,-1.78034,0
1785663320825904572,545,0,0.050980,560.500,197.500,23.24860,-1.78034,1
1785663320845978037,546,0,,,,23.21286,-1.78034,1
1785663320866023502,547,1,0.043137,556.500,193.500,23.43270,0.74458,0
1785663320885945301,548,1,0.031373,559.500,196.500,23.60827,2.38025,0
1785663320909702020,549,1,0.058824,554.500,201.500,23.61710,1.84339,0
1785663320926064647,550,0,0.058824,554.500,201.500,23.64727,1.84339,1
1785663320946822647,551,0,,,,23.68553,1.84339,1
1785663320966255326,552,0,,,,23.72135,1.84339,1
1785663320987004284,553,0,,,,,,0
1785663321010856252,554,0,,,,,,0
1785663321026390263,555,0,,,,,,0
1785663321047008847,556,1,0.047059,553.500,195.500,23.46448,0.00000,0
1785663321066635191,557,0,,,,23.46448,0.00000,1
1785663321088811176,558,0,,,,23.46448,0.00000,1
1785663321108681435,559,0,,,,23.46448,0.00000,1
1785663321126864627,560,1,0.050980,555.500,202.500,23.54738,1.01985,0
1785663321148122329,561,0,,,,23.56906,1.01985,1
1785663321170229649,562,1,0.062745,546.500,202.500,23.30625,-2.06771,0
1785663321189245541,563,1,0.039216,556.500,196.500,23.39506,-0.62505,0
1785663321209523462,564,1,0.070588,560.500,193.500,23.54896,1.38455,0
1785663321229288929,565,0,,,,23.57633,1.38455,1
1785663321250394592,566,1,0.058824,549.500,201.500,23.44530,-0.49114,0
1785663321269551066,567,0,0.058824,549.500,201.500,23.43589,-0.49114,1
1785663321290980850,568,0,,,,23.42536,-0.49114,1
1785663321309379582,569,0,,,,23.41633,-0.49114,1
1785663321329491838,570,1,0.047059,553.500,193.500,23.43636,-0.22282,0
1785663321349414512,571,1,0.031373,553.500,199.500,23.44365,-0.11015,0
1785663321370607966,572,0,,,,23.44131,-0.11015,1
1785663321389396068,573,0,,,,23.43924,-0.11015,1
1785663321411631428,574,0,,,,23.43679,-0.11015,1
1785663321429674329,575,0,,,,,,0
1785663321455732776,576,0,,,,,,0
1785663321480540151,577,0,,,,,,0
1785663321500634032,578,0,,,,,,0
1785663321520815329,579,1,0.070588,549.500,181.500,23.29502,0.00000,0
1785663321540623005,580,0,,,,23.29502,0.00000,1
1785663321560601970,581,1,0.043137,555.500,201.500,23.52997,5.42751,0
1785663321582132587,582,1,0.066667,555.500,195.500,23.66178,5.71671,0
1785663321600802566,583,1,0.031373,553.500,195.500,23.65346,3.74974,0
1785663321620674199,584,1,0.078431,561.500,196.500,23.81116,5.02116,0
1785663321640953745,585,0,,,,23.91299,5.02116,1
1785663321660754379,586,0,,,,24.01241,5.02116,1
1785663321684977219,587,0,,,,24.13404,5.02116,1
1785663321704495564,588,1,0.070588,553.500,201.500,23.69460,0.14293,0
1785663321721662600,589,0,0.070588,553.500,201.500,23.69706,0.14293,1
1785663321740632409,590,1,0.062745,552.500,192.500,23.53281,-1.42079,0
1785663321764805957,591,1,0.058824,553.500,193.500,23.45128,-1.91521,0
1785663321781740745,592,0,,,,23.41885,-1.91521,1
1785663321801381672,593,1,0.050980,554.500,202.500,23.41026,-1.58872,0
1785663321821649968,594,1,0.031373,554.500,202.500,23.40762,-1.24485,0
1785663321842912963,595,0,,,,23.38115,-1.24485,1
1785663321861823272,596,0,,,,23.35761,-1.24485,1
1785663321881847738,597,1,0.058824,560.500,200.500,23.58307,1.35203,0
1785663321901941035,598,1,0.070588,559.500,194.500,23.69445,2.24719,0
1785663321921210383,599,1,0.035294,553.500,201.500,23.65694,1.32650,0
1785663321941818176,600,1,0.117647,560.500,198.500,23.74056,2.01155,0
1785663321961457353,601,1,0.062745,559.500,196.500,23.79031,2.14123,0
1785663321982282727,602,0,,,,23.83490,2.14123,1
1785663322002568773,603,1,0.058824,560.500,197.500,23.86621,1.99737,0
1785663322021768413,604,1,0.105882,559.500,197.500,23.85821,1.45142,0
1785663322041728420,605,0,,,,23.88718,1.45142,1
1785663322063374578,606,1,0.031373,553.500,201.500,23.70122,-0.99452,0
1785663322081777101,607,0,,,,23.68291,-0.99452,1
1785663322101719900,608,1,0.031373,553.500,202.500,23.52798,-2.45132,0
1785663322126015489,609,1,0.035294,553.500,192.500,23.41361,-3.06413,0
1785663322145724082,610,1,0.031373,559.500,195.500,23.45676,-1.83640,0
1785663322165647632,611,0,,,,23.42017,-1.83640,1
1785663322185782637,612,1,0.050980,559.500,195.500,23.52704,-0.16232,0
1785663322206692594,613,1,0.054902,554.500,195.500,23.51317,-0.28493,0
1785663322225787818,614,1,0.031373,553.500,201.500,23.48377,-0.57415,0
1785663322245763284,615,1,0.031373,553.500,201.500,23.45917,-0.73778,0
1785663322265566376,616,1,0.070588,553.500,201.500,23.44003,-0.79522,0
1785663322288490937,617,1,0.058824,556.500,195.500,23.48031,-0.04465,0
1785663322305764347,618,0,,,,23.47954,-0.04465,1
1785663322325902852,619,1,0.098039,560.500,198.500,23.62795,1.72854,0
1785663322346063816,620,1,0.094118,554.500,188.500,23.62483,1.28179,0
1785663322366361570,621,1,0.066667,559.500,199.500,23.70393,1.92119,0
1785663322390047374,622,1,0.050980,549.500,201.500,23.58671,-0.10143,0
1785663322405345136,623,1,0.050980,554.500,201.500,23.55284,-0.51159,0
1785663322426065511,624,1,0.031373,559.500,195.500,23.60771,0.33150,0
1785663322445330484,625,1,0.062745,554.500,198.500,23.57685,-0.14970,0
1785663322466114733,626,1,0.043137,546.500,201.500,23.40329,-2.34789,0
1785663322486089907,627,1,0.039216,553.500,201.500,23.36069,-2.29263,0
1785663322509225549,628,1,0.105882,557.500,196.500,23.40560,-1.03677,0
1785663322525974047,629,0,,,,23.38824,-1.03677,1
1785663322546424217,630,1,0.105882,549.500,201.500,23.30651,-1.75286,0
1785663322566905927,631,1,0.074510,554.500,202.500,23.34539,-0.87501,0
1785663322587745842,632,0,,,,23.32715,-0.87501,1
1785663322605714662,633,1,0.070588,554.500,201.500,23.39730,0.09928,0
1785663322626211039,634,1,0.031373,554.500,193.500,23.45137,0.69575,0
1785663322645974465,635,1,0.035294,553.500,201.500,23.47596,0.82487,0
1785663322665647475,636,1,0.043137,549.500,182.500,23.42513,-0.00467,0
1785663322685536900,637,0,,,,23.42504,-0.00467,1
1785663322705500699,638,0,,,,23.42495,-0.00467,1
1785663322730062494,639,1,0.101961,554.500,197.500,23.47856,0.55571,0
1785663322750214999,640,1,0.098039,554.500,194.500,23.51143,0.78868,0
1785663322770377421,641,1,0.031373,553.500,201.500,23.51286,0.62167,0
1785663322790679842,642,1,0.047059,547.500,199.500,23.40113,-0.90397,0
1785663322810610391,643,1,0.031373,553.500,195.500,23.40150,-0.67028,0
1785663322830237902,644,1,0.035294,560.500,195.500,23.53110,1.17121,0
1785663322850105452,645,1,0.043137,559.500,195.500,23.64187,2.30336,0
1785663322870850910,646,1,0.160784,550.500,194.500,23.58265,0.92258,0
1785663322889778428,647,1,0.074510,548.500,201.500,23.47279,-0.71600,0
1785663322909762060,648,1,0.054902,551.500,197.500,23.41460,-1.27927,0
1785663322935710049,649,0,,,,23.38140,-1.27927,1
1785663322953402746,650,1,0.031373,555.500,201.500,23.43269,-0.40449,0
1785663322969912955,651,1,0.101961,560.500,198.500,23.57252,1.31428,0
1785663322994303710,652,1,0.090196,559.500,198.500,23.68157,2.24278,0
1785663323010177800,653,1,0.031373,554.500,198.500,23.66960,1.65260,0
1785663323030439096,654,0,,,,23.70309,1.65260,1
1785663323049706694,655,1,0.054902,558.500,199.500,23.74040,1.71738,0
1785663323069790367,656,1,0.074510,554.500,197.500,23.68419,0.64968,0
1785663323089697583,657,1,0.062745,560.500,198.500,23.73771,1.13924,0
1785663323109939338,658,1,0.039216,555.500,203.500,23.69263,0.29370,0
1785663323131364080,659,1,0.070588,560.500,199.500,23.73210,0.71397,0
1785663323149850603,660,1,0.035294,555.500,201.500,23.67853,-0.14095,0
1785663323169932234,661,1,0.035294,548.500,202.500,23.50085,-2.38922,0
1785663323189939782,662,1,0.039216,554.500,201.500,23.43585,-2.61030,0
1785663323210041539,663,1,0.043137,553.500,201.500,23.37315,-2.74176,0
1785663323230530041,664,1,0.035294,553.500,200.500,23.33109,-2.56072,0
1785663323249979928,665,0,,,,23.28129,-2.56072,1
1785663323270138850,666,0,,,,23.22966,-2.56072,1
1785663323290090400,667,1,0.043137,552.500,193.500,23.26735,-1.62014,0
1785663323310009574,668,1,0.035294,554.500,200.500,23.33676,-0.53040,0
1785663323330041914,669,1,0.066667,560.500,198.500,23.50861,1.54959,0
1785663323350156212,670,1,0.066667,554.500,201.500,23.55153,1.69196,0
1785663323369986721,671,1,0.050980,559.500,198.500,23.66827,2.74032,0
1785663323397357404,672,0,,,,23.74328,2.74032,1
1785663323420686544,673,1,0.039216,553.500,201.500,23.64154,0.81202,0
1785663323440870549,674,0,,,,23.65793,0.81202,1
1785663323460757349,675,0,,,,23.67408,0.81202,1
1785663323480694023,676,1,0.058824,553.500,193.500,23.55701,-0.49654,0
1785663323500794613,677,1,0.031373,556.500,201.500,23.56528,-0.30932,0
1785663323522256730,678,0,,,,23.55864,-0.30932,1
1785663323540775502,679,1,0.058824,560.500,195.500,23.66832,0.95140,0
1785663323560822717,680,0,,,,23.68739,0.95140,1
1785663323580884223,681,1,0.070588,556.500,201.500,23.65223,0.36725,0
1785663323600692857,682,1,0.066667,559.500,196.500,23.69350,0.74652,0
1785663323620820863,683,1,0.086275,552.500,202.500,23.59085,-0.64703,0
1785663323640806537,684,1,0.043137,554.500,201.500,23.54304,-1.07996,0
1785663323662011365,685,0,0.043137,554.500,201.500,23.52014,-1.07996,1
1785663323680707886,686,0,,,,23.49995,-1.07996,1
1785663323704512313,687,1,0.035294,553.500,201.500,23.44986,-1.33546,0
1785663323724558069,688,0,,,,23.42309,-1.33546,1
1785663323744586909,689,0,,,,23.39634,-1.33546,1
1785663323769198162,690,1,0.058824,549.500,202.500,23.28697,-2.04603,0
1785663323784974836,691,0,0.058824,549.500,202.500,23.25469,-2.04603,1
1785663323805203174,692,0,,,,23.21330,-2.04603,1
1785663323824905934,693,0,,,,23.17299,-2.04603,1
1785663323845369062,694,1,0.039216,553.500,193.500,23.32063,-0.41579,0
1785663323865153196,695,0,,,,23.31241,-0.41579,1
1785663323885887362,696,0,,,,23.30378,-0.41579,1
1785663323905539373,697,0,,,,23.29561,-0.41579,1
1785663323924669597,698,1,0.062745,554.500,200.500,23.44857,0.93661,0
1785663323945039684,699,0,0.062745,554.500,200.500,23.46764,0.93661,1
1785663323965758600,700,0,,,,23.48705,0.93661,1
1785663323985294237,701,0,,,,23.50535,0.93661,1
1785663324005796447,702,1,0.031373,553.500,201.500,23.50582,0.78023,0
1785663324026484448,703,1,0.035294,558.500,199.500,23.61394,1.65153,0
1785663324045654046,704,0,0.035294,558.500,199.500,23.64560,1.65153,1
1785663324065611721,705,1,0.039216,554.500,201.500,23.61928,1.00322,0
1785663324085327605,706,1,0.035294,549.500,201.500,23.49570,-0.65012,0
1785663324110034649,707,0,,,,23.47964,-0.65012,1
1785663324125449910,708,0,,,,23.46962,-0.65012,1
1785663324145361501,709,1,0.031373,559.500,198.500,23.61615,1.02268,0
1785663324167287614,710,0,,,,23.63858,1.02268,1
1785663324190119801,711,1,0.043137,559.500,198.500,23.71534,1.56212,0
1785663324205450147,712,0,0.043137,559.500,198.500,23.73929,1.56212,1
1785663324225578736,713,1,0.062745,549.500,202.500,23.52819,-0.95427,0
1785663324245665325,714,1,0.047059,557.500,192.500,23.55177,-0.48338,0
1785663324266411950,715,1,0.039216,555.500,197.500,23.53709,-0.53853,0
1785663324285634340,716,0,,,,23.52674,-0.53853,1
1785663324305758554,717,1,0.035294,553.500,201.500,23.47656,-0.99909,0
1785663324325821227,718,0,,,,23.45651,-0.99909,1
1785663324348629039,719,0,,,,23.43372,-0.99909,1
1785663324368899669,720,0,,,,23.41347,-0.99909,1
1785663324388834301,721,1,0.054902,552.500,193.500,23.39978,-0.94348,0
1785663324409573051,722,0,,,,23.38022,-0.94348,1
1785663324430094219,723,0,,,,23.36086,-0.94348,1
1785663324448668241,724,1,0.054902,550.500,194.500,23.32494,-1.10851,0
1785663324468709623,725,0,0.054902,550.500,194.500,23.30273,-1.10851,1
1785663324488756546,726,1,0.035294,561.500,198.500,23.58697,1.88967,0
1785663324508751261,727,0,0.035294,561.500,198.500,23.62475,1.88967,1
1785663324528979891,728,0,,,,23.66298,1.88967,1
1785663324549499310,729,0,,,,23.70175,1.88967,1
1785663324568603284,730,1,0.043137,549.500,201.500,23.42805,-0.85793,0
1785663324588893746,731,0,0.043137,549.500,201.500,23.41064,-0.85793,1
1785663324611395020,732,1,0.043137,556.500,195.500,23.50692,0.24312,0
1785663324631237487,733,0,0.043137,556.500,195.500,23.51174,0.24312,1
1785663324649383054,734,1,0.078431,549.500,181.500,23.39348,-1.02808,0
1785663324669532935,735,0,,,,23.37276,-1.02808,1
1785663324689701482,736,1,0.035294,555.500,195.500,23.44371,-0.05463,0
1785663324717489619,737,1,0.039216,554.500,195.500,23.47540,0.32023,0
1785663324740573720,738,0,,,,23.48279,0.32023,1
1785663324760529061,739,0,,,,23.48918,0.32023,1
1785663324780543901,740,1,0.039216,553.500,201.500,23.47741,0.13477,0
1785663324800571575,741,0,0.039216,553.500,201.500,23.48010,0.13477,1
1785663324820645623,742,1,0.047059,556.500,200.500,23.55202,0.83174,0
1785663324840515798,743,1,0.074510,553.500,193.500,23.52670,0.38322,0
1785663324860626595,744,1,0.117647,553.500,193.500,23.50783,0.07319,0
1785663324880627144,745,1,0.062745,560.500,198.500,23.61625,1.39998,0
1785663324900722192,746,1,0.043137,554.500,201.500,23.59951,0.82517,0
1785663324921938103,747,1,0.035294,560.500,199.500,23.68634,1.72274,0
1785663324940714831,748,0,,,,23.71869,1.72274,1
1785663324960642755,749,1,0.047059,554.500,201.500,23.64126,0.39318,0
1785663324981027425,750,1,0.031373,555.500,204.500,23.60663,-0.10826,0
1785663325000653186,751,0,,,,23.60450,-0.10826,1
1785663325020717318,752,0,,,,23.60233,-0.10826,1
1785663325041584108,753,1,0.050980,555.500,192.500,23.56757,-0.44046,0
1785663325060718415,754,1,0.050980,559.500,194.500,23.63650,0.37492,0
1785663325082321073,755,0,0.050980,559.500,194.500,23.64460,0.37492,1
1785663325100738471,756,1,0.050980,560.500,195.500,23.71886,1.11540,0
1785663325120784811,757,1,0.039216,549.500,201.500,23.54303,-1.13737,0
1785663325140733443,758,1,0.058824,560.500,198.500,23.61551,0.00185,0
1785663325160788241,759,1,0.031373,553.500,198.500,23.55321,-0.77542,0
1785663325180798998,760,0,,,,23.53770,-0.77542,1
1785663325201097627,761,0,,,,23.52195,-0.77542,1
1785663325222902700,762,1,0.050980,560.500,198.500,23.66356,0.89454,0
1785663325240970976,763,0,,,,23.67973,0.89454,1
1785663325262239179,764,0,,,,23.69875,0.89454,1
1785663325281407319,765,0,,,,23.71590,0.89454,1
1785663325304524587,766,1,0.074510,555.500,192.500,23.61118,-0.17731,0
1785663325324590760,767,1,0.070588,548.500,195.500,23.41688,-1.98833,0
1785663325344612308,768,1,0.058824,560.500,198.500,23.53222,-0.28124,0
1785663325364610815,769,0,,,,23.52660,-0.28124,1
1785663325384965444,770,0,,,,23.52087,-0.28124,1
1785663325404796536,771,1,0.039216,554.500,199.500,23.50619,-0.37769,0
1785663325424575712,772,1,0.050980,553.500,201.500,23.47717,-0.61112,0
1785663325444680968,773,1,0.039216,553.500,201.500,23.45854,-0.68431,0
1785663325465158679,774,0,0.039216,553.500,201.500,23.44453,-0.68431,1
1785663325484702190,775,0,,,,23.43116,-0.68431,1
1785663325504794905,776,1,0.058824,552.500,193.500,23.41134,-0.74782,0
1785663325526014483,777,1,0.043137,549.500,202.500,23.33404,-1.40676,0
1785663325545733659,778,1,0.031373,552.500,200.500,23.34379,-0.97664,0
1785663325564590886,779,0,0.031373,552.500,200.500,23.32537,-0.97664,1
1785663325584684476,780,0,,,,23.30575,-0.97664,1
1785663325605960595,781,1,0.043137,555.500,201.500,23.44061,0.65000,0
1785663325624637657,782,0,,,,23.45275,0.65000,1
1785663325645053535,783,0,,,,23.46602,0.65000,1
1785663325665191166,784,0,,,,23.47911,0.65000,1
1785663325685170423,785,0,,,,,,0
1785663325707032411,786,0,,,,,,0
1785663325725452726,787,1,0.058824,553.500,185.500,23.46744,0.00000,0
1785663325745555357,788,0,,,,23.46744,0.00000,1
1785663325765381491,789,0,,,,23.46744,0.00000,1
1785663325785449122,790,0,,,,23.46744,0.00000,1
1785663325807284527,791,1,0.039216,560.500,198.500,23.76112,3.52984,0
1785663325827412825,792,1,0.070588,548.500,180.500,23.51876,-0.25122,0
1785663325846233135,793,0,0.070588,548.500,180.500,23.51403,-0.25122,1
1785663325865548483,794,1,0.043137,558.500,199.500,23.60822,0.91133,0
1785663325885529782,795,1,0.031373,554.500,199.500,23.58478,0.41912,0
1785663325905500581,796,1,0.039216,560.500,198.500,23.67828,1.45817,0
1785663325925493838,797,1,0.035294,560.500,198.500,23.75746,2.08637,0
1785663325949334723,798,1,0.098039,554.500,202.500,23.71530,0.91241,0
1785663325968683695,799,0,,,,23.73295,0.91241,1
1785663325989698650,800,0,,,,23.75213,0.91241,1
1785663326008758583,801,0,,,,23.76952,0.91241,1
1785663326029482750,802,0,,,,,,0
1785663326048692015,803,1,0.031373,560.500,194.500,23.76844,0.00000,0
1785663326068853562,804,0,0.031373,560.500,194.500,23.76844,0.00000,1
1785663326089555270,805,1,0.031373,553.500,201.500,23.48512,-6.40088,0
1785663326109834649,806,1,0.047059,554.500,201.500,23.27848,-7.88642,0
1785663326129126164,807,1,0.050980,554.500,197.500,23.25999,-5.60487,0
1785663326150005495,808,0,0.050980,554.500,197.500,23.14297,-5.60487,1
1785663326169023137,809,1,0.090196,554.500,199.500,23.19965,-3.51028,0
1785663326189058686,810,1,0.047059,550.500,202.500,23.16365,-3.09687,0
1785663326209905351,811,0,,,,23.09909,-3.09687,1
1785663326228852410,812,0,,,,23.04041,-3.09687,1
1785663326249784824,813,0,,,,22.97559,-3.09687,1
1785663326269300628,814,0,,,,,,0
1785663326289905796,815,1,0.047059,560.500,199.500,23.76696,0.00000,0
1785663326310339757,816,0,,,,23.76696,0.00000,1
1785663326328856029,817,1,0.062745,560.500,199.500,23.76696,0.00000,0
1785663326348997451,818,0,0.062745,560.500,199.500,23.76696,0.00000,1
1785663326370225029,819,0,,,,23.76696,0.00000,1
1785663326390473784,820,1,0.035294,553.500,201.500,23.49620,-3.22043,0
1785663326410539373,821,0,,,,23.43158,-3.22043,1
1785663326430025719,822,0,,,,23.36883,-3.22043,1
1785663326449731687,823,1,0.062745,559.500,196.500,23.57661,-0.69014,0
1785663326469884776,824,0,,,,23.56270,-0.69014,1
1785663326489641786,825,0,,,,23.54906,-0.69014,1
1785663326509043549,826,1,0.086275,555.500,201.500,23.53597,-0.68741,0
1785663326528964182,827,0,0.086275,555.500,201.500,23.52228,-0.68741,1
1785663326548831148,828,1,0.043137,555.500,194.500,23.51804,-0.59525,0
1785663326572283246,829,1,0.066667,559.500,199.500,23.60602,0.50637,0
1785663326592396377,830,1,0.035294,554.500,201.500,23.57221,-0.01525,0
1785663326613446623,831,0,,,,23.57189,-0.01525,1
1785663326632882803,832,0,,,,23.57159,-0.01525,1
1785663326653880550,833,1,0.066667,555.500,197.500,23.55756,-0.15979,0
1785663326673436895,834,1,0.062745,552.500,198.500,23.48590,-0.89644,0
1785663326692618452,835,0,0.062745,552.500,198.500,23.46871,-0.89644,1
1785663326712666250,836,1,0.031373,554.500,196.500,23.47196,-0.66327,0
1785663326732456509,837,0,,,,23.45884,-0.66327,1
1785663326752421766,838,0,,,,23.44559,-0.66327,1
1785663326772378274,839,0,,,,23.43236,-0.66327,1
1785663326792461947,840,0,,,,,,0
1785663326813148197,841,1,0.043137,554.500,201.500,23.50610,0.00000,0
1785663326832405587,842,1,0.082353,555.500,191.500,23.54233,1.35749,0
1785663326852434093,843,0,0.082353,555.500,191.500,23.56952,1.35749,1
1785663326872332560,844,0,,,,23.59653,1.35749,1
1785663326892580731,845,0,,,,23.62401,1.35749,1
1785663326913526270,846,1,0.070588,554.500,197.500,23.54004,0.12884,0
1785663326932599037,847,0,0.070588,554.500,197.500,23.54249,0.12884,1
1785663326952531919,848,1,0.047059,559.500,198.500,23.67137,1.37607,0
1785663326972468885,849,1,0.047059,553.500,201.500,23.60667,0.40998,0
1785663326992927346,850,0,,,,23.61506,0.40998,1
1785663327013706637,851,1,0.054902,555.500,201.500,23.58672,0.00240,0
1785663327032936610,852,0,0.054902,555.500,201.500,23.58677,0.00240,1
1785663327056094377,853,0,,,,23.58683,0.00240,1
1785663327072541295,854,0,,,,23.58687,0.00240,1
1785663327097189880,855,1,0.047059,560.500,198.500,23.72486,1.22400,0
1785663327118461458,856,0,,,,23.75089,1.22400,1
1785663327132608024,857,1,0.035294,553.500,201.500,23.61096,-0.29376,0
1785663327152707447,858,1,0.066667,553.500,201.500,23.53268,-1.06099,0
1785663327172986826,859,1,0.031373,553.500,201.500,23.47201,-1.52012,0
1785663327195704764,860,0,,,,23.43748,-1.52012,1
1785663327219485900,861,1,0.039216,554.500,201.500,23.42080,-1.29439,0
1785663327237057473,862,1,0.039216,554.500,201.500,23.42331,-0.99794,0
1785663327257098563,863,1,0.039216,559.500,199.500,23.52454,0.47589,0
1785663327283538172,864,1,0.062745,553.500,191.500,23.51476,0.19438,0
1785663327304374629,865,0,,,,23.51881,0.19438,1
1785663327324361469,866,0,,,,23.52270,0.19438,1
1785663327344402268,867,1,0.047059,560.500,198.500,23.68882,1.89745,0
1785663327364406316,868,1,0.039216,561.500,195.500,23.78856,2.55585,0
1785663327384301283,869,0,0.039216,561.500,195.500,23.83940,2.55585,1
1785663327405046741,870,1,0.109804,560.500,195.500,23.88111,2.43241,0
1785663327424374713,871,1,0.043137,561.500,198.500,23.89564,2.06516,0
1785663327444421053,872,0,,,,23.93704,2.06516,1
1785663327464389519,873,1,0.031373,553.500,201.500,23.72210,-0.83427,0
1785663327484379276,874,1,0.047059,556.500,201.500,23.64587,-1.52103,0
1785663327505447897,875,0,0.047059,556.500,201.500,23.61382,-1.52103,1
1785663327532370918,876,1,0.066667,556.500,201.500,23.56059,-1.65787,0
1785663327556347426,877,0,,,,23.52084,-1.65787,1
1785663327576316476,878,0,,,,23.48773,-1.65787,1
1785663327596430398,879,1,0.035294,560.500,198.500,23.65159,0.27027,0
1785663327623793123,880,1,0.062745,554.500,198.500,23.57923,-0.56211,0
1785663327648303668,881,1,0.039216,555.500,203.500,23.55064,-0.73438,0
1785663327668357008,882,1,0.047059,553.500,193.500,23.49798,-1.20619,0
1785663327688383514,883,1,0.145098,559.500,195.500,23.57029,0.03641,0
1785663327711290992,884,1,0.043137,555.500,200.500,23.56218,-0.07991,0
1785663327730191177,885,0,0.043137,555.500,200.500,23.56067,-0.07991,1
1785663327748376119,886,1,0.031373,559.500,198.500,23.64569,0.95480,0
1785663327769652988,887,0,0.031373,559.500,198.500,23.66601,0.95480,1
1785663327788401133,888,0,,,,23.68391,0.95480,1
1785663327808638221,889,0,,,,23.70323,0.95480,1
1785663327828408939,890,1,0.043137,555.500,201.500,23.60708,-0.07482,0
1785663327848733526,891,0,,,,23.60556,-0.07482,1
1785663327868699075,892,0,,,,23.60407,-0.07482,1
1785663327889117578,893,1,0.035294,554.500,198.500,23.53465,-0.68032,0
1785663327908470633,894,0,0.035294,554.500,198.500,23.52149,-0.68032,1
1785663327929408006,895,1,0.039216,554.500,198.500,23.49849,-0.76584,0
1785663327949116016,896,0,0.039216,554.500,198.500,23.48340,-0.76584,1
1785663327968437571,897,1,0.031373,553.500,201.500,23.45665,-0.89082,0
1785663327988501411,898,0,0.031373,553.500,201.500,23.43878,-0.89082,1
1785663328008667041,899,1,0.062745,554.500,198.500,23.45005,-0.58006,0
1785663328028894505,900,0,,,,23.43832,-0.58006,1
1785663328048479432,901,0,,,,23.42696,-0.58006,1
1785663328075231497,902,1,0.035294,559.500,198.500,23.62032,1.41692,0
1785663328088607112,903,0,0.035294,559.500,198.500,23.63927,1.41692,1
1785663328108670660,904,1,0.031373,554.500,196.500,23.60235,0.75841,0
1785663328128717292,905,1,0.054902,549.500,200.500,23.47768,-0.76775,0
1785663328148681091,906,0,,,,23.46235,-0.76775,1
1785663328172300311,907,1,0.066667,560.500,198.500,23.61575,1.16324,0
1785663328192498025,908,0,0.066667,560.500,198.500,23.63924,1.16324,1
1785663328217197651,909,1,0.035294,554.500,201.500,23.58693,0.29070,0
1785663328232649246,910,1,0.039216,550.500,195.500,23.47488,-1.01107,0
1785663328252504254,911,1,0.043137,554.500,202.500,23.46789,-0.85509,0
1785663328272574511,912,0,0.043137,554.500,202.500,23.45073,-0.85509,1
1785663328292737516,913,0,,,,23.43348,-0.85509,1
1785663328312426568,914,0,,,,23.41665,-0.85509,1
1785663328332441408,915,1,0.031373,554.500,201.500,23.45207,-0.35651,0
1785663328353703986,916,1,0.047059,561.500,195.500,23.62870,1.47911,0
1785663328372416256,917,0,,,,23.65638,1.47911,1
1785663328395969352,918,0,,,,23.69122,1.47911,1
1785663328412394395,919,1,0.062745,549.500,201.500,23.45560,-1.14345,0
1785663328432496443,920,0,0.062745,549.500,201.500,23.43262,-1.14345,1
1785663328452695615,921,0,,,,23.40952,-1.14345,1
1785663328472627331,922,0,,,,23.38673,-1.14345,1
1785663328493403997,923,1,0.031373,559.500,195.500,23.60322,0.92445,0
1785663328512804302,924,1,0.039216,549.500,201.500,23.46770,-0.52921,0
1785663328533685383,925,1,0.054902,554.500,195.500,23.47453,-0.33272,0
1785663328552641776,926,0,0.054902,554.500,195.500,23.46823,-0.33272,1
1785663328573691147,927,1,0.082353,546.500,201.500,23.29597,-2.25181,0
1785663328592735039,928,0,0.082353,546.500,201.500,23.25308,-2.25181,1
1785663328612569339,929,1,0.050980,553.500,195.500,23.30424,-1.19237,0
1785663328633666585,930,1,0.043137,555.500,201.500,23.39616,0.12954,0
1785663328653595093,931,0,0.043137,555.500,201.500,23.39874,0.12954,1
1785663328672556152,932,1,0.066667,552.500,192.500,23.41516,0.28675,0
1785663328692638075,933,1,0.094118,559.500,198.500,23.56581,1.94849,0
1785663328712604208,934,1,0.054902,554.500,192.500,23.59710,1.85730,0
1785663328732692839,935,1,0.078431,554.500,201.500,23.61227,1.58207,0
1785663328752661888,936,1,0.039216,552.500,202.500,23.57844,0.74995,0
1785663328772626854,937,1,0.066667,555.500,195.500,23.58849,0.68663,0
1785663328792658610,938,1,0.054902,553.500,201.500,23.55695,0.10322,0
1785663328817083406,939,0,,,,23.55947,0.10322,1
1785663328836290338,940,1,0.066667,553.500,193.500,23.50956,-0.50879,0
1785663328856761924,941,0,,,,23.49915,-0.50879,1
1785663328877096719,942,1,0.047059,553.500,201.500,23.46751,-0.73929,0
1785663328896793646,943,1,0.043137,560.500,198.500,23.59505,0.83422,0
1785663328917207482,944,0,0.043137,560.500,198.500,23.61208,0.83422,1
1785663328936356664,945,0,,,,23.62806,0.83422,1
1785663328956650918,946,1,0.043137,554.500,194.500,23.56773,0.04583,0
1785663328977308294,947,0,0.043137,554.500,194.500,23.56868,0.04583,1
1785663328997052179,948,1,0.035294,560.500,198.500,23.68853,1.25097,0
1785663329016966395,949,0,0.035294,560.500,198.500,23.71344,1.25097,1
1785663329037106109,950,1,0.062745,554.500,203.500,23.61756,-0.00415,0
1785663329056481331,951,0,0.062745,554.500,203.500,23.61748,-0.00415,1
1785663329075545639,952,0,,,,23.61740,-0.00415,1
1785663329098073454,953,0,,,,23.61730,-0.00415,1
1785663329122206294,954,1,0.039216,556.500,201.500,23.59843,-0.16766,0
1785663329138295049,955,1,0.047059,556.500,196.500,23.59162,-0.20693,0
1785663329157441898,956,1,0.058824,552.500,193.500,23.51311,-1.02839,0
1785663329179429468,957,0,,,,23.49050,-1.02839,1
1785663329197525453,958,0,,,,23.47189,-1.02839,1
1785663329217923831,959,0,,,,23.45091,-1.02839,1
1785663329237773881,960,1,0.035294,549.500,201.500,23.29796,-2.29412,0
1785663329257642890,961,0,,,,23.25238,-2.29412,1
1785663329277710521,962,1,0.031373,559.500,194.500,23.46863,0.24934,0
1785663329297399865,963,1,0.074510,554.500,196.500,23.49457,0.47033,0
1785663329317419080,964,1,0.058824,559.500,198.500,23.60610,1.65481,0
1785663329337191256,965,1,0.050980,561.500,197.500,23.73611,2.86285,0
1785663329357850965,966,1,0.058824,559.500,199.500,23.81330,3.09469,0
1785663329376837107,967,1,0.039216,554.500,201.500,23.77438,1.82584,0
1785663329397783229,968,0,,,,23.81262,1.82584,1
1785663329420866955,969,1,0.082353,552.500,192.500,23.66059,-0.45750,0
1785663329436810170,970,1,0.098039,553.500,195.500,23.56126,-1.53867,0
1785663329464692764,971,0,,,,23.51836,-1.53867,1
1785663329489571681,972,0,,,,23.48008,-1.53867,1
1785663329509373606,973,1,0.066667,555.500,192.500,23.50028,-1.02861,0
1785663329530075898,974,0,0.066667,555.500,192.500,23.47898,-1.02861,1
1785663329548908334,975,1,0.086275,558.500,194.500,23.58400,0.22126,0
1785663329569007465,976,0,0.086275,558.500,194.500,23.58845,0.22126,1
1785663329589834588,977,0,,,,23.59305,0.22126,1
1785663329609948886,978,1,0.117647,554.500,193.500,23.54283,-0.30187,0
1785663329629314774,979,0,,,,23.53698,-0.30187,1
1785663329649793943,980,0,,,,23.53080,-0.30187,1
1785663329669242664,981,0,,,,23.52493,-0.30187,1
1785663329689381462,982,0,,,,,,0
1785663329709306178,983,0,,,,,,0
1785663329732843483,984,0,,,,,,0
1785663329749947810,985,1,0.062745,559.500,198.500,23.72389,0.00000,0
1785663329773025995,986,1,0.074510,557.500,195.500,23.65307,-2.42160,0
1785663329792893837,987,0,0.074510,557.500,195.500,23.60496,-2.42160,1
1785663329813846376,988,0,,,,23.55422,-2.42160,1
1785663329832957933,989,0,,,,23.50794,-2.42160,1
1785663329852939816,990,0,,,,,,0
1785663329874001729,991,1,0.050980,555.500,201.500,23.54949,0.00000,0
1785663329893151494,992,0,0.050980,555.500,201.500,23.54949,0.00000,1
1785663329913390916,993,1,0.062745,550.500,202.500,23.34917,-4.66611,0
1785663329933138300,994,0,0.062745,550.500,202.500,23.25702,-4.66611,1
1785663329954085590,995,1,0.086275,559.500,199.500,23.54211,1.10481,0
1785663329973378854,996,0,0.086275,559.500,199.500,23.56343,1.10481,1
1785663329993068781,997,0,,,,23.58518,1.10481,1
1785663330013501867,998,0,,,,23.60776,1.10481,1
1785663330034300991,999,0,,,,,,0
1785663330052876179,1000,1,0.058824,555.500,197.500,23.55067,0.00000,0
1785663330073354764,1001,0,0.058824,555.500,197.500,23.55067,0.00000,1
1785663330094203471,1002,1,0.031373,554.500,201.500,23.50931,-0.92578,0
1785663330113686609,1003,0,0.031373,554.500,201.500,23.49127,-0.92578,1
1785663330134213902,1004,0,,,,23.47227,-0.92578,1
1785663330153373876,1005,0,,,,23.45453,-0.92578,1
1785663330174526496,1006,1,0.035294,549.500,200.500,23.28320,-2.41517,0
1785663330193448473,1007,1,0.039216,556.500,193.500,23.41621,-0.62307,0
1785663330213466521,1008,1,0.047059,553.500,201.500,23.42547,-0.38238,0
1785663330233515778,1009,0,0.047059,553.500,201.500,23.41781,-0.38238,1
1785663330254298277,1010,1,0.090196,560.500,199.500,23.60189,1.81992,0
1785663330273396418,1011,0,0.090196,560.500,199.500,23.63665,1.81992,1
1785663330294637996,1012,1,0.047059,553.500,201.500,23.59442,0.93728,0
1785663330313655638,1013,1,0.066667,555.500,200.500,23.60062,0.80696,0
1785663330333668436,1014,1,0.058824,550.500,196.500,23.50920,-0.46671,0
1785663330353785067,1015,1,0.031373,553.500,201.500,23.47682,-0.75161,0
1785663330373616159,1016,1,0.058824,554.500,201.500,23.46765,-0.67863,0
1785663330394276160,1017,1,0.054902,553.500,196.500,23.44672,-0.76752,0
1785663330418325418,1018,1,0.090196,559.500,197.500,23.54819,0.77812,0
1785663330437606724,1019,0,0.090196,559.500,197.500,23.56319,0.77812,1
1785663330457049320,1020,0,,,,23.57832,0.77812,1
1785663330476801371,1021,0,,,,23.59369,0.77812,1
1785663330497736410,1022,0,,,,,,0
1785663330516962884,1023,0,,,,,,0
1785663330537776591,1024,1,0.043137,549.500,201.500,23.28910,0.00000,0
1785663330556590360,1025,1,0.031373,553.500,201.500,23.42380,5.09841,0
1785663330576856031,1026,0,0.031373,553.500,201.500,23.52712,5.09841,1
1785663330598538896,1027,1,0.047059,549.500,201.500,23.51670,2.86125,0
1785663330620128720,1028,0,,,,23.57847,2.86125,1
1785663330641381090,1029,0,,,,23.63928,2.86125,1
1785663330658728374,1030,1,0.031373,554.500,201.500,23.62865,2.22409,0
1785663330678630632,1031,1,0.074510,555.500,191.500,23.65189,2.00466,0
1785663330698754846,1032,1,0.062745,556.500,200.500,23.68350,1.90738,0
1785663330718601396,1033,0,,,,23.72136,1.90738,1
1785663330740294470,1034,1,0.078431,549.500,200.500,23.54594,-0.54757,0
1785663330758587911,1035,1,0.058824,549.500,201.500,23.41336,-1.96692,0
1785663330778697250,1036,1,0.074510,559.500,199.500,23.49015,-0.56101,0
1785663330796738110,1037,0,,,,23.48003,-0.56101,1
1785663330817474235,1038,1,0.058824,554.500,192.500,23.47813,-0.44745,0
1785663330841898030,1039,1,0.031373,554.500,198.500,23.47662,-0.33682,0
1785663330856796381,1040,0,,,,23.47161,-0.33682,1
1785663330876667722,1041,0,,,,23.46491,-0.33682,1
1785663330896897227,1042,0,,,,23.45810,-0.33682,1
1785663330917071607,1043,1,0.062745,553.500,201.500,23.44972,-0.35169,0
1785663330938062938,1044,0,,,,23.44234,-0.35169,1
1785663330956974706,1045,1,0.047059,553.500,195.500,23.44470,-0.26450,0
1785663330983370649,1046,1,0.043137,558.500,195.500,23.55639,1.00856,0
1785663330997060469,1047,1,0.035294,553.500,201.500,23.54265,0.68861,0
1785663331016941144,1048,1,0.039216,549.500,201.500,23.45850,-0.54415,0
1785663331041396856,1049,1,0.070588,560.500,198.500,23.57340,1.12875,0
1785663331061467988,1050,0,,,,23.59606,1.12875,1
1785663331081324454,1051,0,,,,23.61847,1.12875,1
1785663331103436940,1052,0,,,,23.64343,1.12875,1
1785663331123363406,1053,1,0.035294,554.500,201.500,23.58215,0.34140,0
1785663331143494329,1054,1,0.031373,553.500,201.500,23.53001,-0.24060,0
1785663331161758312,1055,0,,,,23.52562,-0.24060,1
1785663331181587654,1056,1,0.086275,552.500,176.500,23.46490,-0.84071,0
1785663331203906471,1057,0,,,,23.44613,-0.84071,1
1785663331224523722,1058,0,,,,23.42880,-0.84071,1
1785663331245984047,1059,0,,,,23.41076,-0.84071,1
1785663331261702389,1060,0,,,,,,0
1785663331283441546,1061,0,,,,,,0
1785663331301453531,1062,1,0.031373,560.500,195.500,23.76814,0.00000,0
1785663331321494038,1063,0,,,,23.76814,0.00000,1
1785663331343869646,1064,0,,,,23.76814,0.00000,1
1785663331361594342,1065,0,,,,23.76814,0.00000,1
1785663331381630182,1066,1,0.031373,552.500,202.500,23.42644,-4.18769,0
1785663331407434756,1067,0,,,,23.31838,-4.18769,1
1785663331422561896,1068,0,,,,23.25503,-4.18769,1
1785663331442377530,1069,1,0.031373,553.500,201.500,23.28722,-3.06773,0
1785663331463119404,1070,0,,,,23.22359,-3.06773,1
1785663331486718333,1071,1,0.031373,554.500,201.500,23.29585,-1.64907,0
1785663331503918494,1072,1,0.031373,553.500,201.500,23.32955,-0.98958,0
1785663331522438557,1073,1,0.050980,549.500,201.500,23.28683,-1.27591,0
1785663331542439981,1074,1,0.058824,555.500,195.500,23.35998,-0.03554,0
1785663331562463571,1075,0,,,,23.35927,-0.03554,1
1785663331582660701,1076,0,,,,23.35855,-0.03554,1
1785663331606904166,1077,1,0.054902,559.500,198.500,23.59882,2.49968,0
1785663331622742964,1078,0,,,,23.63841,2.49968,1
1785663331649366655,1079,1,0.039216,550.500,202.500,23.54019,0.82167,0
1785663331675847388,1080,1,0.039216,555.500,192.500,23.56819,0.89082,0
1785663331692872092,1081,0,,,,23.58336,0.89082,1
1785663331712417937,1082,0,,,,23.60077,0.89082,1
1785663331735797702,1083,1,0.050980,553.500,198.500,23.52969,-0.05155,0
1785663331752432743,1084,0,,,,23.52883,-0.05155,1
1785663331772924453,1085,0,,,,23.52778,-0.05155,1
1785663331794189656,1086,1,0.035294,555.500,201.500,23.54164,0.08984,0
1785663331812813260,1087,0,0.035294,555.500,201.500,23.54332,0.08984,1
1785663331834415668,1088,1,0.039216,553.500,201.500,23.49647,-0.39264,0
1785663331854201260,1089,1,0.070588,556.500,197.500,23.53529,0.10735,0
1785663331872686324,1090,0,,,,23.53727,0.10735,1
1785663331894380564,1091,1,0.082353,556.500,196.500,23.57070,0.45740,0
1785663331913999325,1092,1,0.039216,553.500,201.500,23.52987,-0.12032,0
1785663331932980218,1093,0,,,,23.52759,-0.12032,1
1785663331952628436,1094,0,,,,23.52523,-0.12032,1
1785663331974916504,1095,1,0.031373,549.500,202.500,23.36849,-1.70637,0
1785663332002313270,1096,0,,,,23.32175,-1.70637,1
1785663332024370173,1097,0,,,,23.28411,-1.70637,1
1785663332044364305,1098,0,,,,23.24999,-1.70637,1
1785663332066227418,1099,1,0.098039,559.500,198.500,23.59190,1.47721,0
1785663332086872544,1100,1,0.035294,553.500,198.500,23.55351,0.82844,0
1785663332104779530,1101,1,0.058824,553.500,201.500,23.52867,0.39616,0
1785663332125161867,1102,0,,,,23.53675,0.39616,1
1785663332145333331,1103,0,,,,23.54474,0.39616,1
1785663332166155704,1104,1,0.035294,555.500,202.500,23.55586,0.42663,0
1785663332186580916,1105,0,,,,23.56458,0.42663,1
1785663332206099136,1106,1,0.058824,554.500,197.500,23.53838,0.07099,0
1785663332224627074,1107,1,0.058824,555.500,201.500,23.54494,0.12760,0
1785663332246305731,1108,1,0.043137,553.500,193.500,23.51291,-0.27968,0
1785663332269478248,1109,1,0.043137,559.500,198.500,23.59800,0.85939,0
1785663332285118049,1110,0,,,,23.61144,0.85939,1
1785663332304935433,1111,0,,,,23.62847,0.85939,1
1785663332328528404,1112,1,0.058824,554.500,194.500,23.58245,0.15627,0
1785663332348495703,1113,1,0.047059,555.500,195.500,23.57191,0.00810,0
1785663332368539709,1114,0,,,,23.57207,0.00810,1
1785663332389284001,1115,0,,,,23.57224,0.00810,1
1785663332409381090,1116,1,0.035294,554.500,203.500,23.52872,-0.43323,0
1785663332428824270,1117,0,,,,23.52030,-0.43323,1
1785663332449121149,1118,0,,,,23.51150,-0.43323,1
1785663332468899741,1119,1,0.078431,553.500,193.500,23.46500,-0.78917,0
1785663332488931790,1120,1,0.047059,549.500,196.500,23.35338,-1.75503,0
1785663332509004379,1121,0,,,,23.31815,-1.75503,1
1785663332534124793,1122,0,,,,23.27406,-1.75503,1
1785663332549542430,1123,1,0.090196,560.500,198.500,23.54015,1.24234,0
1785663332569142816,1124,1,0.074510,555.500,200.500,23.57879,1.39444,0
1785663332588789868,1125,1,0.031373,554.500,201.500,23.58646,1.16749,0
1785663332609585034,1126,1,0.074510,552.500,192.500,23.55162,0.44120,0
1785663332629053213,1127,0,,,,23.56021,0.44120,1
1785663332648834139,1128,1,0.058824,552.500,197.500,23.49994,-0.37619,0
1785663332669142685,1129,1,0.082353,554.500,196.500,23.49239,-0.37509,0
1785663332688852153,1130,1,0.031373,560.500,199.500,23.59846,0.99751,0
1785663332711570258,1131,0,,,,23.62112,0.99751,1
1785663332730386777,1132,0,,,,23.63989,0.99751,1
1785663332748980631,1133,1,0.117647,559.500,198.500,23.72411,1.68925,0
1785663332769287052,1134,0,,,,23.75841,1.68925,1
1785663332788969604,1135,1,0.043137,556.500,195.500,23.71432,0.90443,0
1785663332814241433,1136,0,,,,23.73718,0.90443,1
1785663332828734412,1137,1,0.039216,554.500,201.500,23.62928,-0.36524,0
1785663332848985500,1138,0,,,,23.62188,-0.36524,1
1785663332870162203,1139,1,0.137255,554.500,197.500,23.54252,-1.11815,0
1785663332889212970,1140,1,0.043137,554.500,201.500,23.49296,-1.42974,0
1785663332909182602,1141,1,0.043137,553.500,201.500,23.43986,-1.71984,0
1785663332929211442,1142,1,0.031373,553.500,201.500,23.40069,-1.77861,0
1785663332957412909,1143,0,,,,23.35053,-1.77861,1
1785663332981721581,1144,1,0.043137,559.500,198.500,23.53291,0.83183,0
1785663333001202385,1145,1,0.031373,556.500,194.500,23.57938,1.18442,0
1785663333020518107,1146,0,0.031373,556.500,194.500,23.60226,1.18442,1
1785663333042004391,1147,1,0.066667,552.500,193.500,23.53921,0.18689,0
1785663333060768285,1148,1,0.031373,555.500,195.500,23.55015,0.27227,0
1785663333080605794,1149,0,,,,23.55556,0.27227,1
1785663333100993964,1150,0,,,,23.56111,0.27227,1
1785663333120981971,1151,1,0.047059,549.500,201.500,23.39428,-1.49866,0
1785663333141034436,1152,1,0.066667,555.500,201.500,23.42637,-0.84035,0
1785663333160865528,1153,1,0.039216,553.500,201.500,23.41818,-0.74360,0
1785663333180897868,1154,0,,,,23.40329,-0.74360,1
1785663333205074083,1155,0,,,,23.38531,-0.74360,1
1785663333220775092,1156,0,,,,23.37363,-0.74360,1
1785663333240993805,1157,0,,,,,,0
1785663333262059510,1158,0,,,,,,0
1785663333285820771,1159,1,0.062745,555.500,195.500,23.55126,0.00000,0
1785663333304558124,1160,0,,,,23.55126,0.00000,1
1785663333329545664,1161,0,,,,23.55126,0.00000,1
1785663333345068591,1162,1,0.050980,553.500,201.500,23.46605,-1.38702,0
1785663333364764351,1163,1,0.035294,560.500,199.500,23.61851,1.33551,0
1785663333384872524,1164,0,,,,23.64536,1.33551,1
1785663333406025436,1165,0,,,,23.67361,1.33551,1
1785663333425112494,1166,1,0.062745,552.500,175.500,23.53216,-0.45632,0
1785663333445003960,1167,1,0.035294,560.500,199.500,23.64514,0.85030,0
1785663333466249913,1168,1,0.152941,557.500,199.500,23.66721,0.89595,0
1785663333485071265,1169,1,0.035294,553.500,201.500,23.60606,-0.04870,0
1785663333505083772,1170,1,0.043137,559.500,198.500,23.65295,0.55570,0
1785663333525201278,1171,1,0.035294,559.500,194.500,23.69802,0.99189,0
1785663333545077287,1172,0,,,,23.71773,0.99189,1
1785663333568725215,1173,1,0.066667,550.500,180.500,23.54360,-1.32867,0
1785663333584900011,1174,1,0.035294,555.500,201.500,23.51072,-1.46264,0
1785663333605354388,1175,0,,,,23.48080,-1.46264,1
1785663333625578352,1176,1,0.082353,554.500,200.500,23.44889,-1.48907,0
1785663333645162696,1177,1,0.035294,560.500,198.500,23.55176,0.02703,0
1785663333665757072,1178,0,,,,23.55231,0.02703,1
1785663333685163210,1179,1,0.043137,559.500,197.500,23.64581,1.07660,0
1785663333706310289,1180,1,0.066667,560.500,199.500,23.73485,1.83744,0
1785663333725124350,1181,0,,,,23.76942,1.83744,1
1785663333745013191,1182,1,0.047059,554.500,199.500,23.68363,0.45510,0
1785663333766090854,1183,0,,,,23.69322,0.45510,1
1785663333785129496,1184,0,,,,23.70189,0.45510,1
1785663333804834881,1185,1,0.043137,550.500,195.500,23.47156,-1.91347,0
1785663333825401841,1186,1,0.117647,554.500,195.500,23.43151,-1.92070,0
1785663333847683366,1187,1,0.031373,554.500,202.500,23.40438,-1.74265,0
1785663333866516094,1188,0,,,,23.37157,-1.74265,1
1785663333885240405,1189,1,0.078431,560.500,194.500,23.52974,0.46930,0
1785663333910718274,1190,1,0.058824,554.500,201.500,23.53445,0.38407,0
1785663333928668635,1191,1,0.039216,554.500,198.500,23.53376,0.29160,0
1785663333949034930,1192,1,0.047059,553.500,201.500,23.51228,-0.05311,0
1785663333968759273,1193,1,0.039216,560.500,198.500,23.61486,1.27225,0
1785663333988832154,1194,0,,,,23.64040,1.27225,1
1785663334014710186,1195,0,,,,23.67332,1.27225,1
1785663334029756243,1196,1,0.031373,555.500,204.500,23.63339,0.63881,0
1785663334048976591,1197,1,0.039216,558.500,189.500,23.67498,0.95535,0
1785663334068746434,1198,0,,,,23.69387,0.95535,1
1785663334091045667,1199,1,0.058824,549.500,201.500,23.49971,-1.39204,0
1785663334108496617,1200,1,0.054902,547.500,200.500,23.32712,-3.06614,0
1785663334128828496,1201,0,,,,23.26478,-3.06614,1
1785663334148586088,1202,1,0.054902,553.500,201.500,23.27684,-2.24253,0
1785663334168801885,1203,0,,,,23.23151,-2.24253,1
1785663334188853767,1204,1,0.043137,553.500,201.500,23.29286,-1.08953,0
1785663334208788108,1205,1,0.031373,554.500,201.500,23.36121,-0.08487,0
1785663334237312446,1206,1,0.043137,553.500,201.500,23.40650,0.48801,0
1785663334260307589,1207,1,0.082353,549.500,201.500,23.36389,-0.18812,0
1785663334280750300,1208,0,,,,23.36004,-0.18812,1
1785663334300317437,1209,1,0.062745,555.500,201.500,23.46178,1.05572,0
1785663334321118894,1210,0,,,,23.48374,1.05572,1
1785663334343536543,1211,1,0.050980,558.500,197.500,23.62582,2.33297,0
1785663334360686496,1212,0,0.050980,558.500,197.500,23.66583,2.33297,1
1785663334383275310,1213,0,,,,23.71853,2.33297,1
1785663334400744509,1214,0,,,,23.75929,2.33297,1
1785663334420423645,1215,0,,,,,,0
1785663334443585787,1216,1,0.062745,553.500,201.500,23.46271,0.00000,0
1785663334461403232,1217,0,0.062745,553.500,201.500,23.46271,0.00000,1
1785663334480768829,1218,1,0.039216,549.500,201.500,23.30402,-3.87441,0
1785663334501339872,1219,0,,,,23.22432,-3.87441,1
1785663334520792968,1220,1,0.054902,554.500,201.500,23.31566,-1.28290,0
1785663334540630768,1221,0,,,,23.29021,-1.28290,1
1785663334560545276,1222,1,0.035294,559.500,195.500,23.55635,2.18864,0
1785663334580670949,1223,1,0.047059,556.500,201.500,23.64317,2.68328,0
1785663334601695945,1224,0,,,,23.69959,2.68328,1
1785663334623914805,1225,1,0.043137,553.500,201.500,23.65213,1.50460,0
1785663334641168298,1226,1,0.039216,549.500,201.500,23.52440,-0.23004,0
1785663334660902558,1227,0,,,,23.51986,-0.23004,1
1785663334680768358,1228,0,,,,23.51529,-0.23004,1
1785663334701109278,1229,1,0.062745,555.500,195.500,23.53087,-0.02188,0
1785663334721579406,1230,1,0.043137,549.500,196.500,23.41058,-1.29400,0
1785663334740653047,1231,1,0.031373,549.500,201.500,23.32198,-2.02370,0
1785663334760710179,1232,0,,,,23.28139,-2.02370,1
1785663334780953683,1233,1,0.035294,555.500,200.500,23.36116,-0.63049,0
1785663334800956274,1234,1,0.039216,553.500,193.500,23.39031,-0.14232,0
1785663334821214070,1235,1,0.058824,546.500,200.500,23.28756,-1.35115,0
1785663334842530314,1236,1,0.078431,554.500,197.500,23.33953,-0.34197,0
1785663334865289126,1237,0,,,,23.33175,-0.34197,1
1785663334886954325,1238,0,,,,23.32434,-0.34197,1
1785663334905254641,1239,0,,,,23.31808,-0.34197,1
1785663334924529947,1240,0,,,,,,0
1785663334946824347,1241,0,,,,,,0
1785663334964600294,1242,0,,,,,,0
1785663334985322127,1243,0,,,,,,0
1785663335006279332,1244,0,,,,,,0
1785663335024529024,1245,1,0.090196,556.500,194.500,23.59494,0.00000,0
1785663335044308491,1246,1,0.047059,556.500,201.500,23.59331,-0.06040,0
1785663335065508361,1247,1,0.035294,553.500,201.500,23.49135,-2.83148,0
1785663335086033905,1248,1,0.050980,549.500,196.500,23.29744,-5.64394,0
1785663335104626009,1249,0,0.050980,549.500,196.500,23.19251,-5.64394,1
1785663335125718839,1250,1,0.031373,559.500,194.500,23.38244,-1.46443,0
1785663335144759231,1251,0,,,,23.35456,-1.46443,1
1785663335164668197,1252,1,0.070588,554.500,201.500,23.40614,-0.58112,0
1785663335184751578,1253,1,0.066667,559.500,198.500,23.54862,1.10139,0
1785663335204739002,1254,0,,,,23.57064,1.10139,1
1785663335224732842,1255,1,0.054902,554.500,201.500,23.56914,0.84401,0
1785663335245009013,1256,1,0.031373,553.500,202.500,23.54443,0.37154,0
1785663335264880355,1257,1,0.054902,554.500,198.500,23.53908,0.21987,0
1785663335284892862,1258,1,0.066667,554.500,198.500,23.53211,0.07837,0
1785663335304835078,1259,0,,,,23.53367,0.07837,1
1785663335324790419,1260,1,0.058824,557.500,180.500,23.59333,0.76495,0
1785663335345223505,1261,0,,,,23.60896,0.76495,1
1785663335364645393,1262,1,0.054902,553.500,198.500,23.54983,-0.04524,0
1785663335384841648,1263,0,,,,23.54891,-0.04524,1
1785663335404971404,1264,1,0.031373,554.500,194.500,23.52383,-0.30010,0
1785663335424794913,1265,0,,,,23.51788,-0.30010,1
1785663335446079073,1266,1,0.054902,560.500,198.500,23.65375,1.18688,0
1785663335465650293,1267,1,0.074510,560.500,198.500,23.74238,1.90503,0
1785663335484826017,1268,1,0.031373,549.500,201.500,23.60311,-0.16299,0
1785663335508294447,1269,1,0.054902,560.500,199.500,23.66954,0.71370,0
1785663335529010447,1270,0,,,,23.68433,0.71370,1
1785663335548588959,1271,0,,,,23.69830,0.71370,1
1785663335568809713,1272,1,0.035294,557.500,196.500,23.67339,0.29699,0
1785663335590016417,1273,1,0.078431,553.500,201.500,23.57316,-0.84676,0
1785663335608773145,1274,0,0.078431,553.500,201.500,23.55728,-0.84676,1
1785663335628550862,1275,1,0.039216,554.500,201.500,23.50399,-1.24707,0
1785663335648528369,1276,1,0.039216,561.500,198.500,23.60887,0.22433,0
1785663335668488377,1277,1,0.039216,555.500,195.500,23.59083,-0.04477,0
1785663335688488342,1278,1,0.050980,548.500,202.500,23.44810,-1.81230,0
1785663335709118593,1279,1,0.054902,553.500,193.500,23.40283,-1.91288,0
1785663335729693136,1280,1,0.031373,556.500,195.500,23.42598,-1.10810,0
1785663335749275147,1281,1,0.090196,560.500,198.500,23.53339,0.55675,0
1785663335768756243,1282,1,0.031373,553.500,201.500,23.52021,0.24750,0
1785663335788854791,1283,0,,,,23.52519,0.24750,1
1785663335808628383,1284,1,0.035294,549.500,202.500,23.40886,-1.18506,0
1785663335828840972,1285,1,0.043137,554.500,203.500,23.41842,-0.79279,0
1785663335848710272,1286,1,0.039216,554.500,198.500,23.43340,-0.42405,0
1785663335868892819,1287,1,0.043137,554.500,201.500,23.45120,-0.09819,0
1785663335891718881,1288,0,,,,23.44896,-0.09819,1
1785663335909186621,1289,1,0.039216,561.500,197.500,23.63711,2.14426,0
1785663335928884423,1290,1,0.031373,560.500,199.500,23.75576,3.04041,0
1785663335948959638,1291,1,0.050980,561.500,198.500,23.86551,3.62629,0
1785663335969263225,1292,0,,,,23.93914,3.62629,1
1785663335991201088,1293,1,0.070588,554.500,198.500,23.82454,1.39184,0
1785663336010082398,1294,1,0.050980,546.500,201.500,23.56087,-1.97609,0
1785663336029541327,1295,1,0.035294,559.500,199.500,23.57515,-1.34214,0
1785663336050723989,1296,1,0.031373,552.500,193.500,23.47223,-2.26884,0
1785663336069739297,1297,1,0.074510,560.500,198.500,23.52830,-1.00873,0
1785663336090017510,1298,0,,,,23.50784,-1.00873,1
1785663336109919476,1299,1,0.054902,554.500,195.500,23.47704,-1.13566,0
1785663336129422739,1300,1,0.109804,560.500,198.500,23.57652,0.29330,0
1785663336152808920,1301,0,,,,23.58338,0.29330,1
1785663336172520430,1302,1,0.047059,559.500,198.500,23.67136,1.22037,0
1785663336193755883,1303,1,0.039216,554.500,202.500,23.61859,0.32053,0
1785663336212848191,1304,0,0.039216,554.500,202.500,23.62471,0.32053,1
1785663336232661491,1305,1,0.066667,555.500,203.500,23.59334,-0.10444,0
1785663336252594957,1306,1,0.043137,558.500,199.500,23.63032,0.34365,0
1785663336272930044,1307,0,,,,23.63730,0.34365,1
1785663336293320548,1308,1,0.070588,551.500,193.500,23.50700,-1.20530,0
1785663336312641228,1309,1,0.043137,553.500,201.500,23.45212,-1.56804,0
1785663336332783234,1310,1,0.062745,560.500,198.500,23.54153,-0.11867,0
1785663336352705033,1311,1,0.047059,560.500,198.500,23.63062,1.01802,0
1785663336372959913,1312,1,0.047059,554.500,201.500,23.60890,0.47956,0
1785663336393680996,1313,1,0.031373,555.500,192.500,23.59562,0.18136,0
1785663336414390579,1314,0,0.031373,555.500,192.500,23.59937,0.18136,1
1785663336432671395,1315,1,0.031373,545.500,203.500,23.35086,-2.81398,0
1785663336452540695,1316,1,0.039216,553.500,193.500,23.32359,-2.47773,0
1785663336473099197,1317,1,0.050980,552.500,192.500,23.29364,-2.22560,0
1785663336492857665,1318,1,0.062745,554.500,197.500,23.31842,-1.37602,0
1785663336512666882,1319,1,0.035294,554.500,201.500,23.35579,-0.55994,0
1785663336532574098,1320,1,0.070588,552.500,193.500,23.36663,-0.27890,0
1785663336552636188,1321,1,0.035294,559.500,198.500,23.50252,1.53834,0
1785663336572949984,1322,1,0.086275,554.500,203.500,23.54747,1.71446,0
1785663336592747243,1323,0,,,,23.58141,1.71446,1
1785663336615720095,1324,0,,,,23.62080,1.71446,1
1785663336633334543,1325,1,0.047059,560.500,198.500,23.76939,2.97364,0
1785663336653430174,1326,1,0.039216,553.500,201.500,23.70329,1.62348,0
1785663336673001102,1327,1,0.070588,560.500,198.500,23.77693,2.10016,0
1785663336693099650,1328,1,0.035294,553.500,195.500,23.70761,0.75075,0
1785663336712966616,1329,1,0.047059,561.500,197.500,23.77020,1.35102,0
1785663336732851666,1330,1,0.035294,554.500,201.500,23.70185,0.12858,0
1785663336753001255,1331,1,0.035294,559.500,198.500,23.71437,0.25674,0
1785663336779053326,1332,1,0.035294,560.500,198.500,23.74445,0.55853,0
1785663336796550317,1333,0,0.035294,560.500,198.500,23.75422,0.55853,1
1785663336816616198,1334,0,,,,23.76543,0.55853,1
1785663336837536654,1335,0,,,,23.77711,0.55853,1
1785663336856320674,1336,0,,,,,,0
1785663336876481054,1337,0,,,,,,0
1785663336901360762,1338,0,,,,,,0
1785663336916718774,1339,0,,,,,,0
1785663336937127069,1340,0,,,,,,0
1785663336957389240,1341,0,,,,,,0
1785663336977074209,1342,1,0.101961,559.500,194.500,23.72507,0.00000,0
1785663336997081466,1343,1,0.035294,554.500,201.500,23.55187,-6.37937,0
1785663337016708393,1344,0,0.035294,554.500,201.500,23.42666,-6.37937,1
1785663337037653641,1345,1,0.039216,551.500,197.500,23.24897,-7.20224,0
1785663337056711824,1346,0,0.039216,551.500,197.500,23.11171,-7.20224,1
1785663337076836621,1347,1,0.062745,558.500,194.500,23.29262,-3.01824,0
1785663337096599464,1348,1,0.109804,560.500,199.500,23.46137,-0.26904,0
1785663337116813802,1349,0,,,,23.45593,-0.26904,1
1785663337136792768,1350,0,,,,23.45056,-0.26904,1
1785663337157043856,1351,1,0.035294,553.500,201.500,23.45345,-0.18560,0
1785663337176765866,1352,0,0.035294,553.500,201.500,23.44979,-0.18560,1
1785663337196820956,1353,1,0.066667,554.500,193.500,23.47947,0.14649,0
1785663337217004086,1354,0,,,,23.48242,0.14649,1
1785663337237827793,1355,0,,,,23.48547,0.14649,1
1785663337262326005,1356,0,,,,23.48906,0.14649,1
1785663337276814859,1357,0,,,,,,0
1785663337296810158,1358,0,,,,,,0
1785663337316882747,1359,0,,,,,,0
1785663337336991212,1360,1,0.031373,552.500,193.500,23.42168,0.00000,0
1785663337356953428,1361,0,,,,23.42168,0.00000,1
1785663337377639678,1362,1,0.039216,556.500,196.500,23.58158,3.62853,0
1785663337396776777,1363,1,0.070588,553.500,197.500,23.62204,3.05830,0
1785663337421471945,1364,0,,,,23.69756,3.05830,1
1785663337441431369,1365,1,0.054902,554.500,200.500,23.61475,1.14511,0
1785663337460304637,1366,0,0.054902,554.500,200.500,23.63636,1.14511,1
1785663337480483393,1367,0,,,,23.65947,1.14511,1
1785663337502317215,1368,1,0.058824,556.500,193.500,23.63602,0.67884,0
1785663337520562323,1369,0,0.058824,556.500,193.500,23.64840,0.67884,1
1785663337541264614,1370,1,0.039216,552.500,202.500,23.52038,-0.69835,0
1785663337561373829,1371,1,0.058824,550.500,201.500,23.41565,-1.65315,0
1785663337583921185,1372,0,0.058824,550.500,201.500,23.37837,-1.65315,1
1785663337600720599,1373,1,0.058824,559.500,197.500,23.51767,0.23210,0
1785663337620740398,1374,1,0.054902,554.500,201.500,23.51878,0.19108,0
1785663337640464158,1375,1,0.054902,553.500,201.500,23.50034,-0.07732,0
1785663337660512539,1376,1,0.031373,555.500,194.500,23.51923,0.17851,0
1785663337681286289,1377,1,0.039216,555.500,203.500,23.53661,0.35299,0
1785663337700752801,1378,1,0.066667,553.500,201.500,23.51655,0.00648,0
1785663337720616560,1379,1,0.094118,553.500,201.500,23.49500,-0.27285,0
1785663337740325445,1380,1,0.039216,556.500,199.500,23.52703,0.20850,0
1785663337761117360,1381,0,0.039216,556.500,199.500,23.53137,0.20850,1
1785663337781019618,1382,0,,,,23.53552,0.20850,1
1785663337800859169,1383,1,0.031373,554.500,193.500,23.52508,0.05421,0
1785663337820884217,1384,0,,,,23.52617,0.05421,1
1785663337843924610,1385,1,0.039216,556.500,191.500,23.57069,0.49117,0
1785663337860634317,1386,0,0.039216,556.500,191.500,23.57890,0.49117,1
1785663337880858864,1387,1,0.035294,553.500,199.500,23.53404,-0.07582,0
1785663337901718362,1388,1,0.070588,557.500,200.500,23.58082,0.45589,0
1785663337920782087,1389,0,0.070588,557.500,200.500,23.58951,0.45589,1
1785663337941661419,1390,1,0.047059,555.500,199.500,23.58235,0.26812,0
1785663337960782893,1391,1,0.039216,553.500,201.500,23.53537,-0.33361,0
1785663337981428018,1392,1,0.043137,560.500,198.500,23.62491,0.83064,0
1785663338001103945,1393,1,0.070588,547.500,201.500,23.47481,-1.24989,0
1785663338020615082,1394,1,0.035294,553.500,201.500,23.43564,-1.43840,0
1785663338040689130,1395,0,,,,23.40677,-1.43840,1
1785663338065466548,1396,1,0.031373,553.500,201.500,23.38611,-1.26334,0
1785663338084927810,1397,1,0.125490,560.500,193.500,23.52550,0.66012,0
1785663338104872651,1398,1,0.070588,559.500,194.500,23.62992,1.76358,0
1785663338124795326,1399,1,0.039216,550.500,202.500,23.55666,0.41328,0
1785663338144820374,1400,1,0.058824,560.500,198.500,23.65396,1.54416,0
1785663338164629300,1401,0,,,,23.68455,1.54416,1
1785663338184689640,1402,0,,,,23.71553,1.54416,1
1785663338207925072,1403,1,0.031373,553.500,199.500,23.60754,0.03649,0
1785663338224814736,1404,1,0.101961,556.500,195.500,23.60235,-0.02568,0
1785663338246729099,1405,0,,,,23.60178,-0.02568,1
1785663338264787959,1406,1,0.125490,554.500,201.500,23.54913,-0.60210,0
1785663338284944256,1407,0,,,,23.53700,-0.60210,1
1785663338305898420,1408,0,,,,23.52438,-0.60210,1
1785663338324942728,1409,1,0.031373,553.500,200.500,23.46350,-1.08998,0
1785663338344887861,1410,0,,,,23.44176,-1.08998,1
1785663338365035408,1411,1,0.066667,554.500,201.500,23.44542,-0.83470,0
1785663338385184122,1412,1,0.031373,553.500,201.500,23.42883,-0.83226,0
1785663338404546219,1413,0,,,,23.41271,-0.83226,1
1785663338424754724,1414,1,0.047059,554.500,201.500,23.43763,-0.36488,0
1785663338445666722,1415,0,,,,23.43000,-0.36488,1
1785663338466267223,1416,1,0.082353,560.500,198.500,23.61380,1.71080,0
1785663338484778245,1417,1,0.113725,554.500,190.500,23.61318,1.34985,0
1785663338509951658,1418,1,0.062745,555.500,201.500,23.62950,1.13877,0
1785663338524596094,1419,1,0.066667,560.500,198.500,23.71199,1.95813,0
1785663338544755600,1420,1,0.039216,555.500,201.500,23.69817,1.27250,0
1785663338564631608,1421,1,0.066667,554.500,191.500,23.65799,0.42190,0
1785663338588986696,1422,0,,,,23.66826,0.42190,1
1785663338604738288,1423,0,,,,23.67491,0.42190,1
1785663338624631796,1424,1,0.031373,548.500,201.500,23.41371,-2.47034,0
1785663338645871624,1425,1,0.074510,554.500,192.500,23.38429,-2.22216,0
1785663338664812683,1426,0,,,,23.34220,-2.22216,1
1785663338689020898,1427,1,0.050980,552.500,193.500,23.30963,-1.99198,0
1785663338709169320,1428,0,,,,23.26949,-1.99198,1
1785663338733531075,1429,1,0.043137,559.500,199.500,23.47071,0.66762,0
1785663338748712464,1430,1,0.074510,549.500,201.500,23.40530,-0.17163,0
1785663338769177341,1431,1,0.113725,556.500,200.500,23.48031,0.76566,0
1785663338789217265,1432,1,0.054902,554.500,201.500,23.51266,0.97870,0
1785663338808124658,1433,0,0.054902,554.500,201.500,23.53116,0.97870,1
1785663338828558619,1434,1,0.031373,554.500,203.500,23.55770,1.05630,0
1785663338849718239,1435,0,,,,23.58005,1.05630,1
1785663338870843277,1436,1,0.039216,556.500,196.500,23.61071,1.14736,0
1785663338889161676,1437,0,0.039216,556.500,196.500,23.63172,1.14736,1
1785663338909182932,1438,0,,,,23.65470,1.14736,1
1785663338928591695,1439,0,,,,23.67696,1.14736,1
1785663338948764909,1440,1,0.066667,560.500,194.500,23.78479,1.89762,0
1785663338969065580,1441,0,,,,23.82331,1.89762,1
1785663338988921463,1442,0,,,,23.86099,1.89762,1
1785663339008983845,1443,0,,,,23.89906,1.89762,1
1785663339031296412,1444,1,0.125490,556.500,196.500,23.70640,-0.04660,0
1785663339051543708,1445,1,0.066667,554.500,203.500,23.59992,-1.04028,0
1785663339071503424,1446,1,0.047059,549.500,195.500,23.44226,-2.55464,0
1785663339088995373,1447,0,0.047059,549.500,195.500,23.39758,-2.55464,1
1785663339108710383,1448,1,0.031373,559.500,198.500,23.49327,-0.83419,0
1785663339128991804,1449,1,0.047059,554.500,202.500,23.47456,-0.85551,0
1785663339148538524,1450,0,,,,23.45784,-0.85551,1
1785663339168664780,1451,1,0.047059,559.500,195.500,23.57649,0.70233,0
1785663339189109824,1452,0,,,,23.59085,0.70233,1
1785663339208785459,1453,1,0.031373,560.500,198.500,23.71439,1.89036,0
1785663339228806716,1454,1,0.082353,560.500,199.500,23.79462,2.36138,0
1785663339248810848,1455,0,,,,23.84186,2.36138,1
1785663339278079428,1456,1,0.066667,553.500,201.500,23.68620,-0.11683,0
1785663339290293139,1457,0,0.066667,553.500,201.500,23.68478,-0.11683,1
1785663339311467342,1458,1,0.043137,554.500,201.500,23.58191,-1.22243,0
1785663339333042000,1459,0,,,,23.55554,-1.22243,1
1785663339353920749,1460,1,0.031373,554.500,201.500,23.48521,-1.70507,0
1785663339371763486,1461,0,,,,23.45479,-1.70507,1
1785663339395881910,1462,1,0.058824,545.500,201.500,23.19315,-4.02747,0
1785663339412846822,1463,1,0.043137,553.500,201.500,23.20465,-3.14603,0
1785663339434459480,1464,1,0.047059,549.500,178.500,23.15306,-2.95076,0
1785663339455804765,1465,1,0.058824,548.500,201.500,23.10228,-2.79796,0
1785663339472095059,1466,1,0.098039,553.500,193.500,23.17514,-1.27863,0
1785663339490895120,1467,0,,,,23.15110,-1.27863,1
1785663339514329426,1468,1,0.125490,553.500,195.500,23.27519,0.54784,0
1785663339532698116,1469,0,,,,23.28526,0.54784,1
1785663339553101161,1470,1,0.113725,561.500,198.500,23.60037,3.88802,0
1785663339572947420,1471,1,0.078431,546.500,200.500,23.50777,1.98704,0
1785663339592659805,1472,1,0.058824,555.500,196.500,23.58209,2.40089,0
1785663339612899517,1473,1,0.054902,560.500,199.500,23.72595,3.57551,0
1785663339633092564,1474,1,0.054902,559.500,198.500,23.82667,3.93739,0
1785663339653121988,1475,0,,,,23.90554,3.93739,1
1785663339673199827,1476,1,0.047059,554.500,200.500,23.81573,1.93663,0
1785663339693424374,1477,0,,,,23.85490,1.93663,1
1785663339713472172,1478,1,0.082353,549.500,201.500,23.59205,-1.35704,0
1785663339733352847,1479,1,0.078431,559.500,198.500,23.61434,-0.80849,0
1785663339752872734,1480,1,0.047059,554.500,201.500,23.54576,-1.42767,0
1785663339773264695,1481,1,0.031373,551.500,202.500,23.43537,-2.42836,0
1785663339793308994,1482,1,0.031373,548.500,201.500,23.28986,-3.65639,0
1785663339815609978,1483,0,,,,23.20832,-3.65639,1
1785663339836730265,1484,1,0.039216,546.500,202.500,23.05925,-4.50222,0
1785663339852453982,1485,1,0.047059,554.500,193.500,23.14512,-2.66146,0
1785663339872612904,1486,1,0.062745,548.500,202.500,23.11586,-2.36724,0
1785663339892599453,1487,1,0.039216,559.500,198.500,23.29598,0.45516,0
1785663339912877957,1488,1,0.031373,560.500,195.500,23.49954,2.91633,0
1785663339933089087,1489,1,0.031373,560.500,198.500,23.69053,4.60651,0
1785663339953138344,1490,0,,,,23.78289,4.60651,1
1785663339979005667,1491,1,0.035294,559.500,199.500,23.92057,4.82184,0
1785663339996782279,1492,1,0.047059,555.500,197.500,23.89361,3.50142,0
1785663340020500916,1493,1,0.101961,559.500,193.500,23.92913,2.92390,0
1785663340036872876,1494,1,0.047059,559.500,198.500,23.92231,2.23996,0
1785663340056486679,1495,1,0.031373,554.500,200.500,23.81502,0.30743,0
1785663340076608560,1496,1,0.066667,549.500,201.500,23.61251,-2.38168,0
1785663340096546109,1497,1,0.054902,559.500,199.500,23.59044,-2.05392,0
1785663340116976570,1498,1,0.082353,552.500,193.500,23.46336,-3.14922,0
1785663340136860162,1499,0,,,,23.40074,-3.14922,1
1785663340157063708,1500,0,,,,23.33711,-3.14922,1
1785663340176839093,1501,1,0.043137,553.500,201.500,23.31416,-2.73256,0
1785663340196923640,1502,1,0.062745,553.500,193.500,23.30709,-2.22033,0
1785663340216951897,1503,0,,,,23.26262,-2.22033,1
1785663340236893238,1504,1,0.039216,560.500,198.500,23.46971,0.52501,0
1785663340256645289,1505,1,0.035294,554.500,201.500,23.50161,0.76837,0
1785663340276811503,1506,1,0.050980,554.500,201.500,23.52545,0.86800,0
1785663340297030216,1507,1,0.062745,554.500,194.500,23.54309,0.86918,0
1785663340316132441,1508,1,0.031373,555.500,200.500,23.56941,0.99312,0
1785663340336347071,1509,0,,,,23.58949,0.99312,1
1785663340358157601,1510,1,0.039216,555.500,201.500,23.60047,0.86712,0
1785663340381302243,1511,0,,,,23.62054,0.86712,1
1785663340396159594,1512,1,0.113725,556.500,189.500,23.63113,0.84176,0
1785663340416289933,1513,1,0.054902,547.500,200.500,23.45249,-1.35164,0
1785663340436235357,1514,0,,,,23.42553,-1.35164,1
1785663340456450279,1515,1,0.058824,551.500,197.500,23.35732,-1.80737,0
1785663340476221872,1516,1,0.050980,548.500,202.500,23.25340,-2.58546,0
1785663340496179837,1517,1,0.062745,555.500,196.500,23.30618,-1.33756,0
1785663340516264677,1518,0,,,,23.27932,-1.33756,1
1785663340536266976,1519,1,0.039216,560.500,198.500,23.49654,1.50104,0
1785663340556610521,1520,1,0.058824,553.500,198.500,23.52573,1.48538,0
1785663340576219657,1521,0,,,,23.55486,1.48538,1
1785663340605664319,1522,1,0.066667,553.500,201.500,23.56129,1.07024,0
1785663340628596963,1523,1,0.035294,549.500,196.500,23.46616,-0.31555,0
1785663340648518471,1524,1,0.058824,549.500,201.500,23.37756,-1.31764,0
1785663340670401334,1525,1,0.050980,554.500,197.500,23.39384,-0.74788,0
1785663340688745816,1526,1,0.047059,548.500,201.500,23.31246,-1.61739,0
1785663340708725365,1527,1,0.066667,560.500,197.500,23.45397,0.63023,0
1785663340732652708,1528,1,0.031373,554.500,194.500,23.49791,1.00255,0
1785663340749322873,1529,1,0.047059,561.500,197.500,23.64938,2.74319,0
1785663340768239600,1530,1,0.031373,553.500,201.500,23.64556,2.02436,0
1785663340793496304,1531,1,0.074510,552.500,197.500,23.61606,0.98680,0
1785663340808285113,1532,0,,,,23.63066,0.98680,1
1785663340831068551,1533,1,0.105882,549.500,201.500,23.48088,-1.05395,0
1785663340848648249,1534,1,0.031373,549.500,202.500,23.36630,-2.18944,0
1785663340868344884,1535,1,0.090196,548.500,201.500,23.25690,-2.99175,0
1785663340888352724,1536,0,,,,23.19704,-2.99175,1
1785663340915184788,1537,1,0.035294,553.500,201.500,23.23281,-1.66493,0
1785663340933048191,1538,0,,,,23.20307,-1.66493,1
1785663340956172250,1539,1,0.031373,553.500,201.500,23.30016,-0.19231,0
1785663340973007081,1540,1,0.039216,559.500,198.500,23.49042,1.97534,0
1785663340992323386,1541,1,0.050980,555.500,201.500,23.56733,2.43510,0
1785663341013264551,1542,1,0.082353,560.500,195.500,23.72050,3.70655,0
1785663341033110518,1543,1,0.031373,552.500,194.500,23.70420,2.55984,0
1785663341052781778,1544,1,0.098039,559.500,198.500,23.78295,2.92580,0
1785663341072748785,1545,0,,,,23.84137,2.92580,1
1785663341092733876,1546,1,0.062745,554.500,199.500,23.75455,1.20241,0
1785663341112658009,1547,0,,,,23.77851,1.20241,1
1785663341136394270,1548,0,,,,23.80705,1.20241,1
1785663341152492941,1549,1,0.050980,553.500,201.500,23.61555,-0.90483,0
1785663341173342523,1550,1,0.050980,554.500,198.500,23.53445,-1.54901,0
1785663341194331270,1551,1,0.047059,553.500,201.500,23.45572,-2.07071,0
1785663341212761626,1552,1,0.035294,556.500,201.500,23.45570,-1.60917,0
1785663341237213005,1553,1,0.058824,560.500,198.500,23.53731,-0.06911,0
1785663341252751391,1554,1,0.031373,553.500,201.500,23.50642,-0.45601,0
1785663341273126727,1555,1,0.035294,560.500,198.500,23.59864,0.86964,0
1785663341292363409,1556,1,0.058824,549.500,202.500,23.49895,-0.64518,0
1785663341312937660,1557,1,0.082353,560.500,199.500,23.58926,0.69346,0
1785663341332130592,1558,1,0.035294,553.500,201.500,23.55766,0.11581,0
1785663341353255504,1559,0,,,,23.56011,0.11581,1
1785663341373044888,1560,1,0.050980,553.500,201.500,23.51219,-0.47589,0
1785663341392531526,1561,0,,,,23.50291,-0.47589,1
1785663341418599847,1562,1,0.062745,560.500,198.500,23.64344,1.16392,0
1785663341433135784,1563,0,,,,23.66036,1.16392,1
1785663341452157217,1564,1,0.031373,553.500,201.500,23.58215,0.09379,0
1785663341472599345,1565,1,0.074510,555.500,201.500,23.56971,-0.06597,0
1785663341492406229,1566,0,,,,23.56840,-0.06597,1
1785663341517926430,1567,1,0.039216,559.500,195.500,23.65501,0.91825,0
1785663341532141829,1568,1,0.039216,561.500,194.500,23.74744,1.83101,0
1785663341562833395,1569,0,,,,23.80364,1.83101,1
1785663341585141296,1570,1,0.082353,556.500,194.500,23.75133,0.77053,0
1785663341604460810,1571,1,0.043137,558.500,197.500,23.74017,0.46904,0
1785663341624634898,1572,0,,,,23.74963,0.46904,1
1785663341644346700,1573,1,0.078431,554.500,199.500,23.62895,-1.00333,0
1785663341664448164,1574,1,0.054902,559.500,197.500,23.64416,-0.59637,0
1785663341684504713,1575,0,,,,23.63220,-0.59637,1
1785663341704541719,1576,1,0.078431,559.500,198.500,23.66377,-0.10527,0
1785663341726308000,1577,1,0.050980,554.500,198.500,23.58629,-0.96921,0
1785663341744742606,1578,1,0.101961,559.500,197.500,23.61777,-0.37833,0
1785663341767812791,1579,1,0.054902,554.500,201.500,23.56132,-0.97392,0
1785663341785504238,1580,0,0.054902,554.500,201.500,23.54409,-0.97392,1
1785663341808252592,1581,1,0.050980,556.500,195.500,23.54919,-0.65396,0
1785663341825231796,1582,0,0.050980,556.500,195.500,23.53809,-0.65396,1
1785663341844991139,1583,1,0.031373,557.500,199.500,23.57408,-0.11569,0
1785663341864425860,1584,1,0.113725,554.500,192.500,23.54056,-0.46638,0
1785663341889565232,1585,1,0.031373,553.500,201.500,23.49351,-0.88666,0
1785663341908913038,1586,1,0.035294,554.500,193.500,23.48267,-0.80831,0
1785663341928388300,1587,0,0.035294,554.500,193.500,23.46693,-0.80831,1
1785663341948667971,1588,1,0.062745,555.500,196.500,23.48689,-0.37918,0
1785663341968746685,1589,1,0.039216,548.500,201.500,23.36448,-1.72916,0
1785663341995918745,1590,0,,,,23.31750,-1.72916,1
1785663342016293790,1591,0,,,,23.28226,-1.72916,1
1785663342042902981,1592,1,0.047059,555.500,198.500,23.42781,0.16361,0
1785663342058462449,1593,0,0.047059,555.500,198.500,23.43036,0.16361,1
1785663342076929722,1594,0,,,,23.43338,0.16361,1
1785663342097705221,1595,1,0.121569,556.500,198.500,23.54836,1.21518,0
1785663342121258151,1596,1,0.066667,559.500,198.500,23.68166,2.28973,0
1785663342137027075,1597,0,,,,23.71776,2.28973,1
1785663342156967250,1598,0,,,,23.76342,2.28973,1
1785663342176938632,1599,0,,,,23.80915,2.28973,1
1785663342206496418,1600,0,,,,,,0
1785663342228395031,1601,0,,,,,,0
1785663342249266488,1602,1,0.066667,560.500,194.500,23.76844,0.00000,0
1785663342268340712,1603,0,,,,23.76844,0.00000,1
1785663342288401927,1604,1,0.031373,553.500,201.500,23.48683,-6.59448,0
1785663342308253727,1605,1,0.062745,560.500,198.500,23.54947,-2.73066,0
1785663342329266849,1606,1,0.074510,545.500,203.500,23.22970,-7.23039,0
1785663342348426031,1607,1,0.078431,557.500,199.500,23.30713,-3.92526,0
1785663342368249249,1608,1,0.043137,549.500,202.500,23.22038,-4.05056,0
1785663342388451337,1609,0,,,,23.13855,-4.05056,1
1785663342411307190,1610,0,,,,23.04597,-4.05056,1
1785663342428694682,1611,0,,,,22.97554,-4.05056,1
1785663342450721294,1612,0,,,,,,0
1785663342468430365,1613,1,0.035294,549.500,201.500,23.28910,0.00000,0
1785663342488632454,1614,0,,,,23.28910,0.00000,1
1785663342512137634,1615,0,,,,23.28910,0.00000,1
1785663342532304431,1616,0,,,,23.28910,0.00000,1
1785663342553909255,1617,1,0.043137,555.500,203.500,23.54402,2.93988,0
1785663342572756107,1618,0,0.043137,555.500,203.500,23.59943,2.93988,1
1785663342592520992,1619,1,0.117647,560.500,198.500,23.81489,4.63546,0
1785663342612259043,1620,0,,,,23.90639,4.63546,1
1785663342632407757,1621,0,,,,23.99979,4.63546,1
1785663342652800885,1622,1,0.058824,560.500,198.500,23.99408,3.66747,0
1785663342672966516,1623,1,0.035294,558.500,191.500,23.94517,2.40706,0
1785663342692661984,1624,1,0.031373,554.500,201.500,23.81924,0.44105,0
1785663342712933197,1625,1,0.062745,559.500,198.500,23.79189,-0.00457,0
1785663342732920912,1626,1,0.035294,549.500,202.500,23.58551,-2.64425,0
1785663342753187167,1627,1,0.047059,549.500,201.500,23.38880,-4.50254,0
1785663342773161757,1628,1,0.058824,559.500,194.500,23.39898,-3.20194,0
1785663342793019099,1629,0,,,,23.33540,-3.20194,1
1785663342812961315,1630,1,0.054902,553.500,201.500,23.30527,-2.80211,0
1785663342833261403,1631,0,,,,23.24839,-2.80211,1
1785663342853229577,1632,1,0.043137,554.500,202.500,23.30738,-1.55123,0
1785663342873584788,1633,1,0.035294,553.500,201.500,23.33466,-0.89753,0
1785663342893394881,1634,1,0.105882,555.500,194.500,23.40177,0.09737,0
1785663342913302097,1635,0,,,,23.40371,0.09737,1
1785663342933420478,1636,0,,,,23.40567,0.09737,1
1785663342953719107,1637,1,0.039216,555.500,203.500,23.50005,1.06636,0
1785663342973321243,1638,1,0.047059,555.500,201.500,23.55589,1.44074,0
1785663342993511082,1639,0,,,,23.58497,1.44074,1
1785663343012810179,1640,1,0.039216,559.500,195.500,23.70460,2.45054,0
1785663343032708354,1641,1,0.039216,559.500,197.500,23.78410,2.79961,0
1785663343053972098,1642,0,,,,23.84363,2.79961,1
1785663343076748202,1643,0,,,,23.90739,2.79961,1
1785663343096468754,1644,1,0.035294,546.500,202.500,23.50871,-1.84435,0
1785663343113010087,1645,1,0.047059,556.500,194.500,23.50231,-1.59023,0
1785663343132716931,1646,1,0.035294,553.500,200.500,23.44291,-1.90968,0
1785663343157174393,1647,1,0.109804,560.500,195.500,23.52109,-0.37516,0
1785663343176612906,1648,1,0.031373,554.500,200.500,23.50389,-0.50130,0
1785663343198093190,1649,1,0.039216,555.500,201.500,23.50817,-0.30675,0
1785663343216910542,1650,1,0.043137,554.500,201.500,23.49888,-0.35240,0
1785663343237000340,1651,0,,,,23.49180,-0.35240,1
1785663343257316177,1652,1,0.054902,560.500,198.500,23.62729,1.33599,0
1785663343276839564,1653,1,0.043137,549.500,201.500,23.51107,-0.33203,0
1785663343296890279,1654,1,0.035294,556.500,193.500,23.53741,0.06409,0
1785663343318014316,1655,0,,,,23.53876,0.06409,1
1785663343337209290,1656,1,0.043137,553.500,201.500,23.50036,-0.39471,0
1785663343357064298,1657,1,0.039216,554.500,201.500,23.49168,-0.40445,0
1785663343380993391,1658,0,,,,23.48201,-0.40445,1
1785663343396830606,1659,1,0.101961,559.500,195.500,23.60146,1.03379,0
1785663343417192818,1660,1,0.070588,560.500,198.500,23.70692,2.00608,0
1785663343441344742,1661,0,,,,23.75537,2.00608,1
1785663343457283290,1662,0,,,,23.78734,2.00608,1
1785663343476918092,1663,1,0.043137,549.500,201.500,23.52535,-1.11088,0
1785663343496821808,1664,1,0.035294,548.500,202.500,23.35371,-2.69485,0
1785663343517291352,1665,1,0.039216,554.500,201.500,23.34182,-2.20198,0
1785663343541291528,1666,1,0.070588,559.500,198.500,23.43633,-0.39772,0
1785663343556431792,1667,1,0.050980,554.500,201.500,23.45381,-0.09971,0
1785663343576925836,1668,0,,,,23.45176,-0.09971,1
1785663343597101383,1669,0,,,,23.44975,-0.09971,1
1785663343621429429,1670,0,,,,23.44733,-0.09971,1
1785663343637099272,1671,1,0.070588,552.500,201.500,23.42380,-0.31176,0
1785663343656875531,1672,0,,,,23.41763,-0.31176,1
1785663343676842539,1673,1,0.105882,553.500,198.500,23.43578,-0.07604,0
1785663343696985711,1674,1,0.058824,549.500,184.500,23.36559,-0.79523,0
1785663343717212299,1675,1,0.043137,557.500,196.500,23.45949,0.47679,0
1785663343737042808,1676,1,0.101961,556.500,196.500,23.52815,1.21048,0
1785663343756842692,1677,1,0.090196,554.500,201.500,23.55291,1.22061,0
1785663343776803283,1678,1,0.054902,554.500,201.500,23.56812,1.10170,0
1785663343800433003,1679,1,0.058824,555.500,203.500,23.59534,1.11710,0
1785663343820652008,1680,1,0.062745,553.500,197.500,23.57376,0.54683,0
1785663343840594516,1681,1,0.062745,556.500,195.500,23.59787,0.71676,0
1785663343860980644,1682,0,,,,23.61249,0.71676,1
1785663343880737945,1683,1,0.035294,552.500,175.500,23.53568,-0.35487,0
1785663343900604037,1684,1,0.086275,554.500,203.500,23.51155,-0.55434,0
1785663343920556753,1685,1,0.086275,554.500,199.500,23.49375,-0.63512,0
1785663343941018713,1686,1,0.086275,551.500,202.500,23.42683,-1.30162,0
1785663343961030637,1687,0,,,,23.40078,-1.30162,1
1785663343980807980,1688,1,0.031373,559.500,199.500,23.53084,0.52798,0
1785663344000691280,1689,1,0.066667,552.500,198.500,23.49564,-0.00734,0
1785663344021158490,1690,1,0.050980,546.500,200.500,23.35188,-1.73679,0
1785663344040965666,1691,0,,,,23.31748,-1.73679,1
1785663344060960673,1692,1,0.070588,552.500,192.500,23.31983,-1.30714,0
1785663344081274760,1693,0,,,,23.29328,-1.30714,1
1785663344100657274,1694,1,0.082353,550.500,201.500,23.27514,-1.22867,0
1785663344121225983,1695,0,,,,23.24987,-1.22867,1
1785663344141425155,1696,0,,,,23.22505,-1.22867,1
1785663344161495120,1697,0,,,,23.20039,-1.22867,1
1785663344181497127,1698,1,0.043137,554.500,201.500,23.38686,0.63312,0
1785663344202334917,1699,0,,,,23.40005,0.63312,1
1785663344225512434,1700,0,,,,23.41473,0.63312,1
1785663344241496690,1701,0,,,,23.42485,0.63312,1
1785663344261286074,1702,1,0.035294,555.500,203.500,23.54005,1.49299,0
1785663344281247248,1703,1,0.050980,560.500,198.500,23.70398,2.75245,0
1785663344301499503,1704,0,,,,23.75972,2.75245,1
1785663344323715946,1705,0,,,,23.82087,2.75245,1
1785663344341704723,1706,1,0.070588,553.500,195.500,23.67751,0.79647,0
1785663344361410691,1707,1,0.058824,559.500,197.500,23.72350,1.11888,0
1785663344382046775,1708,1,0.062745,559.500,198.500,23.75648,1.23339,0
1785663344401107000,1709,0,,,,23.77999,1.23339,1
1785663344423941770,1710,1,0.047059,553.500,201.500,23.64760,-0.62052,0
1785663344444638354,1711,1,0.125490,561.500,198.500,23.70474,0.19985,0
1785663344464488404,1712,0,,,,23.70870,0.19985,1
1785663344484716742,1713,1,0.039216,553.500,201.500,23.57974,-1.31222,0
1785663344504281837,1714,1,0.054902,559.500,198.500,23.62079,-0.54377,0
1785663344524441634,1715,0,0.054902,559.500,198.500,23.60983,-0.54377,1
1785663344545046802,1716,1,0.058824,553.500,192.500,23.51369,-1.50076,0
1785663344564522939,1717,1,0.031373,554.500,201.500,23.46674,-1.70411,0
1785663344586204221,1718,0,,,,23.42979,-1.70411,1
1785663344605256446,1719,0,,,,23.39732,-1.70411,1
1785663344631016603,1720,0,,,,23.35342,-1.70411,1
1785663344645382875,1721,0,,,,,,0
1785663344664736514,1722,1,0.070588,553.500,194.500,23.46478,0.00000,0
1785663344684679897,1723,0,,,,23.46478,0.00000,1
1785663344705145649,1724,0,,,,23.46478,0.00000,1
1785663344724894200,1725,1,0.031373,553.500,200.500,23.46307,-0.02743,0
1785663344745178829,1726,1,0.031373,556.500,201.500,23.54602,1.21962,0
1785663344765212920,1727,1,0.082353,556.500,198.500,23.60960,1.78423,0
1785663344785467799,1728,1,0.047059,555.500,193.500,23.63494,1.63420,0
1785663344804779730,1729,1,0.031373,549.500,201.500,23.52410,-0.28122,0
1785663344825300315,1730,1,0.039216,553.500,201.500,23.48888,-0.66682,0
1785663344845414904,1731,1,0.035294,554.500,201.500,23.47698,-0.64735,0
1785663344865511994,1732,1,0.062745,552.500,193.500,23.43543,-1.01233,0
1785663344885224962,1733,1,0.062745,553.500,192.500,23.41940,-0.96218,0
1785663344905055762,1734,1,0.035294,560.500,198.500,23.53357,0.73852,0
1785663344925321600,1735,1,0.031373,560.500,198.500,23.64921,2.02470,0
1785663344944926153,1736,1,0.062745,556.500,193.500,23.68371,1.95824,0
1785663344967301928,1737,0,,,,23.72752,1.95824,1
1785663344986530651,1738,1,0.043137,556.500,201.500,23.71668,1.38653,0
1785663345005271795,1739,1,0.062745,555.500,201.500,23.67891,0.64118,0
1785663345024703892,1740,1,0.062745,556.500,195.500,23.66112,0.27877,0
1785663345045023520,1741,1,0.062745,558.500,196.500,23.67714,0.40676,0
1785663345072284163,1742,1,0.129412,553.500,196.500,23.59659,-0.75796,0
1785663345096808708,1743,0,,,,23.57800,-0.75796,1
1785663345116541217,1744,0,,,,23.56304,-0.75796,1
1785663345137349383,1745,1,0.031373,553.500,201.500,23.46841,-1.57711,0
1785663345157430431,1746,1,0.047059,559.500,198.500,23.55048,-0.37301,0
1785663345176899568,1747,1,0.082353,559.500,197.500,23.61635,0.45715,0
1785663345197679443,1748,0,,,,23.62585,0.45715,1
1785663345217147122,1749,1,0.039216,560.500,198.500,23.71523,1.38317,0
1785663345238869236,1750,0,,,,23.74528,1.38317,1
1785663345257029470,1751,1,0.031373,560.500,198.500,23.80013,1.70899,0
1785663345280511484,1752,0,,,,23.84026,1.70899,1
1785663345298360054,1753,1,0.050980,549.500,201.500,23.57042,-1.48498,0
1785663345316540330,1754,1,0.043137,560.500,198.500,23.62280,-0.61227,0
1785663345337905573,1755,0,,,,23.60972,-0.61227,1
1785663345356938673,1756,1,0.054902,554.500,201.500,23.53494,-1.31958,0
1785663345379550696,1757,0,,,,23.50510,-1.31958,1
1785663345404468987,1758,1,0.039216,554.500,193.500,23.47428,-1.29760,0
1785663345428329413,1759,1,0.039216,554.500,201.500,23.45950,-1.11639,0
1785663345448339587,1760,1,0.054902,555.500,201.500,23.47749,-0.63476,0
1785663345473015089,1761,0,,,,23.46182,-0.63476,1
1785663345488727597,1762,0,,,,23.45185,-0.63476,1
1785663345508717063,1763,1,0.031373,553.500,201.500,23.44627,-0.55942,0
1785663345528536197,1764,0,0.031373,553.500,201.500,23.43519,-0.55942,1
1785663345548798951,1765,1,0.043137,557.500,196.500,23.54632,0.68577,0
1785663345569883030,1766,1,0.035294,560.500,195.500,23.66839,1.84261,0
1785663345589507625,1767,1,0.066667,559.500,198.500,23.72844,2.12039,0
1785663345608806722,1768,0,0.066667,559.500,198.500,23.76936,2.12039,1
1785663345629823136,1769,1,0.039216,559.500,198.500,23.78972,1.83911,0
1785663345648788278,1770,0,0.039216,559.500,198.500,23.82460,1.83911,1
1785663345668873118,1771,0,,,,23.86154,1.83911,1
1785663345689038456,1772,0,,,,23.89863,1.83911,1
1785663345712216973,1773,1,0.031373,553.500,197.500,23.61277,-1.08766,0
1785663345732349062,1774,0,,,,23.59088,-1.08766,1
1785663345752105780,1775,1,0.039216,554.500,201.500,23.51708,-1.58701,0
1785663345773477732,1776,1,0.066667,551.500,201.500,23.41430,-2.31516,0
1785663345792208085,1777,1,0.043137,548.500,201.500,23.29902,-3.15537,0
1785663345812459756,1778,0,0.043137,548.500,201.500,23.23512,-3.15537,1
1785663345832908884,1779,1,0.066667,560.500,195.500,23.45598,0.20137,0
1785663345852434312,1780,0,0.066667,560.500,195.500,23.45991,0.20137,1
1785663345872868856,1781,0,,,,23.46403,0.20137,1
1785663345892722990,1782,1,0.047059,558.500,195.500,23.61700,1.68786,0
1785663345912695539,1783,1,0.050980,558.500,194.500,23.70009,2.19939,0
1785663345932575339,1784,1,0.035294,558.500,200.500,23.75420,2.31642,0
1785663345954407453,1785,0,,,,23.80477,2.31642,1
1785663345972422646,1786,1,0.035294,560.500,198.500,23.85342,2.39647,0
1785663345992931565,1787,1,0.039216,555.500,192.500,23.78354,1.00357,0
1785663346012444744,1788,1,0.050980,555.500,193.500,23.71361,-0.07930,0
1785663346032635749,1789,0,,,,23.71200,-0.07930,1
1785663346052574756,1790,1,0.050980,553.500,201.500,23.57726,-1.62900,0
1785663346072663388,1791,1,0.031373,555.500,201.500,23.51686,-1.95187,0
1785663346097645803,1792,0,,,,23.46810,-1.95187,1
1785663346112872691,1793,0,,,,23.43838,-1.95187,1
1785663346132806157,1794,1,0.031373,560.500,199.500,23.59335,0.05833,0
1785663346155476721,1795,0,,,,23.59467,0.05833,1
1785663346172651548,1796,1,0.086275,550.500,195.500,23.44037,-1.52276,0
1785663346193075009,1797,0,,,,23.40927,-1.52276,1
1785663346213308306,1798,1,0.066667,555.500,197.500,23.44303,-0.85587,0
1785663346233265688,1799,1,0.031373,556.500,200.500,23.48877,-0.16951,0
1785663346254979636,1800,0,,,,23.48509,-0.16951,1
1785663346273233244,1801,1,0.066667,554.500,197.500,23.49205,-0.05600,0
1785663346293184502,1802,1,0.050980,552.500,193.500,23.45795,-0.43638,0
1785663346312776721,1803,1,0.062745,559.500,195.500,23.55880,0.87970,0
1785663346336744605,1804,0,,,,23.57989,0.87970,1
1785663346359653041,1805,0,,,,23.60004,0.87970,1
1785663346384310876,1806,1,0.035294,560.500,198.500,23.73772,2.05770,0
1785663346404413508,1807,0,,,,23.77908,2.05770,1
1785663346424603054,1808,0,,,,23.82063,2.05770,1
1785663346445824924,1809,1,0.035294,558.500,197.500,23.76531,1.13482,0
1785663346466371342,1810,1,0.082353,554.500,195.500,23.65629,-0.20018,0
1785663346484656617,1811,1,0.050980,546.500,201.500,23.43744,-2.61782,0
1785663346504790456,1812,0,,,,23.38473,-2.61782,1
1785663346525280708,1813,1,0.031373,549.500,201.500,23.28012,-3.21117,0
1785663346545355631,1814,1,0.058824,548.500,201.500,23.19978,-3.39835,0
1785663346565278597,1815,0,,,,23.13207,-3.39835,1
1785663346584524028,1816,0,,,,23.06667,-3.39835,1
1785663346605102946,1817,0,,,,22.99674,-3.39835,1
1785663346625726489,1818,0,,,,,,0
1785663346644581674,1819,0,,,,,,0
1785663346672639183,1820,0,,,,,,0
1785663346698552631,1821,0,,,,,,0
1785663346716958487,1822,0,,,,,,0
1785663346736598540,1823,1,0.058824,558.500,199.500,23.68022,0.00000,0
1785663346757558370,1824,1,0.043137,549.500,201.500,23.36646,-11.29896,0
1785663346776536638,1825,1,0.074510,555.500,196.500,23.28924,-7.42521,0
1785663346796852183,1826,0,0.074510,555.500,196.500,23.13839,-7.42521,1
1785663346816877524,1827,1,0.039216,555.500,201.500,23.20051,-4.11488,0
1785663346837276193,1828,1,0.043137,553.500,199.500,23.22400,-2.65712,0
1785663346858102442,1829,0,,,,23.16866,-2.65712,1
1785663346876906878,1830,0,,,,23.11869,-2.65712,1
1785663346897008051,1831,0,,,,23.06528,-2.65712,1
1785663346917165514,1832,0,,,,,,0
1785663346936903274,1833,1,0.054902,553.500,192.500,23.46537,0.00000,0
1785663346961627692,1834,1,0.054902,560.500,194.500,23.71999,8.35898,0
1785663346980444961,1835,1,0.066667,554.500,201.500,23.87203,8.22105,0
1785663347000509092,1836,1,0.054902,549.500,201.500,23.75736,2.48721,0
1785663347021390591,1837,1,0.047059,554.500,201.500,23.69098,0.50852,0
1785663347040577397,1838,1,0.050980,556.500,196.500,23.65617,-0.14564,0
1785663347062333303,1839,1,0.047059,554.500,199.500,23.57862,-1.13986,0
1785663347080567828,1840,0,,,,23.55783,-1.13986,1
1785663347100817458,1841,0,,,,23.53475,-1.13986,1
1785663347120570967,1842,0,,,,23.51223,-1.13986,1
1785663347140603016,1843,1,0.043137,549.500,196.500,23.30709,-2.82223,0
1785663347160654022,1844,1,0.047059,558.500,195.500,23.41645,-1.21145,0
1785663347184399617,1845,1,0.043137,560.500,198.500,23.53852,0.45225,0
1785663347200988575,1846,1,0.043137,554.500,198.500,23.53761,0.35142,0
1785663347220784376,1847,1,0.031373,560.500,197.500,23.63859,1.54741,0
1785663347240552177,1848,1,0.054902,553.500,201.500,23.61110,0.79160,0
1785663347260692432,1849,0,,,,23.62705,0.79160,1
1785663347281872844,1850,0,,,,23.64381,0.79160,1
1785663347300823404,1851,1,0.058824,553.500,201.500,23.55394,-0.33067,0
1785663347320641954,1852,1,0.050980,555.500,201.500,23.54209,-0.38767,0
1785663347340538087,1853,1,0.058824,554.500,201.500,23.51537,-0.60433,0
1785663347360776342,1854,1,0.117647,554.500,199.500,23.49459,-0.70775,0
1785663347380868473,1855,1,0.054902,553.500,202.500,23.46153,-0.94489,0
1785663347401768721,1856,1,0.054902,560.500,194.500,23.55954,0.56646,0
1785663347420690697,1857,1,0.050980,552.500,197.500,23.51932,-0.09145,0
1785663347443290637,1858,1,0.047059,554.500,201.500,23.51099,-0.17215,0
1785663347460953126,1859,0,,,,23.50795,-0.17215,1
1785663347482444576,1860,0,,,,23.50425,-0.17215,1
1785663347501262595,1861,1,0.043137,560.500,198.500,23.66483,1.57397,0
1785663347520894481,1862,1,0.050980,553.500,201.500,23.61111,0.66482,0
1785663347540953654,1863,1,0.039216,560.500,198.500,23.69790,1.50204,0
1785663347560462166,1864,1,0.121569,556.500,195.500,23.69737,1.14139,0
1785663347580659588,1865,1,0.050980,560.500,197.500,23.75766,1.61012,0
1785663347600585470,1866,0,,,,23.78974,1.61012,1
1785663347625603135,1867,0,,,,23.83002,1.61012,1
1785663347646619549,1868,0,,,,23.86386,1.61012,1
1785663347664519369,1869,0,,,,,,0
1785663347684414043,1870,1,0.031373,559.500,195.500,23.72477,0.00000,0
1785663347704810963,1871,1,0.043137,549.500,201.500,23.37812,-12.65164,0
1785663347724434974,1872,1,0.043137,559.500,193.500,23.19697,-10.76184,0
1785663347744686937,1873,1,0.043137,555.500,202.500,23.07401,-8.74730,0
1785663347764600862,1874,1,0.050980,554.500,201.500,23.05070,-6.15418,0
1785663347785289153,1875,1,0.031373,553.500,201.500,23.07803,-3.87278,0
1785663347804722708,1876,0,,,,23.00277,-3.87278,1
1785663347828467469,1877,0,,,,22.91082,-3.87278,1
1785663347848510017,1878,0,,,,22.83319,-3.87278,1
1785663347865725386,1879,0,,,,,,0
1785663347888500698,1880,0,,,,,,0
1785663347904814451,1881,1,0.031373,554.500,193.500,23.50847,0.00000,0
1785663347924521294,1882,1,0.050980,556.500,190.500,23.57748,2.55971,0
1785663347946774153,1883,0,,,,23.63444,2.55971,1
1785663347965059136,1884,1,0.039216,554.500,179.500,23.62350,1.47681,0
1785663347987195705,1885,0,,,,23.65619,1.47681,1
1785663348005571853,1886,0,,,,23.68333,1.47681,1
1785663348024799493,1887,1,0.054902,555.500,195.500,23.62441,0.54732,0
1785663348045138955,1888,1,0.039216,549.500,201.500,23.45319,-1.36242,0
1785663348064970339,1889,0,,,,23.42617,-1.36242,1
1785663348084957763,1890,0,,,,23.39894,-1.36242,1
1785663348105072060,1891,1,0.074510,554.500,198.500,23.42562,-0.83009,0
1785663348124982777,1892,1,0.043137,553.500,201.500,23.41931,-0.72418,0
1785663348144734828,1893,1,0.039216,549.500,202.500,23.34184,-1.44178,0
1785663348165074290,1894,1,0.070588,545.500,203.500,23.20661,-2.73797,0
1785663348184471970,1895,1,0.039216,549.500,196.500,23.16491,-2.59261,0
1785663348205101345,1896,0,,,,23.11142,-2.59261,1
1785663348226341923,1897,0,,,,23.05635,-2.59261,1
1785663348245628604,1898,1,0.035294,555.500,201.500,23.28786,0.40928,0
1785663348269502531,1899,0,,,,23.29763,0.40928,1
1785663348290218531,1900,1,0.117647,556.500,194.500,23.49764,2.35511,0
1785663348308674303,1901,1,0.043137,549.500,201.500,23.46460,1.53611,0
1785663348328491104,1902,1,0.078431,548.500,195.500,23.41422,0.59734,0
1785663348348612693,1903,0,,,,23.42624,0.59734,1
1785663348370100268,1904,1,0.043137,554.500,200.500,23.48872,1.17335,0
1785663348391001600,1905,0,,,,23.51325,1.17335,1
1785663348408704297,1906,0,,,,23.53402,1.17335,1
1785663348428507972,1907,0,,,,23.55725,1.17335,1
1785663348453025184,1908,1,0.039216,555.500,201.500,23.59778,1.27768,0
1785663348468797192,1909,1,0.043137,549.500,201.500,23.47804,-0.05824,0
1785663348488629159,1910,1,0.086275,551.500,185.500,23.43440,-0.52370,0
1785663348516758376,1911,1,0.035294,561.500,198.500,23.58693,1.55486,0
1785663348536994881,1912,1,0.058824,554.500,203.500,23.60202,1.34282,0
1785663348556968888,1913,1,0.035294,552.500,201.500,23.56296,0.48029,0
1785663348580113863,1914,1,0.031373,554.500,198.500,23.54957,0.16117,0
1785663348600108579,1915,1,0.050980,553.500,201.500,23.51590,-0.31625,0
1785663348620224043,1916,1,0.043137,556.500,195.500,23.54240,0.10660,0
1785663348640909418,1917,0,0.043137,556.500,195.500,23.54460,0.10660,1
1785663348660197432,1918,1,0.113725,554.500,196.500,23.52690,-0.12627,0
1785663348680517228,1919,0,,,,23.52434,-0.12627,1
1785663348700339695,1920,0,,,,23.52183,-0.12627,1
1785663348720192662,1921,0,,,,23.51933,-0.12627,1
1785663348741307366,1922,0,,,,,,0
1785663348760166926,1923,1,0.039216,553.500,201.500,23.46271,0.00000,0
1785663348780479847,1924,0,,,,23.46271,0.00000,1
1785663348800245023,1925,1,0.035294,553.500,201.500,23.46271,0.00000,0
1785663348820968315,1926,0,0.035294,553.500,201.500,23.46271,0.00000,1
1785663348840206163,1927,1,0.054902,555.500,195.500,23.53488,1.09033,0
1785663348860769331,1928,0,0.054902,555.500,195.500,23.55730,1.09033,1
1785663348880197927,1929,1,0.117647,555.500,197.500,23.57380,1.03516,0
1785663348901009884,1930,0,,,,23.59534,1.03516,1
1785663348920452772,1931,0,,,,23.61547,1.03516,1
1785663348940294072,1932,0,,,,23.63600,1.03516,1
1785663348963881876,1933,1,0.047059,551.500,201.500,23.45224,-0.72477,0
1785663348983647469,1934,0,0.047059,551.500,201.500,23.43792,-0.72477,1
1785663349000524466,1935,0,,,,23.42569,-0.72477,1
1785663349020689805,1936,1,0.047059,554.500,193.500,23.46002,-0.28813,0
1785663349040903851,1937,1,0.047059,554.500,193.500,23.47572,-0.07430,0
1785663349060637528,1938,1,0.082353,560.500,198.500,23.60058,1.35495,0
1785663349084883742,1939,1,0.031373,549.500,202.500,23.49659,-0.35356,0
1785663349103878176,1940,1,0.043137,559.500,196.500,23.58490,0.87611,0
1785663349121065211,1941,0,0.043137,559.500,196.500,23.59996,0.87611,1
1785663349140731805,1942,1,0.050980,556.500,201.500,23.62132,0.92598,0
1785663349160635230,1943,1,0.082353,560.500,198.500,23.71449,1.81518,0
1785663349180561404,1944,1,0.054902,549.500,201.500,23.58555,-0.18410,0
1785663349200824159,1945,1,0.047059,554.500,203.500,23.54737,-0.61156,0
1785663349224082300,1946,1,0.050980,556.500,196.500,23.55313,-0.35851,0
1785663349244132140,1947,1,0.043137,547.500,201.500,23.40011,-2.22432,0
1785663349264431644,1948,1,0.035294,556.500,196.500,23.43506,-1.19541,0
1785663349284167653,1949,0,0.035294,556.500,196.500,23.41147,-1.19541,1
1785663349304299742,1950,0,,,,23.38740,-1.19541,1
1785663349324252167,1951,0,,,,23.36355,-1.19541,1
1785663349344372881,1952,0,,,,,,0
1785663349364280972,1953,1,0.066667,549.500,203.500,23.28851,0.00000,0
1785663349384212980,1954,1,0.054902,559.500,196.500,23.63295,12.70910,0
1785663349404356152,1955,0,,,,23.88895,12.70910,1
1785663349425046777,1956,0,,,,24.15191,12.70910,1
1785663349444867078,1957,1,0.035294,559.500,196.500,24.00259,7.16129,0
1785663349464321632,1958,1,0.054902,560.500,199.500,23.99787,5.34739,0
1785663349484727593,1959,0,,,,24.10699,5.34739,1
1785663349505381177,1960,0,,,,24.21743,5.34739,1
1785663349524249196,1961,0,,,,24.31833,5.34739,1
1785663349544343077,1962,0,,,,,,0
1785663349564963411,1963,0,,,,,,0
1785663349584288175,1964,0,,,,,,0
1785663349604640762,1965,1,0.039216,560.500,198.500,23.76725,0.00000,0
1785663349624552353,1966,0,,,,23.76725,0.00000,1
1785663349644617360,1967,1,0.054902,561.500,198.500,23.80732,0.92182,0
1785663349664423952,1968,1,0.050980,559.500,198.500,23.76822,-0.20875,0
1785663349684479333,1969,0,0.050980,559.500,198.500,23.76403,-0.20875,1
1785663349705122709,1970,0,,,,23.75973,-0.20875,1
1785663349725568920,1971,0,,,,23.75546,-0.20875,1
1785663349744414480,1972,1,0.054902,553.500,201.500,23.49654,-2.65349,0
1785663349764694735,1973,1,0.031373,553.500,193.500,23.42499,-2.82666,0
1785663349785057238,1974,1,0.043137,553.500,201.500,23.38488,-2.63805,0
1785663349805549240,1975,1,0.058824,552.500,193.500,23.34648,-2.45157,0
1785663349824512924,1976,0,0.058824,552.500,193.500,23.29999,-2.45157,1
1785663349848135353,1977,0,,,,23.24208,-2.45157,1
1785663349872160486,1978,0,,,,23.18318,-2.45157,1
1785663349888297699,1979,0,,,,,,0
1785663349908723493,1980,0,,,,,,0
1785663349928249797,1981,1,0.035294,560.500,197.500,23.76755,0.00000,0
1785663349948445760,1982,0,0.035294,560.500,197.500,23.76755,0.00000,1
1785663349968391768,1983,1,0.082353,560.500,197.500,23.76755,0.00000,0
1785663349990965499,1984,0,,,,23.76755,0.00000,1
1785663350008491073,1985,0,,,,23.76755,0.00000,1
1785663350029229531,1986,1,0.050980,553.500,201.500,23.49775,-3.21015,0
1785663350049638117,1987,1,0.062745,554.500,202.500,23.43698,-3.15604,0
1785663350070606698,1988,0,,,,23.37080,-3.15604,1
1785663350088767140,1989,0,,,,23.31348,-3.15604,1
1785663350109575597,1990,0,,,,23.24781,-3.15604,1
1785663350128755696,1991,1,0.043137,560.500,198.500,23.58446,0.42265,0
1785663350148612746,1992,0,0.043137,560.500,198.500,23.59286,0.42265,1
1785663350170897730,1993,1,0.035294,555.500,201.500,23.58026,0.21441,0
1785663350189102714,1994,1,0.149020,559.500,196.500,23.65274,0.92848,0
1785663350208600142,1995,0,0.149020,559.500,196.500,23.67085,0.92848,1
1785663350228947188,1996,0,,,,23.68974,0.92848,1
1785663350249469815,1997,1,0.031373,552.500,193.500,23.54784,-0.73286,0
1785663350268472290,1998,1,0.031373,553.500,201.500,23.48471,-1.25936,0
1785663350288674087,1999,0,,,,23.45927,-1.25936,1
1785663350309530377,2000,1,0.117647,548.500,202.500,23.31467,-2.56547,0
1785663350328873807,2001,0,0.117647,548.500,202.500,23.26504,-2.56547,1
1785663350348679816,2002,1,0.035294,553.500,201.500,23.29875,-1.65273,0
1785663350368522575,2003,1,0.047059,553.500,201.500,23.32756,-0.96498,0
1785663350388623748,2004,1,0.039216,560.500,199.500,23.48803,1.16307,0
1785663350408794628,2005,1,0.039216,556.500,195.500,23.56506,1.82745,0
1785663350428777093,2006,1,0.039216,553.500,201.500,23.57498,1.48861,0
1785663350448887599,2007,1,0.031373,551.500,197.500,23.53672,0.61008,0
1785663350468673775,2008,1,0.070588,559.500,199.500,23.62924,1.64854,0
1785663350492171372,2009,0,,,,23.66798,1.64854,1
1785663350513383200,2010,0,,,,23.70295,1.64854,1
1785663350532138928,2011,1,0.031373,555.500,201.500,23.63337,0.58883,0
1785663350552538765,2012,0,0.031373,555.500,201.500,23.64538,0.58883,1
1785663350573244890,2013,1,0.050980,553.500,195.500,23.55483,-0.44775,0
1785663350593066649,2014,1,0.043137,552.500,197.500,23.47713,-1.18243,0
1785663350614786888,2015,0,,,,23.45145,-1.18243,1
1785663350632581293,2016,1,0.035294,554.500,201.500,23.44606,-1.00720,0
1785663350652636966,2017,1,0.047059,555.500,201.500,23.46525,-0.55442,0
1785663350672775763,2018,1,0.050980,555.500,198.500,23.48562,-0.17488,0
1785663350692523439,2019,0,,,,23.48217,-0.17488,1
1785663350716359491,2020,0,,,,23.47800,-0.17488,1
1785663350732781493,2021,1,0.039216,555.500,200.500,23.51834,0.28367,0
1785663350752805958,2022,1,0.066667,556.500,195.500,23.56413,0.71519,0
1785663350772854048,2023,0,,,,23.57847,0.71519,1
1785663350792586266,2024,0,,,,23.59258,0.71519,1
1785663350812556190,2025,1,0.066667,553.500,198.500,23.53246,-0.03488,0
1785663350832662904,2026,1,0.066667,555.500,195.500,23.54073,0.05938,0
1785663350852605995,2027,1,0.054902,552.500,197.500,23.49013,-0.53129,0
1785663350872382254,2028,1,0.043137,555.500,195.500,23.50038,-0.27780,0
1785663350892473802,2029,1,0.031373,555.500,201.500,23.51247,-0.05331,0
1785663350912614641,2030,0,,,,23.51140,-0.05331,1
1785663350933092894,2031,1,0.054902,554.500,201.500,23.50692,-0.09349,0
1785663350952917861,2032,0,,,,23.50507,-0.09349,1
1785663350972508622,2033,1,0.031373,553.500,195.500,23.47903,-0.35866,0
1785663350992453171,2034,0,,,,23.47188,-0.35866,1
1785663351012549386,2035,0,,,,23.46467,-0.35866,1
1785663351032378144,2036,1,0.039216,559.500,195.500,23.62755,1.28882,0
1785663351052304902,2037,1,0.043137,555.500,195.500,23.62785,1.02955,0
1785663351072810529,2038,0,,,,23.64896,1.02955,1
1785663351092568830,2039,0,,,,23.66930,1.02955,1
1785663351112678170,2040,1,0.031373,554.500,201.500,23.59731,0.09466,0
1785663351136759094,2041,0,,,,23.59959,0.09466,1
1785663351162494168,2042,1,0.035294,553.500,201.500,23.51360,-0.79482,0
1785663351176887649,2043,0,0.035294,553.500,201.500,23.50216,-0.79482,1
1785663351196735907,2044,1,0.035294,553.500,196.500,23.45815,-1.09121,0
1785663351216953745,2045,1,0.035294,552.500,193.500,23.40874,-1.39636,0
1785663351236687130,2046,1,0.058824,556.500,196.500,23.44842,-0.59250,0
1785663351261606421,2047,0,,,,23.43365,-0.59250,1
1785663351277199222,2048,0,,,,23.42442,-0.59250,1
1785663351297025648,2049,1,0.054902,555.500,201.500,23.48737,0.20391,0
1785663351316878906,2050,0,,,,23.49142,0.20391,1
1785663351336556292,2051,0,,,,23.49544,0.20391,1
1785663351356859587,2052,0,,,,23.49958,0.20391,1
1785663351376776137,2053,1,0.070588,553.500,193.500,23.48054,0.00535,0
1785663351396628812,2054,1,0.058824,554.500,193.500,23.49527,0.14319,0
1785663351416630528,2055,1,0.050980,553.500,201.500,23.48505,0.00091,0
1785663351437309486,2056,0,,,,23.48507,0.00091,1
1785663351456550251,2057,0,,,,23.48509,0.00091,1
1785663351478258658,2058,0,,,,23.48511,0.00091,1
1785663351496384725,2059,1,0.082353,555.500,187.500,23.53472,0.47412,0
1785663351516404524,2060,1,0.035294,553.500,201.500,23.51140,0.14610,0
1785663351536650362,2061,0,,,,23.51436,0.14610,1
1785663351556471245,2062,0,,,,23.51726,0.14610,1
1785663351581451744,2063,0,,,,23.52091,0.14610,1
1785663351600633593,2064,0,,,,,,0
1785663351621931503,2065,0,,,,,,0
1785663351636700230,2066,1,0.074510,559.500,198.500,23.72389,0.00000,0
1785663351656960068,2067,0,,,,23.72389,0.00000,1
1785663351676842784,2068,1,0.050980,549.500,201.500,23.32195,-9.21658,0
1785663351696703918,2069,1,0.035294,560.500,195.500,23.31965,-5.66530,0
1785663351717726748,2070,1,0.031373,553.500,200.500,23.21906,-5.35091,0
1785663351736442518,2071,1,0.090196,559.500,198.500,23.32469,-2.20901,0
1785663351760685899,2072,0,,,,23.27114,-2.20901,1
1785663351780846571,2073,1,0.035294,554.500,203.500,23.34240,-0.82966,0
1785663351806277857,2074,0,,,,23.32130,-0.82966,1
1785663351821543370,2075,1,0.035294,560.500,198.500,23.57200,1.99628,0
1785663351845083133,2076,0,,,,23.61900,1.99628,1
1785663351860519019,2077,1,0.117647,550.500,202.500,23.50816,0.51008,0
1785663351880551943,2078,1,0.121569,553.500,184.500,23.50288,0.34084,0
1785663351900485409,2079,0,,,,23.50967,0.34084,1
1785663351920411583,2080,1,0.039216,554.500,200.500,23.51837,0.36213,0
1785663351943042522,2081,1,0.113725,556.500,194.500,23.56644,0.82026,0
1785663351963785355,2082,0,,,,23.58345,0.82026,1
1785663351980292231,2083,1,0.035294,559.500,194.500,23.68180,1.79112,0
1785663352000547693,2084,1,0.086275,561.500,198.500,23.79103,2.63485,0
1785663352021598315,2085,0,,,,23.84650,2.63485,1
1785663352039547384,2086,1,0.031373,549.500,201.500,23.62470,-0.42003,0
1785663352060250176,2087,0,,,,23.61601,-0.42003,1
1785663352080569763,2088,0,,,,23.60747,-0.42003,1
1785663352099807736,2089,1,0.035294,555.500,203.500,23.55454,-0.86283,0
1785663352122072512,2090,1,0.050980,560.500,199.500,23.64415,0.26287,0
1785663352142208393,2091,1,0.031373,554.500,194.500,23.58918,-0.41918,0
1785663352160190254,2092,0,,,,23.58165,-0.41918,1
1785663352180156678,2093,0,,,,23.57328,-0.41918,1
1785663352200712262,2094,0,,,,23.56466,-0.41918,1
1785663352221536928,2095,1,0.035294,553.500,201.500,23.48230,-1.11550,0
1785663352240177157,2096,0,,,,23.46150,-1.11550,1
1785663352266411643,2097,1,0.035294,553.500,201.500,23.43300,-1.10810,0
1785663352283780593,2098,1,0.047059,559.500,200.500,23.55165,0.34998,0
1785663352300340385,2099,0,0.047059,559.500,200.500,23.55745,0.34998,1
1785663352320967136,2100,0,,,,23.56467,0.34998,1
1785663352341777260,2101,1,0.035294,553.500,201.500,23.51174,-0.27723,0
1785663352361756933,2102,1,0.129412,554.500,192.500,23.50189,-0.32376,0
1785663352380498662,2103,1,0.035294,554.500,201.500,23.49485,-0.33494,0
1785663352404103299,2104,0,,,,23.48695,-0.33494,1
1785663352425922621,2105,0,,,,23.47964,-0.33494,1
1785663352444077147,2106,1,0.050980,553.500,201.500,23.46245,-0.45132,0
1785663352464435484,2107,1,0.090196,555.500,203.500,23.49673,0.01349,0
1785663352484993902,2108,0,,,,23.49701,0.01349,1
1785663352504436956,2109,0,,,,23.49727,0.01349,1
1785663352524793210,2110,1,0.086275,560.500,198.500,23.67409,1.79063,0
1785663352544932590,2111,0,0.086275,560.500,198.500,23.71015,1.79063,1
1785663352564438769,2112,1,0.121569,560.500,198.500,23.80073,2.35313,0
1785663352586427964,2113,1,0.031373,555.500,203.500,23.72984,1.02803,0
1785663352605090276,2114,0,,,,23.74903,1.02803,1
1785663352626539102,2115,0,,,,23.77108,1.02803,1
1785663352644393173,2116,0,,,,23.78943,1.02803,1
1785663352668063309,2117,0,,,,,,0
1785663352685047347,2118,1,0.062745,553.500,201.500,23.46271,0.00000,0
1785663352705275102,2119,0,,,,23.46271,0.00000,1
1785663352724346118,2120,0,,,,23.46271,0.00000,1
1785663352745371281,2121,1,0.054902,560.500,199.500,23.75587,4.69153,0
1785663352764450464,2122,0,,,,23.84538,4.69153,1
1785663352784742094,2123,1,0.062745,550.500,203.500,23.62047,0.63754,0
1785663352804402854,2124,1,0.039216,554.500,199.500,23.57719,-0.05133,0
1785663352824663567,2125,0,,,,23.57615,-0.05133,1
1785663352844469868,2126,0,,,,23.57513,-0.05133,1
1785663352865271617,2127,1,0.031373,555.500,197.500,23.55626,-0.23299,0
1785663352884693796,2128,1,0.047059,559.500,194.500,23.63559,0.64646,0
1785663352905105299,2129,0,,,,23.64878,0.64646,1
1785663352925663217,2130,1,0.039216,555.500,201.500,23.61393,0.12150,0
1785663352945085105,2131,0,,,,23.61629,0.12150,1
1785663352964912989,2132,0,,,,23.61870,0.12150,1
1785663352984774997,2133,0,,,,23.62111,0.12150,1
1785663353005094043,2134,0,,,,,,0
1785663353024956926,2135,1,0.043137,553.500,201.500,23.46271,0.00000,0
1785663353048124943,2136,0,,,,23.46271,0.00000,1
1785663353069135523,2137,0,,,,23.46271,0.00000,1
1785663353088044083,2138,1,0.050980,553.500,201.500,23.46271,0.00000,0
1785663353109196995,2139,0,0.050980,553.500,201.500,23.46271,0.00000,1
1785663353128364261,2140,1,0.066667,559.500,199.500,23.65920,2.41828,0
1785663353148373559,2141,1,0.031373,553.500,201.500,23.59912,1.10647,0
1785663353174112592,2142,0,0.031373,553.500,201.500,23.62760,1.10647,1
1785663353190585468,2143,0,,,,23.64582,1.10647,1
1785663353209256322,2144,0,,,,23.66648,1.10647,1
1785663353229006040,2145,0,,,,,,0
1785663353248172722,2146,1,0.031373,555.500,201.500,23.54949,0.00000,0
1785663353269002762,2147,1,0.066667,553.500,201.500,23.48000,-2.51010,0
1785663353288035279,2148,1,0.070588,558.500,194.500,23.54350,0.63583,0
1785663353308652988,2149,1,0.031373,549.500,201.500,23.39286,-2.83390,0
1785663353328489622,2150,0,,,,23.33665,-2.83390,1
1785663353348011842,2151,1,0.035294,556.500,195.500,23.42765,-0.82736,0
1785663353367940642,2152,1,0.054902,553.500,200.500,23.42172,-0.69646,0
1785663353387952857,2153,1,0.031373,549.500,201.500,23.33843,-1.53378,0
1785663353411243289,2154,1,0.039216,554.500,197.500,23.36560,-0.76693,0
1785663353428049828,2155,1,0.054902,554.500,201.500,23.40282,-0.14330,0
1785663353449152283,2156,0,,,,23.39979,-0.14330,1
1785663353469004958,2157,1,0.047059,556.500,201.500,23.49787,1.04240,0
1785663353488808342,2158,1,0.054902,549.500,201.500,23.43229,0.03307,0
1785663353509159762,2159,1,0.176471,560.500,193.500,23.57693,1.76514,0
1785663353529522266,2160,1,0.035294,555.500,203.500,23.61613,1.80561,0
1785663353549861728,2161,1,0.047059,549.500,181.500,23.53667,0.33414,0
1785663353569147117,2162,1,0.047059,553.500,201.500,23.51617,-0.01086,0
1785663353592774587,2163,0,,,,23.51591,-0.01086,1
1785663353608796259,2164,1,0.047059,553.500,195.500,23.48867,-0.33492,0
1785663353628614518,2165,1,0.043137,554.500,203.500,23.48727,-0.27322,0
1785663353648611567,2166,1,0.039216,549.500,180.500,23.39809,-1.27946,0
1785663353672289662,2167,0,,,,23.36779,-1.27946,1
1785663353693663072,2168,0,,,,23.34045,-1.27946,1
1785663353712904420,2169,1,0.109804,546.500,201.500,23.17835,-2.70712,0
1785663353734104290,2170,0,,,,23.12096,-2.70712,1
1785663353753186098,2171,0,,,,23.06930,-2.70712,1
1785663353772680902,2172,1,0.035294,554.500,201.500,23.28265,-0.21382,0
1785663353792357121,2173,1,0.070588,548.500,197.500,23.25833,-0.41521,0
1785663353814367816,2174,1,0.031373,554.500,201.500,23.35628,0.79033,0
1785663353832733881,2175,1,0.066667,552.500,201.500,23.40365,1.19056,0
1785663353852318517,2176,1,0.043137,554.500,202.500,23.47670,1.82556,0
1785663353872248483,2177,0,,,,23.51308,1.82556,1
1785663353892371823,2178,1,0.047059,553.500,201.500,23.54245,1.73746,0
1785663353912246664,2179,1,0.043137,553.500,202.500,23.55632,1.49291,0
1785663353932700042,2180,0,,,,23.58686,1.49291,1
1785663353952294886,2181,0,,,,23.61611,1.49291,1
1785663353972301560,2182,1,0.039216,553.500,201.500,23.56576,0.66919,0
1785663353992254859,2183,1,0.039216,554.500,201.500,23.55621,0.42744,0
1785663354012493697,2184,0,,,,23.56486,0.42744,1
1785663354032354247,2185,1,0.043137,559.500,198.500,23.66505,1.43057,0
1785663354052641501,2186,1,0.058824,552.500,197.500,23.59401,0.29500,0
1785663354074463573,2187,1,0.047059,560.500,199.500,23.67853,1.23257,0
1785663354093193760,2188,1,0.062745,552.500,202.500,23.60638,0.04320,0
1785663354113014061,2189,1,0.035294,549.500,201.500,23.47933,-1.59190,0
1785663354133853726,2190,0,,,,23.44615,-1.59190,1
1785663354152379914,2191,0,,,,23.41666,-1.59190,1
1785663354176344757,2192,0,,,,23.37851,-1.59190,1
1785663354194717697,2193,0,,,,,,0
1785663354212863681,2194,1,0.113725,553.500,201.500,23.46271,0.00000,0
1785663354232556524,2195,1,0.058824,561.500,198.500,23.73655,10.16026,0
1785663354252415033,2196,1,0.043137,560.500,198.500,24.11318,15.12848,0
1785663354272340332,2197,0,,,,24.41462,15.12848,1
1785663354294076863,2198,1,0.047059,560.500,198.500,24.46005,10.76150,0
1785663354316656970,2199,0,,,,24.70305,10.76150,1
1785663354337103472,2200,0,,,,24.92308,10.76150,1
1785663354356102448,2201,0,0.082353,549.500,201.500,25.12754,10.76150,1
1785663354376640408,2202,0,0.082353,549.500,201.500,,,0
1785663354397587114,2203,1,0.039216,559.500,196.500,23.72448,0.00000,0
1785663354416191385,2204,1,0.031373,556.500,193.500,23.62457,-3.79932,0
1785663354436561180,2205,1,0.031373,553.500,199.500,23.36926,-8.90702,0
1785663354460410065,2206,0,,,,23.15684,-8.90702,1
1785663354476660026,2207,0,,,,23.01210,-8.90702,1
1785663354496408286,2208,0,,,,22.83620,-8.90702,1
1785663354516347877,2209,1,0.039216,548.500,201.500,22.87412,-6.73387,0
1785663354536555507,2210,1,0.043137,555.500,201.500,23.05225,-3.60379,0
1785663354556372307,2211,1,0.062745,553.500,201.500,23.13879,-1.89859,0
1785663354576821143,2212,0,,,,23.09997,-1.89859,1
1785663354596655569,2213,0,,,,23.06231,-1.89859,1
1785663354616225913,2214,1,0.082353,560.500,198.500,23.45457,2.54740,0
1785663354636526584,2215,1,0.101961,552.500,192.500,23.51486,2.63905,0
1785663354656333760,2216,1,0.086275,561.500,198.500,23.71955,4.38908,0
1785663354677694670,2217,0,,,,23.81331,4.38908,1
1785663354696638521,2218,1,0.070588,546.500,202.500,23.59703,0.92271,0
1785663354717968473,2219,1,0.090196,559.500,198.500,23.68423,1.71169,0
1785663354738139062,2220,0,,,,23.71875,1.71169,1
1785663354756985705,2221,0,,,,23.75101,1.71169,1
1785663354776784006,2222,1,0.039216,559.500,198.500,23.78821,1.74584,0
1785663354796776846,2223,1,0.074510,560.500,198.500,23.82985,1.81722,0
1785663354818155506,2224,0,,,,23.86870,1.81722,1
1785663354836539196,2225,1,0.039216,556.500,201.500,23.77272,0.39596,0
1785663354856671869,2226,0,,,,23.78069,0.39596,1
1785663354878830562,2227,1,0.082353,559.500,198.500,23.76098,0.09124,0
1785663354896674633,2228,0,,,,23.76261,0.09124,1
1785663354916763556,2229,1,0.098039,546.500,202.500,23.41999,-3.56091,0
1785663354939137956,2230,1,0.035294,549.500,201.500,23.24265,-4.64602,0
1785663354960098661,2231,0,,,,23.14527,-4.64602,1
1785663354980868494,2232,0,,,,23.04877,-4.64602,1
1785663355001397496,2233,0,,,,22.95339,-4.64602,1
1785663355020955216,2234,1,0.062745,556.500,195.500,23.26755,-0.91141,0
1785663355040267730,2235,1,0.054902,560.500,199.500,23.49923,1.52878,0
1785663355063048500,2236,1,0.098039,554.500,199.500,23.53746,1.56657,0
1785663355082862759,2237,0,0.098039,554.500,199.500,23.56850,1.56657,1
1785663355104115254,2238,1,0.035294,559.500,198.500,23.68663,2.54321,0
1785663355124497007,2239,1,0.035294,554.500,201.500,23.65399,1.55267,0
1785663355140725052,2240,0,0.035294,554.500,201.500,23.67919,1.55267,1
1785663355161297262,2241,0,,,,23.71113,1.55267,1
1785663355180406194,2242,1,0.054902,556.500,195.500,23.68751,0.99556,0
1785663355200274036,2243,1,0.090196,549.500,197.500,23.52194,-0.98559,0
1785663355220292668,2244,1,0.043137,554.500,201.500,23.48685,-1.16123,0
1785663355240415424,2245,1,0.043137,556.500,195.500,23.49831,-0.73744,0
1785663355264430307,2246,0,,,,23.48060,-0.73744,1
1785663355281054431,2247,0,,,,23.46834,-0.73744,1
1785663355300991106,2248,0,,,,23.45364,-0.73744,1
1785663355321593649,2249,0,,,,,,0
1785663355341309242,2250,1,0.047059,549.500,201.500,23.28910,0.00000,0
1785663355360351092,2251,0,0.047059,549.500,201.500,23.28910,0.00000,1
1785663355383061822,2252,0,,,,23.28910,0.00000,1
1785663355400462480,2253,0,,,,23.28910,0.00000,1
1785663355420587277,2254,0,,,,,,0
1785663355441537192,2255,0,,,,,,0
1785663355460563875,2256,0,,,,,,0
1785663355484611466,2257,0,,,,,,0
1785663355501388339,2258,1,0.043137,557.500,195.500,23.63803,0.00000,0
1785663355520919309,2259,1,0.062745,555.500,195.500,23.56991,-2.53676,0
1785663355540633736,2260,1,0.058824,556.500,195.500,23.50113,-3.07367,0
1785663355560767867,2261,0,,,,23.43924,-3.07367,1
1785663355586119028,2262,1,0.047059,547.500,200.500,23.16329,-5.98679,0
1785663355604069639,2263,0,,,,23.05582,-5.98679,1
1785663355627252406,2264,0,,,,22.91703,-5.98679,1
1785663355644585607,2265,0,,,,22.81326,-5.98679,1
1785663355666278347,2266,1,0.035294,555.500,204.500,23.30024,-0.68832,0
1785663355685080074,2267,0,0.035294,555.500,204.500,23.28730,-0.68832,1
1785663355706493317,2268,1,0.035294,560.500,198.500,23.56932,2.02909,0
1785663355726605698,2269,0,,,,23.61013,2.02909,1
1785663355744414977,2270,0,,,,23.64626,2.02909,1
1785663355764299444,2271,1,0.090196,549.500,183.500,23.45139,-0.22456,0
1785663355785476272,2272,0,0.090196,549.500,183.500,23.44664,-0.22456,1
1785663355805616444,2273,1,0.050980,548.500,201.500,23.32020,-1.44849,0
1785663355825347788,2274,0,0.050980,548.500,201.500,23.29162,-1.44849,1
1785663355845673458,2275,1,0.047059,553.500,193.500,23.34707,-0.56277,0
1785663355868313189,2276,1,0.074510,556.500,196.500,23.45531,0.78037,0
1785663355885313809,2277,0,0.074510,556.500,196.500,23.46858,0.78037,1
1785663355904691072,2278,1,0.054902,553.500,195.500,23.48858,0.83584,0
1785663355926367813,2279,1,0.031373,553.500,201.500,23.49460,0.69523,0
1785663355944214133,2280,0,,,,23.50701,0.69523,1
1785663355964442638,2281,0,,,,23.52107,0.69523,1
1785663355986698622,2282,1,0.039216,555.500,200.500,23.55523,0.88732,0
1785663356004880356,2283,0,,,,23.57137,0.88732,1
1785663356024112371,2284,0,,,,23.58843,0.88732,1
1785663356047693258,2285,0,,,,23.60935,0.88732,1
1785663356064208717,2286,0,,,,,,0
1785663356084355973,2287,0,,,,,,0
1785663356104528895,2288,0,,,,,,0
1785663356124345404,2289,1,0.086275,554.500,199.500,23.50669,0.00000,0
1785663356146005227,2290,1,0.047059,554.500,201.500,23.50621,-0.01696,0
1785663356164376834,2291,0,0.047059,554.500,201.500,23.50590,-0.01696,1
1785663356184348217,2292,0,,,,23.50556,-0.01696,1
1785663356204686804,2293,0,,,,23.50522,-0.01696,1
1785663356228012902,2294,0,,,,,,0
1785663356248003826,2295,0,,,,,,0
1785663356269143613,2296,0,,,,,,0
1785663356288061215,2297,1,0.043137,554.500,201.500,23.50610,0.00000,0
1785663356308004014,2298,1,0.039216,549.500,201.500,23.33463,-6.32537,0
1785663356328097020,2299,1,0.054902,560.500,198.500,23.53598,2.91038,0
1785663356348974602,2300,1,0.031373,554.500,201.500,23.57640,2.48457,0
1785663356367980285,2301,1,0.074510,558.500,198.500,23.68450,3.53104,0
1785663356388118499,2302,0,,,,23.75561,3.53104,1
1785663356408081423,2303,0,,,,23.82610,3.53104,1
1785663356428458218,2304,1,0.066667,546.500,202.500,23.44809,-1.21990,0
1785663356450000668,2305,0,,,,23.42181,-1.21990,1
1785663356468337109,2306,0,,,,23.39944,-1.21990,1
1785663356488035202,2307,0,,,,23.37541,-1.21990,1
1785663356508581912,2308,0,,,,,,0
1785663356529175538,2309,0,,,,,,0
1785663356548018182,2310,0,,,,,,0
1785663356568651349,2311,1,0.054902,560.500,198.500,23.76725,0.00000,0
1785663356588224319,2312,1,0.031373,554.500,196.500,23.56325,-7.59003,0
1785663356609179775,2313,1,0.031373,549.500,201.500,23.19330,-13.45015,0
1785663356628020669,2314,1,0.058824,560.500,195.500,23.32041,-5.30557,0
1785663356648493129,2315,0,0.058824,560.500,195.500,23.21179,-5.30557,1
1785663356669263962,2316,0,,,,23.10159,-5.30557,1
1785663356688587559,2317,1,0.035294,560.500,198.500,23.45233,-0.23789,0
1785663356708101321,2318,1,0.043137,556.500,196.500,23.52409,0.58164,0
1785663356728460908,2319,1,0.109804,556.500,196.500,23.57392,1.00595,0
1785663356749512029,2320,1,0.058824,560.500,198.500,23.67854,1.99796,0
1785663356768695920,2321,1,0.070588,554.500,199.500,23.64664,1.12450,0
1785663356789244796,2322,0,,,,23.66974,1.12450,1
1785663356808136731,2323,0,,,,23.69099,1.12450,1
1785663356830851711,2324,1,0.039216,555.500,201.500,23.62515,0.16098,0
1785663356848564449,2325,0,0.039216,555.500,201.500,23.62800,0.16098,1
1785663356872074296,2326,1,0.035294,554.500,195.500,23.55892,-0.58022,0
1785663356892256843,2327,1,0.117647,556.500,195.500,23.56442,-0.39404,0
1785663356912328266,2328,1,0.098039,556.500,195.500,23.56957,-0.24081,0
1785663356932099859,2329,0,0.098039,556.500,195.500,23.56481,-0.24081,1
1785663356953044523,2330,0,,,,23.55977,-0.24081,1
1785663356972080540,2331,0,,,,23.55519,-0.24081,1
1785663356992156338,2332,0,,,,,,0
1785663357012492591,2333,0,,,,,,0
1785663357032918969,2334,0,,,,,,0
1785663357052184817,2335,1,0.062745,554.500,193.500,23.50847,0.00000,0
1785663357072134908,2336,1,0.078431,553.500,192.500,23.47441,-1.25613,0
1785663357092366746,2337,1,0.035294,555.500,201.500,23.50610,0.34445,0
1785663357113322202,2338,0,,,,23.51332,0.34445,1
1785663357133450791,2339,0,,,,23.52025,0.34445,1
1785663357152173561,2340,1,0.039216,549.500,195.500,23.32479,-2.13518,0
1785663357172204442,2341,0,0.039216,549.500,195.500,23.28202,-2.13518,1
1785663357192321365,2342,0,,,,23.23907,-2.13518,1
1785663357213506652,2343,0,,,,23.19384,-2.13518,1
1785663357232346962,2344,0,,,,,,0
1785663357252417219,2345,0,,,,,,0
1785663357272260561,2346,0,,,,,,0
1785663357293254808,2347,0,,,,,,0
1785663357313383397,2348,0,,,,,,0
1785663357333476403,2349,1,0.039216,559.500,194.500,23.72507,0.00000,0
1785663357352558794,2350,1,0.043137,553.500,194.500,23.52221,-7.63234,0
1785663357373790164,2351,0,0.043137,553.500,194.500,23.36016,-7.63234,1
1785663357392614724,2352,1,0.070588,546.500,200.500,23.03749,-11.04196,0
1785663357412442900,2353,0,,,,22.81854,-11.04196,1
1785663357432262034,2354,0,,,,22.59970,-11.04196,1
1785663357458391729,2355,1,0.039216,555.500,203.500,23.11893,-2.81088,0
1785663357474372152,2356,0,0.039216,555.500,203.500,23.07401,-2.81088,1
1785663357496212515,2357,1,0.031373,559.500,198.500,23.43350,1.31412,0
1785663357516296188,2358,0,0.031373,559.500,198.500,23.45989,1.31412,1
1785663357537128853,2359,1,0.047059,553.500,193.500,23.49039,1.34605,0
1785663357556288244,2360,0,0.047059,553.500,193.500,23.51618,1.34605,1
1785663357576323792,2361,1,0.074510,554.500,195.500,23.55332,1.45311,0
1785663357596122801,2362,1,0.035294,553.500,201.500,23.53929,0.97886,0
1785663357616481222,2363,0,0.035294,553.500,201.500,23.55922,0.97886,1
1785663357636522312,2364,1,0.035294,553.500,201.500,23.53697,0.50647,0
1785663357656750941,2365,1,0.113725,555.500,198.500,23.55345,0.57841,0
1785663357676476743,2366,0,0.113725,555.500,198.500,23.56486,0.57841,1
1785663357696657248,2367,0,,,,23.57654,0.57841,1
1785663357729308795,2368,0,,,,23.59542,0.57841,1
1785663357747351905,2369,0,,,,,,0
1785663357765942843,2370,0,,,,,,0
1785663357785758185,2371,1,0.031373,549.500,201.500,23.28910,0.00000,0
1785663357805604152,2372,1,0.070588,559.500,198.500,23.63215,12.68305,0
1785663357828442214,2373,0,,,,23.92180,12.68305,1
1785663357849267879,2374,1,0.054902,553.500,195.500,23.77418,5.36588,0
1785663357868734683,2375,0,0.054902,553.500,195.500,23.87864,5.36588,1
1785663357888123613,2376,1,0.050980,553.500,201.500,23.75053,2.45028,0
1785663357908605990,2377,1,0.043137,555.500,195.500,23.71698,1.45785,0
1785663357928197918,2378,1,0.031373,554.500,201.500,23.66069,0.44368,0
1785663357950650026,2379,0,,,,23.67065,0.44368,1
1785663357968321723,2380,0,,,,23.67849,0.44368,1
1785663357988410354,2381,0,,,,23.68740,0.44368,1
1785663358008274112,2382,0,,,,,,0
1785663358028679490,2383,1,0.101961,553.500,195.500,23.46448,0.00000,0
1785663358048147169,2384,0,0.101961,553.500,195.500,23.46448,0.00000,1
1785663358068567131,2385,1,0.031373,555.500,193.500,23.54518,1.86022,0
1785663358088284474,2386,0,,,,23.58186,1.86022,1
1785663358108581061,2387,1,0.058824,560.500,199.500,23.80055,4.59682,0
1785663358128906523,2388,1,0.047059,554.500,201.500,23.77424,2.95812,0
1785663358149042112,2389,1,0.078431,560.500,198.500,23.86071,3.31165,0
1785663358170155358,2390,1,0.035294,554.500,201.500,23.79578,1.57445,0
1785663358190168740,2391,0,,,,23.82729,1.57445,1
1785663358209950250,2392,1,0.105882,556.500,195.500,23.74570,0.25722,0
1785663358234327671,2393,0,,,,23.75197,0.25722,1
1785663358250083054,2394,0,,,,23.75602,0.25722,1
1785663358276319123,2395,0,,,,23.76277,0.25722,1
1785663358301567369,2396,1,0.039216,553.500,201.500,23.53149,-1.78276,0
1785663358321372503,2397,0,,,,23.49618,-1.78276,1
1785663358341781965,2398,1,0.039216,554.500,198.500,23.46658,-1.71788,0
1785663358365481976,2399,1,0.043137,560.500,197.500,23.57802,-0.07831,0
1785663358382524763,2400,1,0.050980,561.500,198.500,23.67612,1.09867,0
1785663358400593914,2401,0,0.050980,561.500,198.500,23.69597,1.09867,1
1785663358420280050,2402,1,0.047059,555.500,201.500,23.65166,0.31224,0
1785663358440214099,2403,0,,,,23.65788,0.31224,1
1785663358460468687,2404,1,0.078431,549.500,201.500,23.45670,-1.98379,0
1785663358480741066,2405,1,0.043137,553.500,201.500,23.40028,-2.16608,0
1785663358500452868,2406,0,,,,23.35759,-2.16608,1
1785663358520377292,2407,0,,,,23.31443,-2.16608,1
1785663358540642380,2408,1,0.101961,558.500,195.500,23.47988,-0.02776,0
1785663358560522763,2409,1,0.074510,556.500,195.500,23.53583,0.56929,0
1785663358580912392,2410,0,,,,23.54743,0.56929,1
1785663358606315511,2411,0,,,,23.56190,0.56929,1
1785663358620485410,2412,0,,,,23.56996,0.56929,1
1785663358640957287,2413,1,0.039216,556.500,195.500,23.60565,0.79178,0
1785663358660643423,2414,1,0.039216,551.500,196.500,23.51157,-0.28888,0
1785663358680829469,2415,0,,,,23.50574,-0.28888,1
1785663358701254389,2416,1,0.039216,554.500,202.500,23.49665,-0.32337,0
1785663358720965024,2417,0,,,,23.49028,-0.32337,1
1785663358742368183,2418,1,0.129412,548.500,187.500,23.34018,-1.86539,0
1785663358762182067,2419,1,0.043137,552.500,196.500,23.32248,-1.64953,0
1785663358784924839,2420,1,0.058824,555.500,204.500,23.37128,-0.61761,0
1785663358805123135,2421,1,0.035294,554.500,201.500,23.40996,0.02139,0
1785663358824961227,2422,1,0.050980,553.500,201.500,23.43233,0.30210,0
1785663358849288274,2423,0,,,,23.43968,0.30210,1
1785663358866029772,2424,1,0.035294,555.500,201.500,23.50801,1.05861,0
1785663358891110270,2425,0,,,,23.53456,1.05861,1
1785663358907599479,2426,1,0.050980,556.500,195.500,23.60295,1.61829,0
1785663358928396811,2427,0,,,,23.63660,1.61829,1
1785663358946142800,2428,0,,,,23.66532,1.61829,1
1785663358966020266,2429,1,0.074510,555.500,201.500,23.63891,1.05050,0
1785663358986376645,2430,0,,,,23.66030,1.05050,1
1785663359004681169,2431,0,,,,23.67953,1.05050,1
1785663359024465303,2432,1,0.035294,554.500,201.500,23.59532,0.07741,0
1785663359044397602,2433,1,0.039216,553.500,201.500,23.53124,-0.57978,0
1785663359064775272,2434,1,0.031373,553.500,201.500,23.48444,-0.97308,0
1785663359084985819,2435,0,,,,23.46478,-0.97308,1
1785663359104276750,2436,0,,,,23.44600,-0.97308,1
1785663359124291007,2437,1,0.047059,555.500,194.500,23.48172,-0.38949,0
1785663359144685593,2438,1,0.035294,553.500,202.500,23.46033,-0.53482,0
1785663359164300854,2439,1,0.058824,555.500,197.500,23.48444,-0.13641,0
1785663359185245810,2440,1,0.062745,554.500,203.500,23.48928,-0.04223,0
1785663359204504658,2441,0,,,,23.48847,-0.04223,1
1785663359224094252,2442,1,0.050980,551.500,202.500,23.42817,-0.74475,0
1785663359244202717,2443,1,0.031373,553.500,201.500,23.42232,-0.63727,0
1785663359264724760,2444,1,0.035294,547.500,199.500,23.31528,-1.77370,0
1785663359284276147,2445,0,,,,23.28060,-1.77370,1
1785663359307525413,2446,0,,,,23.23936,-1.77370,1
1785663359324367160,2447,1,0.160784,554.500,197.500,23.35388,-0.24885,0
1785663359344261543,2448,1,0.047059,555.500,201.500,23.44545,0.78556,0
1785663359364450215,2449,0,0.047059,555.500,201.500,23.46131,0.78556,1
1785663359384302015,2450,0,,,,23.47691,0.78556,1
1785663359408062401,2451,1,0.062745,553.500,195.500,23.48732,0.70338,0
1785663359428241740,2452,0,0.062745,553.500,195.500,23.50151,0.70338,1
1785663359448025874,2453,0,,,,23.51543,0.70338,1
1785663359468033714,2454,0,,,,23.52950,0.70338,1
1785663359490310032,2455,0,,,,,,0
1785663359509260133,2456,0,,,,,,0
1785663359528151193,2457,1,0.043137,559.500,198.500,23.72389,0.00000,0
1785663359548052576,2458,0,,,,23.72389,0.00000,1
1785663359568054583,2459,1,0.031373,554.500,203.500,23.52218,-4.64823,0
1785663359588224880,2460,0,0.031373,554.500,203.500,23.42842,-4.64823,1
1785663359608069389,2461,1,0.070588,554.500,192.500,23.40172,-3.65707,0
1785663359628850138,2462,0,,,,23.32573,-3.65707,1
1785663359648651188,2463,0,,,,23.25331,-3.65707,1
1785663359668339657,2464,0,,,,23.18131,-3.65707,1
1785663359688529287,2465,0,,,,,,0
1785663359708493795,2466,0,,,,,,0
1785663359728243596,2467,0,,,,,,0
1785663359748683557,2468,1,0.047059,554.500,201.500,23.50610,0.00000,0
1785663359769328974,2469,1,0.062745,553.500,201.500,23.47145,-1.25728,0
1785663359788890277,2470,0,0.062745,553.500,201.500,23.44686,-1.25728,1
1785663359808600912,2471,0,,,,23.42207,-1.25728,1
1785663359828618086,2472,1,0.031373,559.500,196.500,23.67955,2.69827,0
1785663359848615426,2473,0,0.031373,559.500,196.500,23.73351,2.69827,1
1785663359868568142,2474,1,0.035294,549.500,201.500,23.50662,-0.39905,0
1785663359889896177,2475,0,,,,23.49811,-0.39905,1
1785663359909966601,2476,1,0.050980,553.500,201.500,23.46748,-0.63160,0
1785663359928688495,2477,0,0.050980,553.500,201.500,23.45566,-0.63160,1
1785663359948417214,2478,1,0.047059,553.500,201.500,23.44038,-0.66068,0
1785663359968727509,2479,0,,,,23.42696,-0.66068,1
1785663359988849682,2480,1,0.047059,554.500,201.500,23.45203,-0.25903,0
1785663360008627691,2481,1,0.039216,559.500,194.500,23.57344,1.13475,0
1785663360028554740,2482,1,0.035294,552.500,193.500,23.54072,0.48110,0
1785663360052036004,2483,0,,,,23.55202,0.48110,1
1785663360072699796,2484,1,0.047059,550.500,201.500,23.43981,-0.93804,0
1785663360093600711,2485,0,,,,23.42021,-0.93804,1
1785663360112230148,2486,0,,,,23.40273,-0.93804,1
1785663360132980565,2487,1,0.078431,560.500,199.500,23.63109,1.51029,0
1785663360152145205,2488,0,0.078431,560.500,199.500,23.66003,1.51029,1
1785663360172336502,2489,1,0.043137,557.500,195.500,23.69470,1.55173,0
1785663360192199969,2490,1,0.058824,554.500,193.500,23.65181,0.76667,0
1785663360212567722,2491,1,0.035294,554.500,201.500,23.61137,0.11345,0
1785663360232808018,2492,1,0.054902,554.500,199.500,23.57141,-0.41131,0
1785663360252851442,2493,0,,,,23.56317,-0.41131,1
1785663360272734158,2494,1,0.031373,556.500,201.500,23.56635,-0.27632,0
1785663360292688332,2495,1,0.031373,561.500,198.500,23.67061,1.02047,0
1785663360312380593,2496,1,0.035294,552.500,193.500,23.59362,-0.15360,0
1785663360332391058,2497,0,,,,23.59055,-0.15360,1
1785663360357208725,2498,0,,,,23.58674,-0.15360,1
1785663360372395072,2499,0,,,,23.58441,-0.15360,1
1785663360392267872,2500,1,0.047059,553.500,201.500,23.49160,-1.00634,0
1785663360412916539,2501,1,0.043137,556.500,204.500,23.51261,-0.59085,0
1785663360432939838,2502,1,0.043137,553.500,202.500,23.47316,-0.89505,0
1785663360452555974,2503,0,,,,23.45561,-0.89505,1
1785663360473244557,2504,0,,,,23.43709,-0.89505,1
1785663360492790069,2505,1,0.031373,553.500,201.500,23.42411,-0.84766,0
1785663360513191947,2506,1,0.050980,555.500,201.500,23.46076,-0.26677,0
1785663360533895697,2507,1,0.050980,554.500,197.500,23.47337,-0.05761,0
1785663360552790548,2508,1,0.070588,555.500,196.500,23.50359,0.32504,0
1785663360573132344,2509,1,0.035294,554.500,202.500,23.51360,0.36807,0
1785663360593018560,2510,1,0.062745,554.500,200.500,23.52103,0.36958,0
1785663360613150066,2511,1,0.054902,547.500,199.500,23.40249,-1.25968,0
1785663360633579527,2512,0,,,,23.37675,-1.25968,1
1785663360652466504,2513,1,0.035294,560.500,198.500,23.54409,1.01179,0
1785663360672483969,2514,1,0.070588,553.500,201.500,23.53588,0.67783,0
1785663360696962431,2515,0,,,,23.55248,0.67783,1
1785663360716737232,2516,1,0.050980,554.500,201.500,23.54904,0.48843,0
1785663360736712989,2517,0,,,,23.55880,0.48843,1
1785663360758387229,2518,0,,,,23.56938,0.48843,1
1785663360776980209,2519,1,0.062745,554.500,200.500,23.54295,0.14004,0
1785663360796899967,2520,1,0.050980,553.500,201.500,23.50667,-0.26106,0
1785663360820877767,2521,0,,,,23.50041,-0.26106,1
1785663360836801857,2522,0,,,,23.49625,-0.26106,1
1785663360856879113,2523,1,0.039216,555.500,201.500,23.52293,0.06272,0
1785663360876276793,2524,1,0.031373,553.500,201.500,23.49506,-0.24440,0
1785663360896646880,2525,1,0.039216,554.500,199.500,23.49309,-0.20991,0
1785663360917095007,2526,0,,,,23.48880,-0.20991,1
1785663360938798081,2527,1,0.054902,549.500,201.500,23.37321,-1.48848,0
1785663360956289738,2528,0,,,,23.34717,-1.48848,1
1785663360976282120,2529,1,0.070588,560.500,198.500,23.53922,0.94345,0
1785663360996479250,2530,1,0.054902,556.500,196.500,23.59298,1.33315,0
1785663361016254343,2531,1,0.094118,555.500,196.500,23.61291,1.25716,0
1785663361036328974,2532,1,0.050980,554.500,201.500,23.60454,0.84137,0
1785663361056488188,2533,0,,,,23.62150,0.84137,1
1785663361076534528,2534,1,0.050980,555.500,198.500,23.60980,0.50447,0
1785663361096525160,2535,1,0.031373,555.500,201.500,23.59688,0.23404,0
1785663361116647333,2536,0,,,,23.60158,0.23404,1
1785663361137201167,2537,1,0.035294,555.500,199.500,23.58087,-0.05417,0
1785663361156458849,2538,1,0.031373,556.500,198.500,23.58523,0.00770,0
1785663361176613979,2539,1,0.039216,547.500,201.500,23.42291,-1.93250,0
1785663361196661194,2540,1,0.066667,546.500,202.500,23.25990,-3.47346,0
1785663361216511536,2541,1,0.039216,556.500,195.500,23.29796,-2.11468,0
1785663361236806665,2542,1,0.074510,555.500,196.500,23.34047,-1.01790,0
1785663361256675382,2543,1,0.035294,553.500,201.500,23.36125,-0.48986,0
1785663361276663972,2544,0,,,,23.35146,-0.48986,1
1785663361297302681,2545,1,0.050980,560.500,198.500,23.55644,2.04822,0
1785663361316749944,2546,1,0.050980,555.500,201.500,23.61238,2.23689,0
1785663361340346123,2547,0,,,,23.66516,2.23689,1
1785663361360528962,2548,1,0.031373,555.500,201.500,23.67497,1.83938,0
1785663361381008131,2549,1,0.035294,552.500,197.500,23.60992,0.66602,0
1785663361400496226,2550,1,0.031373,553.500,201.500,23.56576,-0.01521,0
1785663361421392766,2551,1,0.035294,553.500,200.500,23.52250,-0.54819,0
1785663361440779071,2552,1,0.066667,554.500,193.500,23.50155,-0.67942,0
1785663361461456863,2553,0,,,,23.48750,-0.67942,1
1785663361484554589,2554,1,0.043137,554.500,201.500,23.47431,-0.65016,0
1785663361500676885,2555,1,0.054902,553.500,201.500,23.45198,-0.78927,0
1785663361520569810,2556,1,0.039216,558.500,195.500,23.52677,0.30392,0
1785663361541596723,2557,0,,,,23.53316,0.30392,1
1785663361560773030,2558,0,,,,23.53899,0.30392,1
1785663361580443415,2559,0,,,,23.54497,0.30392,1
1785663361600433464,2560,1,0.058824,552.500,201.500,23.46494,-0.51022,0
1785663361620671719,2561,1,0.070588,549.500,197.500,23.35922,-1.45584,0
1785663361641541426,2562,1,0.043137,554.500,198.500,23.38150,-0.87477,0
1785663361661483350,2563,1,0.082353,554.500,198.500,23.40854,-0.33903,0
1785663361685895646,2564,0,,,,23.40026,-0.33903,1
1785663361701083451,2565,0,,,,23.39512,-0.33903,1
1785663361720767253,2566,1,0.035294,553.500,201.500,23.42813,0.08875,0
1785663361741935582,2567,0,,,,23.43001,0.08875,1
1785663361760934557,2568,0,,,,23.43170,0.08875,1
1785663361780564985,2569,1,0.035294,554.500,203.500,23.48544,0.58000,0
1785663361800573700,2570,1,0.054902,557.500,203.500,23.57862,1.39923,0
1785663361820599040,2571,1,0.050980,554.500,202.500,23.58707,1.18076,0
1785663361840544756,2572,1,0.047059,553.500,195.500,23.56992,0.68633,0
1785663361863254361,2573,0,,,,23.58551,0.68633,1
1785663361884506439,2574,1,0.086275,549.500,201.500,23.44530,-1.13750,0
1785663361903041169,2575,1,0.050980,554.500,197.500,23.44165,-0.93203,0
1785663361920736408,2576,1,0.031373,556.500,200.500,23.48068,-0.26027,0
1785663361940531334,2577,0,,,,23.47553,-0.26027,1
1785663361965560748,2578,0,,,,23.46902,-0.26027,1
1785663361985236675,2579,0,,,,23.46389,-0.26027,1
1785663362009185809,2580,0,,,,,,0
1785663362024262324,2581,1,0.082353,555.500,195.500,23.55126,0.00000,0
1785663362044969574,2582,0,,,,23.55126,0.00000,1
1785663362064333129,2583,1,0.062745,555.500,194.500,23.55154,0.00628,0
1785663362084414177,2584,1,0.058824,552.500,193.500,23.46221,-1.74793,0
1785663362104605849,2585,1,0.035294,554.500,201.500,23.43214,-1.65877,0
1785663362124364900,2586,1,0.031373,560.500,195.500,23.55989,0.78771,0
1785663362144400740,2587,1,0.062745,553.500,194.500,23.53680,0.24436,0
1785663362164579787,2588,1,0.043137,553.500,201.500,23.50998,-0.17519,0
1785663362185587451,2589,0,,,,23.50630,-0.17519,1
1785663362204440303,2590,1,0.035294,554.500,198.500,23.50133,-0.19463,0
1785663362224391560,2591,1,0.031373,554.500,201.500,23.49796,-0.18863,0
1785663362244801897,2592,0,,,,23.49411,-0.18863,1
1785663362265034526,2593,1,0.066667,555.500,197.500,23.51917,0.13345,0
1785663362284717662,2594,1,0.066667,555.500,201.500,23.53702,0.30661,0
1785663362306482026,2595,0,,,,23.54369,0.30661,1
1785663362324752009,2596,0,,,,23.54929,0.30661,1
1785663362344511935,2597,1,0.054902,552.500,197.500,23.47614,-0.50912,0
1785663362369990762,2598,1,0.031373,560.500,198.500,23.61032,1.06220,0
1785663362384516491,2599,0,,,,23.62575,1.06220,1
1785663362404653246,2600,1,0.113725,554.500,198.500,23.59212,0.45257,0
1785663362427383768,2601,0,,,,23.60240,0.45257,1
1785663362444896425,2602,1,0.035294,553.500,199.500,23.53691,-0.35091,0
1785663362464942765,2603,0,,,,23.52988,-0.35091,1
1785663362484954688,2604,1,0.062745,553.500,201.500,23.47982,-0.80842,0
1785663362505146277,2605,1,0.047059,554.500,201.500,23.46828,-0.75550,0
1785663362525337865,2606,1,0.035294,559.500,199.500,23.55625,0.46006,0
1785663362546686192,2607,0,,,,23.56607,0.46006,1
1785663362565012674,2608,1,0.039216,552.500,201.500,23.50195,-0.38706,0
1785663362584600519,2609,1,0.031373,560.500,198.500,23.61221,0.99331,0
1785663362608483404,2610,0,,,,23.63594,0.99331,1
1785663362632370996,2611,0,,,,23.65966,0.99331,1
1785663362649030746,2612,0,,,,23.67621,0.99331,1
1785663362668594965,2613,0,,,,,,0
1785663362692521225,2614,1,0.058824,561.500,198.500,23.81062,0.00000,0
1785663362712545398,2615,1,0.035294,554.500,192.500,23.57180,-8.79297,0
1785663362729373645,2616,1,0.070588,553.500,201.500,23.21783,-15.01677,0
1785663362748421329,2617,1,0.039216,555.500,204.500,22.98391,-13.82684,0
1785663362768255337,2618,0,,,,22.70967,-13.82684,1
1785663362788507300,2619,1,0.062745,555.500,201.500,22.84907,-7.92718,0
1785663362808294934,2620,1,0.031373,554.500,203.500,22.96837,-4.45106,0
1785663362828533772,2621,1,0.031373,554.500,203.500,23.09350,-1.83725,0
1785663362853073151,2622,1,0.047059,554.500,201.500,23.22345,0.29814,0
1785663362869094823,2623,1,0.039216,554.500,200.500,23.34714,1.77842,0
1785663362888947790,2624,0,,,,23.38245,1.77842,1
1785663362908459802,2625,1,0.070588,561.500,198.500,23.65911,4.63116,0
1785663362928725181,2626,1,0.035294,554.500,201.500,23.72432,4.29505,0
1785663362949145434,2627,1,0.054902,554.500,194.500,23.75689,3.63086,0
1785663362968992109,2628,0,,,,23.82895,3.63086,1
1785663362992610080,2629,1,0.062745,556.500,200.500,23.82464,2.59712,0
1785663363009060664,2630,0,,,,23.86736,2.59712,1
1785663363029206461,2631,1,0.035294,554.500,201.500,23.74146,0.64931,0
1785663363049212843,2632,1,0.094118,555.500,195.500,23.67189,-0.27613,0
1785663363073036520,2633,1,0.039216,549.500,197.500,23.49184,-2.34041,0
1785663363088271284,2634,1,0.066667,554.500,202.500,23.43971,-2.54452,0
1785663363108307707,2635,0,,,,23.38873,-2.54452,1
1785663363128419671,2636,1,0.035294,555.500,193.500,23.39572,-1.85311,0
1785663363148282847,2637,0,,,,23.35891,-1.85311,1
1785663363168292437,2638,1,0.050980,555.500,201.500,23.40913,-0.89390,0
1785663363190992625,2639,1,0.047059,555.500,203.500,23.44795,-0.23137,0
1785663363208125244,2640,1,0.090196,553.500,201.500,23.44797,-0.18451,0
1785663363228119960,2641,1,0.094118,554.500,198.500,23.46692,0.09511,0
1785663363252512964,2642,1,0.031373,551.500,197.500,23.43152,-0.38591,0
1785663363272507971,2643,0,,,,23.42381,-0.38591,1
1785663363295643739,2644,1,0.043137,554.500,201.500,23.45661,0.10306,0
1785663363312637318,2645,0,,,,23.45836,0.10306,1
1785663363336102623,2646,0,,,,23.46078,0.10306,1
1785663363356653291,2647,1,0.054902,554.500,194.500,23.49698,0.43885,0
1785663363372575381,2648,0,,,,23.50397,0.43885,1
1785663363396433474,2649,1,0.043137,559.500,195.500,23.65213,1.80714,0
1785663363412395355,2650,0,,,,23.68098,1.80714,1
1785663363432898149,2651,1,0.133333,546.500,202.500,23.43926,-1.09861,0
1785663363452597409,2652,1,0.031373,554.500,200.500,23.43831,-0.86925,0
1785663363472422085,2653,1,0.066667,552.500,202.500,23.40565,-1.05290,0
1785663363493117376,2654,1,0.035294,554.500,200.500,23.41691,-0.63894,0
1785663363513026634,2655,0,,,,23.40419,-0.63894,1
1785663363532533980,2656,1,0.031373,553.500,201.500,23.41588,-0.35190,0
1785663363553282813,2657,0,,,,23.40858,-0.35190,1
1785663363572987531,2658,1,0.054902,560.500,198.500,23.60359,1.85899,0
1785663363594650438,2659,1,0.101961,549.500,202.500,23.50984,0.36289,0
1785663363614954900,2660,1,0.031373,554.500,202.500,23.51888,0.38248,0
1785663363634730368,2661,0,,,,23.52644,0.38248,1
1785663363652418815,2662,0,,,,23.53321,0.38248,1
1785663363672666403,2663,1,0.039216,554.500,198.500,23.52874,0.25358,0
1785663363696029085,2664,0,,,,23.53466,0.25358,1
1785663363712162464,2665,0,,,,23.53875,0.25358,1
1785663363732215804,2666,0,,,,23.54384,0.25358,1
1785663363752419350,2667,0,,,,,,0
1785663363772487190,2668,1,0.050980,560.500,199.500,23.76696,0.00000,0
1785663363792755653,2669,1,0.039216,549.500,201.500,23.38747,-13.89203,0
1785663363813513652,2670,1,0.078431,559.500,198.500,23.35635,-6.81026,0
1785663363832274630,2671,0,,,,23.22858,-6.81026,1
1785663363852991922,2672,0,,,,23.08749,-6.81026,1
1785663363879773985,2673,0,,,,22.90510,-6.81026,1
1785663363904051116,2674,1,0.062745,553.500,201.500,23.25955,-2.04454,0
1785663363924128372,2675,1,0.101961,560.500,198.500,23.51130,0.77286,0
1785663363944138838,2676,0,0.101961,560.500,198.500,23.52676,0.77286,1
1785663363970049369,2677,1,0.039216,554.500,200.500,23.53448,0.64212,0
1785663363984665513,2678,0,0.039216,554.500,200.500,23.54386,0.64212,1
1785663364004613271,2679,1,0.086275,549.500,201.500,23.41269,-0.92397,0
1785663364024729902,2680,0,0.086275,549.500,201.500,23.39411,-0.92397,1
1785663364044423912,2681,1,0.074510,548.500,178.500,23.28323,-1.92263,0
1785663364067016185,2682,0,,,,23.23980,-1.92263,1
1785663364086856193,2683,0,,,,23.20165,-1.92263,1
1785663364104540515,2684,1,0.047059,554.500,201.500,23.34830,-0.15308,0
1785663364124384441,2685,0,,,,23.34526,-0.15308,1
1785663364144480363,2686,1,0.066667,550.500,203.500,23.33231,-0.25104,0
1785663364164568703,2687,1,0.043137,549.500,201.500,23.30422,-0.49673,0
1785663364185516867,2688,1,0.070588,546.500,202.500,23.22627,-1.28624,0
1785663364208463511,2689,1,0.047059,555.500,201.500,23.32475,0.31227,0
1785663364228529393,2690,1,0.058824,554.500,201.500,23.41005,1.32757,0
1785663364248424359,2691,1,0.082353,554.500,198.500,23.48750,1.98916,0
1785663364268330700,2692,1,0.043137,548.500,202.500,23.44410,0.91401,0
1785663364288578580,2693,1,0.062745,554.500,203.500,23.49522,1.33468,0
1785663364308136675,2694,0,,,,23.52132,1.33468,1
1785663364328703926,2695,1,0.031373,553.500,201.500,23.53154,1.13162,0
1785663364348128731,2696,1,0.039216,560.500,194.500,23.67212,2.51866,0
1785663364368340736,2697,0,,,,23.72303,2.51866,1
1785663364388556532,2698,1,0.031373,554.500,201.500,23.68405,1.50675,0
1785663364408391416,2699,1,0.066667,552.500,201.500,23.60622,0.27550,0
1785663364428520297,2700,1,0.066667,553.500,201.500,23.55314,-0.42391,0
1785663364448542845,2701,1,0.039216,553.500,201.500,23.50411,-0.92644,0
1785663364468222147,2702,1,0.066667,554.500,193.500,23.48017,-0.99898,0
1785663364488295320,2703,0,,,,23.46011,-0.99898,1
1785663364509434441,2704,0,,,,23.43900,-0.99898,1
1785663364530534104,2705,0,,,,23.41792,-0.99898,1
1785663364548383174,2706,1,0.039216,551.500,197.500,23.35539,-1.42571,0
1785663364568400639,2707,1,0.043137,553.500,201.500,23.36913,-1.00613,0
1785663364589022432,2708,1,0.070588,554.500,196.500,23.40088,-0.42930,0
1785663364608582568,2709,1,0.078431,554.500,201.500,23.43213,0.04555,0
1785663364629019446,2710,0,,,,23.43306,0.04555,1
1785663364653449658,2711,1,0.074510,556.500,196.500,23.52393,1.09387,0
1785663364669694620,2712,1,0.043137,553.500,201.500,23.52624,0.91131,0
1785663364689455004,2713,0,,,,23.54425,0.91131,1
1785663364714411128,2714,1,0.047059,554.500,201.500,23.55562,0.78279,0
1785663364728595485,2715,0,,,,23.56672,0.78279,1
1785663364749474734,2716,1,0.043137,549.500,201.500,23.43495,-0.83539,0
1785663364768759540,2717,0,,,,23.41884,-0.83539,1
1785663364788798296,2718,0,,,,23.40210,-0.83539,1
1785663364808190434,2719,1,0.062745,558.500,197.500,23.55978,0.87410,0
1785663364832809770,2720,1,0.050980,554.500,196.500,23.56288,0.68227,0
1785663364852963442,2721,1,0.043137,547.500,198.500,23.42259,-1.07759,0
1785663364872921991,2722,1,0.047059,553.500,202.500,23.40869,-0.98408,0
1785663364892471336,2723,1,0.039216,554.500,202.500,23.42107,-0.58008,0
1785663364917795915,2724,0,,,,23.40638,-0.58008,1
1785663364936529351,2725,1,0.047059,553.500,201.500,23.41869,-0.30412,0
1785663364953403390,2726,1,0.039216,554.500,201.500,23.45066,0.13365,0
1785663364972515239,2727,1,0.054902,548.500,201.500,23.36849,-0.88715,0
1785663364992722161,2728,0,,,,23.35056,-0.88715,1
1785663365015659680,2729,1,0.074510,560.500,198.500,23.54666,1.59921,0
1785663365032285221,2730,0,,,,23.57325,1.59921,1
1785663365052625558,2731,1,0.047059,560.500,194.500,23.72956,2.95042,0
1785663365072435942,2732,1,0.043137,555.500,200.500,23.73240,2.32781,0
1785663365092736488,2733,0,,,,23.77965,2.32781,1
1785663365117415448,2734,1,0.054902,554.500,200.500,23.70899,0.90432,0
1785663365132468213,2735,1,0.031373,553.500,201.500,23.62322,-0.23321,0
1785663365152570552,2736,1,0.050980,554.500,199.500,23.56849,-0.83756,0
1785663365172637892,2737,1,0.043137,556.500,201.500,23.55476,-0.79903,0
1785663365192605191,2738,1,0.058824,554.500,201.500,23.51267,-1.13352,0
1785663365216391910,2739,0,,,,23.48571,-1.13352,1
1785663365235390302,2740,1,0.043137,559.500,198.500,23.57919,0.22954,0
1785663365253039541,2741,0,,,,23.58324,0.22954,1
1785663365272149349,2742,1,0.035294,553.500,198.500,23.52282,-0.47979,0
1785663365292441270,2743,1,0.074510,555.500,194.500,23.52224,-0.37785,0
1785663365312147821,2744,1,0.050980,554.500,202.500,23.50457,-0.49758,0
1785663365336627075,2745,1,0.070588,556.500,200.500,23.52663,-0.07403,0
1785663365352185710,2746,1,0.031373,554.500,201.500,23.51673,-0.18535,0
1785663365372114510,2747,0,,,,23.51303,-0.18535,1
1785663365392138975,2748,0,,,,23.50932,-0.18535,1
1785663365412387021,2749,0,,,,23.50557,-0.18535,1
1785663365434921711,2750,1,0.086275,551.500,202.500,23.40400,-1.10715,0
1785663365456210247,2751,1,0.070588,553.500,195.500,23.39908,-0.92083,0
1785663365476562959,2752,1,0.047059,555.500,196.500,23.43954,-0.26268,0
1785663365496784005,2753,1,0.043137,560.500,199.500,23.56905,1.37222,0
1785663365516618306,2754,1,0.054902,555.500,193.500,23.60057,1.42697,0
1785663365536059735,2755,1,0.078431,560.500,199.500,23.70677,2.44454,0
1785663365556904650,2756,1,0.047059,558.500,196.500,23.76669,2.56106,0
1785663365576875449,2757,0,,,,23.81784,2.56106,1
1785663365599393473,2758,1,0.094118,552.500,193.500,23.68707,0.34572,0
1785663365616309802,2759,1,0.039216,554.500,201.500,23.61521,-0.56516,0
1785663365636189602,2760,1,0.062745,559.500,197.500,23.64564,-0.06387,0
1785663365658558252,2761,1,0.031373,554.500,201.500,23.58494,-0.79982,0
1785663365678769382,2762,0,,,,23.56878,-0.79982,1
1785663365696155624,2763,1,0.043137,556.500,201.500,23.55898,-0.75116,0
1785663365716427711,2764,1,0.031373,545.500,202.500,23.33555,-3.19675,0
1785663365736885297,2765,1,0.035294,554.500,204.500,23.31487,-2.65847,0
1785663365756491517,2766,0,,,,23.26274,-2.65847,1
1785663365776800062,2767,1,0.050980,553.500,201.500,23.28698,-1.75364,0
1785663365796436323,2768,1,0.078431,554.500,199.500,23.33638,-0.77859,0
1785663365820427082,2769,0,,,,23.31770,-0.77859,1
1785663365840411672,2770,1,0.031373,553.500,201.500,23.37325,0.02396,0
1785663365859475897,2771,1,0.031373,555.500,201.500,23.45594,0.96579,0
1785663365876647766,2772,1,0.058824,554.500,198.500,23.50106,1.30560,0
1785663365896275568,2773,0,,,,23.52668,1.30560,1
1785663365919251587,2774,1,0.035294,553.500,201.500,23.53616,1.06835,0
1785663365936389331,2775,0,,,,23.55447,1.06835,1
1785663365957125748,2776,1,0.117647,560.500,194.500,23.70693,2.49593,0
1785663365976144556,2777,1,0.082353,555.500,196.500,23.70631,1.95639,0
1785663365997128803,2778,0,,,,23.74736,1.95639,1
1785663366017701096,2779,1,0.129412,559.500,195.500,23.79771,2.06955,0
1785663366036214452,2780,1,0.058824,560.500,198.500,23.84154,2.13265,0
1785663366056201876,2781,1,0.078431,555.500,197.500,23.77818,0.86311,0
1785663366076340673,2782,1,0.031373,556.500,201.500,23.72682,0.00761,0
1785663366096203556,2783,0,,,,23.72697,0.00761,1
1785663366120491395,2784,1,0.047059,559.500,199.500,23.72538,-0.01308,0
1785663366140457528,2785,0,,,,23.72512,-0.01308,1
1785663366163596587,2786,1,0.031373,554.500,202.500,23.59370,-1.43299,0
1785663366182228274,2787,1,0.086275,556.500,193.500,23.55201,-1.60025,0
1785663366200202260,2788,1,0.035294,552.500,193.500,23.45629,-2.38942,0
1785663366221354797,2789,1,0.062745,554.500,201.500,23.40857,-2.35433,0
1785663366240208066,2790,1,0.039216,553.500,201.500,23.36592,-2.33226,0
1785663366260271614,2791,1,0.058824,554.500,195.500,23.35844,-1.82525,0
1785663366280614576,2792,0,,,,23.32131,-1.82525,1
1785663366300401627,2793,1,0.039216,553.500,195.500,23.34101,-1.16261,0
1785663366321022711,2794,0,,,,23.31704,-1.16261,1
1785663366344125062,2795,1,0.062745,557.500,199.500,23.46491,0.72514,0
1785663366360848852,2796,1,0.039216,555.500,198.500,23.52411,1.24717,0
1785663366381071815,2797,1,0.066667,553.500,201.500,23.53217,1.04530,0
1785663366400723242,2798,1,0.031373,559.500,198.500,23.63906,2.11165,0
1785663366425651075,2799,0,,,,23.69170,2.11165,1
1785663366444324387,2800,0,,,,23.73113,2.11165,1
1785663366460815637,2801,1,0.050980,549.500,200.500,23.50988,-0.64458,0
1785663366481007226,2802,0,,,,23.49687,-0.64458,1
1785663366500224366,2803,1,0.121569,554.500,183.500,23.48540,-0.63520,0
1785663366521641234,2804,0,,,,23.47179,-0.63520,1
1785663366541946113,2805,0,,,,23.45890,-0.63520,1
1785663366560831298,2806,0,,,,23.44690,-0.63520,1
1785663366582007251,2807,1,0.109804,549.500,201.500,23.30541,-1.75085,0
1785663366600947311,2808,0,,,,23.27225,-1.75085,1
1785663366624627447,2809,1,0.145098,551.500,201.500,23.27493,-1.33301,0
1785663366640418413,2810,1,0.047059,553.500,201.500,23.32608,-0.58101,0
1785663366660773625,2811,0,,,,23.31425,-0.58101,1
1785663366680226721,2812,1,0.062745,553.500,201.500,23.37594,0.24927,0
1785663366700561225,2813,0,,,,23.38101,0.24927,1
1785663366720852854,2814,0,,,,23.38607,0.24927,1
1785663366750387682,2815,1,0.074510,556.500,196.500,23.54560,1.72244,0
1785663366772775665,2816,1,0.039216,555.500,201.500,23.61317,2.02784,0
1785663366792242761,2817,1,0.031373,554.500,203.500,23.62459,1.70124,0
1785663366812565306,2818,1,0.133333,555.500,193.500,23.64231,1.49031,0
1785663366832719562,2819,1,0.035294,554.500,202.500,23.62808,0.91814,0
1785663366852266865,2820,0,,,,23.64603,0.91814,1
1785663366872609827,2821,0,,,,23.66471,0.91814,1
1785663366892531626,2822,0,,,,23.68300,0.91814,1
1785663366915077649,2823,1,0.035294,549.500,201.500,23.41235,-1.82049,0
1785663366936050188,2824,0,0.035294,549.500,201.500,23.37417,-1.82049,1
1785663366952643521,2825,1,0.066667,559.500,198.500,23.55601,0.23431,0
1785663366972527405,2826,0,0.066667,559.500,198.500,23.56067,0.23431,1
1785663366992471371,2827,0,,,,23.56534,0.23431,1
1785663367015043518,2828,0,,,,23.57063,0.23431,1
1785663367033275418,2829,1,0.039216,549.500,201.500,23.36388,-1.61970,0
1785663367053032720,2830,0,0.039216,549.500,201.500,23.33188,-1.61970,1
1785663367075993072,2831,1,0.086275,554.500,201.500,23.40385,-0.58091,0
1785663367095976412,2832,1,0.039216,553.500,201.500,23.42076,-0.27910,0
1785663367115982211,2833,0,,,,23.41518,-0.27910,1
1785663367136671961,2834,0,,,,23.40941,-0.27910,1
1785663367161352004,2835,1,0.050980,556.500,195.500,23.52780,0.99488,0
1785663367177028638,2836,0,0.050980,556.500,195.500,23.54339,0.99488,1
1785663367196269695,2837,1,0.043137,559.500,198.500,23.67709,2.17264,0
1785663367216392451,2838,1,0.039216,553.500,201.500,23.63918,1.28165,0
1785663367236413707,2839,0,,,,23.66484,1.28165,1
1785663367256635629,2840,1,0.039216,554.500,194.500,23.61947,0.48016,0
1785663367277281171,2841,0,,,,23.62939,0.48016,1
1785663367297609550,2842,1,0.074510,552.500,201.500,23.52319,-0.77678,0
1785663367316353111,2843,1,0.039216,558.500,199.500,23.57463,-0.04021,0
1785663367336536242,2844,1,0.058824,555.500,195.500,23.56351,-0.16196,0
1785663367356439083,2845,1,0.043137,549.500,202.500,23.44636,-1.57291,0
1785663367376619880,2846,0,,,,23.41462,-1.57291,1
1785663367396502596,2847,0,,,,23.38334,-1.57291,1
1785663367416557395,2848,1,0.050980,554.500,200.500,23.41013,-0.95305,0
1785663367436481528,2849,0,,,,23.39115,-0.95305,1
1785663367456515909,2850,1,0.074510,556.500,193.500,23.48263,0.17507,0
1785663367476660832,2851,1,0.039216,554.500,198.500,23.49946,0.31798,0
1785663367496378175,2852,1,0.105882,556.500,193.500,23.54935,0.82430,0
1785663367516849760,2853,1,0.031373,554.500,201.500,23.55510,0.68704,0
1785663367536508771,2854,1,0.066667,553.500,193.500,23.53792,0.29553,0
1785663367556522153,2855,0,,,,23.54384,0.29553,1
1785663367576520452,2856,1,0.101961,554.500,200.500,23.53314,0.09781,0
1785663367596533834,2857,1,0.035294,553.500,195.500,23.50449,-0.26295,0
1785663367616622173,2858,0,,,,23.49921,-0.26295,1
1785663367636823970,2859,1,0.066667,559.500,198.500,23.61315,1.08293,0
1785663367658681250,2860,0,,,,23.63682,1.08293,1
1785663367677013774,2861,1,0.035294,560.500,199.500,23.74494,2.03594,0
1785663367700122583,2862,1,0.129412,556.500,196.500,23.71843,1.21681,0
1785663367720295213,2863,0,0.129412,556.500,196.500,23.74298,1.21681,1
1785663367740138847,2864,0,,,,23.76713,1.21681,1
1785663367760247603,2865,0,,,,23.79159,1.21681,1
1785663367780147528,2866,0,,,,,,0
1785663367800316950,2867,1,0.054902,555.500,197.500,23.55067,0.00000,0
1785663367820222416,2868,0,0.054902,555.500,197.500,23.55067,0.00000,1
1785663367840166674,2869,1,0.047059,553.500,201.500,23.46944,-1.87406,0
1785663367860125223,2870,0,,,,23.43204,-1.87406,1
1785663367880376894,2871,1,0.101961,561.500,198.500,23.67277,2.33230,0
1785663367900196028,2872,1,0.058824,558.500,197.500,23.75172,2.78072,0
1785663367920286701,2873,1,0.035294,553.500,201.500,23.68948,1.22707,0
1785663367940195959,2874,1,0.090196,552.500,196.500,23.60164,-0.22373,0
1785663367960942292,2875,0,,,,23.59700,-0.22373,1
1785663367980144265,2876,0,,,,23.59270,-0.22373,1
1785663368000425394,2877,1,0.054902,560.500,196.500,23.70158,0.96031,0
1785663368020229362,2878,0,,,,23.72060,0.96031,1
1785663368040372534,2879,1,0.043137,554.500,201.500,23.62176,-0.22917,0
1785663368060405749,2880,0,,,,23.61717,-0.22917,1
1785663368080564379,2881,0,,,,23.61255,-0.22917,1
1785663368100414430,2882,1,0.058824,548.500,202.500,23.35701,-2.62872,0
1785663368120416728,2883,1,0.039216,555.500,201.500,23.37475,-1.91093,0
1785663368140385194,2884,1,0.035294,554.500,194.500,23.37812,-1.44124,0
1785663368160665740,2885,1,0.058824,555.500,191.500,23.40919,-0.70272,0
1785663368180285376,2886,0,,,,23.39540,-0.70272,1
1785663368200680546,2887,1,0.043137,555.500,192.500,23.45675,0.19554,0
1785663368220523013,2888,1,0.035294,553.500,202.500,23.46506,0.24800,0
1785663368240670268,2889,1,0.054902,554.500,201.500,23.48760,0.46071,0
1785663368260769399,2890,0,0.054902,554.500,201.500,23.49686,0.46071,1
1785663368280406535,2891,1,0.031373,555.500,201.500,23.53871,0.84179,0
1785663368301427324,2892,1,0.043137,555.500,195.500,23.56991,0.99894,0
1785663368321411539,2893,1,0.047059,553.500,195.500,23.55377,0.56494,0
1785663368353143095,2894,1,0.050980,553.500,192.500,23.52890,0.02514,0
1785663368373903719,2895,0,0.050980,553.500,192.500,23.52943,0.02514,1
1785663368395037673,2896,1,0.066667,553.500,201.500,23.49145,-0.42609,0
1785663368413225823,2897,1,0.098039,554.500,199.500,23.48665,-0.39168,0
1785663368433855491,2898,1,0.047059,554.500,203.500,23.48679,-0.29258,0
1785663368452695510,2899,0,0.047059,554.500,203.500,23.48128,-0.29258,1
1785663368473727381,2900,1,0.074510,553.500,201.500,23.46520,-0.40743,0
1785663368493708097,2901,1,0.070588,559.500,198.500,23.57607,0.97881,0
1785663368513901144,2902,1,0.047059,554.500,194.500,23.56685,0.62979,0
1785663368532201293,2903,0,,,,23.57838,0.62979,1
1785663368555075604,2904,1,0.043137,554.500,201.500,23.55398,0.18153,0
1785663368572356680,2905,0,,,,23.55712,0.18153,1
1785663368592266522,2906,0,,,,23.56073,0.18153,1
1785663368613947054,2907,1,0.078431,549.500,201.500,23.38413,-1.61258,0
1785663368632283369,2908,0,,,,23.35456,-1.61258,1
1785663368657809487,2909,1,0.141176,558.500,194.500,23.51577,0.40220,0
1785663368676090095,2910,0,0.141176,558.500,194.500,23.52312,0.40220,1
1785663368698855908,2911,1,0.070588,556.500,200.500,23.57395,0.83571,0
1785663368717512761,2912,1,0.066667,550.500,202.500,23.47564,-0.42484,0
1785663368738881213,2913,1,0.066667,549.500,201.500,23.38512,-1.39973,0
