timestamp_ns,frame_id,detected,confidence,x_px,y_px,s_cm,velocity_cm_s,predicted
1785663186162894192,0,0,,,,,,0
1785663186195471072,1,0,,,,,,0
1785663186213271310,2,0,,,,,,0
1785663186233227526,3,1,0.050980,554.500,201.500,23.50610,0.00000,0
1785663186255608051,4,0,,,,23.50610,0.00000,1
1785663186269110331,5,1,0.039216,552.500,197.500,23.42830,-1.95521,0
1785663186283273522,6,0,0.039216,552.500,197.500,23.40060,-1.95521,1
1785663186304358477,7,0,,,,23.35938,-1.95521,1
1785663186321459888,8,1,0.047059,554.500,195.500,23.37242,-1.33006,0
1785663186341000191,9,0,,,,23.34643,-1.33006,1
1785663186360934532,10,1,0.039216,555.500,204.500,23.46110,0.21859,0
1785663186382980519,11,1,0.078431,553.500,193.500,23.46804,0.24190,0
1785663186402227700,12,0,,,,23.47269,0.24190,1
1785663186424329019,13,1,0.054902,554.500,197.500,23.49800,0.46144,0
1785663186440861686,14,0,0.054902,554.500,197.500,23.50563,0.46144,1
1785663186461541353,15,1,0.078431,551.500,202.500,23.44114,-0.33531,0
1785663186486099356,16,1,0.031373,555.500,193.500,23.48772,0.28083,0
1785663186501863489,17,0,0.031373,555.500,193.500,23.49215,0.28083,1
1785663186522521406,18,0,,,,23.49795,0.28083,1
1785663186543586236,19,0,,,,23.50386,0.28083,1
1785663186561867885,20,0,,,,,,0
1785663186583328586,21,0,,,,,,0
1785663186601335030,22,1,0.054902,560.500,198.500,23.76725,0.00000,0
1785663186613259993,23,1,0.090196,552.500,194.500,23.53713,-9.59634,0
1785663186635934807,24,1,0.054902,554.500,193.500,23.20330,-13.19767,0
1785663186654225623,25,1,0.043137,553.500,201.500,22.93457,-13.82408,0
1785663186675149454,26,1,0.137255,559.500,199.500,22.97598,-7.93765,0
1785663186694648508,27,0,,,,22.82120,-7.93765,1
1785663186718623558,28,1,0.054902,556.500,195.500,23.05905,-2.71671,0
1785663186733860946,29,1,0.035294,554.500,201.500,23.20840,-0.47647,0
1785663186755409646,30,0,,,,23.19813,-0.47647,1
1785663186778488122,31,0,,,,23.18713,-0.47647,1
1785663186793612345,32,1,0.105882,556.500,196.500,23.44123,2.17949,0
1785663186805144437,33,0,0.105882,556.500,196.500,23.46636,2.17949,1
1785663186828142123,34,1,0.043137,553.500,201.500,23.51440,2.15848,0
1785663186846813268,35,0,0.043137,553.500,201.500,23.55470,2.15848,1
1785663186866798650,36,0,,,,23.59783,2.15848,1
1785663186886912864,37,1,0.086275,558.500,196.500,23.69620,2.69229,0
1785663186907778613,38,1,0.043137,554.500,198.500,23.65752,1.71110,0
1785663186926725964,39,0,0.043137,554.500,198.500,23.68994,1.71110,1
1785663186946932552,40,1,0.078431,547.500,200.500,23.45921,-1.20885,0
1785663186967331305,41,1,0.050980,553.500,201.500,23.43618,-1.19029,0
1785663186986724318,42,0,0.050980,553.500,201.500,23.41309,-1.19029,1
1785663187008305393,43,1,0.039216,557.500,197.500,23.51053,0.20606,0
1785663187027442617,44,0,0.039216,557.500,197.500,23.51448,0.20606,1
1785663187047233751,45,1,0.047059,553.500,201.500,23.49126,-0.09043,0
1785663187067486964,46,1,0.035294,549.500,201.500,23.39402,-1.15615,0
1785663187086935893,47,0,0.035294,549.500,201.500,23.37153,-1.15615,1
1785663187107163940,48,1,0.050980,552.500,200.500,23.37417,-0.86460,0
1785663187127238654,49,0,0.050980,552.500,200.500,23.35681,-0.86460,1
1785663187147058788,50,1,0.039216,555.500,196.500,23.44062,0.22684,0
1785663187166848172,51,1,0.039216,549.500,197.500,23.37458,-0.55907,0
1785663187189125740,52,0,0.039216,549.500,197.500,23.36213,-0.55907,1
1785663187207355306,53,1,0.047059,549.500,201.500,23.30532,-1.08382,0
1785663187226992442,54,1,0.070588,556.500,193.500,23.40850,0.34439,0
1785663187247821899,55,1,0.054902,553.500,198.500,23.43935,0.62843,0
1785663187267200913,56,0,0.054902,553.500,198.500,23.45153,0.62843,1
1785663187286955589,57,1,0.031373,554.500,200.500,23.49288,0.96524,0
1785663187306953804,58,0,0.031373,554.500,200.500,23.51218,0.96524,1
1785663187330782606,59,0,,,,23.53518,0.96524,1
1785663187347158608,60,0,,,,23.55099,0.96524,1
1785663187367949565,61,1,0.101961,555.500,194.500,23.57148,0.96911,0
1785663187387518743,62,0,0.101961,555.500,194.500,23.59045,0.96911,1
1785663187410912800,63,1,0.054902,552.500,201.500,23.51747,0.06326,0
1785663187430592227,64,0,,,,23.51872,0.06326,1
1785663187450644692,65,0,,,,23.51999,0.06326,1
1785663187470860780,66,1,0.058824,548.500,201.500,23.33479,-1.72704,0
1785663187490756038,67,0,0.058824,548.500,201.500,23.30043,-1.72704,1
1785663187510620088,68,1,0.062745,555.500,195.500,23.41736,-0.21137,0
1785663187531867499,69,0,0.062745,555.500,195.500,23.41286,-0.21137,1
1785663187550681268,70,1,0.082353,552.500,193.500,23.41404,-0.15747,0
1785663187570943731,71,1,0.043137,548.500,201.500,23.33078,-1.04219,0
1785663187590695782,72,1,0.035294,560.500,198.500,23.49740,1.17682,0
1785663187611425782,73,1,0.031373,554.500,202.500,23.52530,1.22057,0
1785663187632957440,74,0,,,,23.55158,1.22057,1
1785663187650748261,75,0,,,,23.57329,1.22057,1
1785663187670840976,76,0,,,,23.59782,1.22057,1
1785663187690781442,77,1,0.078431,556.500,200.500,23.63657,1.35795,0
1785663187712531973,78,1,0.035294,557.500,200.500,23.66609,1.35785,0
1785663187731087036,79,0,,,,23.69129,1.35785,1
1785663187751026044,80,0,,,,23.71836,1.35785,1
1785663187771721627,81,0,,,,23.74646,1.35785,1
1785663187792908956,82,1,0.062745,555.500,195.500,23.63193,0.05704,0
1785663187810958274,83,0,0.062745,555.500,195.500,23.63296,0.05704,1
1785663187831081905,84,0,,,,23.63411,0.05704,1
1785663187856621190,85,1,0.054902,549.500,201.500,23.39032,-2.15010,0
1785663187873569769,86,1,0.035294,553.500,201.500,23.38976,-1.79280,0
1785663187890862512,87,0,0.035294,553.500,201.500,23.35876,-1.79280,1
1785663187910980018,88,1,0.039216,554.500,202.500,23.38430,-1.10602,0
1785663187931030149,89,1,0.039216,555.500,197.500,23.42798,-0.33916,0
1785663187950985490,90,1,0.043137,555.500,195.500,23.47071,0.26566,0
1785663187973004352,91,1,0.031373,558.500,196.500,23.56817,1.42370,0
1785663187990986296,92,1,0.078431,556.500,197.500,23.61681,1.71967,0
1785663188010963220,93,1,0.035294,559.500,195.500,23.70718,2.44317,0
1785663188031288682,94,1,0.058824,549.500,201.500,23.60688,0.50804,0
1785663188056498345,95,1,0.043137,555.500,195.500,23.59532,0.19476,0
1785663188076749433,96,1,0.101961,555.500,194.500,23.58065,-0.04440,0
1785663188097287518,97,1,0.031373,549.500,201.500,23.45738,-1.61433,0
1785663188114811841,98,0,0.031373,549.500,201.500,23.42909,-1.61433,1
1785663188136476915,99,1,0.050980,555.500,195.500,23.45877,-0.85355,0
1785663188156386465,100,1,0.035294,554.500,203.500,23.46320,-0.60256,0
1785663188176597595,101,1,0.050980,559.500,200.500,23.56188,0.73138,0
1785663188195405530,102,0,0.050980,559.500,200.500,23.57564,0.73138,1
1785663188218860836,103,1,0.035294,554.500,202.500,23.56238,0.38174,0
1785663188237116069,104,1,0.043137,556.500,200.500,23.58737,0.59154,0
1785663188256671831,105,1,0.082353,554.500,197.500,23.56986,0.24070,0
1785663188282033534,106,1,0.043137,555.500,195.500,23.56985,0.16407,0
1785663188304140311,107,0,,,,23.57348,0.16407,1
1785663188323410242,108,1,0.031373,554.500,201.500,23.54132,-0.25131,0
1785663188346393136,109,1,0.031373,553.500,201.500,23.49486,-0.72660,0
1785663188368532163,110,1,0.039216,549.500,200.500,23.38572,-1.84793,0
1785663188387196017,111,0,0.039216,549.500,200.500,23.35123,-1.84793,1
1785663188407079900,112,1,0.070588,554.500,197.500,23.37971,-1.09137,0
1785663188428836556,113,1,0.047059,554.500,201.500,23.41555,-0.39728,0
1785663188446754918,114,0,0.047059,554.500,201.500,23.40843,-0.39728,1
1785663188469320649,115,1,0.031373,555.500,201.500,23.47705,0.47631,0
1785663188486757473,116,0,0.031373,555.500,201.500,23.48535,0.47631,1
1785663188508170550,117,0,,,,23.49555,0.47631,1
1785663188527234274,118,1,0.078431,553.500,192.500,23.49140,0.34489,0
1785663188548187689,119,0,,,,23.49863,0.34489,1
1785663188566768418,120,0,,,,23.50504,0.34489,1
1785663188587097964,121,0,,,,23.51205,0.34489,1
1785663188607215761,122,1,0.074510,559.500,198.500,23.68505,1.76489,0
1785663188627275226,123,1,0.050980,549.500,197.500,23.53298,-0.00669,0
1785663188649088173,124,1,0.050980,553.500,201.500,23.50116,-0.35582,0
1785663188666778745,125,0,0.050980,553.500,201.500,23.49487,-0.35582,1
1785663188689066521,126,1,0.070588,554.500,195.500,23.49393,-0.27475,0
1785663188706844592,127,0,0.070588,554.500,195.500,23.48904,-0.27475,1
1785663188727006723,128,1,0.039216,553.500,201.500,23.46587,-0.47024,0
1785663188747108479,129,1,0.047059,560.500,199.500,23.59360,1.08273,0
1785663188766964654,130,1,0.050980,555.500,194.500,23.60642,0.97965,0
1785663188792545021,131,1,0.054902,553.500,201.500,23.56751,0.18142,0
1785663188807486371,132,0,0.054902,553.500,201.500,23.57022,0.18142,1
1785663188826981466,133,1,0.043137,555.500,195.500,23.56541,0.08182,0
1785663188847356220,134,1,0.047059,560.500,198.500,23.65970,1.18160,0
1785663188866971189,135,1,0.031373,554.500,201.500,23.62817,0.51755,0
1785663188887183194,136,1,0.039216,559.500,198.500,23.68210,1.05876,0
1785663188910234170,137,1,0.090196,555.500,194.500,23.66024,0.47162,0
1785663188927564538,138,1,0.105882,553.500,195.500,23.59479,-0.47267,0
1785663188947231715,139,1,0.047059,553.500,198.500,23.52996,-1.18810,0
1785663188967331429,140,1,0.047059,553.500,201.500,23.46970,-1.65650,0
1785663188987391769,141,1,0.043137,549.500,201.500,23.35031,-2.76379,0
1785663189012555057,142,1,0.050980,559.500,198.500,23.44336,-0.67830,0
1785663189032336275,143,1,0.043137,554.500,196.500,23.45695,-0.33155,0
1785663189053672060,144,1,0.039216,553.500,201.500,23.45231,-0.30039,0
1785663189073247655,145,1,0.031373,553.500,201.500,23.45071,-0.24551,0
1785663189093145246,146,1,0.035294,555.500,195.500,23.48678,0.27936,0
1785663189110827943,147,0,,,,23.49172,0.27936,1
1785663189133813920,148,1,0.078431,555.500,193.500,23.53003,0.65346,0
1785663189153806011,149,1,0.054902,547.500,182.500,23.39516,-1.08081,0
1785663189170890506,150,0,0.054902,547.500,182.500,23.37669,-1.08081,1
1785663189190845555,151,1,0.031373,553.500,199.500,23.39085,-0.67542,0
1785663189210782229,152,1,0.050980,554.500,201.500,23.42350,-0.14483,0
1785663189231586020,153,0,,,,23.42049,-0.14483,1
1785663189253220761,154,1,0.054902,558.500,197.500,23.56068,1.46658,0
1785663189272412817,155,1,0.082353,556.500,193.500,23.60474,1.64907,0
1785663189290743300,156,0,0.082353,556.500,193.500,23.63497,1.64907,1
1785663189315407760,157,1,0.047059,554.500,202.500,23.60372,0.84228,0
1785663189330722731,158,0,0.047059,554.500,202.500,23.61662,0.84228,1
1785663189350933277,159,1,0.050980,554.500,201.500,23.57953,0.25144,0
1785663189374692663,160,0,,,,23.58550,0.25144,1
1785663189392817064,161,1,0.039216,555.500,201.500,23.56902,0.02591,0
1785663189410977215,162,0,0.039216,555.500,201.500,23.56949,0.02591,1
1785663189431226844,163,1,0.090196,547.500,200.500,23.35961,-2.19344,0
1785663189451006020,164,1,0.039216,556.500,196.500,23.40542,-1.21077,0
1785663189475208568,165,1,0.035294,553.500,201.500,23.40192,-0.90408,0
1785663189491086742,166,0,0.035294,553.500,201.500,23.38757,-0.90408,1
1785663189517169521,167,1,0.035294,554.500,201.500,23.42969,-0.14294,0
1785663189531203880,168,0,0.035294,554.500,201.500,23.42768,-0.14294,1
1785663189551097096,169,1,0.070588,555.500,195.500,23.49160,0.60120,0
1785663189571031146,170,1,0.039216,547.500,201.500,23.37514,-0.86097,0
1785663189590961112,171,0,,,,23.35798,-0.86097,1
1785663189611686737,172,1,0.050980,553.500,201.500,23.38783,-0.32440,0
1785663189636133282,173,0,,,,23.37990,-0.32440,1
1785663189658146811,174,1,0.039216,558.500,200.500,23.55535,1.63310,0
1785663189676426835,175,1,0.058824,549.500,201.500,23.45841,0.22546,0
1785663189697522873,176,1,0.043137,555.500,195.500,23.50374,0.70611,0
1785663189714830782,177,0,0.043137,555.500,195.500,23.51596,0.70611,1
1785663189734974829,178,1,0.054902,555.500,197.500,23.55460,0.99132,0
1785663189755151251,179,1,0.050980,553.500,205.500,23.54130,0.59979,0
1785663189774782554,180,1,0.082353,554.500,201.500,23.54333,0.48174,0
1785663189794778727,181,1,0.031373,559.500,198.500,23.63070,1.45097,0
1785663189818069243,182,1,0.039216,560.500,197.500,23.72263,2.19055,0
1785663189837075219,183,0,0.039216,560.500,197.500,23.76427,2.19055,1
1785663189855699406,184,1,0.070588,553.500,199.500,23.66931,0.57727,0
1785663189876145325,185,0,,,,23.68111,0.57727,1
1785663189896899241,186,1,0.043137,555.500,195.500,23.62508,-0.16312,0
1785663189915593720,187,1,0.050980,553.500,201.500,23.54487,-1.02044,0
1785663189935976057,188,1,0.039216,554.500,201.500,23.49939,-1.30998,0
1785663189956251936,189,1,0.043137,552.500,201.500,23.42895,-1.85031,0
1785663189976412316,190,1,0.031373,553.500,198.500,23.39048,-1.86508,0
1785663189996766487,191,1,0.078431,554.500,196.500,23.38484,-1.44963,0
1785663190015374383,192,0,,,,23.35787,-1.44963,1
1785663190035343723,193,1,0.105882,552.500,203.500,23.34651,-1.24051,0
1785663190057628249,194,0,,,,23.31887,-1.24051,1
1785663190075381237,195,1,0.039216,555.500,195.500,23.41332,0.03903,0
1785663190095422619,196,1,0.050980,555.500,201.500,23.47847,0.75675,0
1785663190115184003,197,0,,,,23.49343,0.75675,1
1785663190135900503,198,0,,,,23.50910,0.75675,1
1785663190157237247,199,0,,,,23.52525,0.75675,1
1785663190175469897,200,1,0.082353,549.500,201.500,23.37907,-0.72473,0
1785663190195409488,201,1,0.031373,557.500,200.500,23.49063,0.51262,0
1785663190215190122,202,1,0.098039,555.500,192.500,23.53225,0.85827,0
1785663190238954341,203,0,,,,23.55264,0.85827,1
1785663190255471258,204,1,0.070588,554.500,195.500,23.55386,0.70739,0
1785663190279178853,205,1,0.031373,555.500,201.500,23.57415,0.74891,0
1785663190299230734,206,1,0.098039,558.500,196.500,23.64390,1.41559,0
1785663190319114618,207,1,0.050980,553.500,201.500,23.60806,0.61323,0
1785663190339162416,208,1,0.039216,559.500,198.500,23.67298,1.28471,0
1785663190361502649,209,0,,,,23.70168,1.28471,1
1785663190378992265,210,1,0.129412,554.500,194.500,23.63680,0.24495,0
1785663190403316270,211,1,0.043137,554.500,201.500,23.58141,-0.47508,0
1785663190419195402,212,0,,,,23.57387,-0.47508,1
1785663190439229784,213,1,0.039216,554.500,196.500,23.52511,-0.92021,0
1785663190459829410,214,0,,,,23.50616,-0.92021,1
1785663190479899375,215,0,,,,23.48769,-0.92021,1
1785663190500080463,216,1,0.074510,554.500,203.500,23.46869,-0.92447,0
1785663190522452030,217,0,,,,23.44800,-0.92447,1
1785663190539755856,218,1,0.047059,554.500,202.500,23.45429,-0.70120,0
1785663190564219401,219,0,,,,23.43714,-0.70120,1
1785663190579622746,220,1,0.035294,554.500,204.500,23.45598,-0.39066,0
1785663190599755419,221,1,0.047059,554.500,202.500,23.46887,-0.16170,0
1785663190620292920,222,1,0.054902,553.500,201.500,23.46148,-0.20988,0
1785663190639921306,223,1,0.047059,553.500,201.500,23.45609,-0.22566,0
1785663190665468591,224,0,,,,23.45033,-0.22566,1
1785663190679741905,225,0,,,,23.44711,-0.22566,1
1785663190700438364,226,1,0.043137,559.500,196.500,23.61887,1.66870,0
1785663190719496255,227,1,0.066667,554.500,201.500,23.61211,1.25180,0
1785663190742901103,228,1,0.062745,554.500,201.500,23.60404,0.82086,0
1785663190763232565,229,1,0.035294,554.500,204.500,23.58686,0.40760,0
1785663190784439768,230,0,,,,23.59550,0.40760,1
1785663190799787406,231,1,0.054902,547.500,199.500,23.40442,-1.94922,0
1785663190820123368,232,0,,,,23.36478,-1.94922,1
1785663190841214739,233,1,0.039216,553.500,201.500,23.35715,-1.58280,0
1785663190859303432,234,1,0.074510,560.500,199.500,23.50238,0.35676,0
1785663190883318607,235,0,,,,23.51094,0.35676,1
1785663190906192168,236,1,0.043137,553.500,201.500,23.49623,0.10290,0
1785663190923008957,237,1,0.058824,560.500,198.500,23.62308,1.53004,0
1785663190942997548,238,1,0.035294,554.500,201.500,23.61505,1.06646,0
1785663190963027263,239,1,0.066667,556.500,200.500,23.63618,1.06359,0
1785663190982965104,240,1,0.058824,553.500,192.500,23.59684,0.29049,0
1785663191007001279,241,0,,,,23.60382,0.29049,1
1785663191023449530,242,0,,,,23.60860,0.29049,1
1785663191043461745,243,1,0.039216,549.500,201.500,23.41281,-1.86287,0
1785663191064299369,244,1,0.050980,560.500,198.500,23.53278,-0.15551,0
1785663191083220762,245,1,0.058824,554.500,202.500,23.51675,-0.30444,0
1785663191103891554,246,1,0.078431,554.500,193.500,23.50464,-0.37491,0
1785663191123724396,247,1,0.043137,553.500,201.500,23.47712,-0.62806,0
1785663191147076411,248,0,,,,23.46245,-0.62806,1
1785663191167587413,249,1,0.058824,554.500,201.500,23.46550,-0.44014,0
1785663191183208047,250,1,0.031373,554.500,201.500,23.47261,-0.27553,0
1785663191203389136,251,1,0.054902,556.500,198.500,23.51591,0.31429,0
1785663191223382685,252,1,0.047059,554.500,201.500,23.52079,0.29678,0
1785663191243811979,253,1,0.047059,554.500,201.500,23.52331,0.25188,0
1785663191268698479,254,1,0.054902,549.500,201.500,23.43019,-1.02164,0
1785663191283344206,255,1,0.031373,554.500,201.500,23.43482,-0.76831,0
1785663191303381505,256,1,0.047059,553.500,201.500,23.42600,-0.68290,0
1785663191323134431,257,1,0.043137,555.500,204.500,23.45589,-0.12164,0
1785663191343888847,258,1,0.047059,553.500,195.500,23.45588,-0.08928,0
1785663191363110070,259,1,0.047059,553.500,198.500,23.45651,-0.05914,0
1785663191386020048,260,1,0.031373,553.500,201.500,23.45728,-0.03193,0
1785663191403449289,261,0,,,,23.45672,-0.03193,1
1785663191423241590,262,1,0.035294,556.500,200.500,23.52636,0.80002,0
1785663191446138818,263,0,,,,23.54468,0.80002,1
1785663191464503883,264,1,0.054902,555.500,201.500,23.57265,0.94532,0
1785663191483158987,265,1,0.058824,556.500,196.500,23.60844,1.14731,0
1785663191503561740,266,1,0.054902,552.500,193.500,23.56135,0.32098,0
1785663191523263042,267,1,0.047059,553.500,201.500,23.53018,-0.13974,0
1785663191544819908,268,1,0.058824,552.500,201.500,23.48037,-0.73305,0
1785663191565455701,269,1,0.062745,549.500,201.500,23.37995,-1.82874,0
1785663191585950828,270,1,0.043137,556.500,201.500,23.41464,-0.89864,0
1785663191606780868,271,1,0.133333,549.500,201.500,23.33631,-1.66591,0
1785663191625543138,272,1,0.058824,555.500,203.500,23.37661,-0.74601,0
1785663191645476604,273,1,0.035294,560.500,198.500,23.51327,1.19846,0
1785663191665298946,274,1,0.035294,554.500,201.500,23.54374,1.28449,0
1785663191685370952,275,1,0.035294,559.500,198.500,23.65225,2.34388,0
1785663191705900371,276,1,0.047059,559.500,196.500,23.74876,2.96318,0
1785663191725550298,277,1,0.101961,553.500,193.500,23.71735,1.81576,0
1785663191746572336,278,0,,,,23.75552,1.81576,1
1785663191766095265,279,1,0.039216,549.500,200.500,23.56521,-0.84646,0
1785663191786072772,280,1,0.066667,555.500,203.500,23.53326,-1.02223,0
1785663191805964114,281,1,0.035294,554.500,195.500,23.49352,-1.25499,0
1785663191825730290,282,1,0.050980,560.500,198.500,23.57011,-0.00198,0
1785663191846411290,283,0,,,,23.57007,-0.00198,1
1785663191866447630,284,0,,,,23.57003,-0.00198,1
1785663191885758103,285,1,0.074510,553.500,192.500,23.50379,-0.70375,0
1785663191905865275,286,0,,,,23.48964,-0.70375,1
1785663191927168811,287,1,0.043137,549.500,201.500,23.34524,-2.01819,0
1785663191947590814,288,0,,,,23.30403,-2.01819,1
1785663191965369635,289,1,0.043137,556.500,196.500,23.41122,-0.53280,0
1785663191978441795,290,0,,,,23.40426,-0.53280,1
1785663192010916968,291,1,0.058824,552.500,203.500,23.39147,-0.48509,0
1785663192018527933,292,1,0.035294,553.500,193.500,23.41181,-0.21845,0
1785663192044154009,293,0,,,,23.40621,-0.21845,1
1785663192058870777,294,1,0.039216,552.500,193.500,23.40820,-0.15536,0
1785663192078674161,295,1,0.031373,549.500,201.500,23.34920,-0.83198,0
1785663192098642335,296,1,0.078431,555.500,195.500,23.41230,0.15026,0
1785663192118659800,297,1,0.031373,549.500,201.500,23.36543,-0.47633,0
1785663192139130803,298,0,,,,23.35567,-0.47633,1
1785663192161183373,299,1,0.035294,554.500,200.500,23.42196,0.42025,0
1785663192178622155,300,1,0.062745,556.500,201.500,23.51049,1.36946,0
1785663192198719828,301,0,,,,23.53801,1.36946,1
1785663192218966249,302,1,0.086275,554.500,197.500,23.54918,1.18235,0
1785663192243770083,303,0,,,,23.57851,1.18235,1
1785663192259057554,304,0,,,,23.59658,1.18235,1
1785663192281581619,305,0,,,,23.62322,1.18235,1
1785663192299274816,306,1,0.043137,552.500,201.500,23.51136,-0.01429,0
1785663192319440447,307,1,0.043137,559.500,197.500,23.62209,1.05652,0
1785663192339156332,308,0,,,,23.64292,1.05652,1
1785663192360057538,309,1,0.039216,548.500,201.500,23.45681,-1.17651,0
1785663192379236178,310,1,0.031373,552.500,198.500,23.40618,-1.49445,0
1785663192399209311,311,1,0.050980,554.500,196.500,23.40715,-1.12277,0
1785663192425908709,312,1,0.039216,549.500,201.500,23.32380,-1.79904,0
1785663192450633668,313,0,,,,23.27932,-1.79904,1
1785663192476880987,314,1,0.074510,556.500,200.500,23.42607,0.42204,0
1785663192491046553,315,0,0.074510,556.500,200.500,23.43205,0.42204,1
1785663192511288308,316,1,0.074510,560.500,199.500,23.63674,2.56382,0
1785663192530963360,317,1,0.047059,554.500,202.500,23.64992,2.14546,0
1785663192550977325,318,1,0.039216,555.500,202.500,23.66776,1.84793,0
1785663192571002957,319,1,0.039216,553.500,198.500,23.63592,0.99418,0
1785663192591249670,320,1,0.043137,549.500,200.500,23.52294,-0.70069,0
1785663192611635506,321,1,0.062745,549.500,201.500,23.40744,-2.00356,0
1785663192631004603,322,1,0.054902,547.500,201.500,23.26954,-3.28212,0
1785663192650888486,323,1,0.066667,552.500,193.500,23.23996,-2.82248,0
1785663192671061700,324,1,0.121569,555.500,195.500,23.28621,-1.49664,0
1785663192692389319,325,1,0.054902,555.500,195.500,23.35108,-0.25599,0
1785663192712275827,326,1,0.070588,553.500,200.500,23.38939,0.29975,0
1785663192731175637,327,1,0.054902,559.500,198.500,23.53082,2.03869,0
1785663192753262539,328,0,,,,23.57585,2.03869,1
1785663192771202692,329,1,0.031373,549.500,201.500,23.48603,0.54019,0
1785663192791760610,330,1,0.058824,547.500,201.500,23.37121,-0.93443,0
1785663192827537834,331,1,0.078431,553.500,201.500,23.38540,-0.34717,0
1785663192843781462,332,0,0.078431,553.500,201.500,23.37976,-0.34717,1
1785663192864575919,333,0,,,,23.37254,-0.34717,1
1785663192883177065,334,0,,,,23.36608,-0.34717,1
1785663192903197447,335,1,0.043137,559.500,196.500,23.62251,2.14407,0
1785663192923347328,336,1,0.047059,554.500,201.500,23.62710,1.76185,0
1785663192943370918,337,1,0.047059,554.500,201.500,23.62434,1.34352,0
1785663192963015054,338,1,0.039216,554.500,201.500,23.61303,0.89033,0
1785663192983246017,339,1,0.035294,554.500,202.500,23.59460,0.42829,0
1785663193003311023,340,1,0.047059,556.500,207.500,23.60529,0.45543,0
1785663193027285990,341,1,0.094118,555.500,195.500,23.59291,0.15289,0
1785663193043423161,342,0,0.094118,555.500,195.500,23.59537,0.15289,1
1785663193062992923,343,1,0.066667,552.500,193.500,23.50977,-0.90733,0
1785663193083141928,344,1,0.047059,555.500,202.500,23.50136,-0.79077,0
1785663193103077436,345,1,0.090196,560.500,198.500,23.59148,0.48547,0
1785663193123218567,346,1,0.043137,556.500,201.500,23.60580,0.54167,0
1785663193148252356,347,1,0.039216,554.500,200.500,23.57609,-0.00687,0
1785663193166715837,348,0,0.039216,554.500,200.500,23.57596,-0.00687,1
1785663193187377879,349,0,,,,23.57582,-0.00687,1
1785663193209175952,350,0,,,,23.57567,-0.00687,1
1785663193226542777,351,0,,,,,,0
1785663193246629366,352,0,,,,,,0
1785663193268256232,353,1,0.039216,555.500,201.500,23.54949,0.00000,0
1785663193286673047,354,0,0.039216,555.500,201.500,23.54949,0.00000,1
1785663193306954176,355,1,0.054902,560.500,198.500,23.74974,4.73294,0
1785663193328330503,356,1,0.094118,555.500,193.500,23.71155,1.98706,0
1785663193349011794,357,1,0.047059,554.500,201.500,23.62874,-0.11619,0
1785663193367849480,358,0,,,,23.62655,-0.11619,1
1785663193393761386,359,0,,,,23.62354,-0.11619,1
1785663193410390135,360,1,0.066667,555.500,201.500,23.56247,-0.75014,0
1785663193428484078,361,1,0.149020,552.500,202.500,23.46617,-1.62771,0
1785663193448759957,362,0,,,,23.43317,-1.62771,1
1785663193471705143,363,1,0.047059,549.500,201.500,23.29343,-2.72303,0
1785663193486493661,364,1,0.054902,554.500,201.500,23.31992,-1.97959,0
1785663193507890987,365,0,,,,23.27756,-1.97959,1
1785663193528680195,366,1,0.082353,554.500,202.500,23.36037,-0.57438,0
1785663193548462287,367,1,0.039216,551.500,201.500,23.35618,-0.49140,0
1785663193568645126,368,1,0.035294,549.500,201.500,23.31760,-0.83715,0
1785663193588130596,369,0,0.035294,549.500,201.500,23.30128,-0.83715,1
1785663193609153427,370,1,0.043137,554.500,199.500,23.39351,0.43929,0
1785663193629618596,371,1,0.054902,549.500,201.500,23.35412,-0.12587,0
1785663193648547863,372,1,0.031373,548.500,201.500,23.30604,-0.67661,0
1785663193669560777,373,1,0.039216,560.500,199.500,23.48287,1.70144,0
1785663193689578826,374,1,0.066667,554.500,197.500,23.52688,1.82788,0
1785663193707527520,375,0,,,,23.55969,1.82788,1
1785663193730334165,376,1,0.090196,555.500,195.500,23.59690,1.77521,0
1785663193748911687,377,1,0.054902,555.500,195.500,23.60926,1.53262,0
1785663193769738227,378,1,0.043137,552.500,202.500,23.55998,0.55079,0
1785663193790587809,379,0,,,,23.57146,0.55079,1
1785663193815300185,380,1,0.043137,554.500,201.500,23.54827,0.12961,0
1785663193830778488,381,0,0.043137,554.500,201.500,23.55028,0.12961,1
1785663193853201304,382,1,0.054902,552.500,194.500,23.47948,-0.67286,0
1785663193870691503,383,0,0.054902,552.500,194.500,23.46771,-0.67286,1
1785663193894120767,384,1,0.062745,547.500,200.500,23.29701,-2.31514,0
1785663193910831641,385,0,0.062745,547.500,200.500,23.25832,-2.31514,1
1785663193931341434,386,0,,,,23.21084,-2.31514,1
1785663193950695948,387,0,,,,23.16603,-2.31514,1
1785663193972135274,388,1,0.035294,555.500,195.500,23.40303,0.23725,0
1785663193990848419,389,0,0.035294,555.500,195.500,23.40747,0.23725,1
1785663194010901467,390,1,0.062745,550.500,202.500,23.36918,-0.17333,0
1785663194030752976,391,1,0.031373,554.500,202.500,23.42912,0.49329,0
1785663194051077854,392,1,0.050980,554.500,198.500,23.47676,0.93327,0
1785663194075478442,393,1,0.086275,554.500,201.500,23.51241,1.09549,0
1785663194090948287,394,0,0.086275,554.500,201.500,23.52936,1.09549,1
1785663194111081834,395,1,0.050980,553.500,196.500,23.52636,0.79400,0
1785663194130792177,396,1,0.047059,553.500,201.500,23.52032,0.53512,0
1785663194154358023,397,1,0.062745,554.500,202.500,23.52645,0.45611,0
1785663194170880482,398,0,0.062745,554.500,202.500,23.53399,0.45611,1
1785663194190945780,399,0,,,,23.54314,0.45611,1
1785663194211252868,400,1,0.152941,554.500,197.500,23.53553,0.27828,0
1785663194231916660,401,1,0.035294,553.500,201.500,23.50800,-0.07928,0
1785663194250993218,402,1,0.039216,548.500,201.500,23.39259,-1.38214,0
1785663194270927559,403,1,0.062745,553.500,201.500,23.38296,-1.16422,0
1785663194290879691,404,1,0.035294,549.500,201.500,23.31257,-1.76026,0
1785663194311412526,405,1,0.031373,561.500,200.500,23.46402,0.65310,0
1785663194331312743,406,1,0.043137,554.500,204.500,23.49913,0.93875,0
1785663194351270125,407,1,0.043137,554.500,202.500,23.52813,1.07124,0
1785663194371051635,408,1,0.054902,553.500,198.500,23.53191,0.84731,0
1785663194392210672,409,0,,,,23.54984,0.84731,1
1785663194415451604,410,0,,,,23.56954,0.84731,1
1785663194436501851,411,1,0.070588,549.500,201.500,23.40188,-1.08557,0
1785663194457908802,412,1,0.031373,553.500,201.500,23.40966,-0.75481,0
1785663194474733425,413,0,0.031373,553.500,201.500,23.39696,-0.75481,1
1785663194494682932,414,0,,,,23.38190,-0.75481,1
1785663194516927833,415,1,0.043137,553.500,201.500,23.41754,-0.22712,0
1785663194537656375,416,1,0.039216,558.500,197.500,23.54434,1.16476,0
1785663194557313344,417,0,0.039216,558.500,197.500,23.56723,1.16476,1
1785663194574663544,418,1,0.039216,555.500,195.500,23.59114,1.20593,0
1785663194597214109,419,1,0.062745,554.500,202.500,23.57809,0.74339,0
1785663194616407624,420,1,0.043137,553.500,195.500,23.54390,0.15956,0
1785663194634854772,421,0,0.043137,553.500,195.500,23.54684,0.15956,1
1785663194654767530,422,1,0.047059,553.500,201.500,23.50766,-0.33647,0
1785663194674948618,423,1,0.035294,557.500,200.500,23.55662,0.31795,0
1785663194695031124,424,1,0.070588,554.500,193.500,23.54528,0.10372,0
1785663194714831008,425,1,0.031373,549.500,201.500,23.44334,-1.18988,0
1785663194736476541,426,1,0.035294,560.500,198.500,23.55184,0.51448,0
1785663194755448683,427,0,,,,23.56160,0.51448,1
1785663194775227276,428,0,,,,23.57178,0.51448,1
1785663194795682528,429,0,,,,23.58230,0.51448,1
1785663194815063291,430,0,,,,,,0
1785663194835431628,431,1,0.039216,559.500,197.500,23.72418,0.00000,0
1785663194855261845,432,1,0.117647,559.500,199.500,23.72372,-0.01725,0
1785663194876250842,433,1,0.047059,554.500,197.500,23.55674,-4.62013,0
1785663194896523805,434,1,0.039216,553.500,197.500,23.33510,-7.28878,0
1785663194915816194,435,1,0.105882,555.500,195.500,23.23445,-6.60496,0
1785663194935974241,436,0,,,,23.10131,-6.60496,1
1785663194955829833,437,0,,,,22.97016,-6.60496,1
1785663194978173900,438,1,0.035294,555.500,201.500,23.16319,-3.05703,0
1785663194996019929,439,0,,,,23.10864,-3.05703,1
1785663195020118645,440,1,0.050980,553.500,194.500,23.26352,-0.82756,0
1785663195035418157,441,0,0.050980,553.500,194.500,23.25086,-0.82756,1
1785663195059968660,442,0,,,,23.23054,-0.82756,1
1785663195079038218,443,1,0.039216,554.500,193.500,23.38965,0.84429,0
1785663195098897602,444,1,0.086275,549.500,201.500,23.36399,0.40791,0
1785663195119480603,445,1,0.031373,559.500,198.500,23.53477,2.26560,0
1785663195138919699,446,1,0.062745,553.500,194.500,23.56916,2.14665,0
1785663195159262369,447,1,0.050980,553.500,201.500,23.58634,1.80680,0
1785663195179716455,448,1,0.031373,554.500,201.500,23.60543,1.57472,0
1785663195201367821,449,1,0.054902,554.500,200.500,23.61148,1.21069,0
1785663195219439014,450,1,0.031373,554.500,201.500,23.60152,0.79880,0
1785663195243590437,451,1,0.066667,554.500,202.500,23.58593,0.34970,0
1785663195259912732,452,1,0.031373,549.500,201.500,23.47746,-1.12216,0
1785663195285470058,453,1,0.086275,553.500,195.500,23.43520,-1.29720,0
1785663195301859059,454,1,0.043137,553.500,202.500,23.41157,-1.32784,0
1785663195321413654,455,1,0.039216,555.500,201.500,23.43195,-0.72884,0
1785663195339270266,456,1,0.043137,554.500,201.500,23.44219,-0.42892,0
1785663195358632946,457,1,0.066667,554.500,203.500,23.45562,-0.14929,0
1785663195378531413,458,1,0.035294,553.500,201.500,23.45545,-0.11337,0
1785663195398586211,459,1,0.054902,555.500,195.500,23.49135,0.37571,0
1785663195420552740,460,1,0.054902,549.500,201.500,23.41624,-0.69136,0
1785663195440875286,461,1,0.066667,560.500,198.500,23.54620,1.15228,0
1785663195459424724,462,1,0.039216,553.500,201.500,23.53433,0.72631,0
1785663195479071193,463,0,0.039216,553.500,201.500,23.54860,0.72631,1
1785663195499570487,464,1,0.031373,553.500,192.500,23.52747,0.30164,0
1785663195519008416,465,1,0.058824,555.500,203.500,23.54582,0.44796,0
1785663195538901924,466,1,0.078431,554.500,202.500,23.54155,0.28965,0
1785663195559259469,467,1,0.043137,555.500,195.500,23.55379,0.36810,0
1785663195578899230,468,1,0.047059,554.500,200.500,23.54498,0.16539,0
1785663195599527439,469,1,0.031373,559.500,198.500,23.62222,1.10977,0
1785663195623348491,470,0,,,,23.64866,1.10977,1
1785663195639815825,471,1,0.031373,553.500,197.500,23.58304,0.10811,0
1785663195660159079,472,1,0.074510,555.500,195.500,23.57137,-0.05491,0
1785663195678987723,473,1,0.031373,549.500,201.500,23.45124,-1.48476,0
1785663195702870607,474,1,0.062745,554.500,201.500,23.42736,-1.34117,0
1785663195723102445,475,1,0.047059,553.500,201.500,23.40161,-1.32361,0
1785663195743157244,476,1,0.047059,554.500,194.500,23.40789,-0.90330,0
1785663195762988919,477,0,,,,23.38998,-0.90330,1
1785663195786425225,478,1,0.047059,548.500,201.500,23.27969,-1.94558,0
1785663195803304097,479,0,,,,23.24685,-1.94558,1
1785663195827800559,480,1,0.039216,554.500,197.500,23.33265,-0.50073,0
1785663195849472465,481,1,0.039216,556.500,201.500,23.44249,0.85252,0
1785663195862494084,482,1,0.043137,555.500,195.500,23.50408,1.44657,0
1785663195883738996,483,0,0.043137,555.500,195.500,23.53481,1.44657,1
1785663195902632806,484,1,0.039216,553.500,201.500,23.52508,1.00923,0
1785663195923807884,485,0,0.039216,553.500,201.500,23.54645,1.00923,1
1785663195943254855,486,1,0.031373,553.500,194.500,23.51955,0.49708,0
1785663195962556578,487,0,0.031373,553.500,194.500,23.52914,0.49708,1
1785663195983109246,488,1,0.047059,554.500,201.500,23.53158,0.41487,0
1785663196002837964,489,1,0.058824,555.500,201.500,23.55219,0.55146,0
1785663196022940303,490,1,0.047059,554.500,196.500,23.54888,0.38243,0
1785663196042776937,491,1,0.050980,554.500,197.500,23.54260,0.21106,0
1785663196063034150,492,1,0.047059,553.500,201.500,23.51616,-0.18026,0
1785663196083278821,493,1,0.035294,553.500,201.500,23.48931,-0.47938,0
1785663196102884457,494,1,0.058824,549.500,201.500,23.39523,-1.57344,0
1785663196123277002,495,1,0.074510,560.500,198.500,23.50183,0.21416,0
1785663196142880013,496,1,0.047059,548.500,198.500,23.40490,-1.08582,0
1785663196165240871,497,1,0.043137,553.500,201.500,23.39588,-0.89021,0
1785663196185043964,498,1,0.043137,554.500,195.500,23.41605,-0.40596,0
1785663196202790660,499,1,0.062745,552.500,195.500,23.40767,-0.42111,0
1785663196225212893,500,1,0.101961,554.500,196.500,23.43632,0.06730,0
1785663196243608416,501,1,0.058824,560.500,198.500,23.57004,1.76770,0
1785663196263184011,502,1,0.031373,559.500,196.500,23.67901,2.72192,0
1785663196283342058,503,1,0.043137,549.500,201.500,23.59895,0.99200,0
1785663196309051841,504,1,0.066667,549.500,195.500,23.49850,-0.62269,0
1785663196326756329,505,1,0.070588,549.500,201.500,23.39535,-1.80821,0
1785663196346732378,506,1,0.039216,554.500,201.500,23.39126,-1.39590,0
1785663196367094590,507,1,0.078431,554.500,195.500,23.39903,-0.93079,0
1785663196387363178,508,1,0.078431,553.500,193.500,23.39937,-0.68450,0
1785663196406880440,509,1,0.050980,553.500,201.500,23.40593,-0.42916,0
1785663196427133569,510,1,0.047059,553.500,201.500,23.41681,-0.17861,0
1785663196452265941,511,0,,,,23.41232,-0.17861,1
1785663196467427789,512,1,0.035294,554.500,202.500,23.45670,0.38467,0
1785663196487282797,513,1,0.031373,554.500,198.500,23.49011,0.68801,0
1785663196507783549,514,1,0.035294,554.500,201.500,23.51692,0.84071,0
1785663196527100146,515,1,0.047059,553.500,196.500,23.51869,0.66201,0
1785663196547655731,516,1,0.043137,554.500,202.500,23.53226,0.66153,0
1785663196567162493,517,1,0.066667,554.500,197.500,23.54060,0.60328,0
1785663196586630756,518,1,0.031373,549.500,201.500,23.45686,-0.62321,0
1785663196607935333,519,1,0.031373,554.500,203.500,23.45850,-0.43150,0
1785663196645590662,520,0,0.031373,554.500,203.500,23.44225,-0.43150,1
1785663196652459343,521,1,0.117647,553.500,193.500,23.43782,-0.45007,0
1785663196666780324,522,0,,,,23.43137,-0.45007,1
1785663196688067693,523,1,0.145098,555.500,194.500,23.48534,0.27995,0
1785663196706994628,524,1,0.050980,553.500,200.500,23.48012,0.15866,0
1785663196727229091,525,0,,,,23.48333,0.15866,1
1785663196747902508,526,0,,,,23.48661,0.15866,1
1785663196766765568,527,1,0.039216,552.500,197.500,23.44890,-0.25910,0
1785663196787109697,528,1,0.039216,549.500,200.500,23.36422,-1.09761,0
1785663196807624157,529,0,0.039216,549.500,200.500,23.34170,-1.09761,1
1785663196824776318,530,1,0.043137,555.500,201.500,23.42207,-0.00567,0
1785663196837413815,531,0,,,,23.42200,-0.00567,1
1785663196858817267,532,1,0.062745,555.500,195.500,23.49076,0.74172,0
1785663196878679275,533,1,0.050980,554.500,201.500,23.51964,0.90123,0
1785663196901638044,534,1,0.062745,554.500,197.500,23.54276,0.93026,0
1785663196920664144,535,1,0.047059,553.500,201.500,23.53631,0.62882,0
1785663196938594547,536,1,0.058824,554.500,201.500,23.54040,0.53702,0
1785663196958577013,537,1,0.050980,549.500,201.500,23.45119,-0.75350,0
1785663196978604978,538,1,0.039216,555.500,201.500,23.47551,-0.24411,0
1785663196998777608,539,0,0.039216,555.500,201.500,23.47059,-0.24411,1
1785663197018648367,540,1,0.047059,549.500,201.500,23.37042,-1.37274,0
1785663197038591749,541,1,0.066667,553.500,201.500,23.38522,-0.87847,0
1785663197058623214,542,0,0.066667,553.500,201.500,23.36762,-0.87847,1
1785663197078570972,543,1,0.125490,553.500,193.500,23.40269,-0.28597,0
1785663197098821768,544,1,0.062745,553.500,193.500,23.42568,0.04304,0
1785663197119732599,545,0,0.062745,553.500,193.500,23.42658,0.04304,1
1785663197138581660,546,1,0.054902,554.500,197.500,23.47091,0.53427,0
1785663197158460585,547,1,0.047059,553.500,201.500,23.47776,0.49109,0
1785663197178588591,548,0,0.047059,553.500,201.500,23.48765,0.49109,1
1785663197200998740,549,1,0.035294,553.500,195.500,23.48582,0.34713,0
1785663197221499117,550,1,0.043137,555.500,195.500,23.52366,0.69976,0
1785663197239554269,551,0,,,,23.53629,0.69976,1
1785663197258543619,552,0,,,,23.54958,0.69976,1
1785663197282447504,553,0,,,,23.56631,0.69976,1
1785663197302419761,554,0,,,,,,0
1785663197322583350,555,1,0.078431,553.500,201.500,23.46271,0.00000,0
1785663197342617148,556,1,0.066667,554.500,197.500,23.49798,1.29837,0
1785663197362487907,557,0,,,,23.52378,1.29837,1
1785663197383304530,558,0,,,,23.55081,1.29837,1
1785663197402602461,559,1,0.050980,552.500,197.500,23.45372,-0.40405,0
1785663197422697509,560,0,,,,23.44560,-0.40405,1
1785663197443440342,561,1,0.086275,552.500,196.500,23.41929,-0.60026,0
1785663197462571733,562,1,0.058824,555.500,195.500,23.47700,0.16069,0
1785663197482575781,563,1,0.058824,548.500,201.500,23.37546,-1.05714,0
1785663197502529081,564,1,0.050980,549.500,201.500,23.31785,-1.50499,0
1785663197523457245,565,1,0.031373,554.500,201.500,23.36491,-0.50840,0
1785663197545828728,566,1,0.098039,556.500,198.500,23.45106,0.74618,0
1785663197562755683,567,0,0.098039,556.500,198.500,23.46369,0.74618,1
1785663197584689379,568,1,0.058824,553.500,201.500,23.47953,0.74003,0
1785663197602831655,569,0,0.058824,553.500,201.500,23.49296,0.74003,1
1785663197622744413,570,1,0.043137,553.500,201.500,23.49823,0.63617,0
1785663197642773544,571,1,0.047059,555.500,193.500,23.54198,0.98257,0
1785663197663106965,572,0,,,,23.56196,0.98257,1
1785663197683447177,573,0,,,,23.58194,0.98257,1
1785663197702565151,574,1,0.047059,549.500,201.500,23.41265,-0.94281,0
1785663197723029362,575,0,0.047059,549.500,201.500,23.39335,-0.94281,1
1785663197743017744,576,1,0.035294,554.500,202.500,23.43026,-0.37869,0
1785663197763378206,577,1,0.043137,547.500,201.500,23.30981,-1.59052,0
1785663197786137768,578,1,0.043137,554.500,201.500,23.34660,-0.73334,0
1785663197804386585,579,1,0.043137,561.500,198.500,23.51665,1.54339,0
1785663197824855712,580,1,0.054902,554.500,202.500,23.55532,1.63412,0
1785663197845437422,581,1,0.054902,558.500,197.500,23.65425,2.48022,0
1785663197862889996,582,0,,,,23.69754,2.48022,1
1785663197884819484,583,0,,,,23.75193,2.48022,1
1785663197902940468,584,1,0.050980,553.500,193.500,23.65113,0.91456,0
1785663197926710770,585,1,0.039216,554.500,202.500,23.60700,0.20187,0
1785663197946767610,586,1,0.058824,553.500,200.500,23.54904,-0.51094,0
1785663197966807534,587,1,0.039216,559.500,198.500,23.60766,0.32819,0
1785663197987051622,588,0,,,,23.61431,0.32819,1
1785663198007159211,589,1,0.054902,554.500,201.500,23.56690,-0.30719,0
1785663198027067886,590,0,,,,23.56079,-0.30719,1
1785663198046983268,591,1,0.031373,554.500,201.500,23.51988,-0.68784,0
1785663198067064316,592,1,0.086275,559.500,198.500,23.59589,0.31507,0
1785663198086937408,593,1,0.039216,554.500,201.500,23.56646,-0.10469,0
1785663198106875541,594,1,0.039216,554.500,201.500,23.53879,-0.42001,0
1785663198127084921,595,1,0.070588,549.500,201.500,23.42566,-1.74788,0
1785663198147077303,596,1,0.066667,555.500,193.500,23.42744,-1.27579,0
1785663198167147851,597,1,0.039216,555.500,195.500,23.44163,-0.76262,0
1785663198187150733,598,1,0.062745,559.500,198.500,23.53441,0.62907,0
1785663198209516841,599,1,0.129412,560.500,199.500,23.65123,1.94848,0
1785663198227534493,600,0,,,,23.68633,1.94848,1
1785663198247473501,601,1,0.058824,553.500,201.500,23.62680,0.78514,0
1785663198267692506,602,1,0.043137,554.500,201.500,23.59468,0.22270,0
1785663198287228726,603,1,0.039216,549.500,195.500,23.47290,-1.29174,0
1785663198307899226,604,1,0.047059,554.500,202.500,23.44936,-1.25264,0
1785663198327284364,605,1,0.062745,553.500,201.500,23.42004,-1.31629,0
1785663198347521744,606,1,0.039216,554.500,201.500,23.41778,-1.00440,0
1785663198367808415,607,0,,,,23.39741,-1.00440,1
1785663198387629591,608,1,0.035294,555.500,195.500,23.44767,-0.17403,0
1785663198414086908,609,1,0.035294,554.500,202.500,23.47015,0.14393,0
1785663198438507745,610,1,0.082353,559.500,199.500,23.59315,1.59458,0
1785663198458561085,611,0,,,,23.62512,1.59458,1
1785663198478505343,612,1,0.090196,554.500,198.500,23.59115,0.83206,0
1785663198503836463,613,1,0.035294,553.500,197.500,23.54843,0.08960,0
1785663198519010268,614,0,0.035294,553.500,197.500,23.54979,0.08960,1
1785663198539101816,615,0,,,,23.55159,0.08960,1
1785663198558722327,616,1,0.043137,556.500,197.500,23.58162,0.38331,0
1785663198579015415,617,1,0.039216,555.500,201.500,23.57721,0.25331,0
1785663198598897840,618,1,0.043137,555.500,201.500,23.57242,0.14080,0
1785663198619217468,619,1,0.043137,559.500,198.500,23.63918,0.91993,0
1785663198639142476,620,1,0.109804,560.500,195.500,23.71742,1.67877,0
1785663198659053484,621,0,,,,23.75085,1.67877,1
1785663198679079991,622,1,0.058824,553.500,195.500,23.65126,0.09553,0
1785663198698937625,623,0,,,,23.65315,0.09553,1
1785663198719285253,624,1,0.101961,553.500,195.500,23.54814,-1.07365,0
1785663198739132970,625,1,0.062745,554.500,201.500,23.49676,-1.40882,0
1785663198759260559,626,0,,,,23.46840,-1.40882,1
1785663198779816227,627,0,,,,23.43944,-1.40882,1
1785663198799093742,628,1,0.035294,553.500,201.500,23.40862,-1.44632,0
1785663198819261122,629,1,0.070588,553.500,199.500,23.39273,-1.30600,0
1785663198839432877,630,1,0.066667,553.500,201.500,23.39693,-0.95734,0
1785663198859879963,631,0,,,,23.37736,-0.95734,1
1785663198887153022,632,0,,,,23.35125,-0.95734,1
1785663198917250303,633,1,0.043137,551.500,201.500,23.34017,-0.78059,0
1785663198930653459,634,0,0.043137,551.500,201.500,23.32970,-0.78059,1
1785663198952897319,635,0,,,,23.31234,-0.78059,1
1785663198970662348,636,1,0.078431,553.500,193.500,23.39100,0.11547,0
1785663198990783646,637,1,0.047059,556.500,201.500,23.49658,1.18380,0
1785663199010727029,638,1,0.039216,555.500,195.500,23.55472,1.57851,0
1785663199030679161,639,1,0.039216,554.500,201.500,23.57910,1.49083,0
1785663199050684668,640,1,0.058824,553.500,193.500,23.57451,1.05007,0
1785663199070624843,641,1,0.031373,553.500,201.500,23.55852,0.57053,0
1785663199090657474,642,1,0.058824,553.500,201.500,23.53557,0.12410,0
1785663199110804147,643,1,0.039216,555.500,194.500,23.54560,0.22148,0
1785663199131089067,644,1,0.137255,560.500,199.500,23.64229,1.40758,0
1785663199150814869,645,1,0.050980,552.500,202.500,23.59127,0.39704,0
1785663199170676877,646,1,0.035294,553.500,201.500,23.55050,-0.22595,0
1785663199194850842,647,1,0.043137,554.500,194.500,23.52497,-0.48274,0
1785663199214612519,648,1,0.074510,555.500,195.500,23.52152,-0.40469,0
1785663199234790399,649,1,0.039216,554.500,196.500,23.50432,-0.52054,0
1785663199254682157,650,1,0.039216,554.500,202.500,23.49029,-0.56763,0
1785663199274843704,651,1,0.062745,559.500,198.500,23.56925,0.59044,0
1785663199294647672,652,1,0.074510,554.500,193.500,23.56120,0.33767,0
1785663199314702178,653,1,0.094118,555.500,195.500,23.56666,0.32086,0
1785663199335470969,654,1,0.039216,554.500,201.500,23.55125,0.03825,0
1785663199355140938,655,1,0.129412,554.500,201.500,23.53410,-0.19098,0
1785663199377703752,656,1,0.039216,554.500,201.500,23.51806,-0.34114,0
1785663199394914163,657,0,0.039216,554.500,201.500,23.51218,-0.34114,1
1785663199414644339,658,1,0.043137,555.500,203.500,23.52135,-0.15284,0
1785663199437091405,659,0,,,,23.51791,-0.15284,1
1785663199455447262,660,0,,,,23.51511,-0.15284,1
1785663199477258376,661,0,,,,23.51178,-0.15284,1
1785663199494804199,662,1,0.074510,554.500,196.500,23.50349,-0.20341,0
1785663199515542949,663,1,0.031373,559.500,198.500,23.61274,0.88989,0
1785663199538991129,664,1,0.047059,554.500,201.500,23.59298,0.44132,0
1785663199555183008,665,1,0.074510,561.500,196.500,23.69198,1.54492,0
1785663199577918904,666,1,0.031373,553.500,197.500,23.64269,0.46308,0
1785663199595535102,667,1,0.043137,552.500,201.500,23.56634,-0.64125,0
1785663199615196446,668,1,0.058824,559.500,198.500,23.61222,0.12489,0
1785663199635457742,669,1,0.062745,552.500,201.500,23.53760,-0.87884,0
1785663199655683455,670,0,,,,23.51983,-0.87884,1
1785663199675441048,671,1,0.070588,549.500,201.500,23.37125,-2.43240,0
1785663199695367222,672,1,0.039216,560.500,195.500,23.48258,-0.56184,0
1785663199714830818,673,1,0.054902,554.500,194.500,23.47771,-0.48916,0
1785663199735417611,674,1,0.054902,559.500,198.500,23.56491,0.71235,0
1785663199755502159,675,1,0.031373,554.500,201.500,23.56133,0.48643,0
1785663199777645811,676,0,,,,23.57210,0.48643,1
1785663199798613725,677,1,0.082353,560.500,195.500,23.69485,1.80746,0
1785663199814996185,678,1,0.058824,556.500,200.500,23.69610,1.47514,0
1785663199839573230,679,1,0.050980,549.500,201.500,23.56213,-0.58516,0
1785663199858663787,680,1,0.058824,549.500,201.500,23.43128,-2.07691,0
1785663199882858169,681,0,,,,23.38103,-2.07691,1
1785663199899341545,682,1,0.031373,553.500,193.500,23.36491,-1.86165,0
1785663199919060638,683,0,,,,23.32820,-1.86165,1
1785663199941622619,684,1,0.043137,553.500,202.500,23.34347,-1.24132,0
1785663199959151318,685,0,,,,23.32171,-1.24132,1
1785663199981490510,686,1,0.043137,555.500,195.500,23.41523,0.03280,0
1785663199999544370,687,1,0.074510,555.500,195.500,23.47915,0.72836,0
1785663200019916081,688,0,,,,23.49398,0.72836,1
1785663200039018223,689,1,0.054902,553.500,196.500,23.49990,0.63833,0
1785663200058982605,690,1,0.054902,555.500,194.500,23.54188,0.97510,0
1785663200079121694,691,1,0.058824,555.500,195.500,23.57377,1.12251,0
1785663200100069567,692,1,0.058824,555.500,193.500,23.59757,1.12608,0
1785663200120442278,693,1,0.058824,554.500,201.500,23.59260,0.77038,0
1785663200140598575,694,1,0.086275,554.500,196.500,23.57979,0.40614,0
1785663200160281211,695,1,0.031373,553.500,199.500,23.54393,-0.15867,0
1785663200180510132,696,1,0.129412,556.500,196.500,23.55993,0.08837,0
1785663200200790678,697,1,0.047059,549.500,201.500,23.45227,-1.31652,0
1785663200223626031,698,1,0.094118,555.500,195.500,23.45278,-0.92490,0
1785663200240396571,699,1,0.039216,552.500,194.500,23.41654,-1.19101,0
1785663200267847503,700,1,0.047059,560.500,199.500,23.53083,0.70158,0
1785663200294299904,701,1,0.047059,555.500,195.500,23.55897,0.82482,0
1785663200310638906,702,0,0.047059,555.500,195.500,23.57245,0.82482,1
1785663200330733370,703,1,0.074510,553.500,193.500,23.53820,0.22195,0
1785663200353299685,704,1,0.047059,550.500,201.500,23.44444,-0.93791,0
1785663200371064923,705,0,0.047059,550.500,201.500,23.42778,-0.93791,1
1785663200390922265,706,1,0.070588,556.500,201.500,23.48915,-0.03279,0
1785663200411267268,707,0,,,,23.48848,-0.03279,1
1785663200430923070,708,1,0.054902,553.500,195.500,23.47414,-0.18060,0
1785663200456578687,709,0,0.054902,553.500,195.500,23.46951,-0.18060,1
1785663200472622526,710,1,0.050980,553.500,201.500,23.45988,-0.25238,0
1785663200490860551,711,1,0.066667,556.500,197.500,23.51606,0.41899,0
1785663200512439750,712,0,,,,23.52510,0.41899,1
1785663200530882648,713,1,0.062745,554.500,194.500,23.52856,0.37107,0
1785663200550877655,714,1,0.094118,559.500,196.500,23.62935,1.44349,0
1785663200570805579,715,0,,,,23.65811,1.44349,1
1785663200593052647,716,1,0.054902,553.500,201.500,23.59805,0.40616,0
1785663200610839052,717,1,0.047059,549.500,201.500,23.46917,-1.15745,0
1785663200630771934,718,0,,,,23.44610,-1.15745,1
1785663200654366947,719,1,0.047059,556.500,200.500,23.48789,-0.38067,0
1785663200678629578,720,1,0.078431,553.500,195.500,23.46269,-0.56506,0
1785663200703283621,721,1,0.074510,554.500,195.500,23.47003,-0.30676,0
1785663200722982881,722,1,0.105882,555.500,196.500,23.49919,0.13554,0
1785663200747902922,723,1,0.031373,549.500,201.500,23.40771,-1.07971,0
1785663200763422933,724,0,0.031373,549.500,201.500,23.39095,-1.07971,1
1785663200783480356,725,1,0.047059,555.500,195.500,23.45373,-0.07139,0
1785663200802698954,726,0,0.047059,555.500,195.500,23.45236,-0.07139,1
1785663200823000208,727,1,0.058824,552.500,201.500,23.43131,-0.28641,0
1785663200842819926,728,1,0.054902,553.500,198.500,23.43806,-0.14764,0
1785663200862828349,729,1,0.050980,555.500,201.500,23.48143,0.39667,0
1785663200882644858,730,1,0.043137,549.500,201.500,23.41398,-0.53032,0
1785663200902771697,731,1,0.074510,555.500,195.500,23.45453,0.11909,0
1785663200925534468,732,1,0.050980,555.500,195.500,23.49791,0.64179,0
1785663200943148916,733,0,0.050980,555.500,195.500,23.50922,0.64179,1
1785663200962850384,734,1,0.039216,554.500,201.500,23.52612,0.69249,0
1785663200983042556,735,1,0.031373,560.500,198.500,23.65642,2.06237,0
1785663201003407976,736,1,0.058824,555.500,195.500,23.67133,1.73606,0
1785663201032435642,737,1,0.062745,554.500,199.500,23.64497,0.77499,0
1785663201054344047,738,1,0.141176,556.500,194.500,23.63947,0.48783,0
1785663201074353054,739,1,0.098039,553.500,195.500,23.57400,-0.48090,0
1785663201094509934,740,1,0.062745,554.500,203.500,23.53551,-0.85228,0
1785663201114533816,741,1,0.058824,554.500,202.500,23.50615,-1.01064,0
1785663201134500824,742,0,,,,23.48597,-1.01064,1
1785663201154695912,743,1,0.054902,553.500,201.500,23.45316,-1.15669,0
1785663201174625587,744,1,0.086275,554.500,201.500,23.45447,-0.87203,0
1785663201194739592,745,0,0.086275,554.500,201.500,23.43693,-0.87203,1
1785663201214563101,746,1,0.047059,554.500,200.500,23.45722,-0.44885,0
1785663201234841022,747,0,,,,23.44812,-0.44885,1
1785663201255435107,748,0,,,,23.43887,-0.44885,1
1785663201274641747,749,0,,,,23.43025,-0.44885,1
1785663201294544005,750,0,,,,,,0
1785663201314994591,751,0,,,,,,0
1785663201336605707,752,1,0.168627,558.500,197.500,23.68081,0.00000,0
1785663201354541276,753,1,0.050980,553.500,197.500,23.51509,-6.39332,0
1785663201375626522,754,1,0.050980,549.500,201.500,23.20475,-11.41679,0
1785663201395591196,755,0,0.050980,549.500,201.500,22.97681,-11.41679,1
1785663201414755253,756,1,0.047059,554.500,197.500,23.00344,-7.51249,0
1785663201438575430,757,1,0.035294,553.500,200.500,23.10913,-3.71195,0
1785663201458593187,758,0,0.035294,553.500,200.500,23.03483,-3.71195,1
1785663201479146147,759,1,0.035294,554.500,201.500,23.25544,-0.37663,0
1785663201499005531,760,1,0.047059,553.500,201.500,23.35085,0.77709,0
1785663201520729604,761,0,,,,23.36773,0.77709,1
1785663201538645632,762,1,0.090196,553.500,197.500,23.43481,1.36878,0
1785663201558853553,763,0,0.090196,553.500,197.500,23.46248,1.36878,1
1785663201578677062,764,1,0.078431,555.500,195.500,23.54067,1.91624,0
1785663201598737985,765,1,0.062745,559.500,198.500,23.66553,2.87417,0
1785663201620432809,766,1,0.039216,553.500,201.500,23.63911,1.82582,0
1785663201640565481,767,0,0.039216,553.500,201.500,23.67587,1.82582,1
1785663201659373417,768,1,0.086275,555.500,194.500,23.66384,1.28542,0
1785663201679140926,769,1,0.062745,553.500,198.500,23.60876,0.34336,0
1785663201706917438,770,0,,,,23.61829,0.34336,1
1785663201724566802,771,1,0.070588,555.500,194.500,23.59148,-0.03158,0
1785663201738831201,772,1,0.098039,555.500,195.500,23.57293,-0.24031,0
1785663201758690584,773,1,0.066667,548.500,201.500,23.43076,-1.89009,0
1785663201778451969,774,0,,,,23.39341,-1.89009,1
1785663201798525142,775,1,0.047059,548.500,198.500,23.25913,-3.01169,0
1785663201818417483,776,1,0.058824,553.500,201.500,23.26429,-2.25111,0
1785663201838598863,777,0,,,,23.21886,-2.25111,1
1785663201858595329,778,1,0.054902,558.500,197.500,23.39892,0.29616,0
1785663201878497587,779,1,0.086275,555.500,195.500,23.47492,1.10074,0
1785663201899690457,780,0,0.086275,555.500,195.500,23.49824,1.10074,1
1785663201918559642,781,1,0.031373,554.500,201.500,23.52326,1.14880,0
1785663201938502441,782,1,0.035294,549.500,201.500,23.43832,-0.08883,0
1785663201958540031,783,1,0.043137,556.500,195.500,23.50298,0.70568,0
1785663201978872493,784,1,0.039216,549.500,202.500,23.42911,-0.38957,0
1785663201998572337,785,0,0.039216,549.500,202.500,23.42144,-0.38957,1
1785663202018917632,786,1,0.031373,553.500,201.500,23.43123,-0.18093,0
1785663202039700131,787,1,0.070588,553.500,195.500,23.44116,-0.02030,0
1785663202058647774,788,1,0.062745,547.500,199.500,23.34016,-1.23298,0
1785663202082471743,789,1,0.043137,552.500,201.500,23.34494,-0.80750,0
1785663202102527999,790,1,0.043137,555.500,201.500,23.41421,0.27856,0
1785663202124011366,791,1,0.054902,555.500,195.500,23.47784,1.01791,0
1785663202143810959,792,1,0.082353,553.500,201.500,23.49175,0.93767,0
1785663202167266056,793,1,0.031373,555.500,195.500,23.53937,1.26674,0
1785663202182551527,794,0,0.031373,555.500,195.500,23.55873,1.26674,1
1785663202203780563,795,1,0.094118,547.500,200.500,23.41064,-0.80895,0
1785663202223824278,796,1,0.047059,554.500,203.500,23.42980,-0.39201,0
1785663202255207504,797,0,,,,23.41750,-0.39201,1
1785663202270839222,798,0,,,,23.41137,-0.39201,1
1785663202291432431,799,1,0.058824,549.500,195.500,23.31619,-1.28835,0
1785663202310892527,800,1,0.050980,546.500,202.500,23.21097,-2.13498,0
1785663202330827160,801,0,0.050980,546.500,202.500,23.16841,-2.13498,1
1785663202352698523,802,0,,,,23.12171,-2.13498,1
1785663202370666301,803,0,,,,23.08335,-2.13498,1
1785663202398921100,804,1,0.117647,560.500,199.500,23.54404,2.50443,0
1785663202422421822,805,1,0.031373,555.500,193.500,23.60715,2.54693,0
1785663202442533203,806,0,,,,23.65837,2.54693,1
1785663202462617167,807,1,0.066667,553.500,201.500,23.59801,1.31249,0
1785663202482468092,808,1,0.047059,554.500,197.500,23.58118,0.81710,0
1785663202502523766,809,1,0.047059,553.500,201.500,23.54625,0.19249,0
1785663202522468898,810,1,0.066667,553.500,194.500,23.51616,-0.23544,0
1785663202542568904,811,1,0.047059,554.500,199.500,23.50754,-0.28541,0
1785663202562539703,812,1,0.054902,553.500,194.500,23.48439,-0.51069,0
1785663202582514877,813,1,0.066667,560.500,198.500,23.58924,0.97339,0
1785663202602567634,814,0,,,,23.60876,0.97339,1
1785663202622715764,815,0,,,,23.62837,0.97339,1
1785663202648297215,816,1,0.058824,560.500,197.500,23.74566,1.93042,0
1785663202662922526,817,0,0.058824,560.500,197.500,23.77390,1.93042,1
1785663202684119313,818,1,0.054902,554.500,196.500,23.67560,0.50582,0
1785663202706511004,819,0,,,,23.68693,0.50582,1
1785663202726502220,820,0,,,,23.69704,0.50582,1
1785663202748087503,821,1,0.031373,558.500,198.500,23.69656,0.39633,0
1785663202766683691,822,1,0.113725,555.500,195.500,23.63128,-0.34633,0
1785663202786691531,823,1,0.047059,556.500,201.500,23.60760,-0.53619,0
1785663202806864745,824,1,0.058824,549.500,201.500,23.46499,-2.15310,0
1785663202826816294,825,1,0.035294,554.500,202.500,23.43863,-1.94079,0
1785663202847398128,826,0,,,,23.39869,-1.94079,1
1785663202867043139,827,1,0.074510,555.500,201.500,23.44066,-0.98433,0
1785663202886964064,828,1,0.050980,553.500,201.500,23.43121,-0.86441,0
1785663202906351535,829,1,0.035294,555.500,204.500,23.46413,-0.26538,0
1785663202926471666,830,1,0.050980,554.500,201.500,23.47599,-0.05223,0
1785663202946532006,831,1,0.066667,551.500,201.500,23.43445,-0.56419,0
1785663202966630554,832,1,0.047059,553.500,193.500,23.43547,-0.40614,0
1785663202987781132,833,0,,,,23.42688,-0.40614,1
1785663203008001304,834,0,,,,23.41867,-0.40614,1
1785663203026778323,835,0,,,,23.41104,-0.40614,1
1785663203046703914,836,0,,,,,,0
1785663203066815587,837,1,0.078431,548.500,199.500,23.24628,0.00000,0
1785663203087010092,838,0,0.078431,548.500,199.500,23.24628,0.00000,1
1785663203107177181,839,1,0.074510,550.500,196.500,23.32742,1.85224,0
1785663203126932732,840,1,0.047059,556.500,201.500,23.57172,5.92497,0
1785663203146800574,841,1,0.043137,554.500,195.500,23.72084,6.46371,0
1785663203167404283,842,1,0.043137,555.500,201.500,23.83100,6.11368,0
1785663203186799630,843,1,0.050980,549.500,196.500,23.74794,3.29293,0
1785663203207264507,844,1,0.098039,555.500,196.500,23.75413,2.48438,0
1785663203227948716,845,1,0.160784,556.500,195.500,23.75758,1.86999,0
1785663203246787276,846,1,0.043137,553.500,201.500,23.68597,0.51365,0
1785663203266702367,847,1,0.066667,552.500,192.500,23.59208,-0.80665,0
1785663203286516543,848,1,0.039216,554.500,200.500,23.53495,-1.32990,0
1785663203306734381,849,1,0.035294,553.500,201.500,23.46820,-1.83834,0
1785663203326657931,850,1,0.035294,549.500,201.500,23.34446,-2.95208,0
1785663203350392650,851,0,,,,23.27439,-2.95208,1
1785663203370429365,852,1,0.105882,554.500,198.500,23.34270,-1.45591,0
1785663203391696026,853,0,0.105882,554.500,198.500,23.31174,-1.45591,1
1785663203410976165,854,1,0.050980,549.500,201.500,23.27049,-1.59891,0
1785663203432499490,855,0,,,,23.23608,-1.59891,1
1785663203452746203,856,0,,,,23.20370,-1.59891,1
1785663203470930854,857,1,0.078431,560.500,198.500,23.53395,1.88391,0
1785663203490943361,858,1,0.062745,559.500,199.500,23.68411,3.03053,0
1785663203511310531,859,0,,,,23.74583,3.03053,1
1785663203530640545,860,1,0.086275,554.500,201.500,23.70736,1.97180,0
1785663203550583636,861,1,0.043137,554.500,201.500,23.65405,0.91852,0
1785663203570573976,862,0,0.043137,554.500,201.500,23.67241,0.91852,1
1785663203590607774,863,1,0.047059,547.500,201.500,23.44637,-1.85785,0
1785663203610593448,864,1,0.035294,554.500,201.500,23.41963,-1.73777,0
1785663203631226907,865,1,0.101961,554.500,194.500,23.42183,-1.27974,0
1785663203652352986,866,0,0.101961,554.500,194.500,23.39480,-1.27974,1
1785663203671804916,867,0,,,,23.36990,-1.27974,1
1785663203693135159,868,0,,,,23.34261,-1.27974,1
1785663203711987720,869,1,0.039216,549.500,201.500,23.25956,-1.83502,0
1785663203731670063,870,1,0.098039,556.500,201.500,23.37770,-0.31125,0
1785663203751969276,871,1,0.098039,555.500,194.500,23.44551,0.50329,0
1785663203770877835,872,1,0.058824,547.500,201.500,23.36024,-0.63303,0
1785663203792145663,873,0,,,,23.34678,-0.63303,1
1785663203813471240,874,1,0.031373,554.500,201.500,23.41178,0.29232,0
1785663203831013355,875,1,0.125490,553.500,201.500,23.44259,0.59606,0
1785663203852784594,876,1,0.047059,554.500,197.500,23.48802,0.99075,0
1785663203871901985,877,1,0.086275,549.500,201.500,23.43429,0.08344,0
1785663203890894836,878,1,0.043137,554.500,202.500,23.46504,0.45408,0
1785663203910998342,879,0,0.043137,554.500,202.500,23.47416,0.45408,1
1785663203931426470,880,0,,,,23.48344,0.45408,1
1785663203950669276,881,1,0.058824,549.500,201.500,23.37558,-0.78839,0
1785663203970951280,882,1,0.035294,549.500,201.500,23.30944,-1.32777,0
1785663203995433826,883,1,0.109804,555.500,195.500,23.37596,-0.18546,0
1785663204015024295,884,1,0.035294,560.500,198.500,23.53645,1.81865,0
1785663204034715389,885,1,0.035294,560.500,199.500,23.68146,3.20172,0
1785663204054711271,886,0,,,,23.74548,3.20172,1
1785663204075044899,887,1,0.062745,560.500,199.500,23.85604,3.74100,0
1785663204095148697,888,0,,,,23.93125,3.74100,1
1785663204117229683,889,1,0.054902,559.500,200.500,23.93616,2.89700,0
1785663204135003671,890,1,0.039216,549.500,196.500,23.71758,-0.10646,0
1785663204155453674,891,1,0.035294,554.500,201.500,23.62436,-1.17771,0
1785663204174986977,892,0,0.035294,554.500,201.500,23.60136,-1.17771,1
1785663204195794268,893,0,,,,23.57685,-1.17771,1
1785663204216511143,894,0,,,,23.55246,-1.17771,1
1785663204237444432,895,1,0.050980,553.500,192.500,23.44649,-1.94081,0
1785663204256445449,896,1,0.066667,555.500,195.500,23.44253,-1.61504,0
1785663204277285406,897,1,0.054902,555.500,195.500,23.44351,-1.23173,0
1785663204296140883,898,1,0.043137,559.500,198.500,23.52424,0.02166,0
1785663204318153328,899,0,,,,23.52472,0.02166,1
1785663204335656360,900,0,,,,23.52510,0.02166,1
1785663204354788043,901,1,0.090196,555.500,193.500,23.54254,0.20524,0
1785663204381836021,902,0,,,,23.54810,0.20524,1
1785663204406765103,903,1,0.054902,560.500,197.500,23.69719,1.66393,0
1785663204426310073,904,0,0.054902,560.500,197.500,23.72971,1.66393,1
1785663204449105052,905,1,0.031373,560.500,195.500,23.79132,1.90867,0
1785663204466684208,906,0,0.031373,560.500,195.500,23.82488,1.90867,1
1785663204487237752,907,1,0.031373,552.500,196.500,23.64795,-0.37186,0
1785663204506639515,908,1,0.074510,553.500,192.500,23.55112,-1.36700,0
1785663204526552856,909,1,0.054902,555.500,195.500,23.51261,-1.50117,0
1785663204548244179,910,1,0.082353,554.500,202.500,23.46456,-1.69496,0
1785663204566773285,911,1,0.054902,555.500,194.500,23.45344,-1.43491,0
1785663204587212496,912,1,0.035294,554.500,201.500,23.43473,-1.29767,0
1785663204608900902,913,1,0.082353,554.500,202.500,23.42517,-1.05750,0
1785663204628673953,914,0,,,,23.40426,-1.05750,1
1785663204647987342,915,1,0.062745,549.500,201.500,23.31184,-1.91026,0
1785663204666672488,916,1,0.078431,555.500,203.500,23.36651,-0.85122,0
1785663204690763287,917,1,0.047059,555.500,195.500,23.42117,0.05384,0
1785663204712358361,918,1,0.074510,560.500,198.500,23.57214,1.91406,0
1785663204730091099,919,1,0.047059,549.500,201.500,23.50865,0.67907,0
1785663204749246990,920,1,0.086275,547.500,201.500,23.40472,-0.82151,0
1785663204766391734,921,1,0.066667,559.500,199.500,23.50656,0.67353,0
1785663204786415908,922,1,0.058824,555.500,195.500,23.54205,0.95738,0
1785663204806500747,923,0,0.058824,555.500,195.500,23.56128,0.95738,1
1785663204826430130,924,1,0.031373,553.500,193.500,23.55039,0.60234,0
1785663204846686468,925,1,0.050980,559.500,195.500,23.64752,1.59850,0
1785663204867476550,926,1,0.047059,554.500,203.500,23.63382,1.03424,0
1785663204887004020,927,1,0.043137,553.500,193.500,23.59381,0.28935,0
1785663204907868769,928,1,0.054902,551.500,201.500,23.51306,-0.80816,0
1785663204927002785,929,1,0.047059,553.500,201.500,23.47069,-1.15239,0
1785663204951298540,930,1,0.054902,548.500,198.500,23.33728,-2.50751,0
1785663204971439004,931,0,,,,23.28677,-2.50751,1
1785663204990768435,932,1,0.035294,554.500,203.500,23.32877,-1.43777,0
1785663205010826149,933,0,,,,23.29993,-1.43777,1
1785663205030808615,934,0,,,,23.27120,-1.43777,1
1785663205050350085,935,1,0.054902,553.500,193.500,23.35377,-0.34312,0
1785663205070968086,936,1,0.062745,554.500,201.500,23.42015,0.41255,0
1785663205090812428,937,0,,,,23.42833,0.41255,1
1785663205110384689,938,1,0.031373,560.500,198.500,23.62555,2.47083,0
1785663205130457279,939,1,0.062745,555.500,195.500,23.66321,2.33539,0
1785663205150305287,940,0,0.062745,555.500,195.500,23.70956,2.33539,1
1785663205170632791,941,0,,,,23.75703,2.33539,1
1785663205190640340,942,0,,,,23.80376,2.33539,1
1785663205212610827,943,1,0.043137,549.500,201.500,23.51040,-0.84984,0
1785663205231008100,944,1,0.031373,554.500,200.500,23.48316,-0.96381,0
1785663205251005732,945,1,0.054902,553.500,201.500,23.44716,-1.14837,0
1785663205270807075,946,1,0.062745,548.500,201.500,23.33229,-2.26267,0
1785663205290890456,947,1,0.050980,558.500,197.500,23.40972,-0.69792,0
1785663205310775506,948,1,0.039216,549.500,201.500,23.34146,-1.40410,0
1785663205331043802,949,1,0.054902,553.500,192.500,23.35208,-0.89558,0
1785663205350528398,950,1,0.054902,553.500,201.500,23.37198,-0.41162,0
1785663205375390897,951,0,,,,23.36174,-0.41162,1
1785663205390828867,952,1,0.047059,559.500,198.500,23.54211,1.82666,0
1785663205410915290,953,0,,,,23.57880,1.82666,1
1785663205430779215,954,1,0.043137,553.500,193.500,23.57093,1.34536,0
1785663205452338415,955,0,,,,23.59993,1.34536,1
1785663205470883561,956,1,0.058824,554.500,201.500,23.58730,0.94941,0
1785663205490789028,957,1,0.039216,554.500,202.500,23.57610,0.61993,0
1785663205511073365,958,1,0.058824,554.500,201.500,23.56399,0.33111,0
1785663205534132592,959,1,0.050980,549.500,201.500,23.45666,-1.09412,0
1785663205555039048,960,0,,,,23.43379,-1.09412,1
1785663205577491614,961,1,0.050980,553.500,201.500,23.41260,-1.05466,0
1785663205597652286,962,1,0.043137,553.500,201.500,23.40383,-0.90833,0
1785663205615936685,963,1,0.101961,559.500,198.500,23.51478,0.63009,0
1785663205636397771,964,1,0.031373,555.500,194.500,23.54757,0.87781,0
1785663205656261529,965,0,,,,23.56501,0.87781,1
1785663205676712407,966,1,0.090196,559.500,199.500,23.67610,1.97260,0
1785663205694156815,967,1,0.074510,555.500,194.500,23.67313,1.53390,0
1785663205712749503,968,0,,,,23.70164,1.53390,1
1785663205737854167,969,1,0.113725,555.500,193.500,23.67302,0.78077,0
1785663205751851692,970,1,0.031373,553.500,198.500,23.60186,-0.16231,0
1785663205773755347,971,1,0.082353,556.500,200.500,23.59369,-0.21826,0
1785663205795568877,972,1,0.050980,553.500,200.500,23.53199,-0.93382,0
1785663205813280449,973,1,0.043137,559.500,199.500,23.58359,-0.06145,0
1785663205833127583,974,1,0.121569,549.500,196.500,23.46490,-1.57742,0
1785663205853803625,975,1,0.058824,555.500,194.500,23.45475,-1.28745,0
1785663205876342523,976,1,0.039216,554.500,200.500,23.43628,-1.15186,0
1785663205892916606,977,1,0.094118,553.500,195.500,23.41807,-1.14050,0
1785663205911976539,978,1,0.058824,554.500,201.500,23.42339,-0.79223,0
1785663205933341199,979,1,0.090196,556.500,196.500,23.47566,0.09627,0
1785663205954907982,980,1,0.039216,554.500,201.500,23.49033,0.25778,0
1785663205974463452,981,1,0.066667,554.500,203.500,23.50155,0.33687,0
1785663205992981183,982,0,,,,23.50778,0.33687,1
1785663206005381266,983,0,,,,23.51196,0.33687,1
1785663206025806477,984,1,0.098039,554.500,201.500,23.51785,0.32607,0
1785663206045899775,985,1,0.082353,552.500,203.500,23.48026,-0.15614,0
1785663206066096030,986,1,0.047059,553.500,194.500,23.46911,-0.24799,0
1785663206092355099,987,1,0.050980,553.500,201.500,23.45974,-0.28301,0
1785663206105118887,988,0,0.050980,553.500,201.500,23.45613,-0.28301,1
1785663206126262758,989,1,0.094118,553.500,195.500,23.45256,-0.25424,0
1785663206145706229,990,1,0.031373,557.500,200.500,23.52760,0.70165,0
1785663206164927452,991,1,0.047059,558.500,197.500,23.61064,1.55167,0
1785663206184100259,992,1,0.047059,552.500,194.500,23.57632,0.75044,0
1785663206205744916,993,1,0.047059,554.500,201.500,23.56965,0.45910,0
1785663206225339469,994,1,0.082353,549.500,195.500,23.46991,-0.93451,0
1785663206245154228,995,0,,,,23.45140,-0.93451,1
1785663206256379490,996,1,0.031373,560.500,199.500,23.58117,0.78504,0
1785663206276256082,997,1,0.035294,554.500,201.500,23.56423,0.39500,0
1785663206298346693,998,1,0.047059,554.500,201.500,23.54823,0.09480,0
1785663206317613416,999,0,0.047059,554.500,201.500,23.55006,0.09480,1
1785663206339642486,1000,1,0.043137,553.500,201.500,23.50525,-0.44533,0
1785663206357592638,1001,1,0.035294,554.500,198.500,23.49804,-0.43625,0
1785663206379744499,1002,1,0.168627,553.500,195.500,23.47387,-0.61098,0
1785663206399623424,1003,1,0.035294,554.500,196.500,23.47568,-0.43737,0
1785663206417867574,1004,1,0.043137,553.500,201.500,23.46256,-0.50269,0
1785663206438927570,1005,1,0.121569,556.500,193.500,23.50574,0.18785,0
1785663206457200594,1006,0,,,,23.50917,0.18785,1
1785663206480151447,1007,1,0.066667,560.500,198.500,23.65121,1.80936,0
1785663206498046475,1008,1,0.043137,554.500,197.500,23.61898,1.04963,0
1785663206525164077,1009,1,0.098039,547.500,199.500,23.45485,-1.29568,0
1785663206536195299,1010,0,0.098039,547.500,199.500,23.44056,-1.29568,1
1785663206558493283,1011,0,,,,23.41167,-1.29568,1
1785663206578040420,1012,1,0.070588,554.500,194.500,23.42826,-0.84386,0
1785663206598156593,1013,1,0.090196,549.500,200.500,23.33514,-1.67623,0
1785663206616949529,1014,1,0.031373,548.500,198.500,23.25122,-2.28162,0
1785663206633661110,1015,1,0.050980,554.500,195.500,23.29643,-1.26922,0
1785663206648705417,1016,1,0.047059,553.500,195.500,23.33047,-0.60052,0
1785663206671136400,1017,1,0.074510,552.500,192.500,23.34929,-0.18338,0
1785663206691444696,1018,1,0.039216,558.500,195.500,23.47656,1.51873,0
1785663206712330652,1019,1,0.070588,553.500,201.500,23.51521,1.60847,0
1785663206734716635,1020,1,0.047059,560.500,198.500,23.67170,3.15994,0
1785663206754228814,1021,0,,,,23.73335,3.15994,1
1785663206768077383,1022,1,0.031373,553.500,201.500,23.67329,1.90533,0
1785663206792721010,1023,1,0.031373,560.500,198.500,23.77710,2.57783,0
1785663206813739048,1024,1,0.058824,560.500,198.500,23.85487,2.86318,0
1785663206832666274,1025,0,,,,23.90906,2.86318,1
1785663206848747488,1026,0,,,,23.95510,2.86318,1
1785663206873593529,1027,1,0.047059,553.500,201.500,23.73990,-0.12263,0
1785663206893378372,1028,1,0.031373,554.500,195.500,23.62126,-1.37269,0
1785663206912513263,1029,1,0.109804,549.500,201.500,23.43984,-3.16020,0
1785663206932611519,1030,0,,,,23.37633,-3.16020,1
1785663206951878283,1031,1,0.035294,555.500,203.500,23.37277,-2.49574,0
1785663206976889365,1032,1,0.090196,560.500,198.500,23.47857,-0.52312,0
1785663206989457072,1033,1,0.050980,559.500,198.500,23.56402,0.59161,0
1785663207013648537,1034,1,0.043137,554.500,201.500,23.55710,0.32196,0
1785663207033651877,1035,1,0.047059,548.500,201.500,23.43798,-1.29931,0
1785663207048437770,1036,1,0.094118,553.500,193.500,23.41919,-1.29390,0
1785663207063162705,1037,0,0.094118,553.500,193.500,23.40014,-1.29390,1
1785663207081815559,1038,1,0.066667,555.500,196.500,23.42905,-0.64919,0
1785663207106238021,1039,0,,,,23.41320,-0.64919,1
1785663207126005906,1040,0,,,,23.40036,-0.64919,1
1785663207140529093,1041,0,,,,23.39094,-0.64919,1
1785663207164668017,1042,1,0.082353,553.500,195.500,23.42996,-0.15348,0
1785663207180707355,1043,0,0.082353,553.500,195.500,23.42750,-0.15348,1
1785663207202003766,1044,1,0.031373,554.500,194.500,23.47131,0.29518,0
1785663207221014991,1045,1,0.035294,555.500,195.500,23.51737,0.71895,0
1785663207236177422,1046,1,0.050980,553.500,196.500,23.51262,0.53935,0
1785663207255094732,1047,1,0.050980,556.500,194.500,23.55766,0.97232,0
1785663207275940230,1048,1,0.066667,554.500,202.500,23.56467,0.80088,0
1785663207296060070,1049,1,0.047059,553.500,201.500,23.54654,0.35382,0
1785663207314599675,1050,1,0.035294,553.500,193.500,23.52372,-0.02905,0
1785663207339320801,1051,1,0.047059,554.500,202.500,23.51508,-0.13157,0
1785663207354424232,1052,1,0.031373,554.500,201.500,23.50833,-0.19319,0
1785663207376756174,1053,1,0.050980,555.500,195.500,23.52043,0.01902,0
1785663207397562298,1054,0,,,,23.52083,0.01902,1
1785663207419003291,1055,1,0.086275,554.500,202.500,23.51328,-0.07444,0
1785663207435790455,1056,1,0.058824,559.500,198.500,23.60542,1.01820,0
1785663207454784764,1057,1,0.070588,557.500,200.500,23.64466,1.25694,0
1785663207479698180,1058,1,0.058824,555.500,201.500,23.64516,0.87363,0
1785663207500100225,1059,1,0.035294,553.500,201.500,23.59545,0.01545,0
1785663207515132573,1060,1,0.117647,554.500,197.500,23.56210,-0.41672,0
1785663207536333318,1061,1,0.054902,553.500,193.500,23.51209,-0.94989,0
1785663207558732510,1062,0,,,,23.49081,-0.94989,1
1785663207577878484,1063,1,0.054902,552.500,194.500,23.42415,-1.52518,0
1785663207594761147,1064,1,0.039216,553.500,201.500,23.40256,-1.47640,0
1785663207615429606,1065,1,0.050980,548.500,200.500,23.29565,-2.39405,0
1785663207635792693,1066,1,0.039216,553.500,201.500,23.29506,-1.79881,0
1785663207654635920,1067,0,,,,23.26116,-1.79881,1
1785663207675324795,1068,1,0.047059,554.500,194.500,23.33504,-0.49626,0
1785663207696140544,1069,1,0.086275,556.500,193.500,23.43960,0.85037,0
1785663207716083051,1070,1,0.086275,553.500,193.500,23.47494,1.07196,0
1785663207735984726,1071,0,,,,23.49627,1.07196,1
1785663207755173283,1072,1,0.039216,554.500,202.500,23.53303,1.26027,0
1785663207775135915,1073,1,0.047059,559.500,199.500,23.65601,2.40042,0
1785663207794817676,1074,1,0.047059,553.500,201.500,23.64200,1.66432,0
1785663207818830059,1075,1,0.094118,552.500,201.500,23.59987,0.64180,0
1785663207840794671,1076,0,,,,23.61397,0.64180,1
1785663207859154320,1077,1,0.031373,560.500,199.500,23.71633,1.70938,0
1785663207879380616,1078,1,0.047059,553.500,194.500,23.64825,0.50776,0
1785663207900048492,1079,1,0.031373,553.500,201.500,23.58285,-0.40489,0
1785663207920517744,1080,0,,,,23.57456,-0.40489,1
1785663207940810248,1081,1,0.058824,553.500,196.500,23.50249,-1.14253,0
1785663207959444644,1082,1,0.098039,555.500,195.500,23.49281,-1.00764,0
1785663207978709908,1083,1,0.062745,560.500,198.500,23.58018,0.27388,0
1785663207998711915,1084,1,0.058824,560.500,198.500,23.66371,1.24206,0
1785663208018633715,1085,1,0.054902,559.500,200.500,23.72236,1.67199,0
1785663208038912803,1086,0,,,,23.75627,1.67199,1
1785663208059704927,1087,0,,,,23.79104,1.67199,1
1785663208080558592,1088,1,0.062745,554.500,200.500,23.66544,-0.02262,0
1785663208098975115,1089,1,0.043137,555.500,195.500,23.60912,-0.62178,0
1785663208118830415,1090,1,0.035294,555.500,201.500,23.56610,-0.97178,0
1785663208138840880,1091,1,0.039216,553.500,201.500,23.49639,-1.58133,0
1785663208160020042,1092,1,0.043137,552.500,201.500,23.41831,-2.14430,0
1785663208179055184,1093,1,0.039216,553.500,201.500,23.37709,-2.14954,0
1785663208198732861,1094,0,,,,23.33479,-2.14954,1
1785663208218791742,1095,0,,,,23.29167,-2.14954,1
1785663208238840999,1096,1,0.050980,555.500,193.500,23.38596,-0.68502,0
1785663208258637966,1097,1,0.035294,549.500,201.500,23.31799,-1.27040,0
1785663208278707640,1098,0,,,,23.29249,-1.27040,1
1785663208300979665,1099,0,,,,23.26420,-1.27040,1
1785663208322621989,1100,1,0.058824,558.500,197.500,23.49505,1.30451,0
1785663208342902827,1101,0,,,,23.52151,1.30451,1
1785663208360696356,1102,0,,,,23.54472,1.30451,1
1785663208379932163,1103,1,0.035294,554.500,191.500,23.56135,1.22460,0
1785663208398698390,1104,1,0.047059,557.500,200.500,23.63328,1.71764,0
1785663208418586357,1105,0,,,,23.66744,1.71764,1
1785663208442231536,1106,1,0.050980,553.500,195.500,23.61318,0.68461,0
1785663208462788579,1107,1,0.035294,553.500,201.500,23.56391,-0.04052,0
1785663208482434756,1108,1,0.062745,553.500,201.500,23.51929,-0.57131,0
1785663208502407597,1109,1,0.066667,559.500,198.500,23.58796,0.43770,0
1785663208524533499,1110,0,,,,23.59765,0.43770,1
1785663208542658650,1111,0,,,,23.60558,0.43770,1
1785663208564991342,1112,1,0.070588,554.500,200.500,23.55054,-0.24523,0
1785663208584750393,1113,0,0.070588,554.500,200.500,23.54570,-0.24523,1
1785663208603005918,1114,1,0.090196,553.500,193.500,23.49048,-0.76377,0
1785663208623254964,1115,1,0.062745,554.500,197.500,23.47638,-0.74912,0
1785663208644948037,1116,1,0.035294,554.500,202.500,23.46637,-0.67639,0
1785663208662847732,1117,0,,,,23.45426,-0.67639,1
1785663208683216652,1118,0,,,,23.44048,-0.67639,1
1785663208703304117,1119,1,0.062745,555.500,194.500,23.48840,-0.02641,0
1785663208723671870,1120,0,,,,23.48786,-0.02641,1
1785663208748556120,1121,1,0.035294,559.500,198.500,23.63371,1.46132,0
1785663208763720509,1122,1,0.050980,549.500,201.500,23.51372,-0.06474,0
1785663208783026606,1123,1,0.043137,561.500,201.500,23.63542,1.37602,0
1785663208805516672,1124,1,0.031373,554.500,201.500,23.62325,0.83640,0
1785663208824617938,1125,1,0.074510,554.500,201.500,23.59927,0.32235,0
1785663208843616038,1126,1,0.094118,548.500,201.500,23.46646,-1.48173,0
1785663208866637348,1127,1,0.149020,552.500,194.500,23.40147,-1.88186,0
1785663208884830165,1128,1,0.039216,555.500,195.500,23.41023,-1.32590,0
1785663208906109659,1129,1,0.031373,554.500,201.500,23.41160,-0.94516,0
1785663208926839367,1130,1,0.039216,554.500,201.500,23.42275,-0.55067,0
1785663208944971810,1131,1,0.043137,554.500,202.500,23.44125,-0.18546,0
1785663208965768017,1132,1,0.074510,554.500,199.500,23.46250,0.13630,0
1785663208984813367,1133,1,0.062745,559.500,196.500,23.57047,1.48629,0
1785663209004684126,1134,1,0.062745,553.500,193.500,23.56925,1.09234,0
1785663209023868308,1135,1,0.050980,554.500,201.500,23.57382,0.88245,0
1785663209045558173,1136,1,0.058824,550.500,201.500,23.50126,-0.29169,0
1785663209065764053,1137,1,0.031373,553.500,193.500,23.47805,-0.51358,0
1785663209086990172,1138,0,,,,23.46715,-0.51358,1
1785663209107133636,1139,0,,,,23.45680,-0.51358,1
1785663209127995176,1140,1,0.058824,547.500,200.500,23.27487,-2.31218,0
1785663209147474814,1141,1,0.031373,554.500,201.500,23.32036,-1.34622,0
1785663209166810661,1142,1,0.054902,558.500,198.500,23.43853,0.29363,0
1785663209187285455,1143,0,,,,23.44454,0.29363,1
1785663209210953092,1144,1,0.058824,553.500,199.500,23.46513,0.44901,0
1785663209230286897,1145,1,0.031373,555.500,201.500,23.51778,0.96079,0
1785663209246490276,1146,0,0.031373,555.500,201.500,23.53334,0.96079,1
1785663209266751863,1147,1,0.039216,554.500,194.500,23.55751,1.01448,0
1785663209287815235,1148,0,,,,23.57888,1.01448,1
1785663209307533453,1149,0,,,,23.59888,1.01448,1
1785663209328944779,1150,0,,,,23.62060,1.01448,1
1785663209347563425,1151,1,0.101961,555.500,195.500,23.60396,0.69471,0
1785663209367502433,1152,1,0.047059,553.500,195.500,23.55199,0.06024,0
1785663209386809405,1153,1,0.058824,554.500,201.500,23.53363,-0.15221,0
1785663209407491572,1154,1,0.058824,558.500,197.500,23.59019,0.56779,0
1785663209427382164,1155,0,,,,23.60149,0.56779,1
1785663209447002966,1156,1,0.031373,555.500,194.500,23.59234,0.32637,0
1785663209467008473,1157,1,0.050980,555.500,201.500,23.58216,0.12804,0
1785663209486880107,1158,1,0.058824,553.500,195.500,23.53570,-0.46741,0
1785663209509478671,1159,1,0.039216,560.500,199.500,23.61996,0.71653,0
1785663209527027078,1160,1,0.039216,554.500,201.500,23.59346,0.22000,0
1785663209546869253,1161,1,0.050980,554.500,201.500,23.56444,-0.20860,0
1785663209566894301,1162,1,0.090196,553.500,193.500,23.51869,-0.74364,0
1785663209586979141,1163,1,0.090196,553.500,193.500,23.47614,-1.09885,0
1785663209606907357,1164,1,0.043137,549.500,201.500,23.36999,-2.18060,0
1785663209630441162,1165,0,,,,23.31867,-2.18060,1
1785663209647566490,1166,1,0.066667,560.500,198.500,23.49193,0.32109,0
1785663209667644913,1167,0,,,,23.49838,0.32109,1
1785663209693142323,1168,1,0.078431,555.500,196.500,23.54206,0.70176,0
1785663209707558803,1169,1,0.035294,555.500,195.500,23.56443,0.83728,0
1785663209734436157,1170,0,,,,23.58693,0.83728,1
1785663209760729934,1171,1,0.054902,553.500,193.500,23.54851,0.16525,0
1785663209778840210,1172,1,0.086275,556.500,203.500,23.57247,0.40633,0
1785663209798871967,1173,0,0.086275,556.500,203.500,23.58061,0.40633,1
1785663209819850214,1174,1,0.070588,553.500,201.500,23.52783,-0.29059,0
1785663209840156718,1175,1,0.054902,556.500,200.500,23.54986,0.03237,0
1785663209860202183,1176,1,0.047059,549.500,201.500,23.43794,-1.32287,0
1785663209879890527,1177,0,0.047059,549.500,201.500,23.41190,-1.32287,1
1785663209899749910,1178,1,0.054902,555.500,201.500,23.44490,-0.63271,0
1785663209919732001,1179,1,0.043137,548.500,198.500,23.33544,-1.76354,0
1785663209939969672,1180,1,0.094118,558.500,196.500,23.43223,-0.16744,0
1785663209963526560,1181,1,0.082353,555.500,195.500,23.47982,0.47492,0
1785663209979648773,1182,0,0.082353,555.500,195.500,23.48748,0.47492,1
1785663209999994360,1183,1,0.043137,549.500,201.500,23.39837,-0.69356,0
1785663210020507945,1184,1,0.035294,551.500,202.500,23.36728,-0.89228,0
1785663210042856387,1185,1,0.031373,554.500,201.500,23.40026,-0.25113,0
1785663210062986434,1186,0,,,,23.39520,-0.25113,1
1785663210082990775,1187,0,,,,23.39018,-0.25113,1
1785663210105851378,1188,1,0.031373,554.500,203.500,23.46038,0.53414,0
1785663210125142600,1189,0,0.031373,554.500,203.500,23.47068,0.53414,1
1785663210144640321,1190,1,0.066667,560.500,198.500,23.66448,2.39980,0
1785663210162528641,1191,0,,,,23.70741,2.39980,1
1785663210183955134,1192,1,0.043137,549.500,201.500,23.51719,-0.10069,0
1785663210202560363,1193,0,0.043137,549.500,201.500,23.51531,-0.10069,1
1785663210222378039,1194,1,0.054902,555.500,193.500,23.53304,0.10722,0
1785663210242775833,1195,1,0.039216,554.500,201.500,23.52356,-0.02201,0
1785663210264606280,1196,1,0.039216,553.500,202.500,23.49629,-0.34060,0
1785663210283043220,1197,0,0.039216,553.500,202.500,23.49001,-0.34060,1
1785663210302806063,1198,1,0.050980,554.500,196.500,23.48922,-0.27105,0
1785663210322680904,1199,1,0.039216,553.500,201.500,23.46928,-0.44214,0
1785663210342980117,1200,0,,,,23.46030,-0.44214,1
1785663210363167913,1201,1,0.031373,553.500,201.500,23.44780,-0.48266,0
1785663210382936298,1202,1,0.062745,555.500,195.500,23.48150,0.01386,0
1785663210402891055,1203,1,0.043137,553.500,201.500,23.47391,-0.08017,0
1785663210422818105,1204,1,0.086275,554.500,199.500,23.48508,0.07818,0
1785663210442817487,1205,1,0.031373,554.500,200.500,23.49589,0.19565,0
1785663210463130116,1206,1,0.043137,553.500,195.500,23.48872,0.05260,0
1785663210483045790,1207,1,0.078431,549.500,200.500,23.40962,-0.97929,0
1785663210502920049,1208,0,,,,23.39016,-0.97929,1
1785663210522846515,1209,1,0.031373,550.500,196.500,23.33092,-1.44917,0
1785663210543017395,1210,1,0.047059,553.500,201.500,23.34885,-0.89663,0
1785663210562842654,1211,1,0.047059,553.500,200.500,23.37179,-0.40784,0
1785663210583032784,1212,1,0.031373,555.500,194.500,23.43398,0.46328,0
1785663210603094582,1213,0,,,,23.44328,0.46328,1
1785663210624512617,1214,1,0.070588,555.500,203.500,23.51453,1.18003,0
1785663210643583342,1215,1,0.066667,554.500,195.500,23.54551,1.27920,0
1785663210664042386,1216,1,0.031373,555.500,195.500,23.58453,1.43400,0
1785663210687036863,1217,0,,,,23.61750,1.43400,1
1785663210707062203,1218,1,0.035294,555.500,204.500,23.62650,1.20594,0
1785663210727197792,1219,0,,,,23.65079,1.20594,1
1785663210754025480,1220,1,0.047059,554.500,201.500,23.60919,0.41693,0
1785663210769258577,1221,1,0.039216,558.500,197.500,23.65377,0.84138,0
1785663210792306470,1222,1,0.047059,554.500,201.500,23.61364,0.12808,0
1785663210808315476,1223,1,0.035294,559.500,196.500,23.66075,0.69202,0
1785663210828394190,1224,1,0.031373,554.500,200.500,23.61756,-0.04332,0
1785663210848339031,1225,0,,,,23.61670,-0.04332,1
1785663210868280956,1226,1,0.043137,554.500,196.500,23.55820,-0.73141,0
1785663210888319712,1227,1,0.043137,548.500,201.500,23.39376,-2.49869,0
1785663210913296794,1228,0,,,,23.33135,-2.49869,1
1785663210947276327,1229,1,0.031373,554.500,194.500,23.36047,-1.25150,0
1785663210968139826,1230,1,0.062745,559.500,198.500,23.51931,0.88351,0
1785663210989656067,1231,1,0.133333,554.500,194.500,23.53318,0.82049,0
1785663211009814573,1232,0,0.133333,554.500,194.500,23.54972,0.82049,1
1785663211026707153,1233,1,0.054902,553.500,201.500,23.52567,0.36918,0
1785663211048226103,1234,1,0.043137,552.500,202.500,23.48316,-0.22658,0
1785663211066938373,1235,0,0.043137,552.500,202.500,23.47892,-0.22658,1
1785663211089086734,1236,1,0.035294,549.500,201.500,23.36865,-1.41193,0
1785663211108961575,1237,0,0.035294,549.500,201.500,23.34058,-1.41193,1
1785663211128460462,1238,1,0.066667,556.500,196.500,23.45874,0.15979,0
1785663211147705894,1239,0,,,,23.46181,0.15979,1
1785663211167264572,1240,1,0.050980,549.500,196.500,23.36688,-0.87602,0
1785663211186904916,1241,0,0.050980,549.500,196.500,23.34967,-0.87602,1
1785663211206899048,1242,1,0.035294,557.500,181.500,23.49023,0.78545,0
1785663211226854680,1243,0,,,,23.50590,0.78545,1
1785663211247862344,1244,0,,,,23.52240,0.78545,1
1785663211267047109,1245,0,,,,23.53747,0.78545,1
1785663211292729393,1246,1,0.086275,554.500,195.500,23.53496,0.58840,0
1785663211310693545,1247,0,,,,23.54553,0.58840,1
1785663211334899302,1248,1,0.039216,553.500,194.500,23.50894,0.10168,0
1785663211361284411,1249,1,0.035294,556.500,200.500,23.55553,0.58143,0
1785663211379462228,1250,0,0.035294,556.500,200.500,23.56610,0.58143,1
1785663211398551036,1251,0,,,,23.57720,0.58143,1
1785663211420383525,1252,1,0.078431,554.500,197.500,23.54322,0.09770,0
1785663211438570508,1253,0,,,,23.54500,0.09770,1
1785663211462819723,1254,1,0.047059,554.500,201.500,23.52327,-0.14730,0
1785663211479006185,1255,0,0.047059,554.500,201.500,23.52088,-0.14730,1
1785663211501105254,1256,1,0.043137,549.500,201.500,23.38262,-1.55723,0
1785663211519293571,1257,0,0.043137,549.500,201.500,23.35430,-1.55723,1
1785663211539060122,1258,1,0.078431,553.500,201.500,23.36919,-1.07172,0
1785663211558957422,1259,1,0.050980,549.500,201.500,23.31033,-1.48957,0
1785663211579156594,1260,0,0.050980,549.500,201.500,23.28025,-1.48957,1
1785663211602864480,1261,1,0.031373,554.500,203.500,23.37204,-0.06668,0
1785663211619481438,1262,0,,,,23.37093,-0.06668,1
1785663211645013681,1263,1,0.047059,555.500,203.500,23.47473,1.07016,0
1785663211664800440,1264,1,0.058824,553.500,201.500,23.49015,1.00532,0
1785663211682354222,1265,0,,,,23.50780,1.00532,1
1785663211708125921,1266,1,0.078431,554.500,201.500,23.53274,0.99453,0
1785663211724163926,1267,1,0.058824,552.500,201.500,23.49758,0.40269,0
1785663211742891654,1268,0,0.058824,552.500,201.500,23.50513,0.40269,1
1785663211762988452,1269,1,0.086275,554.500,201.500,23.51775,0.45461,0
1785663211782657087,1270,1,0.039216,553.500,193.500,23.50683,0.22392,0
1785663211802895342,1271,1,0.062745,561.500,196.500,23.64258,1.80509,0
1785663211822836683,1272,1,0.078431,555.500,195.500,23.65611,1.52530,0
1785663211842619651,1273,1,0.066667,553.500,195.500,23.62119,0.69784,0
1785663211862867822,1274,0,,,,23.63532,0.69784,1
1785663211882682581,1275,1,0.039216,560.500,199.500,23.72577,1.60510,0
1785663211902988502,1276,1,0.031373,555.500,195.500,23.69280,0.83523,0
1785663211922689220,1277,1,0.039216,549.500,201.500,23.54529,-1.13738,0
1785663211943175680,1278,1,0.035294,559.500,198.500,23.58639,-0.33951,0
1785663211962680109,1279,0,,,,23.57977,-0.33951,1
1785663211982773115,1280,1,0.031373,548.500,197.500,23.39503,-2.42881,0
1785663212002785622,1281,1,0.039216,556.500,200.500,23.41458,-1.63023,0
1785663212022767796,1282,1,0.035294,555.500,201.500,23.42537,-1.10805,0
1785663212042923218,1283,1,0.039216,549.500,201.500,23.33801,-1.91490,0
1785663212063158848,1284,1,0.043137,553.500,201.500,23.34992,-1.27305,0
1785663212082969232,1285,0,0.043137,553.500,201.500,23.32470,-1.27305,1
1785663212102825324,1286,0,,,,23.29943,-1.27305,1
1785663212122927080,1287,1,0.039216,554.500,199.500,23.38909,-0.04900,0
1785663212142967878,1288,1,0.039216,555.500,195.500,23.46761,0.80509,0
1785663212164953782,1289,1,0.039216,554.500,196.500,23.51036,1.09246,0
1785663212184057756,1290,1,0.035294,559.500,197.500,23.62950,2.28622,0
1785663212205361584,1291,0,,,,23.67820,2.28622,1
1785663212228755473,1292,1,0.090196,557.500,198.500,23.73592,2.33554,0
1785663212244920061,1293,1,0.039216,554.500,201.500,23.69527,1.41499,0
1785663212266774591,1294,1,0.074510,549.500,201.500,23.56104,-0.59172,0
1785663212286688515,1295,1,0.054902,554.500,201.500,23.52115,-0.94314,0
1785663212306840146,1296,1,0.078431,553.500,198.500,23.47095,-1.34033,0
1785663212326873361,1297,1,0.054902,552.500,193.500,23.41310,-1.73813,0
1785663212347039283,1298,1,0.054902,549.500,201.500,23.31352,-2.56807,0
1785663212367127914,1299,0,,,,23.26193,-2.56807,1
1785663212387541167,1300,1,0.043137,553.500,201.500,23.28864,-1.63486,0
1785663212407127262,1301,1,0.078431,555.500,195.500,23.36139,-0.40863,0
1785663212427080561,1302,1,0.078431,555.500,194.500,23.43044,0.51789,0
1785663212447142067,1303,1,0.058824,553.500,201.500,23.45827,0.73364,0
1785663212466627830,1304,1,0.047059,554.500,201.500,23.49764,1.05046,0
1785663212488714941,1305,1,0.054902,553.500,193.500,23.51584,0.98647,0
1785663212507539210,1306,1,0.094118,547.500,195.500,23.41779,-0.51326,0
1785663212527361552,1307,0,,,,23.40761,-0.51326,1
1785663212547641806,1308,1,0.047059,553.500,196.500,23.42159,-0.22489,0
1785663212567351566,1309,1,0.043137,560.500,196.500,23.57289,1.60090,0
1785663212587142700,1310,0,,,,23.60457,1.60090,1
1785663212607337497,1311,1,0.082353,554.500,197.500,23.60153,1.20228,0
1785663212627476878,1312,1,0.074510,553.500,201.500,23.57300,0.59885,0
1785663212647540134,1313,1,0.047059,560.500,198.500,23.67265,1.64462,0
1785663212667512391,1314,1,0.031373,554.500,201.500,23.65082,0.96681,0
1785663212687560481,1315,1,0.058824,555.500,195.500,23.63773,0.55446,0
1785663212707430656,1316,0,,,,23.64875,0.55446,1
1785663212727871617,1317,1,0.047059,548.500,201.500,23.45325,-1.89178,0
1785663212747612294,1318,1,0.039216,554.500,201.500,23.42239,-1.81564,0
1785663212767748466,1319,1,0.047059,553.500,201.500,23.38773,-1.79270,0
1785663212787641683,1320,0,,,,23.35207,-1.79270,1
1785663212811919938,1321,0,,,,23.30855,-1.79270,1
1785663212832578105,1322,0,,,,23.27151,-1.79270,1
1785663212847329582,1323,1,0.050980,553.500,201.500,23.35642,-0.72975,0
1785663212867742252,1324,1,0.039216,554.500,205.500,23.41292,-0.02072,0
1785663212887738717,1325,1,0.047059,554.500,201.500,23.45345,0.42852,0
1785663212910456405,1326,1,0.054902,553.500,201.500,23.47083,0.52070,0
1785663212930513245,1327,1,0.039216,554.500,200.500,23.50091,0.76966,0
1785663212950751500,1328,1,0.039216,555.500,201.500,23.54283,1.11038,0
1785663212970704507,1329,1,0.039216,549.500,201.500,23.47035,-0.11848,0
1785663212990819971,1330,1,0.047059,554.500,200.500,23.48174,0.05979,0
1785663213010865436,1331,1,0.070588,553.500,201.500,23.47567,-0.03381,0
1785663213030771486,1332,1,0.047059,553.500,201.500,23.46947,-0.10479,0
1785663213051276613,1333,1,0.035294,549.500,201.500,23.39295,-1.05719,0
1785663213071206287,1334,1,0.098039,558.500,195.500,23.47995,0.32569,0
1785663213091686331,1335,1,0.101961,553.500,195.500,23.48297,0.27899,0
1785663213110967637,1336,1,0.070588,549.500,201.500,23.41297,-0.68587,0
1785663213131129184,1337,1,0.039216,553.500,201.500,23.41383,-0.49777,0
1785663213151867351,1338,1,0.058824,553.500,201.500,23.41932,-0.29541,0
1785663213171007200,1339,1,0.031373,553.500,200.500,23.42868,-0.10303,0
1785663213191344912,1340,1,0.050980,555.500,195.500,23.47519,0.51950,0
1785663213211691374,1341,1,0.035294,552.500,191.500,23.46861,0.29985,0
1785663213231234302,1342,1,0.098039,552.500,197.500,23.45762,0.08399,0
1785663213251588639,1343,0,,,,23.45933,0.08399,1
1785663213271270399,1344,1,0.047059,560.500,195.500,23.62360,2.00287,0
1785663213291284948,1345,1,0.058824,554.500,194.500,23.62900,1.59704,0
1785663213311375329,1346,1,0.047059,549.500,201.500,23.53046,0.02975,0
1785663213331296545,1347,1,0.043137,553.500,200.500,23.50372,-0.30817,0
1785663213351787381,1348,1,0.047059,549.500,201.500,23.40767,-1.44254,0
1785663213373759868,1349,1,0.058824,559.500,198.500,23.49533,0.08435,0
1785663213392683594,1350,1,0.070588,553.500,193.500,23.48545,-0.06328,0
1785663213412574477,1351,1,0.050980,556.500,198.500,23.52741,0.49270,0
1785663213432324487,1352,1,0.039216,554.500,200.500,23.53263,0.43479,0
1785663213452348369,1353,1,0.070588,551.500,196.500,23.48228,-0.32280,0
1785663213472426500,1354,1,0.031373,553.500,201.500,23.46530,-0.45731,0
1785663213492534964,1355,0,,,,23.45611,-0.45731,1
1785663213512444514,1356,1,0.074510,548.500,201.500,23.33175,-1.81597,0
1785663213532579520,1357,1,0.062745,554.500,201.500,23.35841,-1.07659,0
1785663213554883337,1358,1,0.043137,553.500,201.500,23.37057,-0.64168,0
1785663213579926668,1359,0,,,,23.35450,-0.64168,1
1785663213595408096,1360,1,0.031373,560.500,198.500,23.55934,1.87526,0
1785663213614967065,1361,1,0.047059,554.500,200.500,23.58498,1.74622,0
1785663213640292102,1362,1,0.035294,554.500,201.500,23.59306,1.30909,0
1785663213661039769,1363,0,0.035294,554.500,201.500,23.62022,1.30909,1
1785663213682831549,1364,1,0.039216,560.500,198.500,23.74697,2.43950,0
1785663213705039784,1365,0,,,,23.80114,2.43950,1
1785663213722560316,1366,1,0.035294,553.500,201.500,23.67800,0.63275,0
1785663213742710488,1367,1,0.043137,549.500,201.500,23.51058,-1.37340,0
1785663213762592913,1368,1,0.090196,559.500,198.500,23.56310,-0.43515,0
1785663213782774585,1369,0,,,,23.55431,-0.43515,1
1785663213802531886,1370,1,0.082353,553.500,193.500,23.49378,-1.03724,0
1785663213826443896,1371,1,0.054902,553.500,201.500,23.44417,-1.32715,0
1785663213842799231,1372,0,,,,23.42247,-1.32715,1
1785663213866762323,1373,1,0.031373,554.500,201.500,23.42502,-0.93896,0
1785663213887052786,1374,1,0.062745,549.500,201.500,23.33160,-1.79874,0
1785663213907228916,1375,1,0.039216,555.500,195.500,23.37436,-0.84466,0
1785663213927043383,1376,1,0.047059,549.500,201.500,23.31532,-1.37337,0
1785663213953285369,1377,1,0.109804,553.500,195.500,23.33374,-0.67667,0
1785663213969742620,1378,1,0.031373,554.500,201.500,23.38541,0.13590,0
1785663213987303694,1379,1,0.070588,554.500,201.500,23.43589,0.76105,0
1785663214007013162,1380,1,0.098039,549.500,200.500,23.39822,0.07812,0
1785663214027001752,1381,1,0.031373,559.500,196.500,23.53074,1.76801,0
1785663214047383506,1382,1,0.035294,554.500,196.500,23.57169,1.83118,0
1785663214067247556,1383,1,0.082353,552.500,202.500,23.56162,1.23593,0
1785663214087326562,1384,1,0.047059,549.500,201.500,23.48648,-0.04351,0
1785663214107339944,1385,1,0.047059,552.500,201.500,23.45820,-0.39426,0
1785663214126903872,1386,1,0.070588,555.500,192.500,23.48491,0.04627,0
1785663214147262292,1387,0,,,,23.48585,0.04627,1
1785663214167217341,1388,1,0.070588,554.500,202.500,23.49773,0.17548,0
1785663214187560595,1389,1,0.050980,556.500,193.500,23.54762,0.71724,0
1785663214207441562,1390,1,0.070588,560.500,199.500,23.66111,1.90802,0
1785663214227287820,1391,1,0.047059,555.500,195.500,23.66961,1.54479,0
1785663214249989300,1392,0,,,,23.70468,1.54479,1
1785663214267726747,1393,1,0.058824,554.500,202.500,23.64563,0.52426,0
1785663214287756462,1394,1,0.047059,554.500,201.500,23.59641,-0.17602,0
1785663214311570847,1395,0,,,,23.59222,-0.17602,1
1785663214327663977,1396,0,,,,23.58939,-0.17602,1
1785663214348156562,1397,1,0.043137,555.500,192.500,23.55979,-0.44379,0
1785663214368428942,1398,1,0.047059,553.500,201.500,23.49792,-1.00301,0
1785663214387653957,1399,1,0.047059,552.500,196.500,23.43650,-1.48156,0
1785663214408334957,1400,1,0.058824,549.500,201.500,23.33305,-2.36666,0
1785663214428060175,1401,1,0.035294,552.500,202.500,23.30133,-2.17731,0
1785663214448149389,1402,1,0.062745,554.500,200.500,23.32308,-1.33352,0
1785663214468644600,1403,1,0.050980,559.500,197.500,23.44834,0.64038,0
1785663214488178195,1404,1,0.074510,554.500,201.500,23.48948,1.01015,0
1785663214510696677,1405,1,0.039216,553.500,201.500,23.50927,0.97214,0
1785663214530833432,1406,1,0.035294,556.500,199.500,23.57277,1.53581,0
1785663214551105812,1407,1,0.035294,553.500,201.500,23.57136,1.11885,0
1785663214570824030,1408,1,0.035294,555.500,199.500,23.59399,1.12613,0
1785663214590569081,1409,1,0.062745,560.500,199.500,23.69488,2.13302,0
1785663214612759400,1410,0,,,,23.74222,2.13302,1
1785663214630972633,1411,1,0.054902,554.500,201.500,23.68145,0.95444,0
1785663214650930891,1412,1,0.043137,553.500,198.500,23.60867,-0.11985,0
1785663214671137937,1413,1,0.047059,553.500,201.500,23.54310,-0.87679,0
1785663214690840406,1414,0,,,,23.52582,-0.87679,1
1785663214714130171,1415,0,,,,23.50540,-0.87679,1
1785663214731126875,1416,1,0.047059,553.500,201.500,23.45038,-1.29926,0
1785663214750849468,1417,1,0.035294,556.500,201.500,23.48398,-0.66525,0
1785663214771229472,1418,1,0.062745,552.500,200.500,23.43659,-1.05182,0
1785663214791504768,1419,0,,,,23.41527,-1.05182,1
1785663214811268485,1420,1,0.039216,554.500,201.500,23.43135,-0.62786,0
1785663214831551365,1421,1,0.043137,554.500,201.500,23.44726,-0.29409,0
1785663214851234583,1422,1,0.050980,552.500,197.500,23.42760,-0.46152,0
1785663214870850136,1423,0,,,,23.41855,-0.46152,1
1785663214891127765,1424,1,0.035294,553.500,201.500,23.42776,-0.24558,0
1785663214911241479,1425,1,0.086275,555.500,192.500,23.47757,0.39373,0
1785663214931226278,1426,1,0.047059,560.500,198.500,23.61191,1.91699,0
1785663214951287493,1427,1,0.043137,554.500,201.500,23.62265,1.57257,0
1785663214970868629,1428,1,0.074510,555.500,195.500,23.63740,1.36914,0
1785663214991444339,1429,1,0.047059,560.500,194.500,23.72961,2.19001,0
1785663215011185890,1430,1,0.035294,559.500,198.500,23.78871,2.39398,0
1785663215031716684,1431,0,,,,23.83786,2.39398,1
1785663215051275654,1432,1,0.070588,552.500,202.500,23.69010,0.09192,0
1785663215077232226,1433,0,,,,23.69248,0.09192,1
1785663215092480989,1434,1,0.043137,556.500,196.500,23.63847,-0.51973,0
1785663215112068250,1435,1,0.058824,555.500,195.500,23.58333,-1.02299,0
1785663215133025164,1436,1,0.035294,553.500,200.500,23.50094,-1.74036,0
1785663215154878361,1437,1,0.090196,554.500,193.500,23.45061,-1.89217,0
1785663215176217063,1438,1,0.070588,558.500,195.500,23.49006,-0.87904,0
1785663215195165581,1439,0,,,,23.47341,-0.87904,1
1785663215215480543,1440,1,0.035294,549.500,201.500,23.34879,-2.14260,0
1785663215234800057,1441,0,,,,23.30740,-2.14260,1
1785663215255166935,1442,1,0.054902,554.500,203.500,23.35327,-1.16555,0
1785663215280155225,1443,0,,,,23.32415,-1.16555,1
1785663215296420853,1444,1,0.035294,549.500,201.500,23.26753,-1.56692,0
1785663215315027541,1445,1,0.039216,554.500,202.500,23.33799,-0.46963,0
1785663215336931196,1446,1,0.043137,549.500,201.500,23.30255,-0.76577,0
1785663215359047140,1447,1,0.074510,553.500,195.500,23.34778,0.00545,0
1785663215376843002,1448,1,0.054902,549.500,201.500,23.32433,-0.29472,0
1785663215396130142,1449,1,0.035294,549.500,201.500,23.30252,-0.50292,0
1785663215415920401,1450,1,0.035294,554.500,201.500,23.37012,0.50064,0
1785663215436220196,1451,1,0.050980,553.500,201.500,23.42169,1.03506,0
1785663215466302977,1452,1,0.035294,553.500,200.500,23.47216,1.28429,0
1785663215488102216,1453,1,0.039216,553.500,201.500,23.49588,1.22916,0
1785663215507719519,1454,1,0.054902,554.500,195.500,23.52515,1.29559,0
1785663215526650828,1455,0,,,,23.54968,1.29559,1
1785663215550331256,1456,1,0.047059,553.500,201.500,23.53198,0.73108,0
1785663215566319387,1457,0,,,,23.54367,0.73108,1
1785663215586785431,1458,0,,,,23.55863,0.73108,1
1785663215607894302,1459,1,0.047059,549.500,201.500,23.39452,-1.05008,0
1785663215627037068,1460,0,0.047059,549.500,201.500,23.37441,-1.05008,1
1785663215651667612,1461,1,0.058824,554.500,200.500,23.43017,-0.23956,0
1785663215666654586,1462,0,0.058824,554.500,200.500,23.42658,-0.23956,1
1785663215686611385,1463,1,0.031373,548.500,197.500,23.31873,-1.31373,0
1785663215706691266,1464,1,0.066667,553.500,201.500,23.34711,-0.70623,0
1785663215730294529,1465,0,,,,23.33044,-0.70623,1
1785663215746707239,1466,1,0.090196,553.500,201.500,23.38159,0.01231,0
1785663215766833494,1467,1,0.043137,553.500,201.500,23.41957,0.45066,0
1785663215786916292,1468,1,0.062745,549.500,201.500,23.37662,-0.17646,0
1785663215806608553,1469,1,0.031373,555.500,195.500,23.44342,0.69943,0
1785663215826578477,1470,0,,,,23.45739,0.69943,1
1785663215846605858,1471,1,0.031373,553.500,201.500,23.48156,0.81926,0
1785663215866517741,1472,1,0.054902,556.500,202.500,23.55617,1.50358,0
1785663215886776121,1473,1,0.058824,553.500,195.500,23.56031,1.18638,0
1785663215906583297,1474,1,0.031373,553.500,201.500,23.55366,0.81241,0
1785663215926732594,1475,1,0.031373,552.500,202.500,23.52198,0.20393,0
1785663215946550269,1476,0,,,,23.52602,0.20393,1
1785663215966619359,1477,1,0.043137,555.500,203.500,23.54424,0.37083,0
1785663215986737740,1478,1,0.047059,555.500,201.500,23.55751,0.43903,0
1785663216006478416,1479,0,,,,23.56618,0.43903,1
1785663216026613714,1480,1,0.070588,555.500,195.500,23.57164,0.40096,0
1785663216046531722,1481,1,0.047059,554.500,200.500,23.55334,0.10003,0
1785663216066739643,1482,1,0.047059,554.500,201.500,23.53612,-0.12968,0
1785663216086840524,1483,1,0.039216,553.500,201.500,23.50230,-0.51663,0
1785663216112396684,1484,1,0.039216,554.500,201.500,23.49077,-0.49536,0
1785663216132500773,1485,1,0.094118,551.500,203.500,23.43176,-1.12685,0
1785663216152815735,1486,1,0.047059,553.500,201.500,23.42182,-0.95974,0
1785663216170548890,1487,0,0.047059,553.500,201.500,23.40481,-0.95974,1
1785663216190932102,1488,0,,,,23.38524,-0.95974,1
1785663216211442479,1489,0,,,,23.36556,-0.95974,1
1785663216230565411,1490,1,0.039216,553.500,201.500,23.41702,-0.29380,0
1785663216252958603,1491,0,0.039216,553.500,201.500,23.41044,-0.29380,1
1785663216270334469,1492,1,0.050980,554.500,199.500,23.46411,0.27537,0
1785663216290603349,1493,0,,,,23.46969,0.27537,1
1785663216312837625,1494,1,0.070588,555.500,195.500,23.52423,0.76850,0
1785663216330446739,1495,0,0.070588,555.500,195.500,23.53776,0.76850,1
1785663216350519329,1496,1,0.117647,551.500,201.500,23.46861,-0.12268,0
1785663216370575002,1497,1,0.039216,553.500,201.500,23.46223,-0.16626,0
1785663216390395595,1498,0,,,,23.45893,-0.16626,1
1785663216410475184,1499,1,0.039216,554.500,203.500,23.47907,0.09911,0
1785663216430648106,1500,1,0.066667,554.500,202.500,23.49437,0.25279,0
1785663216450651280,1501,1,0.035294,561.500,197.500,23.63677,1.90774,0
1785663216470438039,1502,1,0.031373,559.500,198.500,23.72596,2.54959,0
1785663216490482337,1503,1,0.031373,552.500,198.500,23.67342,1.22894,0
1785663216510557552,1504,1,0.050980,554.500,198.500,23.64065,0.49039,0
1785663216534783558,1505,0,,,,23.65253,0.49039,1
1785663216550856063,1506,1,0.039216,554.500,198.500,23.58948,-0.35857,0
1785663216571375773,1507,1,0.050980,555.500,200.500,23.56104,-0.60671,0
1785663216593378635,1508,0,,,,23.54769,-0.60671,1
1785663216611035666,1509,1,0.039216,554.500,201.500,23.50717,-0.94414,0
1785663216630976132,1510,1,0.050980,554.500,199.500,23.48043,-1.03449,0
1785663216650685892,1511,1,0.101961,553.500,201.500,23.44383,-1.22731,0
1785663216670815064,1512,1,0.043137,559.500,197.500,23.52385,0.06718,0
1785663216690546407,1513,1,0.039216,554.500,193.500,23.51953,-0.00430,0
1785663216710817037,1514,1,0.050980,554.500,196.500,23.51459,-0.06662,0
1785663216734582673,1515,1,0.062745,554.500,196.500,23.50943,-0.11257,0
1785663216754548513,1516,0,,,,23.50719,-0.11257,1
1785663216774485771,1517,0,,,,23.50494,-0.11257,1
1785663216794393862,1518,1,0.050980,554.500,196.500,23.50296,-0.10988,0
1785663216814650200,1519,1,0.066667,560.500,198.500,23.63149,1.28757,0
1785663216834895163,1520,1,0.035294,555.500,201.500,23.63301,1.00796,0
1785663216855074502,1521,1,0.082353,549.500,201.500,23.51919,-0.61787,0
1785663216875432922,1522,1,0.035294,549.500,201.500,23.40764,-1.86632,0
1785663216894643937,1523,1,0.078431,554.500,202.500,23.39588,-1.55658,0
1785663216914169074,1524,0,,,,23.36549,-1.55658,1
1785663216936447433,1525,1,0.035294,561.500,198.500,23.55288,1.06591,0
1785663216954149505,1526,0,,,,23.57175,1.06591,1
1785663216974336718,1527,1,0.054902,553.500,194.500,23.54367,0.52261,0
1785663216994348642,1528,1,0.031373,548.500,198.500,23.42015,-0.97415,0
1785663217014181484,1529,0,0.031373,548.500,198.500,23.40083,-0.97415,1
1785663217034178533,1530,0,,,,23.38135,-0.97415,1
1785663217054303039,1531,0,,,,23.36174,-0.97415,1
1785663217074561418,1532,0,,,,,,0
1785663217094571008,1533,0,,,,,,0
1785663217115097427,1534,0,,,,,,0
1785663217134502107,1535,0,,,,,,0
1785663217154968442,1536,0,,,,,,0
1785663217174464704,1537,1,0.039216,553.500,194.500,23.46478,0.00000,0
1785663217194353838,1538,1,0.039216,554.500,200.500,23.49764,1.21361,0
1785663217215518125,1539,1,0.058824,553.500,194.500,23.49802,0.51806,0
1785663217235271634,1540,0,,,,23.50825,0.51806,1
1785663217254386983,1541,1,0.109804,555.500,195.500,23.55263,1.06057,0
1785663217274092660,1542,1,0.050980,556.500,201.500,23.59722,1.38424,0
1785663217294799035,1543,1,0.058824,549.500,201.500,23.47032,-0.60218,0
1785663217314169299,1544,1,0.078431,559.500,194.500,23.57391,0.84060,0
1785663217334185889,1545,1,0.047059,554.500,194.500,23.56258,0.48810,0
1785663217354127230,1546,1,0.047059,549.500,201.500,23.45884,-0.94331,0
1785663217381084250,1547,0,,,,23.43341,-0.94331,1
1785663217398578032,1548,0,,,,23.41691,-0.94331,1
1785663217418443541,1549,1,0.039216,553.500,201.500,23.42855,-0.62386,0
1785663217439583328,1550,0,0.039216,553.500,201.500,23.41536,-0.62386,1
1785663217458694011,1551,1,0.043137,549.500,201.500,23.31876,-1.48056,0
1785663217478934307,1552,1,0.047059,548.500,197.500,23.24058,-1.99553,0
1785663217499182478,1553,1,0.074510,548.500,201.500,23.18495,-2.17204,0
1785663217520017769,1554,1,0.035294,554.500,202.500,23.25506,-0.74671,0
1785663217540606103,1555,1,0.050980,554.500,204.500,23.33648,0.48966,0
1785663217559800327,1556,1,0.058824,553.500,195.500,23.39761,1.15872,0
1785663217578709761,1557,0,0.058824,553.500,195.500,23.41953,1.15872,1
1785663217599009557,1558,1,0.039216,553.500,201.500,23.47708,1.56358,0
1785663217618773108,1559,0,,,,23.50798,1.56358,1
1785663217639217403,1560,1,0.039216,556.500,200.500,23.60619,2.28668,0
1785663217659653405,1561,0,,,,23.65292,2.28668,1
1785663217678818921,1562,0,,,,23.69674,2.28668,1
1785663217698845428,1563,1,0.047059,561.500,198.500,23.84835,3.31282,0
1785663217718750602,1564,0,,,,23.91429,3.31282,1
1785663217741242334,1565,0,,,,23.98881,3.31282,1
1785663217758873240,1566,1,0.043137,553.500,200.500,23.73680,0.42625,0
1785663217779164286,1567,1,0.043137,554.500,200.500,23.63284,-0.70577,0
1785663217799128960,1568,1,0.043137,553.500,200.500,23.53824,-1.61200,0
1785663217818859720,1569,1,0.062745,556.500,201.500,23.51567,-1.49889,0
1785663217838852977,1570,0,,,,23.48570,-1.49889,1
1785663217858978066,1571,1,0.031373,553.500,200.500,23.42768,-1.83038,0
1785663217879109864,1572,1,0.058824,552.500,203.500,23.36973,-2.08056,0
1785663217899028746,1573,1,0.066667,554.500,196.500,23.36927,-1.58324,0
1785663217920611446,1574,1,0.035294,549.500,202.500,23.28788,-2.17187,0
1785663217939074177,1575,1,0.078431,547.500,201.500,23.19448,-2.84819,0
1785663217960157381,1576,0,,,,23.13443,-2.84819,1
1785663217978744819,1577,1,0.035294,549.500,201.500,23.13092,-2.26150,0
1785663217999151947,1578,0,,,,23.08477,-2.26150,1
1785663218022613086,1579,1,0.035294,549.500,201.500,23.12497,-1.25382,0
1785663218042533719,1580,1,0.035294,555.500,206.500,23.28805,0.83871,0
1785663218062480602,1581,1,0.031373,555.500,194.500,23.42556,2.26264,0
1785663218083077019,1582,1,0.039216,551.500,201.500,23.47029,2.23937,0
1785663218102500949,1583,1,0.078431,552.500,193.500,23.51278,2.22658,0
1785663218122502664,1584,1,0.082353,554.500,201.500,23.57209,2.41699,0
1785663218142530046,1585,1,0.031373,553.500,200.500,23.59592,2.09965,0
1785663218163004840,1586,0,,,,23.63891,2.09965,1
1785663218182795391,1587,1,0.066667,553.500,201.500,23.61002,1.26611,0
1785663218202700566,1588,1,0.050980,553.500,195.500,23.58000,0.61926,0
1785663218223148526,1589,1,0.035294,553.500,201.500,23.54779,0.08074,0
1785663218242880161,1590,1,0.043137,553.500,193.500,23.51619,-0.32970,0
1785663218262929126,1591,1,0.043137,548.500,201.500,23.39760,-1.74460,0
1785663218282729885,1592,1,0.043137,553.500,201.500,23.37516,-1.58988,0
1785663218303030264,1593,1,0.066667,549.500,201.500,23.29540,-2.19995,0
1785663218322757816,1594,0,,,,23.25200,-2.19995,1
1785663218342896030,1595,0,,,,23.20769,-2.19995,1
1785663218363217992,1596,0,,,,23.16299,-2.19995,1
1785663218382949043,1597,1,0.074510,553.500,201.500,23.30348,-0.45329,0
1785663218403259922,1598,1,0.031373,554.500,201.500,23.39445,0.54011,0
1785663218423737050,1599,0,,,,23.40551,0.54011,1
1785663218443486476,1600,1,0.062745,558.500,197.500,23.57387,2.23340,0
1785663218462925280,1601,1,0.031373,553.500,199.500,23.58680,1.88963,0
1785663218483179285,1602,1,0.031373,549.500,201.500,23.51425,0.56034,0
1785663218503796411,1603,1,0.035294,553.500,201.500,23.50915,0.35161,0
1785663218522980593,1604,1,0.062745,559.500,198.500,23.60547,1.49920,0
1785663218543817050,1605,1,0.047059,554.500,202.500,23.60770,1.12475,0
1785663218563275395,1606,1,0.031373,554.500,194.500,23.59884,0.72755,0
1785663218583536692,1607,1,0.082353,549.500,201.500,23.49356,-0.81803,0
1785663218605446388,1608,1,0.074510,554.500,201.500,23.47396,-0.83961,0
1785663218624124075,1609,1,0.047059,549.500,201.500,23.37634,-1.89049,0
1785663218649388154,1610,1,0.035294,555.500,203.500,23.40379,-0.92651,0
1785663218672157466,1611,1,0.109804,554.500,194.500,23.42858,-0.33837,0
1785663218689355002,1612,0,0.109804,554.500,194.500,23.42276,-0.33837,1
1785663218706715119,1613,0,,,,23.41689,-0.33837,1
1785663218726607752,1614,1,0.047059,554.500,194.500,23.46338,0.23154,0
1785663218746639800,1615,1,0.090196,553.500,201.500,23.46994,0.25232,0
1785663218766995887,1616,1,0.043137,560.500,198.500,23.60677,1.75600,0
1785663218786430316,1617,1,0.047059,560.500,199.500,23.72093,2.72396,0
1785663218806769487,1618,1,0.070588,553.500,195.500,23.69413,1.68913,0
1785663218827126157,1619,1,0.035294,553.500,201.500,23.64872,0.66511,0
1785663218846533753,1620,1,0.031373,549.500,201.500,23.52282,-1.12702,0
1785663218867614333,1621,1,0.039216,553.500,198.500,23.46586,-1.55536,0
1785663218887307760,1622,1,0.031373,554.500,202.500,23.43813,-1.51800,0
1785663218921408375,1623,1,0.062745,549.500,201.500,23.31271,-2.47147,0
1785663218946605871,1624,1,0.050980,555.500,201.500,23.36615,-0.97439,0
1785663218969287976,1625,0,0.050980,555.500,201.500,23.34405,-0.97439,1
1785663218989498231,1626,1,0.047059,553.500,202.500,23.38132,-0.31008,0
1785663219011002598,1627,1,0.074510,553.500,201.500,23.41179,0.11995,0
1785663219028977834,1628,1,0.039216,553.500,201.500,23.43588,0.38193,0
1785663219047811728,1629,0,0.039216,553.500,201.500,23.44308,0.38193,1
1785663219066855620,1630,1,0.039216,554.500,194.500,23.48788,0.81826,0
1785663219086651129,1631,1,0.058824,558.500,196.500,23.59847,1.92002,0
1785663219106565053,1632,1,0.066667,553.500,202.500,23.59543,1.42315,0
1785663219126938640,1633,1,0.062745,554.500,200.500,23.59953,1.11393,0
1785663219146990813,1634,1,0.050980,549.500,201.500,23.50529,-0.36449,0
1785663219167993602,1635,0,,,,23.49764,-0.36449,1
1785663219187673862,1636,1,0.047059,553.500,201.500,23.46789,-0.63127,0
1785663219207386247,1637,1,0.035294,558.500,196.500,23.54739,0.44704,0
1785663219229335984,1638,1,0.050980,559.500,199.500,23.63792,1.41899,0
1785663219247305970,1639,1,0.047059,553.500,201.500,23.60516,0.69740,0
1785663219270033867,1640,1,0.039216,553.500,201.500,23.56673,0.00885,0
1785663219290514494,1641,1,0.066667,549.500,201.500,23.45199,-1.46449,0
1785663219310928913,1642,1,0.035294,554.500,201.500,23.43204,-1.33654,0
1785663219330880463,1643,1,0.031373,554.500,201.500,23.42450,-1.09072,0
1785663219354378476,1644,0,,,,23.39887,-1.09072,1
1785663219371592886,1645,0,,,,23.38009,-1.09072,1
1785663219390581945,1646,0,,,,23.35938,-1.09072,1
1785663219412852179,1647,0,,,,,,0
1785663219431276286,1648,1,0.031373,546.500,202.500,23.15855,0.00000,0
1785663219450888630,1649,1,0.043137,553.500,201.500,23.39765,8.88785,0
1785663219470695806,1650,1,0.058824,553.500,201.500,23.75501,14.05363,0
1785663219490766937,1651,1,0.109804,548.500,201.500,23.88114,10.71703,0
1785663219510653154,1652,1,0.050980,554.500,196.500,24.00022,9.09140,0
1785663219534025543,1653,1,0.062745,549.500,201.500,23.91825,4.81897,0
1785663219550957248,1654,1,0.101961,553.500,193.500,23.83915,2.65022,0
1785663219570956338,1655,1,0.047059,549.500,201.500,23.66743,-0.24497,0
1785663219590269727,1656,1,0.039216,554.500,201.500,23.59255,-1.13249,0
1785663219610165277,1657,1,0.078431,549.500,201.500,23.43614,-2.82089,0
1785663219630339366,1658,1,0.062745,554.500,200.500,23.38499,-2.74805,0
1785663219650227332,1659,1,0.043137,553.500,201.500,23.33933,-2.63368,0
1785663219670336380,1660,1,0.117647,555.500,195.500,23.35071,-1.81218,0
1785663219690175639,1661,1,0.047059,553.500,201.500,23.34511,-1.42366,0
1785663219710151104,1662,1,0.090196,555.500,203.500,23.38723,-0.51987,0
1785663219730262485,1663,1,0.054902,560.500,198.500,23.52570,1.38822,0
1785663219756341265,1664,1,0.058824,559.500,199.500,23.66143,2.66410,0
1785663219770329749,1665,1,0.105882,554.500,202.500,23.66530,2.23244,0
1785663219795851075,1666,1,0.039216,560.500,199.500,23.77938,2.97402,0
1785663219810190598,1667,1,0.047059,553.500,201.500,23.72936,1.76497,0
1785663219833719194,1668,1,0.062745,549.500,201.500,23.58764,-0.62198,0
1785663219851227643,1669,0,0.062745,549.500,201.500,23.57675,-0.62198,1
1785663219872207307,1670,1,0.035294,553.500,201.500,23.50374,-1.33430,0
1785663219890827703,1671,1,0.047059,556.500,200.500,23.51914,-0.86067,0
1785663219910371798,1672,0,0.047059,556.500,200.500,23.50232,-0.86067,1
1785663219934278891,1673,1,0.058824,555.500,201.500,23.50795,-0.56721,0
1785663219954248523,1674,1,0.031373,554.500,201.500,23.49576,-0.57711,0
1785663219974312946,1675,1,0.074510,553.500,201.500,23.47001,-0.74700,0
1785663219994323703,1676,1,0.086275,560.500,198.500,23.57767,0.78025,0
1785663220014415834,1677,0,0.086275,560.500,198.500,23.59335,0.78025,1
1785663220034247218,1678,1,0.050980,554.500,202.500,23.56261,0.23476,0
1785663220054267308,1679,1,0.035294,555.500,200.500,23.56143,0.16565,0
1785663220074445480,1680,1,0.031373,554.500,194.500,23.54205,-0.10818,0
1785663220094304572,1681,1,0.035294,555.500,196.500,23.54356,-0.06281,0
1785663220114343037,1682,0,,,,23.54231,-0.06281,1
1785663220134455585,1683,1,0.031373,553.500,201.500,23.49914,-0.55493,0
1785663220154342384,1684,0,,,,23.48810,-0.55493,1
1785663220174335058,1685,0,,,,23.47701,-0.55493,1
1785663220194329482,1686,0,,,,23.46591,-0.55493,1
1785663220214994732,1687,1,0.043137,556.500,200.500,23.54954,0.29669,0
1785663220234315996,1688,1,0.039216,556.500,200.500,23.57784,0.51347,0
1785663220254368170,1689,0,0.039216,556.500,200.500,23.58814,0.51347,1
1785663220274398176,1690,1,0.039216,560.500,198.500,23.69652,1.56725,0
1785663220294688930,1691,0,0.039216,560.500,198.500,23.72832,1.56725,1
1785663220314917269,1692,1,0.050980,554.500,201.500,23.65070,0.38608,0
1785663220334794152,1693,1,0.082353,559.500,195.500,23.69698,0.81924,0
1785663220354360997,1694,1,0.043137,559.500,198.500,23.72449,0.95572,0
1785663220374643876,1695,0,0.043137,559.500,198.500,23.74387,0.95572,1
1785663220394557217,1696,1,0.043137,547.500,200.500,23.48538,-2.28039,0
1785663220415298008,1697,1,0.058824,551.500,202.500,23.36610,-3.12347,0
1785663220434602648,1698,1,0.043137,553.500,201.500,23.31930,-2.96046,0
1785663220457924204,1699,1,0.098039,553.500,195.500,23.31273,-2.18074,0
1785663220477034971,1700,0,0.098039,553.500,195.500,23.27105,-2.18074,1
1785663220494679460,1701,1,0.047059,554.500,202.500,23.33281,-0.99094,0
1785663220515878246,1702,0,,,,23.31180,-0.99094,1
1785663220534539184,1703,1,0.039216,549.500,201.500,23.26851,-1.26284,0
1785663220558241237,1704,1,0.039216,547.500,201.500,23.20612,-1.62580,0
1785663220578335993,1705,1,0.058824,554.500,201.500,23.30496,-0.07442,0
1785663220598402749,1706,1,0.035294,554.500,201.500,23.38733,0.96225,0
1785663220618480589,1707,0,,,,23.40665,0.96225,1
1785663220638419888,1708,0,,,,23.42583,0.96225,1
1785663220658428312,1709,0,,,,23.44509,0.96225,1
1785663220678824065,1710,0,,,,,,0
1785663220698626116,1711,1,0.078431,548.500,201.500,23.24569,0.00000,0
1785663220718664789,1712,1,0.031373,548.500,201.500,23.24569,0.00000,0
1785663220738665046,1713,0,0.031373,548.500,201.500,23.24569,0.00000,1
1785663220758268640,1714,1,0.066667,553.500,201.500,23.43784,3.64656,0
1785663220778361063,1715,0,,,,23.51111,3.64656,1
1785663220799193229,1716,0,,,,23.58707,3.64656,1
1785663220818519451,1717,1,0.047059,553.500,201.500,23.55373,2.54099,0
1785663220838458458,1718,0,0.047059,553.500,201.500,23.60439,2.54099,1
1785663220858912836,1719,1,0.066667,554.500,194.500,23.62636,2.24716,0
1785663220878684720,1720,0,,,,23.67079,2.24716,1
1785663220899443303,1721,1,0.070588,553.500,196.500,23.59318,0.99338,0
1785663220918522778,1722,0,0.070588,553.500,196.500,23.61214,0.99338,1
1785663220938509327,1723,1,0.031373,549.500,201.500,23.45593,-0.84512,0
1785663220958475751,1724,1,0.047059,553.500,201.500,23.43429,-0.89775,0
1785663220979215084,1725,0,,,,23.41567,-0.89775,1
1785663220998444182,1726,0,,,,23.39841,-0.89775,1
1785663221019436971,1727,1,0.031373,559.500,196.500,23.59210,1.28574,0
1785663221038752985,1728,0,0.031373,559.500,196.500,23.61693,1.28574,1
1785663221061197675,1729,0,,,,23.64579,1.28574,1
1785663221078463877,1730,0,,,,23.66799,1.28574,1
1785663221098723131,1731,1,0.035294,559.500,198.500,23.75332,1.79822,0
1785663221118903928,1732,1,0.050980,556.500,196.500,23.72551,1.19015,0
1785663221138810853,1733,1,0.031373,550.500,202.500,23.58634,-0.58789,0
1785663221158611028,1734,1,0.035294,552.500,193.500,23.50206,-1.46883,0
1785663221178713659,1735,1,0.039216,554.500,194.500,23.46320,-1.58842,0
1785663221202509337,1736,0,,,,23.42541,-1.58842,1
1785663221222408095,1737,0,,,,23.39380,-1.58842,1
1785663221242470768,1738,0,,,,23.36193,-1.58842,1
1785663221262495233,1739,1,0.054902,548.500,201.500,23.24359,-2.40527,0
1785663221283116734,1740,0,0.054902,548.500,201.500,23.19399,-2.40527,1
1785663221304189522,1741,1,0.035294,555.500,197.500,23.33552,-0.56639,0
1785663221323162248,1742,1,0.066667,554.500,194.500,23.40167,0.23474,0
1785663221342667260,1743,1,0.090196,554.500,194.500,23.45336,0.77915,0
1785663221362904931,1744,1,0.050980,549.500,201.500,23.40807,0.02026,0
1785663221382874563,1745,1,0.035294,553.500,201.500,23.43080,0.30755,0
1785663221402697197,1746,1,0.078431,554.500,196.500,23.47046,0.74403,0
1785663221423060576,1747,1,0.031373,553.500,198.500,23.48883,0.78582,0
1785663221443063749,1748,1,0.043137,555.500,201.500,23.53578,1.18926,0
1785663221463749124,1749,1,0.050980,549.500,201.500,23.46889,0.01326,0
1785663221484146044,1750,1,0.074510,550.500,201.500,23.41336,-0.70186,0
1785663221504453715,1751,1,0.043137,556.500,192.500,23.46774,0.17644,0
1785663221523260192,1752,1,0.050980,553.500,195.500,23.47119,0.17811,0
1785663221544133107,1753,1,0.050980,555.500,204.500,23.50767,0.59741,0
1785663221563268873,1754,1,0.074510,554.500,195.500,23.52416,0.66220,0
1785663221583682793,1755,1,0.031373,553.500,201.500,23.51802,0.41047,0
1785663221604820247,1756,1,0.050980,554.500,201.500,23.52525,0.39190,0
1785663221624084719,1757,0,,,,23.53280,0.39190,1
1785663221646737783,1758,0,,,,23.54167,0.39190,1
1785663221664332398,1759,1,0.070588,556.500,193.500,23.58818,0.81333,0
1785663221681388018,1760,1,0.070588,556.500,200.500,23.61127,0.91212,0
1785663221692891235,1761,0,0.070588,556.500,200.500,23.62176,0.91212,1
1785663221723207930,1762,1,0.031373,553.500,201.500,23.56260,-0.04548,0
1785663221741355539,1763,1,0.058824,549.500,201.500,23.43795,-1.49041,0
1785663221764591514,1764,1,0.031373,548.500,201.500,23.31806,-2.54674,0
1785663221783049370,1765,0,,,,23.27106,-2.54674,1
1785663221806295427,1766,1,0.047059,555.500,193.500,23.36791,-0.71977,0
1785663221821823896,1767,0,0.047059,555.500,193.500,23.35673,-0.71977,1
1785663221845942237,1768,0,,,,23.33937,-0.71977,1
1785663221868087806,1769,1,0.050980,549.500,201.500,23.28891,-1.06053,0
1785663221885072093,1770,0,0.050980,549.500,201.500,23.27090,-1.06053,1
1785663221906743875,1771,1,0.043137,555.500,195.500,23.41648,0.62544,0
1785663221926326761,1772,1,0.066667,553.500,194.500,23.45168,0.87218,0
1785663221946624224,1773,1,0.043137,549.500,200.500,23.39963,0.05308,0
1785663221966522690,1774,1,0.035294,554.500,201.500,23.44451,0.59951,0
1785663221986520905,1775,0,0.035294,554.500,201.500,23.45650,0.59951,1
1785663222006869992,1776,1,0.035294,555.500,195.500,23.52545,1.27362,0
1785663222026729084,1777,1,0.109804,559.500,198.500,23.65400,2.49311,0
1785663222046673342,1778,1,0.054902,554.500,204.500,23.66138,1.98107,0
1785663222066625766,1779,1,0.039216,554.500,201.500,23.65332,1.38968,0
1785663222087030852,1780,1,0.043137,554.500,201.500,23.63295,0.77237,0
1785663222106905986,1781,1,0.039216,554.500,201.500,23.60339,0.19748,0
1785663222126986159,1782,1,0.039216,552.500,201.500,23.53451,-0.73826,0
1785663222146877000,1783,1,0.050980,553.500,201.500,23.48488,-1.18726,0
1785663222166633718,1784,1,0.031373,555.500,195.500,23.47861,-0.96661,0
1785663222186804307,1785,1,0.043137,559.500,198.500,23.55036,0.20325,0
1785663222206970812,1786,1,0.031373,552.500,202.500,23.50303,-0.45555,0
1785663222226758738,1787,1,0.035294,553.500,201.500,23.47410,-0.71053,0
1785663222248003233,1788,1,0.039216,553.500,193.500,23.44954,-0.83168,0
1785663222266986166,1789,1,0.039216,553.500,193.500,23.43290,-0.84263,0
1785663222287566251,1790,1,0.039216,549.500,201.500,23.35084,-1.67149,0
1785663222306648642,1791,1,0.086275,553.500,201.500,23.34981,-1.27606,0
1785663222328079802,1792,1,0.035294,553.500,201.500,23.35867,-0.81232,0
1785663222347287025,1793,1,0.039216,554.500,199.500,23.39551,-0.14040,0
1785663222372209358,1794,0,,,,23.39201,-0.14040,1
1785663222386619879,1795,1,0.031373,553.500,201.500,23.42505,0.28093,0
1785663222407160589,1796,1,0.031373,554.500,195.500,23.47079,0.75271,0
1785663222432373586,1797,0,,,,23.48977,0.75271,1
1785663222452811297,1798,0,,,,23.50515,0.75271,1
1785663222470511202,1799,1,0.043137,557.500,200.500,23.61607,1.75264,0
1785663222491974736,1800,1,0.047059,548.500,201.500,23.48068,-0.06703,0
1785663222510480508,1801,1,0.117647,555.500,196.500,23.50930,0.27059,0
1785663222530717304,1802,1,0.054902,556.500,197.500,23.55175,0.71911,0
1785663222550504647,1803,1,0.035294,554.500,197.500,23.55392,0.56649,0
1785663222573312667,1804,0,,,,23.56684,0.56649,1
1785663222590608368,1805,1,0.047059,555.500,203.500,23.57399,0.53478,0
1785663222610610959,1806,1,0.074510,560.500,199.500,23.67762,1.63295,0
1785663222635826746,1807,0,,,,23.71880,1.63295,1
1785663222650995302,1808,1,0.035294,549.500,201.500,23.53120,-0.79988,0
1785663222670698062,1809,1,0.047059,554.500,193.500,23.49931,-0.98564,0
1785663222690911817,1810,1,0.058824,556.500,196.500,23.51169,-0.60000,0
1785663222710725701,1811,1,0.074510,553.500,193.500,23.47574,-0.89773,0
1785663222732841104,1812,1,0.078431,548.500,201.500,23.35247,-2.20929,0
1785663222750824798,1813,1,0.031373,553.500,199.500,23.33744,-1.89235,0
1785663222770833513,1814,1,0.039216,555.500,201.500,23.37092,-0.97272,0
1785663222790638064,1815,1,0.039216,554.500,202.500,23.39795,-0.37638,0
1785663222810747403,1816,1,0.058824,554.500,201.500,23.43096,0.14515,0
1785663222831092115,1817,1,0.043137,553.500,195.500,23.44868,0.33458,0
1785663222852390484,1818,1,0.086275,560.500,195.500,23.59032,2.05707,0
1785663222872735779,1819,1,0.035294,554.500,196.500,23.61620,1.85255,0
1785663222890812597,1820,1,0.094118,556.500,200.500,23.65548,1.92683,0
1785663222911204559,1821,0,,,,23.69477,1.92683,1
1785663222936807843,1822,1,0.039216,556.500,203.500,23.70904,1.51938,0
1785663222951872774,1823,1,0.035294,553.500,196.500,23.64102,0.45389,0
1785663222970593211,1824,1,0.039216,559.500,200.500,23.68595,0.89504,0
1785663222990717717,1825,1,0.058824,554.500,194.500,23.63919,0.08637,0
1785663223010716224,1826,1,0.054902,554.500,201.500,23.58830,-0.58303,0
1785663223030761981,1827,1,0.035294,549.500,201.500,23.45180,-2.18475,0
1785663223056427056,1828,0,,,,23.39573,-2.18475,1
1785663223074735871,1829,1,0.078431,559.500,198.500,23.50553,-0.41046,0
1785663223090524421,1830,1,0.062745,553.500,201.500,23.47667,-0.67350,0
1785663223114608553,1831,1,0.050980,556.500,201.500,23.50708,-0.11033,0
1785663223134749684,1832,1,0.031373,553.500,201.500,23.48507,-0.35636,0
1785663223154992314,1833,1,0.058824,549.500,201.500,23.39404,-1.41934,0
1785663223180049520,1834,0,,,,23.35848,-1.41934,1
1785663223194764247,1835,0,,,,23.33759,-1.41934,1
1785663223216772609,1836,0,,,,23.30636,-1.41934,1
1785663223234836802,1837,1,0.086275,556.500,193.500,23.46821,0.37366,0
1785663223257865070,1838,1,0.058824,549.500,201.500,23.38489,-0.54404,0
1785663223275146438,1839,1,0.039216,555.500,200.500,23.44168,0.18068,0
1785663223294943114,1840,1,0.094118,556.500,192.500,23.50923,0.94877,0
1785663223314980412,1841,1,0.082353,559.500,198.500,23.62203,2.13737,0
1785663223334748213,1842,1,0.031373,549.500,201.500,23.54793,0.63008,0
1785663223354847636,1843,1,0.054902,552.500,201.500,23.51365,0.01959,0
1785663223374792477,1844,1,0.031373,554.500,194.500,23.51198,-0.00707,0
1785663223394730318,1845,1,0.047059,554.500,201.500,23.50940,-0.03848,0
1785663223415222320,1846,0,,,,23.50862,-0.03848,1
1785663223434751832,1847,1,0.035294,553.500,201.500,23.48327,-0.32883,0
1785663223454729631,1848,0,,,,23.47670,-0.32883,1
1785663223474786762,1849,0,,,,23.47011,-0.32883,1
1785663223494922643,1850,0,,,,23.46349,-0.32883,1
1785663223514672069,1851,1,0.082353,555.500,192.500,23.51809,0.21843,0
1785663223535062281,1852,1,0.047059,552.500,201.500,23.47329,-0.25500,0
1785663223554845540,1853,0,,,,23.46825,-0.25500,1
1785663223579748289,1854,1,0.039216,559.500,195.500,23.60619,1.28860,0
1785663223594943678,1855,1,0.050980,552.500,193.500,23.55786,0.52090,0
1785663223614992851,1856,0,,,,23.56830,0.52090,1
1785663223635531645,1857,0,,,,23.57900,0.52090,1
1785663223654391205,1858,1,0.074510,554.500,195.500,23.55025,0.11557,0
1785663223674994623,1859,1,0.070588,554.500,198.500,23.53218,-0.10410,0
1785663223694774965,1860,1,0.125490,559.500,198.500,23.61291,0.84611,0
1785663223714568141,1861,1,0.047059,556.500,201.500,23.62830,0.82956,0
1785663223734476816,1862,1,0.050980,556.500,203.500,23.63689,0.72926,0
1785663223758820821,1863,1,0.031373,553.500,201.500,23.58588,-0.15701,0
1785663223783379865,1864,1,0.058824,553.500,195.500,23.52578,-0.88298,0
1785663223800854481,1865,0,,,,23.51035,-0.88298,1
1785663223820830238,1866,1,0.043137,553.500,194.500,23.45993,-1.27161,0
1785663223838638768,1867,1,0.043137,553.500,201.500,23.42710,-1.39141,0
1785663223858529067,1868,1,0.035294,556.500,200.500,23.45879,-0.67772,0
1785663223880801760,1869,1,0.043137,554.500,201.500,23.45793,-0.50132,0
1785663223898739538,1870,0,,,,23.44894,-0.50132,1
1785663223918537964,1871,1,0.039216,549.500,201.500,23.35162,-1.53026,0
1785663223938363514,1872,1,0.070588,553.500,201.500,23.35784,-1.10102,0
1785663223959218054,1873,1,0.062745,556.500,200.500,23.42608,-0.00094,0
1785663223978583651,1874,1,0.074510,557.500,199.500,23.51199,1.06561,0
1785663223998336869,1875,1,0.062745,554.500,194.500,23.53980,1.15118,0
1785663224018578915,1876,1,0.039216,552.500,196.500,23.52430,0.65443,0
1785663224038364799,1877,1,0.082353,555.500,193.500,23.55365,0.86512,0
1785663224059631169,1878,1,0.058824,553.500,193.500,23.54272,0.48829,0
1785663224080203087,1879,0,,,,23.55276,0.48829,1
1785663224098412528,1880,1,0.031373,556.500,199.500,23.58818,0.80294,0
1785663224118522159,1881,1,0.066667,556.500,201.500,23.60647,0.82807,0
1785663224138451834,1882,1,0.039216,555.500,203.500,23.59859,0.53579,0
1785663224158463174,1883,1,0.066667,554.500,202.500,23.57138,0.06743,0
1785663224183655421,1884,1,0.074510,553.500,194.500,23.52668,-0.52059,0
1785663224198686686,1885,0,0.074510,553.500,194.500,23.51885,-0.52059,1
1785663224220773005,1886,1,0.094118,554.500,201.500,23.50066,-0.60004,0
1785663224241837335,1887,0,0.094118,554.500,201.500,23.48802,-0.60004,1
1785663224258878955,1888,0,,,,23.47779,-0.60004,1
1785663224279001419,1889,0,,,,23.46572,-0.60004,1
1785663224299323965,1890,1,0.039216,560.500,198.500,23.66842,1.34322,0
1785663224318946809,1891,1,0.062745,554.500,201.500,23.62489,0.66930,0
1785663224340827422,1892,0,,,,23.63953,0.66930,1
1785663224359164321,1893,1,0.035294,559.500,198.500,23.70618,1.25489,0
1785663224384630357,1894,1,0.031373,559.500,200.500,23.74657,1.35135,0
1785663224402453052,1895,0,0.031373,559.500,200.500,23.77065,1.35135,1
1785663224423542090,1896,1,0.039216,553.500,201.500,23.62887,-0.59179,0
1785663224442715772,1897,0,0.039216,553.500,201.500,23.61752,-0.59179,1
1785663224462646321,1898,1,0.047059,552.500,196.500,23.48616,-1.89458,0
1785663224482594954,1899,1,0.074510,555.500,201.500,23.47827,-1.56003,0
1785663224502490504,1900,0,0.074510,555.500,201.500,23.44724,-1.56003,1
1785663224522807799,1901,1,0.035294,553.500,195.500,23.40803,-1.64414,0
1785663224543536341,1902,1,0.031373,553.500,201.500,23.38387,-1.53036,0
1785663224562723148,1903,1,0.039216,549.500,201.500,23.30096,-2.17222,0
1785663224583336482,1904,1,0.047059,554.500,196.500,23.32431,-1.32321,0
1785663224602739120,1905,1,0.043137,554.500,197.500,23.36144,-0.52307,0
1785663224623292955,1906,1,0.070588,550.500,201.500,23.33480,-0.72746,0
1785663224643313337,1907,1,0.058824,554.500,192.500,23.38477,0.10409,0
1785663224671800883,1908,1,0.031373,554.500,203.500,23.44408,0.83000,0
1785663224691903806,1909,0,,,,23.46077,0.83000,1
1785663224716176354,1910,1,0.039216,555.500,203.500,23.54207,1.53928,0
1785663224734259213,1911,1,0.043137,556.500,200.500,23.59397,1.81942,0
1785663224754319845,1912,0,0.043137,556.500,200.500,23.63047,1.81942,1
1785663224774371726,1913,1,0.058824,555.500,195.500,23.62353,1.32910,0
1785663224794535023,1914,0,0.058824,555.500,195.500,23.65033,1.32910,1
1785663224814338699,1915,1,0.054902,553.500,193.500,23.57020,0.18191,0
1785663224835101948,1916,0,0.054902,553.500,193.500,23.57397,0.18191,1
1785663224854948790,1917,1,0.050980,555.500,194.500,23.56453,0.04425,0
1785663224875284752,1918,1,0.054902,553.500,193.500,23.51818,-0.47561,0
1785663224894832056,1919,0,0.054902,553.500,193.500,23.50888,-0.47561,1
1785663224914706022,1920,0,,,,23.49943,-0.47561,1
1785663224934894986,1921,1,0.050980,556.500,200.500,23.54414,0.08127,0
1785663224954481955,1922,0,,,,23.54573,0.08127,1
1785663224974567670,1923,1,0.054902,554.500,201.500,23.52470,-0.14890,0
1785663224994504344,1924,1,0.078431,553.500,201.500,23.49083,-0.48173,0
1785663225014945889,1925,1,0.043137,549.500,201.500,23.38999,-1.54507,0
1785663225034730606,1926,1,0.039216,554.500,201.500,23.39413,-1.11484,0
1785663225054542740,1927,1,0.047059,553.500,195.500,23.39158,-0.86489,0
1785663225076085023,1928,1,0.035294,554.500,201.500,23.41329,-0.34306,0
1785663225095329871,1929,1,0.047059,554.500,202.500,23.44126,0.10462,0
1785663225114847425,1930,0,,,,23.44330,0.10462,1
1785663225134811516,1931,1,0.047059,553.500,193.500,23.45790,0.25284,0
1785663225155615890,1932,0,,,,23.46316,0.25284,1
1785663225174585407,1933,0,,,,23.46796,0.25284,1
1785663225194757454,1934,1,0.078431,554.500,201.500,23.50172,0.53684,0
1785663225219040001,1935,0,,,,23.51475,0.53684,1
1785663225234707094,1936,1,0.086275,555.500,195.500,23.55295,0.83604,0
1785663225255548801,1937,1,0.039216,554.500,194.500,23.54881,0.60493,0
1785663225275291227,1938,0,0.039216,554.500,194.500,23.56075,0.60493,1
1785663225294731781,1939,1,0.050980,553.500,192.500,23.52745,0.10075,0
1785663225315357657,1940,1,0.031373,555.500,196.500,23.54135,0.23690,0
1785663225344587530,1941,0,,,,23.54827,0.23690,1
1785663225369725860,1942,1,0.039216,553.500,201.500,23.50058,-0.36103,0
1785663225386819855,1943,0,0.039216,553.500,201.500,23.49441,-0.36103,1
1785663225406750696,1944,1,0.047059,556.500,201.500,23.54536,0.26662,0
1785663225427326114,1945,0,,,,23.55085,0.26662,1
1785663225446834626,1946,0,,,,23.55605,0.26662,1
1785663225466390971,1947,0,,,,23.56126,0.26662,1
1785663225490804017,1948,1,0.035294,554.500,195.500,23.52675,-0.09026,0
1785663225506520192,1949,0,0.035294,554.500,195.500,23.52534,-0.09026,1
1785663225526551074,1950,1,0.070588,556.500,196.500,23.56407,0.29493,0
1785663225546828995,1951,1,0.035294,559.500,198.500,23.64877,1.12789,0
1785663225566652212,1952,0,,,,23.67113,1.12789,1
1785663225586814342,1953,1,0.050980,549.500,201.500,23.49872,-1.08105,0
1785663225606634643,1954,1,0.050980,554.500,201.500,23.47063,-1.15852,0
1785663225626601359,1955,1,0.039216,553.500,201.500,23.43431,-1.31876,0
1785663225646686156,1956,0,,,,23.40782,-1.31876,1
1785663225670479792,1957,1,0.039216,559.500,198.500,23.55202,0.71157,0
1785663225690357842,1958,0,0.039216,559.500,198.500,23.56616,0.71157,1
1785663225710214017,1959,1,0.039216,555.500,201.500,23.57061,0.60602,0
1785663225730865268,1960,0,0.039216,555.500,201.500,23.58313,0.60602,1
1785663225750246323,1961,1,0.074510,553.500,201.500,23.52463,-0.13698,0
1785663225770532118,1962,0,0.074510,553.500,201.500,23.52185,-0.13698,1
1785663225790551042,1963,1,0.062745,555.500,195.500,23.53462,0.02568,0
1785663225810410717,1964,1,0.121569,553.500,195.500,23.50226,-0.33535,0
1785663225830520348,1965,1,0.105882,554.500,201.500,23.49431,-0.34956,0
1785663225850571063,1966,1,0.066667,554.500,201.500,23.48926,-0.32524,0
1785663225871371062,1967,1,0.062745,554.500,201.500,23.48674,-0.27106,0
1785663225890910490,1968,1,0.039216,555.500,193.500,23.50554,0.04015,0
1785663225911364576,1969,1,0.062745,554.500,201.500,23.50691,0.04723,0
1785663225930329719,1970,1,0.070588,558.500,195.500,23.57808,0.95355,0
1785663225951112218,1971,1,0.058824,553.500,201.500,23.55832,0.44482,0
1785663225971246932,1972,1,0.039216,554.500,193.500,23.55078,0.23329,0
1785663225990696820,1973,1,0.035294,553.500,195.500,23.52256,-0.18633,0
1785663226010783992,1974,1,0.113725,554.500,195.500,23.51145,-0.28063,0
1785663226033310557,1975,1,0.050980,549.500,201.500,23.40982,-1.50012,0
1785663226050591050,1976,1,0.066667,554.500,202.500,23.40846,-1.18503,0
1785663226070634765,1977,1,0.066667,554.500,202.500,23.41534,-0.79187,0
1785663226090538190,1978,1,0.086275,554.500,195.500,23.43022,-0.39867,0
1785663226110782570,1979,1,0.043137,553.500,201.500,23.43203,-0.27199,0
1785663226130835034,1980,1,0.074510,555.500,201.500,23.47169,0.30585,0
1785663226150743417,1981,1,0.054902,553.500,201.500,23.47663,0.29119,0
1785663226170585593,1982,1,0.090196,554.500,201.500,23.49657,0.47242,0
1785663226190657891,1983,1,0.062745,554.500,201.500,23.51366,0.56981,0
1785663226210531274,1984,1,0.070588,554.500,200.500,23.52666,0.59130,0
1785663226230622822,1985,1,0.121569,549.500,201.500,23.44765,-0.57229,0
1785663226250575246,1986,1,0.039216,556.500,192.500,23.49109,0.13001,0
1785663226272050822,1987,0,,,,23.49388,0.13001,1
1785663226294762885,1988,1,0.050980,549.500,201.500,23.38594,-1.16324,0
1785663226314970223,1989,1,0.050980,554.500,194.500,23.40732,-0.64004,0
1785663226334764566,1990,1,0.058824,554.500,200.500,23.43159,-0.19615,0
1785663226354555700,1991,1,0.082353,549.500,201.500,23.36755,-0.94232,0
1785663226374591831,1992,1,0.090196,553.500,195.500,23.38041,-0.54005,0
1785663226394441882,1993,1,0.074510,558.500,197.500,23.48635,0.95492,0
1785663226414818093,1994,0,,,,23.50581,0.95492,1
1785663226434826809,1995,1,0.078431,554.500,192.500,23.53675,1.09480,0
1785663226454765816,1996,1,0.074510,560.500,195.500,23.67462,2.45551,0
1785663226474950405,1997,1,0.078431,553.500,201.500,23.65478,1.62142,0
1785663226494810080,1998,1,0.070588,554.500,193.500,23.64046,1.04575,0
1785663226518644465,1999,0,,,,23.66538,1.04575,1
1785663226534933760,2000,1,0.168627,554.500,193.500,23.61284,0.22034,0
1785663226554565937,2001,1,0.062745,553.500,201.500,23.55029,-0.56598,0
1785663226577434582,2002,1,0.070588,548.500,201.500,23.39808,-2.24609,0
1785663226594637492,2003,1,0.066667,557.500,198.500,23.43502,-1.30888,0
1785663226614592833,2004,1,0.101961,556.500,195.500,23.46374,-0.61339,0
1785663226634846837,2005,1,0.062745,558.500,197.500,23.53369,0.44281,0
1785663226654560972,2006,1,0.074510,555.500,194.500,23.55318,0.58127,0
1785663226674571146,2007,1,0.035294,554.500,201.500,23.55049,0.39698,0
1785663226699225481,2008,0,,,,23.56027,0.39698,1
1785663226716463100,2009,1,0.047059,558.500,195.500,23.63754,1.23358,0
1785663226737178599,2010,1,0.050980,555.500,193.500,23.63297,0.88069,0
1785663226754798880,2011,1,0.094118,556.500,196.500,23.64002,0.77921,0
1785663226774891012,2012,1,0.050980,553.500,195.500,23.59018,-0.02968,0
1785663226796241088,2013,1,0.043137,556.500,193.500,23.59137,-0.00659,0
1785663226815679143,2014,1,0.043137,558.500,197.500,23.62717,0.45303,0
1785663226835196113,2015,1,0.062745,547.500,200.500,23.46983,-1.68315,0
1785663226854648626,2016,1,0.031373,555.500,195.500,23.45642,-1.43443,0
1785663226874148971,2017,1,0.066667,553.500,195.500,23.42057,-1.53567,0
1785663226894266477,2018,1,0.050980,554.500,201.500,23.41193,-1.25020,0
1785663226914165527,2019,1,0.066667,549.500,201.500,23.32775,-2.01008,0
1785663226938814904,2020,1,0.035294,554.500,201.500,23.33775,-1.24744,0
1785663226958888368,2021,1,0.031373,554.500,201.500,23.37043,-0.50710,0
1785663226979936865,2022,0,,,,23.35976,-0.50710,1
1785663226999272129,2023,1,0.031373,553.500,201.500,23.39955,0.07750,0
1785663227019534591,2024,1,0.062745,559.500,199.500,23.55221,1.84158,0
1785663227040732003,2025,0,,,,23.59124,1.84158,1
1785663227058640948,2026,1,0.054902,555.500,197.500,23.62340,1.83224,0
1785663227079673986,2027,1,0.039216,553.500,201.500,23.60241,1.15123,0
1785663227098555130,2028,0,,,,23.62415,1.15123,1
1785663227119709500,2029,0,,,,23.64850,1.15123,1
1785663227142042650,2030,1,0.066667,553.500,201.500,23.56831,0.07461,0
1785663227161665369,2031,1,0.039216,556.500,196.500,23.58354,0.22026,0
1785663227182442369,2032,1,0.050980,559.500,198.500,23.65193,0.95268,0
1785663227199109659,2033,1,0.050980,560.500,196.500,23.72160,1.60845,0
1785663227219883992,2034,1,0.054902,556.500,199.500,23.71442,1.09133,0
1785663227238873926,2035,1,0.031373,555.500,201.500,23.67884,0.36238,0
1785663227260686248,2036,0,,,,23.68675,0.36238,1
1785663227278974814,2037,1,0.039216,554.500,196.500,23.60354,-0.71244,0
1785663227298873864,2038,1,0.035294,552.500,201.500,23.49916,-1.77539,0
1785663227318856621,2039,0,,,,23.46368,-1.77539,1
1785663227340941815,2040,0,,,,23.42447,-1.77539,1
1785663227362680888,2041,0,,,,23.38587,-1.77539,1
1785663227382770978,2042,0,,,,,,0
1785663227398714442,2043,1,0.031373,549.500,201.500,23.28910,0.00000,0
1785663227418466202,2044,0,0.031373,549.500,201.500,23.28910,0.00000,1
1785663227438423584,2045,0,,,,23.28910,0.00000,1
1785663227458433758,2046,1,0.031373,554.500,201.500,23.49804,3.37491,0
1785663227484680202,2047,1,0.039216,555.500,201.500,23.62190,3.88261,0
1785663227503351723,2048,1,0.043137,553.500,201.500,23.60845,2.67905,0
1785663227518950899,2049,0,0.043137,553.500,201.500,23.65024,2.67905,1
1785663227538935698,2050,1,0.035294,549.500,201.500,23.51663,0.36109,0
1785663227559073620,2051,1,0.054902,552.500,203.500,23.47947,-0.17351,0
1785663227583099420,2052,1,0.047059,552.500,201.500,23.44552,-0.53582,0
1785663227602261727,2053,1,0.043137,554.500,201.500,23.46127,-0.21227,0
1785663227622653980,2054,0,0.043137,554.500,201.500,23.45694,-0.21227,1
1785663227642495572,2055,0,,,,23.45273,-0.21227,1
1785663227662499621,2056,1,0.039216,553.500,201.500,23.45492,-0.14445,0
1785663227683350078,2057,0,0.039216,553.500,201.500,23.45191,-0.14445,1
1785663227702479136,2058,1,0.047059,554.500,201.500,23.47986,0.16777,0
1785663227722783598,2059,1,0.035294,553.500,201.500,23.47659,0.09621,0
1785663227742393317,2060,0,,,,23.47847,0.09621,1
1785663227762294992,2061,0,,,,23.48039,0.09621,1
1785663227782474622,2062,1,0.039216,553.500,196.500,23.47314,0.00227,0
1785663227802641128,2063,1,0.054902,556.500,196.500,23.53325,0.63991,0
1785663227822803258,2064,1,0.031373,555.500,201.500,23.55889,0.78607,0
1785663227842898597,2065,1,0.078431,555.500,193.500,23.57834,0.83079,0
1785663227862706065,2066,0,,,,23.59479,0.83079,1
1785663227885862207,2067,0,,,,23.61403,0.83079,1
1785663227903050159,2068,1,0.078431,560.500,195.500,23.73895,2.01418,0
1785663227922769252,2069,1,0.043137,554.500,201.500,23.68073,0.95658,0
1785663227942416013,2070,1,0.043137,550.500,194.500,23.55743,-0.66957,0
1785663227962790766,2071,1,0.050980,559.500,198.500,23.60717,0.10009,0
1785663227982404277,2072,0,,,,23.60914,0.10009,1
1785663228002530533,2073,0,,,,23.61115,0.10009,1
1785663228024156232,2074,0,,,,23.61332,0.10009,1
1785663228042653254,2075,1,0.039216,554.500,200.500,23.53965,-0.62002,0
1785663228062501846,2076,0,,,,23.52734,-0.62002,1
1785663228082595435,2077,1,0.054902,555.500,192.500,23.52253,-0.54616,0
1785663228102827565,2078,0,,,,23.51148,-0.54616,1
1785663228122751406,2079,0,,,,23.50060,-0.54616,1
1785663228142877370,2080,1,0.062745,549.500,201.500,23.33950,-1.97881,0
1785663228162551839,2081,1,0.129412,556.500,195.500,23.40815,-0.87801,0
1785663228182881385,2082,1,0.047059,555.500,193.500,23.44566,-0.24866,0
1785663228207556720,2083,1,0.047059,554.500,201.500,23.46626,0.08286,0
1785663228226790776,2084,0,,,,23.46785,0.08286,1
1785663228248384184,2085,0,,,,23.46964,0.08286,1
1785663228268107944,2086,1,0.035294,556.500,198.500,23.55279,0.94707,0
1785663228286977129,2087,0,0.035294,556.500,198.500,23.57066,0.94707,1
1785663228306563807,2088,1,0.043137,559.500,198.500,23.69141,1.98923,0
1785663228328178339,2089,0,,,,23.73441,1.98923,1
1785663228347777850,2090,1,0.058824,549.500,201.500,23.53691,-0.45673,0
1785663228367120697,2091,1,0.050980,555.500,196.500,23.53469,-0.38453,0
1785663228386568543,2092,0,0.050980,555.500,196.500,23.52722,-0.38453,1
1785663228407312251,2093,1,0.050980,560.500,199.500,23.64513,1.02758,0
1785663228427011511,2094,1,0.043137,549.500,201.500,23.51152,-0.74529,0
1785663228446576898,2095,0,,,,23.49693,-0.74529,1
1785663228467624519,2096,1,0.066667,549.500,201.500,23.36005,-2.11861,0
1785663228507037623,2097,1,0.070588,556.500,195.500,23.41163,-0.51226,0
1785663228527955454,2098,0,0.070588,556.500,195.500,23.40092,-0.51226,1
1785663228546749390,2099,1,0.031373,554.500,201.500,23.44835,0.15059,0
1785663228566504399,2100,0,,,,23.45133,0.15059,1
1785663228586583989,2101,1,0.050980,554.500,196.500,23.49000,0.53788,0
1785663228606585412,2102,1,0.043137,553.500,198.500,23.49321,0.45379,0
1785663228626621253,2103,1,0.054902,559.500,199.500,23.60639,1.68112,0
1785663228646760342,2104,1,0.047059,554.500,202.500,23.61246,1.33741,0
1785663228666691766,2105,1,0.062745,553.500,201.500,23.58907,0.70064,0
1785663228686697856,2106,0,,,,23.60309,0.70064,1
1785663228706715613,2107,1,0.031373,559.500,198.500,23.68834,1.54558,0
1785663228726673287,2108,0,,,,23.71919,1.54558,1
1785663228746833959,2109,1,0.062745,552.500,193.500,23.59767,-0.12122,0
1785663228766705885,2110,1,0.050980,549.500,201.500,23.44888,-1.75105,0
1785663228786646059,2111,1,0.039216,554.500,201.500,23.42354,-1.63866,0
1785663228806606066,2112,1,0.035294,553.500,201.500,23.39349,-1.60593,0
1785663228826658240,2113,1,0.035294,560.500,198.500,23.49939,0.14525,0
1785663228852188941,2114,0,,,,23.50310,0.14525,1
1785663228870501507,2115,0,,,,23.50575,0.14525,1
1785663228890428848,2116,0,,,,23.50865,0.14525,1
1785663228911846882,2117,1,0.156863,555.500,193.500,23.54398,0.44698,0
1785663228931976638,2118,1,0.117647,553.500,195.500,23.51134,0.03673,0
1785663228959150656,2119,0,0.117647,553.500,195.500,23.51234,0.03673,1
1785663228970799706,2120,1,0.039216,555.500,196.500,23.53451,0.27738,0
1785663228990941128,2121,1,0.050980,554.500,201.500,23.52840,0.14237,0
1785663229010990093,2122,1,0.098039,551.500,195.500,23.46787,-0.62742,0
1785663229032579167,2123,0,,,,23.45432,-0.62742,1
1785663229053579081,2124,1,0.039216,554.500,202.500,23.46202,-0.38402,0
1785663229070911865,2125,1,0.039216,553.500,200.500,23.45216,-0.42152,0
1785663229091180744,2126,0,,,,23.44362,-0.42152,1
1785663229110789297,2127,1,0.031373,556.500,200.500,23.51118,0.43816,0
1785663229131796086,2128,0,,,,23.52038,0.43816,1
1785663229150389357,2129,1,0.031373,559.500,198.500,23.64949,1.74738,0
1785663229171502603,2130,1,0.031373,553.500,202.500,23.61291,0.93005,0
1785663229192317185,2131,1,0.062745,549.500,201.500,23.50007,-0.62813,0
1785663229211500200,2132,1,0.035294,549.500,201.500,23.39628,-1.76116,0
1785663229231821287,2133,1,0.035294,549.500,200.500,23.30333,-2.48806,0
1785663229252208291,2134,1,0.031373,554.500,195.500,23.31533,-1.68059,0
1785663229271652637,2135,1,0.031373,554.500,199.500,23.34594,-0.86356,0
1785663229292725549,2136,1,0.058824,553.500,200.500,23.36889,-0.33354,0
1785663229312154896,2137,1,0.031373,555.500,203.500,23.43234,0.56531,0
1785663229332720397,2138,1,0.031373,554.500,202.500,23.47837,1.00653,0
1785663229351915954,2139,1,0.043137,556.500,200.500,23.55197,1.70202,0
1785663229372131167,2140,0,,,,23.58637,1.70202,1
1785663229392916583,2141,1,0.047059,556.500,200.500,23.64354,1.95827,0
1785663229412133431,2142,1,0.058824,558.500,199.500,23.71631,2.36899,0
1785663229432718182,2143,1,0.035294,556.500,192.500,23.73303,1.98427,0
1785663229452025446,2144,1,0.070588,553.500,191.500,23.67933,0.84613,0
1785663229472149952,2145,1,0.031373,550.500,198.500,23.56361,-0.83276,0
1785663229497821611,2146,1,0.035294,553.500,199.500,23.49103,-1.48921,0
1785663229523067732,2147,0,,,,23.45344,-1.48921,1
1785663229547217280,2148,1,0.054902,559.500,198.500,23.58029,0.38556,0
1785663229566023466,2149,1,0.066667,554.500,201.500,23.55175,-0.02872,0
1785663229582532216,2150,0,0.066667,554.500,201.500,23.55128,-0.02872,1
1785663229602485807,2151,1,0.031373,554.500,196.500,23.52721,-0.29492,0
1785663229622733395,2152,1,0.058824,549.500,195.500,23.41017,-1.57429,0
1785663229642737152,2153,0,,,,23.37868,-1.57429,1
1785663229665976335,2154,1,0.043137,553.500,198.500,23.37191,-1.23960,0
1785663229682312421,2155,1,0.035294,553.500,195.500,23.38021,-0.91201,0
1785663229702674632,2156,0,,,,23.36164,-0.91201,1
1785663229726621683,2157,1,0.039216,550.500,183.500,23.32650,-1.06169,0
1785663229742629939,2158,0,0.039216,550.500,183.500,23.30950,-1.06169,1
1785663229762563113,2159,0,,,,23.28834,-1.06169,1
1785663229782687327,2160,1,0.035294,554.500,196.500,23.39718,0.23771,0
1785663229810643129,2161,0,,,,23.40382,0.23771,1
1785663229836529285,2162,1,0.062745,553.500,201.500,23.44919,0.62881,0
1785663229855819050,2163,1,0.031373,554.500,200.500,23.48990,0.93774,0
1785663229876018513,2164,1,0.105882,549.500,201.500,23.41992,-0.11878,0
1785663229895999812,2165,1,0.066667,556.500,195.500,23.49108,0.80862,0
1785663229915982278,2166,1,0.074510,549.500,202.500,23.42361,-0.27411,0
1785663229936011993,2167,1,0.054902,555.500,192.500,23.47097,0.41404,0
1785663229954185852,2168,0,,,,23.47850,0.41404,1
1785663229974207692,2169,0,,,,23.48679,0.41404,1
1785663229995818224,2170,1,0.039216,553.500,201.500,23.48035,0.25088,0
1785663230015906855,2171,1,0.035294,554.500,201.500,23.49815,0.38810,0
1785663230036871353,2172,1,0.043137,549.500,201.500,23.41386,-0.67148,0
1785663230055925161,2173,1,0.043137,548.500,201.500,23.33205,-1.50978,0
1785663230074922678,2174,0,,,,23.30336,-1.50978,1
1785663230096250880,2175,1,0.043137,548.500,201.500,23.24083,-1.86631,0
1785663230118218118,2176,1,0.039216,559.500,198.500,23.42649,0.80333,0
1785663230139901566,2177,1,0.062745,552.500,194.500,23.44165,0.77596,0
1785663230159832407,2178,1,0.043137,559.500,197.500,23.57580,2.25743,0
1785663230180709114,2179,1,0.070588,559.500,195.500,23.68497,3.04634,0
1785663230200704287,2180,0,,,,23.74589,3.04634,1
1785663230225318998,2181,1,0.031373,548.500,201.500,23.54100,-0.21154,0
1785663230238634239,2182,0,0.031373,548.500,201.500,23.53819,-0.21154,1
1785663230258343999,2183,1,0.035294,549.500,201.500,23.39669,-1.72874,0
1785663230278418630,2184,1,0.035294,559.500,198.500,23.49711,-0.20420,0
1785663230298762176,2185,1,0.039216,549.500,201.500,23.40271,-1.27390,0
1785663230318761558,2186,1,0.039216,553.500,201.500,23.39119,-1.10123,0
1785663230338508067,2187,1,0.050980,553.500,201.500,23.38938,-0.84804,0
1785663230358675448,2188,1,0.058824,552.500,193.500,23.37856,-0.76735,0
1785663230378496623,2189,1,0.058824,554.500,200.500,23.40861,-0.18388,0
1785663230399123082,2190,0,,,,23.40481,-0.18388,1
1785663230418677969,2191,1,0.039216,553.500,201.500,23.42973,0.15371,0
1785663230438955848,2192,1,0.039216,560.500,195.500,23.58982,1.99247,0
1785663230458653942,2193,1,0.058824,550.500,196.500,23.53777,0.89697,0
1785663230478726823,2194,1,0.050980,554.500,201.500,23.55004,0.82612,0
1785663230499136576,2195,1,0.039216,554.500,202.500,23.55567,0.68412,0
1785663230518877836,2196,1,0.043137,553.500,201.500,23.53738,0.27756,0
1785663230538993883,2197,1,0.047059,552.500,193.500,23.49850,-0.29367,0
1785663230558744768,2198,0,,,,23.49270,-0.29367,1
1785663230578838941,2199,1,0.070588,554.500,203.500,23.49048,-0.25017,0
1785663230598912405,2200,1,0.043137,553.500,201.500,23.47046,-0.42595,0
1785663230619268200,2201,1,0.039216,554.500,202.500,23.47322,-0.28862,0
1785663230639098418,2202,0,,,,23.46749,-0.28862,1
1785663230659609378,2203,1,0.050980,559.500,198.500,23.59478,1.24996,0
1785663230679575510,2204,0,,,,23.61973,1.24996,1
1785663230699150230,2205,1,0.043137,549.500,201.500,23.47061,-0.63937,0
1785663230720276226,2206,0,,,,23.45710,-0.63937,1
1785663230739679947,2207,0,,,,23.44470,-0.63937,1
1785663230763208794,2208,0,,,,23.42966,-0.63937,1
1785663230792277959,2209,1,0.070588,554.500,201.500,23.47139,-0.12690,0
1785663230812982876,2210,1,0.054902,549.500,201.500,23.37105,-1.07719,0
1785663230830362243,2211,0,,,,23.35233,-1.07719,1
1785663230852019150,2212,1,0.031373,559.500,196.500,23.53653,1.22496,0
1785663230877443019,2213,1,0.050980,554.500,194.500,23.55348,1.05841,0
1785663230907654965,2214,1,0.058824,549.500,201.500,23.45014,-0.62289,0
1785663230926791231,2215,0,,,,23.43822,-0.62289,1
1785663230942689821,2216,0,,,,23.42832,-0.62289,1
1785663230962912617,2217,1,0.058824,553.500,195.500,23.43309,-0.43798,0
1785663230982934457,2218,0,,,,23.42432,-0.43798,1
1785663231002611843,2219,0,,,,23.41570,-0.43798,1
1785663231022674516,2220,1,0.050980,558.500,197.500,23.58502,1.23203,0
1785663231042474983,2221,1,0.058824,554.500,196.500,23.58277,0.96519,0
1785663231063519397,2222,0,,,,23.60308,0.96519,1
1785663231086750329,2223,0,,,,23.62551,0.96519,1
1785663231102778668,2224,0,,,,23.64098,0.96519,1
1785663231122924465,2225,1,0.066667,560.500,198.500,23.76434,1.92356,0
1785663231142857640,2226,0,,,,23.80268,1.92356,1
1785663231166467236,2227,1,0.062745,553.500,201.500,23.63396,-0.13441,0
1785663231182862821,2228,0,0.062745,553.500,201.500,23.63176,-0.13441,1
1785663231202794245,2229,1,0.043137,554.500,201.500,23.55608,-0.88859,0
1785663231222829210,2230,0,,,,23.53828,-0.88859,1
1785663231242866800,2231,1,0.031373,556.500,193.500,23.54304,-0.64843,0
1785663231262951348,2232,1,0.039216,554.500,196.500,23.50712,-0.90390,0
1785663231288227219,2233,0,,,,23.48428,-0.90390,1
1785663231303374483,2234,0,,,,23.47059,-0.90390,1
1785663231322956203,2235,1,0.039216,556.500,193.500,23.52520,-0.15148,0
1785663231345793681,2236,1,0.058824,556.500,195.500,23.55590,0.21388,0
1785663231363119090,2237,1,0.035294,553.500,195.500,23.52234,-0.21190,0
1785663231385185035,2238,1,0.035294,549.500,201.500,23.41768,-1.43802,0
1785663231410774194,2239,1,0.043137,554.500,202.500,23.42021,-0.93585,0
1785663231439664570,2240,1,0.047059,553.500,201.500,23.41380,-0.66967,0
1785663231454401171,2241,0,0.047059,553.500,201.500,23.40393,-0.66967,1
1785663231476015496,2242,1,0.062745,559.500,195.500,23.56601,1.43424,0
1785663231502796309,2243,0,,,,23.60442,1.43424,1
1785663231514687565,2244,0,,,,23.62147,1.43424,1
1785663231534819362,2245,1,0.062745,554.500,198.500,23.58430,0.76566,0
1785663231556882432,2246,1,0.105882,551.500,196.500,23.50223,-0.26916,0
1785663231575070165,2247,1,0.054902,548.500,202.500,23.38301,-1.55965,0
1785663231594933924,2248,1,0.047059,556.500,200.500,23.42665,-0.65343,0
1785663231615169554,2249,1,0.039216,555.500,193.500,23.45892,-0.07637,0
1785663231636896543,2250,0,,,,23.45726,-0.07637,1
1785663231656154350,2251,1,0.043137,553.500,201.500,23.45781,-0.05225,0
1785663231680216941,2252,0,,,,23.45656,-0.05225,1
1785663231700677235,2253,0,,,,23.45549,-0.05225,1
1785663231718466972,2254,1,0.054902,555.500,194.500,23.51963,0.59326,0
1785663231738593812,2255,0,,,,23.53157,0.59326,1
1785663231758543028,2256,1,0.090196,549.500,201.500,23.40362,-0.78824,0
1785663231778929447,2257,1,0.058824,554.500,201.500,23.42920,-0.34624,0
1785663231798741581,2258,1,0.050980,555.500,203.500,23.47058,0.21367,0
1785663231818640339,2259,0,,,,23.47483,0.21367,1
1785663231838578472,2260,0,,,,23.47909,0.21367,1
1785663231858553938,2261,1,0.039216,556.500,196.500,23.55941,1.01853,0
1785663231880766548,2262,0,,,,23.58204,1.01853,1
1785663231900636556,2263,1,0.101961,559.500,195.500,23.70298,2.04918,0
1785663231918575334,2264,1,0.043137,555.500,201.500,23.68666,1.47874,0
1785663231940853026,2265,1,0.090196,554.500,202.500,23.65199,0.68781,0
1785663231958910386,2266,0,,,,23.66441,0.68781,1
1785663231979203765,2267,1,0.050980,558.500,195.500,23.69382,0.86806,0
1785663232000310011,2268,1,0.043137,549.500,201.500,23.52459,-1.33744,0
1785663232019847981,2269,0,0.043137,549.500,201.500,23.49846,-1.33744,1
1785663232039139496,2270,0,,,,23.47266,-1.33744,1
1785663232058759715,2271,1,0.047059,554.500,202.500,23.45113,-1.28868,0
1785663232079002053,2272,0,,,,23.42504,-1.28868,1
1785663232100418546,2273,0,,,,23.39745,-1.28868,1
1785663232121984370,2274,0,,,,23.36965,-1.28868,1
1785663232139066240,2275,1,0.039216,554.500,201.500,23.43015,-0.57672,0
1785663232158877791,2276,1,0.043137,549.500,201.500,23.34008,-1.31911,0
1785663232179347043,2277,1,0.074510,554.500,196.500,23.37565,-0.63726,0
1785663232201671193,2278,1,0.031373,547.500,201.500,23.28174,-1.60871,0
1785663232219008102,2279,1,0.039216,549.500,201.500,23.24247,-1.75437,0
1785663232239437397,2280,1,0.043137,552.500,201.500,23.26586,-0.97961,0
1785663232259960190,2281,1,0.054902,549.500,201.500,23.24708,-0.96233,0
1785663232279053081,2282,1,0.078431,553.500,196.500,23.30834,0.07273,0
1785663232300183827,2283,1,0.101961,551.500,196.500,23.33887,0.44665,0
1785663232320045544,2284,1,0.074510,554.500,192.500,23.42084,1.38515,0
1785663232339664888,2285,1,0.031373,558.500,196.500,23.56410,2.87187,0
1785663232362407659,2286,1,0.039216,556.500,201.500,23.66516,3.32906,0
1785663232382501249,2287,1,0.058824,553.500,201.500,23.67967,2.65867,0
1785663232402430048,2288,1,0.031373,553.500,192.500,23.66694,1.81732,0
1785663232422614637,2289,1,0.031373,561.500,198.500,23.77688,2.75532,0
1785663232444027213,2290,1,0.050980,553.500,201.500,23.72881,1.38503,0
1785663232462724025,2291,1,0.050980,556.500,193.500,23.71301,0.85072,0
1785663232483091486,2292,1,0.039216,553.500,199.500,23.63585,-0.35979,0
1785663232502771497,2293,0,,,,23.62877,-0.35979,1
1785663232522614547,2294,1,0.082353,552.500,193.500,23.50976,-1.68013,0
1785663232542734094,2295,1,0.047059,554.500,201.500,23.45907,-1.87777,0
1785663232565838029,2296,0,,,,23.41569,-1.87777,1
1785663232585357207,2297,0,,,,23.37904,-1.87777,1
1785663232602894489,2298,1,0.090196,548.500,201.500,23.23632,-3.01106,0
1785663232622700498,2299,1,0.058824,555.500,194.500,23.30643,-1.64270,0
1785663232645170355,2300,0,,,,23.26952,-1.64270,1
1785663232662989676,2301,1,0.070588,551.500,193.500,23.27961,-1.21102,0
1785663232682973600,2302,0,,,,23.25541,-1.21102,1
1785663232703325312,2303,1,0.054902,554.500,195.500,23.36166,0.19345,0
1785663232723185279,2304,1,0.035294,553.500,201.500,23.41486,0.74252,0
1785663232743132453,2305,1,0.047059,554.500,194.500,23.47584,1.28797,0
1785663232763767079,2306,1,0.090196,554.500,192.500,23.52670,1.58939,0
1785663232782832553,2307,0,,,,23.55701,1.58939,1
1785663232807309640,2308,0,,,,23.59591,1.58939,1
1785663232823472353,2309,1,0.054902,554.500,201.500,23.58918,1.24168,0
1785663232843074489,2310,1,0.039216,553.500,201.500,23.56105,0.67430,0
1785663232862912873,2311,1,0.062745,553.500,201.500,23.53741,0.25042,0
1785663232883183210,2312,1,0.098039,553.500,193.500,23.51465,-0.08755,0
1785663232904225332,2313,1,0.043137,554.500,202.500,23.50844,-0.14264,0
1785663232930747190,2314,1,0.050980,548.500,201.500,23.38685,-1.65850,0
1785663232952805135,2315,1,0.062745,557.500,195.500,23.46157,-0.22099,0
1785663232972754642,2316,1,0.047059,554.500,194.500,23.47705,0.03565,0
1785663232992190238,2317,1,0.039216,552.500,202.500,23.45371,-0.27378,0
1785663233016054081,2318,0,,,,23.44718,-0.27378,1
1785663233031735799,2319,1,0.047059,554.500,201.500,23.47417,0.09980,0
1785663233045368161,2320,0,0.047059,554.500,201.500,23.47553,0.09980,1
1785663233066215993,2321,1,0.039216,556.500,193.500,23.54320,0.82160,0
1785663233100150735,2322,0,,,,23.57108,0.82160,1
1785663233112297655,2323,0,,,,23.58106,0.82160,1
1785663233124565614,2324,1,0.031373,559.500,198.500,23.69277,1.87714,0
1785663233145148741,2325,1,0.129412,555.500,195.500,23.67137,1.23801,0
1785663233165578618,2326,0,,,,23.69666,1.23801,1
1785663233185558042,2327,1,0.101961,553.500,194.500,23.60657,-0.02066,0
1785663233206255959,2328,1,0.039216,554.500,200.500,23.55892,-0.55708,0
1785663233226238258,2329,1,0.031373,549.500,201.500,23.42708,-2.00324,0
1785663233244444783,2330,1,0.043137,553.500,201.500,23.38884,-2.02527,0
1785663233265282698,2331,0,,,,23.34663,-2.02527,1
1785663233284930209,2332,1,0.066667,555.500,196.500,23.39208,-1.01536,0
1785663233312694388,2333,1,0.039216,556.500,195.500,23.45585,0.06921,0
1785663233324030191,2334,1,0.047059,556.500,196.500,23.51255,0.74881,0
1785663233344702441,2335,1,0.058824,561.500,194.500,23.65138,2.31742,0
1785663233357664560,2336,0,0.058824,561.500,194.500,23.68142,2.31742,1
1785663233377486319,2337,0,,,,23.72735,2.31742,1
1785663233397343953,2338,1,0.054902,553.500,195.500,23.61747,0.60597,0
1785663233416673383,2339,0,0.054902,553.500,195.500,23.62918,0.60597,1
1785663233437231676,2340,1,0.031373,559.500,194.500,23.70458,1.25887,0
1785663233457937968,2341,1,0.047059,553.500,200.500,23.61557,0.01111,0
1785663233477402439,2342,0,0.047059,553.500,200.500,23.61578,0.01111,1
1785663233499284802,2343,1,0.050980,549.500,201.500,23.43668,-1.98051,0
1785663233518898021,2344,1,0.035294,558.500,195.500,23.51083,-0.68523,0
1785663233537313503,2345,0,0.035294,558.500,195.500,23.49821,-0.68523,1
1785663233559949983,2346,1,0.086275,553.500,195.500,23.46423,-0.89407,0
1785663233578263549,2347,0,,,,23.44785,-0.89407,1
1785663233598492470,2348,0,,,,23.42977,-0.89407,1
1785663233620058378,2349,1,0.050980,559.500,198.500,23.60826,1.05933,0
1785663233640850502,2350,1,0.031373,549.500,201.500,23.46858,-0.61907,0
1785663233660021560,2351,1,0.043137,556.500,193.500,23.51187,0.00592,0
1785663233682159420,2352,1,0.043137,549.500,201.500,23.41737,-1.15439,0
1785663233699747035,2353,0,0.043137,549.500,201.500,23.39707,-1.15439,1
1785663233718473305,2354,1,0.070588,558.500,194.500,23.51094,0.46305,0
1785663233738852433,2355,1,0.035294,552.500,191.500,23.48399,0.03108,0
1785663233758736608,2356,1,0.070588,554.500,201.500,23.49425,0.14807,0
1785663233778685824,2357,1,0.031373,556.500,196.500,23.53943,0.67380,0
1785663233798491541,2358,1,0.031373,553.500,201.500,23.52725,0.35016,0
1785663233821215771,2359,0,,,,23.53520,0.35016,1
1785663233838742719,2360,0,,,,23.54134,0.35016,1
1785663233858472312,2361,0,,,,23.54825,0.35016,1
1785663233878379820,2362,1,0.035294,560.500,195.500,23.71886,1.90815,0
1785663233898475743,2363,1,0.039216,554.500,203.500,23.66665,1.01025,0
1785663233918370418,2364,1,0.043137,549.500,201.500,23.52962,-0.71213,0
1785663233945272814,2365,1,0.058824,548.500,200.500,23.38212,-2.27944,0
1785663233963870585,2366,1,0.039216,548.500,201.500,23.28244,-3.01059,0
1785663233984107673,2367,1,0.054902,555.500,203.500,23.33222,-1.57053,0
1785663234003064941,2368,0,,,,23.30245,-1.57053,1
1785663234022277706,2369,0,,,,23.27227,-1.57053,1
1785663234042211464,2370,0,,,,23.24097,-1.57053,1
1785663234067573083,2371,1,0.031373,552.500,201.500,23.33346,-0.33538,0
1785663234083702963,2372,1,0.031373,560.500,199.500,23.54619,1.81618,0
1785663234102315775,2373,0,0.031373,560.500,199.500,23.57999,1.81618,1
1785663234124568260,2374,0,,,,23.62040,1.81618,1
1785663234142843326,2375,1,0.035294,555.500,201.500,23.63407,1.61860,0
1785663234163078956,2376,0,,,,23.66683,1.61860,1
1785663234184690988,2377,1,0.058824,551.500,202.500,23.54551,0.02991,0
1785663234203181594,2378,1,0.031373,554.500,200.500,23.52791,-0.16622,0
1785663234223387474,2379,1,0.031373,556.500,201.500,23.55103,0.14467,0
1785663234242838236,2380,0,,,,23.55384,0.14467,1
1785663234263051116,2381,1,0.031373,555.500,195.500,23.55689,0.14611,0
1785663234284302902,2382,1,0.082353,560.500,198.500,23.65939,1.31566,0
1785663234303250253,2383,1,0.070588,549.500,195.500,23.54004,-0.43330,0
1785663234323451758,2384,1,0.043137,559.500,198.500,23.60355,0.46882,0
1785663234343779554,2385,0,,,,23.61308,0.46882,1
1785663234363632812,2386,1,0.035294,553.500,201.500,23.54795,-0.40780,0
1785663234383377572,2387,1,0.039216,553.500,195.500,23.49804,-0.89852,0
1785663234403823491,2388,1,0.050980,554.500,201.500,23.47553,-0.94827,0
1785663234422823050,2389,1,0.043137,550.500,201.500,23.39169,-1.76401,0
1785663234445849652,2390,1,0.047059,554.500,200.500,23.38519,-1.33136,0
1785663234463533224,2391,1,0.039216,554.500,201.500,23.39759,-0.87018,0
1785663234483545439,2392,1,0.058824,553.500,201.500,23.40010,-0.61344,0
1785663234508025609,2393,0,,,,23.38509,-0.61344,1
1785663234524725316,2394,1,0.039216,549.500,201.500,23.31564,-1.32016,0
1785663234544062038,2395,1,0.078431,553.500,202.500,23.34722,-0.64860,0
1785663234564137545,2396,1,0.031373,554.500,203.500,23.39617,0.09519,0
1785663234586590402,2397,1,0.043137,549.500,201.500,23.35367,-0.45708,0
1785663234606692741,2398,1,0.043137,556.500,195.500,23.43984,0.74810,0
1785663234626764748,2399,1,0.062745,555.500,194.500,23.50666,1.41047,0
1785663234646766172,2400,1,0.035294,554.500,201.500,23.54615,1.55538,0
1785663234667738127,2401,1,0.031373,555.500,194.500,23.59379,1.74840,0
1785663234687871966,2402,0,,,,23.62899,1.74840,1
1785663234706671735,2403,1,0.078431,560.500,198.500,23.75275,2.82475,0
1785663234727307236,2404,1,0.031373,554.500,201.500,23.72194,1.78170,0
1785663234747572324,2405,1,0.043137,554.500,198.500,23.68190,0.86808,0
1785663234767611372,2406,1,0.039216,554.500,201.500,23.63422,0.06375,0
1785663234787301007,2407,1,0.082353,555.500,193.500,23.60279,-0.34919,0
1785663234808270171,2408,0,,,,23.59547,-0.34919,1
1785663234828018431,2409,1,0.062745,554.500,194.500,23.53858,-0.93966,0
1785663234853161220,2410,0,,,,23.51495,-0.93966,1
1785663234868263776,2411,1,0.035294,559.500,199.500,23.60703,0.23566,0
1785663234889517312,2412,1,0.101961,554.500,194.500,23.56627,-0.27756,0
1785663234910699099,2413,1,0.066667,554.500,198.500,23.53173,-0.61567,0
1785663234927991258,2414,1,0.039216,549.500,201.500,23.41857,-1.87718,0
1785663234948407719,2415,1,0.039216,553.500,200.500,23.38505,-1.81612,0
1785663234968282561,2416,1,0.035294,555.500,203.500,23.39980,-1.16177,0
1785663234988166153,2417,0,,,,23.37670,-1.16177,1
1785663235011074797,2418,1,0.078431,552.500,194.500,23.36178,-1.02434,0
1785663235028102709,2419,1,0.043137,555.500,198.500,23.41821,-0.15646,0
1785663235048450046,2420,1,0.043137,552.500,193.500,23.41537,-0.15236,0
1785663235068219305,2421,1,0.050980,554.500,201.500,23.44802,0.29038,0
1785663235090921910,2422,1,0.031373,553.500,198.500,23.46355,0.40380,0
1785663235108307694,2423,1,0.050980,549.500,201.500,23.40513,-0.43568,0
1785663235128265368,2424,1,0.054902,549.500,201.500,23.34713,-1.07092,0
1785663235148310833,2425,1,0.066667,553.500,201.500,23.36348,-0.58394,0
1785663235168398881,2426,1,0.039216,550.500,201.500,23.33455,-0.80494,0
1785663235194583075,2427,0,,,,23.31347,-0.80494,1
1785663235220020653,2428,1,0.039216,553.500,201.500,23.38175,0.21570,0
1785663235239877411,2429,1,0.035294,558.500,197.500,23.53121,1.89928,0
1785663235264496955,2430,1,0.047059,559.500,196.500,23.66811,2.98905,0
1785663235278513314,2431,0,0.047059,559.500,196.500,23.71000,2.98905,1
1785663235298648028,2432,1,0.054902,555.500,201.500,23.70871,2.26626,0
1785663235323715276,2433,0,,,,23.76552,2.26626,1
1785663235338398420,2434,0,,,,23.79880,2.26626,1
1785663235358604592,2435,0,,,,23.84459,2.26626,1
1785663235378482642,2436,1,0.066667,554.500,201.500,23.67096,0.27875,0
1785663235398580898,2437,1,0.054902,560.500,198.500,23.72970,0.79298,0
1785663235418337032,2438,1,0.047059,554.500,200.500,23.65406,-0.20208,0
1785663235438635370,2439,1,0.066667,548.500,198.500,23.47977,-2.25039,0
1785663235458404921,2440,0,,,,23.43528,-2.25039,1
1785663235479071046,2441,1,0.062745,555.500,192.500,23.42713,-1.79572,0
1785663235500898576,2442,1,0.039216,554.500,200.500,23.40780,-1.56040,0
1785663235518528774,2443,1,0.090196,553.500,198.500,23.38940,-1.44970,0
1785663235544643469,2444,1,0.050980,556.500,193.500,23.44319,-0.29808,0
1785663235562140668,2445,0,,,,23.43797,-0.29808,1
1785663235582403423,2446,0,,,,23.43193,-0.29808,1
1785663235604513575,2447,1,0.058824,554.500,194.500,23.47508,0.22506,0
1785663235623938963,2448,1,0.086275,553.500,192.500,23.47463,0.17331,0
1785663235644888294,2449,0,0.086275,553.500,192.500,23.47826,0.17331,1
1785663235664197600,2450,1,0.047059,560.500,198.500,23.64083,1.92350,0
1785663235685855298,2451,1,0.062745,549.500,200.500,23.51633,0.03438,0
1785663235703168874,2452,0,,,,23.51692,0.03438,1
1785663235724755199,2453,1,0.074510,551.500,204.500,23.44106,-0.83136,0
1785663235744686915,2454,1,0.074510,554.500,193.500,23.45553,-0.47274,0
1785663235762423570,2455,0,0.074510,554.500,193.500,23.44715,-0.47274,1
1785663235782588617,2456,0,,,,23.43761,-0.47274,1
1785663235804208191,2457,1,0.054902,554.500,194.500,23.47271,-0.00571,0
1785663235824852150,2458,0,0.054902,554.500,194.500,23.47260,-0.00571,1
1785663235844992697,2459,1,0.031373,549.500,201.500,23.36209,-1.12875,0
1785663235862386355,2460,0,0.031373,549.500,201.500,23.34246,-1.12875,1
1785663235882699609,2461,0,,,,23.31953,-1.12875,1
1785663235905818043,2462,1,0.070588,554.500,194.500,23.42145,0.09586,0
1785663235925043058,2463,1,0.098039,556.500,195.500,23.50973,0.98356,0
1785663235944620694,2464,0,0.098039,556.500,195.500,23.52899,0.98356,1
1785663235965940147,2465,1,0.035294,555.500,201.500,23.56129,1.10857,0
1785663235985251786,2466,1,0.035294,554.500,201.500,23.55724,0.81640,0
1785663236002479779,2467,0,0.035294,554.500,201.500,23.57130,0.81640,1
1785663236024699014,2468,1,0.054902,553.500,201.500,23.53849,0.23644,0
1785663236046116756,2469,1,0.050980,553.500,201.500,23.50798,-0.17699,0
1785663236062640674,2470,0,0.050980,553.500,201.500,23.50506,-0.17699,1
1785663236085468610,2471,1,0.078431,551.500,203.500,23.42898,-0.99390,0
1785663236104135964,2472,1,0.035294,558.500,197.500,23.51469,0.21250,0
1785663236122406072,2473,1,0.054902,553.500,192.500,23.49986,-0.01275,0
1785663236142443079,2474,1,0.050980,549.500,201.500,23.41443,-1.07515,0
1785663236162637876,2475,0,,,,23.39272,-1.07515,1
1785663236186061390,2476,0,,,,23.36754,-1.07515,1
1785663236209071908,2477,0,,,,23.34280,-1.07515,1
1785663236229075374,2478,1,0.035294,553.500,201.500,23.41075,-0.24013,0
1785663236249516335,2479,1,0.047059,553.500,201.500,23.43315,0.02992,0
1785663236267035992,2480,0,,,,23.43367,0.02992,1
1785663236290133426,2481,1,0.050980,553.500,201.500,23.45053,0.20398,0
1785663236307781415,2482,1,0.058824,554.500,195.500,23.48006,0.49823,0
1785663236326204938,2483,0,0.058824,554.500,195.500,23.48924,0.49823,1
1785663236346707357,2484,0,,,,23.49945,0.49823,1
1785663236366324826,2485,0,,,,23.50923,0.49823,1
1785663236389799381,2486,1,0.156863,555.500,198.500,23.55113,0.77898,0
1785663236409052104,2487,0,0.156863,555.500,198.500,23.56613,0.77898,1
1785663236426781759,2488,0,,,,23.57994,0.77898,1
1785663236452801456,2489,1,0.043137,554.500,200.500,23.54795,0.30741,0
1785663236466300820,2490,0,0.043137,554.500,200.500,23.55210,0.30741,1
1785663236486342493,2491,0,,,,23.55826,0.30741,1
1785663236506524165,2492,1,0.050980,555.500,194.500,23.56410,0.30402,0
1785663236527006251,2493,1,0.074510,549.500,197.500,23.43621,-1.07509,0
1785663236546260723,2494,0,,,,23.41551,-1.07509,1
1785663236567138597,2495,0,,,,23.39307,-1.07509,1
1785663236587969512,2496,0,,,,23.37067,-1.07509,1
1785663236606446409,2497,1,0.141176,549.500,201.500,23.27466,-1.78284,0
1785663236626526291,2498,1,0.082353,547.500,202.500,23.18405,-2.32458,0
1785663236646447215,2499,1,0.050980,553.500,201.500,23.24020,-1.19150,0
1785663236666923468,2500,1,0.152941,547.500,201.500,23.19011,-1.50296,0
1785663236687748258,2501,0,,,,23.15881,-1.50296,1
1785663236706962773,2502,1,0.039216,549.500,201.500,23.18244,-0.87863,0
1785663236726434535,2503,0,,,,23.16534,-0.87863,1
1785663236746589083,2504,1,0.054902,558.500,195.500,23.43307,2.25822,0
1785663236766666631,2505,1,0.050980,556.500,200.500,23.57551,3.34483,0
1785663236788400037,2506,0,,,,23.64821,3.34483,1
1785663236806722061,2507,1,0.047059,555.500,192.500,23.69679,3.20236,0
1785663236832306220,2508,1,0.043137,553.500,195.500,23.66405,1.88390,0
1785663236852257769,2509,1,0.070588,554.500,201.500,23.63177,1.04203,0
1785663236871740615,2510,1,0.039216,552.500,193.500,23.56435,-0.05559,0
1785663236890325719,2511,0,0.039216,552.500,193.500,23.56332,-0.05559,1
1785663236910162353,2512,0,,,,23.56221,-0.05559,1
1785663236930187985,2513,0,,,,23.56110,-0.05559,1
1785663236951879600,2514,1,0.043137,555.500,196.500,23.55254,-0.12523,0
1785663236972339228,2515,1,0.039216,553.500,201.500,23.50329,-0.59018,0
1785663236990355005,2516,0,0.039216,553.500,201.500,23.49266,-0.59018,1
1785663237010187263,2517,1,0.058824,555.500,201.500,23.50589,-0.32139,0
1785663237030194520,2518,0,,,,23.49946,-0.32139,1
1785663237050263610,2519,0,,,,23.49301,-0.32139,1
1785663237072004516,2520,1,0.078431,553.500,198.500,23.46623,-0.51644,0
1785663237094072669,2521,1,0.035294,555.500,195.500,23.49851,-0.06069,0
1785663237110277798,2522,0,0.035294,555.500,195.500,23.49752,-0.06069,1
1785663237130277180,2523,1,0.035294,556.500,193.500,23.54800,0.50959,0
1785663237151021763,2524,0,,,,23.55857,0.50959,1
1785663237172854251,2525,1,0.043137,554.500,193.500,23.54053,0.19401,0
1785663237192814551,2526,0,,,,23.54441,0.19401,1
1785663237212394520,2527,1,0.039216,552.500,201.500,23.47543,-0.58072,0
1785663237230342631,2528,0,0.039216,552.500,201.500,23.46500,-0.58072,1
1785663237252827863,2529,1,0.047059,550.500,196.500,23.37557,-1.38357,0
1785663237271877422,2530,0,0.047059,550.500,196.500,23.34921,-1.38357,1
1785663237291713597,2531,0,,,,23.32177,-1.38357,1
1785663237310366659,2532,0,,,,23.29596,-1.38357,1
1785663237331834860,2533,1,0.054902,554.500,194.500,23.42476,0.02287,0
1785663237350230675,2534,0,0.054902,554.500,194.500,23.42518,0.02287,1
1785663237370475054,2535,1,0.031373,549.500,201.500,23.34321,-0.76103,0
1785663237390524894,2536,1,0.039216,553.500,201.500,23.37757,-0.23940,0
1785663237410592234,2537,1,0.054902,549.500,195.500,23.33361,-0.69715,0
1785663237430499450,2538,0,,,,23.31973,-0.69715,1
1785663237455954986,2539,1,0.039216,559.500,195.500,23.52998,1.95004,0
1785663237474220427,2540,0,,,,23.56560,1.95004,1
1785663237494360099,2541,0,,,,23.60487,1.95004,1
1785663237515788342,2542,1,0.094118,554.500,198.500,23.57989,1.28630,0
1785663237534188240,2543,0,0.094118,554.500,198.500,23.60355,1.28630,1
1785663237556653056,2544,1,0.054902,549.500,201.500,23.44046,-0.62573,0
1785663237576119568,2545,1,0.094118,554.500,194.500,23.46065,-0.27918,0
1785663237595849453,2546,1,0.047059,554.500,194.500,23.47547,-0.04132,0
1785663237615394423,2547,0,,,,23.47466,-0.04132,1
1785663237634145193,2548,0,,,,23.47388,-0.04132,1
1785663237655922557,2549,1,0.047059,553.500,201.500,23.46585,-0.11670,0
1785663237676999928,2550,1,0.039216,553.500,201.500,23.46182,-0.13372,0
1785663237695873488,2551,1,0.031373,554.500,201.500,23.47851,0.08751,0
1785663237714213012,2552,0,0.031373,554.500,201.500,23.48011,0.08751,1
1785663237734155520,2553,0,,,,23.48186,0.08751,1
1785663237755488680,2554,0,,,,23.48372,0.08751,1
1785663237775845058,2555,1,0.039216,554.500,201.500,23.50165,0.23994,0
1785663237794438621,2556,0,0.039216,554.500,201.500,23.50611,0.23994,1
1785663237817180809,2557,1,0.090196,554.500,193.500,23.51303,0.25401,0
1785663237834195013,2558,0,0.090196,554.500,193.500,23.51735,0.25401,1
1785663237855943794,2559,1,0.047059,554.500,200.500,23.51654,0.18885,0
1785663237877294746,2560,1,0.050980,555.500,195.500,23.53718,0.37268,0
1785663237897693416,2561,1,0.074510,552.500,204.500,23.49316,-0.24443,0
1785663237917281552,2562,1,0.098039,557.500,198.500,23.54797,0.50452,0
1785663237934368672,2563,0,0.098039,557.500,198.500,23.55659,0.50452,1
1785663237956377033,2564,1,0.074510,555.500,193.500,23.56521,0.47496,0
1785663237974390185,2565,0,0.074510,555.500,193.500,23.57376,0.47496,1
1785663237995939760,2566,1,0.050980,549.500,201.500,23.42200,-1.30519,0
1785663238014364158,2567,0,0.050980,549.500,201.500,23.39796,-1.30519,1
1785663238036753975,2568,1,0.054902,553.500,197.500,23.39315,-1.04728,0
1785663238054445422,2569,0,,,,23.37462,-1.04728,1
1785663238074324055,2570,0,,,,23.35380,-1.04728,1
1785663238105375076,2571,1,0.066667,548.500,202.500,23.24443,-1.77693,0
1785663238127774100,2572,1,0.050980,554.500,201.500,23.34264,-0.32271,0
1785663238146204623,2573,0,,,,23.33669,-0.32271,1
1785663238166337879,2574,0,,,,23.33020,-0.32271,1
1785663238186203679,2575,0,,,,23.32379,-0.32271,1
1785663238207956835,2576,1,0.039216,553.500,198.500,23.42147,0.64370,0
1785663238228556753,2577,1,0.047059,554.500,200.500,23.47947,1.08673,0
1785663238247765434,2578,1,0.050980,553.500,201.500,23.49294,1.00450,0
1785663238266212582,2579,0,,,,23.51147,1.00450,1
1785663238287799490,2580,1,0.086275,556.500,192.500,23.57791,1.52241,0
1785663238306491927,2581,0,0.086275,556.500,192.500,23.60637,1.52241,1
1785663238327130636,2582,0,,,,23.63779,1.52241,1
1785663238347951926,2583,1,0.031373,548.500,202.500,23.40587,-1.11126,0
1785663238367895601,2584,1,0.039216,556.500,201.500,23.47773,-0.13279,0
1785663238387906066,2585,1,0.070588,553.500,201.500,23.46849,-0.20739,0
1785663238410187717,2586,0,,,,23.46387,-0.20739,1
1785663238431869124,2587,1,0.109804,559.500,194.500,23.60434,1.45720,0
1785663238451915755,2588,1,0.054902,555.500,194.500,23.60877,1.16813,0
1785663238471563391,2589,0,0.054902,555.500,194.500,23.63172,1.16813,1
1785663238492755677,2590,1,0.043137,554.500,201.500,23.58705,0.38201,0
1785663238510995161,2591,0,0.043137,554.500,201.500,23.59402,0.38201,1
1785663238530326049,2592,1,0.058824,553.500,198.500,23.53176,-0.37296,0
1785663238550401556,2593,1,0.043137,553.500,201.500,23.48860,-0.77048,0
1785663238572737664,2594,0,,,,23.47139,-0.77048,1
1785663238590521777,2595,1,0.039216,549.500,201.500,23.34953,-1.98825,0
1785663238610607200,2596,0,,,,23.30959,-1.98825,1
1785663238630866163,2597,0,,,,23.26931,-1.98825,1
1785663238650739546,2598,1,0.050980,557.500,198.500,23.44923,0.17635,0
1785663238670730178,2599,1,0.054902,555.500,192.500,23.50609,0.72669,0
1785663238690869851,2600,0,,,,23.52073,0.72669,1
1785663238712318218,2601,0,,,,23.53632,0.72669,1
1785663238731353651,2602,1,0.043137,557.500,198.500,23.62597,1.49173,0
1785663238751101036,2603,1,0.031373,554.500,202.500,23.60998,1.01275,0
1785663238770967128,2604,1,0.054902,552.500,201.500,23.55588,0.16354,0
1785663238790932094,2605,1,0.043137,555.500,195.500,23.55858,0.15663,0
1785663238810990975,2606,1,0.031373,553.500,201.500,23.52408,-0.32242,0
1785663238830929399,2607,1,0.043137,555.500,195.500,23.52603,-0.21408,0
1785663238851074905,2608,1,0.062745,549.500,201.500,23.42376,-1.48292,0
1785663238871038704,2609,1,0.039216,553.500,201.500,23.39784,-1.43538,0
1785663238890903046,2610,1,0.125490,559.500,194.500,23.49008,0.11843,0
1785663238910934219,2611,1,0.058824,556.500,193.500,23.53592,0.67602,0
1785663238930624438,2612,1,0.043137,554.500,192.500,23.54376,0.60597,0
1785663238951082607,2613,1,0.039216,557.500,196.500,23.59903,1.15470,0
1785663238970799659,2614,0,,,,23.62180,1.15470,1
1785663238991037622,2615,1,0.054902,555.500,201.500,23.61916,0.84831,0
1785663239011041962,2616,1,0.039216,553.500,195.500,23.57331,0.11369,0
1785663239031096177,2617,1,0.039216,554.500,201.500,23.54804,-0.21693,0
1785663239061505454,2618,1,0.050980,549.500,201.500,23.41892,-1.75481,0
1785663239083882896,2619,1,0.082353,555.500,195.500,23.44007,-0.98073,0
1785663239106602334,2620,1,0.035294,554.500,201.500,23.44759,-0.59676,0
1785663239123116626,2621,0,,,,23.43774,-0.59676,1
1785663239143522587,2622,0,,,,23.42556,-0.59676,1
1785663239165418075,2623,1,0.058824,549.500,201.500,23.32348,-1.53493,0
1785663239184706381,2624,1,0.035294,553.500,201.500,23.36295,-0.79459,0
1785663239204444724,2625,1,0.062745,555.500,193.500,23.42949,0.14514,0
1785663239223122869,2626,0,,,,23.43220,0.14514,1
1785663239243105918,2627,0,,,,23.43510,0.14514,1
1785663239263372464,2628,0,,,,23.43804,0.14514,1
1785663239283167974,2629,0,,,,,,0
1785663239302327072,2630,0,,,,,,0
1785663239325671254,2631,0,,,,,,0
1785663239344059194,2632,1,0.094118,558.500,197.500,23.68081,0.00000,0
1785663239367746081,2633,1,0.047059,560.500,198.500,23.75261,2.41875,0
1785663239386104563,2634,0,,,,23.79702,2.41875,1
1785663239408009676,2635,1,0.050980,552.500,204.500,23.51879,-3.53678,0
1785663239428127473,2636,1,0.082353,555.500,194.500,23.46833,-3.22061,0
1785663239448065314,2637,1,0.054902,554.500,193.500,23.42546,-2.92260,0
1785663239467635367,2638,1,0.039216,555.500,193.500,23.42845,-2.12391,0
1785663239487662457,2639,1,0.035294,555.500,201.500,23.43996,-1.42645,0
1785663239508147168,2640,1,0.047059,553.500,201.500,23.42055,-1.30150,0
1785663239528680878,2641,1,0.039216,555.500,198.500,23.44857,-0.60588,0
1785663239549645667,2642,1,0.094118,553.500,195.500,23.44253,-0.52105,0
1785663239566073335,2643,0,,,,23.43397,-0.52105,1
1785663239587802575,2644,1,0.047059,549.500,201.500,23.34717,-1.40945,0
1785663239606426471,2645,0,0.047059,549.500,201.500,23.32092,-1.40945,1
1785663239626143522,2646,0,,,,23.29313,-1.40945,1
1785663239647264060,2647,0,,,,23.26336,-1.40945,1
1785663239667749937,2648,1,0.031373,551.500,202.500,23.31790,-0.65975,0
1785663239686967660,2649,0,,,,23.30522,-0.65975,1
1785663239711480538,2650,1,0.039216,554.500,199.500,23.41595,0.54396,0
1785663239727098548,2651,0,0.039216,554.500,199.500,23.42445,0.54396,1
1785663239749911277,2652,0,,,,23.43686,0.54396,1
1785663239767114479,2653,1,0.035294,549.500,201.500,23.35668,-0.32912,0
1785663239786774947,2654,1,0.031373,549.500,201.500,23.31385,-0.70728,0
1785663239806687122,2655,1,0.031373,554.500,193.500,23.37842,0.19354,0
1785663239831221000,2656,0,,,,23.38317,0.19354,1
1785663239851615878,2657,0,,,,23.38711,0.19354,1
1785663239867492218,2658,1,0.031373,554.500,201.500,23.46970,1.04066,0
1785663239886935689,2659,1,0.078431,549.500,196.500,23.40935,0.17303,0
1785663239906723324,2660,0,,,,23.41278,0.17303,1
1785663239928722352,2661,1,0.062745,554.500,201.500,23.47055,0.76167,0
1785663239946778671,2662,1,0.039216,549.500,201.500,23.40935,-0.08558,0
1785663239969677773,2663,1,0.043137,559.500,198.500,23.54453,1.56233,0
1785663239986960600,2664,0,,,,23.57153,1.56233,1
1785663240010178491,2665,1,0.043137,553.500,201.500,23.56359,1.04814,0
1785663240030455829,2666,1,0.031373,554.500,201.500,23.56941,0.86692,0
1785663240050264754,2667,1,0.047059,555.500,201.500,23.58558,0.85474,0
1785663240070232637,2668,1,0.043137,553.500,201.500,23.55891,0.30816,0
1785663240090321268,2669,1,0.078431,559.500,195.500,23.63520,1.20047,0
1785663240114377984,2670,1,0.039216,560.500,198.500,23.73135,2.06401,0
1785663240130253241,2671,0,,,,23.76412,2.06401,1
1785663240150438996,2672,1,0.082353,558.500,195.500,23.77993,1.75601,0
1785663240172394859,2673,0,,,,23.81848,1.75601,1
1785663240190440969,2674,0,,,,23.85017,1.75601,1
1785663240210580933,2675,1,0.035294,553.500,201.500,23.64809,-0.61000,0
1785663240230523440,2676,1,0.043137,559.500,193.500,23.66845,-0.27434,0
1785663240250371449,2677,1,0.050980,554.500,201.500,23.58998,-1.09430,0
1785663240270420705,2678,1,0.043137,555.500,203.500,23.54223,-1.40667,0
1785663240290698043,2679,1,0.062745,555.500,195.500,23.50593,-1.50507,0
1785663240312391408,2680,1,0.035294,553.500,201.500,23.44268,-1.89998,0
1785663240330303353,2681,1,0.043137,554.500,201.500,23.41749,-1.78526,0
1785663240350608107,2682,1,0.031373,556.500,195.500,23.43981,-1.02714,0
1785663240370727946,2683,1,0.039216,559.500,198.500,23.52572,0.34666,0
1785663240390519080,2684,1,0.031373,554.500,200.500,23.52760,0.28273,0
1785663240410974624,2685,1,0.039216,554.500,194.500,23.52777,0.21078,0
1785663240430588427,2686,1,0.043137,546.500,202.500,23.38513,-1.66811,0
1785663240450663058,2687,1,0.047059,556.500,201.500,23.42213,-0.76607,0
1785663240470814981,2688,1,0.050980,555.500,194.500,23.45272,-0.17715,0
1785663240491351732,2689,1,0.082353,553.500,195.500,23.45241,-0.13451,0
1785663240511042242,2690,1,0.035294,554.500,201.500,23.47028,0.12818,0
1785663240532782190,2691,1,0.101961,559.500,194.500,23.57946,1.48990,0
1785663240550761426,2692,1,0.035294,555.500,194.500,23.60803,1.51275,0
1785663240571352010,2693,1,0.066667,557.500,196.500,23.66209,1.80656,0
1785663240592772878,2694,0,,,,23.70079,1.80656,1
1785663240614174246,2695,1,0.039216,554.500,200.500,23.65512,0.81839,0
1785663240631110867,2696,1,0.050980,555.500,194.500,23.63057,0.36945,0
1785663240654184094,2697,1,0.031373,553.500,201.500,23.56858,-0.48010,0
1785663240679129343,2698,0,,,,23.55660,-0.48010,1
1785663240694426605,2699,0,,,,23.54926,-0.48010,1
1785663240714324780,2700,1,0.050980,553.500,201.500,23.47906,-1.12011,0
1785663240734531827,2701,1,0.031373,555.500,203.500,23.48013,-0.86637,0
1785663240754451001,2702,1,0.031373,554.500,193.500,23.46761,-0.81233,0
1785663240774575507,2703,0,,,,23.45126,-0.81233,1
1785663240794648097,2704,1,0.054902,556.500,195.500,23.50247,-0.03699,0
1785663240814594688,2705,1,0.062745,554.500,193.500,23.50414,-0.00896,0
1785663240835680809,2706,0,,,,23.50395,-0.00896,1
1785663240854310538,2707,0,,,,23.50378,-0.00896,1
1785663240874437377,2708,0,,,,23.50360,-0.00896,1
1785663240894473801,2709,0,,,,,,0
1785663240915622046,2710,0,,,,,,0
1785663240934455648,2711,0,,,,,,0
1785663240964432972,2712,1,0.047059,553.500,201.500,23.46271,0.00000,0
1785663240986095462,2713,0,,,,23.46271,0.00000,1
1785663241008033824,2714,1,0.039216,553.500,195.500,23.46437,0.03547,0
1785663241027747959,2715,1,0.039216,554.500,201.500,23.49333,0.56360,0
1785663241046227190,2716,0,,,,23.50374,0.56360,1
1785663241068483466,2717,1,0.066667,556.500,201.500,23.58053,1.43009,0
1785663241087872688,2718,1,0.054902,554.500,194.500,23.56883,0.93428,0
1785663241107756863,2719,1,0.047059,554.500,201.500,23.55773,0.56664,0
1785663241129182189,2720,1,0.050980,554.500,201.500,23.54678,0.27884,0
1785663241148141498,2721,1,0.039216,553.500,201.500,23.51682,-0.16584,0
1785663241169622823,2722,1,0.054902,553.500,201.500,23.49051,-0.45554,0
1785663241187605642,2723,1,0.035294,553.500,193.500,23.47214,-0.58599,0
1785663241208866178,2724,1,0.074510,556.500,196.500,23.50970,0.05622,0
1785663241226257795,2725,0,,,,23.51068,0.05622,1
1785663241248878651,2726,1,0.039216,549.500,201.500,23.39494,-1.32120,0
1785663241266683263,2727,0,,,,23.37142,-1.32120,1
1785663241288083506,2728,1,0.035294,553.500,195.500,23.39585,-0.74558,0
1785663241307942598,2729,1,0.031373,555.500,201.500,23.45297,0.05825,0
1785663241327903772,2730,1,0.054902,560.500,198.500,23.58809,1.63692,0
1785663241347967029,2731,1,0.066667,552.500,193.500,23.55273,0.79487,0
1785663241366410093,2732,0,0.066667,552.500,193.500,23.56739,0.79487,1
1785663241387844461,2733,1,0.035294,555.500,194.500,23.57612,0.69714,0
1785663241406575106,2734,0,,,,23.58918,0.69714,1
1785663241426424281,2735,0,,,,23.60302,0.69714,1
1785663241446470329,2736,0,,,,23.61699,0.69714,1
1785663241466546710,2737,0,,,,,,0
1785663241486140388,2738,0,,,,,,0
1785663241509776234,2739,0,,,,,,0
1785663241527447264,2740,1,0.043137,553.500,201.500,23.46271,0.00000,0
1785663241547961433,2741,1,0.050980,557.500,196.500,23.60221,5.07725,0
1785663241566435122,2742,0,0.050980,557.500,196.500,23.69601,5.07725,1
1785663241588572691,2743,1,0.082353,560.500,198.500,23.95488,7.79411,0
1785663241611717083,2744,1,0.039216,552.500,193.500,23.78340,2.46723,0
1785663241631824672,2745,1,0.031373,553.500,201.500,23.65908,0.06642,0
1785663241651961428,2746,1,0.082353,555.500,192.500,23.60871,-0.61303,0
1785663241671764812,2747,1,0.039216,556.500,192.500,23.59067,-0.68883,0
1785663241692130815,2748,1,0.047059,548.500,201.500,23.42807,-2.57980,0
1785663241713286061,2749,1,0.031373,555.500,201.500,23.42513,-1.92361,0
1785663241731027966,2750,0,,,,23.39100,-1.92361,1
1785663241752575790,2751,0,,,,23.34955,-1.92361,1
1785663241770045865,2752,0,,,,23.31595,-1.92361,1
1785663241791751188,2753,1,0.047059,555.500,192.500,23.44462,-0.31025,0
1785663241810164211,2754,0,,,,23.43890,-0.31025,1
1785663241830396924,2755,0,,,,23.43263,-0.31025,1
1785663241850335640,2756,0,,,,23.42644,-0.31025,1
1785663241871907673,2757,1,0.058824,554.500,193.500,23.48241,0.21276,0
1785663241893156542,2758,1,0.047059,555.500,193.500,23.52359,0.55883,0
1785663241911986061,2759,1,0.031373,554.500,194.500,23.52736,0.48483,0
1785663241930269877,2760,1,0.062745,553.500,195.500,23.51094,0.17645,0
1785663241951826744,2761,1,0.031373,555.500,200.500,23.53069,0.38273,0
1785663241970614555,2762,0,0.031373,555.500,200.500,23.53788,0.38273,1
1785663241991876257,2763,1,0.031373,549.500,201.500,23.41305,-1.21380,0
1785663242010402446,2764,0,0.031373,549.500,201.500,23.39056,-1.21380,1
1785663242032327392,2765,1,0.062745,555.500,195.500,23.45696,-0.19583,0
1785663242050389544,2766,0,0.062745,555.500,195.500,23.45342,-0.19583,1
1785663242072625403,2767,1,0.062745,554.500,200.500,23.47997,0.12967,0
1785663242090274267,2768,0,0.062745,554.500,200.500,23.48226,0.12967,1
1785663242113645032,2769,1,0.043137,554.500,200.500,23.49942,0.27762,0
1785663242134138492,2770,1,0.043137,554.500,201.500,23.50830,0.31294,0
1785663242152417642,2771,1,0.035294,553.500,200.500,23.49493,0.08702,0
1785663242170321712,2772,0,0.035294,553.500,200.500,23.49649,0.08702,1
1785663242192469489,2773,1,0.043137,553.500,200.500,23.48076,-0.11925,0
1785663242212829659,2774,1,0.156863,555.500,196.500,23.51064,0.26160,0
1785663242235833177,2775,1,0.047059,553.500,201.500,23.49533,0.00170,0
1785663242255848893,2776,1,0.050980,553.500,192.500,23.48269,-0.15695,0
1785663242281210721,2777,1,0.035294,556.500,196.500,23.52857,0.47912,0
1785663242294527378,2778,0,0.035294,556.500,196.500,23.53495,0.47912,1
1785663242314479219,2779,1,0.035294,555.500,193.500,23.55636,0.62151,0
1785663242336968951,2780,0,,,,23.57034,0.62151,1
1785663242354321193,2781,0,,,,23.58113,0.62151,1
1785663242376065308,2782,0,,,,23.59464,0.62151,1
1785663242394226042,2783,1,0.047059,551.500,204.500,23.45262,-0.77002,0
1785663242414343548,2784,1,0.035294,554.500,203.500,23.45739,-0.57459,0
1785663242436029329,2785,1,0.039216,550.500,203.500,23.38329,-1.24957,0
1785663242454509435,2786,1,0.035294,553.500,199.500,23.38182,-0.99004,0
1785663242474409652,2787,1,0.050980,553.500,195.500,23.38798,-0.66133,0
1785663242494392700,2788,1,0.058824,553.500,195.500,23.40028,-0.32976,0
1785663242514396166,2789,1,0.031373,554.500,201.500,23.43387,0.19387,0
1785663242534736795,2790,1,0.039216,549.500,202.500,23.37862,-0.57375,0
1785663242554487096,2791,0,0.039216,549.500,202.500,23.36729,-0.57375,1
1785663242574450603,2792,1,0.043137,555.500,201.500,23.44599,0.49265,0
1785663242594653275,2793,1,0.062745,549.500,201.500,23.38837,-0.29820,0
1785663242614606282,2794,1,0.109804,556.500,193.500,23.46779,0.72570,0
1785663242634551123,2795,1,0.047059,553.500,201.500,23.48611,0.77324,0
1785663242654435007,2796,1,0.035294,556.500,195.500,23.55145,1.40446,0
1785663242674918842,2797,0,,,,23.58022,1.40446,1
1785663242694769476,2798,1,0.035294,554.500,201.500,23.58425,1.12270,0
1785663242715089105,2799,1,0.062745,555.500,197.500,23.60187,1.06184,0
1785663242735579357,2800,1,0.054902,554.500,201.500,23.59183,0.67906,0
1785663242754952537,2801,1,0.078431,554.500,194.500,23.57650,0.32618,0
1785663242776716818,2802,1,0.047059,553.500,201.500,23.53908,-0.23766,0
1785663242795109133,2803,1,0.105882,560.500,194.500,23.62417,0.90815,0
1785663242814927100,2804,1,0.039216,554.500,201.500,23.60165,0.38694,0
1785663242834613235,2805,1,0.054902,553.500,195.500,23.55754,-0.27872,0
1785663242854983322,2806,1,0.039216,554.500,201.500,23.52889,-0.57374,0
1785663242878478585,2807,1,0.043137,549.500,201.500,23.40850,-1.94422,0
1785663242898576258,2808,1,0.035294,552.500,193.500,23.35589,-2.11778,0
1785663242918320143,2809,1,0.058824,547.500,200.500,23.23387,-3.14568,0
1785663242938506190,2810,1,0.047059,559.500,198.500,23.34491,-0.90982,0
1785663242958473197,2811,0,,,,23.32675,-0.90982,1
1785663242978534704,2812,1,0.050980,556.500,196.500,23.44011,0.64059,0
1785663242998483628,2813,1,0.039216,560.500,198.500,23.60851,2.45991,0
1785663243018255804,2814,1,0.074510,554.500,196.500,23.63521,2.19681,0
1785663243039825212,2815,1,0.101961,560.500,197.500,23.75607,3.10649,0
1785663243058341484,2816,1,0.047059,553.500,198.500,23.72340,1.96574,0
1785663243078542989,2817,0,,,,23.76311,1.96574,1
1785663243098320123,2818,1,0.043137,554.500,203.500,23.68822,0.61918,0
1785663243118358296,2819,1,0.035294,554.500,201.500,23.62312,-0.29128,0
1785663243138311721,2820,1,0.062745,559.500,199.500,23.65989,0.22125,0
1785663243158392185,2821,0,0.062745,559.500,199.500,23.66433,0.22125,1
1785663243178558691,2822,0,,,,23.66879,0.22125,1
1785663243199683270,2823,0,,,,23.67347,0.22125,1
1785663243218357624,2824,1,0.047059,549.500,201.500,23.40360,-2.36542,0
1785663243238523546,2825,1,0.078431,555.500,194.500,23.40949,-1.83491,0
1785663243258574260,2826,1,0.054902,554.500,200.500,23.39910,-1.54465,0
1785663243278584434,2827,1,0.039216,553.500,201.500,23.38165,-1.38278,0
1785663243302604734,2828,0,,,,23.34844,-1.38278,1
1785663243318658781,2829,1,0.031373,549.500,201.500,23.27735,-1.96816,0
1785663243340397937,2830,1,0.035294,554.500,200.500,23.32748,-0.86538,0
1785663243358736003,2831,1,0.050980,547.500,202.500,23.25057,-1.60596,0
1785663243378789342,2832,1,0.050980,557.500,199.500,23.36467,0.21629,0
1785663243399045097,2833,1,0.054902,559.500,198.500,23.51681,2.09062,0
1785663243419057312,2834,0,,,,23.55864,2.09062,1
1785663243438696240,2835,1,0.054902,553.500,195.500,23.57227,1.76627,0
1785663243458995452,2836,1,0.054902,553.500,201.500,23.57379,1.36341,0
1785663243478974126,2837,1,0.062745,545.500,201.500,23.41796,-0.83841,0
1785663243507911585,2838,1,0.047059,549.500,201.500,23.33382,-1.58828,0
1785663243530994144,2839,1,0.031373,555.500,193.500,23.39659,-0.31806,0
1785663243558085413,2840,1,0.047059,554.500,201.500,23.44039,0.35463,0
1785663243589753094,2841,1,0.031373,554.500,194.500,23.48688,0.80561,0
1785663243612455449,2842,0,,,,23.50517,0.80561,1
1785663243630126688,2843,0,,,,23.51941,0.80561,1
1785663243651130560,2844,1,0.039216,556.500,200.500,23.59764,1.44061,0
1785663243671030777,2845,1,0.047059,553.500,195.500,23.57340,0.88221,0
1785663243690956659,2846,1,0.050980,554.500,202.500,23.56877,0.63024,0
1785663243710920750,2847,1,0.070588,553.500,201.500,23.54245,0.15837,0
1785663243730865299,2848,1,0.043137,553.500,201.500,23.51447,-0.23530,0
1785663243751303344,2849,1,0.047059,557.500,196.500,23.55799,0.38725,0
1785663243771153102,2850,0,,,,23.56567,0.38725,1
1785663243790913612,2851,1,0.043137,554.500,201.500,23.54597,0.06185,0
1785663243810671496,2852,1,0.043137,551.500,203.500,23.46970,-0.84972,0
1785663243834349925,2853,1,0.050980,554.500,196.500,23.45900,-0.73607,0
1785663243854164684,2854,1,0.082353,556.500,194.500,23.49435,-0.11592,0
1785663243874336147,2855,1,0.066667,553.500,201.500,23.47802,-0.29327,0
1785663243894133990,2856,1,0.035294,553.500,201.500,23.46358,-0.40381,0
1785663243914321495,2857,1,0.047059,555.500,194.500,23.49119,0.05589,0
1785663243934328752,2858,0,0.047059,555.500,194.500,23.49231,0.05589,1
1785663243954415633,2859,1,0.031373,553.500,201.500,23.47839,-0.12177,0
1785663243974168268,2860,1,0.109804,553.500,195.500,23.46851,-0.20929,0
1785663243994260399,2861,1,0.058824,556.500,192.500,23.51649,0.41718,0
1785663244014416696,2862,1,0.035294,548.500,197.500,23.41765,-0.90931,0
1785663244034426286,2863,1,0.047059,547.500,202.500,23.30478,-2.10609,0
1785663244054284503,2864,0,,,,23.26295,-2.10609,1
1785663244074269010,2865,1,0.062745,560.500,196.500,23.46342,0.75997,0
1785663244094604972,2866,1,0.094118,556.500,196.500,23.54589,1.54648,0
1785663244114263983,2867,1,0.039216,549.500,201.500,23.48091,0.39862,0
1785663244134547154,2868,1,0.039216,555.500,201.500,23.51717,0.74775,0
1785663244154537494,2869,0,0.039216,555.500,201.500,23.53211,0.74775,1
1785663244174728791,2870,0,,,,23.54721,0.74775,1
1785663244195163044,2871,1,0.047059,548.500,201.500,23.38009,-1.17788,0
1785663244214763430,2872,1,0.043137,549.500,201.500,23.30041,-1.78486,0
1785663244237731824,2873,0,,,,23.25941,-1.78486,1
1785663244254774611,2874,1,0.039216,553.500,195.500,23.31881,-0.79313,0
1785663244274761743,2875,1,0.094118,553.500,206.500,23.36251,-0.11664,0
1785663244294729917,2876,1,0.039216,553.500,201.500,23.40175,0.37976,0
1785663244315061212,2877,1,0.035294,548.500,201.500,23.34832,-0.38127,0
1785663244334652265,2878,1,0.098039,555.500,194.500,23.41978,0.62437,0
1785663244357965656,2879,0,,,,23.43434,0.62437,1
1785663244376961048,2880,1,0.039216,554.500,201.500,23.49289,1.17778,0
1785663244394896409,2881,1,0.058824,555.500,194.500,23.55071,1.60891,0
1785663244416088112,2882,0,,,,23.58480,1.60891,1
1785663244434643759,2883,0,,,,23.61466,1.60891,1
1785663244454620683,2884,1,0.070588,553.500,201.500,23.56857,0.80469,0
1785663244478532734,2885,1,0.047059,558.500,194.500,23.65423,1.50987,0
1785663244498597449,2886,1,0.082353,557.500,196.500,23.69326,1.61000,0
1785663244518476665,2887,1,0.031373,555.500,201.500,23.66522,0.87569,0
1785663244538390882,2888,0,0.031373,555.500,201.500,23.68266,0.87569,1
1785663244558470180,2889,1,0.031373,556.500,193.500,23.66314,0.43716,0
1785663244578278522,2890,0,,,,23.67180,0.43716,1
1785663244604765297,2891,0,,,,23.68337,0.43716,1
1785663244618555742,2892,1,0.050980,553.500,194.500,23.55019,-0.96823,0
1785663244638532082,2893,1,0.054902,555.500,201.500,23.52377,-1.04217,0
1785663244658330800,2894,0,,,,23.50314,-1.04217,1
1785663244678492638,2895,1,0.070588,552.500,195.500,23.42571,-1.65800,0
1785663244698156024,2896,1,0.152941,555.500,194.500,23.43567,-1.17499,0
1785663244718032324,2897,1,0.074510,549.500,201.500,23.34042,-2.03674,0
1785663244738156246,2898,1,0.062745,553.500,201.500,23.33302,-1.61704,0
1785663244766663585,2899,0,,,,23.28692,-1.61704,1
1785663244792665823,2900,1,0.050980,554.500,203.500,23.37934,-0.07298,0
1785663244811716131,2901,1,0.050980,555.500,201.500,23.46121,0.89489,0
1785663244831758096,2902,1,0.031373,549.500,201.500,23.40316,-0.02384,0
1785663244851726854,2903,1,0.054902,553.500,201.500,23.42771,0.28905,0
1785663244871691236,2904,1,0.066667,545.500,201.500,23.30505,-1.34935,0
1785663244891835283,2905,1,0.070588,555.500,195.500,23.37853,-0.05466,0
1785663244910083516,2906,0,,,,23.37753,-0.05466,1
1785663244931717382,2907,1,0.066667,556.500,193.500,23.49131,1.30321,0
1785663244951782388,2908,1,0.039216,556.500,196.500,23.56476,1.85870,0
1785663244971602106,2909,1,0.031373,555.500,201.500,23.59512,1.78062,0
1785663244991758986,2910,1,0.066667,556.500,196.500,23.63069,1.77673,0
1785663245011864534,2911,1,0.062745,553.500,201.500,23.59828,0.91427,0
1785663245032393577,2912,0,0.062745,553.500,201.500,23.61705,0.91427,1
1785663245051712799,2913,1,0.062745,554.500,201.500,23.57648,0.22524,0
1785663245073742078,2914,0,,,,23.58144,0.22524,1
1785663245093650169,2915,0,,,,23.58593,0.22524,1
1785663245110908287,2916,0,,,,23.58981,0.22524,1
1785663245130257551,2917,1,0.035294,556.500,196.500,23.59754,0.25565,0
1785663245150289891,2918,0,0.035294,556.500,196.500,23.60266,0.25565,1
